doc_id,text,summary,set,model,year,n_doc_sent,n_sum_sent,compression,coverage,redundancy,diversity
43646425,นทำประกันหักผ่านบัตรเครดิต แต่เวลาจะยกเลิกให้หักผ่านบัตรไม่สามารถแจ้งทางบัตรเครดิตให้ยกเลิกหักได้ต้องไปแจ้งที่ประกัน ทำประกันชีวิตโดยหักผ่านบัตรเครดิต.วันนี้อยากจะยกเลิกไม่ให้หักผ่านบัตร จึงโทรไปที่บัตรเครดิต แจ้งว่าขอยกเลิกการหักประกันผ่านบัตร ทางเจ้าหน้าที่แจ้งว่า ให้โทรไปที่ประกัน เลยงงนิดนึงว่าทำไมเจ้าของบัตรไม่มีสิทธิ์บอกให้เลิกหักเงินได้ครับ,"ผู้ร้องเรียนทำประกันชีวิตโดยระบุให้หักเงินผ่านบัตรเครดิต
เมื่อต้องการยกเลิกการหักเงิน พบว่าต้องติดต่อบริษัทประกันโดยตรง ไม่สามารถแจ้งยกเลิกผ่านธนาคารหรือบริษัทบัตรเครดิตได้
ผู้ร้องเรียนสอบถามไปยังเจ้าหน้าที่บัตรเครดิต ซึ่งแนะนำให้ติดต่อประกันแทน
จึงรู้สึกสับสนว่าเจ้าของบัตรไม่มีสิทธิ์ควบคุมการหักเงินเองได้",test,Hybrid,2025,4,4,1.0,0.5799511075019836,0.4864218632380167,0.5135781367619833
43566597,ยกเลิก เปลี่ยนแปลง กรมธรรม์กรุงไทยแอกซ่า อยากทราบว่าเราสามารถยกเลิกหรือเปลี่ยนกรมธรรม์ได้ด้วยวิธีไหนบ้างครับ แล้วยกเลิกความคุ้มครองแค่บางอย่างในกรมธรรม์ได้ไหม เช่น ตอนนี้ทำ 12PL52 ไว้ กับ MEA54 ยกเลิกแค่ตัว MEA54 ได้รึเปล่า,"ผู้ร้องขอสอบถามวิธีการยกเลิกหรือเปลี่ยนแปลงกรมธรรม์ประกันภัยจากบริษัทกรุงไทยแอกซ่า
ต้องการทราบว่าสามารถยกเลิกความคุ้มครองบางส่วนในกรมธรรม์ได้หรือไม่
โดยเฉพาะกรณีที่มีกรมธรรม์ 12PL52 และ MEA54 พร้อมกัน
จึงสอบถามว่าสามารถยกเลิกเฉพาะส่วน MEA54 ได้หรือไม่",test,Hybrid,2025,3,4,0.75,0.5334323048591614,0.4784719149271647,0.5215280850728353
43574951,ทำประกันผ่าน rabbit care จะยกเลิกตรงกับประกันได้ไหม ของ กรุงเทพประกันภัย พอดีทำประกันรถยนต์แล้วจะขอยกเลิกเนื่องจากไม่เอารถคันนั้นแล้ว แต่จะยกเลิก ตอนนี้ rabbit care ไม่ตอบกลับเลย จะยกเลิกโดยตรงผ่าน กรุงเทพประกันภัยได้ไหม ขอช่องมทางการติดต่อหน่อย และถามเพิ่มเติมมีเจ้าไหนแนะนำบ้าง ว่าจะทำประกันรถอีกคันตอนนี้ rabbit care พอเลย,"ผู้ร้องเรียนสอบถามว่าสามารถยกเลิกกรมธรรม์ประกันรถยนต์ที่ทำไว้กับกรุงเทพประกันภัยได้หรือไม่ หากต้องการเปลี่ยนไปใช้บริการของ rabbit care
ปัจจุบัน rabbit care ไม่ตอบกลับข้อความ ทำให้ไม่ทราบแนวทางการดำเนินการยกเลิกกรมธรรม์
ผู้ร้องเรียนจึงสอบถามว่าสามารถดำเนินการยกเลิกโดยตรงกับกรุงเทพประกันภัยได้หรือไม่ และขอช่องทางติดต่อที่ชัดเจน
นอกจากนี้ ยังสอบถามคำแนะนำจากแหล่งอื่นในการทำประกันรถยนต์คันใหม่ เนื่องจากเห็นว่า rabbit care อาจไม่เหมาะสมในขณะนี้",test,Hybrid,2025,5,4,1.25,0.5910800695419312,0.6333380540211995,0.3666619459788005
42959510,ประกันสุขภาพ ต้องการยกเลิกประกันของไทยพานิชย์เดือนละ370฿กับเดือนละ461฿ ค่ะ,"ผู้ร้องขอต้องการยกเลิกกรมธรรม์ประกันสุขภาพที่ชำระเบี้ยรายเดือน
มีสองกรมธรรม์ที่ต้องการยกเลิก ได้แก่ เบี้ย 370 บาท และ 461 บาทต่อเดือน
ไม่มีรายละเอียดเพิ่มเติมเกี่ยวกับเหตุผลในการยกเลิก
ข้อมูลที่ระบุมายังไม่มีการยืนยันหรือตรวจสอบเพิ่มเติม",test,Hybrid,2024,1,4,0.25,0.7657477855682373,0.414692481358846,0.585307518641154
41827288,มีใครเคยซื้อประกันสุขภาพของสินมั่นคงผ่านทางธนาคารธกส เมื่อปี65 มั้ยคะ เรื่องมีอยู่ว่า เมื่อวันที่28 2 65 เราและลูกสาวได้ตกลงซื้อประกันแผนคุ้มค่า3 ของสินมั่นคงผ่านธนาคารธกส บางกรวย ยังไม่ได้เคลมใดๆทั้งสิ้น วันนี้ได้รับจดหมายจากสินมั่นคงว่า ขอยกเลิกการขายประกันแผนนี้ทั้งผู้เอาประกันใหม่และต่ออายุ โดยมีผล 6 ตุลาคม 64 เอาละซิ งงมั้ยคะ ยกเลิกปี64 ธนาคารธกสมาขายได้ โดยทางหัวหน้าของแผนกนี้จากสินมั่นคงเค้าบอกว่าสำหรับธกสเค้าให้ถึงเดือน6ปี65 งงมั้ยคะ เท่ากะเราโดนหลอกซื้อประกันที่ยกเลิกขาย โดยธนาคารธกส บางกรวย,"ผู้ร้องเรียนระบุว่าได้ซื้อประกันสุขภาพแผนคุ้มค่า3 ของสินมั่นคงผ่านธนาคารธกส ในปี 2565
แต่เมื่อวันที่ 28 กุมภาพันธ์ 2565 ได้รับจดหมายแจ้งยกเลิกการขายประกันตั้งแต่วันที่ 6 ตุลาคม 2564
ซึ่งขัดแย้งกับข้อมูลจากเจ้าหน้าที่สินมั่นคงที่ระบุว่า ธกส. ยังสามารถขายแผนดังกล่าวได้จนถึงเดือนมิถุนายน 2565
ผู้ร้องเรียนรู้สึกสับสนและเชื่อว่าถูกขายประกันที่อยู่ในสถานะยกเลิกแล้ว",test,Hybrid,2023,6,4,1.5,0.6633426547050476,0.5407744646072388,0.4592255353927612
42665678,ติดต่อยกเลิกสยามสไมล์ จะยกเลิกได้ยังไงคะ ทำประกันไว้ตอนทำงาน ไม่เคลมให้ ไม่อะไรเลย เคยติดต่อไปแล้วบอกจะยกเลิกให้ก็ไม่ทำให้ค่ะ จะตัดเงินในบัญชีตลอด,"ผู้ร้องเรียนต้องการยกเลิกกรมธรรม์ประกันภัยที่ซื้อผ่านบริษัทสยามสไมล์
ระบุว่าเคยติดต่อขอยกเลิกแต่ไม่ได้รับการดำเนินการตามที่承诺
ยังคงมีการหักเงินจากบัญชีโดยไม่มีการเคลมหรือแจ้งเตือนใดๆ
ผู้ร้องเรียนกังวลว่าจะถูกหักเงินต่อเนื่องโดยไม่มีเหตุผล",test,Hybrid,2024,4,4,1.0,0.3846090137958526,0.4994644323984781,0.5005355676015218
42136513,ยกเลิกประกัน AIA คือเราอยากยกเลิกประกัน AIA ค่ะ เพราะมีค่าใช้จ่ายเยอะขึ้นเลยจ่ายประกันไม่ไหว เราเลยไม่จ่าย และไปขอยกเลิกกับตัวแทน แต่เขาไม่ยอมยกเลิก คือตัวแทนเป็นผู้จัดการที่ทำงานเดิมเราเองค่ะ เขาก็ตื๊อเราตลอด บอกจะจ่ายแทนให้บ้าง ทั้งโทรจิ๊ก ทั้งทักเฟสหา จะทำยังไงเราก็ไม่อยากทำประกันแล้วอะค่ะ ยกเลิกกับบริษัทโดยตรงทำไงคะ,"ผู้ร้องขอต้องการยกเลิกกรมธรรม์ประกันภัยจาก AIA เนื่องจากมีค่าใช้จ่ายเพิ่มขึ้นจนจ่ายไม่ไหว
ผู้ร้องได้แจ้งตัวแทนที่ดูแลเพื่อยกเลิก แต่ตัวแทนปฏิเสธและพยายามโน้มน้าวให้คงไว้
ตัวแทนยังคงติดต่อผ่านโทรศัพท์และช่องทางออนไลน์อย่างต่อเนื่อง แม้ผู้ร้องยืนยันไม่ประสงค์จะทำประกันอีก
ผู้ร้องจึงสอบถามวิธีการยกเลิกกรมธรรม์โดยตรงกับบริษัท AIA",test,Hybrid,2023,4,4,1.0,0.5555015802383423,0.5674614111582438,0.4325385888417562
42290590,อยากจะยกเลิกประกันอุบัติเหตุของบ.กรุงเทพประกันภัย ที่ผ่านโบรกเกอร์ tqm อยากจะยกเลิกประกันอุบัติเหตุของบ.กรุงเทพประกันภัย ที่ผ่านโบรกเกอร์ tqm ผมส่งไปได้แค่3เดือนครับ ผมจึงอยากทราบว่า ถ้าขอยกเลิกไปแล้ว จะได้เงินคืนไหมครับ,"ผู้ร้องขอต้องการยกเลิกกรมธรรม์ประกันอุบัติเหตุที่ซื้อผ่านโบรกเกอร์ TQM กับบริษัทกรุงเทพประกันภัย
กรมธรรม์ดังกล่าวใช้งานมาเพียง 3 เดือนเท่านั้น
ผู้ร้องขอสอบถามถึงเงื่อนไขการคืนเบี้ยประกันหากยกเลิกก่อนครบกำหนด
ต้องการทราบว่าจะได้รับเงินคืนหรือไม่ภายหลังการยกเลิก",test,Hybrid,2023,5,4,1.25,0.4475952982902527,0.4256095886230469,0.5743904113769531
42740719,สอบถามยกเลิกประกันเงินฝาก I shield20 ของกรุงไทย ต้องการยกเลิก ishield 20 สมัครไป กค 2566 ถ้ายกเลิกจะได้เงินคืนไหม โทรไปถามคอลเซนเตอร์บอกไปโหลดเอกสารคำร้องในเว็บ แต่หาไม่เจอเลย,"ผู้ร้องขอสอบถามขั้นตอนการยกเลิกกรมธรรม์ประกันเงินฝาก I Shield20 ของธนาคารกรุงไทย
ระบุว่าได้สมัครเมื่อเดือนตุลาคม 2566 และต้องการทราบว่าหากยกเลิกจะได้รับเงินคืนหรือไม่
ได้ติดต่อคอลเซ็นเตอร์ซึ่งแนะนำให้ดาวน์โหลดเอกสารคำร้องจากเว็บไซต์ แต่ไม่สามารถค้นพบเอกสารดังกล่าวได้
ผู้ร้องขอจึงต้องการความช่วยเหลือในการเข้าถึงเอกสารหรือข้อมูลที่เกี่ยวข้องเพื่อดำเนินการยกเลิก",test,Hybrid,2024,3,4,0.75,0.7179113030433655,0.5302404165267944,0.4697595834732055
42660160,ยกเลิกประกันชีวิตดีไหมครับ สมัยทำงานแรกๆ เคยซื้อประกันชีวิตไว้ให้พ่อ เป็นแบบ 85 20 ส่งเบี้ย 6998 เป็นเวลา 20 ปี คุ้มครองกรณีเสียชีวิตจะได้ 10000 บาท ส่งประกันไปแล้ว 7 ปี ล่าสุดกลับไปบ้านเมื่อสงกรานต์ จัดบ้านแล้วเจอกรมธรรม์เลยเอามาอ่านดู ก็แปลกใจตัวเองว่าทำไมตอนนั้นถึงซื้อ เพราะว่าประกันจะส่งเบี้ยไปทั้งหมดเกือบ 1.4 แสน แต่ว่าถ้าเสียชีวิตจะได้ 1 แสน ยิ่งส่งไปนานๆก็เหมือนจะยิ่งขาดทุน อันนี้เป็นตารางเบี้ยที่จ่ายไปกับเงินค่าเวนคืน ผมเข้าใจอะไรเกี่ยวกับประกันผิดไหมครับ หรือว่าผมควรเวนคืนประกันของพ่อไหม,"ผู้ร้องเรียนเคยซื้อกรมธรรม์ประกันชีวิตให้พ่อเมื่อ 20 ปีก่อน โดยชำระเบี้ยรายปี 6,998 บาท เป็นระยะเวลา 20 ปี
กรมธรรม์มีวงเงินคุ้มครองกรณีเสียชีวิตเพียง 100,000 บาท และมีค่าเวนคืนที่ต่ำกว่าเบี้ยที่จ่ายสะสมเกือบ 140,000 บาท
ผู้ร้องเรียนรู้สึกว่าการจ่ายเบี้ยในระยะยาวแล้วได้รับผลตอบแทนต่ำกว่าที่คาดหวัง และเริ่มตั้งคำถามถึงความคุ้มค่าของกรมธรรม์นี้
เขาจึงสอบถามว่าควรดำเนินการเวนคืนกรมธรรม์หรือไม่ โดยต้องการคำแนะนำเกี่ยวกับความเข้าใจในผลประโยชน์ของประกันฉบับนี้",test,Hybrid,2024,5,4,1.25,0.727838933467865,0.5991803010304768,0.4008196989695232
43044586,มีเบอร์ 02 054 9303 โทรมาแจ้งว่าเราได้ประกันจากบัตรเครดิต KTC มีเจ้าหน้าที่จากเบอร์ 02 054 9303 โทรมาแจ้ง ขอเวลาสั้นๆ 1 นาที ว่าได้รับประกันฟรีจำไม่ได้ว่ากี่วันจากบัตรเครดิต KTC ที่เพิ่งสมัครไป แบบนี้ถ้าหมดวันรับประกัน จะโดนหักค่าประกันอัตโนมัติเพิ่มเติมไหมคะ หรือถ้าจะขอยกเลิก จะสามารถยกเลิกได้ทางไหนบ้างคะ กลัวอนาคตจะโดนหักทางบัตรเครดิตอัตโนมัติค่ะ,"มีเจ้าหน้าที่จากเบอร์ 02 054 9303 โทรมาแจ้งว่าผู้ร้องได้รับบริการประกันฟรีจากรายการสมัครบัตรเครดิต KTC
สอบถามเกี่ยวกับระยะเวลาของบริการประกันฟรี และความเป็นไปได้ที่จะถูกหักค่าใช้จ่ายเพิ่มเติมหากหมดอายุ
กังวลว่าหากไม่ดำเนินการยกเลิกอาจถูกหักเงินอัตโนมัติผ่านบัตรเครดิตในอนาคต
สอบถามช่องทางในการยกเลิกบริการประกันอย่างไรให้ปลอดภัยและชัดเจน",test,Hybrid,2024,4,4,1.0,0.6479813456535339,0.4145675897598266,0.5854324102401733
43652575,Chubb ประกันภัย จะยกเลิกประกัน ส่งหลักฐานโทรไปยกเลิกตั้งแต่24 กรกฎาคม 2568 บอกว่าไม่ต้องการรับการคุ้มครอง พนักงานก็บอกส่งหลักฐานจะโอนเงินส่วนนั้นคืนแต่ผ่านมาตั้งหลายวันยังไม่ได้เงินคืน ตอนสมัครโดนส่งลิงก์มาให้เราโอนด้วยความไม่เต็มใจ บวกกับเราสับสนกับประกันที่มีอยู่เลยโอนไปสรุปเหมือนโดนหลอกให้โอนเงินสอบถามรายละเอียดข้อมูลประกันก็ไม่มี AK3TH005702 ณัฐติยา จะยกเลิกประกัน กรุณายกเลิกและคืนเงินโดยด่วน,"บริษัท Chubb ประกันภัย แจ้งว่าจะยกเลิกกรมธรรม์ประกันภัยตามคำร้องขอของลูกค้า
ลูกค้าได้ส่งหลักฐานการยกเลิกทางโทรศัพท์เมื่อวันที่ 24 กรกฎาคม 2568 และได้รับคำยืนยันว่าจะมีการคืนเงิน
อย่างไรก็ตาม ผ่านมาหลายวันแล้วแต่ยังไม่ได้รับเงินคืนแม้จะมีการโอนเงินเข้ามาภายใต้ความไม่เต็มใจและสับสนในขั้นตอน
ลูกค้าขอให้ดำเนินการยกเลิกกรมธรรม์เลข AK3TH005702 และคืนเงินโดยด่วน",test,Hybrid,2025,5,4,1.25,0.5699487328529358,0.6050782203674316,0.3949217796325683
42967323,เคลมประกัน AIA ไม่ได้ต้องทำไงคะ สอบถามผู้ปกครองที่ทำAIAแล้วเคลมไม่ได้ค่ะ พอทำเรื่องยื่นเคลมครั้งที่2ก็โดนปฎิเสธสาเหตุที่ปฏิเสธคือทางAIAแจ้งว่า น้องเคยเป็นโรคที่เป็น ณ ปัจจุบัน คือ rsv แต่น้องไม่เคยเป็นมาก่อนทำ AIA พึ่งมาเป็นครั่งแรกเมื่อปลายเดือน สิงหาคม แล้วเคลมไม่ได้ พอถาม AIA ไปว่าทีสืบมา รพ ไหน วันไหน เขาก็ไม่ตอบ กำลังยื่นเรื่องเคลมใหม่ครั่งที่3ค่ะ และคาดว่าจะเข้าไปขอดูหลักฐานที่สำนักงานAIAใหญ่ค่ะ ถ้าโดนปฏิเสธอีกแบบนี้ต้องทำไงคะ,"ผู้ร้องเรียนยื่นขอเคลมประกันจาก AIA ครั้งที่สาม หลังจากถูกปฏิเสธสองครั้งก่อนหน้า
การปฏิเสธครั้งล่าสุดอ้างว่าน้องเคยมีประวัติเป็นโรค RSv ซึ่งผู้ร้องยืนยันว่าไม่เคยมีมาก่อน
เมื่อสอบถามแหล่งที่มาของข้อมูลทาง AIA ไม่ให้ข้อมูลหรือชี้แจงรายละเอียดเพิ่มเติม
ผู้ร้องกำลังเตรียมเข้าพบสำนักงานใหญ่เพื่อขอตรวจสอบหลักฐานและวางแผนดำเนินการต่อไป",test,Hybrid,2024,6,4,1.5,0.5959094166755676,0.4904709259668985,0.5095290740331014
43673992,ยกเลิกกรมธรรม์ต้องส่งเล่มคืนไหม คือเราติดต่อเจ้าหน้าที่เรื่องยกเลิกกรมธรรม์ช่วง free look ไปจนท.บอกว่าไม่ต้องคืนเล่มกรมธรรม์ ส่งแค่สำเนาบัตรปชช.กับสำเนาหน้าบัญชีธนาคาร และจะมีการหักค่าเอกสาร 500. เลยสงสียว่าไม่ต้องส่งเล่มคืนหรอคะ แต่ทำไมบางคนถึงบอกว่าให้ส่งเล่มคืนด้วย,"ผู้ร้องเรียนสอบถามเกี่ยวกับขั้นตอนการยกเลิกกรมธรรม์ในช่วง free look ว่าต้องส่งเล่มกรมธรรม์คืนหรือไม่
เจ้าหน้าที่แจ้งว่าไม่จำเป็นต้องส่งเล่มคืน เพียงส่งสำเนาบัตรประชาชนและสำเนาหน้าบัญชีธนาคาร
พร้อมระบุว่าจะมีการหักค่าเอกสารจำนวน 500 บาทจากการคืนเงิน
ผู้ร้องเรียนสังเกตเห็นความไม่สอดคล้องกับคำแนะนำจากผู้อื่นที่กล่าวว่าต้องส่งเล่มคืน",test,Hybrid,2025,6,4,1.5,0.4550111591815948,0.5336079597473145,0.4663920402526855
43673122,ร้องเรียนประกันของChubbได้ที่ไหนบ้าง ได้ทำการยกเลิกได้ทำการยกเลิกประกันไปแล้วหนึ่งเดือนแต่ทางประกันยังหัก แบบนี้แย่มากมีเซลล์ติดต่อกลับมาเงื่อนไขการยกเลิกเค้าแจ้งกับผมว่าจะไม่มีการหักเงินสมัครได้ประมาณหนึ่งอาทิตย์ผมยกเลิกไปแล้วและทางเซลล์ก็คุยกันเรียบร้อยแล้วยังหักยอด 370 แบบนี้แย่มากครับสามารถร้องเรียนได้ที่ไหนบ้าง Chubb Thailand,"ผู้ร้องเรียนยกเลิกกรมธรรม์ประกันจาก Chubb ไปแล้วหนึ่งเดือน
แต่ยังถูกหักเงินจำนวน 370 บาท ทั้งที่เซลล์ติดต่อแจ้งว่าจะไม่มีการหักเงินหลังยกเลิก
ผู้ร้องเรียนระบุว่ามีการพูดคุยและยืนยันเรื่องการยกเลิกกับเจ้าหน้าที่เรียบร้อยแล้ว
จึงขอสอบถามช่องทางในการร้องเรียนต่อ Chubb Thailand เพิ่มเติม",test,Hybrid,2025,3,4,0.75,0.7698574066162109,0.5026963551839192,0.4973036448160808
43215909,โดนประกันยกเลิก ซึ่งจ่ายค่าเบี้ยผ่านบัตรเครดิต ต้องแจ้งบ.บัตรเครดิตมั้ย สวัสดีค่ะ พอดีเราสมัครประกันของfwdไป แล้วบริษัทขอยกเลิกเนื่องจากคุณสมบัติเราไม่ผ่าน ซึ่งเรามีการชำระผ่านบัตรเครดิต อยากทราบว่าเดือนต่อไปยอดประกันจะตัดผ่านบัตรอีกมั้ยคะ เราต้องดำเนินการอะไรมั้ยคะ,"บริษัทประกัน FWD ยกเลิกกรมธรรม์เนื่องจากคุณสมบัติไม่ผ่าน
ผู้ร้องเรียนชำระค่าเบี้ยประกันผ่านบัตรเครดิต และต้องการทราบว่าจะมีการตัดยอดอีกหรือไม่
สอบถามว่าจำเป็นต้องแจ้งธนาคารหรือผู้ออกบัตรเครดิตเพื่อป้องกันการเก็บเงินซ้ำหรือไม่
ขอคำแนะนำในการดำเนินการต่อไปในกรณีนี้",test,Hybrid,2025,5,4,1.25,0.4460503160953522,0.4111208120981852,0.5888791879018148
42710228,วิธีเคลมประกันของเมืองไทยประกันภัย พอดีว่าขับรถไปชนหมาแล้วกันชนหน้าหักแต่เรามีประกันภัยชั้น 1 ของเมืองไทยประกันภัย แต่ว่ารถและชื่อผู้เอาประกันเป็นของน้องชายแบบนี้เวลาเคลมต้องให้น้องมาแจ้งเครมเองไหมหรือว่าเราสามารถแจ้งได้เลยหรือต้องใช้เอกสารของน้องไหมคะ พอดีไม่เคยเคลม,"ผู้ร้องเรียนมีประกันภัยชั้น 1 กับเมืองไทยประกันภัย และประสบอุบัติเหตุรถชนหมา导致กระจกหน้ารถแตก
เนื่องจากรถและชื่อผู้เอาประกันเป็นของน้องชาย จึงสอบถามว่าตนเองสามารถแจ้งเคลมแทนได้หรือไม่
ผู้ร้องเรียนไม่แน่ใจว่าต้องให้น้องชายมาแจ้งเคลมเองหรือต้องใช้เอกสารส่วนตัวของน้อง
จึงขอคำแนะนำเกี่ยวกับขั้นตอนการเคลมในกรณีดังกล่าว.",test,Hybrid,2024,4,4,1.0,0.529106855392456,0.4131877819697062,0.5868122180302938
43187532,ยกเลิกกรมธรรม์ของอินทรยังไง ตามหัวข้อเลยค่ะ แล้วแบบฟอร์มยกเลิกต้องเอามาจากไหนคะ ปล.สมัครกับเจ้าหน้าที่เดอะวันการ์ดทางโทรศัพท์,"ผู้ร้องขอสอบถามวิธีการยกเลิกกรมธรรม์ประกันภัย
ต้องการทราบแหล่งที่มาของแบบฟอร์มสำหรับการยกเลิกกรมธรรม์
ระบุว่าได้สมัครบริการผ่านเจ้าหน้าที่ของเดอะวันการ์ดทางโทรศัพท์",test,Hybrid,2025,3,3,1.0,0.6149412989616394,0.3378802935282389,0.6621197064717611
42320208,ทำไมประเทศไทยไม่บังคับให้รถทุกคันมีประกัน รถทุกคันควรมีประกันนะผมว่า น่าบังคับทำทุกคัน เพราะอะไร ทำไมไม่บังคับ,"การร้องเรียนนี้แสดงความเห็นว่าควรบังคับให้รถยนต์ทุกคันมีประกันภัย
ผู้ร้องเรียนมองว่าการบังคับใช้มาตรการดังกล่าวจะช่วยเสริมความปลอดภัยและลดความเสี่ยงในกรณีเกิดอุบัติเหตุ
ผู้ร้องเรียนตั้งคำถามถึงเหตุผลที่ประเทศไทยยังไม่มีนโยบายบังคับเช่นนี้
ข้อเสนอแนะเน้นย้ำถึงความจำเป็นในการปรับปรุงกฎหมายหรือมาตรการด้านความปลอดภัยบนท้องถนน",test,Hybrid,2023,3,4,0.75,0.4296818673610687,0.5153284072875977,0.4846715927124023
41849784,ยกเลิกประกันที่โตโยต้าลิสซิ่งบังคับทำได้มั้ยคะ สินเชื่อผ่านแล้ว เราสามารถยกเลิกประกันที่เขาบังคับทำตอนเซ็นสินเชื่อได้มั้ยคะ,"ผู้ร้องขอสอบถามว่าสามารถยกเลิกประกันที่ถูกบังคับทำโดยโตโยต้าลิสซิ่งหลังจากได้รับสินเชื่อเรียบร้อยแล้วได้หรือไม่
การขอใช้บริการดังกล่าวเกิดขึ้นหลังจากกระบวนการอนุมัติสินเชื่อเสร็จสิ้น
ผู้ร้องขอต้องการทราบขั้นตอนหรือเงื่อนไขในการยกเลิกกรมธรรม์ประกันภัยที่ถูกบังคับทำในขณะเซ็นสัญญา
คำถามนี้สะท้อนความกังวลเกี่ยวกับความยืดหยุ่นในการบริหารจัดการผลิตภัณฑ์ประกันภัยภายหลังการอนุมัติสินเชื่อ",test,Hybrid,2023,2,4,0.5,0.6180322170257568,0.4150092204411824,0.5849907795588176
42863708,ยกเลิกประกันไทยพาณิชย์ ต้องการยกเลิกประกันค่ะ หักถึง2ครั้ง จ่ายไม่ไหวค่ะ ส่งเบอให้ทางหลังไมค์แล้วค่ะ,"ผู้ร้องขอต้องการยกเลิกกรมธรรม์ประกันภัยจากธนาคารไทยพาณิชย์
เนื่องจากมีภาระค่าใช้จ่ายที่สูงเกินไปจนไม่สามารถชำระได้
ได้ดำเนินการส่งเอกสารและข้อมูลติดต่อให้ฝ่ายบริการลูกค้าเรียบร้อยแล้ว
ขอให้พิจารณาคำร้องตามความเหมาะสม",test,Hybrid,2024,2,4,0.5,0.4941491782665252,0.303393284479777,0.696606715520223
42894496,ประกัน ต้องการยกเลิกประกันสามารถยกเลิกได้ยังงัยครับ,"ผู้ร้องเรียนสอบถามขั้นตอนการยกเลิกกรมธรรม์ประกันภัย
ต้องการทราบว่าสามารถดำเนินการยกเลิกได้อย่างไร
สอบถามรายละเอียดเกี่ยวกับเงื่อนไขและกระบวนการยกเลิก
ต้องการข้อมูลที่ชัดเจนจากบริษัทประกัน",test,Hybrid,2024,1,4,0.25,0.4526727199554443,0.3174786567687988,0.6825213432312012
43108513,ประกันสุขภาพ AIA ปีนี้มีใครโดนเพิ่มเบี้ยประกันบ้างครับ ประกันสุขภาพ AIA ปีนี้มีใครโดนเพิ่มเบี้ยประกันบ้างครับ เบี้ยเพิ่มขึ้น แต่สิทธิประโยชน์ยังเท่าเดิมใช่มั้ย ถ้าเราไม่ต่อประกันได้มั้ยครับ,"มีผู้ร้องเรียนว่าเบี้ยประกันสุขภาพจาก AIA ได้รับการปรับเพิ่มในปีนี้
สิทธิประโยชน์ภายใต้นโยบายยังคงเหมือนเดิมโดยไม่มีการเปลี่ยนแปลง
ผู้ร้องเรียนสอบถามถึงความเป็นไปได้ในการเลือกไม่ต่ออายุกรมธรรม์ประกัน",test,Hybrid,2024,2,3,0.6666666666666666,0.6014354228973389,0.4459061622619629,0.5540938377380371
42097523,ไปทำประกันชีวิต การลงทุนไว้ เสียเบี้ยไป 6 เดือนแลแต่ที่บ้านให้ยกเลิก เพราะทำไว้ให้แล้ว สามารถแจ้งยกเลิกได้ทันทีเลยไหมคะ ที่บ้านทำของ บ.อื่นไว้ให้หลายที่ เราลืมค่ะ เลยไปทำอีกที่ สามารถแจ้งยกเลิกได้ทันทีเลยไหมคะ ปล.ทราบค่ะ ว่าเบี้ยที่เสียไม่ได้คืน เท่ากับเสียเปล่า แต่ที่บ้านให้ยกเลิก เพราะเดือนต่อไปจะได้มะต้องเสีย,"ผู้ร้องเรียนทำประกันชีวิตการลงทุนไว้ 6 เดือนแล้ว แต่ทราบภายหลังว่าครอบครัวได้ทำไว้กับบริษัทอื่นแล้ว
จึงต้องการยกเลิกกรมธรรม์ฉบับใหม่ทันที เพื่อไม่ให้เสียเบี้ยในเดือนถัดไป
ผู้ร้องเรียนเข้าใจว่าเบี้ยที่จ่ายไปแล้วไม่สามารถขอคืนได้
แต่ต้องการให้ดำเนินการยกเลิกอย่างรวดเร็วเพื่อป้องกันค่าใช้จ่ายเพิ่มเติม",test,Hybrid,2023,6,4,1.5,0.5020325779914856,0.3322998682657877,0.6677001317342123
42057775,สอบถามประกันสุขภาพโดนยกเลิกกรมธรรม์ สมมุติว่าเราทำประกันสุขภาพมา5ปี โดยไม่เคยเคลมเลย พอปีที่5เรามาเคลม แต่บริษัทไปตรวจเจอโรคที่เราเป็นแต่ไม่แจ้งก่อนทำประกัน เลยขอยกเลิกกรมธรรม์ ทีนี้ค่าเบี้ยประกันสุขภาพที่เราจ่ายมา5ปี จะได้คืนไหม หรือเสียทิ้งไปเลยครับ,"ผู้ร้องเรียนทำประกันสุขภาพมา 5 ปี โดยไม่เคยใช้สิทธิ์เคลม
ในปีที่ 5 ได้ยื่นขอเคลม และบริษัทพบว่ามีโรคที่ไม่ได้แจ้งไว้ก่อนทำประกัน
บริษัทจึงขอยกเลิกกรมธรรม์เนื่องจากข้อมูลไม่ครบถ้วน
ผู้ร้องเรียนสอบถามว่าค่าเบี้ยประกันที่จ่ายไปตลอด 5 ปีจะได้รับคืนหรือไม่",test,Hybrid,2023,4,4,1.0,0.6151459217071533,0.4230878750483194,0.5769121249516805
42692547,ยกเลิกประกัน สวัสดีค่ะ เราทำประกันของไทยประกันชีวิตรายปี เราอยากจะยกเลิก แต่ยังทำได้ไม่ถึง1ปี บ.จะคืนเงินให้เรามั้ยคะ พอดี ภาระเยอะอะคะกลัวส่งไม่ไหว,"ผู้ร้องเรียนทำประกันรายปีกับไทยประกันชีวิตและต้องการยกเลิกก่อนครบ 1 ปี
เนื่องจากมีภาระทางการเงินที่เพิ่มขึ้นจนรู้สึกว่าส่งเบี้ยประกันไม่ไหว
สอบถามว่าบริษัทจะคืนเงินให้ในกรณียกเลิกก่อนครบกำหนดหรือไม่
ต้องการข้อมูลเกี่ยวกับนโยบายการคืนเงินเมื่อยกเลิกก่อนครบระยะสัญญา",test,Hybrid,2024,4,4,1.0,0.5312343239784241,0.4556157191594441,0.5443842808405559
43225193,โดนประกันอิลิอัซ์โทรมาบังคับสมัครประกัน ตามหัวข้อเลยค่ะพอดีมีพนักงานโทรมาให้สมัครประกันด้วยเราปฏิเสธไปแล้วแต่เค้าบังคับบอกว่าผู้ที่ถือบัตรใหม่จะต้องสมัครไม่สามารถยกเลิกได้แต่เค้าแจ้งว่าหากกรมธรรม์มาถึงสามารถยกเลิกได้แต่อยู่อยู่เค้าก็หักเงินในบัตรเครดิตแต่ไม่มี กรมธรรม์ส่งมา พอโทรไปยกเลิกบอกว่าพนักงานจะติดต่อมาก็ยังไม่มีค่ะ แบบนี้ เอาผิดกับเขาแบบไหนได้บ้างคะพอดีอยากยกเลิกค่ะ เราปฏิเสธไปตั้งแต่ในสายแล้วแต่เค้าก็ยังบังคับให้เราสมัครเราสามารถเอาผิดกับพนักงานได้ไหมคะสามารถแจ้งความได้หรือไม่ เนื่องจากหักบัตรเครดิตเราไปแล้วแต่กรมธรรม์เรายังมาไม่ถึงเลยค่ะโทรไปขอยกเลิกก็บอกให้รอเจ้าพนักงานติดต่อกลับมา,"ผู้ร้องเรียนถูกพนักงานของบริษัทประกันอิลิอัซ์บังคับสมัครประกันโดยไม่ได้รับความยินยอมอย่างชัดเจน
แม้ผู้ร้องจะปฏิเสธการสมัครตั้งแต่แรก แต่บริษัทกลับหักเงินจากบัตรเครดิตโดยไม่มีกรมธรรม์ส่งมา
เมื่อติดต่อขอยกเลิก ทางบริษัทแจ้งให้รอการติดต่อกลับจากพนักงาน แต่ยังไม่มีการดำเนินการใดๆ
ผู้ร้องเรียนจึงสอบถามแนวทางในการดำเนินคดีหรือแจ้งความเนื่องจากถูกหักเงินโดยไม่มีสัญญาที่ชัดเจน",test,Hybrid,2025,6,4,1.5,0.5868678092956543,0.5852797031402588,0.4147202968597412
43378053,โดนยกเลิกประกันรถยนเพราะจ่ายล่าช้าจะได้เงินมั้ยคะไม่เคยแจ้งเครมค่ะ โดนยกเลิกประกันรถยนเพราะจ่ายล่าช้าจะได้เงินมั้ยคะไม่เคยแจ้งเครมค่ะ,"ผู้ร้องเรียนถูกยกเลิกกรมธรรม์ประกันภัยรถยนต์เนื่องจากชำระเบี้ยประกันล่าช้า
ไม่มีการแจ้งเคลมในช่วงเวลาที่ผ่านมา
สอบถามว่าสามารถขอรับเงินคืนหรือผลประโยชน์ใดๆ จากกรมธรรม์ที่ถูกยกเลิกได้หรือไม่
ข้อมูลที่ให้มายังไม่ระบุชัดเจนถึงสถานะของเบี้ยประกันที่ชำระแล้ว",test,Hybrid,2025,1,4,0.25,0.6335873603820801,0.4302517573038736,0.5697482426961263
42141294,มีใครยกเลิกประกันของ ชับบ์สามัคคีประกันภัย ได้บ้างคะ ตามกระทู้เลยค่ะ มีใครที่ยกเลิกประกัน ชับบ์สามัคคีประกันภัย ที่หักอัตโนมัติจากแอปธนาคารได้บ้างคะ,"ผู้ร้องขอทราบว่ามีผู้ใช้บริการชับบ์สามัคคีประกันภัยที่สามารถยกเลิกกรมธรรม์ได้หรือไม่
เนื่องจากกรมธรรม์ถูกหักเงินอัตโนมัติผ่านแอปธนาคาร
จึงสอบถามประสบการณ์การยกเลิกจากผู้ที่เคยทำมาแล้ว
หวังจะได้ข้อมูลเพื่อนำไปประกอบการตัดสินใจ",test,Hybrid,2023,2,4,0.5,0.6108006834983826,0.3284302353858948,0.6715697646141052
42059891,ประกัน FWD หายนะของคนหาเงินส่งไม่ไหว แค่อยากมาระบาย ทำงานเก็บเงินส่งประกันมาทุกเดือน พอมีเรื่องต้องการยกเลิกกรมธรรม์ไม่ได้ตั้งคืนสักบาท เหมือนเอาเงินไปให้ฟรีๆ,"ผู้ร้องเรียนส่งเบี้ยประกันรายเดือนมาโดยตลอด
เมื่อต้องการยกเลิกกรมธรรม์กลับไม่สามารถขอคืนเงินได้เลย
รู้สึกว่าเงินที่จ่ายไปเหมือนถูกนำไปใช้โดยไม่มีผลตอบแทน
แสดงความไม่พอใจต่อเงื่อนไขการยกเลิกที่ไม่เอื้อต่อผู้เอาประกัน",test,Hybrid,2023,4,4,1.0,0.7631282806396484,0.3899873892466227,0.6100126107533773
42301249,ประกันสุขภาพ new health standard ประกันสุขภาพ new health standard คืออะไรหรอคะ เห็นว่า บริษัทประกัน ไม่สามารถยกเลิกสัญญาประกันสุขภาพได้ จริงรึเปล่าคะ พอดีทำประกันสุขภาพมา 3 ปี กำลังขึ้นปีที่ 4 แต่ถูก บริษัท ขอยกเลิก ไม่ต่อประกันสุขภาพให้ เคยเบิกค่าใช้จ่าย 1 ครั้ง ปีที่ผ่านมา 8 หมื่นบาท กำลังจะถึงวันชำระเบี้ย ประกันก็ขอยกเลิก แต่ยังมีประกันชีวิต และ ประกันอุบัติเหตุที่ต้องจ่าย บริษัทแจ้งว่า ที่ยกเลิก ไม่เกี่ยวกับที่เบิก แต่เป็นโรคที่เคยเป็นมาก่อนทำประกัน ซึ่งเค้ารู้สึกว่ามันมีความเสี่ยงในอนาคต แบบนี้ เราสามารถ นำเรื่อง new health standard ไปแย้งได้ไหมคะ,"บริษัทประกันสุขภาพขอยกเลิกสัญญาหลังผู้เอาประกันทำประกันมา 3 ปี โดยอ้างว่ามีประวัติโรคเรื้อรังที่อาจเพิ่มความเสี่ยงในอนาคต
ผู้เอาประกันเคยเบิกค่าใช้จ่ายเพียงครั้งเดียวในปีที่แล้ว จำนวน 80,000 บาท
บริษัทระบุว่าการยกเลิกไม่เกี่ยวข้องกับการเบิก แต่เกิดจากภาวะสุขภาพเดิมที่ถือว่ามีความเสี่ยง
ผู้เอาประกันสอบถามว่าสามารถใช้มาตรการ new health standard มาพิจารณาแย้งการยกเลิกได้หรือไม่",test,Hybrid,2023,6,4,1.5,0.7016808390617371,0.6028147141138712,0.3971852858861288
43186914,วิธียกเลิก ประกันสุขภาพ fwd อยากสอบถามว่าถ้าสมัครประกันสุขภาพไว้ จ่ายเบี้ยรายปี ประกันเพราะห่วงใย 80 80 ถ้าต้องการยกเลิกต้องไปทำเรื่องอะไร ไหมครับ หรือแค่ไม่จ่ายเบี้ยก็เป็นการยกเลิกเลย,"ผู้ร้องขอสอบถามขั้นตอนการยกเลิกกรมธรรม์ประกันสุขภาพที่สมัครไว้แบบจ่ายเบี้ยรายปี
เนื่องจากต้องการยกเลิกเนื่องจากห่วงใยในครอบครัว
สอบถามว่าต้องดำเนินการใดบ้าง หรือเพียงไม่จ่ายเบี้ยในปีถัดไปก็ถือว่ายกเลิกโดยอัตโนมัติ
ต้องการความชัดเจนเกี่ยวกับกระบวนการยกเลิกอย่างเป็นทางการ",test,Hybrid,2025,2,4,0.5,0.7010648846626282,0.3822546005249023,0.6177453994750977
43425497,ยกเลิกประกันของ SCB ออนไลน์ได้ไหม เราอยากยกเลิกประกันที่ตัดเงินผ่านแอพ SCB มากๆ แต่ไม่สามารถไปที่ธนาคารได้เลยอยากรู้ว่าเราทำที่บ้านได้ไหม,"ผู้ร้องขอสอบถามวิธีการยกเลิกประกันที่ถูกตัดเงินผ่านแอพพลิเคชันของธนาคารไทยพาณิชย์
เนื่องจากไม่สามารถเดินทางไปที่สาขาธนาคารได้
จึงต้องการทราบว่าสามารถดำเนินการยกเลิกได้ที่บ้านหรือไม่
โดยเฉพาะกรณีที่มีการตัดเงินอัตโนมัติหลายครั้ง",test,Hybrid,2025,3,4,0.75,0.5649033188819885,0.4067235787709554,0.5932764212290447
42960990,ปัจจุบันประกันสุขภาพเด็ก เหลือของเจ้าไหนบ้างครับ แนะนำทีครับ ได้ข่าวว่าบริษัทประกันต่างๆ อนาคตจะยกเลิกประกันสุขภาพเด็กแล้ว เพราะขาดทุนกันเยอะ ไม่ทราบว่ายังเหลือบริษัทไหนที่ยังรับทำประกันสุขภาพเด็กดีๆ เคลมไม่มีปัญหาบ้างครับ,"ปัจจุบันมีบริษัทประกันบางแห่งที่อาจพิจารณาเลิกให้บริการประกันสุขภาพเด็ก
เนื่องจากประสบปัญหาขาดทุนจากการเคลมสูง
ผู้ร้องเรียนสอบถามถึงบริษัทที่ยังคงรับทำประกันสุขภาพเด็กอยู่
พร้อมขอคำแนะนำเกี่ยวกับบริษัทที่มีระบบเคลมราบรื่นและคุณภาพดี",test,Hybrid,2024,3,4,0.75,0.5932915210723877,0.4076721668243408,0.5923278331756592
42586323,ขอสอบถาม เกี่ยวกับการเคลมประกันอุบัติเหตุส่วนบุคคล คะ มีข้อสงสัยว่า ถ้ากรณีเราทำประกัน ไว้ 2 ฉบับ ต่างบริษัท เราสามารถ ยื่นเคลมได้ ทั้ง 2 บริษัทเลยไหม หรืออย่างไรคะ,"ผู้ร้องเรียนสอบถามเกี่ยวกับการเคลมประกันอุบัติเหตุส่วนบุคคลที่ทำไว้กับบริษัทประกันสองแห่ง
ต้องการทราบว่าสามารถยื่นเคลมกับทั้งสองบริษัทพร้อมกันได้หรือไม่
กรณีเกิดอุบัติเหตุและมีกรมธรรม์ประกันหลายฉบับ ควรปฏิบัติตามหลักเกณฑ์ใดในการเคลม
ผู้ร้องเรียนต้องการข้อมูลเพื่อความชัดเจนในการใช้สิทธิประโยชน์จากกรมธรรม์ที่มีอยู่",test,Hybrid,2024,3,4,0.75,0.5461224317550659,0.3866919279098511,0.6133080720901489
42597318,ทำประกันสุขภาพของ อลิอันซ์ อยุธยา ดีไหม สอบถามผู้รู้ค่ะ หรือว่าผู้ที่เคยทำประกันของ allianz ayudhya assurance อยากทราบว่าเคลมช้าไหม เวลาเราเกิดอุบัติเหตุ ทำแล้วดีหรือไม่ดีคะ พอดีประกันโทรเข้ามาแล้วเราตกลงทำประกันไป จ่ายเบี้ยเดือนละ 849 บาท เดือนแรกโดนเก็บมา 2 งวด บอกว่ามีค่าที่สำรองจ่ายไปด้วย เลยอยากทราบก่อนที่จะจ่ายเงินค่าเบี้ยเลี้ยง,"ผู้ร้องเรียนสอบถามถึงคุณภาพการบริการและประสิทธิภาพในการเคลมของบริษัทประกันสุขภาพอลิอันซ์ อยุธยา
ระบุว่าได้รับการติดต่อจากเจ้าหน้าที่ประกันและตกลงทำกรมธรรม์โดยจ่ายเบี้ยรายเดือน 849 บาท
แจ้งว่าในเดือนแรกถูกหักเงิน 2 งวดพร้อมค่าใช้จ่ายสำรองอื่น ๆ ซึ่งทำให้เกิดความไม่แน่ใจ
จึงต้องการข้อมูลเพิ่มเติมจากผู้ที่เคยใช้บริการเกี่ยวกับความรวดเร็วในการเคลมเมื่อเกิดอุบัติเหตุ",test,Hybrid,2024,5,4,1.25,0.6015332341194153,0.5113886992136637,0.4886113007863363
41980879,ประกันการเดินทาง refund ซื้อประกันการเดินทางกับ แอกซ่า axa ปกติก็ซื้อของเจ้านี้ประจำค่ะ แต่พอดีรอบนี้วีซ่าไม่ผ่าน เลยส่งเอกสารขอ refund ไป ทางบริษัทส่งอีเมลล์แจ้งมาว่ายกเลิกประกันให้แล้ว รอคืนเงิน ตอนนี้ผ่านมา 2 3 อาทิตย์ ส่งอีเมลล์ไปถามก็เงียบ. ทำไมให้รอนานจังค่ะ,"ผู้ร้องเรียนซื้อประกันการเดินทางจาก AXA และได้รับแจ้งว่ายกเลิกกรมธรรม์เรียบร้อยแล้ว
หลังจากนั้นผ่านไป 2-3 สัปดาห์ ยังไม่ได้รับเงินคืน
ผู้ร้องเรียนส่งอีเมลสอบถามแต่ไม่ได้รับคำตอบกลับ
จึงแสดงความไม่พอใจต่อระยะเวลาในการดำเนินการคืนเงินที่นานเกินไป",test,Hybrid,2023,5,4,1.25,0.4810432493686676,0.5121746857961018,0.4878253142038982
41944230,ผมเลิกกรมธรรมประกันของ Chubb แล้วโดนหักเงินในบัญชีไปจ่ายค่าเบี้บประกัน หลังยกเลิกได้เพียง 1 วัน อยากทราบว่ามีสิทได้เงินคืนเต็มจำนวนมั๊ยครับ เพราะผมยกเลิกประกันกับทางนั้นแล้ว แต่วันต่อมาผมโดนหักเงิน ไปจ่ายเบี้ยประกัน 2 เดือน เป็นเงิน 740 บาท ถ้าไม่เช้คผมคงไม่มีทางรู้เลย หักแบบไม่บอกกล่าวด้วย ทำยังไงได้บ้างครับ,"ผู้ร้องเรียนยกเลิกกรมธรรม์ประกันจาก Chubb แล้วถูกหักเงินค่าเบี้ยประกัน 740 บาทในวันถัดมา
การหักเงินเกิดขึ้นโดยไม่มีการแจ้งเตือนล่วงหน้า
ผู้ร้องเรียนขอสอบถามว่ามีสิทธิ์ได้รับเงินคืนเต็มจำนวนหรือไม่
ต้องการทราบแนวทางในการดำเนินการเพื่อแก้ไขปัญหาดังกล่าว",test,Hybrid,2023,6,4,1.5,0.6114262938499451,0.2956955432891845,0.7043044567108154
42840605,ยกเลิกประกัน สอบถามหน่อยครับ พอดียกเลิกประกันของ allianz เราจะได้เบี้ยประกันคืนยังไงครับ,"ผู้ร้องขอข้อมูลเกี่ยวกับการขอคืนเบี้ยประกันหลังยกเลิกกรมธรรม์จาก Allianz
สอบถามวิธีการและเงื่อนไขในการรับคืนเบี้ยประกันที่จ่ายไว้แล้ว
เนื้อหาไม่ระบุรายละเอียดเพิ่มเติมเกี่ยวกับระยะเวลาหรือเหตุผลการยกเลิก
ต้องการข้อมูลเพื่อประกอบการดำเนินการต่อไป",test,Hybrid,2024,2,4,0.5,0.6269317865371704,0.2526775995890299,0.7473224004109701
43238644,สอบถามเรื่องประกันรถมอเตอร์ไซค์ ที่มากับการเอาเล่มรถไปจำนำของสมหวังเงินสั่งได้ คือเราเอารถไปเข้าไฟแนนซ์เพราะมีเรื่องต้องใช้เงินด่วน ซึ่งมันจะมีประกันรถมาด้วย และตอนนี้ใกล้จะหมดระยะเวลาประกันภัยตามหนังสือแจ้งของกรมธรรม์ซึ่งครบระยะเวลาหนึ่งปีพอดี ถ้าเราจะยกเลิกประกันนี้สามารถทำได้ไหมคะ หรือถ้าต้องการยกเลิกต้องแจ้งกับทางไฟแนนซ์ใช่ไหมคะ,"ผู้ร้องขอสอบถามเกี่ยวกับการยกเลิกประกันรถมอเตอร์ไซค์ที่มาพร้อมกับการจำนำเล่มรถ
ประกันดังกล่าวมีระยะเวลา 1 ปี และใกล้จะหมดอายุตามหนังสือแจ้งจากกรมธรรม์
ผู้ร้องต้องการทราบว่าสามารถยกเลิกประกันได้หรือไม่ และต้องแจ้งเจ้าหนี้ไฟแนนซ์หรือไม่
คำถามนี้เกิดจากการที่ผู้ร้องต้องการใช้เงินด่วนและนำรถไปจำนำเพื่อขอเงินกู้",test,Hybrid,2025,4,4,1.0,0.4559072852134704,0.4810801347096761,0.518919865290324
42041039,รถมือ1 ที่กำลังผ่อนอยู่ ทำไมถึงใช้ประกันไม่ได้ ตอนนี้เรากำลังผ่อน รถ จยยฮอนด้า กับ ทาง กรุงศรีออโต้อยู่ พร้อมทำประกันชั้น1 อยากทราบว่ารถเราได้เกิดอุบัติเหตุมา แต่ทางกรุงศรี บอกว่าประกันไม่สามารถใช้ได้ รถก็เป็นรถป่ายแดงออกมาไม่กี่เดือน อยากทราบว่าทำไมถึงใช้ประกันไม่ได้ ขายประกันแต่ไม่รับผิดชอบหรอ,"รถจักรยานยนต์ที่อยู่ระหว่างการผ่อนชำระกับกรุงศรีออโต้ ถูกแจ้งว่าไม่สามารถใช้สิทธิ์ประกันชั้นหนึ่งได้
แม้ว่าผู้ร้องจะทำประกันชั้นหนึ่งไว้แล้ว แต่ทางบริษัทไฟแนนซ์กลับปฏิเสธการเคลมในกรณีเกิดอุบัติเหตุ
รถมีอายุใช้งานเพียงไม่กี่เดือน และเป็นรถป้ายแดง จึงคาดว่าควรได้รับความคุ้มครองตามปกติ
ผู้ร้องสอบถามถึงเหตุผลที่ทำประกันแล้วไม่สามารถใช้สิทธิ์ได้ และแสดงความไม่เข้าใจในนโยบายของบริษัท",test,Hybrid,2023,6,4,1.5,0.5711959004402161,0.4343571662902832,0.5656428337097168
41873330,จะซื้อประกันออนไลน์ sunday ดีไหมครับ จะซื้อประกันออนไลน์แต่หารีวิวไม่ค่อยมีเลย มีท่านไหนมีประสบการณ์กับเจ้านี้บ้าง อยากได้รีวิวว่าเป็นไง เคลมยากไหม น่าเชื่อถือไหม หรือมีเจ้าอื่นลองแนะนำมาได้ครับ,"ผู้ร้องเรียนสอบถามความน่าเชื่อถือของบริษัทประกันออนไลน์ Sunday
ต้องการรีวิวจากผู้ใช้งานจริงเกี่ยวกับประสบการณ์การซื้อและเคลมสินไหม
สอบถามว่ากระบวนการเคลมทำได้ง่ายหรือยาก และบริษัทมีความน่าเชื่อถือเพียงใด
ขอคำแนะนำเจ้าอื่นที่อาจเหมาะสมกว่าหากมีประสบการณ์ใช้งาน",test,Hybrid,2023,6,4,1.5,0.4648054838180542,0.4291418393452962,0.5708581606547039
41976847,ใครเคยทำประกันของบริษัท Samsung ประกันชีวิตบ้าง สามารถเคลมได้จริงไหม ใครเคยเข้ารักษาตัวที่โรงพยาบาลเคลมประกันแล้วต้องสำรองจ่ายก่อน และต้องดำเนินการส่งเรื่องขอชดเชยสินไหมทดแทนเองบ้าง เงินที่สำรองจ่ายไปจะได้คืนหรือไม่,"ผู้ร้องเรียนสอบถามถึงความเป็นไปได้ในการเคลมประกันชีวิตจากบริษัท Samsung
มีผู้ประสบเหตุจำเป็นต้องจ่ายค่ารักษาพยาบาลเองก่อนก่อนจะดำเนินการขอรับสินไหมทดแทน
คำถามคือเงินที่สำรองจ่ายไปจะได้รับการคืนหรือไม่
ผู้ร้องเรียนต้องการข้อมูลยืนยันเกี่ยวกับกระบวนการและผลตอบแทนจากการเคลม",test,Hybrid,2023,5,4,1.25,0.5670000314712524,0.4461235205332438,0.5538764794667562
42135579,ใครเคยเคลมประกันchubbไหมคะ ใครเคยเคลมประกันของchubbไหมคะ รอนานไหมคะ มีใครรอเกิน90วันไหมคะ พอดีเราเคลมไปจะครบ90วันแล้ว แอพก็ไม่คืบหน้า โทรไปก็บอกตรวจเอกสารทางโรงพยาบาลมาตลอดซึ่งเรามีประวัติแค่2 รพ และไม่เคยมีโรคประจำตัวอะไรไปตรวจเลย ข้อมูล รพ น้อยมากๆ มีเพื่อนคนไหนมีประสบการณ์เคลมไหมคะ เราเคลมเจอจ่ายจบค่ะ,"ผู้ร้องเรียนสอบถามประสบการณ์การเคลมประกันจากบริษัท Chubb โดยเฉพาะระยะเวลาในการดำเนินการ
ระบุว่าได้ยื่นคำขอเคลมมาครบ 90 วันแล้วแต่แอปพลิเคชันยังไม่คืบหน้า
ทั้งนี้ สายด่วนแจ้งให้ส่งเอกสารจากโรงพยาบาลอีกครั้ง ทั้งที่มีประวัติการรักษาเพียงสองแห่งและไม่มีโรคประจำตัว
ผู้ร้องเรียนต้องการข้อมูลเพิ่มเติมจากผู้ที่เคยเคลมประสบผลสำเร็จเพื่อประกอบการตัดสินใจ",test,Hybrid,2023,5,4,1.25,0.5019125938415527,0.524419109026591,0.475580890973409
43554912,ยกเลิกประกัน หักบัตรต้องจ่ายเงินที่ค้างไหม โทรไปยกเลิกประกันแล้ว แต่ประกันหักบัตรเครดิต เรายังต้องจ่ายค่าประกันไหม แล้วธนาคารสามารถยกเลิกค่าประกันที่ยังค้างได้ไหมครับ,"ผู้ร้องเรียนยกเลิกประกันแล้ว แต่ยังมีการหักบัตรเครดิต
สอบถามว่าจำเป็นต้องชำระค่าประกันที่ยังค้างอยู่หรือไม่
ขอทราบว่าธนาคารสามารถดำเนินการยกเลิกค่าใช้จ่ายที่ค้างได้หรือไม่",test,Hybrid,2025,4,3,1.3333333333333333,0.7334469556808472,0.4024357398351033,0.5975642601648967
43699658,ประกันไอโออิ ซ่อมอู่นอก สำรองจ่ายต้องทำไงคะ สวัสดีค่ะพอดีรถเราป้ายแดง มีประกันไอโออิชั้น1แถมมาด้วย แล้ววันนี้ รถมีรอยบุบกับรอยครูด เลยอยากเครมกับประกันโทรไปเครมเรียบร้อยแล้วแต่ข้อมูลอื่นๆทางเจ้าหน้าที่บอกว่าให้มาสอบถามวันจ ศ แต่คนที่บ้านอยากรีบไปซ่อมให้เสร็จเพราะเห็นแล้วขัดใจไม่อยากรอนาน เลยอยากสอบถามพี่ๆว่า ถ้าจะเอาไปซ่อมอู่นอก แล้วอยากสำรองจ่ายไปก่อนทำเรื่องไงบ้างหรอคะ คนที่บ้านบอกว่าถ้าให้อู่เคลมให้จะยืดเยื้อเวลาอะคะ,"ผู้ร้องเรียนมีรถยนต์ป้ายแดงที่มีประกันชั้น 1 จากไอโออิ และเกิดรอยบุบ-ครูด
ได้ติดต่อขอเคลมประกันแล้วเจ้าหน้าที่แจ้งให้สอบถามข้อมูลเพิ่มเติมในวันจันทร์-ศุกร์
ครอบครัวต้องการนำรถไปซ่อมที่อู่นอกเพื่อความรวดเร็ว ไม่อยากรอให้อู่เคลมให้
จึงสอบถามขั้นตอนการสำรองจ่ายค่าซ่อมก่อน โดยกังวลว่าหากส่งอู่เคลมอาจใช้เวลานาน",test,Hybrid,2025,6,4,1.5,0.509453296661377,0.5099553664525349,0.4900446335474651
41980468,ประกันรถยนต์ Sompo ดีไหมครับ พอดีถึงเวลาต่อ ป.1 แล้วครับ เลยลองกดในพวกเว็ปนายหน้า มีsompo ให้ทุนเยอะสุด แถมมีบริการช่วย 24 ชม. ด้วยครับ เคลมยากไหมครับ โอเคไหมครับ ขอบคุณมากครับ,"ผู้ร้องเรียนสอบถามความคิดเห็นเกี่ยวกับบริษัทประกันภัยรถยนต์ Sompo
เนื่องจากกำลังจะต่ออายุกรมธรรม์ประกันภัยรถยนต์ ป.1
พบว่า Sompo มีข้อเสนอทุนสูงสุดและมีบริการช่วยเหลือฉุกเฉินตลอด 24 ชั่วโมง
จึงสอบถามเพิ่มเติมเกี่ยวกับความยากง่ายในการทำเรื่องเคลมและคุณภาพของบริการ",test,Hybrid,2023,6,4,1.5,0.5696375966072083,0.3627358277638753,0.6372641722361247
42488672,เงินใจบัญชีไทยพาณิชย์โดนหักค่าประกันภัย เงินในบัญชีไทยพาณิชย์ โดนหักค่าประกันภัยบริษัท ชับบ์สามัคคีประกันภัย จำกัด 320 แต่เราไม่ได้จ่ายมานานแล้วเพราะเปลี่ยนงานเปลี่ยนบัญชี แล้วไม่กี่เดือนที่ผ่านมามีข้อความแจ้งเตือนว่า บมจ.ชับบ์สามัคคีประกันภัย ได้ดำเนินการยกเลิกกรมธรรม์ฯ เลขที่ SW0TH เรียบร้อยแล้ว กดลิงก์เพื่อรับหนังสือยกเลิกกรมธรรม์ฯ ก็เข้าไปดูพบว่าประกันโดนยกเลิกไปแล้วพอผ่านมาเดือนนี้จึงลอกเอาเงินฝากเข้าบัญชีดูแต่แล้วทำไมยังโดนหักเงินอยู่ทั้งที่ประกันยกเลิกไปแล้ว,"บริษัท ชับบ์สามัคคีประกันภัย จำกัด หักค่าเบี้ยประกันจำนวน 320 บาท จากบัญชีผู้ร้องเรียน
แม้ผู้ร้องเรียนจะไม่ได้ชำระเบี้ยมานานเนื่องจากเปลี่ยนงานและบัญชีธนาคาร
บริษัทแจ้งยกเลิกกรมธรรม์เลขที่ SW0TH ไปแล้ว และมีการส่งลิงก์ให้ดาวน์โหลดหนังสือยกเลิก
อย่างไรก็ตาม ยังคงมีการหักเงินจากบัญชีในเดือนถัดมา ทั้งที่กรมธรรม์ถูกยกเลิกแล้ว",test,Hybrid,2024,6,4,1.5,0.636362612247467,0.3891650835673014,0.6108349164326986
41988334,ยกเลิกประกัน Chubb ยังไงครับ ตอนแรกก็ไม่ได้อยากทำ แต่คอลเซ็นเตอร์ก็พยายามชวนพูดเรื่อยๆ จนเผลอตกลงไป เอกสารอะไรๆก็ยังมาไม่ถึงครับ พอไปหาข้อมูลในเน็ตก็เจอเยอะเลย อยากยกเลิกการสมัครครับ พอจะทำยังไงได้บ้างครับ,"ผู้ร้องเรียนต้องการยกเลิกการสมัครประกันจากบริษัท Chubb
ระบุว่าตัดสินใจโดยไม่ตั้งใจ เนื่องจากเจ้าหน้าที่คอลเซ็นเตอร์มีการชักจูงอย่างต่อเนื่อง
ยังไม่ได้รับเอกสารใด ๆ ที่เกี่ยวข้องหลังจากการสมัคร
สอบถามแนวทางในการยกเลิกการสมัครประกันดังกล่าว",test,Hybrid,2023,6,4,1.5,0.4964164793491363,0.4924481312433878,0.5075518687566122
43061113,บริษทtqmจ่ายเงินค่าประกันให้ก่อนแล้วให้เราค่อยจ่ายค่าเบี้ย10เดือนมีจริงไหม ตามหัวข้อเลยค่ะอยากสอบถาม เป็นประกันของ กรุงเทพประกันภัย ประกันสุขภาพ เเต่ตอนนี้หนังสือยกเลิกกรมธรรม์ส่งมาเล้ว เรายังต้องจ่ายให้ครบ10เดือนอยู่ไหม,"บริษัท TQM ได้จ่ายเงินค่าประกันให้ล่วงหน้า และให้ผู้เอาประกันภัยชำระค่าเบี้ยรายเดือนจำนวน 10 เดือน
กรมธรรม์ประกันสุขภาพนี้เป็นของบริษัทกรุงเทพประกันภัย
ขณะนี้ได้รับหนังสือยกเลิกกรมธรรม์เรียบร้อยแล้ว
ผู้เอาประกันภัยจึงต้องการทราบว่ายังจำเป็นต้องจ่ายค่าเบี้ยครบ 10 เดือนหรือไม่",test,Hybrid,2024,3,4,0.75,0.70721435546875,0.368733803431193,0.631266196568807
43380270,ยกเลิกประกันอัคคีภัยจาก tqm ได้ไหมครับ คือเมื่อประมานเดือน 9 ปี 67 ได้ทำประกันอัคคีภัยจาก tqm ไปครับ 700 บาท คุ้มครอง 3 ปี ถึงปี 70 แต่พอมาวันนี้ทางธนาคาร ก้มีค่าประกันอัคคีภัยมาเก็บอีก ผมเลยไปค้นดูจาก google เหมือนผมจะโดนหลอก อันนี้ผมสามารถยกเลิกประกันจาก tqm ได้ไหมครับ แล้วจะได้เงินคืนไหมครับ,"ผู้ร้องเรียนขอสอบถามการยกเลิกกรมธรรม์ประกันอัคคีภัยที่ทำไว้กับ TQM เมื่อเดือนกันยายน พ.ศ. 2567 ซึ่งมีระยะเวลาคุ้มครอง 3 ปี
พบว่าธนาคารยังมีการเรียกเก็บค่าประกันอัคคีภัยในปัจจุบัน จึงสงสัยว่าอาจถูกเรียกเก็บซ้ำหรือไม่จำเป็น
ผู้ร้องเรียนเชื่อว่าตนเองอาจถูกหลอกจากการทำประกันดังกล่าว และต้องการทราบว่าสามารถยกเลิกได้หรือไม่
พร้อมสอบถามว่าหากยกเลิกจะได้รับเงินคืนหรือไม่",test,Hybrid,2025,4,4,1.0,0.6357892751693726,0.5561683575312296,0.4438316424687704
42576704,สอบวิริยะแจ้งเรื่องการเคลมค่าเสียเวลากรณีรถถูกชน รถไฟฟ้า MG ZS EV ถูกรถกระบะชน เสียหายทางศูนย์ MG แจ้งระยะเวลาซ่อม 14 วัน มีค่าเช่ารถ 14500 บาท เวลา 14 วัน จึงโทรถามบริษัทวิริยะว่าจะสามารถเคลมได้ครอบคลุมเต็มจำนวนไหม ทางเจ้าหน้าที่ที่ตีราคาแจ้งว่าเคลมได้ 500 เท่านั้น ใครมีประสบการณ์รบกวนช่วยหน่อยครับ,"รถ MG ZS EV ถูกรถกระบะชน และศูนย์แจ้งระยะเวลาซ่อม 14 วัน
ผู้เสียหายมีค่าเช่ารถรวม 14,500 บาท ตามระยะเวลาที่ใช้ในการซ่อม
เมื่อสอบถามบริษัทวิริยะเกี่ยวกับการเคลมค่าเสียเวลา ได้รับคำตอบว่าเคลมได้เพียง 500 บาท
ผู้ร้องเรียนจึงขอความเห็นจากผู้มีประสบการณ์เพื่อประกอบการพิจารณา",test,Hybrid,2024,4,4,1.0,0.6869765520095825,0.5148651599884033,0.4851348400115967
42801158,ยกเลิกประกันภัย Thai life Insurance ที่ผูกกับบัตร KTC สอบถามค่ะพอดียอดบัตรของเราจะตัดเงินไทยประกันชีวิตทุกวันที่ 25 ทีนี้เรายกเลิกประกันภัยไปเมื่อวันที่ 24 ซึ่งการยกเลิกประกันจะใช้เวลา 1 2 วัน ถ้าเป็นกรณีแบบนี้บัตรเราจะโดนตัดยอดค่าประกันภัยที่อยู่ในขั้นตอนกำลังดำเนินการยกเลิกไหมคะ ถ้าโดนตัดบัตรจะมีวิธีไหนบ้างไหมคะที่จะรับเงินคืนได้ เพราะเรายกเลิกไปแล้ว,"ผู้ร้องเรียนยกเลิกกรมธรรม์ประกันภัยจาก Thai Life Insurance ที่ผูกกับบัตรเครดิต KTC เมื่อวันที่ 24
เนื่องจากการยกเลิกอาจใช้เวลาดำเนินการ 1–2 วัน จึงกังวลว่าจะมีการตัดยอดค่าเบี้ยประกันในวันที่ 25
ผู้ร้องเรียนขอสอบถามว่าจะมีการตัดเงินจากบัตรในสถานการณ์ดังกล่าวหรือไม่
หากมีการตัดเงินโดยไม่จำเป็น ผู้ร้องเรียนต้องการทราบแนวทางในการขอคืนเงิน",test,Hybrid,2024,5,4,1.25,0.5864928960800171,0.4630961020787557,0.5369038979212444
42280709,ยกเลิกประกันสุขภาพ ต้องการยกเลิกประกันสุขภาพ tqm ซื้อจากเซลล์ขาย ชำระเบี้ยไปแล้วประมาน2ครั้ง ติดต่อเซลล์ขายไม่ได้ ต้องทำยังไงได้บ้างคะ ขอบคุณค่ะ,"ผู้ร้องขอต้องการยกเลิกกรมธรรม์ประกันสุขภาพที่ซื้อผ่านเซลล์ขาย
ได้ชำระเบี้ยประกันไปแล้วประมาณ 2 ครั้ง
แต่ไม่สามารถติดต่อเซลล์ขายได้
จึงสอบถามแนวทางในการดำเนินการยกเลิกกรมธรรม์ต่อไปได้อย่างไร",test,Hybrid,2023,2,4,0.5,0.4674201607704162,0.3696481386820475,0.6303518613179525
41841360,ไม่สามารถ Download แบบฟอร์มใบลดหย่อนภาษีประจำปี 2565 ของ Cigna ได้ ดิฉันทำประกันสุขภาพกับทาง Cigna ไว้ตั้งแต่ปี 2561 โดยมีการตัดเงินผ่านบัตรเครดิตเป็นประจำทุกปี แต่สำหรับปี 2566 ดิฉันขอแจ้งยกเลิกการทำประกัน เมื่อติดต่อขอรับแบบฟอร์มใบลดหย่อนภาษีประจำปี 2565 ทางเจ้าหน้าที่แจ้งว่าดิฉันไม่มีสิทธิ์ลดหย่อนภาษีได้เนื่องจากขอยกเลิก ซึ่งจะได้ล่าสุดแค่ปี 2564 ทั้งที่ดิฉันก็ชำระเงินในปี 2565 แล้ว ซึ่งก็มีหลักฐานการชำระเงินผ่าน Statement ของบัตรเครดิต ในกรณีเช่นนี้จะต้องทำอย่างไร ทาง Cigna ใช้หลักเกณฑ์อะไรในการมาพิจารณาว่าดิฉันไม่มีสิทธิ์ได้รับการลดหย่อนภาษี ทั้งที่ได้จ่ายเงินเต็มจำนวนไปแล้ว สำหรับปี 2565,"ไม่สามารถดาวน์โหลดแบบฟอร์มใบลดหย่อนภาษีประจำปี 2565 จาก Cigna ได้
แม้มีการชำระเบี้ยประกันผ่านบัตรเครดิตในปี 2565 ตามปกติ
เจ้าหน้าที่ระบุว่าไม่มีสิทธิ์ลดหย่อนภาษีเนื่องจากขอยกเลิกบริการในปี 2566
มีหลักฐานการชำระเงินยืนยันว่าได้จ่ายเต็มจำนวนในปีดังกล่าว",test,Hybrid,2023,6,4,1.5,0.7695279121398926,0.4483773310979207,0.5516226689020793
42627853,ประกันกรุงไทยทิพยประกันภัยดีมั้ย พอดีเราอยากทำประกันสุขภาพให้ลูกแต่ว่า มีรุ่นพี่คนนึงบอกถ้าพวกประกันวินาศภัย เขาทำเหมือนประกันรถเช่นถ้าปีนี้ เราเคลมเยอะ เขาก็ขึ้นเบี้ยเรา หรือไม่ให้เราต่ออายุ จะโดนยกเลิกตอนไหนก็ได้ จริงหรอคะ ประกันสุขภาพมันคนละอันกับวินาศภัยไม่ใช่หรอคะ พอดีเราไม่ค่อยมีความรู้ ใครมีความรู้ช่วยแนะนำทีค่ะ ขอบคุณล่วงหน้ามากๆเลยค่ะ,"ประกันสุขภาพและประกันวินาศภัยมีลักษณะการดำเนินงานที่แตกต่างกัน
เบี้ยประกันสุขภาพมักไม่ขึ้นอยู่กับจำนวนครั้งที่เคลมในปีนั้น
บริษัทประกันจะไม่ยกเลิกกรมธรรม์โดยพลการหากไม่มีเหตุผลตามเงื่อนไขของกรมธรรม์
การต่ออายุกรมธรรม์ส่วนใหญ่ขึ้นอยู่กับเงื่อนไขการชำระเบี้ยและการปฏิบัติตามข้อกำหนดของบริษัท",test,Hybrid,2024,4,4,1.0,0.2481839656829834,0.5013206402460734,0.4986793597539266
42330476,ซื้อประกันแบบเหมาจ่ายของ บจ.Generali เราไปอ่านจากเพื่อนๆหลายคนบอกว่า เคลมยากมาก พึ่งทำไปวันนี้ กังวล อยากเปลี่ยน บจ.ประกัน แย่ขนาดนั้นจริงไหม,"ผู้ร้องเรียนซื้อประกันแบบเหมาจ่ายจากบริษัท บจ.
ได้รับข้อมูลจากผู้ใช้งานรายอื่นว่ากระบวนการเคลมมีความยากลำบาก
รู้สึกกังวลหลังทำประกันไปเพียงไม่กี่วัน
ต้องการทราบความเป็นจริงว่าบริการดังกล่าวเลวร้ายจริงหรือไม่",test,Hybrid,2023,6,4,1.5,0.6065922379493713,0.3144070903460184,0.6855929096539816
42005117,เคลมประกันของกรุงไทยแอ็คซ่าช้ามากกมั้ยคะ สวัสดีคะ เราทำประกันโรคร้ายไว้ แล้วเราจะเคลมติดต่อยากมากคะ ส่งเอกสารไปหมดแล้ว ได้หรือไม่ได้ยังไง ตรัสรู้เองไม่ถูกเลยคะ ผ่านไปเดือนนึงเรื่องเงียบกริบมากกค่ะ ทุกคนเป็นเหมือนกันไหมคะ ช้าแบบนี้ทุกรายหรือป่าวคะ รบกวนสอบถามหน่อยคะ,"ผู้ร้องเรียนแจ้งว่าการเคลมประกันโรคร้ายจากกรุงไทยแอ็คซ่าดำเนินการช้า
หลังส่งเอกสารครบถ้วน ยังไม่ได้รับการยืนยันผลการพิจารณา
ผ่านไปกว่าหนึ่งเดือนโดยไม่มีข้อมูลหรือการติดต่อกลับจากบริษัท
ผู้ร้องเรียนสอบถามว่าสถานการณ์ดังกล่าวเกิดขึ้นกับผู้เอาประกันรายอื่นหรือไม่",test,Hybrid,2023,4,4,1.0,0.5891560316085815,0.4467446009318033,0.5532553990681967
42181473,ประกันรถยนต์ พอดีว่าเราทำประกันรถยนต์ส่งยังไม่ครบ แล้วเราเอารถไปเฉี่ยวชนมาได้ใบเคลมมา ประกันตัวนี้เราจะไม่เอาแล้ว เราจะยกเลิก แล้วเราจะทำประกันใหม่ แต่รถเรายังไม่ได้ไปเคลม จะขอถามทุกคนว่าถ้าเป็นแบบนี้ รถเราจะไปเคลมได้มั้ย ใบเคลมใช้ได้มั้ย เราจะทำประกันใหม่ได้มั้ย,"ผู้ร้องเรียนมีกรมธรรม์ประกันรถยนต์ที่ยังไม่ได้ชำระครบ
ได้รับใบเคลมหลังจากเกิดอุบัติเหตุเฉี่ยวชน แต่ต้องการยกเลิกกรมธรรม์เดิม
สอบถามว่าใบเคลมนั้นยังใช้ได้หรือไม่ หากจะนำรถไปเคลมในอนาคต
และขอทราบว่าสามารถทำประกันฉบับใหม่ได้หรือไม่",test,Hybrid,2023,6,4,1.5,0.5881539583206177,0.4260579744974772,0.5739420255025228
42212869,โดนยกเว้นบางโรค ประกันสุขภาพ AIA โดนประกันสุขภาพของเอไอเอ ไม่คุ้มครองการตรวจ การรักษา ผ่าตัด รวมภาวะแทรกซ้อนจากกระดูกสันหลัง หมอนรองไขสันหลัง รากประสาท น่าจะเกิดจากหลายปีที่แล้วไปเอกซ์เรย์ที่ รพ. เพื่อที่จะเอาผลไปทำไคโรแพรคติกที่คลินิกเนื่องจากมีอาการปวดหลังครับ เลยอยากทราบว่าโรคอะไรที่เกี่ยวกับรากประสาทบ้างครับ แล้วถ้าเราไม่ได้เป็นรุนแรง หรือ เรารักษาหายแล้ว สามารถขอให้บริษัททบทวนการไม่คุ้มครองอีกได้ไหมครับ,"ผู้ร้องเรียนไม่เห็นด้วยกับการปฏิเสธการคุ้มครองค่าใช้จ่ายในการตรวจ รักษา และผ่าตัดที่เกี่ยวข้องกับภาวะแทรกซ้อนจากกระดูกสันหลัง หมอนรองไขสันหลัง และรากประสาท
ผู้ร้องระบุว่าเคยไปตรวจเอ็กซเรย์ที่โรงพยาบาลเพื่อนำผลไปใช้ประกอบการรักษาด้วยไคโรแพรคติกเนื่องจากมีอาการปวดหลังมาหลายปี
ผู้ร้องสอบถามถึงโรคที่เกี่ยวข้องกับรากประสาท และความเป็นไปได้ในการขอทบทวนการปฏิเสธคุ้มครองหากอาการไม่รุนแรงหรือหายแล้ว",test,Hybrid,2023,6,3,2.0,0.3834089040756225,0.6344442764918009,0.3655557235081991
42712950,ทำประกันวิระยะรถยนต์ไปป. 2 แล้วผมยกเลิกกรมธรรม์ 10 วันช่วยเข้ามาอ่านทีครับ พอดีว่าผมยกเลิกกรมธรรม์รถยนต์เพิ่งทำไปแค่ 10 วันจ่ายเงินไป 12100 บาทแล้วทำไปแค่ 10 วัน แล้วผมไปยกเลิกกรมธรรม์เพราะสาเหตุหนึ่งผมไปทำที่บริษัทผมถามหน่อยครับ 10 วันนี้หักเงินไป 400 กว่าบาทเลยหรอครับผมได้เงินคืน 8100 กว่าบาทแต่ตอนนี้ 7 วันเงินยังไม่เข้าเลยครับอยากสอบถามครับผมไปทำโดยตรงที่บริษัทเลย พอโทรไปบอกไม่เกิน 7 วันแต่นี้ล่อมา 7 วันเงินยังไม่เข้าโทรหาก็บอกจะติดต่อกลับอ้างนั่นอ้างนี่ทำแค่ 10 วันโดนหักเงินไป 400 กว่าบาทอันนี้คือค่าอะไรหรอครับอยากรู้สาเหตุจังครับประกันรถยนต์ป 2 ใส่ข้อความ,"ผู้ร้องเรียนยกเลิกกรมธรรม์ประกันรถยนต์หลังทำเพียง 10 วัน และจ่ายเงินจำนวน 12,100 บาท
จากการตรวจสอบพบว่าถูกหักเงินไปประมาณ 4,000 บาท ซึ่งผู้ร้องเรียนไม่ทราบสาเหตุของการหักเงินดังกล่าว
ผู้ร้องเรียนได้รับเงินคืนเพียง 8,100 บาท และระบุว่าบริษัทฯ อ้างว่าต้องใช้เวลาไม่เกิน 7 วันในการโอนคืนเงิน
อย่างไรก็ตาม เงินยังไม่เข้าบัญชีภายในระยะเวลาดังกล่าว และการติดต่อบริษัทฯ มีความล่าช้าพร้อมอ้างเหตุผลที่ไม่ชัดเจน",test,Hybrid,2024,6,4,1.5,0.625737190246582,0.6772467295328776,0.3227532704671224
42639836,ขอวิธียกเลิกประกัน smart saving 8 18 หน่อยครับ เมื่อวาน 11 4 67 มี จนท. โทรมาขายประกันจะตัดยอดผ่านบัตรเครดิต แล้วตอบตกลงไป วันนี้เลยอยากจะขอยกเลิกไม่สมัครแล้วครับ โทรกลับตามเบอร์ที่ติดต่อมาไม่ติดเลย ส่วน callcenter ของอยุธยาอลิอันซ์ก็สายไม่ว่าง รบกวนขอคำแนะนำหน่อยครับ,"ผู้ร้องเรียนต้องการยกเลิกการสมัครประกัน Smart Saving 8 หลังจากได้รับการติดต่อจากเจ้าหน้าที่ผ่านโทรศัพท์เมื่อวันที่ 11 เมษายน 2567
โดยมีการยืนยันการสมัครผ่านบัตรเครดิตโดยไม่ได้ตั้งใจ และต้องการยกเลิกบริการในวันถัดมา
ผู้ร้องเรียนพยายามติดต่อกลับตามเบอร์ที่ใช้ติดต่อแต่ไม่สามารถติดต่อได้
ขณะเดียวกัน Call Center ของอยุธยาอลิอันซ์ก็มีปัญหาเรื่องสายไม่ว่างในการให้บริการ",test,Hybrid,2024,4,4,1.0,0.6388106346130371,0.5370608568191528,0.4629391431808471
42937731,บริษัทขายประกันชีวิตขึ้นต้นด้วยตัว C. ขออนุญาตสอบถามเพื่อนๆคะมีใครเคยซื้อประกันผ่านบัตรอิออนบางคะที่จะมีการโทรเข้ามาขายโดยตรง แต่ไม่ใช่ของอิออนมีใครเป็นแบบเราไหมเราแจ้งยกเลิกกรมธรรมไปแล้วด้วยการโทรเข้าคอลเซ็นเตอร์ถึงสามครั้ง แต่ทำไมถึงยังไม่มีการยกเลิกให้กับเราทำไมถึงทำกับลูกค้าแบบนี้ มีใครเคยเจอไหมค่ะ แล้วแบบนี้เราควรทำไงดีจนตอนนี้มีการเรียกค่าประกันมาอีกเดือนแล้วทั้งๆที่เราขอยกเลิกไปตั้งแต่เดือนที่แล้ว บอกว่าจะมีการติดต่อกลับแต่ก็ไม่มีติดต่อกลับมาแต่อย่างใด,"ผู้ร้องเรียนสอบถามว่ามีผู้ใช้บัตรอิออนรายใดเคยได้รับการติดต่อจากบริษัทประกันภัยโดยตรง ซึ่งไม่ใช่บริษัทอิออน
ผู้ร้องเรียนแจ้งยกเลิกกรมธรรม์ประกันแล้ว แต่ยังคงได้รับการโทรเข้ามาติดต่อถึงสามครั้ง
แม้จะขอให้ยกเลิกกรมธรรม์ตั้งแต่เดือนก่อนหน้า แต่ยังไม่มีการดำเนินการยกเลิก และยังมีการเรียกเก็บค่าเบี้ยประกันในเดือนนี้
ผู้ร้องเรียนแสดงความไม่พอใจต่อการไม่ได้รับการตอบกลับและขอคำแนะนำในการแก้ไขสถานการณ์",test,Hybrid,2024,6,4,1.5,0.4467285871505737,0.5497456391652424,0.4502543608347575
42879603,เคลมค่ารักษา CHUBB เกือบ 2 เดือนยังไม่ได้รับการติดต่อกลับ ใครเคยเจอบ้างคะ โทรตามทุก 3 วัน แจ้งแค่ว่าจะส่งเรื่องด่วนให้ เคลมค่ารักษาพยาบาลเกือบ 30000 ผ่านไปแล้ว 2 เดือน ยังไม่ได้รับการติดต่อกลับจาก CHUBB เลย มีใครรอนานๆบ้รงไหมคะ ต้องดำเนินการอย่างไร มีพี่ๆแนะนำให้ติดต่อ คปภ ไป ต้องแจ้งไปที่ คปภ ยังไงบ้างคะ,"ผู้ร้องเรียนรายงานว่าได้ยื่นเคลมค่ารักษาพยาบาลผ่านบริษัท CHUBB มาเกือบ 2 เดือน แต่ยังไม่ได้รับการติดต่อกลับ
บริษัทเคยแจ้งว่าจะส่งเรื่องด่วน แต่ไม่มีการอัปเดตสถานะเพิ่มเติม
ผู้ร้องเรียนสอบถามแนวทางในการดำเนินการต่อ และขอคำแนะนำเกี่ยวกับการติดต่อสำนักงานคณะกรรมการกำกับหลักทรัพย์และตลาดหลักทรัพย์ (คปภ.)",test,Hybrid,2024,6,3,2.0,0.5438725352287292,0.5856550534566243,0.4143449465433757
41931296,ยกเลิกประกันที่โทรมาขายทางโทรศัพท์ไปนานแล้ว แต่ยังมีเข้ามาตัด ส่งเอกสารยกเลิกไปแล้ว แต่ทำไม่ได้ยกเลิก เป็น งง พอติดต่อไปใหม่ บอกส่งเอกสารยกเลิกไปนานแล้ว เจ้าหน้าทที่ตรวจสอบตกหล่น ก็ขอเงินคืนสิครับงานนี้ 554,"ผู้ร้องเรียนยกเลิกกรมธรรม์ประกันภัยที่ได้รับการเสนอขายผ่านโทรศัพท์ไปแล้ว
ได้ส่งเอกสารขอยกเลิกไปยังบริษัท แต่ยังคงมีการตัดบัตรและส่งเอกสารต่อเนื่อง
เมื่อติดต่อสอบถามกลับมา พบว่าเจ้าหน้าที่ตรวจสอบเอกสารล่าช้าหรือตกหล่น
จึงเรียกร้องให้ดำเนินการคืนเงินตามกระบวนการที่ควรจะเป็น",test,Hybrid,2023,4,4,1.0,0.4661553502082824,0.4056851466496785,0.5943148533503215
42053356,ยกเลิกชับบ์สามัคคีประกันภัย อยากทราบว่าหลังจากยกเลิกกรมธรรม์ไป ต้องรอกี่วันถึงจะได้เงินคืนคะแล้วได้คืนเต็มจำนวนรึเปล่า สมัครวันที่16พ.ค.66 ยดเลิก1มิ.ย.66,"ผู้ร้องขอสอบถามระยะเวลาที่ต้องรอหลังยกเลิกกรมธรรม์เพื่อรับเงินคืน
ระบุว่าได้สมัครเมื่อวันที่ 16 พฤษภาคม 2566 และยกเลิกเมื่อวันที่ 1 มิถุนายน 2566
สอบถามว่าจะได้รับเงินคืนเต็มจำนวนหรือไม่
ต้องการข้อมูลเพิ่มเติมเกี่ยวกับกระบวนการและระยะเวลาในการดำเนินการคืนเงิน",test,Hybrid,2023,4,4,1.0,0.5759998559951782,0.3540298541386922,0.6459701458613079
42375738,ทำไมเคลมประกัน FWD อยากจังเลย เราทำประกันสุขภาพไว้กับ FWD เดือนเมษาปี 66 เมื่อวันที่ 4 5 พย เราต้องเข้าแอดมิดที่โรงพยบาบเพราะเราปวดท้อง หมอตรวจรักษาแล้ว หมอสรุปว่าเราติดเชื้อ ลำใส้แปรปรวน พออกจากโรงพยาบาลทางประกันให้เราสำรองจ่ายไป จากนั้นเราส่งเอกสารเคลมจนถึงตอนนี้เรายังไม่ได้เงินจาก FWD เลย เค้าให้เหตุผลว่ากำลังพิจารณา ใครเคยเจอแบบเราบ้างและต้องทำอย่างไรคะ เราไม่มีชดเชยรายวันกรณีนอนโรงพยาบาลหรืออะไรทั้งนั้น ช่วยแนะนำหน่อยคะ,"ผู้ร้องเรียนทำประกันสุขภาพกับ FWD ในเดือนเมษายน 2566 และเข้ารับการรักษาในโรงพยาบาลเมื่อวันที่ 4 พฤษภาคม 2567
แพทย์วินิจฉัยว่ามีอาการติดเชื้อและลำไส้อักเสบเฉียบพลัน ต้องเข้าพักรักษาตัว
ผู้ร้องเรียนได้ดำเนินการส่งเอกสารขอเคลมประกันครบถ้วนแต่ยังไม่ได้รับเงินชดเชยแต่อย่างใด
ผู้ร้องเรียนระบุว่าไม่ได้รับสิทธิประโยชน์ด้านชดเชยรายวันระหว่างนอนโรงพยาบาล",test,Hybrid,2023,6,4,1.5,0.5127149820327759,0.3477803866068522,0.6522196133931478
42121247,ขอยกเลิกประกัน ไม่ถูกยกเลิก CHUBB INSURANCE ชับบ์สามัคคี ของบัตรกรุงศรีเฟริสช้อย แต่โดนยกเลิกบัตรเครดิตถาวร ตอนทำงานประจำได้สมัครบัตรเครดอตเฟิร์สช้อยไปค่ะ ประมาณ 4 5 วันก็มีบ.ประกันโทรมา บอกว่าทำประกันอุบัติเหตุราคาเดือนละ 800กว่าบาทของซับบ์ ที่จะมีแค่ลูกค้าบัตรเท่านั้นที่จะได้ราคาพิเศษนี้ เราก็ไม่ได้อยากทำ แต่คอลเซนเตอร์ทำให้ปฎิเสธยากมาก พอทำไปได้สักพัก เริ่มรู้สึกไม่อยากจ่ายค่ะ เลยโทรไปยกเลิก แต่คอลเซนเตอร์ไม่ให้ยกเลิก อ้างนู้นนี้นั้น ลดให้จาก 800กว่า เหลือ 300กว่า บวกกับเราออกจากงาน ไม่มีเงินเดือนแล้ว เลยตัดปัญหาว่า ไม่จ่าย 3 เดือน กรมธรรม์จะได้ยกเลิกเองไปในตัว สรุป กรมธรรม์ยกเลิกค่ะ แต่บ.ประกันไปหักกับบัตรเครดิต ซึ่งทำให้บัตรถูกปิดถาวรทันที แบบนี้แก้อะไรได้มั้ยคะ โดนติดบูโรแบบงงๆ ถึงจะจ่ายไป ยังจะติดบูโรมั้ย แบบนี้เหมือนเราถูกใช้บัตรเครดิตโดยไม่รู้ตัว และบัตรโดนปิดไปเพราะไม่จ่ายบัตรเครดิตที่เป็นแค่ค่าประกัน แทนที่ประกันจะมาทวงเอง กลับกลายเป็นบัตรเครดิตมาทวง เราสามารถร้องเรียนได้ไหมว่าเราไม่ได้ให้สิทธิ์ บ.ประกัน ไปหักกับบัตรเครดิต เพราะตอนสมัคร บอกว่าจะจ่ายด้วยตนเอง ไม่ใช่หักผ่านบัตร และ ก่อนที่ตัดสินใจจะไม่จ่าย ได้โทรไปแจ้งยกเลิกแล้ว แต่คอลเซนเตอร์เหมือนอยากทำยอดมั้งคะ ไม่ให้ยกเลิก,"ผู้ร้องเรียนขอยกเลิกกรมธรรม์ประกันอุบัติเหตุที่สมัครผ่านบัตรเครดิตเฟิร์สช้อย แต่ไม่สามารถยกเลิกได้ตามคำขอ
บริษัทประกันชับบ์สามัคคีดำเนินการหักเบี้ยประกันจากบัตรเครดิตโดยไม่ได้รับอนุญาตอย่างชัดเจน แม้ผู้ร้องจะแจ้งยกเลิกแล้ว
การหักเบี้ยทำให้ยอดหนี้บัตรเครดิตเพิ่มขึ้นจนเกินวงเงิน และนำไปสู่การปิดบัตรถาวรโดยอัตโนมัติ
ผู้ร้องเรียนระบุว่าไม่ได้อนุญาตให้หักผ่านบัตร และเชื่อว่าถูกใช้สิทธิ์บัตรโดยไม่รู้ตัว พร้อมสอบถามแนวทางแก้ไขและสิทธิ์ในการร้องเรียน",test,Hybrid,2023,19,4,4.75,0.452629953622818,0.5886684656143188,0.4113315343856811
43072913,ยกเลิกประกันคืนกรมธรรม์ไหม เรื่องเกิดขึ้นเมื่อวันที่ 2 พย 67 เราได้ตงลงซื้อประกันทางโทรศัพท์ กับบริษัท ประกันแห่งหนึ่ง หักผ่านบัตรเครดิต First choice หลังจากที่วางสายโทรศัพท์ไป เริ่มมาคิดว่าพลาดแล้ว วันที่ 4 พย 67 เราโทรไปยกเลิก ได้คุยกับ จนท แจ้งว่าประกันได้มีความคุ้มครองแล้ว คือวัน ที่2พย67 สิ้นสุด2 มค 68 ทาง เราต้องจ่าย 2 เดือน เพราะประกัรได้คุ้มครองและออกใบแจ้งนี้แล้ว ตอนนั้นคือเรายังไม่ได้โดนตัดยอดผ่านบัตร และเราระงับบัตรไว้อยู่ และเราถาม จนท ว่าเราต้องคืนกรรมธรรม์ไหม จนท แจ้งว่าเราไม่ต้องคืนกรมธรรม์ เมื่อสิ้นสุดคุ้มครองเราฉีกทิ้งได้เรย เพราะเขาได้บันทึกเสียงยกเลิกเราแล้ว หลังจากที่โทรยกเลิกเสร็จ ประมาณ 15.00น ก็ได้รับข้อความตอบรับประกันภัยและส่งกรมธรรม์ภายใน 15วัน 06 พย 67 ได้รับข้อความยกเลิกกรมธรรม์ วันนี้ที่ 08 พย 67 เราพึ่งได้รับกรรมธ์ และเอกสารยกเลิก สอบถามคือ เราต้องคืนกรมธรรม์ไหม เป็นปกติของประกันรายเดือนไหมค่ะต้องจ่าย 2 เดือน,"ลูกค้าโทรยกเลิกประกันเมื่อวันที่ 4 พฤศจิกายน 2567 และได้รับคำยืนยันจากเจ้าหน้าที่ว่ากรมธรรม์มีผลคุ้มครองตั้งแต่วันที่ 2 พฤศจิกายน 2567 ถึงวันที่ 2 มกราคม 2568
ลูกค้าระบุว่าขณะนั้นยังไม่มีการหักเงินผ่านบัตร และได้ระงับบัตรไว้ก่อน
ลูกค้าสอบถามเจ้าหน้าที่ว่าต้องคืนกรมธรรม์หรือไม่ ซึ่งได้รับคำตอบว่าไม่จำเป็นต้องคืน
เจ้าหน้าที่แจ้งว่าเมื่อสิ้นสุดระยะเวลาคุ้มครองสามารถฉีกทิ้งได้ทันที",test,Hybrid,2024,18,4,4.5,0.522467851638794,0.4187679688135782,0.5812320311864217
43418049,ระยะเวลารอประกัน ประกันสุขภาพ allianz ayudhya เรื่องมีอยู่ว่าเราทำประกันผ่านทางโทรศัพท์ ของ allianz ayudhya ตั้งแต่วันที่ 7 เมษายน ประกันอนุมัติ กรมธรรม์ 21 เมษายน แล้ว เราดันป่วยเจ็บคอ วันที่ 28 เมษายน เลยมาเช็คสถาณะในแอพประกันได้ ไหม สรุปคือ 1. ประกันมีการเก็บเงินจากบัตร เครดิตเราไปแล้วสอง งวด ในครั้งเดียว 2. ใช้สิทธิ์ ประกันยังไม่ได้อีกต้องรอไปอีกสามสิบวัน ก็คือ 21 พฤษภาคม เลยอยากสอบถามผู้รู้ว่า ค่างวดที่จ่ายประกัน สองงวดที่เขาเก็บไป เขาเอาไปคลุ้มครองตอนไหนทำไมมันทำให้มีความรู้สึกว่าเบี้ยที่จ่ายไปสองงวดแรก เหมือนจ่ายทิ้ง ไม่ใช่น้อยๆ เลย ซึ่งตามความเข้าใจของเราคือ พอเดือนพฤษภาคม บริษัทประกัน เขาก็เก็บค่าประกันของเดือนพฤษภาคม อีกอยู่ดี มันก็จะจ่ายเดือนต่อเดือนไปเรื่อยๆ วอลผู้รู้ช่วยตอบคนไม่รู้อย่างเราที ว่า เดือนแรกหลังจากกรมธรรม์ผ่านอนุมัติแล้วไม่คุ้มครอง ผู้ทำประกันได้อะไรในเดือนนี้ไม่สะบายใจเลย บริษัทประกันอื่นก็เป็นแบบนี้หรอ ขอบพระคุณผู้มาตอบล่วงหน้าแบบสุภาพเป็นอย่างสูง,"ผู้ร้องเรียนทำประกันสุขภาพกับ Allianz Ayudhya ผ่านทางโทรศัพท์เมื่อวันที่ 7 เมษายน และได้รับกรมธรรม์เมื่อวันที่ 21 เมษายน
หลังจากนั้นป่วยเจ็บคอในวันที่ 28 เมษายน แต่ยังไม่สามารถใช้สิทธิประโยชน์ได้เนื่องจากต้องรออีก 30 วันจนถึงวันที่ 21 พฤษภาคม
ขณะเดียวกันระบบได้หักเบี้ยประกันจำนวนสองงวดในครั้งเดียวตั้งแต่เริ่มต้น
ผู้ร้องเรียนจึงรู้สึกกังวลว่าเบี้ยที่จ่ายไปสองงวดแรกอาจไม่มีผลคุ้มครองในช่วงเวลาดังกล่าว",test,Hybrid,2025,15,4,3.75,0.5601699948310852,0.4761445522308349,0.523855447769165
42299732,เพื่อนๆที่ใช้ประกันสุขภาพอยู่ ไม่ทราบว่ามีประสบการณ์กรณีต้องสำรองจ่าย จากบริษัทประกันค่ายไหนบ้าง. สืบเนื่องจากกระทู้ก่อนหน้า คิดเห็นว่าน่าจะเป็นประโยชน์กับคนที่เข้ามาหาข้อมูลเกี่ยวกับประกันสุขภาพ อยากทราบว่า 1 เพื่อนๆ เคยมีประสบการณ์ที่ต้องสำรองจ่ายจากบริษัทประกันไหนบ้าง 2 ทำไมถึงต้องสำรองจ่าย 3 หลังจากสำรองจ่ายได้เงินคืนภายในกี่วัน. 4 กรณีไม่ได้คืนบริษัทปฏิเสธเนื่องจากสาเหตุใด จริงๆพยายามหาข้อมูลสถิติเกี่ยวกับการปฏิเสธแฟกซ์เคลมแต่คิดว่าน่าจะเป็นข้อมูลภายในของ คปภ. และบริษัทประกันแต่ละแห่งก็คงไม่อยากเปิดเผยข้อมูลด้านนี้เท่าไหร่ พยายามหาแล้วไม่มีจริงๆครับ จึงอยากจะได้ข้อมูลของคนที่ใช้งานจริงประสบการณ์จริง คาดหมายว่ากระทู้นี้จะเป็นกระทู้ที่ทำให้คนที่กำลังสนใจประกันสุขภาพ ได้ประโยชน์ไม่มากก็น้อย และอาจจะเป็นแรงกระเพื่อมถึงบริษัทประกันแต่ละแห่ง ให้มีความระมัดระวังในการปฏิเสธแฟกซ์เคลมในอนาคต ขอข้อมูลอย่างสร้างสรรค์ และเป็นจริง ไม่โจมตีค่ายไหนนะครับ ขอบคุณเพื่อนๆ ทุกคนมากๆครับ,"ผู้ร้องเรียนต้องการรวบรวมประสบการณ์จริงจากผู้ใช้บริการประกันสุขภาพเกี่ยวกับกรณีที่ต้องจ่ายเองก่อน
สอบถามว่าเคยมีประสบการณ์กับบริษัทประกันใดบ้าง รวมถึงเหตุผลที่ต้องจ่ายเอง
สอบถามระยะเวลาในการได้รับเงินคืนหลังจ่ายเอง และเหตุผลที่บริษัทปฏิเสธการคืนเงิน
หวังว่าข้อมูลจากผู้ใช้งานจริงจะช่วยให้ผู้สนใจประกันสุขภาพได้รับประโยชน์และอาจส่งผลให้บริษัทประกันพิจารณาปรับปรุงบริการ",test,Hybrid,2023,17,4,4.25,0.5338501334190369,0.4530457655588785,0.5469542344411215
42975087,อยากยกเลิกกรมธรรม์ที่ทำตอนขอลดดอกเบี้ยบ้านพิเศษ ได้ไหมคะ ซื้อบ้านหลังแรก ทางธนาคารให้ทำประกันชีวิตด้วย เพื่อที่จะขอดอกเบี้ยพิเศษ โดยที่ประกันตัวนั้นต้องจ่ายรายปี ประมาณ 30k ณ วันนี้ ได้โอนบ้านเรียบร้อยแล้ว ได้ดอกเบี้ยพิเศษแล้ว ค่าประกันชีวิตไม่ได้รวมอยู่ในวงเงินกู้บ้านค่ะ เราจ่ายต่างหากเป็นรายปี จริงๆแล้วตัวประกันไม่คุ้มเลย จะได้เงินก็ต่อเมื่อเสียชีวิตเท่านั้น และก็ยังต้องผ่อนบ้านต่อไปอีก กรณีนี้ถ้าเราขอยกเลิกกรมธรรม์ก่อนกำหนด ถ้าครบ3ปี รีเทนชั่นขอลดดอกเบี้ยบ้าน เขาจะเอาการยกเลิกกรมธรรม์นี้ไปเป็นข้อกำหนดไหมคะว่าจะไม่ลดดอกเบี้ยให้ ตอนทำครั้งแรกธนาคารบอกว่าไม่ได้บังคับทำ แต่ถ้าไม่ทำก็โดนดอกเบี้ยสูงมากค่ะ,"ผู้ร้องขอต้องการยกเลิกกรมธรรม์ประกันชีวิตที่ทำไว้เมื่อสมัครสินเชื่อบ้านพิเศษเพื่อรับดอกเบี้ยพิเศษ
กรมธรรม์ดังกล่าวเป็นเงื่อนไขจากธนาคาร โดยต้องชำระค่าเบี้ยรายปีประมาณ 30,000 บาท แยกจากวงเงินกู้บ้าน
ปัจจุบันได้ชำระค่าบ้านครบถ้วนและได้รับดอกเบี้ยพิเศษไปแล้ว
ผู้ร้องเห็นว่ากรมธรรม์ไม่มีประโยชน์มากนัก เนื่องจากคุ้มครองเฉพาะกรณีเสียชีวิตเท่านั้น",test,Hybrid,2024,14,4,3.5,0.498200923204422,0.4405999978383382,0.5594000021616619
43673491,ประกันชีวิตกรุงไทยแอ็กซ่าดีไหมครับ คือคิดอยุ่ว่าอยากทำประกันให้ตัวเอง 1.อายุ16 อยุ่ในช่วงวัยรุ่นไม่รุ้จะเกิดอะไรตอนไหน 2.ไม่มีเงินสำรองสงสารพ่อแม่ อยากรับผิดชอบเอง อยากได้แบบรักษาเอกชน รพ.สินแพทย์ รพ.กรุงเทพ รพ.เปาโล รพ.พญาไท ฯลฯ อุบัติเหตุหนัก ป่วย ปวดท้องที่ต้องแอดมิท ส่งรายปีถูกๆ แนะนำได้นะครับ ส่วนตัวมีภูมิแพ้ แพ้อากาศ มด ผึ้ง อาหารทะเล แพ้เยอะครับอยากให้ประกันรองรับเรื่องนี้ด้วย แนะนำหน่อยนะคาบ,"ผู้ร้องเรียนอายุ 16 ปี ต้องการซื้อประกันชีวิตเพื่อรับผิดชอบตนเองและลดภาระครอบครัว
มีประวัติภูมิแพ้หลายชนิด เช่น แพ้อากาศ มด ผึ้ง และอาหารทะเล
ต้องการแผนประกันที่คุ้มครองการรักษาพยาบาลในโรงพยาบาลเอกชน การเจ็บป่วยฉุกเฉิน และการเข้ารับการรักษาจากอุบัติเหตุร้ายแรง
ขอคำแนะนำแผนประกันที่มีเบี้ยประกันปีละไม่สูงเกินไปและครอบคลุมโรคภูมิแพ้ที่มีอยู่",test,Hybrid,2025,12,4,3.0,0.4215891361236572,0.3946921030680338,0.6053078969319662
43648686,ทำอย่างไรดี ประกัน 3 ฉบับเคลมแล้วไร้วี่แวว Allianz ประกันโรคร้าย 2 ฉบับ แจ้งเคลมไป 3 เดือนแล้วไม่เคยมีใครจาก Allianz ติดต่อกลับสักครั้ง และไม่รู้เอกสารตัวจริง ที่หมอเซ็นต์ให้ ทั้งหมดหายหรือเปล่า เพราะโทรเข้าบริษัท เป็นสิบครั้ง พนักงานตอบแค่รับเรื่อง ตอบข้อมูลอื่นๆไม่ได้เลย ส่งข้อความไปทาง Facebook inbox ในพันทิพ เท่าที่ทำได้แล้ว ก็ยังไม่มีใครติดต่อกลับ ประกันทรัพย์สิน Allianz อีกฉบับ แจ้งเคลมภัยจากน้ำไป 2 เดือนแล้วก็เงียบเหมือนกัน ทั้งรายการที่ซ่อมไปแล้วและยังรอซ่อม บริษัทที่มา Survey แจ้งว่ารายการที่ซ่อมไปแล้วไม่สามารถเคลมได้ แต่ในเอกสารมีบอกรายการซ่อมแล้วเคลมได้ เพราะถ้าให้รอ บ้านคงน้ำท่วมไปแล้ว บวกกับเท่าที่โทรถามคอลเซ็นเตอร์บริษัท Survey น่าจะไม่ได้ส่งงานให้ และติดต่อ Survey ไม่ตอบไม่อ่าน และรับสายบ้างบางครั้ง แต่ไม่มีอัพเดตให้แจ้งแค่ว่า เดี๋ยวดูให้ ทำมาหลายปีแล้วเพิ่งจะทำเคลม และเพิ่งจะรู้ว่าเคลมยากขนาดนี้ ใดๆ คือไร้การติดต่อกลับ และประกันโรคร้ายจะไปทำเจ้าอื่นก็คือไม่ได้แล้ว ทำให้เสียโอกาสที่จะได้ผลประโยชน์ตรงนี้ไป สามารถทำอะไรได้บ้าง,"ผู้ร้องเรียนแจ้งว่ามีประกันจาก Allianz จำนวน 3 ฉบับ ที่ได้ดำเนินการเคลมมาแล้วแต่ยังไม่ได้รับการติดต่อกลับจากบริษัท
ประกันโรคร้าย 2 ฉบับที่แจ้งเคลมไปแล้วกว่า 3 เดือน ไม่มีเจ้าหน้าที่ติดต่อกลับ และไม่ทราบว่าเอกสารต้นฉบับที่แพทย์ออกให้มีความเสียหายหรือไม่
ประกันทรัพย์สินอีกฉบับที่แจ้งเคลมจากเหตุน้ำท่วมไปแล้ว 2 เดือน ก็ยังไม่มีการอัปเดตสถานะ และบริษัทสำรวจ (Survey) ไม่ส่งรายงานหรือตอบกลับการติดต่อ
ผู้ร้องเรียนระบุว่าพยายามติดต่อผ่านหลายช่องทางแต่ไม่ได้รับคำตอบอย่างเป็นรูปธรรม และกังวลว่าอาจสูญเสียสิทธิประโยชน์จากการเคลมในอนาคต",test,Hybrid,2025,14,4,3.5,0.5603940486907959,0.7315704822540283,0.2684295177459717
42957340,ทำประกันสุขภาพกับตัวแทน หรือกับธนาคารดีคะ สอบถามค่ะ ประกันสุขภาพควรทำกับตัวแทน หรือเดินเข้าไปสมัครออนไลน์กับทางธนาคารดีค่ะ ที่รู้มาธนาคารที่ใช้ทั้งกรุงไทย และกสิกรไทย เปิดรับทำประกันทั้ง 2 เลย กสิกรเห็นว่าเช็คได้เลยในแอพ หรือว่าควรทำกับตัวแทนที่รับทำดีค่ะ เห็นว่าเครมง่ายกว่าไม่ยุ่งยาก แต่ต้องชำระเบี้ยยอดเติม ชำระก่อน 3 เดือน หรือบัตรเครดิตค่ะ ว่าจะทำเพิ่มตอนนี้มีประกันสังคมอยู่จุฬารัตน์ 9 ค่ะ เงินเดือนไม่สูงประมาณ 13500 ค่ะ ปกติจ่ายเบี้ยถึงอายุเท่าไหร่คะ หรือตลอดชีวิต ถ้าเริ่มสมัครตั้งแต่อายุ 25 30 ค่ะ มีแบบจ่ายกำหนดปีเท่านั้นเท่านี้ปี คุ้มถึง 99 ปีไหมคะ ป่วยไม่นอนเคยนอนโรงพยาบาลทำช่วง 30 ได้รึเปล่าคะ ว่าจะเก็บเงินก่อนแล้วค่อยเริ่มสมัครตอน 30 จะเวิร์คไหมคะ แล้วใช้แค่สิทธิ์ประกันสังคมไปก่อนค่ะ ถ้าสมัครของกสิกรเป็นของเมืองไทยประกันชีวิต เวลาจะเครมต้องทำยังไงมั้งคะ ต้องสำรองจ่ายไปก่อนไหมคะ ที่เปิดรับสมัครตามเว็บ ปีไม่ถึง 1000 บาทนี้สมัครได้จริงไหมคะ เหมาๆคุ้มครองควรเลือกแบบเหมาจ่ายปีละ 5แสน 8แสน 1ล้าน 5ล้าน ควรเลือกเท่าไหร่ดีคะ คิดว่าจะปิดหนี้การศึกษาก่อนค่อยมาทำค่ะ เหลืออีกประมาณ 3000 บาท คิดว่าปลายปีหน้าน่าจะหมดค่ะ,"ผู้ร้องเรียนสอบถามข้อมูลเกี่ยวกับการสมัครประกันชีวิตพร้อมสิทธิ์ใช้ร่วมกับประกันสังคม โดยมีรายได้ประมาณ 13,500 บาทต่อเดือน
สอบถามระยะเวลาการชำระเบี้ย รวมถึงความคุ้มครองจนอายุ 99 ปีหรือตลอดชีวิต หากเริ่มสมัครที่อายุ 25–30 ปี
สอบถามขั้นตอนการเคลมเมื่อใช้บริการกับบริษัทประกันชีวิตของเมืองไทย และต้องสำรองจ่ายเองหรือไม่
สอบถามความเหมาะสมของวงเงินคุ้มครองและการสมัครในช่วงที่ยังไม่สามารถจ่ายเบี้ยได้เต็มที่",test,Hybrid,2024,16,4,4.0,0.5236589312553406,0.5079203049341837,0.4920796950658163
43649966,ขับรถช่วงเกิด สงคราม ประกันภัยรับผิดชอบไหม ประกันภัยรถยนต์ โดยทั่วไป ไม่รับผิดชอบ ความเสียหายที่เกิดจากสงคราม เว้นแต่มีเงื่อนไขพิเศษในกรมธรรม์ที่ระบุไว้ชัดเจน ดังนี้ 1. ประกันภัยรถยนต์ทั่วไป ภาคสมัครใจ ชั้น 1 2 3 ไม่คุ้มครอง ความเสียหายจาก สงคราม War การรุกราน การก่อการร้าย การจลาจล หรือการปฏิวัติ การยึดทรัพย์ของรัฐ ทหาร เพราะถือว่าเป็น เหตุสุดวิสัย ที่บริษัทประกันไม่สามารถประเมินความเสี่ยงและควบคุมได้ ตัวอย่างข้อความในกรมธรรม์ ไม่คุ้มครองความเสียหายอันเกิดจาก สงคราม การรุกราน การปฏิวัติ การก่อการร้าย หรือการกระทำของทหารในการใช้กำลัง 2. พ.ร.บ. รถยนต์ ประกันภาคบังคับ ยังคง คุ้มครองค่ารักษาพยาบาลของ บุคคลภายในรถ คนขับ ผู้โดยสาร หากเกิดอุบัติเหตุ ไม่ว่าจากเหตุใดก็ตาม ยกเว้นบางกรณีที่พิสูจน์ได้ว่าเจตนาเข้าพื้นที่เสี่ยงโดยประมาทร้ายแรงหรือจงใจ 3. ถ้าอยากให้คุ้มครองช่วงสงคราม ต้องทำอย่างไร ต้องซื้อ ประกันภัยเฉพาะทาง เช่น ประกันภัยรถยนต์ในเขตพื้นที่สงคราม War Risk Insurance Rare and Expensive หรือประกันภัยพิเศษที่มีเงื่อนไขระบุว่า คุ้มครองเหตุจากสงคราม การจลาจล แต่บริษัทประกันในไทย แทบไม่มีใครขายประกันแบบนี้ให้บุคคลทั่วไป เพราะความเสี่ยงสูงและยากต่อการประเมิน ขับรถช่วงเกิด สงคราม หรือ สถานการณ์ฉุกเฉินทางทหาร เป็นสถานการณ์ที่อันตรายและไม่ปกติอย่างยิ่ง การกระทำใด ๆ ควรตั้งอยู่บนความปลอดภัยของตัวเองเป็นหลัก,"ความเสียหายจากสงคราม การรุกราน การก่อการร้าย หรือเหตุการณ์ทางการเมืองถือเป็นเหตุสุดวิสัยที่บริษัทประกันไม่คุ้มครองตามกรมธรรม์ทั่วไป
ประกันภัยรถยนต์ภาคบังคับยังคุ้มครองค่ารักษาพยาบาลในกรณีเกิดอุบัติเหตุ แม้จะเกิดจากเหตุการณ์ไม่ปกติ แต่อาจไม่ครอบคลุมหากเกิดจากการกระทำโดยเจตนาเข้าพื้นที่เสี่ยง
หากต้องการความคุ้มครองในสถานการณ์เช่นนี้ จำเป็นต้องซื้อประกันเฉพาะทาง เช่น War Risk Insurance ซึ่งมีความเสี่ยงสูงและมักไม่มีให้บริการแก่ประชาชนทั่วไปในประเทศไทย
การขับรถในช่วงสงครามหรือสถานการณ์ฉุกเฉินทางทหารจึงถือเป็นอันตรายอย่างยิ่งและไม่อยู่ภายใต้ขอบเขตความคุ้มครองของกรมธรรม์ทั่วไป",test,Hybrid,2025,21,4,5.25,0.5205373167991638,0.5195654233296711,0.4804345766703288
42885573,ขอเบิกเครมประกัน บ.สยามสไมล์ ได้ยากมาก เรื่องมาก แม่เราเส้นเลือดแตกในก้านสมอง รอดมาได้ ตัวแทนก็โง่ เราก็บอกไปอยู่ว่านอน รพ.หลายคืน ไม่บอกว่าขอประวติ การรักษาด้วย เราก็ต้องขับรถไป รพ.60 โล เพื่อไปขอประวัติ กว่าจะได้ก็ 2 อาทิตย์ พอได้มาไปยื่นประกัน บอกว่าอยากได้ประวัติเพิ่มเติม ยื่นใบคำถามแพทย์ ให้เราไปขอลายเซ็นอีก เออ อิดอก ทำไมไม่เอามาให้กูตั้งแต่ตอนขอประวัติครั้งแรก 2เดือน จนแม่กูะหายจากอัมพฤตละเอกสารยังไม่ไปไหนเลย แผนกเครมก็ขอ จะเอาประวัติตั้งแต่แม่กูเกิดเลยมั้ง อิดอก ไม่อยากให้ก็ไม่พูดดีๆกูจะได้ยกเลิกไม่ทำด้วย อิตัวแทนก็พูดกะแทกแดกดัน ถามความคืบหน้าเรื่องเอกสาร ตอบกวนตีน โมโห ประกันสุขภาพสยามสไมล์,"ผู้ร้องเรียนระบุว่าต้องเดินทางไกล 60 กิโลเมตรเพื่อขอประวัติการรักษาหลังจากถูกแจ้งว่าไม่สามารถขอได้ที่โรงพยาบาล
ต้องใช้เวลานานกว่า 2 สัปดาห์จึงได้รับเอกสาร และเมื่อนำไปยื่นกับบริษัทประกันกลับถูกเรียกร้องให้เพิ่มเอกสารอีกหลายชุด
ผู้ร้องเรียนแสดงความไม่พอใจต่อการดำเนินการที่ล่าช้าและไม่ชัดเจน โดยเฉพาะการขอประวัติย้อนหลังตั้งแต่เกิด ซึ่งมองว่าไม่สมเหตุสมผล
รวมถึงความไม่พอใจต่อท่าทีของเจ้าหน้าที่ที่ดูเหมือนไม่จริงจังและตอบโต้อย่างไม่เหมาะสม",test,Hybrid,2024,16,4,4.0,0.4328747093677521,0.592493971188863,0.4075060288111369
43604578,ประกันกลุ่ม AIA ไม่คุ้มครองประกันสุขภาพบางโรงพยาบาล ด้วยเหรอ คือวันนี้ไป โรงพยาบาลลาดพร้าว เพื่อรักษาอาการปวดหลังชาลงแขนหรือที่เรียกว่าอาการออฟฟิตซินโดรม แต่ยังไม่ทันได้ไปหาหมอ พยาบาลแจ้งว่าสิทธิ์ประกันกลุ่มของ AIA ที่ใช้อยู่ คุ้มครองแค่อุบัติเหตุเพียงอย่างเดียว ไม่คุ้มครองสุขภาพ แม้จะบอกว่าจะขอสำรองจ่ายเงินเอง แล้วจะไปทำเคลมทีหลัง พยาบาลก็ยังแจ้งว่าเจ้าหน้าที่ AIA ที่ปลายสายบอกว่ายังไงก็ไม่สามารถเคลมได้เนื่องจากสัญญาประกันกลุ่มของบริษัท คุ้มครองแค่ประกันอุบัติเหตุอย่าเดียว ไม่คุ้มครองสุขภาพ ตอนนั้นคืออายมาก ไม่เคยใช้ประกันกลุ่มมาก่อน สุดท้ายก็ไม่ได้เข้าไปรักษา ต้องเสียเวลาไปเปล่าๆ ครึ่งวัน กลับมาถึงบ้าน Call center AIA โทรกลับ เนื่องจากฝากตอนที่อยู่โรงพบาบาลไม่สามารถติดต่อ Call center ตอนนั้นได้ ทำได้แค่ฝากเบอร์โทรกลับ เจ้าหน้าที่ Call center ก็ยืนยันว่า ประกันกลุ่มของเราที่ทำอยู่คุ้มครองทั้งประกันอุบัติเหตุ และ สุขภาพ ก็ทำให้งงไปอีกว่าทำไมโรงพยาบาลถึงปฎิเสธถึงแม้จะบอกว่าจะขอสำรองจ่ายเพื่อไปเคลมทีหลัง ก็ยังบอกว่าเคลมทีหลังก็ไม่ได้อยู่ดี จึงได้แต่สงสัยว่า อาจจะเป็นเพราะไม่ใช่ทุกโรงพยาบาลที่รับเคสประกันสุขภาพกับประกันกลุ่มของ AIA หรือเปล่า,"ผู้ร้องเรียนไปรักษาที่โรงพยาบาลลาดพร้าวด้วยอาการปวดหลังชาลงแขน แต่พยาบาลแจ้งว่าสิทธิ์ประกันกลุ่ม AIA ที่ใช้อยู่คุ้มครองเฉพาะอุบัติเหตุเท่านั้น
แม้ผู้ร้องเรียนเสนอจะจ่ายเองและเคลมทีหลัง แต่โรงพยาบาลยืนยันว่าไม่สามารถดำเนินการได้ตามนโยบายของสัญญาประกันกลุ่ม
ขณะที่เจ้าหน้าที่ศูนย์บริการลูกค้า AIA กลับระบุว่าประกันกลุ่มนี้ครอบคลุมทั้งอุบัติเหตุและสุขภาพ ทำให้เกิดความสับสน
ผู้ร้องเรียนจึงสงสัยว่าอาจมีข้อจำกัดในการใช้สิทธิ์กับโรงพยาบาลบางแห่ง โดยไม่มีการแจ้งข้อมูลชัดเจนล่วงหน้า",test,Hybrid,2025,16,4,4.0,0.5112425088882446,0.6269009908040364,0.3730990091959636
43547615,ประกันไม่จ่ายชดเชยรายได้กรณี Covid ต้องนอนรพ.เท่านั้น แต่รพ.ให้กลับบ้านเพราะประกันสุขภาพจะไม่จ่าย รพ.ไม่รับผู้ป่วยให้กลับไปรักษาตัวที่บ้าน พร้อมให้ยาพาวิ มากิน 5 วัน แต่รพ.ไม่รับเป็นผู้ป่วยใน เรามีประกันนอนรพ.มากกว่า 1 บริษัท แต่ทางรพ.ไม่ให้นอน อ้างว่าประกันจะไม่จ่าย ให้กลับไปรักษาตัวที่บ้าน มันเคยมีประกาศไม่ใช่เหรอผู้ป่วยที่รักษาตัวที่บ้าน สามารถเบิกเคลมชดเชยรายได้ พอเรายื่นเคลมไปว่าได้รับวินิจฉัยจากแพทย์ให้พักรักษาตัวที่บ้าน 5 วัน รายการยามีฟาวิ มีผล Lab มีใบรับรองแพทย์ มีใบเสร็จค่ารักษาพยาบาล วินิจฉัยแพทย์มี 2 ท่าน เพราะวันที่เข้าเป็นพบแพทย์เป็นเวรแพทย์ฉุกเฉิน และมี Follow 3 วัน เราไปตามที่ Follow แบบนี้ไม่เข้าข่ายได้รับการชดเชยเหรอคะ,"โรงพยาบาลปฏิเสธการรับผู้ป่วยเป็นผู้ป่วยใน แม้มีประกันสุขภาพที่ครอบคลุมการนอนรักษาตัว
ผู้ป่วยได้รับคำแนะนำให้กลับไปรักษาตัวที่บ้านพร้อมยาพาวิ 5 วัน และมีใบรับรองแพทย์จากแพทย์ 2 ท่าน
มีเอกสารประกอบครบถ้วน เช่น ผลตรวจเลือด ใบเสร็จค่ารักษา และใบรับรองแพทย์ที่ระบุพักรักษาตัวที่บ้าน
ผู้ร้องเรียนสอบถามว่ากรณีดังกล่าวควรเข้าข่ายได้รับการชดเชยรายได้ตามประกาศของหน่วยงานที่เกี่ยวข้องหรือไม่",test,Hybrid,2025,15,4,3.75,0.5564524531364441,0.3843859831492106,0.6156140168507894
43141372,โดนรถขับชนท้าย แต่คู่กรณีไม่มาเจรจาตามนัด เราโดนรถขับชนท้ายระหว่างชะลอเลี้ยวเข้าซ้อยบ้านค่ะ แรงกระแทกทำให้เรากระเด็นไปโดนแท็กซี่ที่ขับสวนมา ซึ่งเราเป็นฝ่ายถูก ไปถึงสน. ตำรวจลงบันทึกประจำวัน และจะนัดคุยเรื่องค่าเสียหายหลังเรารักษาตัวเสร็จ เรากับคู่กรณีมีประกันทั้งคู่ ก่อนหน้านี้เรานัดกับคู่กรณี โทรไปก็รับสายเราปกติค่ะ ก่อนถึงวันนัด1วัน เราบอกเขาว่าเราจะขอค่าทำขวัญ แต่ยังไม่ระบุจำนวนเงิน พอถึงวันนัด คู่กรณีไม่รับสายเราและไม่มาตามนัด กรณีนี้ เราสามารถเรียกร้องหรือให้ทางตำรวจตามให้ได้มั้ยคะ หรือต้องปล่อยเพราะประกันชดใช้ให้แล้ว ปล.คู่กรณีไม่ขอโทษเราสักคำตั้งแต่ชนยันเรารักษาตัวเสร็จ,"เราถูกคู่กรณีขับรถชนท้ายขณะชะลอตัวเพื่อเลี้ยวเข้าซอยบ้าน
เหตุการณ์ทำให้รถกระเด็นไปชนแท็กซี่ที่ขับสวนมา ซึ่งเราเป็นฝ่ายถูกกระทำ
คู่กรณีไม่มาเจรจาตามนัดที่ตกลงไว้ แม้ก่อนหน้านี้จะติดต่อได้ปกติ
เราสามารถเรียกร้องความรับผิดชอบหรือให้ตำรวจช่วยตามหาได้ แม้จะมีประกันรับผิดชอบก็ตาม",test,Hybrid,2024,13,4,3.25,0.588412880897522,0.3397542238235473,0.6602457761764526
42619263,เคลมประกันอุบัติเหตุ เผื่อมีนายหน้ามาตอบ ทำไมเวลาขายประกันให้เรา มักจะบอกว่าเคลมได้ทุกกรณี เราก็บอกนะว่าใช้สิทธิ์จ่ายตรงอยู่แล้ว และก็ถือฉบับอื่นอยู่แล้ว 4 ใบ ก็คือไม่อยากทำเพิ่มนั่นแหละ สุดท้ายก็ซื้อเพราะเห็นว่ามันมีความต่างกับฉบับที่ถืออยู่ เราแยกถือ ชีวิตอย่างเดียว ชีวิต ปันผล ชีวิต โรคร้ายแรง ชีวิต อุบัติเหตุ ที่พูดถึงนี้คือประกันอุบัติเหตุ เราโดนหมากัด ไม่เป็นไรมาก ทำแผล ฉีดยาที่รพ.รัฐ เบิกจ่ายตรงไปแล้ว ก็มานึกถึงคำพูดของตัวแทนตอนที่โทรมาขายประกัน บอกว่า รถล้ม มีดบาด เล็กๆน้อยๆ ก็เคลมได้ ก็เลยโทรเช็คกับคอลเซนเตอร์ของบ.นั้น คำตอบที่ได้คือ เราจ่ายตรงไปแล้วเคลมไม่ได้มันซ้ำซ้อน . เราพลาดตรงไหน เคยมีฉบับเก่าที่เวนคืนไปเพราะเบี้ยแพง ตอนนั้นเคลมได้นะ หรือเพราะว่าคนละบ.,"ผู้ร้องเรียนซื้อกรมธรรม์ประกันอุบัติเหตุหลังจากได้รับข้อมูลจากตัวแทนว่าสามารถเคลมได้ในทุกกรณี รวมถึงอุบัติเหตุเล็กน้อย
ขณะนั้นผู้ร้องเรียนระบุว่าใช้สิทธิ์เบิกจ่ายตรงอยู่แล้ว และถือกรมธรรม์อื่นอยู่ 4 ฉบับ จึงไม่ต้องการซื้อเพิ่ม
เมื่อเกิดเหตุโดนหมากัดและเข้ารับการรักษาที่โรงพยาบาลรัฐโดยใช้สิทธิ์จ่ายตรง จึงติดต่อสอบถามบริษัทเพื่อขอเคลมตามคำพูดของตัวแทน
บริษัทแจ้งว่าการเบิกจ่ายตรงแล้วจึงไม่สามารถเคลมซ้ำได้ ทำให้ผู้ร้องเรียนรู้สึกสับสนและสงสัยว่าตนเองพลาดตรงใด",test,Hybrid,2024,20,4,5.0,0.4135957360267639,0.5631457964579264,0.4368542035420736
42924892,ใครเคลมประกันชับบ์สามัคคี แล้วได้เงินบ้าง ใช้เวลากี่วัน ชับบ์สามัคคีประกันภัย มีใครเคยเคลมสินไหมทดแทน โรคมะเร็ง บริษัทนี้ แล้วได้เงินบ้างไหม นี่ผ่านมาเดือนกว่าแล้ว กับการส่งเอกสารไป ตอบมาแค่ว่า อยู่ระหว่างพิจารณา ไม่มีอะไรเพิ่มเติ่มเลย จะยกเลิกกรมธรรม์ก็ไม่แจ้งว่ายกเลิกให้แล้วเสร็จ หรือยังไม่ดำเนินการ เคลมก็เงียบ ยกเลิกก็เงียบ แต่ยังมีตัวแทนเสนอหน้ามาขายประกันอยู่ต่ออีก,"ผู้ร้องเรียนมีประสบการณ์ในการเคลมสินไหมจากบริษัทชับบ์สามัคคีประกันภัย หลังจากส่งเอกสารไปเกินหนึ่งเดือน
บริษัทยังไม่แจ้งผลการพิจารณาอย่างชัดเจน และมีเพียงข้อความว่า ""อยู่ระหว่างพิจารณา""
ขณะเดียวกัน การขอยกเลิกกรมธรรม์ก็ไม่มีการยืนยันว่าดำเนินการสำเร็จหรือยัง
ทั้งนี้ ยังมีตัวแทนเข้ามาเสนอขายประกันอยู่ ซึ่งทำให้รู้สึกสับสนและไม่โปร่งใส",test,Hybrid,2024,13,4,3.25,0.3426934480667114,0.5224950710932413,0.4775049289067586
43385780,รถอีวีเคลมพุ่ง ประกันขาดทุน อะไหล่แพง วิริยะนำทีม ขึ้นเบี้ย เครดิตแหล่งข่าว เจ้าของบทความโดย รถอีวีเคลมพุ่ง ธุรกิจประกันขาดทุน ค่าสินไหม ค่าใช้จ่ายรวม ทะลุ 100 เหตุต้นทุนค่าอะไหล่แพง วิริยะ เจ้าตลาดส่งสัญญาณขึ้นเบี้ยสองดิจิต ลุยเจรจาผู้ผลิต ตัวแทนจำหน่ายปรับลดค่าอะไหล่ เตรียมส่งประกันรถอีวี 2 ซ่อมห้างตอบโจทย์ลูกค้า กรุงเทพประกันภัย เจรจาร่วมทุนจีนเปิดอู่ซ่อมอีวีมาตรฐานแข่งกับศูนย์ หวังกดค่าซ่อมรถอีวีต่ำลง เตือนปัญหาดัมพ์ราคาอีวี กระทบธุรกิจประกันเสี่ยงเกิด Moral Hazard จงใจเคลมประกัน เมืองไทยประกันภัย ไม่ผลีผลามบุกตลาดอีวี เข้ารับประกันตลาดรถเฉพาะกลุ่ม แหล่งข่าววงในธุรกิจประกันวินาศภัยไทยเปิดเผย ประชาชาติธุรกิจ ว่า ภาพรวมการรับประกันภัยรถยนต์ไฟฟ้า อีวี ปัจจุบันยังค่อนข้างมีความเปราะบางมาก ทั้งตลาดมีการรับประกันรถอีวีอยู่ประมาณ 1.66 แสนคัน คิดเป็นเบี้ยประกันภัยรับรวม 500 600 ล้านบาท จากเบี้ยประกันทั้งระบบเกือบ 3 แสนล้านบาท วิริยะ ส่งสัญญาณขึ้นเบี้ยอีวี เตรียมเปิดตัวประกันอีวี2 กรุงเทพฯ พอร์ตอีวีไม่มีกำไร ร่วมทุนจีนเปิดอู่ซ่อมอีวี เตือนจงใจเคลมประกัน เมืองไทยไม่ผลีผลามบุกอีวี แอกซ่าไม่แข่งสงครามราคา. อ่านรายละเอียดของหัวข้อเหล่านี้ในข่าวต้นฉบับได้ที่,"บริษัทประกันภัยหลายแห่งเผชิญความท้าทายจากต้นทุนการซ่อมรถอีวีที่สูง โดยเฉพาะค่าอะไหล่และค่าใช้จ่ายรวมที่ทะลุ 100 ล้านบาท
วิริยะประกันภัยเตรียมขึ้นเบี้ยประกันรถอีวีและเปิดตัวผลิตภัณฑ์ใหม่ พร้อมเจรจาผู้ผลิตและตัวแทนจำหน่ายเพื่อลดต้นทุน
กรุงเทพประกันภัยวางแผนร่วมทุนกับบริษัทจีนเปิดอู่ซ่อมอีวีมาตรฐาน เพื่อลดค่าซ่อมและแข่งขันกับศูนย์บริการเดิม
ธุรกิจประกันรถอีวียังมีความเปราะบาง โดยมีจำนวนรถรับประกันเพียง 1.66 แสนคัน และยังไม่มีบริษัทใดบุกตลาดอย่างหนักอย่างไร้ข้อจำกัด",test,Hybrid,2025,15,4,3.75,0.5860347151756287,0.4820702870686849,0.5179297129313152
42190305,ยกเลิกประกันอลิอันซ์ เราต้องทำยังไงเจ้าหน้าที่ถึงจะยกเลิกประกันให้เรา เมื่อวันที่16 8 66เวลาประมาณ18 00น.ได้มีเจ้าหน้าที่โทรศัพท์มาบอกว่าเราเป็นลูกค้าดีเยี่ยมส่งยอดตรงไม่เคยค้างค่างวดของอิออนส่วนตัวคิดว่าเป็นบริษัทอิออนที่โทรมา เจ้าหน้าที่ได้พูดต่อบลาๆมีเรื่องของประกันด้วยเราเยถามว่าใช่ประกันที่ทำไว้กับอิออนมั้ย เจ้าหน้าที่ก็พูดๆไปเราก็ถามนะว่าของอิออนถูกมั้ยแต่ตอนนี้นเราจำไม่ได้ว่าเจ้าหน้าที่ตอบว่าอะไรแล้วเจ้าหน้าที่ก็พูดแบบเหมือนแบะๆเร็วมากเราพลาดแหละที่คิดว่าเป็นของอิออนเจ้าหน้าที่ให้ตอบตกลงก็ตอบคือตอนนั้นให้ทำไรก็ทำตามนะแต่ก็แบบมีคิดอยู่นิดนึงว่ามันใช่หรอ แต่ก็ตอบไปเรียบร้อย จนวันที่24 8 66เราเข้าไปเช็คยอดเงินในแอพของอิออน สรุปโดยหักเงินไปเท่านั้นแหละเราติดต่ออิออนทันทีว่าหักอะไรเพราะไม่มีแจ้งเตือนเลย เลยรู้ว่าหักประกันของอลิอันซ์เท่านั้นแหละเราก็โทรหาบริษัทประกันถามว่ายกเลิกยังไงโทรติดต่อไป2วันเจ้าหน้าที่บอกแค่ว่าส่งเรื่องไปแล้วส่งเอกสารมาให้แล้วบลาๆเราก็ยืนยันจะยกเลิกเราเลยโทรหาคอลเซ็นเตอร์อีกครั้งในตอน19 00น.เราบอกเจ้าหน้าที่ว่าเราต้องการยกเลิกกรมธรรมธ์แต่เจ้าหน้าที่ที่เราสอบถามตอนเช้าเค้าบอกว่าส่งเรื่องแล้วยกเลิกไม่ได้ต้องรอกรมธรรมธ์เจ้าหน้าที่เลยบอกว่ายกเลิกได้ค่ะ เท่านั้นแหละเราก็โทรไปขอยกเลิกในตอนเที่ยงเพราะเราทำงานตอนแรกเจ้าหน้าที่เหมือนจะไม่ยอมบอกรายละเอียดเราโมโหเลยบอกเจ้าหน้าที่ว่าเมื่อคืนโทรไปสอบถามมาเจ้าหน้าที่เค้าบอกว่ายกเลิกได้ทางนั้นเค้าก็เงียบแล้วซักพักเลยบอกวิธียกเลิกแต่เราได้ส่งเมลล์ไปแล้วแต่ยังมีข้อความส่งมาให้เราเปิดดูกรมธรรมธ์อยู่ จนถึงวันนี้27 8 66เจ้าหน้าที่ก็ยังไม่ได้ยกเลิกกรมธรรมธ์เราต้องทำยังไงดี เครียดมากเลยค่ะ,"ผู้ร้องเรียนระบุว่าถูกหักเงินจากบัญชีโดยไม่ได้รับแจ้งเตือน และทราบภายหลังว่าเป็นการหักค่าเบี้ยประกันภัยจากบริษัทอลิอันซ์
ผู้ร้องเรียนติดต่อขอยกเลิกกรมธรรม์ผ่านหลายช่องทาง แต่ได้รับข้อมูลที่ขัดแย้งกันจากเจ้าหน้าที่
แม้จะส่งเอกสารและยืนยันการยกเลิกแล้ว แต่จนถึงวันที่ 27 สิงหาคม 66 กรมธรรม์ยังไม่ถูกยกเลิก
ผู้ร้องเรียนแสดงความเครียดและขอคำแนะนำในการดำเนินการต่อไป",test,Hybrid,2023,16,4,4.0,0.6251564025878906,0.3863458236058553,0.6136541763941448
42732349,ยกเลิกประกันภัยของ CHUBBซิกน่า แต่เจ้าหน้าที่ไม่โทรติดต่อมาเสียเงินฟรีไปอีกเดือน โทรไปขอยกเลิกประกันภัยตัวเก่าของ CHUBB เมื่อวันที่ 15 05 67 เจ้าหน้าที่บอกจะติดต่อกลับมา แต่รอจนถึงวันที่ 24 05 67 เจ้าหน้าที่ก็ยังไม่ติดต่อกลับมา จนวันนี้ 25 05 67 ประกันได้หักเงินไป 150 340 ซึ่งเป็นประกันตัวเก่าที่ผมโทรไปยกเลิก และเจ้าหน้าที่ก็ไม่เดินงานโทรมาซะที ผมต้องทำไงครับ กะว่าจะใช้ของตัวใหม่ แล้วยกเลิกอันเก่าไปเลย ก็ไม่ได้ยกเลิกซะที จนโดนหักเงินไปอีก และผมจะได้คืนหรือชดเชยคืนไหม ในเมื่อผมโทรไป 2 ครั้งแล้ว เขาก็บอกว่าจะให้เจ้าหน้าที่ทางด้านยกเลิกติดต่อกลับมา ป่านนี้ก็ยังไม่โทรกลับมา แถมโดนหักเงินอีก ประกันนี้ ได้มาจากธนาคาร TTB,"ผู้ร้องเรียนได้โทรไปขอยกเลิกกรมธรรม์ประกันภัยของ CHUBB ซิกน่าเมื่อวันที่ 15 พฤษภาคม 2567
เจ้าหน้าที่แจ้งว่าจะติดต่อกลับ แต่จนถึงวันที่ 25 พฤษภาคม 2567 ก็ยังไม่มีการติดต่อใดๆ
ในระหว่างนั้นได้มีการหักเงินจำนวน 150,340 บาท จากบัญชีสำหรับกรมธรรม์ที่ขอยกเลิกแล้ว
ผู้ร้องเรียนจึงขอความช่วยเหลือในการแก้ไขปัญหาการหักเงินโดยไม่มีการดำเนินการยกเลิกอย่างเป็นทางการ",test,Hybrid,2024,15,4,3.75,0.4273427128791809,0.5964583953221638,0.4035416046778362
43412994,ยกเลิกประกันสินเชื่อรถยนต์ของกสิกรไปแล้ว แต่ทำไมค่างวดไม่ลดลง ตอนไปขอไฟแนนส์ กับกสิกร เจ้าหน้าที่ไม่มีแจ้งว่าจะให้ทำประกันสินเชื่อไปด้วย มารู้ตอนอนุมัติแล้ว ยอดเบี้ย 3199 บาท ค่างวดรถเขารวมกับเบี้ยประกันไปด้วย เป็น 11031 บาท ในเอกสารก็ไม่มีแจกแจงว่า เฉพาะค่างวดรถเท่าไหร่ ค่าเบี้ยประกันสินเชื่อเดือนละเท่าไหร่ คิดยอดรวมมาเลย 11031 ทีนี่เราก็เลยทำเรื่องยกเลิกประกันสินเชื่อไปแล้วเรียบร้อย ยกเลิกแล้ว เลยเข้าไปเชคค่างวด ค่างวดยังเท่าเดิม ไม่ลดลง เลยโทรถามเจ้าหน้าที่ เจ้าหน้าที่แจ้งว่า ยกเลิกแล้วค่างวดก็เท่าเดิม เราเลยถามกลับไปว่า ทำไมเหรอคะ เขาไม่มีคำตอบให้ แค่บอกว่า จะให้เจ้าหน้าอีกฝ่ายติดต่อกลับว่าทำไมค่างวดเท่าเดิม ทั้งที่ยกเลิกประกันสินเชื่อไปแล้ว เราเลยถามเซลล์ว่า ค่างวดไม่รวมประกันสินเชื่อเท่าไหร่ เซลล์บอกว่า 10510 ค่าเบี้ยประกันสินเชื่อ 521 บาท ของเรางวดรถ 84 งวด 52184 43764 เลยที่เพิ่มมา 1103184 926604 1051084 882840 ใครเคยยกเลิกไหมคะ ค่างวดต้องลดลงไหม หรือเราจ่ายแค่ค่างวดรถได้ไหม,"ค่างวดรถยังคงอยู่ที่ 11,031 บาท แม้ผู้กู้จะยกเลิกประกันสินเชื่อไปแล้ว
เอกสารไม่ได้แยกแจ้งยอดค่าเบี้ยประกันสินเชื่อออกจากค่างวดรถ
เมื่อสอบถามเจ้าหน้าที่ ได้รับคำตอบว่าค่างวดไม่เปลี่ยนแปลงหลังยกเลิกประกัน
ผู้กู้จึงตั้งคำถามว่าควรได้รับการปรับลดค่างวดตามยอดที่แท้จริงหรือไม่",test,Hybrid,2025,17,4,4.25,0.6583418846130371,0.4637874364852905,0.5362125635147095
43193579,ทำไมการยกเลิกกรมธรรม์แบบ free look ถึงยกเลิกยากขนาดนี้ สวัสดีค่ะ อยากสอบถามเพื่อน ๆ ว่าเพื่อนมีปัญหาแบบเราไหมคะ ถ้ามีแล้วเพื่อน ๆ จัดการปัญหาที่ว่ายังไง เรื่องมีอยู่ว่าทางธนาคารไทยพาณิชย์โทรมาขายประกันค่ะ แต่คราวนี้ยกเลิกยากเพราะว่าไม่สามารถโทรยกเลิกได้เหมือนคราวก่อน ๆ เนื่องจากไม่ได้เป็นของไทยพาณิชย์อย่างเดียว เป็นการร่วมมือกันระหว่างสองแห่งคือธนาคารกับFWD ซึ่งเขาติดต่อมาคุย 18 ธันวาคมผ่านทางโทรศัพท์ ตอนแรกบอกว่าเป็นการลงทุนที่จะให้ฝากเงินออมแล้วจะให้เปอร์เซ็นต์ที่ดี 3 4 และมีประกันภัยเล็กน้อย เราคิดว่าอาจเป็นการลงทุนที่ดี แต่พนักงานที่ติดต่อขายโทรมาสามสี่หนแถมข้อมูลก็เปลี่ยนไปเปลี่ยนมา แล้วเราก็ติที่เขาโทรมาบ่อยเกินไป เราเลยบอกว่าหลังได้เล่มจะอ่านอีกที พอได้อ่านก็ยิ่งรู้สึกไม่ประทับใจตัวกรมธรรม์จึงพยายามยกเลิกค่ะ ได้ตัวเล่มเกือบสิ้นเดือน แต่ยกเลิกยากมากจริง ๆ อีเมลก็ไม่ตอบ ตั้งแต่วันที่ 3 มกราคม ช่องทางอื่น ๆ ก็เป็นบอท สิ่งที่เรากลัวคือ เงินที่เราเสียในการออมไปครั้งแรกจะไม่ได้คืน 1350 บาท เราพยายามดำเนินการให้เร็วที่สุดตามกฏหมายนะคะ เพราะอยากได้เงินก้อนนี้คืนมากจริง ๆ อยากเอาไปทำประโยชน์อื่น ๆ เช่นการลงทุนที่สนใจ แบบนี้สามารถยกเลิกวิธีอื่น ๆ อีกได้ไหมคะ ไม่อยากให้มันครบ 30 วัน เพราะจะไม่เข้าข่าย กรมธรรม์แบบ free look,"บริษัทเสนอผลิตภัณฑ์การลงทุนพร้อมสัญญาประกันภัย โดยระบุผลตอบแทนและเงื่อนไขเบื้องต้น แต่ข้อมูลที่ให้มาเปลี่ยนแปลงบ่อยระหว่างการติดต่อขาย
ผู้ร้องเรียนรู้สึกไม่ประทับใจในเนื้อหากรมธรรม์หลังได้รับเอกสาร และประสงค์ยกเลิกภายในช่วงเวลา free look
การติดต่อขอยกเลิกผ่านช่องทางต่าง ๆ กลับพบปัญหา เช่น อีเมลไม่ได้รับการตอบกลับ และช่องทางอื่นเป็นระบบบอท
ผู้ร้องเรียนกังวลว่าเงินจำนวน 1,350 บาท ที่เคยฝากไว้อาจไม่ได้รับคืน หากไม่สามารถดำเนินการยกเลิกได้ก่อนครบ 30 วัน",test,Hybrid,2025,16,4,4.0,0.567992627620697,0.4865088860193888,0.5134911139806112
43550264,ประกันรถยนต์ธนชาต เรื่องมีอยู่ว่า. ประกันรถยนต์ผม Honda City 2016 TTB Touch แอพเสนอต่อประกันแบบผ่อนได้ซึ่งผมได้ต่อไปโดยจ่ายงวดแรกไปเลยเมื่อเดือน 7กพ68 ซึ่งตอนนั้นประกันผมยังไม่หมดนะคับ หมดเดือน 9 พค 68 จนมาถึงวันหนึ่งที่ผมแอพ TTB Touch พอดีเเล้วเข้าไปเช็คตรงหมวดประกันเดือน มิย68 แอพขึ้นว่าประกันจะถูกยกเลิกเนื่องจากไม่ได้จ่ายค่างวด ผมเลยติดต่อไปที่ TTB Broker จนท แจ้งว่าผมไม่ได้จ่ายค่างวดประกันเลยจะยกเลิกคุ้มครอง ผมเลยเเจ้งไปว่า ไม่มีการเเจ้งเตือนให้จ่ายตัง หรือ QR Code จากแอพ TTB Touch เลยคับเพราะผมก็ งง ตั้งเเต่เดือน มีนาละว่าจะจ่ายยังไง ไม่มีจดหมายอะไรส่งมาที่บ้านให้ชำระเงินด้วย ผมก็นึกว่าต้องรอประกันตัวปัจจุบันที่จะหมดอายุ 9พค68 หมดอายุก่อนไหมถึงจะมียอดให้ชำระ ซึ่งก็ไม่มี แล้วทาง จนท บอกว่าตอนนี้ทางเรายึดจากระบบแอพเป็นหลัก และมีทางเดียวคือจ่ายยอดที่เหลือหมดเลย เพราะจะผ่อนก็ไม่ได้เเล้วเพราะไม่ได้จ่ายค่างวด ทั้งๆที่ผมเองรอการเเจ้งเตือน หรือ จดหมายกลับไม่มีให้จ่าย แล้วทำไม ธนชาติไม่โทรติดต่อ หรือ อะไรเลยละคับ งง ผมใช้ประกันคุณตั้งเเต่ปี 2017 เพราะต่อมาตลอด อย่างเซ็ง,"ผู้ร้องเรียนต่อประกันรถยนต์ผ่านแอพ TTB Touch โดยจ่ายงวดแรกในเดือนกุมภาพันธ์ 2568 ขณะที่ประกันเดิมยังไม่หมดอายุ
เมื่อตรวจสอบแอพในเดือนมิถุนายน 2568 พบข้อความแจ้งว่าประกันจะถูกยกเลิกเนื่องจากไม่ได้จ่ายค่างวด
ผู้ร้องเรียนระบุว่าไม่เคยได้รับการแจ้งเตือน จดหมาย หรือ QR Code สำหรับชำระเงิน และคาดว่าจะต้องรอให้ประกันเดิมหมดอายุก่อนจึงจะมีรายการชำระ
จนท.บริษัทฯ อ้างว่าดำเนินการตามระบบแอพเป็นหลัก และไม่อนุญาตให้ผ่อนชำระอีก เนื่องจากขาดการชำระค่างวด",test,Hybrid,2025,17,4,4.25,0.4925743043422699,0.6664230028788248,0.3335769971211751
42377372,ประกันGenerali บอกยกเลิกประกันไม่ได้ต้องปิดบัตรเท่านั้น สวัสดีค่ะ คือเราโดนประกันของบริษัทGeneraliหลอกขาย โดยใช้คำว่าเป็นตัวประกันเดิมแต่คุ้มครองเรื่องสุขภาพเข้ามาและไม่ได้เสียค่าใช้จ่าย ทางเราถามย้ำ3 4รอบว่าไม่เสียค่าใช้จ่ายจริงๆใช่ไหมก่อนพูดยืนยัน ทางคลอเซ็นเตอร์ก็บอกว่าไม่ได้เสียแค่เป็นการตอบตกลงรับข้อเสนอเฉยๆ แต่หลังจากนั้น30นาทีได้มีการหักเงินในบัตรเครดิตไปยอด2400กว่าๆ ทางเราได้มีการโทรยกเลิกเพราะยังไม่ครบ30วัน แต่ทางคลอเซ็นเตอร์โทรกลับมาแต่ไม่ได้พูดว่าขออัดเสียงเพื่อเป็นหลักฐาน แล้วบอกกับเราว่ายกเลิกประกันไม่ได้ จะยกเลิกได้อย่างเดียวคือต้องปิดบัตรเครดิต เราเลยบอกว่าได้ค่ะ ยืนยันว่ายกเลิกค่ะเดี๋ยวจะไปเคลียร์ยอดปิดบัตรเอง ทางคลอเซ็นเตอร์เลยไม่เซ้าซี่แล้วพูดขออนุญาตพูดใหม่แล้วอัดเสียงทำท่าว่าเหมือนพึ่งโทรมาใหม่ ว่าจะทำการยกเลิกให้ เราเลยอยากจะถามว่าต้องไปปิดบัตรเครดิตจริงๆไหมคะถึงจะยกเลิกได้ หรือว่าเขาแค่พูดโน้มน้าวเพื่อไม่ให้เรายกเลิกเฉยๆ,"ผู้ร้องเรียนระบุว่าได้รับข้อมูลจากศูนย์บริการว่าการสมัครบริการไม่มีค่าใช้จ่าย และเพียงแค่ตอบตกลงรับข้อเสนอ
อย่างไรก็ตาม ภายใน 30 นาทีหลังจากนั้น พบว่ามีการหักเงินจำนวน 2,400 บาท จากบัตรเครดิต
เมื่อติดต่อขอยกเลิกบริการเนื่องจากยังไม่ครบ 30 วัน ทางศูนย์บริการแจ้งว่ายกเลิกไม่ได้ เว้นแต่จะปิดบัตรเครดิต
ผู้ร้องเรียนจึงสอบถามย้ำว่าจำเป็นต้องปิดบัตรจริงหรือไม่ หรือเป็นเพียงแนวทางโน้มน้าวให้ไม่ยกเลิก",test,Hybrid,2023,12,4,3.0,0.5261414647102356,0.5412815411885579,0.4587184588114421
42599560,หาความเป็นธรรมเกี่ยวกับประกันสุขภาพค่ะ ของบริษัท เจนเนอราลี่ ฉบับที่1 2017 PP3 API วันที่ 15 สิงหาคม 2560 คุณได้ยกเลิกปีต่ออายุในปีต่ออายุ ฉบับที่2 2018 PP46 API วันที่ 14 กันยายน 2561 ยังมีควาคุ้มครองอยู่ คุณแม่ทำการผ่าตัดหัวเข่าค้านขวา กรมธรรม์ฉบับที่ 1 ที่แจ้งไว้ข้างต้น เคลมประกันได้ปี 2561 และต่อมาถูกปฏิเสธประกันฉบับนั้นทันทีในปี ต่อมา ไม่ต่ออายุสัญญาประกันให้ คุณแม่ได้ทำประกันฉบับใหม่ปี 2561 จ่ายเบี้ยประกันมาอย่างต่อเนื่อง 5 6 ปี และในใบคำขอก็ระบุชัดเจนแล้วว่า มีการผ่าตัดเข่าด้านขวามา ในเวลาต่อมาแม่ดิฉันเจ็บเข่าด้านซ้าย ได้ไปพบแพทย์ที่ โรงพยาบาล สมิติเวช ธนบุรี เดือนกันยา 66 ทำพรีเคลมไปบริษัทคุณพิจารณาอนุมัติมาแล้ว แต่แม่ดิฉันยังไม่พร้อมผ่า จนมาใน เดือนมีนา 67 แม่ดิฉันจะเดินไม่ไหวแล้วพร้อมผ่าเข่าแล้ว จึงได้ทำเรื่องพรีเคลมไปใหม่ แต่บริษัทเจนเนอราลี่ แจ้งปฏิเสธมา โดยดิฉันไปติดตามไปขอคำอธิบาย ได้คำตอบที่ว่าเป็นมาก่อนทำประกัน ก่อนทำประกันแม่ดิฉันไม่ได้มีปัญหากับเข่าข้างซ้ายแต่อย่างใด คุณบอกเป็นผลสืบเนื่องกัน บริษัทเจนเนอราลี่ ตอนนี้ฉันสงสารแม่ฉันมาก ติดต่อบริษัทกับฝ่ายสินไหมยากมาก ต้องคุยกับไลน์ที่ไร้ความชัดเจน แม่ฉันจะทำประกันทำไม เพราะสรุปสุดท้ายคุณก็แบบนี้ เหมือนฉันเจ็บไม่จำ ทำไมคุณไม่ยกเลิกกรมฯแม่ฉันตั้งแต่2ปีที่แล้ว แม่ฉันแจ้งในแถลงชัดเจน บริษัทเจนเนอราลี่ ขอความชัดเจนหน่อยค่ะ ถ้าแม่ฉันได้คำตอบและความชัดเจนดิฉันจะไม่มาขอความช่วยเหลือแบบนี้ค่ะ,"บริษัทเจนเนอราลี่ปฏิเสธการเคลมประกันสุขภาพฉบับใหม่ของคุณแม่ที่มีประวัติผ่าตัดเข่าด้านขวา แม้จะแจ้งข้อมูลดังกล่าวไว้ในใบคำขอ
บริษัทอ้างเหตุผลว่าอาการเจ็บเข่าด้านซ้ายเป็นผลจากภาวะเดิมก่อนทำประกัน ทั้งที่คุณแม่ไม่มีปัญหาเข่าซ้ายมาก่อน
การติดต่อขอคำอธิบายจากบริษัทมีความล่าช้าและไม่ชัดเจน โดยใช้ช่องทางไลน์ที่ไม่สะดวกในการดำเนินการ
ผู้ร้องเรียนรู้สึกไม่เป็นธรรมและเสียกำลังใจ เนื่องจากการเคลมถูกปฏิเสธแม้จะชำระเบี้ยประกันอย่างต่อเนื่องหลายปี",test,Hybrid,2024,20,4,5.0,0.5046936869621277,0.5679870049158732,0.4320129950841268
43404078,รบกวนสอบถามประกันสุขภาพ ว่าด้วยทำประกัน บ หนึ่ง มาสองปี เคลมไข้หวัดใหญ่ รพ เอกชนครั้งเดียว นอนสองวันค่ารักษาเท่าเบี้ย ปีหนึ่ง มาปีนี้ อ้างว่าอายุและ ค่ารักษารพ การเคลม โคเปเม้นถ้าไปที่ใหม่จะโดน ฯลฯ จะขึ้นค่าเบี้ยล่ะนะ อันนี้สมเหตุสมผลไหมคะรับ เพราะ 1. เขาว่าจะขึ้นเบี้ยทุกห้าปี แต่อายุหรือช่วงอายุผมยังไม่ถึงเกณฑ์ 2. ถ้านอนเอกชนด้วยไข้ 40สองวันอยู่บ้านจนทนไม่ไหวถึงไปเอกชน ก็จะขึ้นเบี้ย ทั้งที่ส่งไปสองปี เคลมหนเดียวกับ opd ไม่ใช่เอกชน บ.กำไรอยู่ สองปีเคลมครั้งเดียว ร่างกายแข็งแรง ความดันน้ำตาลปกติ ไม่มีโรคอะไรเลย และ แบบนี้คือ บ.ประกัน ไม่ต้องการให้ ลูกค้าไป รพ เอกชน ใดๆ ใช่ไหมคะรับ แถมยังขึ้นแบบ ไม่มีหลักเกณฑ์เช่นช่วงอายุ บ.ของท่านเป็นแบบนี้ไหม มี บ อะไรบ้างคะรับ ที่ไม่เป็นจะได้ย้าย,"ผู้ร้องเรียนระบุว่า แม้จะมีประกันสุขภาพมาสองปีและไม่มีโรคประจำตัว แต่เมื่อไปรักษาที่โรงพยาบาลเอกชนเนื่องจากไข้สูง 2 วันก็ถูกปรับเบี้ยโดยไม่มีหลักเกณฑ์ชัดเจน
การเคลมบริการทางการแพทย์ในรูปแบบ OPD ที่โรงพยาบาลเอกชนมีเพียงครั้งเดียวตลอด 2 ปี ซึ่งถือว่าน้อยมาก
ผู้ร้องเรียนสงสัยว่าบริษัทประกันอาจมีนโยบายไม่สนับสนุนการใช้บริการโรงพยาบาลเอกชน โดยไม่แจ้งให้ทราบล่วงหน้า
จึงขอสอบถามรายชื่อบริษัทประกันที่ไม่มีนโยบายดังกล่าว เพื่อพิจารณาเปลี่ยนแผนประกันในอนาคต",test,Hybrid,2025,21,4,5.25,0.4085934162139892,0.5518061319986979,0.4481938680013021
42955947,การที่เราเคยป่วยมาก่อนเข้าโรงบาล ต้องรอกี่ปีประวัติถึงจะหมดครับ สวัสดีครับ พอดีว่าได้ทำประกันชีวิตพร้อมด้วยสุขภาพเสริมของ กรุงไทยแอคซา มาเข้าปีที่3 ซึ่งปรกติไม่ค่อยได้เข้าโรงพยาบาลหนักๆอยู่แล้ว แต่มีโรคประจำตัวคือภูมิแพ้ คราวนี้เมื่อเดือนที่แล้ว ผมมีอาการเหมือนแพ้อากาศแพ้ฝุ่น มีอาการหอบ และหลอดลมอักเสบ ผมจึงได้ไปหาหมอ และหมอได้แนะนำให้นอนโรงบาล1คืน เพื่อดูอาการ ผมก็เลยนอน 1 คืน วันนั้นก็ทำการพ่นยาอย่างต่อเนื่อง ก็อาการดีขึ้นหายเร็วมาก เมื่อทำเรื่องใช้ประกัน ฝ่ายสินไหมก็บอกว่าทางประกันให้สำรองจ่ายเองไปก่อนแล้วไปเบิกทีหลัง ผมก็จ่ายไปก่อนประมาณ เกือบ3หมื่น แล้ววันที่ออกจากโรงบาล ตัวแทนที่ดูแล ก็เข้ามารับเอกสารเลย ดูแลดีครับ เมื่อทำเรื่องเข้าไป ก็ขอเอกสารทุกอย่าง และแจ้งมาว่าขยายเวลาการประเมินต่อไปอีก และได้ทำการขอประวัติการรักษาของผมจาก โรงบาลที่ผมเคยเข้าประกันสังคมประจำ จนในที่สุดผ่านมา 1 เดือน วันนี้มีแจ้งเข้ามาว่า ไม่อยู่ในเงื่อนไขการรักษา เนื่องจากมีประวัติการรักษาจากโรงบาลเดิม เมื่อประมาณ3ปีที่แล้ว จากอาการหอบ ได้เข้าไปพ่นยาแล้วรับยากลับ ไม่เกิน 5ปี ผมเลยสงสัยว่า ระยะการทิ้งห่าง 3ปีนี่ยังไม่พออีกเหรอครับ เป็นเหมือนกันทุกเจ้าไหม และถ้าจะยกเลิกประกัน ทำยังไงให้ได้กลับมาเยอะที่สุดครับ จ่ายปีละเกือบ7หมื่น นอนครั้งแรกก็มีปัญหาเลย,"ผู้ร้องเรียนจ่ายค่ารักษาพยาบาลเองประมาณ nearly 30,000 บาท ก่อนจะดำเนินการเบิกค่าสินไหมจากบริษัทประกัน
ตัวแทนประกันรับเอกสารและดูแลอย่างดี แต่ระบุว่าต้องขยายระยะเวลาประเมินผล
หลังจากผ่านไปหนึ่งเดือน ได้รับแจ้งว่าไม่เข้าเงื่อนไขการรักษา เนื่องจากมีประวัติเคยรักษาที่โรงพยาบาลเดิมเมื่อ 3 ปีก่อน
ผู้ร้องเรียนสอบถามถึงความชัดเจนของระยะเวลาห่างระหว่างการรักษา และแนวทางในการยกเลิกประกันเพื่อรับคืนสูงสุด",test,Hybrid,2024,19,4,4.75,0.5357353687286377,0.536046544710795,0.4639534552892049
43585779,ยกเลิกประกัน Chuub ยากมาก เหมือนโดนดึงเกมให้หักเบี้ยประกัน เดือนต่อไป สวัสดีครับ ผมเพิ่งซื้อประกันครั้งแรก ไม่ได้ศึกษาข้อมูลก่อนทำ คิดว่าโรคประจำตัว คือไม่มีก็ไม่น่าจะต้องห่วงอะไร แต่ผมเป็นกรดไหลย้อนมาก่อน ซึ่ง ถ้าผมใช้ประกัน หรือ เป็นมะเร็งเกี่ยวเนื่องกับโรค กรดไหลย้อน ก็ไม่คุ้มครอง เป็นเหตุทำให้ผมอยากยกเลิกประกัน ทำประกัน 900 กว่าๆ หักล่วงหน้า 1 เดือน และตอนนี้ประกันผมอยู่เกือบจะ 1 เดือน อีก 2 วัน มันจะหักเงินประกันผมที่ทำล่วงหน้า 1 เดือน ถ้าผมไม่มีเงิน ใน บช. คราวนี้ผมโทรไปหาคอลเซ็นเตอร์ขอยกเลิกประกัน เขาบอก พนักงานเต็มคู่สาย จะติดต่อ กลับภายใน 3 5 วัน มันคิวเยอะขนาดนั้นเลยหรือ แบบนี้เขาเรียก เหลี่ยม รึป่าว รู้ว่าประกันผมจะเข้าเดือน 2 แล้วให้หักก่อนแล้ว ยกเลิก ใครช่วยผมได้บ้างครับ ไม่อยากเสียเงินที่จ่ายไปแล้วล่วงหน้า 900 กว่าบาท,"ผู้ร้องเรียนจ่ายค่าประกันล่วงหน้า 900 บาท ซึ่งถูกหักในวันที่ใกล้ครบกำหนด 1 เดือน
ขณะนี้ยังเหลืออีกเพียง 2 วันก่อนครบกำหนดเดือนแรก แต่ระบบกำลังจะหักเงินประกันอีกครั้ง
ผู้ร้องเรียนโทรแจ้งยกเลิกประกันและได้รับคำตอบว่าจะติดต่อกลับภายใน 3–5 วัน โดยอ้างว่าพนักงานคิวแน่น
ผู้ร้องเรียนกังวลว่าอาจถูกหักเงินซ้ำโดยไม่ได้รับบริการ และไม่อยากสูญเสียเงินที่จ่ายไปล่วงหน้า",test,Hybrid,2025,19,4,4.75,0.5244321227073669,0.6149189074834187,0.3850810925165813
42312453,ซื้อประกันสุขภาพจากแอป SCB Easy ดีมั้ยคะ พอดีว่าชอบซื้อประกันจากแอปธนาคารและออนไลน์เพราะสะดวกดีค่ะ ไม่เน้นยอดความคุ้มครองเยอะ แค่มีไว้อุ่นใจเฉยๆ ตอนนี้ใช้ประกันอุบัติเหตุของเมืองไทยประกันภัย ซื้อผ่านแอป Kplus อยู่ ยังไม่เคยเคลม และตั้งใจจะซื้อประกันโรคร้ายแรงของ FWD ตัวนึง แล้วก็จะซื้อประกันสุขภาพแยกต่างหากด้วย พอเข้าไปดูประกันในแอป SCB Easy เห็นประกันสุขภาพ อีซี่เฮลท์ ท็อป อัป เบี้ยราคาถูกดี เลยว่าจะลองซื้อดู ตอนแรกจะซื้อจากแอป Krungthai Next แต่ประกันเป็นของทิพย ไปอ่านรีวิวตอนเคลมแล้วเห็นว่าไม่โอเคเลย ก็เลยมาดูของ SCB แทนค่ะ ไม่ทราบว่าใครเคยใช้ประกันสุขภาพของ SCB Easy บ้างคะ ติดต่อง่ายมั้ย เคลมง่ายมั้ย เคลมกับบริษัทประกันเจ้าไหน เวลาเคลมต้องติดต่อใคร เห็นด้านล่างหน้าเว็บไซต์เขียนว่า บริษัท ไทยพาณิชย์ โพรเทค จำกัด นี่คือบริษัทประกันของเขาเองหรือเปล่าคะ,"ผู้ร้องเรียนสนใจซื้อประกันสุขภาพจากแอป SCB Easy โดยพิจารณาจากเบี้ยราคาถูกและประสบการณ์การซื้อประกันผ่านแอปธนาคารที่สะดวก
ปัจจุบันใช้ประกันอุบัติเหตุจาก Kplus และวางแผนซื้อประกันโรคร้ายแรงจาก FWD พร้อมประกันสุขภาพแยกเพิ่มเติม
มีความกังวลเกี่ยวกับกระบวนการเคลม ความสะดวกในการติดต่อ และบริษัทประกันที่ให้บริการภายใต้ผลิตภัณฑ์นี้
สอบถามประสบการณ์จริงจากผู้ใช้งานเดิมว่าติดต่อได้ง่ายหรือไม่ และเคลมได้อย่างไรเมื่อเกิดเหตุ",test,Hybrid,2023,15,4,3.75,0.5852965712547302,0.5564535458882649,0.4435464541117351
43549439,ทำประกัน axa I Healthy แผน Gold มาเป็น10ปี ปีนี้โดนบังคับให้เป็น Copay ผมทำประกัน axa I Healthy แผน Gold มาตั้งแต่ปี 2557 จ่ายเบี้ยแบบทิ้งมาตั้งแต่สามหมื่นกว่าๆ จนมาถึงสี่หมื่นสี่ในปัจจุบัน เคยเคลมใหญ่ไปครั้งเดียว ที่เหลือก็เป็นแค่ opd เล็กๆ น้อยๆ ไม่เคยใช้จนหมดวงเงิน ปีนี้ถึงเวลาต่อเดือนหน้า บริษัทแจ้งมาว่าปรับเปลี่ยนเงื่อนไข ให้ยอมรับเรื่อง Co Pay 20 ในราคาเบี้ยประกันเท่าเดิม ถ้าจะปรับให้ลูกค้าต้อง copay ถึง 20 เบี้ยก็ควรจะลดเยอะกว่านี้ มันเอาเปรียบกันมากเกินไปรึเปล่า ผมทำประกันตัวนี้ที่เป็นประกันแบบจ่ายทิ้ง เพราะต้องการมีประกันสุขภาพที่ดี ถ้าเป็นอะไรขึ้นมาจะได้ไม่ต้องลำบากใคร เลยทำประกันตัวนี้ตามที่โฆษณา และยังแนะนำเพื่อนฝูงมาทำกันอีกเยอะมาก ไม่คิดว่าวันนึงจะเจอความเอาเปรียบของประกันบริษัทนี้แบบนี้เลย ต่อไปนี้คงเข็ดกับบริษัทนี้ และไม่ขอแนะนำบริษัทนี้ใครกับใครอีก เพื่อนๆ มีใครเจอแบบผมบ้างมั้ย และทำอะไรได้มั้ย หรือมีประกันแผนไหนที่ให้ได้ใกล้เคียงกับตัวนี้แนะนำมั้ยครับ ขอบคุณครับ,"ผู้ร้องเรียนทำประกัน AXA I Healthy แผน Gold มาตั้งแต่ปี 2557 โดยจ่ายเบี้ยแบบทิ้งมาโดยตลอด
บริษัทแจ้งปรับเปลี่ยนเงื่อนไขให้เพิ่มค่ารักษาพยาบาลร่วม (Co-Pay) 20 บาท โดยไม่มีการลดเบี้ย
ผู้ร้องเรียนระบุว่าไม่เคยใช้สิทธิ์เกินวงเงิน และเคยเคลมเพียงครั้งเดียวในช่วงเวลาที่ผ่านมา
จึงรู้สึกว่าการปรับเงื่อนไขดังกล่าวเป็นการเอาเปรียบลูกค้า และตั้งใจจะเลิกใช้บริการและไม่แนะนำบริษัทนี้ต่อไป",test,Hybrid,2025,16,4,4.0,0.4508475065231323,0.4140418370564778,0.5859581629435222
41814838,ประกันกรุงไทยแอคซ่า ทำแล้วไม่โอเค เกริ่นก่อนว่าเป็นของแฟนผม ซึงแต่ก่อนทำประกันของไทประกันก่อนหน้านี้มาตลอด แต่เนื่องจากน้องที่สนิทเสนอประกันอีกตัวว่าโอเคมากๆแล้วด้วยความที่อยากอุดหนุนน้องเลยซื้อประกันคือกรุงไทแอคซ่า เริ่มต้นย้ายประกันมาวันที่24ตล.64เปลี่ยนมาใช้กรุงไทแอคซ่ายอมรับว่าตั้งใจจะเปลี่ยนทั้งครอบครัวแต่แฟนขอลองใช้ดูก่อนว่าจะดีกว่าตัวเดิมไหม 20.09.65 แฟนผมมีอาการจุกเสียดแน่นท้องมากเลยไปหาหมอที่โรงบาลหมอพบว่ามีอาการกรดไหลย้อนแล้วขอส่องกล้องเพิ่มเติมเพราะหมออยากเช็คให้ละเอียดแล้วพอส่องกล้องยื่นประกันของกรุงไทแอคซ่าเรื่องไม่คลาดคิดก็เกิดขึ้นเพราะประกันตัวเดิมไม่เคยมีปัญหานี้ ประกันให้เราสำรองจ่ายไป3หมื่นกว่าบาทเราก็สำรองจ่ายก่อน จนถึงตอนนี้รอจน3เดือนผลออกมาว่าไม่อนุมัติให้เรา แล้วผมจะต้องจ่ายเงินทำประกันทำไมถ้าไม่คุ้มครอง ถ้าคิดที่จะไม่จ่ายแต่แรกทำไมไม่บอก ทำประกันไว้อุ่นใจแต่ต้องมานั่งเครียด แย่มากๆดีนะที่ไม่เปลี่ยนมาทั้งบ้าน ครั้งก่อนใช้ประกันตัวเดิมเป็นกระเพราะอักเสบไม่ใช่กรดไหลย้อน แต่บายเบี่ยงไม่รับผิดชอบ,"ผู้ร้องเรียนเปลี่ยนประกันจากบริษัทเดิมมาใช้กรุงไทยแอคซ่าในเดือนตุลาคม 2564 โดยมีเจตนาเปลี่ยนแปลงครอบครัวทั้งหมด
เมื่อวันที่ 20 กันยายน 2565 แฟนผู้ร้องเรียนมีอาการทางเดินอาหารและได้รับการตรวจส่องกล้องที่โรงพยาบาล
บริษัทประกันปฏิเสธการเคลมค่าใช้จ่ายที่เกิดจากการตรวจส่องกล้อง แม้จะชำระเงินเองไปก่อนจำนวนกว่า 30,000 บาท
ผู้ร้องเรียนแสดงความไม่พอใจต่อการปฏิเสธคำขอเคลม และระบุว่าไม่เข้าใจเหตุผลในการไม่คุ้มครองกรณีดังกล่าว",test,Hybrid,2023,12,4,3.0,0.543844997882843,0.5604732831319172,0.4395267168680827
43034751,ยกเลิกประกันชีวิต ชับพ์ ติดต่อขอยกเลิกไป ทั้งทาง เมล ทั้งทางพันทิป ตั้งแต่2วันแรกที่สมัครไป ประมาณ3วัน โทรกลับมา แจ้งว่า ต้องการยกเลิกประกันใช่มั้ยคะ และได้ให้เราพูดตามว่า ขอยกเลิกประกัน อะไรสักอย่างนี่แหละครับ ละได้แจ้งว่า จะมีเอสเอ็มเอสยกเลิก ตามมาอีกครั้ง ซึ่งผมก็ทวนซ้ำแล้ว ว่าจะมีเอสเอ็มเอสใช่ไหม ทางปลายสายบอกว่าใช่ เบอร์ที่เค้าติดต่อมา เริ่มต้นด้วย 02 จนตอนนี้จะ2อาทิตย์แล้ว ไม่มี เอสเอ็มเอสเลย เงินก็หัก 390 2รอบ ในระยะเวลาไม่ถึง3วันที่สมัคร ช่วยติดต่อมายกเลิกให้ด้วยครับ เงินผมก็ยินดีให้หักไปแล้ว ทั้งที่ไม่ได้เคลมประกันอะไรของคุณเลย เบอร์ติดต่อ 091 739 2836 กรมธรรม์ประกันภัยเลขที TB1TH0014754223,"ผู้ร้องเรียนได้ติดต่อขอยกเลิกประกันชีวิตผ่านช่องทางเมลและพันทิปตั้งแต่วันแรกที่สมัคร
เจ้าหน้าที่โทรศัพท์กลับมา_confirm_ การยกเลิกและแจ้งว่าจะมี SMS ยืนยันตามมา
ผ่านมาเกือบสองสัปดาห์ แต่ยังไม่ได้รับ SMS ยืนยันใดๆ แม้เงินจำนวน 390 บาทจะถูกหักสองครั้งภายในสามวัน
ผู้ร้องขอให้ช่วยดำเนินการยกเลิกให้เป็นทางการ โดยระบุเบอร์ติดต่อและเลขกรมธรรม์ไว้แล้ว",test,Hybrid,2024,12,4,3.0,0.4886894524097442,0.483959436416626,0.516040563583374
42301830,ประกันภัยด้านทรัพย์สินเคลมล่าช้านี้ปกติมั้ย รถขนส่ง Iron Mountain ขับรถชนล้อเหล็กกลั่นของอาคารที่ทำงานเสียหายวันที่ 12 10 2566 เราเป็นฝ่ายอาคารจึงให้พนักงานขับรถรับผิดชอบความเสียหาย คนขับให้ บ.ประกัน ชื่อ.บางกอกสหประกันภัย รับผิดชอบแทน บ.บางกอกสหประกันภัย ก็มาละออกใบเคลมให้กับอาคาร วันที่ 12 10 2566 จนวันนี้14วันเเล้วยังไม่มีช่างเข้ามาเลย จน วันที่25ช่วงบ่าย พี่ในแผนกก็โทรเร่ง บ.ประกันแต่ บ.ประกันอ้างนู้นอ้างนี้ ให้ส่งเอกสารอะไรใหม่ พอวันที่26เราเลยโทรตาม คนขับให้ติดต่อกับบ.ประกัน เพื่อให้เขารีบดำเนินการ เราขอให้เขาเร่งดำเนินการด่วนเพราะผู้ใหญ่เร่งมา บ.ประกันบอกแต่เพียงกำลังหาช่างเข้ามาซ่อมล้อเหล็กของอาคาร ซึ่งเรารอมา14วันเเล้ว บ.ประกัน ยังไม่ทำอะไรเลย โทรไปตามบอกเรายังไม่แจ้งเคลมเข้าไป. ไม่เข้าใจระบบการทำงานของเขาเลย,"บริษัทประกันบางกอกสหประกันภัยได้รับแจ้งเคลมจากเหตุการณ์รถชนล้อเหล็กกลั่นของอาคารเมื่อวันที่ 12 ตุลาคม 2566
จนถึงปัจจุบันผ่านมาแล้วกว่า 14 วัน แต่ยังไม่มีช่างเข้ามาประเมินความเสียหาย
พนักงานในแผนกได้ติดต่อเร่งรัดทางโทรศัพท์ในวันที่ 25 และมีการขอเอกสารเพิ่มเติมจากบริษัทประกัน
ในวันที่ 26 จึงได้ประสานกับคนขับรถเพื่อดำเนินการติดตามต่อไป",test,Hybrid,2023,18,4,4.5,0.5442527532577515,0.4936033884684244,0.5063966115315756
43244287,ต้องทำอย่างไรกับกรณีนี้การเรียกค่าสินไหมทดแทนค่าขาดประโยชน์จากการใช้งานรถและซ่อมรถไม่เสร็จให้อยู่สภาพปกติ เรื่องมีอยู่ว่าเกิดอุบัติเหตุช่วงต้นปี เกิดเหตุรถชนซึ่งผมไม่มีประกันแต่คู่กรณีมีประกันชั้น 1 แล้วสรุปทางคดีผมเป็นฝ่ายถูกจากการสอบสวนกับทางร้อยเวร พอถึงช่วงที่กำลังเคลียร์กับประกันคู่กรณีผมไม่ได้ใส่แว่นบวกกับเกิดอาการปวดหัวและมีการเซ็นเอกสารการเคลมและพร้อมกับใบบันทึกความที่สน. มีการเปรียบเทียบปรับคู่กรณี 100บาท ซึ่งผมไม่ค่อยทราบว่าต้องเรียกร้องยังไง สรุปทางประกันชั้น1 เขามีการซ่อมรถให้อยู่ในสภาพปกติ ส่วนภายหลังผมมีการสอบถามเรื่องค่าสินไหมทดแทนค่าขาดประโยชน์จากการใช้รถ สรุปทางประกันชั้น1 อ้างให้ผมไปเรียกกับพรบ.รถ คู่กรณี และไม่มีการให้ใบเคลมหรือใบกรรมทันให้กับทางผม แล้วพอถึงวันส่งซ่อมให้ทางอู่รถก็มีเวลาซ่อมเกือบ 1เดือน แล้วทางอู่รถแจ้งเอารถมาคืนไม่กี่วันที่ผ่านมาและซ่อมไม่ตรงตามที่อ้างคือซ่อมไม่ครบและอะไหล่ไม่ตรงที่เสื่อมเสียไปทางอู่อ้างจะมาซ่อมให้ภายหลัง พร้อมพอติดต่อประกันภัยคู่กรณีก็อ้างจะติดต่ออู่รถให้ แต่เรื่องมันก็เงียบเกือบ 3วันแล้วครับ ปล.ติดต่อเองทุกอย่างตั้งแต่การซ่อมรถและทั้งทวงค่าสินไหมพรบ.กับคู่กรณี วุ่นวายมากครับ ปล.สรุปผมควรทำยังไงครับให้ได้เงินค่าสินไหมจากทางประกันภัยกับการซ่อมรถให้อยู่ในสภาพปกติและพรบ.ของคู่กรณีครับ,"เกิดอุบัติเหตุรถยนต์โดยผู้ร้องไม่มีประกัน แต่คู่กรณีมีประกันชั้น 1 และทางเจ้าหน้าที่ระบุว่าผู้ร้องเป็นฝ่ายถูก
ขณะเซ็นเอกสารเคลมและใบบันทึกประจำวัน ผู้ร้องมีอาการปวดหัวและไม่ได้สวมแว่น จึงอาจไม่แน่ใจในเนื้อหาเอกสารทั้งหมด
รถถูกส่งซ่อมเกือบหนึ่งเดือน โดยอู่อ้างว่าซ่อมไม่ครบและอะไหล่ไม่ตรง แต่ยังไม่มีการดำเนินการแก้ไขอย่างชัดเจน
ผู้ร้องต้องติดต่อเองทั้งเรื่องค่าสินไหมทดแทนจากพรบ. และการซ่อมรถ แต่ได้รับคำตอบที่ล่าช้าและไม่ชัดเจนจากประกันคู่กรณี",test,Hybrid,2025,18,4,4.5,0.5262967944145203,0.4610460599263509,0.5389539400736492
42895203,ยกเลิก ประกันคุ้มครองวงเงินสินเชื่อรถ ธนาคารกรุงศรี ไม่ได้ ผมซื้ออมอไซต์ ชำระค่างวด 4200 บาท เดือน ค่าประกันตัวนี้ 323 บาท เดือน ผมจะยกเลิก ประกันตัวนี้ เนื่องจากเงินชดเชยกรณีผมเสียชีวิต 120 ของค่างวดคงเหลือ ผมมองว่ามันน้อย เพราะผมกู้มาแค่ 2 แสน ผ่อนระยะเวลา 4 ปี โทรไปยังตัวแทนประกันคือ บริษัทขับบ์ ไลฟ์ แอสชัวรันซ์ บอกว่ายังยกเลิกไม่ได้ต้องผ่อนงวดไป เดือนที่ 3 4 ก่อนถึงทำได้ กรณี ในบันทึกที่ผมเซ็นวันทำสัญญาขอประกันไม่มีในเอกสาร ในเอกสาร ข้อที่ 4 ระบุ หากท่านค้างชำระเบี้ยประกัน 31 วัน กรมธรรม์ของท่านจะสิ้นสุดลด ทางตัวแทนประกันกลับตอบว่ามันมีในใบกรมธรรม์ ที่เขาส่งมาทางบ้านที่อยู่ สรุป ไม่ให้ผมยกเลิก พูดวกไปวนๆมา ผมก็เลยตอบไปว่างั้นผมจะยอมผ่อนไปถึง งวดที่ 3 4 แล้วจะโทรมายกเลิกใหม่ สิ่งที่กังวลใจก็คือ ถ้าผ่อนไปถึง งวดที่ 3 4ไปแล้วยังไม่ให้ยกเลิกอีก ผมจะดำเนินการกลับ บริษัทนี้ยังไง จะไม่จ่ายค่าประกัน 323 บาทได้มั้ย แล้วจ่ายแต่ค่างวดรถมอไซต์ 4200 บาท ได้มั้ยรถจะโดยยึดหรือไม่ ผู้รู้หรือผู้ผ่านประสบการ์ณ กรณีนี้ ช่วยนำแนะผมด้วยครับบ,"ผู้ร้องเรียนซื้อมอเตอร์ไซค์พร้อมชำระค่างวดและเบี้ยประกันภัยเดือนละ 323 บาท โดยต้องการยกเลิกกรมธรรม์ประกันตัวเนื่องจากเห็นว่าเงินชดเชยเมื่อเสียชีวิตมีเพียง 120% ของค่างวดคงเหลือ ถือว่าน้อยเกินไป
บริษัทประกันภัย ขับบ์ ไลฟ์ แอสชัวรันซ์ อ้างว่ายังไม่สามารถยกเลิกได้จนกว่าจะผ่อนครบ 3–4 งวด และระบุว่าข้อมูลการยกเลิกมีอยู่ในใบกรมธรรม์ที่ส่งให้
อย่างไรก็ตาม ผู้ร้องเรียนยืนยันว่าไม่พบข้อมูลดังกล่าวในเอกสารที่เซ็นในวันทำสัญญา และมีข้อความในเอกสารข้อที่ 4 ระบุว่าหากค้างชำระเบี้ย超过 31 วันกรมธรรม์จะสิ้นสุด
ผู้ร้องเรียนจึงวางแผนจะผ่อนต่อไปจนถึงงวดที่ 3–4 ก่อนจะกลับมาพิจารณาเรื่องการยกเลิกอีกครั้ง หากยังไม่ได้รับอนุญาตก็จะดำเนินการตามขั้นตอนต่อไป",test,Hybrid,2024,20,4,5.0,0.4066278040409088,0.7289684613545735,0.2710315386454265
43172944,พนักงานงานขายประกันAIAทางโทรศัพท์แย่มาก วันที่ 10 ธ.ค.67 ที่ผ่านมาเราได้ตกลงซื้อประกันของ aia ทางโทรศัพท์ ตอนแรกก็ลังเล ไม่รู้อะไรดลใจให้โอนเงินไป พนักงานบอกว่าสามารถยกเลิกได้หลังได้ได้กรมธรรม์ แต่ไม่มีการบอกว่าถ้าได้รับกรมธรรม์แบ้วต้องเสียค่ากรมธรรม์ด้วย 500 บาท พึ่งมาเห็นจากกรมธรรม์ ที่สำคัญตอนโอนเงินพนักงานให้แอดไลน์ในนามบริษัท พอโอนเงินแล้วทักไปก็ไม่ตอบ วันที่ 14 ธ.ค 67 เราทักไปว่าขอยกเลิกก็ไม่ตอบ ถามว่าส่งกรมธรรม์มาหรือยังก็ไม่ตอบ เพราะเราต้องตรวจสอบว่ากรมธรรม์ถึงบ้านหรือยังจะได้ติดต่อไปยกเลิก แล้วล่าสุดเมื่อวานนี้ โทรศัพท์ไปเบอร์ที่พนักงานคนนั้นโทรมาขายประกัน ก็ไม่มีคนเรา ไลน์ไม่อ่าน ติดต่อคอลเซ็นเตอร์เพื่อยกเลิกเอง ให้ฝากเบอร์ติดต่อกลับ 2 วันถึงจะมีคนโทรมา พอโทรมาก็ทำอะไรไม่ได้ บอกว่าต้องให้ส่วนที่เกี่ยวข้องติดต่อมาอีกที ตอนนี้เลยไม่รู้ว่าต้องทำอย่างไร เพราะในกรมธรรม์เขียนว่าภายใน 15 วัน แต่พนักงานบอกว่ายกเลิกได้ภายใน 30 วันหลังได้รับกรมธรรม์ และไม่บอกอีกมีค่าดำเนินการ 500 บาท แถมไปรษณีย์ก็เอาของไปดองไว้เช็คตามเลขพัสดุถึงตั้งแต่ 16 แต่ไปรษณีย์มาส่งที่บ้าน 25 แล้ว อยากให้เพื่อนแนะนำวิธีดำเนินการหน่อยคะ ได้อยากรอพนักงานแล้ว,"ผู้ร้องเรียนได้ซื้อกรมธรรม์ประกันจากบริษัทเอไอเอ ผ่านการติดต่อทางโทรศัพท์ โดยมีพนักงานแนะนำให้โอนเงินโดยระบุว่าสามารถยกเลิกได้หลังได้รับกรมธรรม์
แต่ไม่ได้แจ้งล่วงหน้าถึงค่าธรรมเนียม 500 บาท ที่ต้องจ่ายหากขอยกเลิก และไม่ได้แจ้งระยะเวลาที่สามารถยกเลิกได้จริง
หลังโอนเงิน พนักงานไม่ตอบข้อความทางไลน์ และเมื่อติดต่อเพื่อยกเลิก กลับไม่สามารถดำเนินการได้ตามขั้นตอนที่ระบุ
ขณะนี้ยังไม่ทราบวิธีการดำเนินการยกเลิกอย่างถูกต้อง เนื่องจากข้อมูลจากพนักงานและกรมธรรม์มีความคลาดเคลื่อนกัน",test,Hybrid,2024,20,4,5.0,0.5161487460136414,0.5670670668284098,0.4329329331715902
43081256,ทุกคนเริ่มทำประกันเองตอนอายุเท่าไหร่คะ แล้วตัวแรกคือ ของที่ไหนกันบ้าง ของเราช่วงแรกยังไม่ทำค่ะ ยังไม่ผ่านโปรแล้วก็ยังมีเงินเก็บไม่มากพอกลัวจ่ายไม่ไหวเงินเดือนไม่มั่นคง ผ่านมาสักพักถึงจะทำพวกประกันสุขภาพ เบี้ยถูกๆ ทำง่ายมากสมัครในออนไลน์ก็ได้แล้ว แต่เปลี่ยนแล้วค่ะ เคลมยาก ไม่ครอบคลุมอะไรเท่าไหร่ โรงบาลที่ให้บริการก็น้อยไม่น่าเห็นแก่เบี้ยถูกเลย เลยรอช่วงเงินเดือนขึ้นและก็มีเงินเย็นนอนนิ่งๆอยู่บ้าง ก็สมัครตัวประกันแบบเหมาจ่ายดีๆไปเลยค่ะ เพราะเราป่วยบ่อย คิดว่าแบบนี้คุ้มสุดๆแล้ว ตอนทำก็เปรียบเทียบหลายเจ้านะคะ แต่มาจบที่ของโตเกียวมารีนเพราะตัวแทนที่ติดต่อแนะนำดีมาก ตอนเริ่มก็เกือบๆ 30 แล้วมั้งค่ะจำไม่ค่อยได้ และเพื่อนๆล่ะคะ เริ่มทำประกันตอนไหนกันบ้าง,"เริ่มทำประกันช่วงอายุประมาณ 30 ปี เนื่องจากยังไม่มั่นคงทางการเงินและกลัวจ่ายเบี้ยไม่ไหว
เริ่มจากประกันสุขภาพเบี้ยถูกที่สมัครออนไลน์ได้ง่าย แต่พบว่าคุ้มครองจำกัดและโรงพยาบาลที่ร่วมโครงการน้อย
เมื่อมีรายได้เพิ่มและมีเงินออมมากขึ้น จึงเปลี่ยนมาทำประกันแบบครอบคลุมดีกว่าที่เหมาะสมกับภาวะสุขภาพที่ไม่เสถียร
เลือกบริษัทโตเกียวมารีนหลังเปรียบเทียบหลายเจ้า โดยได้รับคำแนะนำจากตัวแทนที่ดี",test,Hybrid,2024,13,4,3.25,0.5369857549667358,0.3896539211273193,0.6103460788726807
43696280,ประกัน คภตกมร ของคู่กรณีให้ติดต่อประกันผม คือ วรย ให้ออกหนังสือปฏิเสธความคุ้มครองชุดแต่งฟิล์มกันรอยรถยนต์ รถเกิดอุบัติเหตุ เราเป็นฝ่ายถูก ซ่อมรถหมดแล้ว แต่ทีนี้รถเราติดฟิล์มกันรอยสะเก็ดหินรอบรถยนต์ด้วย ซึ่งในใบเคลมก็ไม่ได้มีการคุ้มครองฟิล์มกันรอยสะเก็ดหิน แล้วทีนี้ไปทำเรื่องเคลมค่าสินไหมทดเเทนในส่วนของฟิล์มกันรอยรถกับเรียกค่าเสียเวลาไปกับประกันคู่กรณี คือ คภตกมร แล้วทีนี้ คภตกมร โทรมา ให้ติดต่อทาง วรย เพื่ออกหนังสือปฏิเสธความคุ้มครองชุดแต่งฟิล์มกันรอย แต่ทีนี้ได้ลองทักไปสอบถามโบรกเกอร์ที่ซื้อประกันด้วย เขาบอกว่า ปกติประกันก็ไม่ได้คุ้มครองฟิล์มกันรอยรถยนต์อยู่แล้ว ทำไมถึงต้องให้ วรย ออกหนังสือปฏิเสธความคุ้มครองชุดแต่ง ซึ่งกลัวว่า คภตกมร จะหาช่องทางไม่จ่ายในส่วนนี้ แต่โทรไปสอบถามทาง วรย บอกว่าเขาขอให้ออกหนังสือปฏิเสธชุดแต่งนี้เพื่อทาง คภตกมร จะเอาไปดูแลจัดการเอง ซึ่งผมก็พึ่งเคยทำเรื่องเคลมประกันครั้งแรกไม่มีประสบการณ์ความรู้เลย,"คู่กรณีจาก คภตกมร แจ้งให้ติดต่อ วรย เพื่อขอหนังสือปฏิเสธความคุ้มครองสำหรับชุดแต่งฟิล์มกันรอยรถ
ผู้ร้องเรียนระบุว่าฟิล์มกันรอยสะเก็ดหินไม่อยู่ในขอบเขตความคุ้มครองตามกรมธรรม์ประกันภัย
แม้จะทราบว่าปกติประกันไม่คุ้มครองฟิล์มนี้ แต่ยังไม่เข้าใจเหตุผลที่ต้องการหนังสือปฏิเสธจาก วรย
ผู้ร้องเรียนกังวลว่าอาจถูกใช้เป็นข้ออ้างในการปฏิเสธการชดเชย โดยไม่มีประสบการณ์ในการทำเรื่องเคลมประกันมาก่อน",test,Hybrid,2025,13,4,3.25,0.6399420499801636,0.5717528661092122,0.4282471338907878
42813787,สอบถามราคาซ่อม Bmw ค่ะ คือเราขับชนคันนี้ เเล้วประกันให้เราจ่ายค่าซ่อมค่ะ สอบถามราคาซ่อม Bmw เจ้าของบอกรถ20ปีเไม่เคยชนเลยค่ะ คือน้องชายเราขับชนคันนี้ เเล้วประกันให้เราจ่ายค่าซ่อมค่ะ ตำรวจบอกฝั่งเราประมาท เลยต้องรับผิดชอบทุกอย่างค่ะ เราไม่มีประกันอะไรเลยต้องจ่ายเองทั้งหมด ประกันโทรมาเเจ้งค่าซ่อม 15000 บาทค่ะ ทุกคนว่าราคามันเเรงไปมั้ยคะ รูปรถคู่กรณีที่น้องเราชนค่ะ หากใครมีความรู้หรือประสบการณ์ จะต้องทำยังไงต่อไปได้บ้างคะ เหตุการณ์ คือน้องเราอยู่หน้าปากซอยเลนซ์ซ้ายเตรียมข้ามไปเลนส์คู่ขนาน มองรถเเล้วนะคะว่าไม่มี ช่วงกลางคืน ถ้ามองก็จะเห็นไฟค่ะ ก็กำลังจะออก เเล้วรถยนต์ก้ขับมาทางตรง จากตัดภาพตัดค่ะ รถยนต์มาทางตรง เราเป็นมอไซ ตำรวจบอกน้องเราผิด รถยนต์มีกล้องเเต่บอกว่าไม่มีเม็ม เม็มหายตอนชนหาไม่เจอ ไม่มีหลักฐานกล้องเลย กล้องจุดเกิดเหตุไม่มี ตำรวจบอกให้รับผิดค่ะเพราะออกมาจากซอย เราเจ็บหนักด้วยค่ะ ทางนั้นไม่ถามถึงคนเจ็บเลยค่ะ จะเรียกเเต่เงิน จุดเกิดเหตุ,"ผู้ร้องเรียนรายงานเหตุการณ์ชนกันระหว่างมอเตอร์ไซค์กับรถยนต์ขณะขับออกจากซอยในเวลากลางคืน โดยตำรวจระบุว่าฝ่ายมอเตอร์ไซค์มีความผิดเนื่องจากออกมาจากซอยโดยไม่ตรวจสอบให้เพียงพอ
ประกันรถยนต์คู่กรณีแจ้งค่าซ่อมเบื้องต้นจำนวน 1,500 บาท ซึ่งผู้ร้องเรียนรู้สึกว่าราคาสูงเกินไป โดยเจ้าของรถคู่กรณีระบุว่ารถไม่เคยชนมาก่อน
ไม่มีหลักฐานจากกล้องวงจรปิดที่เกิดเหตุหรือกล้องภายในรถคู่กรณี เนื่องจากเมมโมรี่หายไปหลังการชน
ผู้ร้องเรียนระบุว่าตนเองได้รับบาดเจ็บและรู้สึกไม่ได้รับความเป็นธรรมจากเจ้าหน้าที่ตำรวจที่ไม่สอบถามอาการบาดเจ็บของตน",test,Hybrid,2024,21,4,5.25,0.3347825109958648,0.4878389040629068,0.5121610959370931
42479831,คิดจะทำประกันชีวิตตอนอายุ 35 ช้าไปมั้ยครับ คิดจะทำประกันชีวิตตอนอายุ 35 ช้าไปมั้ยครับ เห็นเพื่อนๆ เขาทำกันตั้งแต่เรียน บ้านผมไม่ค่อยมีตัง เขาบอกว่าถ้าทำตอนอายุเยอะแล้วเบี้ยจะแพง ตอนนี้ทำงานมาระยะหนึ่งแล้ว เลยคิดอยากทำประกันชีวิตบ้าง แบบที่ครอบคลุมค่ารักษา โรคร้าย โรคต่างๆ กะจะทำให้แฟนแล้วก็ลูกด้วย เห็นมีประกันค่อนข้างเยอะ มีแบบคล้ายๆ การฝากเงินด้วย ถ้าได้ครบหมดแบบใบเดียวเลยคิดว่าน่าสะดวกกับครอบครัวดี แต่ยังเลือกไม่ถูก ปกติเขาเลือกประกันจากอะไรกันบ้างครับ ส่วนหนึ่งก็กลัวเวลาเคลมด้วยเหมือนกัน กลัวเคลมยาก กลัวเคลมไม่ได้,"ผู้ร้องเรียนพิจารณาทำประกันชีวิตที่อายุ 35 ปี และกังวลว่าอาจเริ่มช้าเกินไป
มีความต้องการเลือกแผนประกันที่ครอบคลุมค่ารักษาพยาบาล โรคร้ายแรง และโรคต่าง ๆ สำหรับตนเอง แฟน และลูก
สนใจแผนที่รวมบริการหลายประการไว้ในกรมธรรม์เดียวเพื่อความสะดวกในการดูแลครอบครัว
ยังลังเลในการเลือกแผนประกัน และกังวลเรื่องกระบวนการเคลมที่อาจไม่เป็นไปตามคาดหวัง",test,Hybrid,2024,12,4,3.0,0.3616589307785034,0.5364213387171427,0.4635786612828573
42516957,ปรึกษาเรื่องประกันคุ้มครองเครื่องใช้ไฟฟ้าของ CHUBB ใน Lazada ที่ขายเราตอนจะซื้อพวกทีวี อุปกรณ์อิเล็กทรอนิกส์ สวัสดีครับ อยากจะมาขอปรึกษาเรื่องประกันของ CHUBB ที่ทาง Lazada จะเสนอขายให้เราซื้อเพิ่มตอนจะซื้อพวกทีวีหรืออุปกรณ์อิเล็กทรอนิกส์ คือผมได้ทำการซื้อทีวีใหม่ช่วงเดือนธันวา 12.12 เพราะกดได้คูปองราคาถูกลงมาก แล้วก็ได้ซื้อประกันเพิ่มไปในขั้นตอนการสั่งซื้อของ Lazada แต่ด้วยว่ากำลังรีโนเวทห้องใหม่ตอนของส่งมาก็เลยตั้งทิ้งไว้ก่อน จนวันนี้ได้มีการเอามาเปิดทดสอบดู ปรากฏว่าขึ้นจอภาพดำเป็นปื้น แล้วมีรอยร้าวอยู่ตรงขอบจอ ซึ่งไม่รู้ว่าเกิดจากอะไรเหมือนกัน ทีนี้ก็เลยนึกได้ว่าเราซื้อประกันไว้ ก็ได้ส่งเรื่องเคลมตามปกติ จากนั้นทาง CHUBB โทรมาปฏิเสธว่าไม่สามารถเคลมได้ เนื่องจากเป็นการเกิดจากการใช้งาน ไม่ใช่อุบัติเหตุ โดยให้เหตุผลว่าประกันนี้จะคุ้มครองก็ต่อเมื่อตกแตก มีคนเดินชนแล้วร่วงแตก ไม่รวมถึงการเปิดมาแล้วมีรอยร้าวและจอภาพดำเป็นปื้นแบบที่บอกไป ซึ่งผมว่ามันแปลกๆ เพราะถ้ามีรอยร้าวมันก็ควรจะเข้าเงื่อนไขหรือเปล่า เพราะเท่าที่เปิดกรมธรรม์อ่านดูเค้าให้คำนำยามแค่แบบด้านล่างนี้ ความเสียหาย หมายความถึง ความสูญเสียหรือความเสียหายทางกายภาพ ไม่ว่าทั้งหมดหรือบางส่วนที่เกิดขึ้นแก่ทรัพย์สินที่เอาประกันภัยไว้ภายใต้กรมธรรม์ประกันภัยฉบับนี้ อุบัติเหตุ หมายความถึง เหตุการณ์ที่เกิดขึ้นอยางฉับพลัน จากปัจจัยภายนอกและทําให้เกิดผลที่ผู้เอาประกนภัยมิได้เจตนาหรือมุ่งหวัง ชื่อกรมธรรม์ใช้ชื่อว่า กรมธรรม์ประกันภัยคุ้มครองทรัพย์สินและเครื่องใช้ไฟฟ้า ขายผ่านทางอิเล็กทรอนิกส์ Online เลยอยากมาปรึกษาว่าผมควรทำยังไงดีครับ ขอบคุณครับ,"ผู้ร้องเรียนซื้อทีวีพร้อมประกันคุ้มครองเครื่องใช้ไฟฟ้าจาก Lazada ในเดือนธันวาคม และพบว่าขณะเปิดใช้งานมีจอภาพดำเป็นปื้นพร้อมรอยร้าวที่ขอบจอ
ได้ดำเนินการเคลมตามกรมธรรม์ประกันภัยของ CHUBB แต่ถูกปฏิเสธเนื่องจากถือว่าความเสียหายเกิดจากการใช้งาน ไม่เข้าข่ายอุบัติเหตุตามเงื่อนไข
ผู้ร้องเรียนโต้แย้งว่าความเสียหายดังกล่าวอาจจัดเป็นความเสียหายทางกายภาพที่เกิดจากปัจจัยภายนอกฉับพลัน ซึ่งอยู่ในขอบเขตของกรมธรรม์
จึงขอคำปรึกษาแนวทางในการพิจารณาเคลมใหม่หรือทางออกอื่น ๆ ที่เหมาะสม",test,Hybrid,2024,19,4,4.75,0.4830975830554962,0.5384981632232666,0.4615018367767334
43582228,รถชนท้าย คู่กรณีไม่มีประกัน สรุปเบี้ยประกันปีต่อไปขึ้นราคา น้องแสง ทำประกันชั้น 1 กับบริษัทประกันภัยแห่งหนึงย่าน บางรัก สีลม เกิดเหตุรถชนท้าย แรงมาก ต้องเปลี่ยนกระโปรงท้าย MG ZS ถือว่า น้องแสงเป็นฝ่ายถูก คู่กรณีรับสภาพ จ่ายเงินค่าซ่อมให้บริษัทประกัน แต่พอน้องแสงมาต่อประกันปีต่อไป เบี้ยประกันดันขึ้นราคา อ้าว.แต่ถ้าคู่กรณีมีประกัน เบี้ยรประกันจะไม่ขึ้นราคา เป็นความรู้ใหม่ครับ ที่เพิ่งรู้ แบบนี้ก็ไม่แฟร์สำหรับฝ่ายถูก สิครับ ขนาดเป็นฝ่ายถูกเบี้ยประกันดันขึ้นได้,"น้องแสงทำประกันชั้น 1 กับบริษัทในย่านบางรัก สีลม และเกิดอุบัติเหตุรถชนท้าย โดยเป็นฝ่ายถูก
คู่กรณีรับผิดชอบและจ่ายค่าซ่อมให้บริษัทประกันตามปกติ
อย่างไรก็ตาม เมื่อน้องแสงมาต่อประกันในปีถัดไป กลับพบว่าเบี้ยประกันขึ้นราคา
ผู้ร้องเรียนมองว่าการขึ้นเบี้ยแม้เป็นฝ่ายถูกถือว่าไม่เป็นธรรม เนื่องจากหากคู่กรณีมีประกัน เบี้ยจะไม่ขึ้น",test,Hybrid,2025,13,4,3.25,0.5370210409164429,0.4732541640599568,0.5267458359400432
43278587,สอบถามผู้รู้เรื่องกรมธรรม์ค่ะ ทำประกันไว้ให้ลูกสาวเดิมเป็นราย 6 เดือน จ่ายครั้งละเบี้ยครั้งละประมาณ 3300 บาท ปีนึงจ่าย 2 ครั้ง รวมก็ประมาณ 6600 บาท แต่ตอนนี้ขอเปลี่ยนการชำระเป็นรายปี เพราะจะได้จ่ายเบี้ยถูกลง แต่ทำไมเบี้ยจึงเพิ่มขึ้นเป็น 7120 บาท แล้วมีรายการความคุ้มครองเพิ่มขึ้นมาว่า รพ.ปัญจรักษ์ เบี้ยประกันราย 12 เดือน 220 บาท สงสัยตรง รพ.ปัญจรักษ์ค่ะ ว่าคืออะไร แต่โทรถามตัวแทนก็ไม่ได้ ติดต่อ บ.ก็สายไม่ว่างตลอด คราวหน้าคงเปลี่ยน บ.แล้วค่ะ ท่านใดพอจะทราบบ้างคะว่าคืออะไร,"ผู้ร้องเรียนจ่ายเบี้ยประกันภัยปีละประมาณ 6,600 บาท โดยจ่าย 2 ครั้งต่อปี ครั้งละ 3,300 บาท
เมื่อขอเปลี่ยนเป็นการชำระรายปีเพื่อลดเบี้ยกลับพบว่าเบี้ยเพิ่มขึ้นเป็น 7,120 บาท
มีรายการความคุ้มครองใหม่ที่ระบุว่า ""รพ. เบี้ยประกันราย 12 เดือน 220 บาท"" ซึ่งไม่เข้าใจความหมายและไม่เคยเห็นมาก่อน
ติดต่อสอบถามตัวแทนและบริษัทประกันภัยแต่ไม่สามารถติดต่อได้เนื่องจากสายไม่ว่างตลอดเวลา",test,Hybrid,2025,16,4,4.0,0.481046587228775,0.559060255686442,0.440939744313558
42955575,สอบถามสมัครประกันภัยทางโทรศัพท์ ถ้าไม่ตอบตกลงสัญญายังไม่เกิดใช่มั้ยคะ วันนี้มีบริษัทประกันภัยเจ้านึง บอกเราว่ามีข้อเสนอลูกค้าชั้นดีของประกัน จะลดเบี้ยประกัยภัยจาก 800 บาท เป็น 700 บาท โดยประมาณ เป็นประกันต่อเนื่อง 3 ปี ปีนี้เป็นปีสุดท้าย แล้วเป็นประกันที่หักยอดกับบัตรเครกิตมาตลอด ด้วยความมีกรมธรรม์หลายตัวเลยจำไม่ได้ว่าอันไหนเป็นอันไหน ก็เลยเข้าใจว่าเป็นอันที่มีอยู่แล้ว เค้าถามข้อมูลเราหลายอย่างรวมทั้งข้อมูลบัตรเครดิต จนมาถึงขั้นตอน ให้พูดตกลงเราเกิดเอะใจ ขึ้นมา เลยบอกไม่เอา ไม่ยินยอม อันนี้คือสัญญายังไม่เกิดขึ้นใช่มั้ยคะ กังวลใจมากค่ะ แต่เราก็โทรไปอายัดบัตรแล้วทันทีหลังวางสาย ยังไม่มียอดหักเงิน แล้วคือนายหน้าประกันคนนั้นบอกตลอดว่าเป็นสัญญากรมธรรม์ตัวเก่าที่เราเคยทำมา และหักยอดผ่านบัตรมาตลอด พอไปเช็คย้อนหลังกับบัตรก็ไม่มียอดเกี่ยวกับประกันเลย อันนี้คือประกันหรือมิจฉาชีพ มาแบบเนียนๆ,"บริษัทประกันภัยเสนอส่วนลดเบี้ยประกันจาก 800 บาท เหลือ 700 บาท สำหรับกรมธรรม์ต่อเนื่อง 3 ปี โดยอ้างว่าเป็นการต่ออายุกรมธรรม์เดิมที่หักยอดผ่านบัตรเครดิต
ลูกค้าให้ข้อมูลส่วนตัวและข้อมูลบัตรเครดิต แต่เมื่อเกิดความสงสัยจึงยกเลิกการตกลงก่อนขั้นตอนสุดท้าย
หลังตรวจสอบประวัติบัตรเครดิตพบว่ายอดหักไม่เกี่ยวข้องกับประกันภัยใด ๆ ตามที่นายหน้าอ้าง
ลูกค้ากังวลว่าอาจตกเป็นเหยื่อของมิจฉาชีพที่แฝงตัวมาในรูปแบบของบริษัทประกันภัย",test,Hybrid,2024,13,4,3.25,0.5517795085906982,0.3404075304667154,0.6595924695332845
42352510,ประกัน Generali ต้องสำรองจ่ายใช่ไหม ท่านใดเคยใช้ประกัน generali บ้างคะ ตอนนี้ นอน รพ. มา17 วัน เนื่องด้วยโรคหมอนรองกระดูกทับเส้นประสาท ซึ่งเป็นโรคที่ไม่เคยเป็น หรือตรวจ หรือรักษามาก่อนที่จะทำประกัน รอประกันแจ้งอนุมัติทั้งเคลมค่ารักษาในการผ่าตัดและเคลมค่ารักษาที่นอน รพ.ยังไม่มีคำตอบเลยค่ะ แล้วนอน รพ.มานานมาก ค่าใช้จ่ายก็เพิ่มมากขึ้น นอนโรงพยาบาลตั้งแต่วันที่ 3 พฤศจิกายน จนตอนนี้วันที่ 19 พฤศจิกายน รวม 17 วัน ประกันยังไม่มีการตอบรับว่าจะอนุมัติในการเคลมในการผ่าตัดและค่ารักษาหรือเปล่า ตอนนี้หนักใจมากเลยค่ะ Generali Thailand Generali Online,"ผู้ร้องเรียนเข้ารับการรักษาในโรงพยาบาลมาแล้ว 17 วัน เนื่องจากเป็นโรคหมอนรองกระดูกทับเส้นประสาทครั้งแรกในชีวิต
ได้ยื่นขอเคลมค่ารักษาพยาบาลและการผ่าตัดกับบริษัทประกัน Generali Thailand แต่ยังไม่ได้รับการตอบกลับ
ค่าใช้จ่ายในการรักษาเพิ่มขึ้นเรื่อย ๆ โดยเฉพาะค่าห้องพักในโรงพยาบาลที่ยังไม่มีการอนุมัติเคลม
ผู้ร้องเรียนรู้สึกกังวลและหมดหวังกับสถานการณ์ที่ยังไม่มีความคืบหน้าจากบริษัทประกัน",test,Hybrid,2023,13,4,3.25,0.4906612932682037,0.4731852610905965,0.5268147389094036
42803077,ยกเลิกประกัน Allianz smart saving 18 8 เมื่อวันที่ 24 มิถุนานน 2024 ที่ผ่านมา ผมได้รับการติดต่อจากหมายเลขโทรศัพท์ 06 112 6451 แจ้งว่าติดต่อจากบัตร Krungsri First Choice สอบถามผมเกี่ยวกับยอดใช้จ่ายในบัตร เนื่องจากมีลูกค้าร้องเรียนเข้ามาจำนวนมาก ว่าได้รับการติดต่อจาก Broker ประกันให้ทำประกันโดยหักยอดจากบัตรเครดิต ทางผมเพิ่งได้กลับมาบ้านมีเวลาอ่านตัวเล่นกรมธรรม์ ปรากฏว่ามีหลายข้อที่ผมอ่านแล้วไม่โอเคต้องการยกเลิก จึงยืนยันกันในสายไป เพื่อให้ส่งเรื่องต่อดำเนินการยกเลิก โดยเอกสารที่ต้องใช้มีสำเนาบัตรประชาชนเซ็นรับรองสำเนาถูกต้อง พร้อมระบุเพื่อใช้ในการยกเลิกประกันเท่านั้น พร้อมตัวเลขกรมธรรม์ ซึ่งหลังจากดำเนินการยกเลิกเรียบร้อยแล้ว จะได้รับเงินคืนเข้าบัตรเครดิตทั้งหมดในรอบบิลเดือนกรกฎาคม 2024 ปรากฏว่าวันนี้ 25 มิถุนานน 2024 ผมติดต่อเข้าหมายเลขโทรศัพท์ของทาง Allianz 1373 สอบถามสถานะการยกเลิก ได้รับแจ้งว่ายังไม่ได้รับเรื่องยกเลิก และหากต้องการยกเลิกจะไม่สามารถขอคืนเงินได้ เนื่องจากเลยกำหนด 30 วันแล้ว ผมพยายามติดต่อหมายเลขโทรศัพท์ 06 112 6451 นี้ แต่ไม่สามารถติตด่อกลับได้เลย สมาชิกท่านใดพอจะแนะนำได้บ้างครับ ว่าผมควรติดต่อทางหน่วยงานใด เพื่อดำเนินการยกเลิก และขอเงินคืนที่ชำระไป ขอบคุณสำหรับความคิดเห็นล่วงหน้าครับ,"ผู้ร้องเรียนยกเลิกกรมธรรม์ประกัน Allianz Smart Saving 18 วันที่ 24 พฤษภาคม 2024 หลังได้รับการติดต่อจากเบอร์โทรศัพท์ 06 112 6451 ซึ่งอ้างว่ามาจากบัตร Krungsri First Choice
ผู้ร้องเรียนได้ส่งเอกสารประกอบการยกเลิกตามคำแนะนำ และยืนยันการยกเลิกผ่านสายโทรศัพท์
อย่างไรก็ตาม เมื่อติดต่อสายด่วน Allianz หมายเลข 1373 ในวันที่ 25 พฤษภาคม 2024 ได้รับแจ้งว่ายังไม่ได้รับเรื่องยกเลิก และไม่สามารถขอคืนเงินได้เนื่องจากเกินระยะเวลา 30 วัน
ผู้ร้องเรียนไม่สามารถติดต่อเบอร์โทรดังกล่าวกลับได้อีก และกำลังมองหาช่องทางอื่นเพื่อดำเนินการยกเลิกและขอคืนเงิน.",test,Hybrid,2024,13,4,3.25,0.5177136063575745,0.5856478214263916,0.4143521785736084
42360826,รถจมน้ำทั้งคัน จะพังไหมคะ รถเป็นยี่ห้อโตโยต้ารีโว่ค่ะจมสระน้ำประมาน2 3ชม. หลานขับพุ่งลงไปเลยค่ะ รถดับในน้ำค่ะ ไม่ทราบว่าจะพังไหม มีใครเคยมีประสบการณ์แบบนี้บ้างรึป่าวคะ ปล.1 วันตกประกันหมดพอดี4 โมงเย็นประกันไม่รับผิดชอบเลยค่ะ ปล.2 อย่าพึ่งด่านะคะที่ปล่อยประกันหมด สาเหตุมาจากเอาไปเคลมรอบคันแล้วกำลังรออะไหล่มาค่ะ มาหลังจากรถตกวันเดียวเองค่ะ ที่รอเพราะจะเคลมทำสีก่อนเพื่อเปลี่ยนบ.ประกันเค้าต้องถ่ายรูปค่ะ ปล.3 กล่องควบคุมระบบไฟecu ถ้าเสียเปลี่ยนกี่บาทค่ะ ปล.4 มีคนบอกว่าลูกสูบโก่งแน่ ถ้าโก่งจริงจะผลเสียยังไงคะ ปล.5 ใครมีคำแนะนำอะไรช่วยทีค่ะไม่รู้เรื่องเลยค่ะ,"รถโตโยต้ารีโว่จมอยู่ในน้ำประมาณ 2-3 ชั่วโมงหลังจากหลานขับพุ่งลงสระ
ประกันหมดอายุในวันเดียวกัน ทำให้ไม่สามารถเคลมได้
เจ้าของรถกังวลเรื่องความเสียหายต่อระบบไฟฟ้าและเครื่องยนต์ โดยเฉพาะกล่อง ECU และลูกสูบ
สอบถามถึงค่าใช้จ่ายในการซ่อมแซมและผลกระทบหากเกิดการโก่งลูกสูบ",test,Hybrid,2023,14,4,3.5,0.5313180088996887,0.429872711499532,0.570127288500468
42125028,ถูกแอบอ้างข้อมูล หลอกขายประกัน บริษัท tqm เมื่อวันที่ 14 7 66 เวลา 14.08 มี จนท ทางบริษัท TQM ติดต่อมาแอบอ้างขายประกันอัคคีภัยบ้านบอกเป็นประกันของทิพยะประกันภัย และประกันอัคคีบ้านจะหมดความคุ้มครอง ของกรมธรรม์เดิม ในวันที่ 15 7 66 เพื่อให้ความคุ้มครองต่อเนื่อง โดยไม่ทราบว่าถูกหลอกว่า กรมธรรม์เดิมหมดความคุ้มครองแล้วจริงๆ จึงตอบตกลงทำประกัน แบ่งชำระค่าประกัน งวดแรก จำนวน 2249.68 บาท เมื่อวันที่ 15 7 66 และ วันที่ 15 7 66 หลังจากที่ได้ชำระค่าประกันก้อนแรก จึงได้ติดต่อไปทาง 1736 บริษัททิพยะประกันภัยโดยตรง เพื่อสอบถาม ข้อมูลกรมธรรม์อัคคีภัยบ้าน จึงได้ทราบว่า ความคุ้มครองของกรมธรรม์เดิม ยังไม่หมดความคุ้มครอง ยังมีความคุ้มครอง ถึงวันที่ 30 4 2568 จึงได้ทราบว่าถูกแอบอ้างหลอกขายประกัน ทั้งที่ประกันเดิมยังไม่หมดความคุ้มครอง และจะส่งเรื่อง กับทาง คปภ. ไปเพราะมีการแอบอ้างหลอกทำประกันภัย เราต้องการจะยกเลิกประกัน และต้องการเงินคืนเต็มจำนวนจะต้องดำเนินการอย่างไรบ้างคะ รบกวนทางประกันติดต่อกลับมายกเลิกให้โดยด่วนค่ะ,"ถูกติดต่อโดยเจ้าหน้าที่บริษัท TQM ซึ่งแอบอ้างว่ากรมธรรม์ประกันอัคคีภัยบ้านหมดความคุ้มครองในวันที่ 15 กรกฎาคม 2566
จึงได้ชำระเงินงวดแรกจำนวน 2,249.68 บาท เพื่อต่ออายุความคุ้มครองโดยไม่ทราบว่ากรมธรรม์เดิมยังคงมีผลใช้งานอยู่
เมื่อตรวจสอบข้อมูลกับบริษัททิพยะประกันภัยผ่านสายด่วน 1736 พบว่าความคุ้มครองยังคงมีอยู่จนถึงวันที่ 30 เมษายน 2568
จึงสรุปว่าถูกหลอกให้ทำประกันซ้ำโดยไม่จำเป็น และจะดำเนินการแจ้งเรื่องต่อคณะกรรมการกำกับหลักทรัพย์และตลาดหลักทรัพย์ (คปภ.)",test,Hybrid,2023,13,4,3.25,0.5631828904151917,0.7387889226277669,0.2612110773722331
41903789,ประสบการ์ณ ประกัน เปิด ปิด แชร์กันหน่อยนะ . . ใครเคยใช้ ประกันรถยนต์ เปิด ปิด แล้ว เกิดเหตุหนักเราประมาท แล้วได้ เคลมบ้างครับ อยากจะขอแชร์ ประสบการ์ณ ที่ชาวเน็ต เคยเจอมา ส่วนตัวผม ตอนนี้ ลุ้น. เพราะ นายประกัน ถามหา หลักฐานการ เปิด ประกัน ระหว่างเกิดเหตุ ผมมีแค่ 1 ทุ่มเปิด 2 ทุ่ม 55ปิด แต่ไม่มีหลักฐาน เปิดตอน ระหว่าง 5 ทุ่ม เที่ยงคืน . . ตอนนี้ทำใจและครับ. ถ้าไม่ได้เคลมรถผม แต่เคลมคู่กรณีก้อยังดี. ส่วนเงินที่เสียไปก็แล้วแต่เวร แต่กรรม เฮ้อ. ขอบคุณที่เข้ามาอ่านและ แชร์ ประสบการ์ณ นะครับ,"ผู้ร้องเรียนประสบปัญหาในการเคลมประกันรถยนต์หลังเกิดอุบัติเหตุ โดยนายประกันต้องการหลักฐานการเปิดใช้งานกรมธรรม์ในช่วงเวลาที่เกิดเหตุ
ผู้ร้องระบุว่ามีการเปิดประกันเพียงช่วงเวลา 21.00 - 23.55 น. แต่ไม่มีหลักฐานยืนยันการเปิดใช้งานในช่วงเวลาอื่น ๆ
จึงกังวลว่าอาจไม่ได้รับสิทธิ์เคลมค่าเสียหายจากตนเอง แม้จะได้เคลมคู่กรณีก็ตาม
ผู้ร้องเรียนแสดงความหวังว่าหากได้รับการพิจารณาอย่างยุติธรรม จะถือว่าดีที่สุดในสถานการณ์นี้",test,Hybrid,2023,12,4,3.0,0.4696192741394043,0.4720591306686401,0.5279408693313599
43039081,ถามเรื่องการยกเลิก ประกัน FWD ที่ซื้อผ่าน SCB ในช่วง Free look ครับ พอดีผมตัปซื้อประกันสุขภาพ ของ FWD ผ่าน SCB แต่มาคิดดูแล้วเห็นว่าไม่ตอบโจทย์ จึงต้องการยกเลิก ผมเข้าไปศึกษาวิธีการยกเลิกกรมธรรม์ในช่วง Free look ผ่าน website ของ FWD และตัดสินใจเลือกส่งคืนกรมธรรม์พร้อมเอกสารต่างๆ ประกอบด้วย 1. กรมธรรม์ฉบับจริง 2. สำเนาบัตรปชช และ 3.สำเนาหน้าบัญชีธนาคาร ผ่าน สนง. FWD ในจังหวัดที่ผมอยู่ แต่พอมาเสิรช์ข้อมูลดูแล้วค่อนข้างกังวล โดยผมมีข้อสังเกตุดังนี้ครับ เจ้าหน้าที่รับไปเอกสารผมไปไม่ได้ออกเอกสารอะไรให้ผมเลย จึงอาจไม่มีหลักฐานว่าผมส่งภายในช่วง Free look หรือไม่ แล้วเราจะติดตามสถานะเอกสารของเราได้อย่างไรครับ และผมควรส่งเอกสารอีกชุดหนึ่งประกอบด้วย สำเนากรมธรรม์ สำเนาบัตร ปชช สำเนาสมุดบัญชี ไปทางไปรษณีย์อีกช่องทางหนึ่งเพื่อกันพลาดมั๊ยครับ ถ้าเป็นไปได้ ถ้า จนท.ของ scbหรือ fwd เห็นกระทู้นี้อยากขอคำแนะนำด้วยนะครับ,"ผู้ร้องเรียนขอยกเลิกกรมธรรม์ประกันสุขภาพ FWD ที่ซื้อผ่าน SCB ภายในช่วง Free look
ได้ดำเนินการส่งคืนกรมธรรม์และเอกสารประกอบ เช่น สำเนาบัตรประชาชน และสำเนาหน้าบัญชีธนาคาร
โดยนำส่งเอกสารดังกล่าวที่สำนักงาน FWD ในจังหวัดที่ตนพักอาศัย
อย่างไรก็ตาม เจ้าหน้าที่รับเอกสารแต่ไม่ได้ออกใบเสร็จรับเงินหรือเอกสารยืนยันการรับมอบใดๆ",test,Hybrid,2024,14,4,3.5,0.5446383953094482,0.4751807848612467,0.5248192151387533
43136603,ทำไมทิพยประกันภัยติดต่อกลับยากจัง ใครเคยเจอแบบเราบ้าง เราติดต่อไปจะยกเลิกกรมธรรม์ เราตามผ่านแชท ส่งเอกสารผ่านแชท พร้อมบอกให้เราระบุว่าให้มีผลวันไหน เราก็ระบุ 10 12 2567 เราติดต่อไปตั้งแต่วันที่9 12 2567แล้ว เค้าก็บอกว่ารับเรื่องค่ะเดี๋ยวให้เจ้าหน้าที่โทรกลับ จนตอนนี้ ผ่านมา 3 วันยังไม่มีใครติดต่อมาเลยค่ะ พอตามอีกก็บอกว่ารับเรื่องให้ติดต่อกลับเร่งด่วน คือเร่งด่วนของเรากะของคุณไม่เท่ากันหรอ ลูกค้าตามมา 3 วันก็บอกแค่เดี๋ยวให้เจ้าหน้าติดต่อกลับ คือตามจนเหนื่อยก็ยังไม่มีใครติดต่อกลับ บอกตรงๆไม่เหมือนเจ้าอื่น รับเรื่องเช้าวันนั้นเย็นติดต่อมา ทำให้เรารู้คิดถูกแล้วที่จะลาขาด ปล.ไม่ใช่แค่เรื่องยกเลิกกรมธรรม์ที่ไม่ติดกลับ ทุกเรื่องที่เราต้องการความช่วยเหลือระหว่างที่เราถือกรมธรรม์ไม่เคยติดต่อง่ายๆเลยค่ะ ทิพยประกันภัย,"ได้ส่งเอกสารผ่านแชทพร้อมระบุวันที่ต้องการให้มีผล คือ 10, 12 ธันวาคม 2567
ติดต่อสอบถามตั้งแต่วันที่ 9 ธันวาคม 2567 แต่ยังไม่มีเจ้าหน้าที่ติดต่อกลับภายใน 3 วัน
มีการแจ้งว่ารับเรื่องแล้วจะติดต่อกลับเร่งด่วน แต่กลับไม่มีการดำเนินการตามที่承诺
ประสบการณ์ในการขอความช่วยเหลือในทุกกรณีระหว่างถือกรมธรรม์ไม่เคยได้รับการตอบสนองอย่างรวดเร็วหรือมีประสิทธิภาพ",test,Hybrid,2024,12,4,3.0,0.5218403935432434,0.4706865946451822,0.5293134053548177
41970454,โดนบ.เงินติดล้อยกเลิกกรมธรรม์ ขาดส่ง15วัน ผ่อนประกันกับบ.เงินติดล้อ ส่งไป4งวดแล้วงวดที่5เงินเราไม่พอจ่ายเลยค้างใว้1งวด มีพนักงานโทรหาเรา เราบอกขอจ่ายวันที่20 4 ทั้ง2งวดได้ไหมทางพนักงานบอกได้จะทำเรื่องใว้ให้ในระบบและมีSMSแจ้งมาว่าให้จ่าย2งวดในวันที่20 4 เราก็โล่งใจไปหาเงินมาจ่ายพอมาวันที่17 4เราจะจ่ายกลับจ่ายไม่ได้เลยโทรไปถามบ.ได้ทำตอบว่าได้เวนคืนกรมธรรม์ของลูกค้าไปแล้วยกเลิกกรมธรรม์แล้ว เอ้าทำไมไวจัง ไม่มีการให้โอกาสกันเลยหรอ อย่างน้อยก็ให้ค้างสัก2งวดก็ได้ทางบ.ก็คิดค่าปรับล่าช้าไปสิ แบบนี้คนส่งจะหมดแล้วต้องมาโดนยกเลิกเพราะเงินไม่พอจ่ายให้จริงๆเท่ากับเสียเงินฟรีไปเลยนะ แบบนี้บ.หากินแบบไม่ให้โอกาสคนหาเช้ากินค่ำเลยอะ แย่ๆมากเลยแบบนี้ พอจะมีใครให้คำปรึกษาอะไรได้บ้างจะแก้ไขอะไรได้บ้าง,"ลูกค้าชำระเงินติดล้อครบ 4 งวด และขอจ่ายค้างอีก 1 งวดพร้อมเสนอจ่าย 2 งวดรวมในวันที่ 20 เมษายน
พนักงานอนุมัติและส่ง SMS ยืนยันให้จ่าย 2 งวดในวันดังกล่าว
แต่เมื่อลูกค้าจะชำระในวันที่ 17 เมษายน กลับได้รับแจ้งว่ากรมธรรม์ถูกยกเลิกและมีการนำหลักประกันไปแล้ว
ลูกค้ารู้สึกไม่เป็นธรรมที่ไม่ได้รับโอกาสในการแก้ไขหนี้และเสียเงินโดยไม่มีเหตุผลชัดเจน",test,Hybrid,2023,14,4,3.5,0.4772833287715912,0.6349060932795206,0.3650939067204793
41997861,Silk Span แจ้งยกเลิก กธ. รถยนต์ ในวันที่บริษัทปิดทำการ แล้วให้ลูกค้าทำไง รบกวนขอเบอร์เจ้าหน้าที่ท่านไหนก็ได้ด่วนๆค่ะ มายกเลิกวันที่บริษัทไม่ทำการแบบนี้ แล้วโทรถามบริษัทประกันแจ้งว่าก็ไม่ได้มีการรับประกันแต่แรก ในวันนี้ถ้าเกิดอุบัติเหตุไม่มีการคุ้มครองใดๆ ถ้าจะบอกยกเลิกก็ควรบอกวันที่ทำการปกติมั้ยคะ วันนี้รถไม่มีประกันคุ้มครอง จะให้ลูกค้าติดต่อใครถ้าเกิดอุบัติเหตุ ต้องขับไปต่างจังหวัดด้วย ไม่เข้าเงื่อนไขรับประกันอะไรรับได้เข้าใจกฎได้หมด แต่ต้องยกเลิกในวันที่มีคนประสาสงานแก้ปัญหาให้ลูกค้าสิ เงินก็ได้เริ่มจ่ายไปแล้ว ระบบส่งแมจเสจมายกเลิกได้ทำไมไม่มีคนให้ติดต่อว่าทำไงต่อ บริการแย่ขนาดนี้ได้ยังไง ไม่มีแม่แต่เจ้าหน้าที่คอยให้ข้อมูลให้ลูกค้าคลายกังวลเลย แย่ที่สุด ใครเคยเจอเคสแบบนี้ รบกวนแนะนำหน่อยนะคะ,"ลูกค้าร้องเรียนเกี่ยวกับการยกเลิกบริการในวันที่บริษัทปิดทำการ ซึ่งทำให้ไม่สามารถติดต่อเจ้าหน้าที่ได้
ระบุว่าไม่ทราบข้อมูลเรื่องการยกเลิกล่วงหน้า และไม่มีการแจ้งเตือนอย่างชัดเจน
ยืนยันว่าในวันนี้รถไม่มีความคุ้มครองจากกรมธรรม์ประกันภัย
กังวลว่าหากเกิดอุบัติเหตุขณะเดินทางไปต่างจังหวัดจะไม่มีการช่วยเหลือใด ๆ",test,Hybrid,2023,14,4,3.5,0.4927006363868713,0.5122502247492472,0.4877497752507528
43636031,ประโยชน์ที่ได้จากการมีประกันภัยอัคคีภัยคืออะไรครับ ถ้ามีกรรมธรรม์มากกว่า1แห่ง คืออยู่คอนโด แล้วตอนยื่นกู้ซื้อคอนโดก็มีประกันอัคคีภัยเพิ่มเข้ามา พอตอนนี้ที่คอนโดได้มีประกันของทั้งตึกที่ครอบคลุมทั้งส่วนกลางและพื้นที่ส่วนบุคคลรายห้อง พอตอนหมดอายุกรมธรรม์ส่วนตัวของห้องแจ้งมาให้ชำระต่อ ก็เลยชำระไป พอมีเหตุแผ่นดินไหวเลยเพิ่งได้รู้ว่าค่าชดเชยการเคลมจะเอาแบ่งกันจ่ายจากประกัน2แห่ง ซึ่งรู้สึกว่าเสียเปรียบเพราะบางคนเค้าไม่ได้ทำประกันส่วนตัวของห้อง ก็ได้รับค่าเคลมประกันจากประกันฝั่งเดียวเต็มๆ ส่วนของเราต้องจ่ายค่าต่อส่วนตัวเป็นหมื่น แต่ก็ได้รับจำนวนเท่ากันโดยประกัน2แห่งแบ่งกันจ่าย มีข้อสงสัยครับ แบบนี้เราจะมีประกันมากกว่า1แห่งไปทำไมครับ เพราะส่วนของคอนโดผมก็จ่ายไปในค่าส่วนกลางแล้วด้วยไม่ได้ได้รับฟรีๆ ขอบคุณครับ เน้นนะครับ ถึงจะทำ 20 บ. ก็ได้รับชดเชยเท่าเดิม ทำหลายเจ้าทำไมครับ เพราะไม่ได้ลดความเสี่ยงอะไรเลย,"ผู้ร้องเรียนมีกรมธรรม์ประกันอัคคีภัยส่วนตัวสำหรับห้องชุดคอนโด และยังมีประกันของอาคารที่ครอบคลุมทั้งส่วนกลางและส่วนบุคคล
เมื่อเกิดเหตุแผ่นดินไหว พบว่าค่าชดเชยจากการเคลมจะถูกแบ่งจ่ายจากประกันทั้งสองแห่ง แม้ผู้ร้องเรียนจะจ่ายเบี้ยประกันส่วนตัวไปแล้วหลายหมื่นบาท
ผู้ร้องเรียนรู้สึกว่าเสียเปรียบ เพราะผู้ที่ไม่ได้ทำประกันส่วนตัวกลับได้รับเงินชดเชยเต็มจำนวนจากประกันอาคารเพียงแห่งเดียว
จึงตั้งคำถามว่า การทำประกันส่วนตัวเพิ่มเติมจึงไม่มีประโยชน์ เนื่องจากได้รับเงินชดเชยเท่ากัน ทั้งที่เคยจ่ายเบี้ยเองและรวมอยู่ในค่าส่วนกลางแล้ว",test,Hybrid,2025,12,4,3.0,0.5719969868659973,0.6121504306793213,0.3878495693206787
42286924,วางแผนจัดงานศพให้ตัวเอง สอบถามเพื่อนๆ สว.หน่อยค่ะ หรือใครที่เคยเห็นและมีประการณ์ของคนรอบข้าง ก็มาแชร์เป็นวิทยาทานได้นะคะ เรื่องของเรื่อง คือ เราเป็นคนโสด ไม่มีลูก ไม่มีสามี ไม่มีครอบครัวพ่อแม่เสียหมดแล้ว คิดว่าหลังจากเกษียณจะใช้เงินบำนาญจาก ปกส. ซึ่งคงได้ไม่มาก ไปจนตาย และไม่อยากจ่ายค่าประกันชีวิตหรือเป็นสมาชิกกลุ่มฌาปนกิจไว้ให้คนที่ดูแล เพื่อจัดการกับงานศพของตัวเอง เพราะคิดว่าจะได้ค่าทำศพจากปกส.ด้วย แต่ว่าปกส.จะไม่จ่ายค่าทำศพให้หลังจากจ่ายบำนาญให้ 6012x5 ปี งวดแล้ว ถ้าอายุสั้นก็สบายไปค่ะ แต่ถ้าอายุยาวจะเอาไงดีทีนี้ คำถามคือ เราควรทำประกันหรืออมเงินแบบไหนดี เพื่อเป็นค่าจัดการศพให้ตัวเองหลังจากตายแล้วดีคะ,"ผู้ร้องเรียนเป็นบุคคลที่ไม่มีครอบครัวหรือลูกหลาน และพ่อแม่เสียชีวิตหมดแล้ว
คาดหวังว่าจะใช้เงินบำนาญจากสำนักงานประกันสังคม (ปกส.) ในการดำรงชีวิตหลังเกษียณ
ไม่ต้องการจ่ายค่าประกันชีวิตหรือสมัครกลุ่มฌาปนกิจ เนื่องจากเชื่อว่าจะได้รับค่าทำศพจาก ปกส.
แต่กังวลว่าหากมีอายุยืนเกินไป อาจไม่เพียงพอต่อค่าใช้จ่ายในการจัดงานศพ และสอบถามแนวทางการเตรียมเงินสำรองอย่างไร",test,Hybrid,2023,16,4,4.0,0.3835250735282898,0.554953138033549,0.445046861966451
42271126,เตือนไม่ฟัง ซื้อประกันจากรู้ใจ สอบถามหารีวิวในนี้ แตกต่างกับในเว็บ อย่างมาก ก่อนทำลงทะเบียนไป ยงไม่ได้ชำระ โทร เช้า 08.00 โทร09.00 โทร 10.00 โทร 11.00 ง่ายๆว่า โทรทุกๆ 1 ชม ทั้งเบอร์หลัก สำรอง พอเราตกลงทำ จ่ายเงินเสร็จ เงียเลยไม่ค่อยโทรมา มีโทรมาล่าสุดถามว่า ทำยัง จ่ายเงินยัง ให้ถ่ายรูปอัพโหลดตรวจสภาพไป แต่ไม่ได้บอกว่า ให้ถ่ายเลขไมค์ด้วย ตอนทำ ไมค์ 1991 กลับมาถ่ายอีกที 2001 แล้ว ปรากฎว่าเกิน 200 เลย แล้วทำไม เงียบกริบ ไม่มีการติดต่อมาอีก กรมธรรม์ก็ไม่ออกให้ ไม่ตรวจสอบอะไรให้เลย ส่ง ข้อความ ทักไป โทรสอบถามก็ไม่มีการติดต่อกลับ อยากทราบ ขอยกเลิกได้ไหมครับ แบบนี้ไม่ไหว,"ผู้ร้องเรียนระบุว่าได้รับการติดต่อจากเจ้าหน้าที่ทุกๆ ชั่วโมงในช่วงเช้าผ่านเบอร์หลักและเบอร์สำรอง
หลังจากตกลงทำสัญญาและชำระเงินเสร็จสิ้น ผู้ให้บริการกลับหยุดติดต่อไปโดยไม่มีการแจ้งเตือน
เมื่อมีการสอบถามกลับมา ผู้ร้องเรียนถ่ายภาพอัพโหลดเพื่อยืนยันการดำเนินงาน แต่ไม่ได้รับคำชี้แจงเรื่องการถ่ายเลขไมค์
พบว่าเลขไมค์ที่ใช้ในการทำงานเกินกว่าที่กำหนด และไม่มีการติดต่อกลับอีกเลยหลังจากนั้น",test,Hybrid,2023,15,4,3.75,0.4532959759235382,0.638779878616333,0.361220121383667
43058269,เคลมประกันอัคคีภัยบ้าน ทิพยประกันภัย ช้ามาก รบกวนสอบถามเพื่อนสมาชิก ไม่ทราบว่าใครเคยเคลมประกันอัคคีภัยบ้าน กรณีน้ำท่วมกับทิพยประกันภัยบ้าง นี่เกิดเหตุน้ำท่วม ซึ่งพื้นที่ที่บ้านประกาศเป็นพื้นที่ประสบภัยพิบัติอุทกภัย และบ้านได้รับผลกระทบน้ำท่วมด้วย แจ้งเรื่องเคลมออนไลน์ในแอป Tip flash clame แล้วตั้งแต่วันที่ 9 ตุลาคม 2567 จนถึงตอนนี้ผ่านไปจะครบเดือนแล้ว ในแอปก้อยังคงสถานะรอพิจารณาเหมือนเดิม ไม่มี จนท.โทร.หา หรืออะไรทั้งสิ้น ทั้งโทร.ถามคอลเซ็นเตอร์ ก้อไม่ได้รับคำตอบใดๆ แบบนี้เราจะเรียกร้องยังไงได้บ้างครับ,"ผู้ร้องเรียนได้แจ้งเคลมประกันอัคคีภัยจากเหตุน้ำท่วมผ่านแอป Tip Flash Claim ตั้งแต่วันที่ 9 ตุลาคม 2567
บ้านของผู้ร้องเรียนอยู่ในพื้นที่ที่ประกาศเป็นพื้นที่ประสบภัยพิบัติอุทกภัย และได้รับผลกระทบจากน้ำท่วมจริง
แม้เวลาผ่านมาเกือบหนึ่งเดือน แต่สถานะการเคลมในแอปยังคงแสดงว่า ""รอพิจารณา"" โดยไม่มีเจ้าหน้าที่ติดต่อกลับ
ผู้ร้องเรียนขอความช่วยเหลือในการเร่งดำเนินการตรวจสอบและแจ้งผลการพิจารณาเคลมอย่างเป็นทางการ",test,Hybrid,2024,13,4,3.25,0.4505283534526825,0.4386308193206787,0.5613691806793213
43618950,มีใครทำประกันอัคคีภัยกับ allianz ayudhya แล้วตามเคลมยากบ้าง พอดีเราทำกู้สินเชื่อกับ ttb แล้วได้ทำประกันอัคคีภัยกับตัว allianz ayudhya ตั้งแต่เกิดเรื่องแผ่นดินไหว เราก็แจ้งเคลมไปแล้วค่ะ ติดตามยากมากเลย ไม่มีเลขกรมธรรม์ให้ดู ไม่บอกรายละเอียดว่าให้เคลมได้เท่าไหร่ ตอนขอเมลก็ส่งมาให้หนึ่งหน้ากระดาษแล้วตัวหน้ากระดาษนั้นมีคำว่า อ่านรายละเอียดเพิ่มเติมคลิก แต่ด้วยเขาส่งมาเป็น pdf หน้าเดียวเลยคลิกไม่ได้ ปล.ไฟล์ความคุ้มครองที่ส่งมาไม่มีรายละเอียดอะไรที่เราสามารถหาประโยชน์จากการอ่านครั้งนั้นได้เลย แถมหลังจากนั้นก็โทรตามไปเรื่อยๆเพื่อทวงถามความคืบหน้า แต่เขาก็โยนไปว่าเป็นฝ่ายสินไหม รอมาเป็นเดือนแล้วค่ะ ยังไม่ได้ความคืบหน้าอะไรเลย ขนาดขอให้ส่งเมลมาแจ้งยังไม่แจ้งอะไรสักอย่าง อยากถามว่ามีเพื่อนๆท่านใดเจอแบบนี้บ้างมั้ยคะ แล้วปัจจุบันได้รับความคืบหน้ายังไงบ้าง ปล. บประกันก็ช่วยทำงานให้ไวๆหน่อยได้มั้ยคะ ไหนบอกจากส่งเมลแจ้ง ไหนว่าจะส่งความคืบหน้า7 14 วันทำการ นี่ล่อมาเดือน ยังไม่ได้รับอะไรสักอย่าง,"ผู้ร้องเรียนทำประกันอัคคีภัยกับ Allianz Ayudhya ผ่านสินเชื่อกู้กับ TTB และได้แจ้งเคลมหลังเกิดเหตุแผ่นดินไหว
แต่ไม่สามารถติดตามความคืบหน้าได้ เนื่องจากไม่ได้รับเลขกรมธรรม์หรือรายละเอียดการเคลมที่ชัดเจน
เอกสารที่ส่งมาเป็นไฟล์ PDF หน้าเดียว ไม่สามารถคลิกดูรายละเอียดเพิ่มเติมได้ และไม่มีข้อมูลที่เป็นประโยชน์ในการตรวจสอบ
ผู้ร้องเรียนรายงานว่าติดต่อสอบถามซ้ำหลายครั้งแต่ยังไม่ได้รับข้อมูลหรือความคืบหน้าแม้จะผ่านมาหลายสัปดาห์แล้ว",test,Hybrid,2025,14,4,3.5,0.5232727527618408,0.5908553600311279,0.409144639968872
43066774,ประกันของ CHUBB กรุงไทย บอกว่ายกเลิก แต่มาหักย้อนหลัง ขอคืนเงินไม่ได้ สวัสดีครับ เมื่อประมาณ ปีที่แล้ว 2566 เดือน6 มีประกัน ของ chubb โทรมาขายให้แฟนผม และแฟนผมก็ตกลงทำโดยจะเสีย เดือนละ 370 ตอนคุย บอกว่า ถ้าไม่จ่ายประกัน2 เดือน จะยกเลิกโดยอัตโนมัติ แฟนเราจ่าย2 เดือน หลังจ่ายนั้นก็ ไม่ส่งอีกจน เลย มาจนถึงวันนี้ 5 11 67 เลยมาหลายเดือนแล้ว และคิดว่ามันได้ยกเลิกไปแล้ววันนี้ มีเงินเข้าบัญชีมาแล้วโดนหักไป 4 รอบ 1480บาท เลยโทรไปถาม ธนาคาร ธนาคารให้โทรไปขอยอดคืนกับ chubb แต่ chubb บอก เราไม่มียกเลิก อัติโนมัติ ไม่มีบันทึกพนักงานขาย ไม่มีบันทึก เสียง ทั้งที่ตอนโทร ขออนุญาตบันทึกเสียง สรุป ต้อง ยกเลิกเอง ขอคืนเงินไม่ได้ ให้ไปหาหลักฐานมา พอมาค้นในกระทู้ โดนเต็มเลย บอกไม่ส่ง2เดือน จะยกเลิกอัตโนมัติ หลอกลวงจัด เคสแบบนี้ มีทางพอจะทำอะไรได้ไหม,"บริษัทประกัน CHUBB กรุงไทย แจ้งยกเลิกการประกัน แต่กลับหักเงินย้อนหลังจำนวน 4 รอบรวม 1,480 บาท
ผู้ร้องระบุว่าเคยตกลงทำประกันกับเจ้าหน้าที่ โดยมีข้อตกลงว่าหากไม่จ่าย 2 เดือนจะยกเลิกอัตโนมัติ
หลังจากจ่ายค่าเบี้ย 2 เดือนแล้ว ไม่มีการส่งเอกสารหรือแจ้งเตือนอีกเลย และเมื่อมีเงินเข้าบัญชีกลับถูกหักซ้ำ
บริษัทปฏิเสธการคืนเงินและอ้างว่าไม่มีบันทึกการขายหรือข้อตกลงดังกล่าว พร้อมให้ผู้ร้องหาหลักฐานเพิ่มเติมเอง",test,Hybrid,2024,18,4,4.5,0.4601302742958069,0.6461359262466431,0.3538640737533569
42052048,เกิดอุบัติเหตุรถยนต์ เรียกประกัน ประกันไม่มา วิริยะประกันภัย วันนี้ได้เกิดอุบัติเหตุขึ้น คือเราจอดรถทานข้าวข้างทางแล้วมีรถคู่กรณีมาเฉี่ยวกระจกด้านข้างหลุด ซึ่งทางคู่กรณีได้เรียกประกันของเค้ามิตรแท้ซึ่งมาทำเรื่องเคลมให้ภายในเวลาประมาณ1ชม. แต่ของเราทำประกันไว้กับวิริยะประกันภัย โทรหาแจ้งเหตุกับ1554 สักพักสาขาศรีราชาโทรมา เราก็เล่ารายละเอียดให้ฟัง สรุปพนักงานตอบว่าวันนี้เจ้าหน้าที่เคสเยอะมากไม่สามารถมาได้ ให้เรารับใบเคลมไว้และจะนำใบเคลมมาเปลี่ยนให้ทีหลัง ซึ่งเราก็ถามว่าสามารถมาได้กี่โมง สรุปคือวันนี้ไม่สามารถมาได้ จะมาได้อีกทีเที่ยงหรือสี่โมงเย็นพรุ่งนี้ ซึ่งเราก็ไม่ว่างเลยนัดวันอื่นอีกที คำถามคือ ทำไมลูกค้าเรียกแล้วไม่สามารถมาได้ในวันเกิดเหตุ เจ้าหน้าที่มีไม่พอหรอ ถ้าเกิดเราเป็นคนผิดแล้วโทรเรียกแล้วจะมาไหม หรือเคสของเราไม่สำคัญหรอยังไง รู้สึกเสียความรู้สึกมาก เสียเวลาด้วย และต่อประกันปีหน้าคงไม่เลือกวิริยะแล้ว ความประทับใจเป็น0,"เกิดอุบัติเหตุรถยนต์ขณะจอดรถทานข้าว รถคู่กรณีเฉี่ยวกระจกจนหลุด
ผู้เอาประกันภัยของคู่กรณีเรียกบริษัทประกันมิตรแท้ ซึ่งมาดำเนินการเคลมภายในหนึ่งชั่วโมง
แต่บริษัทวิริยะประกันภัยที่ตนทำประกันไว้ แจ้งว่าเจ้าหน้าที่ไม่สามารถมาได้ในวันนี้เนื่องจากมีเคสมากเกินไป
ผู้ร้องเรียนรู้สึกไม่พอใจที่ไม่มีการตอบสนองอย่างทันท่วงที และกังวลว่าหากตนเป็นฝ่ายผิดจะได้รับการดูแลหรือไม่",test,Hybrid,2023,13,4,3.25,0.4582067131996155,0.4776116212209065,0.5223883787790935
42291344,ขอสอบถาม เราจะมาเล่าประสบการณ์ของเเฟนทำประกัน กับกรุงไทย เอ็กต้า 2 ปีกว่า ปี ละ500 เเละอยุ่ดีๆเเฟนเราดันเป็นโรคร้านเเรงคือโรคเส้นเลือดหัวใจตีบ เเฟนเราเข้ารักษา เเละนอนรพ พอถึงเวลา ประกันบอกเรสต้องจ่ายสำรองไปก่อน 6500 ประกันเคลมคืนให้ 4800 เท่านั้น เเละเเฟนเราคิดว่าเขาเป็นโรคร้ายแรงจะได้เงิน สำหรับการป๋วยครั้งนีเไปรักษาให้หายขาด คือ จะได้ 500 ถ้าเจอจ่ายจบ สรุบ ทางประกัน บอกไม่ผ่านเกณฑ์ คุนต้องเป็น 3 เส้นหรือ 60 เเฟนเราเป็น2 เส้น เเบบนี่ เเย่มาก พูดคำเดียว ไม่ได้ค่ะๆ เเล้วเเบบนี่ จะทำประกันทำไม มีเเต่ขาดทุน ตอนขายไม่เคยบอก ละเอียด พอเป็นไปเเล้ว บอกไม่ผ่านเกณฑ์ เเล้วยังงี้ เราจะขอยกเลิกประกันได้ไหม มีใครรุ่ตรงนี่ไหมค่ะ รบกวนขอสอบถามพีๆหน่อยค่ะ,"แฟนผู้เอาประกันได้รับการวินิจฉัยว่าเป็นโรคเส้นเลือดหัวใจตีบ 2 เส้น ซึ่งไม่เข้าเกณฑ์รับเงินชดเชยตามกรมธรรม์
เมื่อนำเรื่องไปเคลม บริษัทประกันจ่ายคืนเพียง 4,800 บาท จากยอดจ่ายเอง 6,500 บาท
บริษัทแจ้งว่าไม่ผ่านเกณฑ์การรับเงินชดเชยเพราะต้องเป็นโรคหัวใจตีบ 3 เส้นขึ้นไปหรือมากกว่า 60%
ผู้เอาประกันรู้สึกไม่พอใจที่ไม่ได้รับข้อมูลรายละเอียดก่อนทำประกัน และมองว่าการเคลมไม่เป็นธรรม",test,Hybrid,2023,12,4,3.0,0.4729080498218536,0.5903308391571045,0.4096691608428955
42941482,สอบถามเรื่องเคลมประกันรถจักรยานยนต์ครับ เกิดอุบัติเหตุรถล้มครับ ผมเป็นฝ่ายผิด รถจักรยานยนต์มีประกัน 3 ของ ไทยวิวัฒน์ ทุนซ่อมรถตัวเอง 500 บาท ตอนถ่ายรูป ทางตัวแทนลงรายละเอียดไม่ครอบคลุม ลงแค่ชุดสีที่ถลอก ไม่ได้ลงเรื่องชุดคอเบี้ยวจากการล้ม ผมติดต่ออู่ในสัญญาแล้ว ทางอู่แจ้งว่า ซ่อมได้แค่ตามใบเคลม ถ้ารวมชุดคอแฮนด์ที่เบี้ยว จะเกินทุนประกัน 500 บาท ค่าใช้จ่ายอยู่ราว 700 ต้องออกเพิ่ม 200 บาท พอเอาเข้าศูนย์ประเมินราคาซ่อม มีรายการชุดลูกปืนคอ ชุดโช๊คหน้า เพิ่มขึ้นมาเนื่องจากคอแฮนด์เบี้ยว ทำให้เกินทุนประกัน ผมเจรจากับทางประกันฯ ผลคือเบิกค่าชุดโช๊คไม่ได้ เบิกได้ชุดสีอื่นๆกับลูกปืนคอ รวม 400 ทางบริษัทว่า ความเสียหายไม่ถึงชุดโช๊ค และทางช่างแจ้งว่า ดัดคอแฮนด์ได้ แต่จะไม่สมบูรณ์ 100 ได้แค่ 95 โดยส่วนตัว ผมอยากเอาเงิน 400 ไปทำชุดคอแฮนด์มากกว่าไปทำค่าชุดสีที่ถลอกครับ แต่ทางบริษัทฯไม่ยินยอม ช่วยแนะนำแนวทางเจรจาด้วยครับ หรือควรซ่อมยังไงดี ถ้ามีอยูแถวปิ่นเกล้า จรัญฯ แนะนำด้วยยิ่งดีครับ ขอบคุณครับ,"รถจักรยานยนต์ได้รับการประกันจากไทยวิวัฒน์ โดยมีทุนซ่อม 500 บาท แต่การประเมินความเสียหายไม่ครอบคลุมชุดคอแฮนด์ที่เบี้ยวจากการล้ม
เมื่อนำรถไปซ่อมตามใบเคลม อู่แจ้งว่าค่าซ่อมรวมชุดคอเบี้ยวเกินทุนประกัน 500 บาท ต้องจ่ายเพิ่มอีก 200 บาท
หลังนำรถไปประเมินที่ศูนย์ พบรายการซ่อมเพิ่ม เช่น ลูกปืนคอและโช๊คหน้า ทำให้ค่าใช้จ่ายเกินทุนประกัน
บริษัทอนุมัติเบิกเฉพาะชุดสีและลูกปืนคอรวม 400 บาท โดยไม่อนุญาตให้ใช้เงินส่วนนี้ซื้อชุดคอแฮนด์ใหม่",test,Hybrid,2024,18,4,4.5,0.5474113821983337,0.5618687073389689,0.4381312926610311
43386620,ประกันกลุ่ม กรุงเทพประกันชีวิต IPD โดน ปฏิเสธ fax claim กลับมา สวัสดีค่ะ เนื่องจากมีอาการปวดท้องมาวันนึงแล้วยังไม่หาย วันรุ่งขึ้น ไปหาหมอ ตรวจภายในมา ผลออกมาว่ามีเลือดออกภายในมดลูก เนื่องจากถุงน้ำตรงรังไข่แตก ไม่ได้ปวดแบบทุรนทุราย แต่หมอสั่งแอดมิท 2 คืนกลัวจะช๊อค และความดันตก ก็แอดมิทไป เนื่องจากเบิกประกันกลุ่มได้ ตอนอยู่โรงพยาบาลก็มีมาตรวจวัดความดันเรื่อยๆและให้ยากิน แต่พอตอน checkout โดน fax claim ของทางประกัน ปฏิเสธกลับมา โดยให้เหตุผลว่า ไม่สามารถเบิกและตีเป็น IPD ได้ เนื่องจากไม่ได้ปวดสาหัสระดับ 9 10 และไม่ได้ให้ยาใส่สายหลอดเลือดดำ อยากปรึกษาว่า เงื่อนไขต้องมีปวดระดับไหนถึงไหนและให้การรักษาแบบใดด้วยหรอคะ ไม่เห็นเงื่อนไขระบุใน Appication ของทางประกัน หรือที่เสิชจากใน website เลยค่ะ ขอคำแนะนำด้วยค่ะ ตอนนี้งงมาก,"ผู้ร้องเรียนได้รับการรักษาในโรงพยาบาลในฐานะผู้ป่วยใน (IPD) ตามคำสั่งของแพทย์ เนื่องจากมีภาวะเลือดออกภายในมดลูกจากถุงน้ำรังไข่แตก และมีความเสี่ยงต่อภาวะช็อกและความดันตก
ขณะเข้าพักรักษา ได้รับการตรวจวัดความดันอย่างสม่ำเสมอและได้รับยาทางปาก แต่ไม่มีการใส่สายสวนหลอดเลือดดำ
บริษัทประกันภัยปฏิเสธการเคลมผ่านแฟกซ์ โดยอ้างว่าไม่เข้าเกณฑ์ IPD เนื่องจากไม่มีอาการปวดรุนแรงระดับ 9–10 และไม่ได้ให้ยาทางหลอดเลือดดำ
ผู้ร้องเรียนแสดงความไม่แน่ใจเกี่ยวกับเกณฑ์การพิจารณาเบิกค่าใช้จ่าย IPD เนื่องจากไม่พบข้อมูลเงื่อนไขเหล่านี้ในแอปพลิเคชันหรือเว็บไซต์ของบริษัทประกัน",test,Hybrid,2025,12,4,3.0,0.5401666760444641,0.5935336351394653,0.4064663648605346
43632531,เอารถไปเคลมต้องเสีย 100 บาท ทั้งๆที่ ไม่มีค่าเสียหายส่วนแรก คือประกันชั้น 1 ธนชาตกำลังจะหมดเดือนหน้า เบี้ย 1600 แพงมาก ขนาดลดมาจากปีที่แล้ว 1 พันละนะ เลยต่อกรุงเทพไปครับ แต่กะว่าจะเอารอยเก่าไปเคลมกับธนชาตก่อน พอไปถึงอู่ในเครือเขาบอกต้องเสีย 100 ครับแบบนี้ปกติไหม รอยเกิดจากคุณแม่เปิดประตูรถด้านหลังคนขับไปชนกับมอไซค์ของตัวเอง ซึ่งไม่มีรอยบุบหรืออะไรแค่สีลอกเป็นรอยวงกลม อู่ในเครือบอกต้องเสีย 1 พัน ถ้าในกรณีนี้ แต่ว่าไม่ได้ติดต่อเจ้าหน้าที่ของประกันเลยนะครับ เข้าไปที่อู่ในเครือเลย อู่ในเครือเขาแค่บอกมาแบบนี้ กะว่าจะโทรถามประกันแต่ตอนนี้ก็ปิดแล้วครับคอลเซ็นเตอร์ ก่อนหน้านี้ก็เคยเคลมของวิริยะ ก็ไม่ต้องเสียอะไรครับเลยสงสัย เข้าใจแล้วครับ ในกรณีผมต้องเสีย 100 จริงๆ ย่อมาให้เผื่อคนที่ไม่ทราบข้อมูลเหมือนผม กรณีที่ต้องเสีย 100 กรณีที่ 1 รถได้รับความเสียหายอันมิได้เกิดจากการชนหรือคว่ำ ได้แก่ ความเสียหายจากการมุ่งร้าย กลั่นแกล้ง เช่น รถถูกบุคคลอื่นทุบทำลาย ขูดขีดหรือขีดข่วนให้ ได้รับความเสียหาย โดยไม่สามารถระบุตัวผู้กระทำ วันเวลา และสถานที่ที่รถได้รับความเสียหายได้ชัดเจน ความเสียหายจากการกระทบกับวัตถุ สิ่งของ ทำให้รถได้รับความเสียหายเฉพาะพื้นผิวของสีรถ โดยไม่ทำให้ส่วนหนึ่งส่วนใดของตัวรถ และหรืออุปกรณ์ของรถได้รับความเสียหายถึงขนาด บุบ แตก ร้าว ไม่สามารถระบุสาเหตุที่ทำให้รถได้รับความเสียหายได้ชัดเจน รวมถึงไม่สามารถระบุวันเวลาและ สถานที่ที่รถได้รับความเสียหายได้ชัดเจน ซึ่งกรณีนี้ไม่ได้รวมถึงความเสียหายจากภัยธรรมชาติซึ่งทำให้ส่วนหนึ่งส่วนใดของตัวรถ นอกจากพื้นผิวของสีรถเสียหายด้วย เช่น รถยนต์เสียหายจากภัยน้ำท่วม ลมพายุพัดต้นไม้หักมาทับรถได้รับความเสียหาย กิ่งไม้ขนาดใหญ่หล่นใส่รถเป็นเหตุให้รถบุบ เป็นต้น กรณีที่ไม่ต้องเสีย กรณีรถยนต์ชนกับสิ่งอื่นที่ไม่ใช่รถยนต์ เช่น รั้ว ต้นไม้ สัตว์ ก้อนหิน ฯลฯ ที่ทำให้ตัวรถ และหรือ อุปกรณ์ได้รับความเสียหาย บุบ แตก ร้าว ผู้เอาประกันภัยไม่ต้องรับผิดชอบค่าเสียหายส่วนแรก แต่ต้องสามารถแจ้งให้บริษัททราบถึงลักษณะการเกิดเหตุ วันเวลา และสถานที่อย่างชัดแจ้ง,"ผู้ร้องเรียนแจ้งว่ารถมีรอยลอกสีเป็นวงกลมโดยไม่มีร่องรอยการบุบหรือความเสียหายรุนแรงอื่น ๆ
อู่ในเครือระบุว่าต้องจ่ายค่าเสียหาย 1,000 บาท แต่ผู้ร้องไม่ได้ติดต่อเจ้าหน้าที่ประกันโดยตรง
ผู้ร้องชี้ว่าเคยเคลมกับบริษัทอื่นมาก่อนโดยไม่ต้องจ่ายเงิน และสงสัยว่าควรจ่ายเพียง 100 บาทตามเงื่อนไขบางกรณี
กรณีดังกล่าวเข้าข่ายความเสียหายเฉพาะพื้นผิวสีรถโดยไม่เกิดจากอุบัติเหตุหรือภัยธรรมชาติ และไม่สามารถระบุสาเหตุหรือสถานที่ได้อย่างแน่ชัด",test,Hybrid,2025,28,4,7.0,0.5694584250450134,0.4779732227325439,0.522026777267456
42685753,จับตาวิกฤติ ประกันรถแพง EV ซ่อมยาก กลไกซับซ้อน หลายคนทนใช้รถเก่าไปก่อน เครดิตแหล่งข่าว เจ้าของบทความโดย พิราภรณ์ วิทูรัตน์ ติดตามข่าวสารน่าสนใจมากมายได้ที่ ประหยัดน้ำมันแต่ซ่อมยาก ทั่วโลกเตรียมรับแรงกระแทกประกันภัยรถยนต์แพงขึ้น เหตุเทคโนโลยีซับซ้อน ดันค่าซ่อมอ่วม ด้านบริษัทประกันจ่อเก็บเบี้ยแพงขึ้น สื่อนอกระบุ EV ตัวแปรทำเบี้ยประกันสูงสุดในรอบ 50 ปี การมาถึงของรถยนต์ไฟฟ้า คือหนึ่งในนวัตกรรม เปลี่ยนโลก ถูกยกเป็น Game Changer แห่งยุคสมัย ทำให้ประเทศมหาอำนาจที่เคยทรงอิทธิพลในฐานะ พ่อค้าฟอสซิล อาจถูกลดบทบาทจากการพึ่งพาทรัพยากรน้ำมันที่ลดลง ส่วนประเทศที่เคยอยู่นอกสายตาก็ได้รับการมองเห็นมากขึ้น เนื่องจากครอบครองปริมาณสำรองนิกเกิลมากที่สุดในโลก ซึ่งเป็นแร่ธาตุสำคัญในการผลิตแบตเตอรี่รถยนต์ไฟฟ้า ในรอบปีที่ผ่านมา บรรดาค่ายรถยนต์ยักษ์ใหญ่ทั้งเก่าแก่และเกิดใหม่ต่างก็เร่งฝีเท้าในการวิ่งไปให้ถึงปลายทางของการเปลี่ยนผ่านสู่อุตสาหกรรมรถยนต์ไฟฟ้าอย่างแข็งขัน ไม่เว้นแม้กระทั่ง ฮอนด้า Honda ที่เคยให้ข่าวเมื่อปี 2565 ว่า การผลิตรถยนต์ไฟฟ้าจะเป็นการค่อยๆ เพิ่มกำลังการผลิตทีละน้อย ทว่า ปลายปี 2566 ที่ผ่านมา ฮอนด้า กลับสร้างเซอร์ไพรส์ เปิดไลน์การผลิตรถยนต์ไฟฟ้ารุ่นแรกในไทย และล่าสุดเปิดตัวไปแล้วในรูปแบบให้เช่า สนนราคา 2900 บาทต่อเดือน จะเห็นว่า ความเคลื่อนไหวของอุตสาหกรรมรถยนต์ดั้งเดิมเปลี่ยนแปลงไปทั้งระบบ ตั้งแต่สายการผลิต ทรัพยากรในระบบ รวมถึงธุรกิจในอีโคซิสเทมอย่าง ประกันภัยรถยนต์ สำนักข่าวบลูมเบิร์ก Bloomberg ให้ความเห็นว่า ความซับซ้อนของเทคโนโลยีรถยนต์ไฟฟ้ากำลังเพิ่มความลำบากให้กับกระเป๋าสตางค์ผู้บริโภคด้วยอัตราค่าคุ้มครองที่สูงขึ้น โดยขณะนี้พบว่า เบี้ยประกันภัยรถยนต์ไต่ระดับสูงขึ้นอย่างรวดเร็วที่สุดในรอบ 50 ปีเลยทีเดียว เบี้ยประกันรถไฟฟ้าแพงกว่ารถน้ำมัน เคลมครั้งหนึ่งหมดเกือบ 25000 บาท เป็นธรรมดาของผู้ใช้รถที่ต้องมีการซ่อมแซม เปลี่ยนอะไหล่ตามวาระ ทั้งการทำสีให้เหมือนใหม่ ดัดโครงเหล็กให้เข้ารูปตามเดิม ฯลฯ แต่นั่นไม่ใช่กับรถรุ่นใหม่ที่เต็มไปด้วยเทคโนโลยีเฉพาะทาง แม้จะเป็นเพียงการดัดบังโคลนเล็กๆ น้อยๆ เจ้าของรถก็อาจเสียค่าใช้จ่ายมากกว่าที่เคย จากความก้าวหน้าขององค์ความรู้ด้านวิศวกรรมศาสตร์ที่ทำให้รถยนต์รุ่นใหม่มีความซับซ้อนมากขึ้น เบน ไคล์เมอร์ Ben Clymer เจ้าของอู่ซ่อมรถยนต์ในรัฐแคลิฟอร์เนีย สหรัฐอเมริกา ให้ความเห็นกับบลูมเบิร์ก โดยยกตัวอย่างกรณีรถยี่ห้อ เกีย Kia ว่า หากเทียบกับรถรุ่นก่อนหน้าราว 2 ถึง 3 ปีที่ผ่านมา จะพบว่า เทคโนโลยีภายในแตกต่างกันโดยสิ้นเชิง รถรุ่นใหม่เต็มไปด้วยระบบคอมพิวเตอร์และเซ็นเซอร์ทั่วทั้งคัน เขาระบุว่า พัฒนาการของรถยนต์ขณะนี้ได้สร้าง พายุหมุนให้กับค่าซ่อมรถที่ไต่ระดับสูงขึ้นไปอีกขั้น ข้อมูลจาก CC Intelligent Solutions แพลตฟอร์มรวบรวมข้อมูลด้านประกันภัยรถยนต์ในสหรัฐ ระบุว่า ค่าซ่อมรถยนต์สันดาปตอนนี้เฉลี่ยที่ 4437 ดอลลาร์ หรือคิดเป็นเงินไทยราว 164952 บาท ส่วนรถยนต์ไฟฟ้ามีค่าซ่อมสูงถึง 6618 ดอลลาร์ หรือคิดเป็นเงินไทยราว 246034 บาท สูงกว่ารถยนต์สันดาปถึง 49 สอดคล้องกับข้อมูลจากสถาบันประกันภัยในสหรัฐที่พบว่า ยอดค่าใช้จ่ายในการเคลมประกันตั้งแต่ปี 2561 ถึง 2565 สูงขึ้นกว่า 64 โดยค่าใช้จ่ายในการเคลมต่อครั้งเฉลี่ยอยู่ที่ 5992 ดอลลาร์ หรือคิดเป็นเงินไทยประมาณ 22761 บาท อัตราแลกเปลี่ยน ณ วันที่ 1 พฤษภาคม 2567 ค่าซ่อมที่ปรับตัวสูงขึ้นเช่นนี้ ทำให้บริษัทประกันพาเหรดกันเพิ่มอัตราเบี้ยประกันกว่า 20 ในปี 2566 ซึ่งพบว่า เป็นการปรับเพิ่มเบี้ยที่สูงที่สุดในรอบ 48 ปี และไม่ใช่แค่เบี้ยประกันเท่านั้น แต่ราคาซื้อขายรถยนต์ในสหรัฐก็สูงขึ้นด้วย เฉลี่ยแล้วหากอยากมีรถสักคัน คนอเมริกันต้องควักกระเป๋ากว่า 4900 ดอลลาร์ หรือประมาณ 1.8 ล้านบาท ชิ้นส่วนเยอะ เทคโนโลยีซับซ้อน เสียหายครั้งหนึ่ง ต้อง เปลี่ยนใหม่ ไม่ใช่ซ่อมแซม เจสสิกา คาลด์เวลล์ Jessica Caldwell กรรมการบริหารฝ่ายข้อมูลเชิงลึก จาก Edmunds.com แพลตฟอร์มรวบรวมข้อมูลตลาดรถยนต์ ระบุว่า แม้จะมีคนบางกลุ่มที่มองเรื่องการซื้อประกันภัยรถยนต์เป็นรอง ไม่ได้พิจารณาร่วมกับการตัดสินใจซื้อรถตั้งแต่แรก แต่ขณะเดียวก็มีคนอีกกลุ่มที่คิดคำนวณทุกอย่างมาแล้วว่า การซื้อรถ 1 คัน ต้องมีค่าซ่อมบำรุงอะไรบ้าง ฉะนั้น เบี้ยประกันที่สูงขึ้นจึงกระทบกับการตัดสินใจซื้ออย่างแน่นอน และท้ายที่สุดอาจทำให้คนกลุ่มนี้มองหารถรุ่นเก่ามากกว่า ย้อนกลับไปก่อนหน้านี้ หนึ่งในสาเหตุที่ทำให้เบี้ยประกันแพงขึ้นมาจากช่วงการระบาดใหญ่ บริษัทประกันหลายแห่งชะลอการปรับเพิ่มเบี้ยออกไปก่อน รวมถึงการขาดแคลนชิ้นส่วนรถยนต์ในช่วงนั้นก็ส่งผลกระทบเป็นวงกว้างในอุตสาหกรรมรถยนต์ด้วย แต่อย่างไรก็ตามความกดดันที่มากกว่านั้น คือการปรับโฉมรถยนต์ให้มีความทันสมัยด้วยเทคโนโลยีขั้นสูง อุปกรณ์ที่ช่วยเสริมเกราะความปลอดภัยให้ผู้ขับขี่ อาทิ เบรกฉุกเฉินอัตโนมัติ กล้องสำรอง เซ็นเซอร์แจ้งเตือนเมื่อขับขี่ออกนอกเลน ฯลฯ รายละเอียดเล็กๆ น้อยๆ ทั้งหมดนี้แม้จะช่วยให้คนขับมีความปลอดภัยเพิ่มขึ้น แต่ก็ต้องแลกมากับราคาที่ต้องจ่ายเมื่ออุปกรณ์เหล่านี้เสียหาย ซึ่งมีค่าใช้จ่ายที่สูงตามความทันสมัยด้วย ยกตัวอย่างเช่น Toyota Camry หนึ่งในรุ่นรถยอดฮิตตลอดกาลในสหรัฐ มีการออกแบบปรับโฉมใหม่ในปี 2561 จากเดิมที่ตัวกันชนประกอบไปด้วยชิ้นส่วน 18 ชิ้น ถูกปรับเพิ่มเป็น 43 ชิ้น รวมถึงมีการเพิ่มระบบเซ็นเซอร์ในการดูแลผู้ขับขี่ขั้นสูงด้วย โดยข้อมูลจาก Mitchell International Inc. บริษัทซอฟต์แวร์ด้านอุตสาหกรรมยานยนต์ในสหรัฐ ระบุว่า ค่าใช้จ่ายในการซ่อมรถ Toyota Camry รุ่นปี 2561 เพิ่มขึ้นกว่ารุ่นก่อน 43 หากมีการเฉี่ยวชนด้านหน้ารถ ส่วนของไฟหน้ารถพบว่า จากเดิมเป็นไฟฮาโลเจน รถรุ่นใหม่ถูกปรับเป็นไฟ LED ซึ่งมีราคาสูงกว่าเดิม 5 เท่า วัสดุฝากระโปรงและตัวถังรถที่เคยใช้เหล็กเป็นหลัก รถรุ่นใหม่ปรับเป็นอะลูมิเนียมแทน ข้อดีคือช่วยประหยัดน้ำมันและปกป้องผู้ขับขี่ภายในรถได้ดีกว่า แต่ขณะเดียวกันก็มาพร้อมกับความเปราะบาง เพราะหากเกิดอุบัติเหตุขึ้นต้องเปลี่ยนใหม่แทนการซ่อมแซม ต่างจากรถยนต์รุ่นเก่าที่สามารถดัดเหล็กกลับเข้ารูปได้ ระบบไฟฟ้าอันตรายกับคนซ่อม ความไฮเทคสร้างดาบสองคมแก่คนขับ แม้รถยนต์ไฟฟ้าจะมีชิ้นส่วนภายในน้อยกว่ารถยนต์สันดาป แต่ด้วยเทคโนโลยีที่ซับซ้อนทำให้ใช้เวลาซ่อมเฉลี่ยนานกว่า 20 วัน และด้วยระบบไฟฟ้าทั้งคัน ความเสี่ยงระหว่างการซ่อมก็ยิ่งเพิ่มค่าใช้จ่ายในการรักษาความปลอดภัยแก่ช่างซ่อมมากขึ้นไปอีก รายงานจาก CC Intelligent Solutions ระบุว่า ความเสี่ยงดังกล่าวทำให้ต้องมีการถอดแบตเตอรี่ขนาดใหญ่ออกจากตัวรถก่อนเริ่มซ่อมแซมเสมอ โดยเจ้าของอู่รถยนต์ในแคลิฟอร์เนียให้ข้อมูลกับบลูมเบิร์กว่า ช่างซ่อมของอู่เคยถูกไฟฟ้าช็อตขณะซ่อมรถยนต์ไฟฟ้าเมื่อปีที่แล้ว หลังจากนั้นจึงเพิ่มมาตรการรักษาความปลอดภัยในการทำงานขึ้นไปอีกระดับ ซึ่งแน่นอนว่า นี่คือต้นทุนอีกก้อนในการซ่อมรถยนต์ไฟฟ้า ไม่เพียงเท่านั้นแต่ยังพบว่า ความทันสมัยภายในตัวรถรุ่นใหม่กลับเป็นอีกปัจจัยที่ทำให้อุบัติเหตุบนท้องถนนเพิ่มขึ้น สตีเวน ครูวสัน Stephen Crewdson ผู้อำนวยการอาวุโสฝ่ายธุรกิจประกันภัย ชี้ให้เห็นถึงอีกด้านของสิ่งอำนวยความสะดวกภายในตัวรถว่า อุปกรณ์ไฮเทคเช่นหน้าจอขนาดใหญ่บริเวณคอนโซลหน้ารถและเซ็นเซอร์ตรวจจับทั้งหลาย อาจมีส่วนทำให้ผู้ขับขี่เสียสมาธิขณะขับรถ ซึ่งในที่นี้รวมไปถึงหน้าจอแดชบอร์ดที่ถูกติดตั้งมาเพื่อมอบความบันเทิงให้กับผู้ใช้รถด้วย ขาดผู้ชำนาญ ต้นทุนการซ่อมเพิ่ม คณิตศาสตร์ประกันภัยแปรผันตามความสูญเสีย ข้อมูลจากสำนักงานสถิติสหรัฐระบุว่า ระหว่างปี 2563 ถึง 2565 มีผู้สำเร็จการศึกษาในภาควิชายานยนต์ลดลงกว่า 20 เนื่องจากการเกษียณอายุของคนทำงานรุ่นเบบี้บูมเมอร์หลายพันคนในแต่ละปี โดยพบว่า วิชายานยนต์ไม่ใช่สาขายอดนิยมในกลุ่มคนรุ่นใหม่ เนื่องจากค่าแรงที่ต่ำกว่าค่าจ้างโดยเฉลี่ยถึง 20 ไม่เพียงฝั่งสหรัฐเท่านั้น ในไทยเองก็พบว่า ยังขาดแคลนบุคลากรในอุตสาหกรรมยานยนต์ โดยเฉพาะวิชาชีพช่างซ่อมตัวถังและสีรถยนต์ ที่ยังมีความต้องการแรงงานในระบบอีก 50 แต่พบว่า มีช่างซ่อมตัวถังและสีรถยนต์เพียง 20 เท่านั้น ซึ่งการซ่อมตัวถังรถยนต์เป็นส่วนที่มีความสำคัญมาก เพราะมีเรื่องความปลอดภัยในการขับขี่รวมอยู่ด้วย ด้าน เดวิด แซมป์สัน David Sampson ผู้บริหารและประธานกรรมการสมาคมประกันวินาศภัยสหรัฐ American Property Casualty Insurance Association ให้ข้อมูลกับสำนักข่าวซีเอ็นบีซี CNBC ว่า เบี้ยประกันที่เพิ่มขึ้นจากต้นทุนที่สูงขึ้นไม่ได้เกิดขึ้นมาลอยๆ แต่ตั้งอยู่บนพื้นฐานของหลักคณิตศาสตร์ประกันภัยเสมอ ดังนั้นบริษัทประกันจึงไม่ใช่ผู้ชี้ขาดว่า พวกเขาต้องการปรับเพิ่มเบี้ยตามใจชอบ ทั้งหมดขึ้นอยู่กับแนวโน้มการสูญเสียตามหลักคณิตศาสตร์ประกันภัย แนวโน้มราคาประกันรถยนต์ที่ดูจะยังไม่มีคำตอบว่า จะมีการปรับลดลงได้ด้วยวิธีใด เพราะปัจจัยที่เกื้อหนุนให้ราคาพุ่งกระฉูดก็ล้วนมีที่มาที่ไปยึดโยงถึงกันทั้งสิ้น เทคโนโลยีรถยนต์ไฟฟ้า หรือ EV อาจช่วยลดทอนค่าใช้จ่ายเรื่องราคาน้ำมันลง แต่ในระยะยาวหากระบบนิเวศของ EV ยังไม่สามารถตอบโจทย์ผู้บริโภคได้กระจ่างชัด ขาดพร่องซึ่งห่วงโซ่อุปทาน เป้าหมายสูงสุดเรื่อง Net Zero ก็อาจยืดระยะไกลออกไปกว่าที่วาดฝันเอาไว้,"ค่าซ่อมรถยนต์ในสหรัฐฯ เพิ่มขึ้นอย่างต่อเนื่อง โดยรถยนต์สันดาปเฉลี่ย 4,437 ดอลลาร์ และรถยนต์ไฟฟ้าสูงถึง 6,618 ดอลลาร์
ค่าใช้จ่ายในการเคลมประกันภัยรถยนต์เฉลี่ยอยู่ที่ 5,992 ดอลลาร์ต่อครั้งในช่วงปี 2561–2565
อัตราเบี้ยประกันภัยในปี 2566 เพิ่มขึ้นเฉลี่ยมากกว่า 20% ซึ่งเป็นการปรับขึ้นครั้งใหญ่ที่สุดในรอบ 48 ปี
ราคาซื้อขายรถยนต์ใหม่ในสหรัฐฯ ก็สูงขึ้นเช่นกัน โดยเฉลี่ยอยู่ที่ประมาณ 49,000 ดอลลาร์",test,Hybrid,2024,103,4,25.75,0.4780922532081604,0.7705682118733723,0.2294317881266276
41995932,ประกันมาตรฐานใหม่ บริษัทประกันสามารถไม่ต่ออายุกรมธรรม์ได้ไหม ก่อนอื่นต้องท้าวความก่อนว่าตอนทำประกันชีวิตและสุขภาพ ผมแถลงโรคAไป ส่วนประวัติซึมเศร้าไม่ได้แถลงเพราะหมอพูดคลุมเครือหน่อยๆ บางครั้งบอกว่าที่เราเป็นมันแค่โรควิตกกังวลไม่ใช่โรคซึมเศร้า ผมเลยเลือกที่จะไม่ระบุตอนสมัครประกัน แต่ด้วยประวัติการรักษาปกติเราจะบอกหมอหมดว่าเราเป็นอะไร รักษาอะไรอยู่ เนื่องจากผมแถลงโรคAไป ประกันจึงขอประวัติการรักษา เขาจึงเห็นประวัติที่ผมแจ้งหมอไปว่า มีรักษาโรคเครียด โรควิตกกังวลอยู่ ผมไม่แน่ใจว่าบอกหมอที่รักษาโรคAไปว่าโรคอะไรแน่ เพราะตัวแทนมารับและส่งประวัติให้หมดเลย ผมเลยไม่เห็นข้อความข้างใน ผลคือบริษัทรับทำประกันสุขภาพแบบมีเงื่อนไขยกเว้นโรคA โรคทางจิตเวช และอาการสืบเนื่อง โดยที่บริษัทประกันไม่ได้ขอประวัติเกี่ยวกับโรคเครียดเพิ่มเติม ผ่านมา7เดือนมาผมมีความสนใจอยากทำประกันOPD เนื่องด้วยผมเป็นคนขี้เหนียว เวลาเจ็บป่วยอะไรชอบรอให้หายเองมากกว่าที่จะไปหาหมอ เพราะไม่อยากเสียเงินเยอะ แต่ถ้าทำประกันOPDไว้ผมน่าจะกล้าไปหาหมอมากขึ้น เวลาเป็นโรคอะไรจะได้เจอแต่เนิ่นๆ ครั้งนี้บริษัทประกันเลยขอประวัติการรักษาโรคเครียด โดยระบุว่าบริษัทยังได้รับเอกสารไม่ครบถ้วน ซึ่งในประวัติการรักษาผมไปขอเองและนำส่งเอง ผมจึงเห็นข้อความด้านใน ข้อความหน้าแรกเป็นเรื่องการย้ายเข้ามารักษาที่โรงพยาบาลนี้ ส่วนมากเป็นคำพูดของผมที่บอกหมอว่าอาการเป็นอย่างไร เคยรักษาอะไรมา และผมบอกหมอไปว่าเป็นซึมเศร้า หมอเลยลงประวัติไปทั้งอย่างนั้น แต่จริงๆแล้วหมอแจ้งว่าที่เราเป็นมันคือโรควิตกกังวล ไม่ใช่โรคซึมเศร้า แต่หมอไม่ได้ลงในประวัติการรักษาเอาไว้ และผลการพิจารณาขอเพิ่มกรมธรรม์OPDของผมก็ถูกปฏิเสธเนื่องจากประวัติสุขภาพไม่อยู่ในเกณฑ์ ตัวกรมธรรม์สุขภาพเดิมที่มีผลบังคับใช้มาแล้ว7เดือน ผมเข้าใจว่าทางบริษัทก็อาจจะอยากยกเลิก เพราะเท่าที่เข้าใจซึมเศร้าเป็นโรคความเสี่ยงสูงสำหรับบริษัทประกัน แต่น่าจะยกเลิกไม่ได้ เนื่องจากในกรมธรรม์ตามมาตรฐานใหม่ระบุไว้ว่าถ้าเห็นข้อมูลแล้วแต่ไม่ได้ใช้สิทธิ์โต้แย้งภายใน1เดือน บริษัทจะโต้แย้งไม่ได้ แต่คำถามหลักที่ผมสงสัยอยู่ในตอนนี้คือเรื่องการต่ออายุสัญญาประกันสุขภาพในปีถัดไป เนื่องจากจากข้อมูลตามภาพ ระบุเรื่องการไม่แถลงข้อมูลตามจริงในใบขอเอาประกันภัยเป็นหนึ่งในเหตุผลที่สามารถใช้ในการบอกปัดการต่อสัญญาได้ ถึงแม้บริษัทจะรับทราบข้อมูลสุขภาพนี้แล้วจากประวัติการรักษาเกิน1เดือนและมีการยกเว้นความคุ้มครองโรคทางจิตเวชและอาการสืบเนื่องไปแล้ว แต่ผมไม่ได้แถลงโรคซึมเศร้าไปในใบคำขอเอาประกัน บริษัทสามารถใช้เหตุผลนี้ในการไม่ต่อสัญญาในปีถัดไปได้ไหมครับ,"ผู้ร้องเรียนเคยทำประกันสุขภาพที่มีการยกเว้นโรคทางจิตเวช ซึ่งบริษัทไม่ได้ขอประวัติสุขภาพเพิ่มเติมในขณะนั้น
เมื่อขอทำกรมธรรม์ OPD ภายหลัง บริษัทขอประวัติการรักษาและพบว่ามีการบันทึกว่าเคยรักษาภาวะซึมเศร้า แม้ผู้ร้องจะไม่ได้แถลงโรคดังกล่าวไว้ในใบคำขอ
ผู้ร้องยืนยันว่าแพทย์ระบุว่าอาการดังกล่าวคือโรควิตกกังวล ไม่ใช่โรคซึมเศร้า และไม่มีการบันทึกข้อมูลนี้ในประวัติอย่างเป็นทางการ
ผู้ร้องกังวลว่าบริษัทอาจใช้เหตุผลเรื่อง ""ไม่แถลงข้อมูลตามจริง"" เป็นข้อยกเว้นในการปฏิเสธการต่ออายุกรมธรรม์ในปีถัดไป",test,Hybrid,2023,35,4,8.75,0.4539735019207001,0.6535193920135498,0.3464806079864502
43168169,การยกเลิกประกัน Ayudhya Allianz ยุ่งยากมาก NOTED วันที่ 13 มกราคม 2568 ทางฝ่ายบริการลูกค้าของบริษัท อลิอันซ์ อยุธยา ประกันชีวิต จำกัด มหาชน ได้ติดต่อเข้ามาชี้แจงรายละเอียด และแสดงความขอโทษต่อเหตุการณ์ที่เกิดขึ้นอย่างเป็นทางการเรียบร้อยแล้วค่ะ. ทางเราขอขอบคุณในความใส่ใจของ ทางฝ่ายบริการลูกค้า ในการแก้ไขปัญหา รวมถึงการให้คำชี้แจงที่ชัดเจน ซึ่งช่วยสร้างความเข้าใจที่ดีมากขึ้น ทางเราจะตัดสินใจเก็บเนื้อหาของกระทู้นี้ไว้ เพื่อเป็นประโยชน์ต่อผู้ใช้บริการท่านอื่น ๆ แต่ขอยืนยันว่าไม่มีเจตนาที่จะทำให้เกิดความเสียหายต่อชื่อเสียงของบริษัท ทั้งนี้ ทางฝ่ายบริการลูกค้า ได้ให้ความช่วยเหลืออย่างดีเสมอมา ในโอกาสนี้ ขอฝากถึงบริษัทว่า ทางฝ่ายขาย ควรสื่อสารรายละเอียดเกี่ยวกับกรมธรรม์ โดยเฉพาะในส่วนที่เกี่ยวข้องกับเงื่อนไขทางการเงินอย่างชัดเจน และครอบคลุมมากที่สุด รวมถึงรับฟังคำร้องขอจากลูกค้าอย่างใส่ใจ เพื่อช่วยลดความเข้าใจผิด และสร้างความมั่นใจให้กับลูกค้า การอธิบายเงื่อนไขอย่างละเอียดตั้งแต่เริ่มต้น ไม่เพียงช่วยให้ลูกค้าเข้าใจผลิตภัณฑ์ได้ดียิ่งขึ้น แต่ยังช่วยส่งเสริมความไว้วางใจในระยะยาวได้อีกด้วยค่ะ เรื่องมันมีอยู่ว่ามีทางประกันเขาโทรมาขาย แล้วคุยไปคุยมาเราก็บอก telesales ว่าลองส่งกรมธรรม์มาอ่านก่อนได้ไหม เราไม่สะดวกจะจ่ายเดือนนี้ หรือ เดือนหน้า เราสะดวกจริงๆ คือช่วงกุมภาพันธ์ ขอให้เราตรวจสอบรายละเอียดก่อนจะดีกว่า ทางเซล์ก็แจ้งว่า ได้ครับ แค่ยื่นขอยังไม่ได้ตัดเงิน อะไรทำนองนี้ เราก็โอเคยังไม่ตัดก็ได้ แล้วเขาพยายามให้เราพูดว่าเราตกลงทำประกัน ทางเราก็บอกว่า แต่เรายังไม่เห็นกรมธรรม์เลยนะ ถ้าตกลงก็ตัดเงินใช่ไหม ฝั่งนั้นก็บอกยังครับถ้าลูกค้าได้รับกรมธรรม์แล้วไม่สะดวกก็สามารถยกเลิกได้. ล่าสุดเราเช็กในแอป UChoose เมื่อวันที่ 27 มียอดใช้จ่ายไป 5400 บาท และในแอปไม่มีการแจ้งเตือนใด ๆ ในวันที่ตัดเงิน ตัดวันที่ 24 ธันวาคม แล้วเราก็กลับไปเช็กอีเมลอีกรอบว่ามีแจ้งอะไรไหม สรุปก็มีแค่อีเมลนี้ ซึ่งมันไม่ได้ระบุกรมธรรม์หรือยอดจ่าย 5400 นี้เลย แล้วเราก็เลยเข้าไปตรวจสอบใน message ดูก็เห็นมีข้อความนี้ ซึ่งเราก็ตกใจ เพราะเราแจ้งไปแล้วว่าไม่สะดวกจ่ายในรอบบิลนี้ ตอนนี้เสียความรู้สึก และอยากยกเลิกประกัน พอโทรไปก็รอสายนานมาก ๆ สุดท้ายปลายสายแจ้งว่าต้องติดต่อกลับหลังปีใหม่ เธอจะรับเรื่องไว้ให้ก่อน. แล้วเมื่อกี้ 09 16 วันที่ 28 ธันวาคม มีข้อความส่งมาว่าอนุมัติกรมธรรม์แล้ว เรายิ่งเหนื่อยใจ แบบนี้มีแต่เสียเวลา และเสียความรู้สึกเท่านั้น ทางบริษัทจัดการอะไรไม่ได้เลยเพราะอยู่ในช่วงปีใหม่.แย่จริงๆ,"การยกเลิกประกันจาก Ayudhya Allianz พบว่ามีขั้นตอนที่ซับซ้อนและไม่ชัดเจน
ลูกค้าระบุว่าได้ขอรับกรมธรรม์เพื่อพิจารณาแต่ไม่ได้ยืนยันการชำระเงิน ขณะที่บริษัทกลับตัดเงินโดยไม่มีการแจ้งเตือนล่วงหน้า
ยอด 5,400 บาทปรากฏในแอป UChoose โดยไม่มีข้อมูลอธิบายหรือการแจ้งเตือนที่ชัดเจน
บริษัทได้ติดต่อชี้แจงและขอโทษอย่างเป็นทางการ พร้อมย้ำถึงความสำคัญของการสื่อสารเงื่อนไขอย่างโปร่งใสตั้งแต่ต้น",test,Hybrid,2024,41,4,10.25,0.4418203830718994,0.574897050857544,0.425102949142456
42692008,กำลังจะโดนประกันอุบัติเหตุ ตัดบัตรเครดิตรอบ 2 โดยไม่เต็มใจขอคำปรึกษาค่ะ สวัสดีค่ะ พี่ๆสมาชิกทุกท่าน เรื่องเกิดเมื่อ สิงหา ปี66 ค่ะ มีบัตรเครดิตใบแรกปี 66 ค่ะ ใช้บัตรมาสักพัก มียอดตัดบัตรเข้ามาที่ 7300 ขึ้นว่าเป็นประกันของ ซป ค่ะ ตอนนั้นพลาดมากๆค่ะ โทษตัวเองว่า เราอ่านรายละเอียดบัตรเครดิตไม่ดี แล้วมีประกันพ่วงมาด้วยหรือเปล่า ไม่กล้าปรึกษาใครค่ะ พอโดนตัดยอดมา ก็เลยรีบทำผ่อนจ่ายเอาค่ะ แล้วมานั่ง search ข้อมูลใน google ก็เจอคนเคยโดนแบบเราค่ะ ได้แต่นั่งโทษตัวเอง เพราะมันผ่านมาเป็นเดือนๆแล้ว เสียค่าโง่ค่ะ โดยที่ผ่านมาหลายเดือนก็ยังไม่เคยได้รับเล่มกรมธรรม์นะคะ เรามั่นใจนะคะ ว่าเราไม่น่าจะตกลงทำประกันนี้ เพราะถือประกันอุบัติเหตุกับเจ้าอื่นไว้ 2 เล่มแล้ว ไม่มีทางที่เราจะบ้าไปเสียเงินเกือบหมื่นอีกแน่ๆ แต่ ก็มีความกังวลค่ะ ว่าอาจจะฟังอะไรไม่ทัน หรือพลาดตรงไหนไป เพราะพูดตรงๆคนขายประกันเวลาโทร พูดเร็วมากจริงๆค่ะ หลังจากนั้นมีโบรกเกอร์ติดต่อเข้ามา อาสาจะช่วยดูแลเคสเราให้ สอบถามเราว่า เราได้ตั้งใจทำประกันกับเจ้านี้มั้ย เพราะมีหลายคนที่เจอปัญหานี้ เราก็แจ้งตรงๆว่าไม่ได้ตั้งใจทำเลยค่ะ เข้าใจว่ามันติดมากับบัตรเครดิต และท่านนี้ก็แจ้งว่า เค้าจะช่วยยกเลิกประกันตัวนี้ให้ แต่สุดท้ายคือต้องทำประกันกับเค้า เพราะต่อให้เราจะแจ้งยกเลิกกับประกันเจ้าแรกเอง ยังไงก็ยกเลิกไม่ได้ค่ะ ต้องทำเล่มใหม่กับเค้า โดนเอาคนมานั่งประกบ พูดเหมือนเห็นใจเรา คุยกับเราเหมือนจะช่วยเรา สมองตื้อเลยค่ะ สุดท้ายก็มาเอาเงินจากเราอีก แต่เคสอันนี้เราก็เอาเงินคืนมาได้นะคะ จบอันนี้ เราก็พยายามติดต่อประกันต้นเรื่องค่ะ ว่าจะขอยกเลิก ไม่ต้องการให้มีการตัดเงินเข้ามาอีกแล้ว เค้าแจ้งว่ายกเลิกไม่ได้ค่ะ เป็นประกันที่ต่อเนื่อง 2 ปี ปีถัดไปต้องเสียเงินอีก คืออะไรคะ เราบอกงั้นต้องหาหลักฐานมาให้ได้ ว่าเราสมัครไปกับเค้าตอนไหน เงินไม่ใช่น้อยๆเลยค่ะ คุยไปคุยมา เค้าก็แจ้งว่าจะประสานงานอีกที แล้วจะติดต่อกลับ มาวันนี้เจ้าหน้าที่โทรมาแจ้งค่ะ ว่าจะสิ้นสุดประกันให้ แต่เนื่องจากเราเป็นลูกค้าชั้นดี จะลดยอดเบี้ยจาก 7พันกว่า เป็น 5พันกว่า ไม่ได้ดีใจเลยค่ะที่บอกแบบนี้ เลยถามว่าทำไมต้องโดนตัดเงินอีก เค้าก็ยังแจ้งเหมือนเดิมว่าเรารับข้อเงื่อนไขนี้แล้ว เป็นประกันคุ้มครองต่อเนื่อง 2 ปี ตัดยอดเงินรายปี เราแจ้งว่า แต่เราไม่เคยได้รับเล่มกรมธรรม์เลย จนท.บอกว่า ได้จัดส่งให้ตามที่อยู่ที่เราแจ้งแล้ว แต่ไม่เคยได้รับจริงๆค่ะ ของประกันเจ้าอื่น ได้รับเล่มปกติค่ะ ไม่เคยไม่ได้รับ สุดท้ายคือเราต้องยอมเสียเงินเป็นหมื่นฟรีๆ แค่นี้เหรอคะ เราร้องไห้หลายรอบมาก เป็นการได้รู้จักประกันเจ้านี้ครั้งแรกแบบเสียความรู้สึก 100 เลยค่ะ อยากรบกวนสอบถามว่า ควรทำยังไงต่อดีคะ มืด 8 ด้านเลยค่า,"ผู้ร้องเรียนระบุว่าถูกขอให้ทำประกันใหม่กับบริษัทอื่นแทนการยกเลิกประกันเดิม แม้จะพยายามแจ้งยกเลิกกับเจ้าแรกแล้ว
บริษัทอ้างว่าเป็นกรมธรรม์ต่อเนื่อง 2 ปี และไม่สามารถยกเลิกได้ แม้ผู้ร้องยืนยันว่าไม่เคยได้รับเอกสารกรมธรรม์
ผู้ร้องเรียนชี้แจงว่าได้รับกรมธรรม์จากบริษัทอื่นอย่างปกติ แต่ไม่เคยได้รับเอกสารจากบริษัทนี้แต่อย่างใด
ขณะนี้บริษัทแจ้งจะสิ้นสุดกรมธรรม์แต่ยังคงตัดเงินรายปี โดยลดเบี้ยลงเหลือประมาณ 5,000 บาท",test,Hybrid,2024,39,4,9.75,0.4902505278587341,0.541802167892456,0.4581978321075439
42479184,ตายแล้วก็ยังต้องจ่ายค่าเบี้ยต่อ วิริยะประกันภัยบริษัทที่โคตรใจร้าย ลูกตายแค่นี้ก็แย่พอแล้วครับ ตายแล้วก็ต้องจ่ายค่าเบี้ยต่อ เปิดต้นปี 2567 มาได้แค่ 3วัน ปีแห่งความเลวร้ายที่พรากชีวิตลูกชายสุดที่รักคนเดียวจากไป มันทั้งทุกข์ใจ เศร้าใจ หมดเรี่ยวแรง จะเดินต่อ จนเป็นคนซึมเศร้า วันๆ ไม่มีรอยยิ้ม หาหนทางเดินต่อไม่เจอ ผมพยายามที่จะเคลียร์ทุกๆ อย่างเกี่ยวกับลูกชาย เพื่อให้เค้าจากไปอย่างไม่มีพันธะใดๆ กับทุกบริษัท รวมถึงกับบริษัทประกันต่างๆ ลูกผมเสียวันที่ 3 มกราคม หลังจากที่จัดงานทุกอย่างเสร็จ ก็พยายามติดต่อกับบริษัทประกันภัยต่างๆ เพื่อขอเคลมสินไหม ตั้งใจไว้ว่าเงินทุกบาททุกสตางค์ที่ได้กลับมา จะนำไปทำบุญ ต่อกุศลให้ลูกทุกบาท เพื่อให้ลูกชายได้กุศลผลบุญจากเงินที่เค้าได้มา ผมส่งเอกสารไปเคลมกับ 3 บริษัทประกันตั้งแต่วันที่ 11 มกราคมดังนี้ 1. AIA บริษัทนี้ใช้เวลาไม่ถึง 10 วัน ผมได้สินไหมจากกรมธรรม์เข้าบัญชีเรียบร้อย เป็นบริษัทที่สุดยอดจริงๆครับ 2. CHUBB ส่งเอกสารไปตั้งแต่วันที่ 11 ทุกวันนี้เงียบเชียบ ยังไม่มีการติดต่อกลับเลยสักครั้งเดียว แย่มากๆ แต่ที่แย่ที่สุด คือ บริษัทที่3 วิริยะประกันภัย เป็นบริษัทที่โคตรใจร้ายที่สุด และไร้ระบบการทำงาน เป็นบริษัทที่ห่วย แสนห่วยในความรู้สึกผมตอนนี้ ผมพยายามติดต่อสอบถามตลอดเวลา รวมถึงส่งเอกสารไปให้และทางบริษัทก็แจ้งว่าได้รับเอกสารตั้งแต่วันที่ 11 มกราคมแล้ว ซึ่งผมไม่ได้ติดขัดในเรื่องของการพิจารณาสินไหม เพราะเชื่อว่ามันต้องใช้เวลาแน่นอน แต่ผม ติดใจตรงที่ว่า ทำไมการที่ลูกผมตายไปแล้ว แต่ผมยังคงต้องจ่ายค่าเบี้ยต่ออีกหรือ มีทั้งการส่งข้อความเข้ามาตัดค่าเบี้ยตั้งแต่วันศุกร์ที่ 19 มกราคม ซึ่งหลังจากที่ผมได้รับข้อความก็รีบต่อต่อกลับไปโดยทันที และแจ้งว่าลูกผมเสียชีวิตแล้ว มันไม่ควรต้องจ่ายค่าเบี้ยอีก ผมตามไป 5 6 รอบ แต่ทุกครั้งก็ได้คำตอบแค่ว่า แอดมินรับทราบ แอดมินกำลังประสานงาน ซึ่งถ้าตั้งแต่แจ้งเรื่องไปตั้งแต่วันแรกคือ 11 มกราคม ตามเรื่อยมาจน วันที่ 24 มกราคม ผมไม่เคยได้รับคำตอบใดๆ นอกจากแอดมินรับทราบ แอดมินประสานงาน ให้ส่งเอกสารใบตายไปอีกแค่นั้น และแล้วสิ่งที่ผมต้องเจอก็เป็นจริง คือวิริยะยังคงยืนยันเรียกเก็บค่าเบี้ยประกันชีวิตลูกผมต่อ ทั้งๆที่ลูกผมเสียไปแล้ว ผมทั้งช้อค ทั้งโกรธ ว่าทำไมต้องซ้ำเติมกันขนาดนี้ ค่าเบี้ยประกันมันไม่ได้เยอะขนาดที่จะทำให้ชีวิตผมแย่เลย แต่ที่ผมรู้สึกแย่คือลูกชายผมเสียชีวิตไป ผมยังต้องมาเจอกับเรื่องราวไร้สาระแบบนี้อีกด้วยหรือ วิริยะต้องการอะไรจากลูกค้า วิริยะไม่เคยแสดงความเสียใจกับการสูญเสียของผมไม่พอ แต่ยังคงซ้ำเติมผมอีก ผมอยากจบปัญหาทุกอย่าง ไม่ต้องการเรียกร้องอะไรจากวิริยะเพราะเรื่องการเคลมสินไหมก็เงียบสนิท ส่วนเงินค่าเบี้ยของลูกผมในอนาคต วิริยะอยากได้อีกเท่าไหร่ แจ้งผมมาครับ จะแสนจะล้าน จะ100ล้านก็เอาไป ถ้าเอาชีวิตลูกผมกลับมาได้ แต่ถ้ามันไม่ได้ผมขอทำบุญให้บริษัทแห่งนี้เพื่อลูกผมล่ะกันครับ และหลังจากนี้ผมจะไม่ขอยุ่งเกี่ยวอะไรกับบริษัทที่ไร้จรรยาบรรณแบบนี้อีกต่อไป ใครอยากจะทำประกันกับบริษัทอะไรก็เลือกกันดูให้ดี จะได้ไม่ทุกข์ใจแบบผม ส่วนการโพสท์นี้ถ้าจะทำให้วิระยะ ฟ้องผม ก็ตามสบายครับ ผมไม่กลัว แล้วไม่มีอะไรจะเสียอีกต่อไปแล้ว เพราะผมสูญเสียคนที่ผมรักที่สุดในชีวิตไปแล้วครับ วิริยะประกันภัย CHUBB AIA,"ลูกชายผู้เป็นที่รักเสียชีวิตเมื่อวันที่ 3 มกราคม 2567 และผู้ร้องได้ดำเนินการจัดการพิธีศพและเคลียร์หนี้สินทั้งหมดเพื่อให้ลูกจากไปโดยไม่มีภาระ
ผู้ร้องได้ส่งเอกสารขอเคลมสินไหมกับบริษัทประกัน 3 แห่งตั้งแต่วันที่ 11 มกราคม โดย AIA จ่ายเงินภายในไม่กี่วัน ส่วน CHUBB และวิริยะประกันภัยยังไม่มีการตอบกลับ
ผู้ร้องแสดงความไม่พอใจอย่างมากต่อวิริยะประกันภัย เนื่องจากมีการแจ้งตัดเบี้ยหลังจากลูกเสียชีวิตแล้ว แต่ยังคงเรียกเก็บค่าเบี้ยต่อเนื่องจนถึงวันที่ 19 มกราคม
ผู้ร้องระบุว่าควรได้รับการยกเว้นค่าเบี้ยหลังทราบข่าวการเสียชีวิต และต้องการให้บริษัทประกันทบทวนกรณีดังกล่าวอย่างเป็นธรรม",test,Hybrid,2024,45,4,11.25,0.543492317199707,0.59393310546875,0.40606689453125
43450952,เคลมประกันแผ่นดินไหวส่วนตัว แต่ถูกบังคับให้เคลมร่วมกับประกันนิติ และต้องจ่ายค่า Deduct 300 บาท แบบนี้แฟร์ไหม อัปเดตล่าสุดจากทางบริษัทกรุงเทพประกันภัยค่ะ วันนี้ทางบริษัทได้โทรมาอธิบายเพิ่มเติมอย่างละเอียด เรื่องที่เคยแจ้งว่า ต้องเคลมร่วมกับประกันของนิติบุคคล นั้น ทางบริษัทแจ้งว่า จะเป็นการดำเนินการภายในระหว่างบริษัทประกันภัยด้วยกันเองค่ะ เราในฐานะลูกค้า ไม่ต้องประสานหรือดำเนินการอะไรเพิ่มเติมเอง รวมถึงประเด็นเรื่อง ค่า Deductible 300 บาท ที่เรากังวลก่อนหน้านี้ ทางบริษัทชี้แจงว่า จะไม่เกี่ยวข้องกับทางเราโดยตรง แต่เป็นเรื่องภายในที่ทั้งสองบริษัทประกันภัยจะตกลงกันเอง ที่มีความเข้าใจคลาดเคลื่อนในตอนแรก น่าจะเกิดจากการสื่อสารของเจ้าหน้าที่คนแรกที่เราติดต่อด้วย ซึ่งอาจรีบเร่งในการดำเนินการให้ จึงไม่ได้มีการชี้แจงโดยละเอียด แต่ตอนนี้ทางบริษัทได้ชี้แจงอย่างครบถ้วนและสุภาพมากค่ะ ขอบคุณเพื่อนๆ ในกระทู้นี้มากๆ สำหรับข้อมูลและกำลังใจ รวมถึงขอบคุณบริษัทประกันที่โทรมาชี้แจงอย่างเป็นทางการ หวังว่าโพสต์นี้จะเป็นประโยชน์กับผู้ที่กำลังเจอสถานการณ์คล้ายกันนะคะ กระทู้ต้นเรื่อง สวัสดีค่ะ เราขอสอบถามความคิดเห็นจากเพื่อนๆ และผู้มีประสบการณ์เกี่ยวกับการเคลมประกันภัยแผ่นดินไหวค่ะ เราได้ทำประกันภัยแผ่นดินไหวคอนโดกับ บริษัทกรุงเทพประกันภัย เป็นประกันส่วนตัว และคอนโดยังอยู่ระหว่างผ่อนกับธนาคารกรุงเทพ เราได้ยื่นเคลมค่าเสียหายจากเหตุแผ่นดินไหวตามสิทธิของตัวเอง โดยแนบหลักฐานทั้งหมด รวมถึงใบเสนอราคาค่าซ่อม รวมยอดประมาณ 33200 บาท ต่อมา. ทางบริษัทฯ พิจารณาอนุมัติยอดสินไหมเป็นเงิน 25520 บาท คิดเป็นประมาณ 77 แต่มี เงื่อนไข ว่า หากไม่เคลมร่วมกับประกันของนิติบุคคล บริษัทจะไม่จ่ายเงินจำนวนนี้แม้แต่บาทเดียว ทั้งที่. ยอดเคลมยังไม่เกินวงเงินในกรมธรรม์ของเราเลย เราไม่เคยแจ้งความประสงค์ว่าจะเคลมร่วมกับนิติฯ และประกันของนิติฯ มี deductible 300 บาท ซึ่งกลายเป็นภาระที่เราต้องจ่ายเพิ่มอีกต่างหาก คำถามที่อยากขอความคิดเห็นค่ะ แบบนี้บริษัทประกันมีสิทธิ์ ไม่จ่าย เลยหรือ ถ้าเราไม่เคลมร่วมกับนิติฯ การเคลมร่วมแบบนี้เป็นสิทธิของลูกค้า หรือเป็นข้อบังคับของบริษัท เราสอบถาม คปภ. แล้ว ทางเจ้าหน้าที่แจ้งว่า ลูกค้ามีสิทธิเลือกเคลมกับกรมธรรม์ใดก็ได้ แบบนี้บริษัทกำลังละเมิดสิทธิของเราหรือเปล่าคะ เพื่อนๆ ท่านใดเคยมีประสบการณ์แบบนี้ หรือมีคำแนะนำดีๆ รบกวนแชร์ให้เราหน่อยนะคะ เพราะตอนนี้รู้สึกเหมือนถูกบังคับกลายๆ และอาจจะเสียสิทธิ์ที่ควรได้รับจากประกันของตัวเอง ขอบคุณล่วงหน้าทุกความเห็นค่ะ,"ลูกค้าได้ยื่นเคลมประกันแผ่นดินไหวส่วนตัวกับบริษัทกรุงเทพประกันภัย แต่ถูกแจ้งว่าต้องเคลมร่วมกับกรมธรรม์ของนิติบุคคลเพื่อรับสินไหมทดแทน
บริษัทชี้แจงภายหลังว่า การเคลมร่วมนี้เป็นข้อตกลงระหว่างบริษัทประกันภัยเอง ไม่จำเป็นต้องดำเนินการเพิ่มเติมจากลูกค้า
ค่า Deductible 300 บาท ที่เกิดขึ้นถือเป็นเรื่องภายในระหว่างบริษัทประกัน และไม่ส่งผลต่อลูกค้าโดยตรง
บริษัทได้ชี้แจงข้อมูลอย่างละเอียดและเป็นทางการ พร้อมแสดงความรับผิดชอบต่อความเข้าใจผิดจากเจ้าหน้าที่เดิม",test,Hybrid,2025,30,4,7.5,0.5210660099983215,0.5708558559417725,0.4291441440582275
41966593,ติดกับดัก ประกัน Allianz Ayudhaya Super Saving 15 7 มีเงินปันผล คืออยากปรึกษาเพื่อนๆ ว่า เริ่มแรก เราอยากเก็บเงินไว้ให้คนที่บ้านในรูปแบบประกันออมทรัพย์ ก็เลยหาไปเรื่อยๆ จนเจ้าหน้า TeleSales ของ Allianz Adyudya โทรมาขาย ก็ตกลงทำเพราะฟังแล้วรู้สึกโอเค เป็นทุนประกัน 35000 บาท โดยหักอัตโนมัติบัตรเครดิต กรุงศรีฯ เริ่มตัดบัตรฯ ตั้งแต่ เมษายน 2563 เดือนละประมาณ 11 xx บาทค่ะ ถึงตอนนี้ จ่ายมาแล้ว เกือบ 40000 บาท เราต้องจ่าย 7 ปี คุ้มครอง 15 ปี. ตอนนี้ พอมีเวลามาคำนวณ ตระหนักว่าผลประโยชน์ไม่คุ้ม ถึงแม้ว่าจะมีเงินการันตีจ่ายคืนในปีที่ 2 7 ปีละ 3.5 คือ 11 xx บาทต่อปี และ ปีที่ 8 14 ปีละ 5 ปีละ 17 xx บาท โดยถ้าไม่เกิดเหตุใดๆ อยู่ไปถึงปีที่ 15 ก็จะได้เงินครบกำหนดสัญญา ตอนปีที่ 15 คือ 210 แต่พอมาคิดยอดรวมแล้ว จะเกินจากยอดที่จ่ายไปทั้งหมด 7 ปี แค่ 4900 บาทค่ะ ส่วนเงินที่เป็นอีกส่วนที่อาจจะได้ หรือ ไม่ได้ คือ เงินปันผล เพราะที่ทำคือ ประกันออมทรัพย์ Super Saving 15 7 มีเงินปันผล หน้าปกกรมธรรม์และตอนขายทางโทรศัพท์ก็บอกแบบนั้น แต่ในเล่มระบุอีกว่า เงินปันผลนี้ บริษัทอาจพิจารณาจ่ายรายปี ตั้งแต่ปีที่ 7 เป็นต้นไป โดยขึ้นอยู่กับผลตอบแทนการลงทุน. และเงินปันผลเมื่อครบกำหนดสัญญา โดยบริษัทอาจพิจารณาจ่ายขึ้นอยู่กับผลตอบแทนการลงทุน และเมื่อโทรไปหา call center ก็ได้รับคำอธิบายในส่วนนี้ว่า บริษัทอาจจ่ายหรือไม่จ่ายก็ได้ ขึ้นอยู่กับผลตอบแทนการลงทุน. คือเราทำประกันประเภทออมทรัพย์มาหลายเจ้า มีของเจ้านี้นี่แหละที่ทำแล้วไม่สบายใจเลย ถ้าจะใช้เงินเวนคืน ก็ไม่คุ้ม ส่งต่อไป ก็ไม่คุ้มอีก กลุ้มมาก ทำไมบริษัทออกประกันแบบนี้มา เอาเปรียบผู้บริโภคไปมาก พอเห็นยังมีหน้ามาประชาสัมพันธ์กรมธรรม์คล้ายๆ กัน จึงอยากให้ทุกคนถามให้ละเอียด จะได้ไม่ตกในสภาพอย่างเรา ไปต่อก็ได้เงินน้อย ไม่คุ้ม 4900 บาท น้อยว่าดอกเบี้ยที่แย่ที่สุด เลยปรึกษาผู้มีประสบการณ์หน่อยค่ะ ขอบคุณล่วงหน้านะคะ.,"ผู้ร้องเรียนซื้อกรมธรรม์ประกันออมทรัพย์ Allianz Ayudhaya Super Saving 15 พร้อมเงินปันผลผ่านเจ้าหน้าที่ TeleSales โดยมีการหักบัตรเครดิตกรุงศรีรายเดือนตั้งแต่เดือนเมษายน 2563 เป็นเวลา 7 ปี
ยอดจ่ายรวมตลอดระยะเวลา 7 ปีอยู่ที่ประมาณ 4,900 บาท ซึ่งน้อยกว่ายอดเงินที่จะได้รับในปีที่ 15 หากไม่มีเหตุการณ์ใดเกิดขึ้น
แม้มีการแจ้งว่ามีสิทธิ์ได้รับเงินปันผลตามกรมธรรม์ แต่ในเอกสารระบุว่าเงินปันผลไม่แน่นอนและอาจไม่จ่ายจริง
ผู้ร้องเรียนรู้สึกว่าผลตอบแทนไม่คุ้มค่าเมื่อเทียบกับยอดจ่าย และต้องการขอคำปรึกษาเพื่อประเมินความเหมาะสมของกรมธรรม์นี้",test,Hybrid,2023,30,4,7.5,0.4896873533725738,0.5049624443054199,0.4950375556945801
42563841,ประกันตัดเงินบัตรเครดิตย้อนหลัง ขอยกเลิกไม่คืนเงินทำยังไงดี เรื่องมีอยู่ว่าเราทำประกันกับของบริษัทหนึ่งอยู่ในเครือของบัตรเครดิตกรุงศรี ให้หักอัตโนมัติมาเกือบ2ปีแล้ว เป็นประกันอุบัติเหตุจ่ายทิ้งเดือนต่อเดือน แต่เราไม่เคยได้เครมเลย จ่ายทุกเดือนมาเป็นปี แต่มาช่วงหลังทางประกันจะหักบัตรเราไม่ได้ ไม่รู้ว่าเป็นเพราะอะไร ประมาณ4เดือนหักไม่ได้ อาจจะเพราะวงเงินเต็ม แต่ปกติก็หักได้ตลอดไม่เคยมีปัญหาอะไรเลย แต่มาเดือนนี้วงเงินเราก็เต็มเหมือนกัน แต่กลับหักได้ ซึ่งแน่นอนว่าเกินวงเงินไปเยอะ หักรวดเดียว4เดือน แล้วประเด็นคือก่อนหน้านั้นเราเกิดอุบัติเหตุ โดนประตูหนีบเราเลยโทรไปถามประกันว่าถ้าเราไปเข้ารพ.แบบนี้ต้องสำรองจ่ายไหม ทางประกันก็บอกว่าสำรองจ่าย เพราะเหมือนเราไม่ได้จ่ายค่าประกัน เพราะหักบัตรไม่ได้ อันนี้เราก็เข้าใจไม่ได้ติดใจอะไร เราเลยแจ้งว่าจะขอยกเลิกเลยงั้นไม่จ่ายละ ไหนๆก็ไม่เคยเครมจ่ายทิ้งมาเป็นปีๆ กำไรเขาก็ได้ไปเยอะละ เขาให้คำตอบว่าถ้าหักไม่ได้5เดือนจะยกเลิกอัตโนมัติ เราก็เลยเอ่องั้นปล่อยให้ยกเลิกไปเลย ก็เลยเอ่องั้นไม่เข้ารพ.ละ รักษาเองรอหาย ประมาณ3วัน บัตรที่จู่ๆหักไม่ได้กลับหักได้รวดเดียว4เดือนเลย เราเลยโทรไปหาทางประกัน ประกันให้คำตอบว่าคืนได้สูงสุดแค่2เดือนถ้าจะยกเลิก เราเลยไม่เข้าใจว่าทำไมถึงไม่คืนให้หมด เพราะก่อนหน้านั้นก็หักบัตรไม่ได้ แล้วทำไมจู่ๆถึงหักบัตรได้ รพ.พอเกิดอุบัติเหตุจริงๆก็ไม่ได้เข้า อันนี้แหละที่เจ็บใจ ตอนนั้นคือเจ็บมากบวม แต่เลือกที่จะรักษาเอง รอหายเองทั้งที่วงเงินประกันเกือบแสน แต่กลับเข้ารักษาไม่ได้ แต่ทางประกันก็ยังยืนยันว่าเราสามารถขอเครมเงินที่จ่ายไปได้หมด ซึ่งตอนนั้นเราก็ไม่รู้ไงว่าจะขอเครมได้ นึกว่าไม่ได้จ่ายก็คงไม่คุ้มครอง แล้วใบเสร็จอะไรเราก็ไม่มีไม่ได้ไปรักษาที่ไหนด้วย ทุกคนคิดว่ายังไงดี ใจตอนนี้อยากยกเลิกแล้วขอรีฟันคืนหมด เพราะคิดว่า5เดือนจะยกเลิกให้อัตโนมัติเลยปล่อยเลย แต่จะยอมจ่ายประกันต่อก็เสียดายเงินเพราะยังไงสุดท้ายเราก็ไม่ได้เข้ารักษาเลย เลยมองหาประกันตัวอื่นที่ควบคุมทั้งสุขภาพและอุบัติเหตุไปด้วย ในกรณีแบบนี้เราไม่สามารถขอคืนได้เต็มจำนวนจริงๆหรอ ปัญหามันอยู่ตรงที่เจ็บใจตอนเกิดอุบัติเหตุขึ้นมาจริงๆกลับต้องซื้อยามารักษาเอง ทาเองทั้งที่มีประกัน โทรไปหาทางประกันถ้าให้คำแนะนำที่ดีกว่านี้ หรือให้คำช่วยเหลือที่มากกว่านี้ก็คงจะยังต่อประกันอยู่ ไหนๆก็จ่ายทิ้งมาปีกว่าๆแล้ว พอจะเข้ารพ.จริงๆกลับไม่ได้เข้า และยังให้คำแนะนำว่า5เดือนยกเลิกเองไม่ต้องไปทำอะไร เราก็รอยกเลิกเองแต่กลับมาหักเงินไปอีกแล้ว พอขอคืนก็ไม่ได้เต็มจำนวนทั้งที่ไม่เคยได้เครมอะไรเลย เจ็บใจตรงนี้ เรื่องเงินก็อีกเรื่องหนึ่ง,"ผู้ร้องเรียนจ่ายเบี้ยประกันอุบัติเหตุรายเดือนมาเป็นเวลาหลายปี แต่ไม่เคยใช้สิทธิ์เคลมใด ๆ
ช่วงหลังเกิดปัญหาการหักบัตรไม่สำเร็จเป็นระยะเวลาประมาณ 4 เดือน ซึ่งอาจเกิดจากวงเงินเต็ม แต่ในเดือนถัดมาสามารถหักได้ทั้ง 4 เดือนพร้อมกัน
เมื่อเกิดอุบัติเหตุจริงและสอบถามการเข้ารับการรักษา ทางบริษัทประกันระบุว่าต้องจ่ายเองก่อนเนื่องจากไม่ได้ชำระเบี้ย ทำให้ผู้ร้องเรียนตัดสินใจยกเลิกกรมธรรม์
อย่างไรก็ตาม เมื่อทราบภายหลังว่าสามารถขอคืนเบี้ยได้ แต่บริษัทปฏิเสธคืนเต็มจำนวน และผู้ร้องเรียนรู้สึกไม่พอใจที่ไม่ได้รับคำแนะนำหรือความช่วยเหลือที่เหมาะสมในช่วงวิกฤต",test,Hybrid,2024,45,4,11.25,0.4418488442897796,0.6189733346303303,0.3810266653696696
42569235,เคลมประกัน กรุงไทยแอกซ่าครั้งแรกยากมาก แอบผิดหวัง เรื่องมีอยู่ว่า เรามีอาการเวียนหัว มึนทั้งวัน เริ่มมีอาการวูบจอดำไป1 3วิ แล้วการมองเห็นก็กลับมาเหมือนเดิม ซึ่งเราพักอยู่บ้าน1วันหวังว่า รุ่งเช้าอาการจะดีขึ้น แต่ถัดมาอีกวันอาการชัดขึ้นคือยังไม่ลุกจากที่นอนเลย อาการวูบมาแล้ว เราเลยไปรพ. พบหมอ หมอแจ้งว่าระบบสั่งการของร่างกายรวน อาจจะเพราะพักผ่อนน้อย หรือเครียด หรือการมีหวัดร่วมด้วยก็มีผล หมอเลยถามสะดวกแอดมิดมั้ย เราก็ถามเหตุผลว่าถ้านอนกับ กลับบ้านต่างกันยังไง กลับบ้านคือได้ยา พาราแก้ปวดไปกินเฉยๆแล้วพักผ่อนเยอะๆ แต่ถ้านอนรพ. หมอจะให้น้ำเกลือ ฉีดยาผ่านสายน้ำเกลือและขอเจาะเลือดตรวจ ค่าเกลือแร่ ค่าตับ ค่าเลือดดูเพิ่มซึ่งเราผู้ป่วยที่มีประกัน ก็อยากจะรักษาให้ดีที่สุด รักษาให้ดีกว่าการได้ยาพารากลับบ้าน ซึ่งก่อนแอดมินได้โทรคุยตัวแทนประกันแล้ว เขาถามรายละเอียดว่าถ้านอน หมอจะอะไรบ้าง ทางเราก็เเจ้งตามข้อความด้านบนเลย ซึ่งตัวแทนโอเคร เพราะมีการฉีดให้ยาให้น้ำเกลือจริง ไม่ได้นอนกินยาเฉยๆแบบกลับบ้านก็ได้ ผลออกมาคือ เราเลือดจาง มันเหมือนเม็ดเลือดซืด อาจเกิดมาจากธาตุเหล็กในร่างกายน้อย เราฉีดรับยา2หลอดใหญ่ผ่านสายน้ำเกลือ เจาะเลือดตรวจ รับน้ำเกลือ2ขวดใหญ่ แต่ผลการเคลมประกันกรุงไทยแอกซ่าให้สำรองจ่ายเอง เพราะไม่มีข้อบ่งชี้ในการนอน ซึ่งการสำรองเราไม่มั่นใจว่าจะได้คืนเลย ลูกค้าไปด้วยอาการวูบ ปวดหัว มึนการทรงตัวแทบไม่ได้แล้ว แต่ประกันแจ้งเหมือนลูกค้าแกล้งป่วย อยากทราบว่า กรณีแบบนี้เราจะเคลมกลับได้มั้ย ถ้าทำประกันแล้วใช้เคลมไม่ได้ ลูกค้าอย่างเราๆก็ไม่รู้จะทำประกันไว้เป็นภาระที่ต้องจ่ายในทุกๆเดือนทำไม ผิดหวังและเสียความรู้สึกมากกับการเคลมกรุงไทยแอกซ่าครั้งแรก,"ผู้ป่วยรู้สึกไม่สบายอาจเกิดจากภาวะเครียด พักผ่อนน้อย หรือมีอาการหวัดร่วมด้วย
แพทย์แนะนำให้เข้าพักรักษาในโรงพยาบาลเพื่อรับการฉีดยาผ่านน้ำเกลือ และตรวจเลือดเพื่อประเมินสภาพร่างกายอย่างละเอียด
ผู้ป่วยสอบถามเหตุผลในการนอนโรงพยาบาล พร้อมชี้แจงว่าการกลับบ้านจะได้รับยาพาราและพักผ่อนเท่านั้น ขณะที่การเข้ารับการรักษาในโรงพยาบาลมีการตรวจเลือดและให้สารอาหารผ่านเส้นเลือด
ตัวแทนประกันอนุมัติการเข้าพักรักษาหลังทราบว่ามีการให้ยาและตรวจเลือดอย่างเหมาะสม ไม่ใช่แค่กลับบ้านกินยาพาราอย่างเดียว",test,Hybrid,2024,31,4,7.75,0.4624994099140167,0.5175183614095051,0.4824816385904948
42712545,อย่าซื้อประกันในเครือรู้ใจประกันภัยนะครับ บริการแย่มาก เวลาจ่ายเบี้ยประกันโอนไม่ถึงนาที แต่เวลาเคลมเป็นชาติ ผมซื้อประกันชั้น 1 ซ่อมศูนย์ ซ่อมห้าง ของทางรู้ใจประกันภัยไว้ ทุนประกันอยู่ที่ 189000. บาท ต่อครั้งด้วย แต่เวลาเคลม เคลมยากมากๆ กว่าจะอนุมัติ แค่อะไหล่ก็นานแล้ว เคลมประกันรู้ใจนานกว่าอีก กว่าจะอนุมัติ แถมยังมีฝ่ายคลุมราคาอีก คือกะว่าจะไม่ให้เกินราคาอะไหล่ต่อชิ้นนะครับ ไม่ใช่เกินทุนประกันนะครับ แถมปลายปียังเก็บเบี้ยเพิ่มอีก ทำมาหลายปีเพิ่มเคลม ขั้นตอนยุ่งยากมาก เหมือนประกันชั้น 4 กันชนหน้า หลังฉีกขนาดนั้นจะให้ซ่อม และพ่นสีใหม่ คำว่า ซ่อมศูนย์ ซ่อมห้าง คือ ถ้าอะไหล่ต้องเปลี่ยนก็คือเปลี่ยน เพราะคุณให้ซ่อมศูนย์ ผมถูกดูแลแย่กว่าประกันชั้น 4 อีก หมดค่าโทรศัพท์ไปไม่รู้กี่ชั่วโมง พอโทรไปก็ไม่ค่อยติด เราก็ไม่อยากจะรบกวนมาก แทนที่จะตามให้ลูกค้า แต่ลูกค้าต้องตามเอง ทุนประกันขนาดนี้ ยังไม่อยากจะเปลี่ยนอะไหล่ให้เลยครับ อะไหล่ไม่น่าจะเกิน 1 2 แสน ทุนประกันเกือบ 2 ล้าน แต่จะมาคลุมราคาอีก บางทีก็คิดว่า ตกลงกรูทำประกันชั้นไหนว่ะ แล้วทุนประกันมีเพื่อ แต่จะมาคลุมราคา รูปภาพ คลิปก็ถ่ายไปแล้ว กันชนทะลุขนาดนั้น ยังจะอยากให้ซ่อม แล้วกรูจะทำชั้น 1 ซ่อมศูนย์ไปทำไมว่ะ ถ้ามีผู้บริหาร หรือเจ้าหน้าที่ของรู้ใจประกันเห็นช่วยรบกวน กรุณา กราบ วิงวอน ให้เอาไปปรับปรุงด้วย บริการก็แย่ เคลมก็แย่ แย่หมด ใครจะซื้อประกันรู้ใจนี้ คิดให้ดีก่อนนะครับ เจอกับตัวแล้ว จ่ายเบี้ยไปหลายปี ไม่เคยเคลมเลย มีพ่อขับชนรั้วบ้าง ผมยั้งไม่เคลมเลย ทำสีเองหมดทุกอย่าง ขนาดบอกว่าเซ็นเซอร์ก่อนจะชนไม่ดัง คลิปก็ให้ดูไปแล้วว่าไม่ดังจริงๆ มันยังไม่เชื่อเลย ติดฟิล์มอย่างดีรอบคันร่วมแสน ถามจริงๆ ใครเค้าอยากจะชน แค่ฟิล์มกันชนหน้า หลังก็ 4 หมื่นขึ้นแล้ว เอาหัวสมองที่ไหนคิดจะมาคลุมราคา เบี้ยปรักันเกือบ 2 ล้าน ห่วยแตกมากๆ,"ผู้ร้องเรียนระบุว่าได้ซื้อกรมธรรม์ประกันชั้น 1 กับบริษัทรู้ใจประกันภัย โดยมีทุนประกัน 18,900 บาทต่อครั้ง พร้อมสิทธิ์ซ่อมศูนย์และซ่อมห้าง
อย่างไรก็ตาม การเคลมเกิดความล่าช้า โดยเฉพาะการอนุมัติและการประเมินราคาอะไหล่ ซึ่งมีการจำกัดวงเงินในระดับชิ้นส่วนแทนที่จะพิจารณาตามทุนประกัน
ผู้ร้องเรียนรู้สึกว่าบริการไม่เป็นไปตามมาตรฐานของประกันชั้น 1 เนื่องจากต้องติดต่อเองบ่อยครั้ง และมีขั้นตอนยุ่งยากกว่าประกันชั้น 4
นอกจากนี้ ยังแสดงความไม่พอใจต่อการปรับเบี้ยเพิ่มในช่วงปลายปี และการไม่ยอมเปลี่ยนอะไหล่แม้มีทุนประกันสูงถึงเกือบ 2 ล้านบาท",test,Hybrid,2024,50,4,12.5,0.4301974475383758,0.563265323638916,0.436734676361084
43252167,ปมร้อนประกัน Copay สมาคมโร่เคลียร์แนวปฏิบัติ เงื่อนไข ประเด็นร้อนของวงการประกันในประเทศไทยที่ถูกกล่าวในเวลานี้คือ การบังคับใช้เงื่อนไขประกันสุขภาพให้ลูกค้าต้องมีส่วนร่วมจ่าย Copayment ที่เกิดกระแสการคัดค้านจากผู้เอาประกันสุขภาพ ซึ่งที่ผ่านมา ยังค่อนข้างมีความสับสนเกี่ยวกับเรื่องนี้ ล่าสุด ทางสมาคมประกันชีวิตไทย ได้แถลงชี้แจงแนวปฏิบัติเพื่อให้เกิดความเข้าใจมากขึ้น ร่วมจ่าย ดีเดย์เริ่มใช้ 20 มี.ค. นางนุสรา อัสสกุล บัญญัติปิยพจน์ ประธานเจ้าหน้าที่บริหารและกรรมการผู้จัดการ บมจ.ไทยสมุทรประกันชีวิต ในฐานะนายกสมาคมประกันชีวิตไทย กล่าวว่า Copayment จะใช้กับกรมธรรม์ประกันสุขภาพฉบับใหม่ที่ธุรกิจประกันชีวิตขายและเริ่มคุ้มครองตั้งแต่วันที่ 20 มี.ค. 2568 เป็นต้นไป จะไม่เกี่ยวข้องกับที่ทำไปก่อนหน้านี้แล้ว นุสรา อัสสกุล บัญญัติปิยพจน์ โดยเงื่อนไข Copayment จะไม่ได้เริ่มบังคับใช้ตั้งแต่ปีแรกที่ซื้อประกันสุขภาพ แต่จะเป็นกรณีการต่ออายุครบรอบปี หรือเริ่มมีผลกับการต่ออายุตั้งแต่ปี 2569 เป็นต้นไป และในกรณีที่เข้า 3 เงื่อนไข ดังนี้ เงื่อนไขที่ 1 การเคลมสำหรับโรคที่ไม่รุนแรง หรืออาการที่ไม่จำเป็นต้องนอนโรงพยาบาล การเจ็บป่วยเล็กน้อย Simple Diseases หรืออาการที่ไม่มีภาวะแทรกซ้อน ไม่จำเป็นต้องนอนโรงพยาบาล โดยเบิกเคลมโดยเข้ารักษาผู้ป่วยใน IPD มากกว่าหรือเท่ากับ 3 ครั้งต่อปีกรมธรรม์ และเรียกร้องค่าสินไหมทดแทนจาก IPD มากกว่าหรือเท่ากับ 200 ของเบี้ยประกันภัยสุขภาพ จะต้องร่วมจ่าย 30 ทุกค่ารักษาในปีถัดไป เงื่อนไขที่ 2 การเคลมสำหรับโรคทั่วไปแต่ไม่นับรวมการผ่าตัดใหญ่และโรคร้ายแรง โดยเบิกเคลมโดยเข้ารักษาผู้ป่วยใน IPD มากกว่าหรือเท่ากับ 3 ครั้งต่อปีกรมธรรม์ และเรียกร้องค่าสินไหมทดแทนจาก IPD มากกว่าหรือเท่ากับ 400 ของเบี้ยประกันสุขภาพ จะต้องร่วมจ่าย 30 ทุกค่ารักษาในปีถัดไป และเงื่อนไขที่ 3 หากเข้าเงื่อนไข ทั้งกรณีที่ 1 และกรณีที่ 2 จะต้องร่วมจ่าย 50 ทุกค่ารักษาในปีถัดไป แจ้งลูกค้าล่วงหน้า 15 วัน ทั้งนี้ เมื่อผู้เอาประกันเข้าเงื่อนไข Copayment ในปีต่ออายุถัดไปแล้ว ผู้เอาประกันจะต้องร่วมจ่าย 30 หรือ 50 ตามสัดส่วนที่กำหนดในค่ารักษาพยาบาล ซึ่งบริษัทประกันชีวิตจะต้องแจ้งให้ผู้เอาประกันทราบล่วงหน้าไม่ต่ำกว่า 15 วัน แต่หากการเคลมมีการปรับตัวลดลงและไม่เข้าเงื่อนไข Copayment บริษัทประกันชีวิตจะพิจารณายกเลิกการมีส่วนร่วมจ่ายของลูกค้า หรือกรมธรรม์ดังกล่าวจะกลับสู่สถานะปกติที่ได้รับความคุ้มครองตั้งแต่บาทแรกเช่นเดิมได้ในปีถัดไป จับตา 5 เคลมพุ่งเกินจำเป็น นางนุสรากล่าวว่า จากการเก็บรวบรวมสถิติคนที่มีการเคลมสูงเกินความจำเป็นทางการแพทย์นั้น พบว่ามีอยู่ไม่เกิน 5 ซึ่งไม่สามารถเปิดเผยตัวเลขอัตราความเสียหายจากเคลมสินไหมประกันสุขภาพ Loss Ratio ได้ แต่สถิติลอสเรโชเพิ่มขึ้นสูงต่อเนื่อง ดังนั้นคนที่เหลืออีกกว่า 90 จะไม่เข้าข่ายหรือได้รับผลกระทบตรงนี้ และจะได้ประโยชน์จากการที่บริษัทประกันชีวิตจะชะลอการขึ้นเบี้ยประกันสุขภาพทั้งพอร์ตให้ช้าลงได้ ส่วนการกำหนดสัดส่วน Copayment ที่สูง 30 ก็เพื่อกระตุ้นให้คนกลุ่ม 5 ที่ว่า เกิดการปรับเปลี่ยนพฤติกรรมในการเข้ารับการรักษาพยาบาลไม่ให้เกินกว่าความจำเป็นและเกินกว่ามาตรฐานทางการแพทย์ ซึ่งเรื่องนี้ได้ผ่านความเห็นของคณะทำงานหลายส่วน รวมทั้งพิจารณาประสบการณ์เคลมในอดีตที่ผ่านมาด้วย ย้ำว่าไม่มีผลกระทบกับผู้เอาประกันที่ยังมีความจำเป็นทางการแพทย์อยู่ เช่น คนที่เข้ารับการรักษาด้วยโรคร้ายแรงหรือผ่าตัดใหญ่ ซึ่งมีความจำเป็นและมีจำนวนวงเงินที่สูง จะไม่ได้นำเงื่อนไขตรงนั้นมาพิจารณา เราต้องการส่งเสริมการเคลมของผู้เอาประกันให้อยู่บนมาตรฐานทางการแพทย์อย่างเหมาะสม และทำให้ระบบประกันสุขภาพมีความยั่งยืนได้ เงินเฟ้อค่ารักษาพุ่ง 15 นางนุสรากล่าวว่า การขึ้นเบี้ยประกันสุขภาพของภาคธุรกิจประกันชีวิตยังมีอีกหลายปัจจัยที่เกี่ยวข้องอยู่ เช่น ช่วงอายุของคนที่เพิ่มขึ้น อัตราเงินเฟ้อทางการแพทย์ Medical Inflation ที่ปรับตัวสูงขึ้นมาก และสูงกว่าอัตราเงินเฟ้อผู้บริโภคทั่วไปอย่างมีนัยสำคัญ และปัจจุบันภาคธุรกิจยังไม่สามารถควบคุมได้ ซึ่งที่ผ่านมาได้มีการหารือเรื่องพวกนี้กับทางสมาคมโรงพยาบาลเอกชนไปแล้วเช่นกัน โดยในปี 2567 ที่ผ่านมาพบว่าประเทศไทยมีอัตราเงินเฟ้อค่ารักษาพยาบาลสูงถึง 15 ซึ่งสูงกว่าประเทศอื่นมาก และคาดการณ์ว่าปี 2568 อัตราเงินเฟ้อค่ารักษาพยาบาลจะยังอยู่ในระดับสูงที่ 14.3 เงื่อนไข Copayment ขอเน้นย้ำว่าไม่ใช่ประเทศไทยเพียงประเทศเดียวที่ดำเนินการเพื่อแก้ปัญหา แต่ประเทศในอาเซียนมีการทำ Copayment เต็มรูปแบบไปแล้ว เช่น สิงคโปร์ ใช้รูปแบบ Copayment ที่ไม่ใช่แค่เฉพาะประกันสุขภาพส่วนตัวของภาคเอกชนเท่านั้น แต่รวมทั้งสิทธิหลักประกันสุขภาพแห่งชาติด้วย โดยเขาเริ่มศึกษาตั้งแต่ปี 2016 เพราะเล็งเห็นถึงความไม่ยั่งยืนของการให้บริการทางการแพทย์ เนื่องจากมีประชากรที่มีอายุสูงเพิ่มขึ้นเยอะ และเกิดโรคอุบัติใหม่เพิ่มขึ้นมาก ทำให้รัฐบาลสิงคโปร์ต้องเข้ามาช่วยดูแล โดยจะให้ประชาชนต้องมีความรับผิดส่วนแรกที่กำหนดเป็นจำนวนเงินที่ชัดเจน หรือเรียกว่ารูปแบบ Deductible และหลังจากนั้นจะใช้เงื่อนไข Copayment ที่ 10 ส่วนที่เหลือรัฐบาลช่วยจ่าย นายกสมาคมประกันชีวิตไทย กล่าว อย่างไรก็ตาม นายกสมาคมประกันชีวิตไทย กล่าวว่า การแก้ปัญหาเรื่องนี้คงต้องมอนิเตอร์การใช้มาตรการดังกล่าวราว 2 3 ปี ว่าจะช่วยได้มากแค่ไหนส่วนตัวเชื่อว่าพอร์ตประกันสุขภาพกลุ่ม ก็คงจะใช้แนวทางนี้ในการจัดการปัญหาด้วย เพราะหลายบริษัทเจอปัญหาการบริหารค่าใช้จ่ายของบริษัทที่ให้สวัสดิการพนักงานเช่นเดียวกัน. อ่านข่าวต้นฉบับได้ที่,"บริษัทประกันชีวิตกำหนดเงื่อนไขการร่วมจ่าย (Copayment) 30 บาทต่อค่ารักษาพยาบาลในปีถัดไป หากผู้เอาประกันเคลมผู้ป่วยในมากกว่าหรือเท่ากับ 3 ครั้งต่อปี และมีมูลค่าค่าสินไหมไม่ต่ำกว่า 400 บาทต่อเบี้ยประกัน
หากเข้าเงื่อนไขทั้งกรณีที่ 1 และกรณีที่ 2 จะต้องร่วมจ่าย 50 บาทต่อค่ารักษาพยาบาลในปีถัดไป โดยบริษัทจะแจ้งล่วงหน้าไม่น้อยกว่า 15 วัน
เงื่อนไขดังกล่าวไม่กระทบกับผู้เอาประกันที่เข้ารับการรักษาด้วยโรคร้ายแรงหรือผ่าตัดใหญ่ ซึ่งยังคงได้รับความคุ้มครองตั้งแต่บาทแรก
บริษัทอ้างว่าการกำหนด Copayment มีจุดประสงค์เพื่อส่งเสริมการใช้บริการทางการแพทย์อย่างเหมาะสม และรักษาความยั่งยืนของระบบประกันสุขภาพ โดยอิงจากแนวโน้มเงินเฟ้อค่ารักษาพยาบาลที่สูงถึง 15% ในปีที่ผ่านมา",test,Hybrid,2025,53,4,13.25,0.6188910007476807,0.6187872886657715,0.3812127113342285
42073830,รถมีประกันมาชนรั้วเสียหาย ขอแนวทางการเขียนแจ้งความเสียหายค่ะ รถคนอื่นมีประกัน 2 หักหลบรถตัดหน้าเลี้ยวเข้าซอย แล้วเสียหลักมาชนรั้วและประตูเลื่อนที่บ้านเราเสียหาย หนักมาก มีบันทึกประจำวัน ว่ารถคันที่ชนผิด และได้รับใบแจ้งเคลมมาจากฝ่ายเคลมแล้วค่ะ แต่หลังจากสำรวจความเสียหายแล้ว พบว่ามีมากกว่าที่ จนท เคลมเขียนให้ เนื่องจากรั้วมีขนาดใหญ่ ทาง จนท ฝ่ายสินไหมที่ติดต่อไปทางไลน์ แจ้งว่าให้เอารั้วออกเพื่อได้ทำงานได้ตามปกติ เราได้ถามนะคะว่าเอาออกแล้ว ประตูปิดไม่ได้ ของหายใครจะรับผิดชอบ แต่จนท ไม่ตอบค่ะ ช่างที่มาเอารั้วออกแจ้งว่า ไม่สามารถปิดรั้วได้เนื่องจากไม่มีเสารับบานประตูเลื่อน เพราะรางขาด และประตูมีขนาดใหญ่มาก จึงต้องจ้าง บริษัท รปภ มาเฝ้า เพราะมีรถของลูกค้าจอดอยู่ จึงขอแนวทางการรวบรวมเอกสาร และการเขียน เรียกค่าชดเชย จากบริษัทประกัน จาก ท่าน สมช ด้วยค่ะ 1. ค่าซ่อมรั้วและประตูเลื่อนที่เสียหาย 2. ค่าขาดประโยชน์ในทรัพย์สิน เนื่องประตูที่เปิดไม่ได้ ทำให้ไม่สามารถประกอบกิจการได้ 3. ค่าจ้าง บ. รปภ ตามสัญญาจ้าง ฝ่ายสินไหมบอกให้ส่งแต่ใบประเมินราคาค่าซ่อม ส่วนข้อ 2 กับ 3 ต้องเขียนอย่างไรคะ ประกันให้เราทำหมดเลย รั้วมันอยู่เฉยๆรถมีประกันมาชน ขอบคุณล่วงหน้าสำหรับคำแนะนำค่ะ,"รถคันที่มีประกันชนรั้วและประตูเลื่อนบ้าน ทำให้เกิดความเสียหาย โดยมีบันทึกประจำวันยืนยันว่าเป็นความผิดของรถคันที่ชน
หลังการสำรวจพบว่าความเสียหายเกินกว่าที่เจ้าหน้าที่ประกันประเมินไว้ เนื่องจากรั้วและประตูมีขนาดใหญ่และโครงสร้างชำรุดรุนแรง
เจ้าหน้าที่ประกันแนะนำให้ถอดรั้วออกเพื่อประเมิน แต่ไม่ชัดเจนในเรื่องความรับผิดชอบหากประตูปิดไม่ได้และเกิดความเสียหายเพิ่มเติม
ผู้เสียหายต้องการแนวทางการรวบรวมเอกสารและเขียนคำเรียกร้องค่าชดเชยสำหรับค่าซ่อม ค่าขาดประโยชน์จากการประกอบกิจการ และค่าจ้างรปภ.",test,Hybrid,2023,29,4,7.25,0.4851261675357818,0.4727516174316406,0.5272483825683594
42383708,ประกันภัยเงินออม ของ FWD ที่ตัวแทนโกหก หลอกขายทางโทรศัพท์ สวัสดีครับ อยากมาแชรประสบการณ์ที่มีตัวแทนจาก scb protect ที่มาขายประกันของ FWD เริ่มแรกโทรมาชวนซื้อประกันเงินออม โดยให้เงินปันผล ปีละ4 และบอกว่าสามารถยกเลิกสัญญาได้ภายใน1ปี พอได้ยินแล้วคิดในใจว่ามิฉาชีพแน่ๆ เพราะปกติเคยทำประกันแบบเงินออมส่วนมากจะเป็นจ่ายระยะยาวประมาณ 10 ปีขึ้น เลยถาถามเขาไปว่าถ้าญาติพี่น้องสนใจซื้อสามารถซื้อได้ใหม เขาก็บอกว่าเราถูกคัดเลือกมาให้สามารถซื้อได้คนเดียว มีโควต้าจำกัดสิทธิให้จำกัดวันนั้ยเลยตอบเขาไปว่าขอไปศึกษาดูก่อน หลังจากผ่านไปประมาณ 1 อาทิตย์ก็โทรมาใหม่และพูดเหมือนเดิม ผมก็ถามย้ำว่าถ้าจ่าย 1 ปี ยกเลิกกรมธรรม์ได้จริงๆใช่ไหม พอผมถามย้ำหลายรอบเขาก็ห้ ผู้จัดการเขามาพูดฟังจากน้ำเสียง ผู้จัดการอายุน่าจะยังเด็กอยู่ ผมก็ถามเขาเหมือนเดิมว่าถ้าผมจ่าย1ปีแล้ว ยกเลิกจ่ายผมจะได้เงินคืนทุกบาททุกสตางค์ใหม เขาก็ตอบมาว่าต้องจ่าย2 ปีถึงจะยกเลิกแล้วได้เงินคืนทุกบา ตอนแรกตัวแทนบอกจาาย1ปี ผมก็ถามอีกว่าถ้าผมไปสอบถามประกันตัวนี้กับทาง scb หรือ fwd เขาจะมีข้อมูลของประกันใหม ผู้จัดการ ก็ตอบมาว่า เป็นประกันที่เป็นความลับ ข้อมูลจะไม่มีในระบบปกติ ถึงจุดนี้ผมเลยคิดว่าลองดูละกัน แต่ผมยังไม่ค่อยกล้าทำตัวออกมสูงๆ เลยออมไปงวดแรก 2700 บาท หลังจากจ่ายเงินไปพอตกเย็นก็โทรมาอธิบายเพิ่มเติมต่างๆนาๆ แต่ผมมาสะดุดตรงที่บอกว่า ต้องออม 10 ปี ถ้ายกเลิกข่วง 2 ปีจะเป็นการเวนคืน ผมก็สอบถามไปว่าเวนคืนได้กี่ จากเงินต้น เขาก็ตอบผมไม่ได้อีก ผมเลยคิดว่างั้นรอดูเล่มกรมธรรมก่อนละกัน และเมื่อเล่มส่งมาถึง ผมก็พบว่าถ้าจ่ายครบ 2 ปีเวนคืนได้ 11.85 ซึ่งมันทำให้ผมได้ตัดสินใจติดต่อยกเลิกในทันที สามารถยกดลิกได้ภายใน30วัน ทั้งโทรไปยกเลิก เรื่องก็ไม่คืบหน้า เลยลองโหลดแอพ omne มายกเลิก ระบบก็ไม่มีฟังชั่นยกเลิกให้ตามที่ fwd แนะนำ อาจะเป็นปัญหาแค่บางเคส ล่าสุดเลยโทรไปยกเลิกใหม่ เขาเลยให้ส่งบัตรประชาชน พร้อมเลขบัญชีไปในเมลล์ ซึ่งตอนนี้ยังรอดูอยู่ว่าจะได้เงินคืนเมื่อไร,"ตัวแทนจาก SCB Protect ติดต่อผ่านโทรศัพท์เพื่อเสนอขายกรมธรรม์ประกันเงินออมของ FWD โดยระบุว่าสามารถยกเลิกได้ภายใน 1 ปี และให้เงินปันผลรายปี 4%
ผู้ร้องเรียนสอบถามย้ำหลายครั้งเกี่ยวกับเงื่อนไขการยกเลิกและคืนเงิน แต่ได้รับคำตอบที่เปลี่ยนแปลงไปเรื่อย ๆ โดยเฉพาะในประเด็นที่ต้องจ่าย 2 ปีถึงจะได้รับเงินคืน และไม่สามารถตรวจสอบข้อมูลกรมธรรม์ได้จากช่องทางทางการของ SCB หรือ FWD
หลังจ่ายเบี้ยงวดแรกจำนวน 2,700 บาท ผู้ร้องเรียนพบว่าหากยกเลิกภายใน 2 ปี จะได้รับเงินคืนเพียง 11.85% ของเบี้ยจ่าย ซึ่งไม่สอดคล้องกับคำแนะนำเบื้องต้น
เมื่อพยายามยกเลิกกรมธรรม์ผ่านช่องทางต่าง ๆ ทั้งโทรศัพท์และแอพ Omne เรื่องกลับไม่คืบหน้า ส่งผลให้เกิดความไม่พอใจในกระบวนการบริการ",test,Hybrid,2023,28,4,7.0,0.4987938702106476,0.7899367809295654,0.2100632190704345
42217533,รีวิวผ่าตัดเนื้องอกมดลูก ถุงน้ำรังไข่ กับการใช้ประกันสุขภาพ รีวิวครั้งนี้เพราะอยากชื่นชมเทคโนโลยีในการรักษาในปัจจุบัน เราผ่าตัดแบบส่องกล้อง เนื้องอก 5 จุด ถุงน้ำ 1 จุด ชอกซีสท์อีก 1 จุด หลังผ่าตัด 1 วัน เราเดินได้ ดูแลตัวเองได้ มีแผลแค่ที่สะดือซึ่งบวมมาแค่นิดเดียว และขอบคุณที่มีประกันสุขภาพ ซึ่งที่เราใช้มี 2 ตัว คือประกันกลุ่ม Ayudhya Allianz ซึ่งเคลมเร็วแต่วงเงินน้อย ก็ตามที่บริษัททำให้ อีกตัวคือวิริยะ BDMS ซึ่งทั้ง 2 ประกัน ครอบคลุมการผ่าตัดครั้งนี้ได้ทั้งหมด เกริ่นที่มาของการผ่าตัดนะคะ เดือน เม.ย. 66 เราตรวจเจอเนื้องอกในมดลูก และถุงน้ำรังไข่ขนาดประมาณ 2 cm ที่ รพ. พญาไท 2 คุณหมอบอกว่าไม่อันตรายอะไร อีก 2 เดือน ค่อยตรวจดูอีกที และพอมา ก.ค. 66 เราเลยอยากตรวจอีกครั้ง และอยากเปลี่ยน รพ. เลยนัดตรวจที่ รพ. รามา ครั้งนี้หมอบอกว่าเนื้องอกขนาดเท่าเดิม แต่ถุงน้ำมันดันเป็นช็อกโกแลตซีสท์และมันก็โตเพิ่มขึ้นเป็น 4 cm คุณหมอเลยแนะนำให้เราผ่าออก ซึ่งเราจะผ่าที่ไหนก็ได้แล้วแต่เรา 23 ส.ค. 66 เราเลยนัดตรวจกับคุณหมอที่ รพ. พญาไท 2 คุณหมอแนะนำให้ผ่าตัดส่องกล้องแบบแผลเดียว ที่คุณหมออัลตร้าซาวด์ดูคือเรามีเนื้องงอก ถุงน้ำ และชอกซีสท์ อย่างละ 1 จุด ซึ่งก่อนผ่า ทาง รพ. เค้าจะถามเราว่าจะใช้ประกันตัวไหนบ้าง เราก็ยื่นไป 2 ใบ คือ ประกันกลุ่มของบริษัท และประกันส่วนตัวที่ทำกับวิริยะ BDMS ขั้นตอนนี้จะใช้เวลาประมาณ 5 7 วันทำการค่ะ ทาง รพ. เค้าจะยื่นเอกสารให้ทั้ง 2 ประกันของเราเพื่อทำการตรวจสอบสิทธิ์ว่าคุ้มครองด้วย คชจ. เท่าไหร่ เมื่อผลของทั้ง 2 ประกันออกมาแล้วทาง รพ. เค้าจะโทรแจ้งเรา ซึ่งผลที่เราได้คือครอบคลุม คชจ. การผ่าตัดครั้งนี้ค่ะ พอรู้ผลปุ๊บพยาบาลก็แจ้งวันนัดผ่าตัดให้เราเป็นวันที่ 2 ก.ย. 66 ก่อนวันผ่าตัด พยาบาลโทรมาแจ้งว่าเราได้นัดผ่าวันที่ 2 ก.ย. 66 เวลา 1 ทุ่ม ให้งดอาหารตั้งแต่ 11 โมงเช้า และให้เราไปถึง รพ. ประมาณ 10 โมง เพราะต้องมีการตรวจสุขภาพก่อนผ่าตัด ก็จะมีการตรวจความสมบูรณ์ของเลือด ตรวจ HIV ตรวจคลื่นไฟฟ้าหัวใจ และ x ray ปอด และช่วงเที่ยงเค้าจะให้เราอมยาใต้ลิ้นเป็นยาที่ช่วยให้ปากมดลูกนิ่มเพื่อให้ง่ายต่อการใส่อุปกรณ์ ยาตัวนี้จะทำให้เราปวดหน่วงเหมือนตอนมีประจำเดือน และมีอาการหนาวเล็กน้อย มีอาการประมาณ 30 นาทีก็ดีขึ้นค่ะ พอเราตรวจสุขภาพเรียบร้อยก็ไปรออยู่ในห้องที่เรา Admit รอเวลาผ่าตัด ก่อนผ่าตัดเค้าจะให้เราอาบน้ำด้วยน้ำยาที่ผสมน้ำยาฆ่าเชื้อและเปลี่ยนชุด เกือบ 1 ทุ่ม เจ้าหน้าที่จะมารับเราที่ห้องเพื่อไปห้องผ่าตัด พอถึงห้องผ่าตัดเค้าจะเตรียมให้น้ำเกลือและยาสลบ จะมีวิสัญญีแพทย์มาใส่ออกซิเจนให้เรา สักพักคุณหมอมาคุยกับเราว่าจะทำอะไรบ้างเพื่อ confirm ก่อนผ่า หลังจากนั้นวิสัญญีก็จะบอกเราว่าเตรียมหลับนะ แล้วก็ฉีดยาเลย ไม่ถึง 3 วิ เราก็ไม่รู้เรื่องแล้ว กลับมาถึงห้องน่าจะประมาณเที่ยงคืน แฟนเราบอก ซึ่งเราได้ยินเสียงคนคุยกัน แต่ลืมตาไม่ขึ้น แถมยังอยากไอแต่ว่าไอเยอะไม่ได้เพราะเจ็บแผล แล้วเราก็สลบยาวถึงเช้า แต่แฟนเราบอกว่าพยาบาลเข้ามาทุก ชม. เลยนะ เข้ามาบ่อยจนต้องเปิดไฟทิ้งไว้เลย พอเช้าเราก็ยังง ๆ อยู่ คือมันปวดไหล่ ปวดตึงแผล ท้องก็บวม ๆ เราก็ไม่กล้าขยับตัวเพราะมันเจ็บ จุก หายใจไม่ทั่วท้อง สักพักพยาบาลก็เข้ามาเช็ดตัวเปลี่ยนชุด เค้าบอกว่าให้ตะแคงตัวบ้างเพื่อให้แก๊สในตัวมันระบายออก เค้าก็จะถามเราว่ามีเรอมีผายลมบ้างมั้ย เพราะตอนผ่าคุณหมอเค้าจะอัดแก๊สคาร์บอนไดออกไซด์เข้าไปเพื่อช่วยให้การผ่าตัดง่ายขึ้น ทำให้ยังมีแก๊สค้างอยู่ในตัวบ้างทำให้เราปวดไหล่ ซึ่งจะค่อย ๆ หายไปภายใน 48 ชม. ถ้าเราขบับตัวบ่อย ๆ ก็จะช่วยได้เยอะ เราก็เลยฝืนขยับตัว คือมันมีสายฉี่คาอยู่เราก็ไม่ค่อยถนัดด้วย เราได้กินมื้อแรกตอน 11 โมงเช้า เป็นน้ำข้าว น้ำซุป และมื้อเที่ยงเป็นข้าวต้ม คือต้องกินอาหารอ่อนไปก่อน พอเย็น ๆ คุณหมอก็มาดูอาการ แล้วบอกว่าให้หายใจออกยาว ๆ โดยทำปากเหมือนเป่าลมออกจะช่วยให้แก๊สระบายออกได้เร็ว คุณหมอบอกว่าพอส่องกล้องเข้าไปดูแล้วมันเจอเยอะกว่าที่เราอัลตร้าซาวน์ตอนแรก สรุปว่าที่หมอผ่าออกก็จะมีเนื้องอก 5 จุด ถุงน้ำ 1 จุด ชอกซีสท์อีก 1 จุด เสร็จแล้วคุณหมอก็ทำแผลให้ ล้างแผลใส่เบตาดีน แล้วก็ทากาวเคลือบไว้ โดยไม่ต้องปิดพลาสเตอร์ แต่เราขอปิดเพราะไม่อยากเห็นแผล แต่จิง ๆ ก็ไม่ได้มีแผลอะไรนะ เป็นสะดือที่บวม ๆ ขึ้นมานิดเดียว คุณหมอให้ถอดสายน้ำเกลือและสายฉี่ได้ เพราะไม่งั้นตัวจะบวมเกินไป ไม่ดีกับการผ่าตัดแบบนี้ เราได้ถอดสายน้ำเกลือและสายฉี่ประมาณเกือบ 1 ทุ่ม คุณหมอบอกว่าเดี๋ยวจะฉีดยาอีกตัว เราจำชื่อยาไม่ได้ จะช่วยรักษาซีสท์ที่อยู่ในระดับเซลล์ เพราะถึงคุณหมอจะเอาซีสท์ออกไปแล้วแต่ก็จะมีหลงเหลืออยู่ในระดับเซลล์ ผลข้างเคียงของยาตัวนี้จะทำให้เรามีอาการวัยทองประมาณ 3 เดือน และทำให้ ปจด. ไม่มา 3 เดือนด้วย พอถอดสายน้ำเกลือและสายฉี่แล้ว เราก็ว่าจะไปอาบน้ำซะหน่อย พอลุกได้ก็เริ่มเซ แต่ก็ค่อย ๆ เดินก็ดีหน่อย แล้วก็มีเลือดไหลออกมาทางช่องคลอด เราก็ตกใจเพราะยังไม่ถึงรอบ คุณพยาบาลบอกว่าเป็นเลือดที่มาจากการผ่าตัด ไม่ต้องตกใจ เดี๋ยวมันก็จะหายไป พออาบน้ำเสร็จเราเดินไม่หยุดเลย นอนนานแล้วมันปวดตัว ก็เดินไปเดินมาจนง่วงถึงค่อยนอน ตื่นเช้ามาคุณพยาบาลก็เข้ามาบอกว่าคุณหมอให้กลับบ้านได้ เดี๋ยวทำเรื่องเช็คเอาท์นะคะ เราก็ ok ค่ะ อยากกลับบ้านแล้วจ้าา ระหว่างรอเคลียร์ประกัน คุณหมอก็เข้ามาคุยกับเรา นัดอีก 1 สัปดาห์ เพื่อดูแผลและฟังผลชิ้นเนื้อ สำหรับ คชจ. ทั้งหมดในการผ่าตัดส่องกล้องแบบแผลเดียว ครั้งนี้ประมาณ 352 xx บาท ซึ่งประกันสุขภาพทั้ง 2 ตัวที่เราใช้สามารถครอบคลุมเกือบทั้งหมด ยกเว้น ค่าเตียงเสริมและน้ำยาบ้วนปาก ซึ่งเราออกเองประมาณ 700 บาท เราเคยรีวิวความช้าในการเคลมของวิริยะ BDMS ตัวนี้ไปค่ะ แต่ก็ต้องใช้เพราะก็ทำประกันตัวนี้ไปแล้ว ซึ่งก็ดีนะคะเค้าครอบคลุมค่าใช้จ่ายในการผ่าตัดครั้งนี้ได้ทั้งหมด ครั้งก่อนที่ช้าน่าจะเพราะเป็นการเคลมครั้งแรกประกอบกับเราเจอว่าเป็นเนื้องอกในมดลูกด้วย ทางวิริยะเค้าเลยต้องตรวจสอบประวัติทั้งหมดก่อนว่าเรามีโรคนี้ก่อนทำประกันหรือไม่ ทำให้มีความช้ามากเกิดขึ้น ยังไงแล้วถ้าใครรอไหวกับการเคลมครั้งแรก วิริยะตัวนี้ถือว่าเป็นประกันที่เราแนะนำอีกตัวนะคะ ค่าเบี้ยไม่แพงแต่คุ้มครองค่อนข้าง ok ค่ะ วิริยะประกันสุขภาพ BDMS เราทำตัวที่วงเงินคุ้มครองแบบเหมาจ่ายปีละ 7 แสนบาทนะคะ ได้ค่าห้อง 800 บาท ค่าเบี้ยประมาณ 1300 บาทต่อปีค่ะ การผ่าตัดครั้งนี้ทำให้เรารู้ว่าการมีประกันสุขภาพที่ครอบคลุมการรักษาที่ดี ทำให้เวลาเราป่วยสามารถรักษาได้โดยไม่ต้องรอคิวนาน เลือก รพ. และวิธีรักษาได้ หากใครอยากทำประกันสุขภาพควรทำตั้งแต่ตอนสุขภาพดีนะคะ บางคนบอกว่าจ่ายทิ้งไปทุกปี เสียดายตัง เก็บตังค่าเบี้ยไว้จ่ายตอนที่เราป่วยยังคุ้มกว่า ถ้าคุณไม่ป่วยเลยถือว่าคุ้มนะ แต่ถ้าบังเอิญเจอว่าคุณป่วยด้วยโรคร้ายแรงหรือโรคที่รอไม่ได้และต้องรักษาทันทีหละ ถ้าคุณมีเงินก้อนในการรักษาก็โชคดีไป หรือไม่คุณอาจจะใช้สิทธิประกันสังคมหรือประกันสุขภาพพื้นฐานก็ได้ค่ะ แต่คุณต้องรอคิว อีกอย่างเงินที่คุณบอกว่าจะเก็บไว้เองแทนการซื้อประกันอาจจะไม่พอก็ได้ ถ้าถามว่าควรทำประกันตัวไหนดี มันอยู่ที่ว่าอะไรเหมาะกับเรามากกว่า คุณสามารถเลือกได้ตามที่คุณสะดวกเลยค่ะ มีหลายยี่ห้อหลายแบบที่เหมาะกับความต้องการของแต่ละคน ลองหาดูในเว็บไซด์ของแต่ละประกันได้เลยค่ะ เดี๋ยวนี้ประกันจะมีเป็นแบบเหมาจ่ายด้วยวงเงินเท่านี้ต่อปี ตัดรอบปีตามกรมธรรม์ของแต่ละคนนะคะ ถ้าให้แนะนำทำตัวที่เหมาจ่ายปีละ 10 ล้านขึ้นไปค่ะ มีแล้วสบายใจ อายุเยอะขึ้นโรคตามอายุก็มีตามมา ค่ารักษาพยาบาลก็แพงขึ้นทุกปีเช่นกัน เพราะบาง รพ. เค้าจะขอเงินมัดจำก่อน อย่างรอบนี้ของเรา ทาง รพ. เค้าขอให้เรามัดจำ 3000 บาท ซึ่งเราก็ถามว่าต้องมัดจำใช่มั้ยคะเพราะที่ผ่านมาไม่เคยขอมัดจำจากเราเลย เจ้าหน้าที่เลยกลับไปเช็คข้อมูลอีกรอบและกลับมาบอกว่าไม่ต้องมัดจำก็ได้ค่ะ เราเดานะว่าน่าจะดูจากวงเงินประกันของเราว่า cover ค่าใช้จ่ายได้ทั้งหมดรึป่าว อย่างแม่แฟนเราเคยผ่าตัดส่องกล้องนิ่วในถุงน้ำดี มันจำเป็นต้องผ่าออกค่ะเพราะแม่ปวดท้องมาก แต่ รพ.แจ้งว่าต้องวางเงินมัดจำก่อน 1 แสนบาท คือวงเงินบัตรประกันของแม่ไม่พอและตอนออกจาก รพ. แม่ต้องจ่ายเพิ่มเองอีกประมาณ 6500 บาท เพราะแม่ทำประกันที่วงเงินน้อย แล้วพออายุเยอะประกันส่วนใหญ่เค้าก็ไม่ให้ทำแล้ว รอบนี้แม่ก็จ่ายเองเยอะนะเจ็บตัวแถมเงินในกระเป๋าหายไปเยอะเช่นกัน ถ้าให้เราแนะนำและถ้าจ่ายไหวก็หาประกันตัวที่วงเงินค่อนข้างสูงค่ะ ถ้าเราป่วยหนักจำเป็นต้องรักษาด่วน มันรอไม่ได้ค่ะ ถ้าไม่มีประกัน เงินก็ต้องหา ทรมานกับการเจ็บป่วยไปด้วยอีก การไม่มีโรคเป็นลาภอันประเสริฐจริงๆ ค่ะ แต่ถ้ามันเลี่ยงไม่ได้ การมีประกันสุขภาพที่ดี วงเงินครอบคลุมกับยุคสมัยปัจจุบันเผื่อไปถึงอนาคตด้วยก็ดีค่ะ จะช่วยแบ่งเบาภาระค่าใช้จ่ายส่วนนี้ไปได้เยอะเลย ขอบคุณที่อ่านจนถึงสุดท้ายนะคะ,"ผู้ร้องเรียนได้รับการวินิจฉัยพบเนื้องอกในมดลูกและถุงน้ำรังไข่ชนิดช็อกโกแลตซีสท์ ซึ่งแพทย์แนะนำให้ผ่าตัดส่องกล้องแบบแผลเดียว
การผ่าตัดดำเนินการที่โรงพยาบาลพญาไท 2 โดยใช้บริการประกันสุขภาพทั้งสองตัว ได้แก่ ประกันกลุ่มบริษัทและประกันวิริยะ BDMS ที่ครอบคลุมค่าใช้จ่ายเกือบทั้งหมด
มีความช้าในการเคลมจากวิริยะ BDMS ในครั้งแรก เนื่องจากต้องตรวจสอบประวัติโรคก่อนทำประกัน แต่ผลลัพธ์สุดท้ายยังครอบคลุมค่าผ่าตัดได้
ผู้ร้องเรียนเห็นว่าประกันวิริยะ BDMS มีวงเงินคุ้มครองดีและค่าเบี้ยไม่สูง แม้มีข้อจำกัดบางประการ แต่ถือเป็นทางเลือกที่น่าพึงพอใจสำหรับการดูแลสุขภาพระยะยาว",test,Hybrid,2023,141,4,35.25,0.4464139342308044,0.5305943489074707,0.4694056510925293
42918966,ทิพยประกันภัย ไม่ให้ต่ออายุ แถมหลอกลวงให้เปลี่ยนแบบประกันครั้งที่ 2 อ้างถึงกระทู้นี้ก่อน ทิพยประกันภัย ไม่ให้ต่ออายุประกันสุขภาพ แถมหลอกให้ทำอันใหม่ มาวันนี้เอาอีกแล้ว จนท.ทิพยประกันภัยฝ่ายประสานงานลูกค้าธนาคารกรุงไทย โทรมาแจ้งว่า ใบต่ออายุใหม่ออกแล้ว ปรับลดเบี้ยเหลือ 9 พันกว่าบาท จะส่งให้ทางอีเมล์ แล้วก็ส่งใบนี้มาให้ 1. แสดงว่าคุณก็ติดตามกระทู้ใน pantip อยู่ ถึงรีบออกอันใหม่มา แล้วรีบเขียนมาเลยว่า ยกเลิกหนังสืออันเดิม เพราะมันคงฝ่าฝืนมาตรฐานการประกันสุขภาพแบบใหม่ของ คปภ. มากเกินไป 2. คราวนี้ทิพยประกันภัย จงใจ ทำเนียนกว่าเดิม โดยการออกชื่อแผนประกันใหม่ กรุงไทยสุขภาพสุขใจ แผน 2 Copayment สังเกตว่าชื่อจะคล้ายๆแผนเดิมคือ กรุงไทย สุขภาพสุขใจ แผน2 3. เที่ยวนี้มาเสนอความคุ้มครองเดิม แต่ขอให้ร่วมจ่าย 50 โดยลดค่าเบี้ยให้ 50 ซึ่งการปรับเป็น Copayment ก็อยู่ในเงื่อนไขมาตรฐานการประกันสุขภาพแบบใหม่ของ คปภ. แต่ติดนิดนึงตรงที่ว่า คุณจะมาปรับเป็น Copayment คุณต้องแสดงเงื่อนไขตั้งแต่วันแรกที่ทำประกัน แต่แผนประกัน กรุงไทย สุขภาพสุขใจ แผน2 ของคุณมันไม่มีเงื่อนไข Copayment มาตั้งแต่แรกแล้ว คุณจะมาปรับได้เหรอ แน่นอนว่าปรับไม่ได้ครับ เลยเนียนๆ หลอกว่าให้ทำแผน กรุงไทยสุขภาพสุขใจ แผน 2 Copayment แทน ซึ่งมันคนละแผนกับ กรุงไทย สุขภาพสุขใจ แผน2 อันเดิมที่ต้องต่ออายุ แล้วที่สำคัญคือคุณทำไม่เนียนครับ ใบต่ออายุประกันของบริษัททิพยประกันภัย สำหรับแผนประกัน กรุงไทย สุขภาพสุขใจ แผน2 ของคุณมันต้องหน้าตาแบบนี้ครับ พร้อมเอาไปจ่ายเงินได้เลย ไม่ใช่ออกหนังสือมาหลอกให้ลูกค้าไปทำประกันอันใหม่แบบอันข้างบน อันข้างบนยังไม่กล้ามีลายเซ็นเลยครับ ถ้าคิดว่าคุณทำถูกกฎหมาย ทำไม่มีคนเซ็นหนังสือ เหมือนหนังสือที่ออกปกติทั่วไป อันนี้มาลอยๆเลยไม่มีคนเซ็น ถ้าคนทั่วไปก็คงไม่รู้ว่าโดนหลอกให้เปลี่ยนแบบประกันไปเนียนๆครับ แต่บังเอิญผมมีความรู้ครับหลอกกันไม่ได้ ชื่อแผนประกัน เป็นชื่อเฉพาะ ที่ต้องขออนุญาต คปภ.ก่อนออกขายครับ ชื่อแผนเขียนอักษรต่างกันไปแค่ตัวเดียว มันก็คือคนละแผนประกันแล้วครับ อันนี้คุณจะหลอกให้ผมทำประกันแผน กรุงไทยสุขภาพสุขใจ แผน 2 Copayment แทนที่จะให้ผมต่ออายุแผน กรุงไทย สุขภาพสุขใจ แผน2 ตามสิทธิ ระหว่างนี้ก็ร้องเรียน คปภ.ไปแล้วครับ เลขรับเรื่อง คคส. 3749 2567 มารอดูกันครับว่า ที่ คปภ. โฆษณาไว้จะ ศักดิ์สิทธิ์จริงไหม,"บริษัทประกันเสนอแผนใหม่ที่มีชื่อคล้ายกับแผนเดิมแต่เปลี่ยนเงื่อนไขเป็นระบบ Copayment โดยไม่แจ้งให้ทราบตั้งแต่แรก
แผนประกันดังกล่าวไม่มีเงื่อนไข Copayment ตั้งแต่เริ่มทำ จึงไม่สามารถปรับเปลี่ยนได้ภายหลังตามหลักเกณฑ์
เอกสารที่ส่งมาเพื่อต่ออายุประกันขาดลายเซ็นและดูคลาดเคลื่อนจากหนังสือฉบับปกติ ทำให้เกิดความสงสัยในความถูกต้อง
ผู้ร้องเรียนระบุว่าชื่อแผนประกันเป็นทรัพย์สินเฉพาะที่ต้องขออนุญาตก่อนออกขาย และการเปลี่ยนแปลงชื่อแม้เพียงเล็กน้อยถือว่าเป็นแผนใหม่ที่แตกต่างกัน",test,Hybrid,2024,40,4,10.0,0.5003564953804016,0.5937727689743042,0.4062272310256958
42928949,ยกเลิกประกัน Chubb ชับบ์ สามัคคี ยากมาก ร้องเรียนเจ้าหน้าที่ฝ่ายขายด้วยค่ะ ใครยกเลิกประกันของ Chubb แล้วยังไม่มีเจ้าหน้าที่ติดต่อมาภายใน 1 เดือนไหมคะ เรื่องคือเจ้าหน้าที่ฝ่ายขายโทรมาขายประกันให้เราในช่วงวันที่ 25 มิ.ย.67 ซึ่งโทรมาถี่มากๆ เราไม่ได้ตกลงทำประกันแต่เจ้าหน้าที่กลับสมัครให้เรามาเพิ่ม 2 ตัว แบบนี้ทำได้หรอคะ บัตรของเราพูกกับกรุงศรี first choice ทำให้เดือนนั้นยอดเรียกเก็บมันเยอะกว่าเดิมมากๆ วันที่ 24 ก.ค. 67 เราได้ติดต่อไปที่ Chubb ทันทีแต่ติดต่อยากมาก จนเราต้องโทรติดต่อไปทางกรุงศรีว่าเราขอไม่จ่ายในส่วนที่เราไม่ได้สมัครประกัน จากนั้นทางเจ้าหน้าที่กรุงศรีก็ผ่านสายให้ทาง Chubb พอได้คุยกับทาง Chubb ก็แจ้งมาว่าถ้าจะทำการยกเลิกต้องรอประมาณ 3 5 วัน เพราะต้องรอไฟล์เสียง แต่ก็ไม่มีเจ้าหน้าที่ติดต่อมา เราจึงลองติดต่อไปที่แอดมินผ่าน line ของ Chubb ก่อนหน้านี้เราได้ส่ง email ในเรื่องของการยกเลิกประกัน ต้องการขอยกเลิกการทำประกันกรมธรรม์ทั้งหมดกับ ชับบ์สามัคคี เนื่องจากก่อนหน้านี้ได้มีฝ่ายขายพยายามติดต่อมาให้ทำประกัน เราได้ทำประกันสำหรับอุบัติเหตุและสุขภาพ แบบพิเศษสำหรับลูกค้า first choice ซึ่งไม่มีปัญหาอะไร จนกระทั่งช่วงเดือนมิ.ย ถึง ก.ค มีเจ้าหน้าที่พยายามขายประกันโทรมาสอบถามและเสนอขายทั้งๆ ที่เราไม่ได้ตกลงซื้อ พอเห็นใบแจ้งยอดพบว่าได้มีค่าประกันเพิ่มมา เราไม่ได้สมัครแต่เจ้าหน้าที่สมัครมาให้ เราขอร้องเรียนในส่วนนี้ด้วยนะคะ รบกวนติดต่อกลับเพื่อทำการยกเลิกประกันทุกตัวที่เราได้ทำกับชับบ์ สามัคคีด้วยนะคะ และเราขอไม่จ่ายในส่วนใดทั้งสิ้น เพราะไม่ใช่ความผิดเรา ทางเจ้าหน้าที่รับทราบและจะดำเนินการให้ จนถึงวันนี้วันที่ 27 ส.ค ผ่านมาจะเป็นเดือน ไม่มีเจ้าหน้าที่จาก Chubb ติดต่อมาเลยค่ะ แล้วใบเรียกเก็บก็ยังคงมีประกันตัวที่เราไม่ได้สมัครไว้พร้อมกับค่าใช้จ่ายจ่ายในการติดตามทวงนี้ เราอยากรู้ว่าทำไมเราต้องมาจ่ายในส่วนที่เราไม่ได้เป็นคนสมัคร เรายินดีรับสายทุกครั้งเวลามีเจ้าหน้าที่ประกันติดต่อมาเพราะเชื่อใจ Chubb แต่คุณก็ควรดูความเหมาะสมด้วย แต่ละครั้งพูดนานมากๆ เราก็ยอมฟัง แต่ถ้าเป็นแบบนี้ทำให้เราไม่อยากทำประกันกับ chubb ไม่ว่าตอนนี้หรืออนาคตค่ะ ควรปรับปรุงนะคะ แล้วฝ่ายขายไม่ควรสมัครประกันเองถ้าลูกค้าไม่ได้ตกลงนะคะ,"เจ้าหน้าที่ฝ่ายขายของ Chubb ได้สมัครประกันให้ผู้ร้องโดยไม่ได้รับความยินยอมอย่างชัดเจน
ผู้ร้องได้ยกเลิกการใช้บริการและติดต่อขอขอยกเลิกกรมธรรม์ทั้งหมดตั้งแต่วันที่ 24 กรกฎาคม 67
แม้จะได้รับคำยืนยันว่าต้องรอตรวจสอบไฟล์เสียงประมาณ 3–5 วัน แต่ไม่มีเจ้าหน้าที่ติดต่อกลับมา
ผู้ร้องจึงได้ดำเนินการแจ้งยกเลิกผ่านช่องทางอื่นเพื่อป้องกันค่าใช้จ่ายที่ไม่จำเป็น",test,Hybrid,2024,33,4,8.25,0.4930395185947418,0.5013837019602457,0.4986162980397542
43128150,บ.ประกันชีวิต ถ้าล่มมีกองทุน คปภ แต่คุ้มครองอย่างไร ส่วนมากแก้ปัญหาด้วยขายกิจการใช่ไหม มั่นคงกว่าวินาศภัยใช่ไหมคะ ในที่นี้ หมายถึง เฉพาะ ประกันชีวิต ไม่ใช่ ประกันวินาศภัย นะคะ คือ เคยได้ยินมาว่า บริษัทประกันชีวิตจะมั่นคงกว่า บริษัทประกันวินาศภัย ใช่ไหมคะ เคยได้ยิน แต่ว่า ไม่แน่ใจรายละเอียดค่ะ ถ้าบริษัทประกันชีวิตล่ม กองทุน คปภ จะเข้ามาดูแลอย่างไร การันตีได้รับความคุ้มครองไหมคะ เคยได้ยินว่า คุ้มครองการเคลมค่าสินไหม อ่ะค่ะ ในเคสที่มีการเคลม นะคะ แต่สงสัยว่า ถ้าเป็นเรื่อง การคืนเงินเมื่อครบสัญญา เช่น สะสมทรัพย์ 10 5 กองทุนของ คปภ จะคุ้มครองไหมคะ ถ้าไม่คุ้มครองนี่เซ็งเลย กลุ้มใจ เพิ่งได้ข่าว คปภ สั่ง KWI หยุดรับลูกค้าใหม่ชั่วคราว เคยสั่งให้เพิ่มทุนแค่ 35 ล้านบาทเอง แต่ทำไม่ทัน ทำไมดูทรงมาดี เหมือนจะเป็นกลุ่มทุนต่างชาติ ไม่รู้บริษัทอินเตอร์แค่ไหน ซื้อประกัน Manulife มา เทคโอเวอร์ ทำไมเป็นข่าวแบบนี้ คือ ความคาดหวังของประกัน มันคือ คุ้มครองความเสี่ยง ตัวมันเองไม่ควรจะเสี่ยงนะคะ ปกติ เวลามีปัญหา นี่เค้า ขายกิจการ เอาพอร์ตรวมของ ลูกค้า กรมธรรม์เดิม ไปให้บริษัทอื่นดูแล ได้ใช่ไหมคะ แล้วมันจะมีบริษัทอื่น อยากซื้อลูกค้าไป ใช่ไหมคะ เรายังจ่าย 10 5 ไม่ครบเลยอ่ะค่ะ จ่ายมา 4 ปี แล้ว วงเงินเอาประกัน แสนเดียว ต่อปี แต่ว่าสัญญา 5 ปี อย่างนี้ คปภ คุ้มครองไหมคะ คุ้มครองอย่างไรคะ ควรจ่ายต่อใช่ไหมคะ แล้วรอ 10 ปีได้เงินคืน แล้ว คปภ จะคุ้มครองการได้คืนไหมคะ กลุ้มเลยค่ะ แต่ไม่อยากตีตนไปก่อนไข้ ถ้าไม่คุ้มครองโดยกองทุน คปภ นี่เซ็งเลยค่ะ,"บริษัทประกันชีวิตถือว่ามีความมั่นคงมากกว่าประกันวินาศภัย และมีความคาดหวังว่ากองทุนคุ้มครองผู้เอาประกันภัย (คปภ.) จะคุ้มครองการเคลมและอาจรวมถึงการคืนเงินเมื่อครบสัญญา
ผู้ร้องเรียนกังวลว่าหากบริษัทประกันชีวิตล้มละลาย คปภ. จะไม่คุ้มครองการชำระเงินคืนตามสัญญาสะสมทรัพย์ แม้จะยังไม่ครบกำหนด
มีข่าวว่าบริษัท KWI ถูกสั่งหยุดรับลูกค้าใหม่ชั่วคราว และเคยได้รับคำสั่งเพิ่มทุนแต่ไม่สามารถดำเนินการได้ทัน
ผู้ร้องเรียนจึงต้องการความชัดเจนจาก คปภ. เกี่ยวกับขอบเขตความคุ้มครอง โดยเฉพาะกรณีที่ยังไม่ครบสัญญาและยังต้องจ่ายเบี้ยต่อไป",test,Hybrid,2024,30,4,7.5,0.4419417977333069,0.6977319717407227,0.3022680282592773
43685408,ขอยกเลิกประกัน Chubb แต่เจ้าหน้าที่ไม่ทำเรื่องให้ เราซื้อประกันรถยนต์ผ่านทาง Shopee โดยทำเป็นผ่อน 5 เดือน กรมธรรม์มีผล 14 ก.ค.2568 แต่เมื่อเราได้รับกรมธรรม์ ในเงื่อนไขมีค่าเสียหายส่วนแรก โดยในตอนที่ซื้อ ไม่มีระบุค่าเสียหายส่วนแรกในขั้นตอนเสนอราคา เราจึงติดต่อไปที่ Chubb เพื่อทำเรื่องยกเลิก call center แจ้งว่า สามารถส่งเอกสารระบุเลขกรมธรรม์และระบุวันที่ต้องการให้มีผลยกเลิกได้เลย และจะมีผลทันทีตามวันที่เราระบุ และจะคืนเงินให้ในช่องทางที่เราเลือกชำระ แต่บอกเราว่าจะคืนให้เฉลี่ยตามวันที่เราใช้ประกันจริง แต่ไม่ได้แจ้งว่าจะต้องมีเจ้าหน้าที่ติดต่อกลับมาแจ้งว่าจะได้เงินคืนเท่าไหร่ แต่เราเข้าใจว่าในเมื่อเราทำทุกอย่างตามขั้นตอนแล้วคือเรื่องเสร็จสมบูรณ์ได้รับ อีเมล์ตอบกลับจาก CustomerService.TH Chubb.com แล้ว ณ เวลานั้นเรายังไม่ได้จ่าย Shopee เพราะ รอบบิลครบกำหนดวันที่ 10 เดือนถัดไป แปลว่า Chubb มีเวลาทำเรื่องให้เรา 20 วัน 8 ส.ค.68 เราเห็นยอดเรียกเก็บ Shopee ยังมีรายการนี้ จึงติดต่อไปสอบถามทาง Shopee ได้รับข้อมูลมาอีกว่าถ้าเรายกเลิกภายใน 15 วัน เราจะต้องได้รับเงินคืนเต็มจำนวน แต่ต้องให้ Chubb ทำเรื่องยกเลิกให้ก่อนถ้าเขาไม่ทำเรื่องให้เราก็ต้องจ่ายเงินตามที่ Shopee เรียกเก็บ ถ้าไม่อยากผิดนัดชำระ เราเลยโทรไปติดต่อ Chubb และสอบถาม call center ว่าต้องได้เงินคืนเต็มจำนวนด้วยใช้มั้ยเรายกเลิกก่อน 15 วัน ก็ได้รับคำตอบว่า บอกไม่ได้ ต้องรอเจ้าหน้าที่ติดต่อกลับมาแจ้ง แปลว่าถ้าเขาไม่ติดต่อมาก็คือการขอยกเลิกยังไม่ถูกดำเนินการ เราถามว่าแล้วมันต้องใช้กี่วันในการดำเนินการยกเลิก ก็ไม่ตอบอีก บอกแต่ว่าจะประสานงานให้เร่งด่วน ให้ติดต่อกลับภายในวันนี้ แต่ก็ไม่ติดต่อมา ระหว่างนั้นเราก็มีการส่งอีเมล์ติดตามเป็นระยะ 10 ส.ค.68 เราต้องจ่ายค่าประกันงวดแรกตามเวลา เพราะติดวันหยุด ติดต่อ Chubb ไม่ได้ และรายการเรียกเก็บยังคงอยู่ 14 ก.ค.68 โทรติดต่อกลับไปติดตามเรื่อง call center สอบถามเราว่าทำไมถึงยกเลิก เราบอกว่าประกันมีค่าเสียหายส่วนแรกซึ่งไม่ได้แจ้งก่อน ณ เวลาที่เราซื้อ จนท.บอกเราว่ามันถูกบังคับให้ต้องมีทุกที่ แต่คือเราซื้อใหม่แล้วจากเจ้าอื่นเขาไม่ได้มีค่าเสียหายส่วนแรก และก็ตอบแบบเดิมอีก คือจะประสานงานให้ส่วนเกี่ยวข้องติดต่อกลับ เร่งด่วนภายในวันนี้ก็เงียบไป ไม่ติดต่อมาอีกแล้ว 15 ก.ค.68 ติดต่อกลับไปอีก เจอเจ้าหน้าที่ฝ่ายเคลมจะโอนสายให้ บอกว่าคู่สายเต็ม และคำพูดเดิม จะประสานงานให้เร่งด่วน และคาดว่าน่าจะเงียบไปเหมือนเดิมเราเลยต้องมาตั้งกระทู้ และรอดูต่อไปว่าทั้งหมดจะใช้เวลากี่วัน ตอนนี้ผ่านไป 24 วันแล้ว เพราะเห็นกระทู้เกี่ยวกับที่นี่เยอะเหลือเกิน และเป็นปัญหาเดียวกัน ปัญหามันไม่ได้อยู่ที่การคืนเงิน เพราะตอนคืนเงินใช้เวลากี่วันยังบอกได้ เราเข้าใจได้ว่ามันต้องมีระยะเวลา แต่ปัญหามันอยู่ที่ บริษัทนี้ ไม่มีมาตรฐานในการดำเนินการหรือเปล่า ทำเรื่องยกเลิกใช้เวลากี่วันมันต้องตอบได้สิคะ ใช่เราขอยกเลิกได้ แต่เขาไม่ทำเรื่องให้ ก็ต้องจ่ายไปแบบนั้น อันนี้เหมือนจ้องแต่จะหลอกขาย อยากยกเลิกก็ขอไป แต่ไม่ทำให้ ไม่จริงใจที่จะดำเนินการยกเลิกหรือคืนเงินให้ลูกค้าเลย จริงๆเคยมีประสบการ์ณแย่ๆ โดนหลอกให้ซื้อประกันอุบัติเหตุมาแล้ว โดนตัดบัตรเครดิตแล้วยกเลิกไม่ได้ แต่ก็ยังคิดในแง่ดีว่านี่ประกันรถยนต์เราเลือกเองไม่น่าจะมีปัญหา เพราะดูเงื่อนไขแล้ว สรุปโดนอยู่ดี สุดท้ายสำหรับเราถ้าเจอชื่อนี้ Chubb พักก่อนทุกกรณีเลยค่ะ,"บริษัท Chubb แจ้งว่าจะคืนเงินตามจำนวนวันที่ใช้ประกันจริง แต่ไม่ได้แจ้งชัดเจนถึงกระบวนการหรือระยะเวลาที่ใช้ในการดำเนินการ
ลูกค้าได้ปฏิบัติตามขั้นตอนครบถ้วนและได้รับอีเมลยืนยันจากฝ่ายบริการลูกค้าแล้ว แต่ยังไม่ได้รับการติดต่อกลับจากเจ้าหน้าที่เพื่อยืนยันยอดเงินคืน
แม้จะติดต่อสอบถามผ่านช่องทาง Call Center และส่งอีเมลติดตาม แต่บริษัทไม่ได้ให้ข้อมูลชัดเจนเกี่ยวกับระยะเวลาดำเนินการหรือการยืนยันการยกเลิก
เนื่องจากมีกำหนดชำระเงินกับ Shopee และไม่มั่นใจว่าการยกเลิกได้รับการดำเนินการแล้ว จึงจำเป็นต้องชำระเงินตามกำหนดเพื่อหลีกเลี่ยงความผิดพลาดในการชำระเงิน",test,Hybrid,2025,46,4,11.5,0.5260419249534607,0.5723099708557129,0.4276900291442871
42007404,วิธียกเลิกประกันภัยอุบัติเหตุที่มากับบัตรกรุงศรีเฟิร์สช้อยส์ เช็คว่ายกเลิกประกันเรียบร้อยแล้วยังไง ใครมีวิธียกเลิกประกันจาก บริษัท ชับบ์ ประกันภัยหรือเช็คว่าเราได้ยกเลิกเสร็จสิ้นแล้วบ้างไหมคะ ทางประกันโทรติดต่อมาเมื่อวาน ไม่รับสายก็โทรซ้ำอีก บอกว่าเป็นสิทธิสำหรับคนเปิดบัตรกรุงศรีเฟิร์สช้อยส์ปีแรกที่ทางกรุงศรี กับประกันภัยปีเลยมาแจ้งสิทธิ์พิเศษโทรจากเบอร์ 02 239 8569 แทบจะไม่ได้ถามความเห็นเราเลยพูดเร็วมากฟังไม่ทัน เราเออ ออไปก่อน เพราะเค้าแจ้งว่าสิทธิพิเศษคนเปิดบัตร ฟรี ใช้ได้เลยไม่ต้องจ่ายนะคะ ใช้รักษาได้เลย ยื่นไปพร้อมบัตร ปชช. แล้วสอบถามชื่อเราว่าตรงไหมคะ สะกดถูกไหม สะกดยังไง เบอร์อะไร ถามเราว่าเสียงเด็กมากเลยอายุเท่าไหร่ ใช่เกิดวันที่นี้ไหม ปีพ.ศ.นี้นะ ตรงกับรายการที่แจ้งมาตอนทำบัตรใช่ไหมคะ เราก็บอกใช่เพราะที่เค้าบอกถูกต้องทุกอย่าง แล้วให้เราพูดเลขบัตรประชาชน บอกว่ามีอุบัติเหตุเมื่อให้ใช้บัตรนี้ได้เลยนะไม่ต้องสำรองจ่าย ฟรีทุกอย่างทุกขั้นตอน เราก็คิดว่าสิทพิเศษจริงๆ แล้วให้เราบอกว่าตกลงรับประกัน แล้วขอแจ้งรายละเอียดเพิ่มหลังจากนั้น แต่จับใจความสุดท้ายได้ว่า จ่ายเดือนละ609 บาท แต่ไม่ทันแล้วเพราะพูดรับประกันไปแล้ว ควรแจ้งก่อนให้ยืนยันสิคะว่ามีค่าใช้จ่ายเท่าไหร่ ก่อนยืนยันมาแจ้งว่ามีสิทธิพิเศษ เข้าใช้ประกันได้ฟรีค่ะ ฟรีหมดเลย พอลองหาข้อมูลดู เจอเพื่อนในพันทิปเยอะเลยค่ะ วันนี้ได้โทรไปขอยกเลิกทางประกันเป็นที่เรียบร้อยแล้ว แต่เราสามารถเช็คได้ไหมคะว่าเรื่องที่เรายกเลิกไป ได้ทำการยกเลิกไปเรียบร้อยหรือยัง,"ผู้ร้องเรียนได้รับการติดต่อจากเจ้าหน้าที่ประกันภัยผ่านเบอร์ 02 239 8569 โดยระบุว่าเป็นสิทธิพิเศษสำหรับผู้เปิดบัตรกรุงศรีเฟิร์สช้อยส์ปีแรก
การติดต่อไม่มีการแจ้งค่าใช้จ่ายล่วงหน้า และมีการเร่งรัดให้ยืนยันรับประกันโดยไม่ทันได้สอบถามรายละเอียดเพิ่มเติม
หลังจากยืนยันแล้วจึงทราบว่ามีค่าใช้จ่ายเดือนละ 609 บาท ซึ่งไม่ตรงกับคำอธิบายเดิมที่ระบุว่า ""ฟรีทุกอย่าง""
ผู้ร้องเรียนได้ดำเนินการขอยกเลิกกรมธรรม์แล้ว และต้องการตรวจสอบว่าการยกเลิกได้รับผลสำเร็จหรือไม่",test,Hybrid,2023,23,4,5.75,0.4812950789928436,0.5695492426554362,0.4304507573445638
43148209,เคลมรถอุบัติเหตุ ประกันทิพย มีใครใช้ประกันทิพย ชั้น1 แล้วเคลมรถยนต์อุบัติเหตุไหมครับ ปกติเคลมเร็วกันไหม เรื่องคือ ผมได้เอารถเข้าเครมที่อู่แห่งหนึ่งในบางปะกง รถชนหน้ามานิดหน่อยไม่ถึงหม้อน้ำ และท้ายบุบ เอารถเข้าอู่วันที่ 9 เดือนพฤศจิกายน 67 ได้คุยกับทางอู่หน้าร้านตกลงอะไรกันเรียบร้อย ทางอู่บอกว่าใช้เวลาเคลม 7 14 วัน ทั้งนี้ทั้งนั้นอยู่ที่ประกันว่าจะอนุมัติเร็วไหม ผมก็เลยตกลงที่จะทำเพราะเห็นว่าแค่ไม่เกิน 14 วัน พอครบ 14 วันผมก็ได้ถามอู่อีกครั้ง อู่บอกว่ายังไม่ได้เริ่มทำอะไรเลย บอกแค่ว่ารอประกันให้ราคาอยู่รถถูกถอดอะไหล่ออกมาถ่ายรูปหมดแล้วรอแค่ทางประกัน ผมก็ได้แต่รอ จนวันนี้ครบ 5 อาทิตย์ ผมได้ทักไปถามอู่อีกรอบว่าจะเสร็จทันปีใหม่ไหม ผมต้องใช้รถกลับบ้านต่างจังหวัด อู่ก็ให้คำยืนยันไม่ได้อีกว่าจะเสร็จทันปีใหม่หรือเปล่า ทุกครั้งที่ถาม อู่จะบอกว่ารอแค่ทางประกันอยู่ บางประกันมันช้า 1 2 3 เดือนก็มี ผมก็ได้แต่ยอมไม่รู้จะทำยังไงได้ ให้ประกันเขารีบอนุมัติ เลยอยากทราบว่าประกันนี้เคลมยากแบบนี้ปกติใช่ไหม ถ้าสิ้นปีนี้ไม่เสร็จก็2เดือนแล้ว จากที่คุยกันว่า7 14วัน แล้วก็ยังไม่รู้ได้ ว่าจะเสร็จเดือนไหน หรืออีกกี่เดือนเสร็จ ผมเสียผมประโยชน์การใช้รถวิ่งทำงานมาจะสองเดือนแล้ว ไม่รู้จะเอาไงต่อ เพราะรถลื้อแล้ว เอากลับก็ไม่ได้ ผมต่อประกันทิพย์มาสองปี พึ่งมีเครมปีที่สองครั้งแรกที่เอารถเข้าอู่เคลมประกันนี้ ผมไม่แน่ใจว่าที่จริง ช้าที่ประกัน หรือช้าที่อู่ ในใจก็เริ่มกลัวอู่ดองงาน กลัวจะได้จอดทิ้งอีกนาน มีใครมีประสบการณ์ หรือปรึกษากันได้บ้างครับ,"ผู้ร้องเรียนรายงานว่าได้ใช้บริการประกันทิพย์ชั้น 1 เพื่อเคลมรถยนต์ที่เกิดอุบัติเหตุเล็กน้อย โดยนำรถเข้าอู่ในวันที่ 9 พฤศจิกายน 2567
อู่แจ้งว่าใช้เวลาดำเนินการประมาณ 7–14 วัน ขึ้นอยู่กับการอนุมัติจากบริษัทประกัน
หลังจากผ่านไปกว่า 5 สัปดาห์ ยังไม่มีความคืบหน้าในการซ่อมแซม และอู่ระบุว่ายังคงรอการอนุมัติราคาจากประกัน
ผู้ร้องเรียนแสดงความกังวลเกี่ยวกับความล่าช้าทั้งจากบริษัทประกันและอู่ รวมถึงผลกระทบต่อการใช้งานรถในการทำงานและการเดินทางกลับบ้าน",test,Hybrid,2024,25,4,6.25,0.4960633516311645,0.6442216237386067,0.3557783762613933
43581587,ประกันไม่จ่าย อ้างปกปิดข้อมูล แถมเตือนฟ้องคดีอาญา แบบนี้ปกติไหมครับ สวัสดีครับ พอดีผมมีเรื่องอยากสอบถามจากผู้รู้หรือคนที่เคยมีประสบการณ์คล้ายๆ กันครับ เรื่องคือ น้องสาวแฟนผม ได้ทำประกันสุขภาพไว้ โดยแฟนผม เองเป็นตัวแทนที่ดำเนินการให้ ต่อมาเมื่อตรวจพบว่าเป็นมะเร็งต่อมไทรอยด์ ทางบริษัทกลับไม่จ่ายค่ารักษา โดยอ้างว่ามีการ ปกปิดข้อมูลสุขภาพตอนทำประกัน นอกจากนั้นยังทำการยกเลิกประกันทันที ทำการคืนเบี้ยและระงับกรมธรรม์ โดยไม่อนุญาตให้ชี้แจงเหตุผลใดๆ และยังเตือนว่าถ้าลง social ทางบริษัทอาจจะฟ้องแฟนผม ตัวแทน เป็นคดีอาญา ฐานร่วมกันปกปิดข้อมูลกับผู้เอาประกัน คนที่เตือนคือแม่ข่าย สรุปลำดับเหตุการณ์แบบกระชับครับ วันที่ 1 ก.ย. 2567 เริ่มทำประกันสุขภาพ วันที่ 11 พ.ย. 2567 ตรวจสุขภาพประจำปี ผ่านระยะรอคอย 60 วันมาแล้ว รวมเป็น 71 วัน แพทย์ตรวจพบลำคอโต แนะนำให้ไปพบแพทย์เฉพาะทาง วันที่ 13 พ.ย. 2567 พบแพทย์เฉพาะทาง พบก้อนที่ต่อมไทรอยด์ นัดตรวจชิ้นเนื้อและติดตามผลอีกหลายครั้ง วันที่ 1 มิ.ย. 2568 ได้รับการวินิจฉัยว่าเป็น มะเร็งต่อมไทรอยด์ วันที่ 15 มิ.ย. 2568 ผ่าตัด หลังยื่นเคลม ทางบริษัทไม่จ่าย ยกเลิกประกันทันที และโอนเงินคืนมาแบบไม่มีการชี้แจงใดๆ ประเด็นคือ. ก่อนทำประกัน น้องสาวแฟนไม่มีอาการใดๆ ที่สื่อถึงมะเร็ง ไม่มีประวัติหรือเคยตรวจพบอะไรเลย ตอนนี้เราได้ ทำเรื่องขอเวชระเบียนจากโรงพยาบาล เพื่อยืนยันว่าไม่มีข้อมูลบ่งชี้มาก่อน ตอนนี้ลองย้อนกลับไปทบทวนคำถามในใบสมัครประกัน ก็ยังไม่สามารถตอบได้ ว่าควรติ๊กว่า เสี่ยง เพราะข้อมูลก่อนหน้าที่จะเจอก้อนเนื้อก็ไม่มีอะไรให้สงสัยจริงๆ อย่างไรก็ตามตอนนี้รอหลักฐานจากโรงพยาบาลอยู่ เผื่อน้องสาวลืมอะไรไปจริงๆ แต่ถ้าเป็นเรื่องมะเร็งไม่รอ 1 ปีเพื่อตรวจร่างกายอีกครั้งหรอก โทรถาม call center เขาก็พูดในลักษณะว่า ถ้าเป็นมะเร็งต้องมีอาการมาก่อน แต่ไม่แจ้งบริษัท ซึ่งเราเองก็ไม่รู้เรื่องอะไรเลย น้องสาวเป็นมะเร็งระยะที่ 1 และ call center ยังบอกอีกว่า ถ้าต้องการรู้ว่าใช้อะไรเป็นหลักฐานว่าปกปิด ลูกค้าต้องทำหนังสือขอเป็นลายลักษณ์อักษรเท่านั้น โทรถามไม่ได้แม้แต่ลูกค้าเองก็ตาม คำถามที่อยากขอความคิดเห็นครับ 1. บริษัทมีสิทธิยกเลิกกรมธรรม์และคืนเงินแบบนี้เลยไหมครับ เราไม่มีสิทธิ์ขอข้อมูลอะไรเลยหรอต้องส่งจดหมายอย่างเดียวซึ่งไม่รู้นานเท่าไหร่ก็จะได้คำตอบกรมธรรม์ก็ถูกระงับไปแล้ว 2. บริษัทมีสิทธิฟ้องตัวแทนเป็นคดีอาญาจริงเหรอครับ 3. ถ้าผู้เอาประกันไม่รู้และไม่มีอาการ แบบนี้จะถือว่าปกปิดข้อมูลได้หรือเปล่า สมมุติว่าหลักฐานทางการแพทย์ที่ขอจากโรงพยาบาลก็ไม่มีข้อมูลเรื่องนี้ 4. มีใครเคยเจอกรณีคล้ายๆ กัน หรือพอจะแนะนำแนวทางได้ไหมครับ ว่าควรดำเนินการอย่างไรต่อดี ตอนนี้จะฟ้อง คปภ ก็กลัวจะโดนฟ้องกลับ แต่ทางเราไม่มีเจตนาจริงๆ 5. ผมและครอบครัวและเพื่อนๆก็ทำประกันตัวนี้อยู่จ่ายมาหลายปีแล้ว ตอนนี้เริ่มกลัว ผมจะขอเวชระเบียนจากโรงพยาบาล แล้วส่งให้บริษัทประกันเพื่อตรวจสอบอีกทีได้ไหมครับ ถ้ามีเงื่อนไขหรือเจออะไรจะได้ตัดสินใจไม่ทำต่อ จริงๆผมคิดว่าไม่ควรเลือกทำแบบไม่ใช้ใบรับรองแพทย์ non Med เลยมันเหมือนเอาเปรียบผู้บริโภค ถ้าไม่เป็นก็จ่ายเบี้ยไปเรื่อยๆ แต่ถ้าเป็นก็ยกเลิกทุกอย่าง ไม่มีใครจำรายละเอียดย้อนไปได้ขนาดนั้นหรอกครับ ยกตัวอย่างเช่น ถ้าบริษัทประกันจะใช้ข้อมูลทางการแพทย์ของเมื่อ 20 ปีก่อนลูกค้าก็จำไม่ได้หรอก ใครจะทำประกันพวกนี้ผมแนะนำให้ใช้วิธีตรวจร่างกายไปเลยดีกว่าครับเสียเวลานิดหน่อย สบายใจกว่ากันเยอะ เป็นมะเร็งก็หนักใจกันทั้งครอบครัวอยู่แล้วครับ เจอเรื่องอย่างนี้ไม่โอเคเลยจริงๆ ขอบคุณล่วงหน้าทุกคำแนะนำครับ,"บริษัทประกันยกเลิกกรมธรรม์และคืนเบี้ยประกันทันทีหลังยื่นเคลม โดยไม่ให้โอกาสชี้แจงเหตุผลใดๆ
ผู้เอาประกันยืนยันว่าไม่มีประวัติหรืออาการบ่งชี้ถึงโรคมะเร็งก่อนทำประกัน และกำลังรวบรวมเวชระเบียนเพื่อยืนยันความบริสุทธิ์
บริษัทอ้างว่ามีการปกปิดข้อมูลสุขภาพ แต่ไม่สามารถระบุได้ว่าคำถามใดในใบสมัครต้องตอบ ""ใช่"" ภายใต้ข้อมูลที่มีในขณะนั้น
ลูกค้าถูกแจ้งว่าต้องขอข้อมูลเป็นลายลักษณ์อักษรหากต้องการทราบหลักฐานการตัดสินใจ ซึ่งขัดแย้งกับกระบวนการโปร่งใสที่ควรเป็น",test,Hybrid,2025,58,4,14.5,0.4481925666332245,0.5609764258066813,0.4390235741933187
43341437,ทำประกันสุขภาพ ภาวะโลหิตจาง ใครพอจะมีความรู้เรื่องนี้บ้าง พอดีเราสมัครทำประกันสุขภาพ แล้วในใบแถลงโรคเราได้แนบเอกสารไปให้ทางบริษัทฯ รับทราบว่าเรามีโรคอะไรอยู่บ้างที่เคยเป็น ซึ่งเราพึ่งไปผ่าตัดติ่งเนื้อเมือกในลำไส้ใหญ่มา อันนั้นพอเข้าใจได้ถ้าทางบ.ประกันจะยกเว้นไม่คุ้มครอง แต่ เรามีภาวะโลหิตจางติดมาด้วย มารู้ตอนทำงานแล้วมีการตรวจสุขภาพประจำปี เราก็ตรวจเจอภาวะโลหิตจางมาตลอดแต่แค่ยังไม่ได้ตรวจละเอียดว่าเป็นในลักษณะไหน พันธุกรรม ขาดสารอาหาร ดังนั้นวันนี้ทางประกันตอบกลับมาว่า จะไม่คุ้มครอง 2กรณี 1.ไม่คุ้มครองการตรวจวิเคราะห์ การรักษา หรือการผ่าตัด ซึ่งมีสาเหตุมาจากภาวะโลหิตจางทุกชนิด รวมทั้งภาวะแทรกซ้อนใดๆ ที่เกิดขึ้นจากการรักษาและการผ่าตัด ไม่คุ้มครองการตรวจวิเคราะห์ การเข้ารับการรักษาในโรงพยาบาล 2.การผ่าตัดการรักษาและ หรือการฟื้นฟูสมรรถภาพที่เกิดขึ้นทั้งทางตรง หรือทางอ้อม ที่มีสาเหตุมาจากดึงเนื้อในลำไส้ใหญ่และ หรือมะเร็ง ของลำใส่ใหญ่ และลำไส้ตรง รวมทั้งภาวะแทรกซ้อนใดๆ และ หรือภาวะแทรกซ้อนที่เกิดขึ้นจากการรักษาและการผ่าตัด ประเด็นข้อ2เราไม่ติดใจ แต่เราสงสัยประเด็นข้อที่ 1มากกว่า เช่น ถ้าเราผ่าตัดแล้วในกระบบวนการผ่าตัดมีการตรวจเลือดแล้วในเอกสารมีการระบุว่าโลหิตจางแบบนั้นเราจะสามารถ ทำเรื่องเคลมการรักษาได้ไหม เพราะว่าโลหิต มันก็น่าจะมีผลเกี่ยวข้องไปทุกเรื่อง หรือ ถ้าเราเป็นโรคพวกนี้ ทางประกันจะไม่คุ้มครองร่วมด้วย โรคไขกระดูกผิดปกติ โรคไตวายเรื้อรัง ทำให้ขาดฮอร์โมนที่เป็นตัวกระตุ้นการสร้างเม็ดเลือดแดง โรคเรื้อรังบางชนิด เช่น โรคมะเร็ง โรคในระบบภูมิคุ้มกัน มะเร็งไขกระดูก มะเร็งเม็ดเลือดขาว โรคโลหิตจางจากไขกระดูกฝ่อ โรคไขกระดูกเสื่อม หรือการติดเชื้อในไขกระดูก โรคธาลัสซีเมีย โรคขาดเอนไซม์ G6PD โรคเม็ดเลือดแดงแตกง่ายจากภูมิคุ้มกันตนเอง เรากำลังพิจารณาว่าเราจะทำสัญญาฉบับนี้ต่อดีรึเปล่า ขอความกรุณาอย่าพิมพ์ในทำนองที่ว่า ไม่คิดว่าจะเป็นโรคอื่นบ้างหรือไงนะคะ,"ผู้ร้องเรียนมีภาวะโลหิตจางที่ตรวจพบในระหว่างการตรวจสุขภาพประจำปี แต่ยังไม่ทราบสาเหตุชัดเจนว่าเกิดจากพันธุกรรมหรือขาดสารอาหาร
บริษัทประกันแจ้งยกเว้นความคุ้มครองสำหรับการตรวจ รักษา หรือผ่าตัดที่เกี่ยวข้องกับภาวะโลหิตจางทุกประเภทและภาวะแทรกซ้อนจากการรักษา
ผู้ร้องเรียนตั้งคำถามว่า หากการผ่าตัดต้องมีการตรวจเลือดซึ่งระบุภาวะโลหิตจาง จะส่งผลให้ไม่สามารถเคลมค่าใช้จ่ายได้หรือไม่
เนื่องจากโรคบางชนิดที่อาจทำให้เกิดโลหิตจาง เช่น โรคไตวายเรื้อรัง โรคมะเร็ง หรือโรคทางพันธุกรรม ก็ถูกยกเว้นความคุ้มครองเช่นกัน",test,Hybrid,2025,27,4,6.75,0.5209333896636963,0.6089359124501545,0.3910640875498454
41857856,กรุงไทย AXA ปฏิเสธการเคลม เพราะพยาบาลAXA มองว่าหมอที่ศิริราช รักษาเกินความจำเป็น ภาค 2 กับการ หาทางปฏิเสธคงามคุ้มครองทุกวิถีทางของ AXA ครับ ใครจะฝากผีฝากไข้ยาวๆ กับที่นี่ต้องคิดดีๆ เพิ่มปรับเบี้ยขึ้นทั่วไทยไปเมื่อปลายปี ต้น เดือนกันยายนผมมีความรู้สึกว่าเมื่อยตาและแสงสว่างในตาลดลงประมาณ 20 เลยไปหาหมอที่โรงพยาบาลศิริราชปิยมหาการุน ครั้งแรกที่ไปหมอไม่รู้ว่าเป็นโรคอะไรหมอเลยทำการสแกนตาถ่ายภาพตา และเจาะเลือดดูเพื่อตรวจสอบว่าขาดวิตามินเอแบบรุนแรงหรือไม่ ค่าใช้จ่ายประมาณ 400 บาทซึ่งเป็นค่าตรวจ 100 ไม่มีการให้ยาใดๆ หลังจากนั้นก็ทราบว่าผมเป็นโรค CSC คือโรคจุดรับภาพตาบวมน้ำไม่ทราบสาเหตุ ทำให้มองไม่ชัดและแสงสว่างน้อยลง จากทำการเคลม ซื้งคิดว่าไม่มีปัญหาแน่ๆ เพราะไม่ได้สายตาสั้นยาว แต่ไม่สบายจริง พบว่า ไม่สามารถเคลมค่าวินิจฉัยการตรวจครั้งแรกได้ครบตามจำนวน เพราะว่าผู้วินิจฉัยของแอกซ่า พยาบาล มองว่าคุณหมอของโรงพยาบาลศิริราชสั่งให้มีการตรวจว่าขาดสารอาหารวิตามินเออย่างรุนแรงหรือไม่ เป็นการวินิจฉัยการตรวจสอบเกินความจำเป็น สิ่งที่อยากเล่าเพิ่มเติมคือ AXA ใช้พยาบาลของบริษัท ปฏิเสธการเคลม โดยอ่านจากกระดาษที่หมอเขียน โดยที่ไม่ต้องรู้รายละเอียด และมองว่าหมอตรวจสอบอาการเกินความจำเป็น AXA จะไม่ทำการสอบถามเพิ่มเติมกับคุณหมอเจ้าของไข้แต่อย่างไร ถ้าผู้เอาประกันอยากจะเคลมให้ผู้เอาประกันไปติดต่อหาคุณหมอและขอให้คุณหมอเขียนเอกสารมาเพิ่มเติมเพื่ออธิบายกลับมาที่แอกซ่าอีกครั้ง เรื่องนี้ผมทำการอุทธรณ์ไป สุดท้ายผลจะเป็นอย่างไรอาจจะไม่ใช่ประเด็น แค่อยากเตือนเพื่อนๆ ว่าการที่เราทำประกันสุขภาพเป็นค่าใช้จ่ายที่จ่ายทิ้งทุกปี มันจะมีประโยชน์ก็คือเราต้องฝากผีฝากไข้ในระยะยาว ไม่โดนบอกเลิกสัญญาในยามแก่ ไม่เบี้ยวเราในยามป่วย เพราะยิ่งแก่คุณจะยิ่งป่วย จะไปเปลี่ยนประกันในตอนนั้น ความคุ้มครองก็จะไม่ครอบคลุม เทาการทำประกันตอนที่ยังแข็งแรงครับ ไม่แปลกที่จะมีเจ้าหน้าที่ขายมาไล่แก้ต่างบ้าง แต่ใครจะทำประกันก็คิดดีๆ ครับ ระวังน็อกมืดยามแก่ แนะนำสำหรับท่านที่อายุยังน้อย กำลังเลือกทำประกันอยู่ ขอแนะนำท่านสั้นๆ หนีไป,"ผู้ร้องเรียนประสบปัญหาการปฏิเสธการเคลมค่าตรวจวินิจฉัยครั้งแรกจากบริษัท AXA โดยอ้างว่าการตรวจดังกล่าวเป็นการรักษาหรือการตรวจสอบเกินความจำเป็น
การตัดสินใจปฏิเสธมาจากพยาบาลของบริษัท ซึ่งระบุว่าแพทย์สั่งตรวจเพื่อหาภาวะขาดวิตามินเออย่างรุนแรง จึงถือเป็นการตรวจที่ไม่จำเป็น
ผู้ร้องเรียนต้องดำเนินการขอเอกสารเพิ่มเติมจากแพทย์เองเพื่ออุทธรณ์ ซึ่งถือเป็นกระบวนการที่ยุ่งยากและไม่สะดวก
ผู้ร้องเรียนหวังว่าข้อมูลนี้จะช่วยเตือนผู้สนใจทำประกันให้พิจารณาความคุ้มครองและความยืดหยุ่นของบริษัทอย่างรอบคอบ",test,Hybrid,2023,24,4,6.0,0.4438419044017792,0.5078500906626383,0.4921499093373617
42078373,Insurepaws บริษัทประกันสัตว์เลี้ยงห่วยๆ บริษัทปฏิเสธเคลมของเรา โดยที่เมื่อวานแอดมินแจ้งเราทาง TikTok ว่าจะโอนเคลมให้เมื่อวานค่ะ ปรากฎวันนี้ได้อีเมลปฏิเสธ บอกเหตุว่า pre authorization ซึ่งไม่ได้อธิบายคำนี้โดนรายละเอียด มีแค่คำเล็กๆ บนบัตร ซึ่งก่อนที่เราจะเบิกเคลม ได้มีการโทรถาม เจ้าหน้าที่ไม่แจ้งเรื่องนี้กับเรา เราจี้ตามเรื่องนี้มา 26 วัน และอยากให้นึกถึงหัวอกมนุษย์คนนึง หมาเราชัก 4 วัน แอดมิท 2 โรงพยาบาล ก่อนน้องจากไป อาการทรุดทุกวัน ถามในแง่จิตใจ ถึงเวลานั้น มีใครนึกออกมั้ยคะ ว่าต้องติดต่อประกัน จริงๆ เราลืมไปแล้วด้วยกันซ้ำว่าทำไว้ พอนึกได้ยังดีใจที่ทำ ยังบอกต่อว่าทำประกันที่นี่นะ แต่ตอนนี้ไม่ใช่เลย ติดต่อยาก เบอร์ไม่มี อีเมลโดนเพิกเฉยนานมาก ข้อความเฟสไม่ตอบ วันนี้โทรไปที่ Wrlife เจ้าหน้าที่ไม่รับฟัง ตัดสายทิ้ง ทุกคนคิดกันดูนะคะ ชื่อสินค้า Insurepaws คะแนน CR Consumer Review,"เจ้าหน้าที่ไม่แจ้งข้อมูลสำคัญเกี่ยวกับการเคลมก่อนที่จะดำเนินการเบิก
ผู้ร้องเรียนติดต่อสอบถามมานาน 26 วัน โดยมีความเดือดร้อนใจจากการสูญเสียสัตว์เลี้ยงที่ป่วยหนักและจากไปหลังจากเข้ารับการรักษาหลายโรงพยาบาล
การติดต่อขอความช่วยเหลือผ่านช่องทางต่าง ๆ กลับไม่ได้รับการตอบสนองอย่างเหมาะสม รวมถึงการถูกตัดสายโดยไม่ฟังเหตุผล
ผู้ร้องเรียนแสดงความผิดหวังต่อภาพลักษณ์ของบริษัท Insurepaws ที่ไม่สอดคล้องกับคะแนนความพึงพอใจของลูกค้า",test,Hybrid,2023,23,4,5.75,0.4953292310237884,0.4699705044428507,0.5300294955571493
42180029,สินเชื่ออเนกประสงค์ กรุงไทย ให้ทำประกัน 2 ต่อ เนื่องจาก ประมาณ 3 อาทิตย์ก่อนหน้านี้ ผมยื่นกู้สินเชื่ออเนกประสงค์กรุงไทย ยื่นไป 10 ปี 120 งวด วันศุกร์ที่แล้วพนักงาน โทรมาบอกว่าสินเชื่อผ่าน วันนี้ให้ผู้กู้กับผู้ค้ำไปเซ็นเอกสาร เมื่อไปถึง ผมได้สัญญา 20 ปี แทนที่จะเป็น 10 ปี พนักงานให้เหตุผลว่า จะอนุมัติได้ง่ายกว่า แล้ว ก็เข้าเรื่องประกัน พนักงานก็เกริ่นมา เกี่ยวกับประกัน จะมีแบบจ่ายรายปี กับจ่ายครั้งเดียว แต่จ่ายครั้งเดียวจะแพงกว่า ผมก็บอกว่า แฟนผมพึ่งไปทำอยู่ต่างจังหวัด ที่สาขาพิบูล แบบจ่ายครั้งเดียว ประมาณ 1700 บาท เขาก็บอกว่าขอชื่อหน่อยครับ จะดูในระบบ ก็ตามนั้น แล้วบอกว่าประกันคนละตัวกัน แล้วที่ผมต้องทำคือ ตัวแรก กรมธรรม์ประกันคุ้มครองสินเชื่อ ต้องจ่ายปีละ 1600 1700 ผมไม่แน่ใจ แต่พนักงานบอกปรับลดให้เหลือ 1360 บาท ตัวที่ 2 ผมไม่ทราบชื่อ กรมธรรม์ แต่ต้องจ่ายปีละ 7470 บาท คุ้มครอง 3 แสน พนักงานบอกต้องทำ คือตัวนี้แฟนผมไม่ได้ทำ แล้วกรุงไทยสาขาพิบูลก็ไม่ได้รบเร้า ที่จ่ายครบ 20 ปี จะได้เงินคืน ซึ่งจากที่คุยกันแล้วเขาไม่ยอม เขาก็จะพูดถึงเรื่องนโยบายบ้าง ปัจจุบันมีหนี้เสียเยอะ ให้ทำให้ได้จ่ายแค่ปีแรกก็ได้ แต่เอกสารประกันตัวนี้ผมยังไม่ได้ เขาบอกจะส่งมาภายหลัง สรุป กู้ 20000 บาท โดนหักไปรวม 9450 บาท คงเหลือรับจริง 190550 บาท ผมอยากสอบถามว่า เราสามารถโทรไปยกเลิกกรมธรรม์ ตัวที่ 2 ผ่านศูนย์กรุงไทย แล้วขอเงินประกัน 7470 บาท คืนได้ไหมครับ เพราะประกันตัวแรกก็เป็นประกัน คุ้มครองสินเชื่อวงเงิน 2 แสนอยู่แล้ว ใช่ไหมกรณีสูญเสียหรือได้รับความเสียหาย,"ผู้ร้องเรียนยื่นขอสินเชื่ออเนกประสงค์ระยะ 10 ปี แต่เมื่อไปเซ็นเอกสารกลับพบว่าสัญญาเป็นระยะเวลา 20 ปี
พนักงานธนาคารอธิบายว่าการขยายระยะเวลาช่วยให้อนุมัติสินเชื่อง่ายขึ้น
มีการแนะนำให้ทำประกัน 2 ประเภท โดยอีกหนึ่งกรมธรรม์ที่ไม่เคยทำมาก่อนมีค่าใช้จ่ายสูงถึงปีละ 7,470 บาท
ผู้ร้องเรียนไม่แน่ใจในความจำเป็นของกรมธรรม์ฉบับที่สอง และยังไม่ได้ลงนามในเอกสารประกันฉบับดังกล่าว",test,Hybrid,2023,24,4,6.0,0.5585198998451233,0.3801213900248209,0.6198786099751791
42190660,ใครเป็น หมอ พยาบาล หรือ เซียนประกัน เข้ามาหน่อยครับ พอดีกำลังจะทำประกัน แล้วเคยได้ยินตามโรงพยาบาล เวลาที่เค้าคุยกัน ถ้ามีประกัน หมอ พยาบาล อะไรก็ดูง่ายไปหมด แล้วเท่าที่ฟังโดยไม่ได้ตั้งใจ เหมือนคนเหล่านี้พอจะรู้ว่า ตัวไหนเบิกได้ ตัวไหนเบิกไม่ได้ เลยอยากถามว่า 1. คนที่เป็น หมอ และ พยาบาล แต่ละคน ทำประกันชีวิต และ สุขภาพตัวไหนบ้างครับ ที่ผมถามแบบนี้ เพราะคิดว่า น่าจะเจอคนไข้ มาเยอะ คงรู้ stat เมื่ออายุมาก จะเจอโรคพวกนี้บ่อยเป็น top 3 ของ ชาย และ หญิง และสามารถ ประเมินได้ว่า ถ้าตัวเองป่วย หรือ เสียชีวิต ประกันตัวไหนจะคุ้มครองและเข้าเงื่อนไข เพราะคงอยู่กับมันบ่อยๆอยู่แล้ว คงสามารถเลือกให้ตัวเองได้ดี หรือ 2. อยากได้ประกันสุขภาพที่คุ้มครอง ที่ผมคิดว่าผมอาจจะเป็น อันนี้ผมคิดเอง ว่า น่าจะเป็น ในตอนแก่ หรือ สุ่มเสี่ยง จากที่คิดว่าตัวเองจะเป็น โดยคุ้มครองรายการเหล่านี้ ไทรอยด์เป็นพิษ เบาหวาน โรคหัวใจ อย่างอื่น อยากคุ้มครองปกติเลย แต่ที่อยากได้คือ ป่วยหนักไม่ถึงขั้นมะเร็งหรือโรคร้าย อยากได้ นอนโรงบาลเอกชน โรงพยาบาลเซนหลุยส์ mandatory 1 สมิติเวชสุขุมวิท mandatory 2 กรุงเทพฯ mandatory 3 บางปะกอก mandatory 4 optional จุฬาoptional คงไม่เกินนี้ ถ้าเป็นไปได้ โดยอาจจะมีจ่ายเพิ่มเอง ประมาณไม่เกิน 30 จากประกันที่คุ้มครองอยู่ กรณีที่ต้องนอนโรงพยาบาล งบคุมห้องเดี่ยว standard ใน 2 3 ปี เข้าไม่เกิน 2 3 ครั้ง ป่วยปกติ รับยากลับบ้าน 3. อยากได้ประกันชีวิต ที่ ทำเพื่อความคุ้มครอง ให้เสียชีวิตไปแล้ว คนข้างหลังอยู่ได้ ประมาณนี้ครับ ขอบคุณครับ,"ผู้ร้องขอสอบถามข้อมูลเกี่ยวกับประกันชีวิตและสุขภาพที่แพทย์และพยาบาลมักเลือกใช้
เนื่องจากเชื่อว่าบุคลากรทางการแพทย์มีความเข้าใจในความเสี่ยงของโรคเรื้อรังที่พบบ่อยในวัยสูงอายุ
ผู้ร้องต้องการประกันสุขภาพที่ครอบคลุมโรคเรื้อรัง เช่น ไทรอยด์เป็นพิษ เบาหวาน และโรคหัวใจ รวมถึงการคุ้มครองการนอนโรงพยาบาลเอกชนในสถานพยาบาลเฉพาะเจาะจง
พร้อมระบุความต้องการเพิ่มเติมเกี่ยวกับค่าใช้จ่ายห้องเดี่ยวและบริการกลับบ้านหลังรักษา",test,Hybrid,2023,28,4,7.0,0.4505052268505096,0.4182011683781941,0.5817988316218059
43287357,ขออนุญาตเตือน อย่าหลงไปสมัครบัตรที่ผูกกับ Chubb เด็ดขาด สวัสดีค่ะ เรื่องมีอยู่ว่าทางเราได้ไปสมัครบัตรสินเชื่อกดเงินสดของกรุงศรีมาใบนึง แล้วเหมือนจะมีประกันของทาง Chubb โทรติดต่อเข้ามาให้เราสมัครประกัน บอกว่าเป็นประกันที่ติดมากับบัตร เบี้ยประกันประมาณ 600 กว่าบาท ทำการเรียกเก็บตัดยอดผ่านบัตรทุกเดือน ๆ ซึ่งเราก็ไม่ได้อะไรเพราะเห็นว่าเบี้ยไม่แพงสมัครไว้ก็ไม่เสียหาย ทั้ง ๆ ที่เราก็มีประกันส่วนตัว และประกันของบริษัทฯ อยู่แล้ว เราก็เลยตกลงสมัครไป เล่มที่ 1 สักพักผ่านไปไม่นาน ประมาณ 1 2 เดือน เรื่องระยะเวลาไม่แม่นนะคะ เพราะผ่านมาค่อนข้างนานแล้ว หลังจากที่สมัครตัวแรกไป ก็มีประกันโทรเข้ามาอีก โทรมาแจ้งทำทีเหมือนว่าจะขออัพเบี้ยประกัน และเพิ่มความคุ้มครอง ซึ่งเราก็เข้าใจว่าเป็นประกันตัวเดิมตัวแรกที่เคยสมัครไปบวกกับตอนนั้นเป็นช่วงเวลาหลังเลิกงานที่กำลังเหนื่อยล้ากับการทำงานมาทั้งวัน และกำลังขับรถอยู่ ก็เลยฟังแล้วก็เออไป ด้วยความที่คิดว่าคงโทรมาแจ้งความคุ้มครองเฉย ๆ ก็ไม่ได้คิดอะไร พอฟังไปจนจบก็มีการถามชื่อ สกุล และประวัติส่วนตัวนิดหน่อยซึ่งเราก็เอ๊ะนิดนึง เพราะถ้าเป็นประกันที่เราเคยสมัครไป เค้าควรจะมีประวัติของเราอยู่แล้ว แต่ตอนนั้นก็คิดแค่ว่าเค้าคงทวนประวัติเฉย ๆ ยังโลกสวยอยู่ 55 ก็เลยตอบ ๆ ไป เล่มที่ 2 กับ 3 ควบทีสองเล่มไปเลยจ้า55 พอผ่านไปสักระยะช่วงประมาณต้นปีที่ผ่านมา มันมาอีกแล้วค่ะ วิธีการเหมือนเดิมเลย โทรมาบอกว่าจะมีการเพิ่มความคุ้มครอง เปิดการคุ้มครองใหม่ ด้วยความที่ไม่รู้ว่าซื่อหรือโง่ของเรา ก็ตอบเค้าไปแบบเดิม เพราะคิดว่าโทรมาแจ้งความคุ้มครองหรือต่อความคุ้มครองเดิมที่เราเคยสมัครไว้ เพราะเป็นช่วงต้นปี ซึ่งตอนแรก ๆ ก็ปฏิเสธไม่อยากคุยไป ไม่สะดวกบ้าง ก็จะโทรมาอีกวันนึง คือโทรเรื่อย ๆ จนเราต้องรับ ซึ่งรอบที่รับสายทางประกันก็ตื้อให้ฟังเค้าพูดความคุ้มครอง หว่านล้อมต่าง ๆ นา ๆ จนเรารำคาญ และตอนนั้นเราก็ยังคิดว่าเป็นประกันตัวเก่าแต่เพิ่มความคุ้มครองเฉย ๆ เพราะยังไม่เคยเห็นเล่มประกัน ก็เลยเออไป กลายเป็นรอบนี้เค้าสมัครเพิ่มให้เราควบ 2 เล่ม เล่มที่ 4 5 เหมือนรอบที่แล้วเลย ขอขยายความนิดนึงนะคะ คือตอนแรกที่รับสาย และตกลงทำกรมธรรม์ไปยังไม่ทราบว่าเป็นประกันคนละกรมธรรม์ มาทราบตอนหลังที่ได้รับเล่มแล้ว ซึ่งตอนที่ได้รับเล่มเป็นช่วงต้นปีที่ผ่านมา เนื่องจากที่อยู่ที่ให้ส่งเล่มไป กับที่พักอาศัยปัจจุบันอยู่คนละที่กัน ต้องให้คนที่บ้านส่งมาให้ จึงได้รู้ว่าประกันที่สมัครไปมันคนละกรมธรรม์กันเลย ทั้ง 5 เล่ม ซึ่งตัวเก่าก็ยังไม่ได้ยกเลิก มีตัวใหม่มาอีก และมาทราบทีหลังอีกทีตอนที่โทรไปสอบถามเพื่อยกเลิก เนื่องจากเห็นตัวเลขเรียกเก็บเงินผ่านบัตรในแอพ Chubb ยอดสูงแปลก ๆ และเรียกเก็บเงินล่วงหน้า 2 เดือนอีกด้วย ยอดเกือบ 500 ที่แย่ไปกว่านั้นคือยอดที่หักนี้ไม่กระทบกับเงินต้นเลยค่ะ ค่าประกันล้วน ๆ นอยด์มาก จนได้โทรไปสอบถาม เพื่อต้องการยกเลิกที่ Call Center ปรากฎว่า ประกันที่เราสมัครไปมีทั้งหมด 5 เล่ม ไอเราก็งงเป็นไก่ตาแตกเลยว่า ตรูไปสมัครตอนไหนทำไมตั้ง 5 เล่ม คนเราต้องมีประกันเยอะขนาดนี้เลยหรออ ตอนที่รู้ความจริงตอนนั้นคือรู้สึกแย่มาก เหมือนโดนมัดมือชก หลอกขายประกัน และมาตัดผ่านบัตรแบบที่เราไม่ยินยอม มารู้เอาเมื่อสาย จ่ายไปเกือบปี55 ยิ่งไปอ่านพันทิปกับหาข้อมูลเพิ่มเติมตามเว็ปบอร์ดต่าง ๆ ยิ่งจิตตก กลัวยกเลิกไม่ได้ วันนี้เลยโทรไปตามยกเลิก แบบโทรจิกเลย กว่าจะยกเลิกได้คือเสียความรู้สึก เสียรู้ไปตั้งเท่าไหร่ก็ไม่รู้ สำหรับใครที่กำลังจะสมัครบัตร หรือประกันอะไรก็ขอให้หาความรู้ก่อนตกลงรับสมัคร หรือถ้าจะสมัครจริง ๆ ขอให้จ่ายแบบที่ไม่ตัดผ่านบัตรจะดีที่สุด ไม่ต้องมานั่งยุ่งยากในการยกเลิก ในส่วนของเราก็ยังต้องจ่ายอยู่ ไปจนถึงรอบตัดบัตรเดือนหน้า เนื่องจากทาง Chubb อ้างว่าได้ตัดรอบไปวันที่ 20 กุมภาพันธ์ 2568 ที่ผ่านมา ทำให้ยังต้องจ่ายรอบตัดบัตรเดือนนี้ และรอบดือนหน้าอีกเดือนอยู่ค่ะ ซึ่งจะได้เงินเล่มที่ 4 5 คืนอยู่ เนื่องจากเพิ่งสมัครไปไม่ถึง 30 วันเลยยังสามารถขอเงินคืนได้ โดยจะคืนเงินอีก 30 45 วันเลยค่ะ เศร้าเลย TT ปล. ต้องรอดูต่อไปค่ะว่าจะได้เงินคืนไหม,"ผู้ร้องเรียนระบุว่าได้รับการติดต่อจากเจ้าหน้าที่ประกันภัยหลายครั้ง โดยอ้างว่าจะเพิ่มความคุ้มครองหรืออัปเดตกรมธรรม์เดิม
การติดต่อเกิดขึ้นในช่วงเวลาที่ผู้ร้องเรียนเหนื่อยล้าและกำลังขับรถ ทำให้ไม่ได้ตรวจสอบรายละเอียดอย่างละเอียด
ผู้ร้องเรียนตกลงทำสัญญาตามคำพูดของเจ้าหน้าที่โดยคิดว่าเป็นการดำเนินการต่อเนื่องจากกรมธรรม์เดิม แต่ภายหลังทราบว่าเป็นกรมธรรม์ใหม่ที่ไม่ได้รับอนุญาตก่อน
ผู้ร้องเรียนแสดงความไม่พอใจต่อพฤติกรรมการขายประกันที่อาจใช้จุดอ่อนของลูกค้าและขาดความโปร่งใสในการแจ้งข้อมูล",test,Hybrid,2025,57,4,14.25,0.4814499318599701,0.4666163921356201,0.5333836078643799
41838051,Elite Health Plus แบบใหม่ดีกว่าเดิมจริงหรอ หลอกให้เปลี่ยนแล้วลดความคุ้มครองลง ถูกต้องหรอ รบกวนชาวพันทิพย์ ช่วยหน่อยคะ เราได้ทำประกันชีวิตและสุขภาพ โดยประกันสุขภาพที่ทา คือ Elite Health แผน 3 75 ล้านบาท ซึ่งต่อมาเจ้าหน้าที่ของบริษัท เมืองไท.สีชมพู จากัด ได้เสนอประกันสุขภพแบบใหม่ คือ Elite Health Plus แผน 3 โดยให้ข้อมูลว่า ความคุ้มครองภายในกรมธรรม์ จะมีความคุ้มครองที่เหมือนกับ Elite Health แผน 3 ซึ่งข้อแตกต่างจะมีแค่ สัญญา Elite Health Plus แผน 3 ฉบับใหม่จะไม่มีการยกเลิกความคุ้มครอง แต่อาจมีปรับเบี้ยประกันที่ไม่เท่าเดิม และให้รีบทาการเปลียนสัญญาเป็นฉบับใหม่ มิเช่นนั้นจะไม่สามารถเปลี่ยนได้ แต่เจ้าหน้าที่ไม่มีเอกสารใดๆมาให้อ่านเพื่อพิจารณาตรวจสอบก่อน แต่ด้วยที่ทางเจ้าหน้าที่ได้ยืนยันหนักแน่นว่า ความคุ้มครองของสัญญาฉบับใหม่เหมือนเดิมทุกประการ อีกทั้งเราเชื่อใจเพราะกรมธรรม์แรกที่ทำก็ไม่ได้มีปัยหาอะไร เราเลยตกลงเซ็นสัญญาฉบับใหม่ไป จนกระทั่งเราไปรับการรักษาที่ รพ รามคำแหง ตอนจ่ายชำระเงินเลยได้ทราบว่า ความคุ้มครองไม่เหมือนเดิม และเมื่อได้รับสัญญาฉบับใหม่ทางไปรษณีย์ จึงได้เปิดอ่านและตรวจสอบความคุ้มครองภายใน ซึ่งแตกต่างจากเดิมไปมาก แจงเป็นข้อหลักๆ ดังนี้ 1. ค่าธรรมเนียมปรึกษาแพทย์เวชปฏิบัติทัวไปและแพทย์เฉพาะทาง รวมไปถึงค่าวินิจฉัยและค่ายา Elite Health แผน 3 500 บาทต่อครั้ง ไม่เกิน 20 ครั้งต่อปีกรรธรรม์ เท่ากับ 10000 บาทต่อปีกรมธรรม์ Elite Health Plus แผน 3 4000 บาทต่อปีกรมธรรม์ 2. ผลประโยชน์การคลอดบุตร Elite Health แผน 3 คลอดโดยธรรมชาติ 9000 บ ผ่าคลอด 15000 บ ปัจจุบัน เราผ่านระยะเวลารอคอย 270 วันแล้ว Elite Health Plus แผน 3 ไม่คุ้มครอง หากต้องการต้องซื้อ ความคุ้มครองการคลอดบุตรพลัส แผน 1 ค่าเบี้ย 60681 บาท และเริ่มนับระยะเวลารอคอยใหม่ 270 วัน และความคุ้มครองลดลงด้วย 3. ค่ารักษาพยาบาลอื่นๆ Elite Health แผน 3 ค่าตรวจสุขภาพประจาปี 500 บ ค่าวัคซีน 400 บ ค่ารักษาทางทันตกรรม 1000 บ ค่ารักษาทางสายตา 500 บ Elite Health Plus แผน 3 ไม่คุ้มครอง หากต้องการต้องซื้อ สุขภาพดี พลัส แผน 1 ค่าเบี้ยเพิ่ม 14856 บาท จากข้อมูลข้างต้น สรุปได้คือ Elite Health แผน 3 สัญญเดิมของเรา เบี้ยประกันที่ต้องจ่ายทั้งหมด ปีละ 90932 บาท Elite Health Plus แผน 3 สัญญาฉบับใหม่ เบี้ยรวมทั้งหมดที่ต้องจ่าย จะกลายเป็นปีละ 152625 บาท และได้ความคุ้มครองที่น้อยกว่าเดิมที่เคยได้ แบบนี้ บริษัท เมืองไท. สีชมพู ทำถูกต้องไหมคะ เข้าค่ายหลอกลวงไหมคะ,"บริษัทสีชมพู จากัด ได้เสนอการเปลี่ยนแปลงกรมธรรม์ประกันสุขภาพจาก Elite Health แผน 3 เป็น Elite Health Plus แผน 3 โดยระบุว่าความคุ้มครองไม่เปลี่ยนแปลง
อย่างไรก็ตาม ผู้เอาประกันพบว่ากรมธรรม์ฉบับใหม่มีการลดทอนสิทธิประโยชน์หลายประการ เช่น ค่ารักษาพยาบาล การคลอดบุตร และบริการสุขภาพประจำปี
ผู้เอาประกันไม่ได้รับเอกสารประกอบการตัดสินใจก่อนเซ็นสัญญา และไม่ทราบถึงการเปลี่ยนแปลงด้านความคุ้มครองจนกระทั่งได้รับใบแจ้งหนี้และตรวจสอบหลังการรักษา
ผลสรุปคือเบี้ยประกันเพิ่มขึ้นอย่างมีนัยสำคัญ ในขณะที่ความคุ้มครองกลับลดลงอย่างชัดเจน",test,Hybrid,2023,31,4,7.75,0.6594205498695374,0.3958927790323893,0.6041072209676107
42483836,เมืองไทยประกัน บอกล้างกรมธรรม์ ไม่เป็นธรรม ไร้การติดต่อกลับ รบกวนสอบถามว่าเราต้องทำอย่างไรต่อ. เมื่อโดนประกันชีวิตบอกเลิกสุขภาพครับ เนื่องจากวันที่ 12 พฤศจิกายน 2556 ผมได้เข้ารักษาตัวที่ รพ.พญาไท3 เนื่องจากความดันสูง พักรักษาตัว 1 คืน พอจะทำการเคลม ทางโรงพยาบาลทำเคลมหลายชั่วโมง แล้วแจ้งมาว่าบริษัทประกันให้สำรองจ่าย ซึ่งผมมีประกันอีกตัวเลยสำรองจ่ายไปที่ 8 xx บาท ทางโรงพยาบาลให้นำเอกสารให้ทางคนไข้ไปตั้งเบิกเอง และก่อนกลับทางประกันให้ทางโรงพยาบาลนำเอกสารให้คนไข้เซ็นต์เพื่อขอดูประวัติ ผ่านมาหลายวัน ประกันโทรมาแจ้งว่าจะส่งเอกสารให้เราเซ็นต์เพิ่ม ในการขอประวัติการรักษา หลังจากนั้นอีกหลายวัน ผมก็โทรตาม แจ้งว่าไม่มีเอกสารมา เลยขอให้ส่งทางอีเมล์ และไปยื่นด้วยตัวเองที่สาขาซีคอนบางแค หลักจากนั้น ก็เริ่มมีโรงพยาบาลโทรเข้ามา ให้เรายืนยันตัวตน และแจ้งให้เรายินยอมเปิดเผยข้อมูล แรกๆก็ตกใจ ไม่รู้เป็นแก๊งค์คอลเซ็นเตอร์ หรือ มิจฉาชีพหลอกลวงหรือเปล่า แต่ก็ยินยอมในบางสายที่พอเข้าใจได้ บางสายที่ต้องขอให้ส่งสำเนาบัตรหรือขอข้อมูลส่วนตัวก็จะตัดสายไป ผ่านมาจนเดือนธันวาคม ได้โทรติดตาม เลยแจ้งไปว่าถ้าไม่สามารถจ่ายประกันได้ภายในปีนี้ ให้คืนเงินทั้งหมดมา ไม่ใช่ให้เรารอหรือตามไปเรื่อยๆ ผมเองก็ลืมไปแล้วว่าได้ทำประกันไว้ ทางเจ้าหน้าที่เลยแจ้งว่าประมาณวันที่ 5 มกราคม จะแจ้งมาอีกที 9 มกราคม 2567 ได้รับเงิน โอน 53278.30 บาท เลยทราบว่าโดนบอกล้างกรมธรรม์ 10 มกราคม 2567 เจ้าหน้าที่โทรมาแจ้งว่าจะบอกล้างกรมธรรม์ แต่ก็สอบถามสาเหตุว่าเพราะอะไร เจ้าหน้าที่ตอบไม่ได้ แต่แจ้งกลับมาว่าจะมีเจ้าหน้าที่อีกท่านมาชี้แจง เวลาบ่ายโมงมีเจ้าหน้าที่โทรมาชี้แจ้งว่าบอกล้างกรมธรรม์เนื่องจากทางผมไม่ได้แจ้งว่า. 1. เคยมีประวัติเข้าโรงพยาบาล เคยหยุดหายใจขณะนอนหลับ ผมเลยแย้งไปว่าผมไม่ได้ตายหรือหยุดหายใจขณะนอนหลับ น่าจะเป็นการที่เคยทำ sleep test และผลสรุปก็ไม่ได้มีอะไร 2. ทางลูกค้าได้กรอกประวัติ เองหรือไม่ ตอนแรกไม่แน่ใจ แต่พอไปเปิดกรมธรรม์ถึงนึกออกว่า ทางเจ้าหน้าที่สัมภาษณ์และเราก็ตอบตามความจริง ซึ่งตอนแรกผมก็กังวลเพราะแจ้งไปว่าเคยดูดบุหรี่ ตอนนั้นกำลังลดเหลือวันละ 2 มวนต่อวัน และแจ้งเจ้าหน้าที่ด้วยว่าช่วยตรวจให้ละเอียด เพราะค่าประกันแพง จะยกเลิกประกันสุขภาพตัวเก่า ทางผมเลยแจ้งขออุทรณ์ พนักงานแจ้งว่า ให้ดำเนินการตามสิทธิ์ที่ต้องดำเนินการ ผมเลยแจ้งว่าทำจดหมายผ่านทางสาขาซีคอนบางแค เรียบร้อยแล้ว ทางสาขาแจ้งว่าไม่ทราบว่าดำเนินการอย่างไรต่อไป เจ้าหน้าที่แจ้งว่าจะตามเรื่องให้. ทางสาขาแจ้งว่าจะดำเนินการให้ภายใน 14วัน และอดทนรอผ่านไป15วัน ไม่มีการติดต่อกลับสักสาย ทักแชทใน facebook และแจ้งไปว่าไม่มีการติดต่อกลับ ก็ได้แต่ตอบว่า ขออภัยในความไม่สะดวกครับ ขอประสานงานให้เจ้าหน้าที่ติดต่อกลับที่เบอร์ . ครับ แต่ก็ไม่ได้รับการติดต่อ ทำประกันปีละ 5หมื่นกว่าบาท ทำมา 2 ปี เจอบอกเลิกประกันในวันที่ต้องให้ประกันทำงาน ไม่ฟังเหตุผลกันสักนิด เจ้าหน้าที่ที่โทรมาแจ้งเหตุผลก็น้ำเสียงไม่พอใจที่เราอธิบายอีก ผมควรจะ แจ้งอะไรได้บ้างนอกจากบริษัทเมืองไทยประกัน รบกวนช่วยแนะนำขั้นตอนวิธีการทีครับ ขอบคุณล่วงหน้าครับ,"ผู้ร้องเรียนแจ้งว่าไม่ได้รับเอกสารประกันภัยและต้องไปยื่นเอกสารด้วยตนเองที่สาขาซีคอนบางแค
มีการติดต่อจากโรงพยาบาลเพื่อยืนยันตัวตนและขอความยินยอมเปิดเผยข้อมูล ซึ่งผู้ร้องเรียนระมัดระวังและปฏิเสธการให้ข้อมูลส่วนตัวบางประเภท
หลังจากติดตามเรื่องการจ่ายเงินประกันภายในปี 2566 ได้รับเงินคืนจำนวน 53,278.30 บาท และทราบภายหลังว่ากรมธรรม์ถูกยกเลิกโดยไม่แจ้งเหตุผลชัดเจน
ผู้ร้องเรียนโต้แย้งว่าไม่ได้มีประวัติหยุดหายใจขณะนอนหลับ และเคยกรอกข้อมูลประวัติสุขภาพตามความจริง รวมถึงได้ดำเนินการอุทธรณ์ผ่านสาขาแต่ไม่ได้รับการตอบกลับภายในระยะเวลาที่ระบุ",test,Hybrid,2024,45,4,11.25,0.4977269172668457,0.4659438927968343,0.5340561072031658
42564728,ได้ลงชื่อ ซื้อประกันสุขภาพ AIA เเต่ยังไม่ได้ชำระเงิน เเละไม่ต้องการชำระเงินทำยังไงดีค่ะ พอดี มีเบอร์ของบริษัท โทรเข้าหา พูดคุยเกี่ยวกับประกัน เเละขอมีการบันทึกเสียง เเละเเนะนำต่างๆมา ระหว่างคุย อยากวางสายมาก เเต่ขัดไม่ได้เลย ต่อมา เขาได้ถามข้อมูลส่วนตัว เงื่อนไข สุขภาพ บอกไปหมดเลยค่ะ ที่อยู่ด้วยคะ จากนั้น เราได้บายเบียงจ่ายเงิน จึงยังไม่ได้ทำการจ่าย เราเข้าเงื่อนไขสุขภาพทุกอย่าง เเต่เราไม่ได้ต้องการประกันสุขภาพอันนี้คะ อยากทราบวิธียกเลิก กรณีนี้หน่อยค่ะ พยายามโทรไปยกเลิกเเล้วเเต่ไม่ได้เลย เขาได้ทำการยื้อ พูดต่างๆน่าๆ เเต่เราไม่ได้ต้องการ ไม่รู้จะปฏิเสธอย่างไร ไม่มีเลขกรมธรรม์ กรณีนี้ปล่อยเบลอได้ไหมค่ะ เขาจะส่ง กรมธรรม์มา ที่บ้านหรือไม่ เเต่ยังไม่ได้ชำระเงิน ตอนนั้นเหม่อมากเลยค่ะ ในสาย จึงเออ่อ ตอบรับไป ช่วยหน่อยนะคะ,"ผู้ร้องเรียนซื้อประกันสุขภาพจาก AIA โดยยังไม่ได้ชำระเงินและไม่ต้องการดำเนินการต่อ
ระหว่างการพูดคุย ถูกขอข้อมูลส่วนตัวและประวัติสุขภาพโดยไม่ได้ตั้งใจ พร้อมรู้สึกกดดันในการวางสาย
พยายามยกเลิกหลายครั้งแต่ไม่สำเร็จ เนื่องจากเจ้าหน้าที่ยื้อเวลาและไม่ยอมรับคำปฏิเสธ
สอบถามแนวทางการยกเลิกอย่างเป็นทางการ และความเป็นไปได้ที่บริษัทจะส่งเอกสารโดยไม่มีการชำระเงิน",test,Hybrid,2024,23,4,5.75,0.4171884059906006,0.527938683827718,0.472061316172282
43097160,อย่าซื้อประกันของอินทรประกันภัย 1 2 โดยเฉพาะ 3 ไม่ยอมรับผิดชอบค่าขาดประโยชน์ทั้งหมด และอุปกรณ์ตกแต่งด้วยครับ สืบเนื่องจากกระทู้เดิมครับ งดดราม่า และพวกตัวแทนไม่ต้องออกมาแสดงความคิดเห็นนะครับ พอผมเข้าเคลมเมื่อวันที่ 1 พฤศจิกายน 2567 ถึงวันที่ 16 พฤศจิกายน 2567 พอศูนย์ฯ BMW ถอดกันชนออกมา พลาสติก ABS ด้านในฉีกขาดอีกครับ ต้องส่งเรื่องอนุมัติอีก และต้องรออะไหล่อีกครับ เวลาเปลี่ยนต้องเปลี่ยนเป็นคู่ด้วย และก็เป็นอย่างที่คิดครับ เคลมยาก เคลมนาน เรื่องมาก ประกัน Noname อินทรประกันภัย 3 ผมจอดรถที่ศูนย์ BMW ทั้งหมด 16 วัน แต่จะจ่ายค่าขาดประโยชน์แค่ 5 วันเท่านั้นครับ รถไม่ได้ใช้ตั้ง 16 วัน ผมคงไม่โกหกหรอกครับ ทางศูนย์ BMW เค้าก็ไม่ช่วยผมทำเอกสารหรอกครับ เค้าไม่ทำชื่อเสียงเค้าเสียหรอก ยกเรื่องมาอ้างว่าทำสีน่าจะแค่ 5 วัน แต่คุณไม่คิดถึงว่ามีอะไหล่ข้างในเสียหายอีก ผมก็ไม่อยากได้เงินของคุณหรอก ผมไม่ได้ดูถูกเงินนะครับ แต่มันเป็นสิทธิ์ที่ผมควรจะต้องได้รับในการขาดประโยชน์ในการใช้รถ เงินแค่นี้อะไหล่ตัวเดียวผมยังซื้อในศูนย์ฯ ไม่ได้เลย ผมตามประกันของอินทรประกันภัยอยู่คนเดียว ทั้งๆ ที่ไม่ได้เป็นฝ่ายผิด เจ้าหน้าที่ฝ่านเคลมของอินทรประกันภัยนี่ไม่ต้องพูดถึงเลย อนุมัติยากกว่าอีก รถผมมีติดฟิล์มรอบคัน และค่าขาดประโยชน์ที่ไม่ได้ใช้รถอีก ตอนนี้เค้าส่งทางอีเมล์ หรือไม่ก็ทางโซเชี่ยลหมดแล้ว ยังให้ผมส่งเป็น Paper อีก บอกผมว่าเบิกค่าสินไหม และค่าติดฟิล์มไม่โอนเงินเข้าไม่เกิน 7 วัน ผมต้องโทรตามที่ Call Center อีก งานตัวเองก็ยุ่งมากแล้ว ผมไม่ได้ใช้รถ แถมต้องมายุ่งกับประกันอีก เหนื่อยครับ,"ผู้ร้องเรียนรายงานว่าระหว่างดำเนินการเคลมรถยนต์กับศูนย์ BMW พบว่าพลาสติก ABS ด้านในกันชนฉีกขาดหลังถอดออก ทำให้ต้องขออนุมัติอะไหล่เพิ่มเติมและขยายระยะเวลาการซ่อม
การซ่อมใช้เวลานานรวม 16 วัน โดยผู้ร้องเรียนจอดรถที่ศูนย์ตลอดช่วงเวลาดังกล่าว
อย่างไรก็ตาม บริษัทประกันภัยอนุมัติค่าชดเชยค่าขาดประโยชน์เพียง 5 วัน ซึ่งไม่สอดคล้องกับระยะเวลาที่รถไม่สามารถใช้งานได้จริง
ผู้ร้องเรียนระบุว่าศูนย์ไม่สนับสนุนการทำเอกสารเพื่อชดเชยเพิ่มเติม และเห็นว่าการอ้างเวลาทำสีเพียง 5 วันไม่สะท้อนความจริงของปัญหาที่เกิดขึ้น",test,Hybrid,2024,30,4,7.5,0.4581124484539032,0.622164765993754,0.3778352340062459
43588414,ชับบ์สามัคคีประกันภัย มีสายจากบริษัทโทรมาบอก โปรประกัน คุยกันนานมากกตอนแรกผมว่าจะยกหูทิ้งละ ตอนคุยกันจะมี2ช่วงหลัก คือ 1. ยืนยันครั้งที่หนึ่ง 2. ยืนยันครั้งที่สอง ซึ่งช่วงแรกเนี่ยตอนอธิบายเหมือนประกันจะฟรี ผมเลยตอบตลง ข้าพเจ้านาย.ประสงค์ที่จะสมัคร คือยืนยืนแบบอีดเสียงเอา ช่วงสองตอนให้ยืนยันอีกครั้งเขาบอกจะส่งเอกสารพินัยกรรม กรมธรรม์และอื่นๆ ผมเอะใจเลยถามไปว่า เสียตังค์ไหม ซึ่งก็เสียตังค์แหละผมเลยบอกปัดตกขอยกเลิกหมดเลย ตอนนี้แหละพนักงานพูดขึ้นมางั้นขอส่งแค่ กรมธรรม์ ไปให้ได้ไหมผมเลยถามย้ำอีกที เสียตังค์ไหมครับๆ บอกไม่เสียผมเลยบอกได้ ผ่านไป3วันถึงวันเก็บงวดของเดือน หักผมไปเลย2งวด 960บาท วันนั้นผมเลยโทรไปขอทำเรื่องยกเลิกผมรอตั้งสองอาทิตย์ส่งเมลล์มา ยกเลิกให้แล้ว แต่กรมธรรม์ฉบับนี้ยังมีผลอยู่ คือหักเงินไปแบบไม่คืนแล้วเอาประกันที่ผมไม่ต้องการมาให้แทน ผมเลยส่งเมลล์ตอบกลับ และก็ตอบผมเหมือนเดิมเพิ่มเติมไม่คืนเงิน ส่วนเหตุผลที่ตอบตลงใน ยืนยันครั้งที่หนึ่ง เพราะคิดว่ามันฟรีอยู่แล้วเนื่องจากครั้งก่อนหน้า2ปีแล้วผมฝากเงินครบจำนวนเป็นเวลาเดือน1 แอปธนาคารTTB บอกคุณได้ประกันฟรีซึ่งผมก็ไม่ได้สนใจขนาดนั้นคิดว่าโม้เพราะว่าฝากแค่500บาท ได้ประกันฟรีแถมเบิกได้เยอะอีก กลับเข้าเรื่องผมเลยคิดว่าที่โทรมาบอกประกันและให้ยืนยันเนี่ยคือ ทำพอเป็นพิธีส่วนเหตุผลที่ตอบได้ ไม่ได้ยืนยันครั้งที่สอง คือคิดว่าเขาทำพอเป็นพิธี เพราะรอบแล้วมีแค่ข้อความเด้งมาในแอปแค่นี้เลยแค่นี้ ฿ เขาอัดเสียงทั้งการสนทนาแต่ผมมั่นใจว่าผมปฏิเสธนะตอนคุยข้อสรุปกัน สรุป บริษัท.เหลี่ยมเต๊อะ ธนารคารด้วยสงสัยจะได้เลิกใช้ละปกติจะไม่ใช้อยู่ละเอาแค่เก็บเงินเพราะตัวแอปสวยดูสบายตาแค่นั้นเลย,"มีสายจากบริษัทโทรมาเสนอโปรแกรมประกันพร้อมขอให้ยืนยันการสมัครสองครั้ง โดยในช่วงแรกผู้ร้องคิดว่าเป็นบริการฟรีจึงตอบตกลง
เมื่อรู้ภายหลังว่ามีค่าใช้จ่าย จึงขอยกเลิกทันที แต่บริษัทยังคงหักเงิน 2 งวดรวม 960 บาท
แม้ผู้ร้องจะยืนยันขอยกเลิกและได้รับคำตอบยืนยันทางอีเมล แต่กรมธรรม์ยังคงมีผลและถูกหักเงินโดยไม่มีการคืน
ผู้ร้องระบุว่าไม่ได้มีเจตนาสมัครจริง เนื่องจากคิดว่าเป็นเพียงพิธีกรรม และมีความเชื่อมั่นว่าได้ปฏิเสธการสมัครในช่วงสุดท้าย",test,Hybrid,2025,24,4,6.0,0.4857089817523956,0.6038637955983479,0.3961362044016521
41833329,สวัสดีค่ะ วันนี้อยากมาแชร์ประสบการณ์การเรียกค่าเสียผลประโยชน์จากบริษัทคู่กรณีและความไม่รอบคอบของตัวเองจากการเคลมรถ เริ่มเรื่องจากไปยื่นค่าขาดผลประโยชน์จากบริษัทคู่กรณีเป็นค่าเช่ารถ 12 วัน วันละ 600 ยาท รวม 7200 บาท แต่ ทางบริษัทคู่กรณีบอกว่าให้ได้แค่ 10 วัน เป็นเงิน 600 บาท เนื่องจากในใบเสร็จแจ้งว่าได้เครม 2 กรณี มีเคลมประตูท้ายและประตูซ้ายฝั่งคนนั่ง ซึ่งคู่กรณีที่ไปยื่นเรียกค่าขาดผลประโยขน์เป็นเป็นการเสียหายจากประตูท้ายเท่านั้นเพราะโดนชนที่ท้าย เลยทำให้นึกขึ้นได้ว่าตอนเอารถเข้าศูนย์ไปเคลมให้ใบแจ้งเคลมกับทางศูนย์ไป 2 ใบ เพราะคิดว่าจะได้เสียเวลาทีเดียว ทางศูนย์รับเรื่องและประเมินเวลาประมาณ 10 วันไปก่อน เลยได้ทำการเช่ารถ 10 วัน แต่พอครบ 10 วัน ทางศูนย์โทรมาแจ้งว่ายังดำเนินการให้ไม่เสร็จ ให้เช่ารถต่ออีก 2 วัน พอครบกำหนดรถรับรถรวมซ่อมเป็น 12 วัน ไปถึงศูนย์เพื่อไประบรถและทำการคืนและเช่า แต่เห็นว่าฝั่งประตูด้านซ้ายฝั่งคนนั้งยังไม่ได้ทำการซ่อมและประตูหลังที่ทำมาก็ไม่เรียบร้อย คนรับเรื่องเคลมกับคนที่โทรมาแจ้งให้ไปรับรถคนละคนกัน ทางผู้จัดการก็ขอโทษและแจ้งว่าลูกค้าสะดวกจะรับรถวันหลังไหม เดี๋ยวทางศูนย์จะซ่อมต่อให้เสร็จ แต่ทางบริษทัเช่ารถไม่ยอมให้เช่ารถต่อได้เพราะเจ้าหน้าที่ qc กลับไปแล้ว เลยจำเป็นต้องรังรถตัวเองกลับมาก่อนและคุยกันว่าสะดวกตอนไหนค่อยนำรถกลับไปเคลมในส่วนที่ยังไม่ได้ทำ และจะทำการยกเลิกใบนั้นให้ ก็เลยตกลงตามนั้น พอถึงวันที่มายื่นขอค่าขาดผลประโยชน์ก็เกิดเหตุกล่าที่กล่าวไปข้างต้น เบยโทรหาเจ้าหน้าที่ที่ศูนย์ แต่กลับไปรับคำตอบว่าทำอะไรให้ไม่ได้แล้วเพราะได้ทำใบเสร็จออกมาแล้ว จะขอคุยกับผู้จัดการก็ไม่ยอมจะให้คุยกับคนที่รับเรื่องอย่างเดียวเลยฝากเบอร์โทรไว้ แต่ไม่มีการติดต่อกลับใดๆ เลยกลับมาแจ้งทางบริษัทคู่กรณีว่าเกิดเหตุการณ์แบบนี้ แต่ทางคู่กรณีก็บอกว่าในเมื่อใบเสร็จออกมาแล้วก็คือได้ซ่อมเสร็จสิ้นแล้วและบอกว่าจะให้โทรไปถามศูนย์รถไหม เลยตอบไปว่าโทรได้เลยค่ะ พอบริษัทคู่กรณีโทรไปถามแต่ทางนั้นกลับตอบว่าได้ซ่อมครบทั้ง 2 ใบเคลมแล้วตามใบเสร็จ ตอนนั้นที่ได้ยินเลือดขึ้นหน้ามาก เลยจะขอคุยได้ไหมแต่ไม่มีการตอบรับ ทางบริษัทคู่กรณียังพูดต่อว่า ผมก็ไม่รู้จะทำยังไงเพราะลูกค้ายืนยันว่ายังไม่ได้ซ่อม แต่ผมจะให้ 12 วันนะ 600 บาท ยืดให้จะได้ยุติทั้ง 2 ฝ่าย คิดในใจไหนคุณบอกกับฉันว่าให้ 10 วัน 600 บาทตามใบเสร็จเช่ารถ เลยโทรหาทางศูนย์ก็เล่าเหตุการเพราะเป็นคนละคนที่รับสายว่าทำไมถึงพูดแบบนี้ ทางศูนย์เลยบอกว่าจะตามคนที่รับสายก่อนหน้านั้นมาคุย แต่กลับเงียบไปนานและแจ้งว่าเข้าห้องน้ำอยู่ เลยบอกว่างั้นจะเข้าไปศูนย์วันหลังกลับมาฝั่งบริษัทคู่กรณี ถามเขาว่าถ้าแก้ใบเสร็จแล้วจะได้เงินครบไหม ทางพนักงานก็บอกว่ายังไงก็ได้แค่ 600 เลยคิดว่าไหนๆเรื่องมันก็เกิดแล้ว เพราะความที่ไม่รอบคอบของตัวเองตั้งแต่แรกเลยต้องยอมรับ เลยอยากจะฝากประสบการณ์นี้กับเพื่อนๆค่ะ,"ผู้ร้องเรียนยื่นขอค่าขาดผลประโยชน์จากบริษัทคู่กรณีสำหรับการเช่ารถ 12 วัน เนื่องจากรถต้องซ่อมนานกว่าที่คาดไว้
บริษัทคู่กรณีระบุว่าสามารถให้ค่าชดเชยได้เพียง 10 วัน เนื่องจากใบเสร็จแสดงว่ามีการเคลม 2 กรณี แต่เพียงกรณีเดียวที่ได้รับการซ่อมจริง
ผู้ร้องเรียนชี้แจงว่าขณะยื่นเรื่องไม่ทราบว่ามีการเคลมหลายรายการ และเมื่อรับรถกลับพบว่าประตูด้านซ้ายยังไม่ได้ซ่อม ส่งผลให้ไม่สามารถใช้รถได้อย่างเต็มที่
ผู้ร้องเรียนติดต่อศูนย์ซ่อมและบริษัทคู่กรณีเพื่อแก้ไขแต่ไม่ได้รับการตอบสนองอย่างเหมาะสม และเกิดความขัดแย้งในการยืนยันสถานะการซ่อมและการจ่ายเงิน",test,Hybrid,2023,30,4,7.5,0.5536573529243469,0.6216082572937012,0.3783917427062988
43687059,แบ่งปันประสบการณ์ตรงจากการเป็นลูกค้าประกันชีวิตและสุขภาพกับบริษัท อลิอันซ์ อยุธยา Allianz Ayudhya วันนี้ขออนุญาตมาแบ่งปันประสบการณ์ตรงจากการเป็นลูกค้าประกันชีวิตและสุขภาพกับบริษัท อลิอันซ์ อยุธยา Allianz Ayudhya เพื่อเป็นข้อมูลให้ทุกท่านได้ใช้ประกอบการตัดสินใจ เรื่องราวเริ่มต้นขึ้นเมื่อไม่นานมานี้ รู้สึกป่วยและต้องการใช้สิทธิ์ประกัน จึงค้นหาเล่มกรมธรรม์แต่หาไม่พบ เลยตัดสินใจเปิดดูข้อมูลในแอปพลิเคชันแทน แต่สิ่งที่ทำให้ต้องประหลาดใจคือ เมื่อไล่ดูประวัติการชำระเงินก็พบว่าค่าเบี้ยประกันภัยกลับปรับตัวสูงขึ้นทุกปี โดยเฉพาะปีล่าสุดที่พุ่งสูงขึ้นเกือบ 4000 บาท ทั้งที่ตลอดระยะเวลา 8 ปีที่ผ่านมา เคยเคลมค่ารักษาพยาบาลไปเพียงครั้งเดียวเท่านั้น ด้วยความสงสัยว่าเบี้ยประกันที่จ่ายไปในแต่ละปีประกอบด้วยค่าใช้จ่ายอะไรบ้าง จึงพยายามติดต่อ Call Center ถึงสองครั้ง ครั้งแรกยังไม่ได้รับคำตอบที่ชัดเจนนัก ส่วนครั้งที่สองเจ้าหน้าที่กลับพูดเร็ว ใช้คำย่อภาษาอังกฤษจนจับใจความแทบไม่ได้ สุดท้ายจึงตัดสินใจส่งอีเมลเพื่อขอรายละเอียดเบี้ยประกันอย่างเป็นลายลักษณ์อักษร พร้อมสอบถามเกณฑ์การปรับเบี้ยในแต่ละปี แต่สิ่งที่ได้รับกลับเป็นเพียงการตอบกลับสั้นๆ ว่า ส่งเรื่องประสานงานแล้ว จากนั้นก็เงียบหายไป. นี่เข้าสู่วันที่สามแล้ว การติดตามเรื่องยังคงเงียบสนิท ยอมรับว่ารู้สึกผิดหวังกับการดูแลลูกค้าที่อาจจะแย่ยิ่งกว่าการไปใช้บริการในห้างสรรพสินค้าเสียอีก เมื่อนำเรื่องนี้ไปโพสต์ใน Facebook กลับมีเจ้าหน้าที่เข้ามาให้ข้อมูลว่าสามารถขอเอกสารในรูปแบบ e Policy ได้โดยไม่มีค่าใช้จ่าย ซึ่งเป็นข้อมูลที่การโทรสอบถามสองครั้งก่อนหน้าไม่เคยมีใครแจ้งเลยแม้แต่น้อย มีแต่เพียงคำตอบว่าต้องชำระเงิน 500 บาทเพื่อขอเล่มกรมธรรม์ใหม่เท่านั้น ในส่วนของขั้นตอนการเคลมนั้น แม้จะไม่สามารถตัดสินได้ว่าดีหรือไม่ดี แต่จากประสบการณ์ที่เคยเจอคือ ความล่าช้า อย่างมาก และหากเปรียบเทียบความคุ้มครองกับเบี้ยที่จ่าย ขอใช้คำว่า ไม่คุ้มค่า สิ่งที่ต้องการจะสะท้อนให้เห็น คือ ขนาดเรื่องง่ายๆที่ไม่เกี่ยวกับเงิน บริษัทยังให้บริการเช่นนี้ ลองจินตนาการดูว่าหากเป็นกรณีที่เราต้องการเคลมค่ารักษาพยาบาลในยามฉุกเฉินจริงๆ เราจะต้องเผชิญกับอะไรบ้าง ในเมื่อตลาดประกันภัยมีตัวเลือกอีกมากมาย เราจำเป็นต้องทนกับการบริการแบบนี้หรือไม่ ส่วนตัวยึดหลักง่ายๆ ว่า เมื่อเราเป็นผู้จ่ายเงิน เราไม่จำเป็นต้องง้อใคร หากบริษัทไหนดูแลเราไม่ดี เราก็เพียงแค่เลือกใช้บริการจากที่อื่น และอย่าเชื่อลมปากของตัวแทนเด็ดขาด ด้วยเหตุผลทั้งหมด ได้ตัดสินใจแล้วว่าจะไม่ต่อสัญญากรมธรรม์ประกันวินาศภัยทั้ง 3 ฉบับ ที่จะหมดอายุในเดือนกันยายน ปี 2568 และจะทยอยย้ายกรมธรรม์ประกันชีวิตและสุขภาพของทุกคนในครอบครัวไปยังบริษัทอื่น พร้อมทั้งจะทำให้มั่นใจว่าคนในครอบครัวและเพื่อนจะไม่มอบความไว้วางใจให้กับบริษัทนี้อีกต่อไป บทความนี้เขียนขึ้นเพื่อเป็นข้อมูลประกอบการพิจารณา หากท่านได้อ่านและรับทราบถึงความเสี่ยงนี้แล้ว แต่ยังตัดสินใจเลือกใช้บริการ ก็สุดแล้วแต่การตัดสินใจของท่าน และโปรดยอมรับผลที่จะตามมาในอนาคตด้วยตนเอง เพราะท่านได้รับทราบข้อมูลจากคำเตือนนี้แล้ว ชื่อสินค้า อลิอันซ์ อยุธยาAllianz Ayudhya คะแนน CR Consumer Review,"ผู้ร้องเรียนส่งอีเมลขอข้อมูลเบี้ยประกันและเกณฑ์การปรับเบี้ยแต่ได้รับคำตอบเพียงว่าส่งเรื่องประสานงานแล้ว แล้วไม่มีการติดตามหรือแจ้งผลเพิ่มเติมเป็นเวลาหลายวัน
จากการสอบถามเพิ่มเติมพบว่าบริษัทระบุว่าต้องชำระค่าธรรมเนียม 500 บาทเพื่อรับกรมธรรม์ฉบับใหม่ แม้จะมีทางเลือกเป็น e-Policy โดยไม่มีค่าใช้จ่าย
ผู้ร้องเรียนแสดงความผิดหวังต่อการบริการลูกค้าที่ล่าช้าและขาดความโปร่งใส โดยเฉพาะเมื่อเทียบกับความคุ้มครองที่ได้รับเมื่อเทียบกับเบี้ยที่จ่าย
จากประสบการณ์ดังกล่าว ผู้ร้องเรียนตัดสินใจไม่ต่ออายุกรมธรรม์ประกันภัยทั้งสามฉบับ และจะย้ายบริการไปยังบริษัทอื่นพร้อมเตือนผู้อื่นให้พิจารณาความเสี่ยงในการใช้บริการ",test,Hybrid,2025,44,4,11.0,0.4290602803230285,0.5583519538243611,0.4416480461756389
41853434,ประกันชีวิต เรื่องมีอยู่ว่า เมื่อวันที่1 11 65 ได้มีพนง.ขายประกันของบ.แห่งนึงได้โทรมาถามขายประกันให้กับเรา เราก็ได้ตกลงไป แล้ววันรุ่งขึ้นเขาก็ได้ส่งเซลแมนมาเก็บตังที่เรา พอเดือนที่2 วันที่1 12 65 ซึ่งเป็นวันครบกำหนดชไระเบี้ยประกัน แต่ช่วงนั้นเราช้อตเราก็เลยไม่ได้จ่ายชำระเข้าไป พอมาช่วงประมาณวันที่14 12 65 ก็มีพนง.ของประกันโทรเข้ามาสอบถามว่าเราได้ทำการชำระเบี้ยประกันงวดนี้หรือยัง เราก็ได้บอกเขาไปว่ายัง เพราะไม่มีเงิน เราหมุนเงินไม่ทัน แล้วพอล่าสุดวันที่15 มกรา ก็โทรมาหาเราอีกเขาก็ถามแบบเดิม เราก็เลยตัดปัญหาไปว่า ขอยกเลิกค่ะ ไม่ทำแล้ว แล้วทางนั้นก็ถามเราว่าลูกค้าแน่ใจใช่มั้ยคะคิดดีแล้วใช่มั้ยที่จะทำการยกเลิกกรมธรรม์ เราก็บอกใช่ ทีนี้เขาให้เราส่งเล่มกรมธรรม์กลับคืนไป แต่เราไม่ได้ส่งกลับ เราลืม เราไม่มีสะดวกไปส่ง พอล่าสุดเมื่อวาน2 2 66 พนง.ก็ได้โทรมาหาเราบอกเราว่าตัวประกันเดิมที่ทำไว้ ที่เราขาดส่งเดือนธันวากับมกราที่ผ่านมา มันจะครบปีแล้ว ทางผู้บริหารก็เลยคุยกันว่าจะเอายังไง ทางนั้นก็ไม่อยากเสียข้อมูลลูกค้า ก็เลยส่งช่วงต่อมาให้ผม ทีนี้พนง.มันก็ถามว่าทำไมเราไม่ส่งยอด เราก็บอกไปว่าเราช็อตหมุนเงินไม่ทัน ขายของไม่ค่อยดี ทีนี้มันก็บอกว่าเข้าใจครับพี่ แต่ตัวประกันประกันชีวิตที่พี่เคยทำไว้แล้วพี่ไม่ได้ส่งต่อ แล้วมันเลยมา90วัน แล้วบริษัทก็เลยสำรองออกให้ก่อน ทีนี้ตัวใหม่ที่จะให้พี่ทำเนี่ย ผมได้เอายอดที่พี่เคยจ่ายไว้2028 บาท มายกยอด กับตัวใหม่ที่จะให้พี่ส่งต่อ แต่คือส่งยอดเท่าเดิม 2028บาท เราก็เลยลังเลสองจิตสองใจว่าจะทำดีมั้ย เราก็ตอบๆไป สักพักพนง.มะนก็อธิบายรายละเอียด บลาๆ เราก็เลยบอกไม่ทำละไม่เอาละ มันก็เลยวางสายเราไปแล้วให้อีกคนโทรมา เราก็บอกไปนะว่าไม่ทำแล้วไม่เอาแล้ว ทีนี้มันก็อธิบายว่า ข้อมูลที่เรามีอยู่คือข้อมูลที่พี่เคยให้ไว้ ถ้าพี่ไม่ทำตอนนี้ อนาคตข้างหน้าถ้าพี่คิดจะทำตอนอายุ25 30 ตัวระยะยาวเบี้ยมันจะแพง แล้วถ้าพี่ปฏิเสธ พอประกันรถพี่ครบปีพี่ก็ต้องต่อใช่มั้ยพี่ก็ต้องหาเงินก้อนมาจ่ายให้ประกัน เพราะเขาเอาเงินตรงนี้ไปสำรองจ่าย เราก็พยายามปฏิเสธว่าไม่ทำๆ มันก็ไม่ยอม จนเราไปปรึกษาแม่ แม่เราก็บอกเออทำๆไป เราก็เลยตอบตกลง ทีนี้พนง.คนนี้ก็เลยพูดๆ ละบอกเราว่าพน.จะได้ให้เซลแมนของสาขาที่เราอยู่เข้าไปเอากรมธรรม์เล่มใหม่ให้ แล้วให้เราส่งตัวเก่ากลับไป จนวันนี้3 2 66 วันที่นัดให้เซลแมนเข้ามาเอาตัวกรมธรรม์อันใหม่ให้ ให้เราชำระเงินงวดสอง เราเปลี่ยนใจไม่อยากทำแล้ว เลยอยากจะถามพี่ๆหน่อยค่ะ ว่าเราสามารถยกเลิกได้มั้ยตัวใหม่ที่จะทำการชำระเงิน เล่มกรมธรรม์ตัวใหม่ แล้วจะมีผลอะไรตามมารึป่าว ปล.เล่มกรมธรรม์ตัวเก่าทางบ.ได้ทำการยกเลิกให้แล้วค่ะ ปล.2 ตัวประกันรถกับตัวประกันชีวิตที่พนง.เสนอให้เราคนละบริษัทประกัน แต่ในเครือTQM ค่ะ,"ลูกค้าได้รับการติดต่อจากพนักงานเพื่อแจ้งว่ากรมธรรม์เดิมที่ไม่ได้ชำระยอดต่อเนื่องอาจถูกยกเลิกหลังครบ 90 วัน
บริษัทเสนอกรมธรรม์ใหม่โดยคงเบี้ยจ่ายเท่าเดิม 2,028 บาท และขอให้ส่งกรมธรรม์ฉบับเก่ากลับ
ลูกค้าแสดงความไม่ประสงค์จะทำต่อหลายครั้ง แต่ถูกชักจูงให้เปลี่ยนใจหลังปรึกษาครอบครัว
ปัจจุบันลูกค้าต้องการสอบถามว่าสามารถยกเลิกกรมธรรม์ฉบับใหม่ได้หรือไม่ และมีผลกระทบใดตามมาหรือไม่",test,Hybrid,2023,48,4,12.0,0.4784656465053558,0.4612493515014648,0.5387506484985352
42342888,นี่คือกระบวนการทำงานของประกันของบริษัท Chubb ใช่ไหม ใครเข้าใจกระบวนการทำงานของประกันช่วยอธิบายเราที เพราะตอนนี้ งง และปวดหัวมาก คือเราทำแผนประกันโรคเนื้องอกผู้หญิง ถ้าพบคุ้มครองค่าผ่าตัดให้ และเราทำมาจะร่วมปี ก็เลยไปพบคุณหมอสูติโรงพยาบาลรัฐแห่งหนึ่ง ก็ตรวจพบ แต่คราวนี้คุณหมอถามว่าเรามีประกันไหม ถ้ามีแนะนำไปส่องกล้องโรงพยาบาลเอกชน เราก็เลยโทรสอบถามทางประกัน เค้าก็บอกให้ไปตามโรงพยาบาลในเครือได้เลย และทำเรื่องเคลมค่าใช่จ่ายในครั้งแรกเข้ามา เพื่อที่ครั้งต่อไปจะได้ใช้ Fax claim ที่เราไม่ต้องสำรองเงินจ่ายก่อน เราก็ทำตามเป็นสเต็ปตามที่เจ้าหน้าที่บอกทั้งหมด จนได้เงินค่าเคลมครบเรียบร้อยแล้ว คราวนี้มาถึงประเด็นที่ งง และไม่เข้าใจเป็นอย่างมาก ทางโรงพยาบาลเอกชนได้มีฝ่ายประกันทำเรื่อง Fax claim ให้เรา เจ้าหน้าที่ก็ยื่นเอกสารของเราทั้งหมด ที่ตรวจสุขภาพกับทางโรงพยาบาล พร้อมใบrefer จากโรงพยาบาลรัฐ แต่สรุปผลไม่ผ่าน เพราะข้อมูลน้อยเกินไป ต้องให้เราสำรองเงินก่อน แล้วมาทำเรื่องเคลมอีกครั้ง นี่เลย งง ว่า ทำไมถึงไม่ผ่าน เพราะเอกสารก็ตัวเดียวกัน พอโทรถามเจ้าหน้าที่ประกัน ก็ตอบกลับมาว่าให้ทางโรงพยาบาลทำเรื่องเข้ามาใหม่ ทางโรงพยาบาลก็ช่วยทำเรื่องเข้าไปให้ถึง 3 ครั้ง แต่ยังได้คำตอบเหมือนเดิม ล่าสุดวันนี้โทรถามเจ้าหน้าที่ประกัน ก็ตอบกลับมาว่า ต้องตรวจสอบ เพราะว่าเรามีการรักษาโรงพยาบาลอื่น ซึ่งจากใบ refer ที่แนบไปที่แสดงให้ฝ่ายสินไหมเห็นว่าเราไปตรวจจากโรงพยาบาลรัฐนี้มาด้วย แต่เราเบิกเคลมผ่านเรียบร้อยแล้วกับโรงพยาบาลรัฐนี้ พร้อมเจ้าหน้าที่ของโรงพยาบาลก็แนบเอกสารการรักษาจากโรงพยาบาลรัฐไปให้ทั้งหมดเรียบร้อย ที่สำคัญเจ้าหน้าที่ประกันบอกว่าจะทำการตรวจสอบได้ก็ต่อเมื่อ ลูกค้าต้องทำการสำรองเงินจ่ายไปก่อนแล้วทำเรื่องเคลมเข้ามา ถึงจะเริ่มตรวจสอบประวัติการรักษาจากโรงพยาบาลอื่น เอ๊ะะ มันใช่หรือ ที่สำคัญนะ เจ้าหน้าที่ประกัน บอกเราว่า ถ้าลูกค้าไม่พร้อมที่จะจ่ายก่อน ก็ไปใช้สิทธิ์บัตรทอง 30 บาท มันใช่ไหม ที่จะมาพูดแบบนี้ แล้วคือเราทำประกันทำไมอ่ะ คำถาม 1. ทำไมประกันต้องตรวจสอบอีก ทั้งๆ ที่เคลมครั้งแรกผ่านเรียบร้อยแล้ว เอกสารก็ตัวเดียวกัน ประกันตัวเดียวกัน และเงินคืนผ่านครบ ได้รับหมดแล้ว แต่พอทำ Fax claim ไม่ผ่าน แล้วรอบแรกที่เคลมไป นี่ไม่ได้ตรวจสอบหรือ เลยไม่มีผลสรุปว่าตรวจสอบมาแล้ว 2. ทำไมจะตรวจสอบได้ หลังจากการที่ลูกค้า สำรองเงินจ่ายไปแล้ว ทำไมไม่ตรวจสอบก่อน เพื่อที่ลูกค้าไม่ต้องสำรองเงินจ่าย และเรามาเห็นหลายๆ โพสกับบริษัทนี้ ทำเรื่องเคลมยากมากในค่าผ่าตัด ยื้อแล้วยื้ออีก อย่างงี้ในเคสของเรา กำลังโดนบริษัทประกันนี้ เล่นเกมเพื่อที่จะได้ไม่ต้องจ่ายค่าผ่าตัดให้เราใช่ไหม ดูทรงแล้ว เราว่าถ้าเราสำรองเงินจ่ายไป คงไม่ได้ตืนอย่างแน่นอนใช่ไหม เพราะดูแล้วเล่นแง่เหลือเกิน หรือเราไม่เข้าใจกระบวนการ การทำงานของประกัน ถ้าใครรู้แนะนำที ว่าต้องทำอย่างไร เพราะเสียสุขภาพจิตมาก อยากรู้คำตอบมาก เจ้าหน้าที่โรงพยาบาลบอก ไม่เคยเจอเคสแบบเรา ปกติทำเรื่อง Fax claim ก็ผ่านตลอด ไม่ว่าจะถูก refer มาจากโรงพยาบาลอื่น ก็ยื่นผ่านหมด แต่เราไม่ผ่าน ทางโรงพยาบาลก็ยังสับสนมากเช่นกัน ขอบคุณคะ,"ลูกค้าได้ดำเนินการตามขั้นตอนที่เจ้าหน้าที่แนะนำในการยื่นเรื่องเคลมค่าใช้จ่าย รวมถึงการส่งเอกสารประกอบการเคลมครบถ้วน
แม้จะยื่นเรื่องผ่านโรงพยาบาลเอกชนด้วยการส่งเอกสารและใบ refer จากโรงพยาบาลรัฐ แต่กลับถูกปฏิเสธเนื่องจากข้อมูลไม่เพียงพอ
ลูกค้าสอบถามไปยังเจ้าหน้าที่ประกันแล้ว พบว่าต้องชำระเงินเองก่อนจึงจะสามารถตรวจสอบประวัติการรักษาที่โรงพยาบาลอื่นได้
เจ้าหน้าที่ประกันระบุว่าหากไม่สามารถจ่ายก่อน ควรใช้สิทธิ์บัตรทองแทน ซึ่งทำให้ลูกค้ารู้สึกสับสนและไม่เข้าใจกระบวนการ",test,Hybrid,2023,47,4,11.75,0.458024114370346,0.5730521281560261,0.4269478718439738
42928564,มีปัญหาเรื่องการทำประกันชีวิต AIA ทำไงดี พ่อเราทำประกันกับกรุงไทยแอกซ่าเราจะเรียกว่า เล่ม1 เมื่อส่งเงินครบตามสัญญา ตัวแทนประกันมาหาที่บ้านเพื่อชักชวนทำประกันเล่มใหม่ โดยยื่นข้อเสนอว่า ไม่ต้องจ่ายเงินเพิ่ม แต่ทางตัวแทนจะดำเนินการดึงเงินจากกรมธรรม์เล่ม 1 มาส่งให้กรมธรรม์เล่มใหม่ ซึ่งก็เป็นของแอกซ่า เป็นเล่มที่ 2 เมื่อตัวแทนประกันยื่นข้อเสนอต่างๆ เกี่ยวกับผลประโยชน์ พ่อจึงตัดสินใจทำ และมีการดำเนินการนำเงินออกจากเล่ม 1 มาใส่เล่ม 2 จริง โดยมีการทำธุรกรรมผ่านเจ้าของบัญชี ซึ่งหมายความว่าได้รับการยินยอมโดยตรงจากพ่อ แต่เมื่อถึงปีที่ 2 ที่ต้องจ่ายเล่มที่ 2 ทางตัวแทนแจ้งว่าให้หยุดจ่ายเล่มที่ 2 และให้มาทำเล่มที่ 3 จะได้สิทธิประโยชน์ดีกว่า และเงินที่จ่ายไปในเล่มที่ 2 ทางตัวแทนจะดำเนินการชดใช้คืนให้ในการจ่ายงวดสุดท้ายของการจ่ายเล่มที่ 3 เพราะนั่นเป็นจรรยาบรรณของตัวแทน คำกล่าวอ้างของตัวแทน ซึ่งเล่ม 3 เป็นของ AIA ชื่อตัวแทนประกันไม่ใช่ชื่อเดิมกับเล่ม 2 แต่ใช้เบอร์โทรติดต่อตัวแทนเล่ม 2 แอกซ่า และเล่ม 3 AIA เบอร์เดียวกัน ปัจจุบันติดต่อไม่ได้ เมื่อได้เริ่มต้นจากปีแรกแล้ว พ่อจึงตัดสินใจเชื่อมั่นในตัวแทนประกัน และทำตามที่ตัวแทนประกันชักชวน เริ่มจ่ายเล่ม 3 AIAได้ 1 ปี โดยการดึงเงินออกจาก ประกันเล่ม 1 เช่นเดิม และเมื่อครบกำหนดจ่ายในปีที่ 2 สิงหาคม 2566ทางตัวแทนเงียบหาย ไม่ติดต่อ พอติดต่อได้ ตัวแทนประกันแจ้งว่าติดปัญหา ยังไม่สามารถดึงเงินออกมาจ่ายได้ แต่ลูกค้าไม่ต้องกังวล ไม่มีปัญหาแน่นอน และเงียบหายไปอีก มีการติดต่อพูดคุยกันหลายครั้งซึ่งติดต่อยากมากๆ และได้คำตอบเดิม คือ มูลค่าเงินในเล่มแรกยังไม่เพียงพอที่จะดึงมาจ่ายในเล่มที่ 3 ต้องรอเวลาก่อน จนในที่สุดประมาณปลายปี 66 มีการนัดพูดคุยกัน ตกลงกันได้ว่า ทางเราจะดำเนินการดึงเงินออกมาเอง และจะดำเนินการจ่ายเอง แต่ขอให้ทางตัวแทนปรับยอดการส่งเงินประกันให้ยอดเงินที่ต้องจ่ายน้อยลง และหากพบปัญหาใดๆ ตัวแทนยินดีให้คำปรึกษาทุกอย่าง และยังยืนยันว่า เงินงวดสุดท้ายจะชดเชยให้ และหลังจากนั้นเราจะเข้าไปดำเนินการตามที่ตัวแทนประกันแนะนำแต่เราทำไม่ได้ เราจึงพยายามติดต่อกับทางตัวแทนประกันเพื่อขอคำแนะนำ แต่ไม่สามารถติดต่อได้อีกเลย ซึ่งเราพยายามสอบถามเพื่อนที่ขายประกัน หลายคนบอกว่าจะทำแบบนี้ไม่ได้ เราไม่น่าไปทำแบบนี้เลย ล่าสุดมีโอกาสได้คุยกับตัวแทนประกัน คนที่เขาดูแลเพื่อนร่วมงานเราอยู่ เขาได้ให้คำแนะนำ และตรวจสอบข้อมูลให้เบื้องต้น สรุปว่า เราไม่ได้รับการดำเนินการใดๆ จากการรับปากของตัวแทนล่าสุดเลย ไม่มีการปรับเบี้ยประกันใดๆ ตามที่เขาแจ้งว่าดำเนินการเรียบร้อยแล้ว ผลจากการที่เราโง่เขลา ไม่ศึกษาหาความรู้ และหลงเชื่อคำพูดของตัวแทนประกัน ตอนนี้เราได้เรียนรู้และเราถือว่านั่นคือบทเรียนที่จะทำอะไรต้องรอบคอบกว่านี้ พ่อเราต้องกลับไปทำให้ประกันเล่มแรกที่ไปนำเงินออกมา ให้สถานะสมบูรณ์ตามเดิม ด้วยยอดเงินทั้งหมดรวมดอกเบี้ย ประมาณ 5500 บาท ที่ต้องจ่ายคืน ตอนนี้ดำเนินการชดเชยเงินที่ดึงออกมาจากเล่ม 1 เรียบร้อยแล้ว ติดต่อไปที่ คปภ. แล้ว เขาแนะนำให้ติดต่อบริษัทประกัน กรุงไทยแอกซ่า เล่ม 2 บริษัทประกันให้พยายามติดต่อหาตัวแทน แต่สถานะเล่มกรมธรรม์ไม่มีผลแล้ว บริษัทดำเนินการอะไรให้ไม่ได้ AIA ติดต่อ call center ยากมาก ล่าสุด ฝากข้อความไว้ รอเจ้าหน้าที่ติดต่อกลับ ทั้งหมดที่เราเล่ามานั้น เราเพียงหวังว่าเราจะได้รับการดูแล ไม่มากก็น้อย และเราจะสามารถทำอะไรได้มากกว่านี้ไหม ถึงแม้สำหรับบางคน เงินที่เสียไปอาจจะไม่มากมาย แต่สำหรับบางคน เงินนั้นก็มีประโยชน์มหาสาร เราไม่ได้โทษบริษัทประกันนะคะ แต่เราโกรษจรรยาบรรณของตัวแทนขายประกันมากกว่า มีคำถามหนึ่งเกิดขึ้นในหัว ตอนเสนอขายบอกว่าจะดูแลเราเป็นอย่างดี ดำเนินการให้ทุกอย่าง แต่พอมีปัญหาทำไมลูกค้าต้องแบกรับภาระ และแก้ปัญหาเองทั้งหมด คนเฒ่าคนแก่ที่ไม่รู้เรื่องอะไร ก็หวังพึ่งแต่ตัวแทนประกันนั่นแหละที่จะดูแล ในฐานะที่เราพลาดมาก่อน ฝากเป็นข้อคิดสำหรับทุกท่านนะคะ เราซื้อประกันจากตัวแทนประกันก็จริง ถ้าตัวแทนประกันเราน่ารัก ดูแลเราดีสม่ำเเสมอ มีจรรยาบรรณ จริงใจในการดูแล นับว่าเป็นเรื่องที่ดีมากๆ แต่เราเองก็ไม่ควรเชื่อใจตัวแทนมากนัก เมื่อเราซื้อประกันแล้ว การติดต่อประสานงานกับบริษัทโดยตรง เป็นเรื่องที่ดีและสำคัญมาก ๆ จากประสบการณ์การได้รับคำเสนอขายประกันมา ส่วนใหญ่มักจะพูดถึงผลประโยชน์ที่ได้รับ ชักชวนให้สนใจ ส่วนข้อเท็จจริงหลักๆ บางเรื่องกลับไม่กล่าวถึง สุดท้ายแล้วผู้ซื้อประกันชีวิตเองต้องมีไหวพริบที่สุด รู้เท่าทันผู้ขาย หาความรู้เพิ่มเติมก่อน ตัวแทนประกันถูกฝึกมาอย่างดีในเรื่องการเสนอขาย คำพูดคำจาน่าเชื่อถือไปหมด ระวังกันด้วยนะคะ,"มีการโอนเงินจากเล่มประกันที่ 1 ไปยังเล่มที่ 2 ตามคำแนะนำและได้รับการยินยอมจากผู้เอาประกันภัย
ตัวแทนประกันแจ้งให้หยุดจ่ายเล่มที่ 2 และเปลี่ยนมาทำเล่มที่ 3 เพื่อรับสิทธิประโยชน์ที่ดีกว่า โดยอ้างว่าจะคืนเงินที่จ่ายไปในเล่มที่ 2 ในงวดสุดท้ายของเล่มที่ 3
แม้ชื่อบริษัทประกันภัยจะต่างกันระหว่างเล่มที่ 2 กับเล่มที่ 3 แต่เบอร์โทรศัพท์ติดต่อเป็นเบอร์เดียวกัน
เมื่อถึงกำหนดจ่ายงวดปีที่สองในเดือนสิงหาคม พ.ศ. 2566 ตัวแทนประกันไม่สามารถติดต่อได้ และเมื่อติดต่อได้อีกครั้งก็พบว่าไม่สามารถดำเนินการตามคำม承诺ได้",test,Hybrid,2024,87,4,21.75,0.4247622489929199,0.6717531681060791,0.3282468318939209
42036471,ซื้อประกันกับ fwd และบริการที่แสนเสียความรู้สึก สวัสดีค่ะ วันนี้อยากมาแชร์การซื้อประกันครั้งแรกของตัวเองกับบริษัท fwd ขออนุญาตเอ่ยนามบริษัทเผื่อเป็นประโยชน์สำหรับสมาชิกคนอื่นค่ะ และจะให้ดีถ้าทางบ.นำไปปรับปรุงด้วยจะดีมากค่ะ บอกเลยว่าเรื่องนี้โคตรเสียความรู้สึก ทั้งๆที่เป็นการซื้อประกันครั้งแรกในชีวิตของเรา . เรื่องเริ่มจากทางบริษัทพยายามโทรมาขายบริการให้เรา โทรสายแล้วโทรสายเล่า โทรไม่หยุด ตอนแรกก็ปฏิเสธไปนั่นแหละ แต่ด้วยความรำคาญเลยรับสายในที่สุด แรกๆก็ฟังผ่านๆ ร่ำๆจะปฏิเสธแล้ว แต่ฟังไปฟังมา ก็คิดถึงคนข้างหลัง อยากมีประกันชีวิตซักเล่ม เผื่อตายที่บ้านจะได้มีเงินใช้ แม้ว่ามันจะเป็นจำนวนที่ไม่มากอะไรแต่ก็ดีกว่าไม่มีเลย อายุเราก็ยังไม่มาก ก็เลยตัดสินใจทำกับเขาไปในที่สุด หลังวางสายมาดูกระทู้ในพันทิพย์ มีแต่เรื่องแย่ๆของทางบริษัท ส่วนตัวก็ยิ้มขำ คิดว่าถ้าฟังรายละเอียดดีๆแล้วตัวเองรับได้ ปัญหามันก็ไม่น่าจะเกิด อีกอย่างกระทู้มันก็เก่าแล้ว ผ่านมาสี่ห้าปี ป่านนี้ทางบริษัทคงจะปรับปรุงแล้วบ้างแหละ แต่ปัญหามันก็เกิดจนได้ เย็นวันเดียวกัน เจ้าหน้าที่อีกคนโทรมาแจ้งรายละเอียดประกันเพิ่มเติม อ้างว่าไฟล์เสียงที่ได้ไปเสียงไม่ชัด และประกันที่เขาแจ้งก็มีรายละเอียดไม่ตรงกับคนแรกเท่าไหร่ แต่ส่วนตัวไม่ค่อยตกใจเพราะไปอ่านกระทู้คนอื่นมาแล้ว และส่วนตัวค่อนข้างรับได้จะให้ดี ทีหลังควรแจ้งตั้งแต่ทีแรก . หลังจากทำประกันเสร็จ เราก็ไปเล่าให้พ่อแม่ฟังปกติเราจะเล่าอะไรให้ที่บ้านฟังอยู่แล้วเป็นเรื่องปกติ แต่แม่บอกว่า หากเป็นคนพิการ บริษัทประกันเขาไม่คุ้มครอง เราก็ตกใจสิ ตังก็จ่ายไปแล้ว แผนประกันที่ทำไว้ก็ส่งตั้งสิบปี ต้องส่งฟรีเสียเงินทิ้งหรอ เลยติดต่อกลับไปทางบริษัทด้วยหมายเลขของ 1351 เจ้าหน้าที่บอกว่า ให้เราส่งเอกสารทางอีเมล์ แจ้งไปว่าเราพิการแล้วทางบริษัทจะพิจารณาอีกที พร้อมให้อีเมล์มาเสร็จสับ ลืมบอกค่ะ ตอนที่ตัดสินใจทำประกันครั้งแรก เราแจ้งฝ่ายขายคนนั้นไปแล้วว่าเราพิการ ไม่ใช่ไม่บอกนะ . วันรุ่งขึ้นทางบริษัทก็โทรเข้ามาอีก คราวนี้เป็นการสอบถามเรื่อง ได้รับเล่มกรมธรรม์แล้วหรือยัง ซึ่งเราก็มองว่าเป็นสิ่งที่ดี พอจะวางสาย เราก็ถามเขาไปอีกว่า สงสัยว่าคนพิการเนี่ย บริษัทคุ้มครองจริงรึเปล่า ถ้าไม่จะได้รีบๆไปยกเลิก เจ้าหน้าที่ตอบว่า จะให้เจ้าหน้าที่ที่เกี่ยวข้องติดต่อกลับ เราก็โอเค แม้จะต้องรอหน่อยแต่ก็รับได้ . ต่อมา เจ้าหน้าที่อีกคนที่เป็นฝ่ายขายโทรมา แจ้งว่า พี่เป็นหัวหน้าของฝ่ายขายคนแรกอีกที มีอะไรให้น้องถามได้เลย เราก็ถามไปว่าเออเนี่ย เคยได้ยินมาว่าคนพิการบริษัทไม่คุ้มครองชีวิตไม่ใช่หรอ เขาก็ทวนคำถามอยู่ซักพักแล้วแจ้งให้เราทำประกันเล่มใหม่แล้วบอกว่า เล่มเดิมส่งยาวเกินไป แล้วก็มีคำถามเกี่ยวกับอุบัติเหตุ เล่มใหม่นี้ไม่ต้องตอบคำถามเกี่ยวกับอุบัติเหตุ เราถามหลายรอบมากว่าแล้วเล่มเดิมทำยังไงเพราะจะให้ส่งสองเล่มมันก็ไม่ไหวป้ะ เขาก็บอกว่า ไม่ต้องทำอะไร เดี๋ยวบริษัทจะส่งเงินกลับไปให้ที่บ้าน เพราะยังไงก็ยังสมัครไม่ครบสามสิบวัน พอสมัครเสร็จเราถามย้ำอีกเพื่อความมั่นใจ แหม จะให้ไปจ่ายทั้งเล่มเก่าเล่มใหม่มันก็ไม่ไหวป้ะ เขาก็ย้ำอีกว่า ไม่ต้องกังวล ไม่ต้องทำอะไร เดี๋ยวระบบจะยกเลิกให้เลย น้องไปยกเลิกการหักบัญชีอัตโนมัติผ่านธนาคารได้เลย . ด้วยความยินดีเป็นที่ยิ่ง วันรุ่งขึ้นก็คือวันนี้ เราตัดสินใจไปที่ธนาคาร รอคิวอยู่เกือบสองชั่วโมง แจ้งเจ้าหน้าที่ว่ามายกเลิกการหักเงินอัตโนมัติ เขาถามเลย มีเอกสารจากทางบริษัทมาด้วยรึเปล่า เราก็แบบเดี๋ยวนะ ฝั่งนั้นไม่ได้แจ้งอะไรมานี่หว่า สุดท้ายเลยโทรหา 1351 ตรงนั้นเลย ถามตรงๆว่า อยู่ที่ธนาคารแล้ว จะมาแจ้งยกเลิกการหักเงินอัตโนมัติ แต่เจ้าหน้าที่ไม่ทำให้ แล้วต้องทำไง พนักงานบอกว่า ต้องส่งเอกสารการยกเลิกกรมธรรม์มาที่อีเมล์ แจ้งรายละเอียดให้เรียบร้อยด้วย เราก็แบบ อีหยังวะ เมื่อวานบอกไม่ต้องทำอะไร วันนี้บอกต้องส่งเอกสาร นี่เป็นการทำงานของพนักงานในบริษัทเดียวกันรึเปล่า ควรมีการจัดการระบบภายในให้เรียบร้อยก่อนจะมาขายประกันให้ลูกค้าป้ะ เรามาธนาคารแบบเสียเที่ยวมาก ทำอะไรไม่ได้ รอคิวก็นานน้านนาน เสียเวลาสุดๆ ส่วนตัวถ้าคุณแจ้งว่าต้องส่งเอกสารยกเลิก เราก็แค่ส่งเอกสารไปยกเลิก เงื่อนไขมันก็ไม่ได้ลำบากอะไร เราก็ทำของเราได้ แต่ไม่ใช่คนนึงบอกว่าไม่ต้องทำไร อีกคนบอกให้ทำ ขนาดระบบตอนนี้ยังแย่ขนาดนี้ เราเริ่มกังวลเรื่องกรมธรรม์ใหม่ที่ทำไปแล้วละสิว่าจะเป็นยังไง เดี๋ยวเอาไปเอามา ส่งครบแล้ว ตอนจะเอาคืน บริษัทบอกว่า เราไม่แจ้งรายละเอียดให้ดีตั้งแต่แรกอีก ทำไง ใครพอรู้บ้างคะว่า 1. บริษัทประกันไม่รับผิดชอบคนพิการจริงไหม 2.หากส่งไปแล้วครบแล้ว แต่สุดท้ายทางบ.แจ้งว่าไม่แจ้งรายละเอียดตั้งแต่ตอนแรกจริงๆเราต้องทำไง หรือควรไปยกเลิกทิ้ง แล้วไม่ทำเลยดี ขออภัยหากแท็กผิดห้องค่ะ,"ผู้ร้องเรียนสอบถามข้อมูลเกี่ยวกับการคุ้มครองคนพิการจากบริษัทประกันภัย และได้รับคำตอบที่ขัดแย้งกันจากเจ้าหน้าที่แต่ละฝ่าย
ฝ่ายขายระบุว่ากรมธรรม์เดิมจะถูกยกเลิกโดยอัตโนมัติโดยไม่ต้องดำเนินการใด ๆ แต่เมื่อไปยังธนาคารเพื่อยกเลิกการหักบัญชี กลับถูกแจ้งว่าต้องมีเอกสารยืนยันการยกเลิกจากบริษัท
ผู้ร้องเรียนแสดงความไม่พอใจต่อความสับสนในการสื่อสารภายในบริษัท และความล่าช้าในการดำเนินการที่ส่งผลให้เสียเวลาและรู้สึกไม่มั่นใจในกระบวนการบริหารจัดการ
ผู้ร้องเรียนต้องการข้อมูลยืนยันว่าบริษัทประกันภัยปฏิเสธการคุ้มครองคนพิการจริงหรือไม่ และขอให้มีความชัดเจนในการดำเนินงานของบริษัท",test,Hybrid,2023,84,4,21.0,0.4126444458961487,0.4189772605895996,0.5810227394104004
43570094,เครมประกันภัยอัคคีภัย สำหรับที่อยู่อาศัย บริษัทประกันภัยไทยวิวิฒน์ รอพิจารณาจ่ายค่าสินไหมนานสุดกี่วันค่ะ เรื่องมีอยู่ว่า มีโบกเกอร์ TQM มาเสนอชายประกันบ้านให้ เบี้ย 1800 บาท ปี ตอนเสนอขาย โทรจิกทุกวัน ทุกเวลา โทรหาเราไม่รับ โทรหาครอบครัว คนรอบข้าง จนเราก็รับข้อเสนอและยินยอมจ่ายเบี้ยประกันไป เป็น บ.ประกันภัยไทยวิวัฒน์ที่เข้ามาดูแล ผ่านมา 1 เดือน เกิดพายุฝนตกหนัก หลังคา แผ่นฝ้าเสียหาย น้ำรั่วซึม หยดลงเครื่องดูดควันในครัว จนไม่สามาถใช้งานได้ และน้ำท่วมขังเต็มพื้นและชั้นครัว เรียกผู้รับเหมาเข้ามาดู และส่งใบทางผู้รับเหมาเสนอราคามาให้ และได้รวบรวมเอกสารทั้งหมดพร้อมรูปถ่ายส่งเครมไปเมื่อวันที่ 20 พ.ค.68 มีแจ้ง SMS กลับมาทันที ว่ารับเรื่องเครมแล้ว ให้รอพิจารณา 7 15 วันทำการ วันนี้ครบ 1 เดือนแล้ว มีการโทรติดตามทั้งหมด 6 ครั้ง ไม่มีเจ้าหน้าโทรกลับมาแจ้งหรือส่งข้อความคืยหน้าอะไรเลยสักอย่าง โทรหาโบกเกอร์ที่ขายประกันให้ตอนแรก ก็ไม่ได้รับการช่วยเหลือใดๆ แจ้งกลับมาว่ารอพิจารณา อยากถามว่า พิจารณากี่วันและต้องรอกี่นานแค่ไหน จนจะหมดฤดูฝนแล้ว แบบนี้จะมีประกันไว้เพื่ออะไร ครั้งแรกกับการทำประกันบ้านกับบริษัทนี้ รู้สึกไม่โอเคมากๆ ตอนเอาเบี้ยโทรจิกไม่พักเลย พอได้เงินแล้วไม่มีการรับผิดชอบใด อยากรู้ว่าใครเคยเครมประกันบ้านกับไทยวิวัฒน์และรอนานสุดกี่วัน มีคำแนะนำอย่างไรบ้างระหว่างการรอพิจารณา เพราะถามบริษัทก็ไม่ได้ให้คำตอบอะไร ตอบแค่ ค่ะ ค่ะ ค่ะ รับเรื่องค่ะ รับทราบค่ะ,"บริษัทประกันภัยไทยวิวัฒน์ได้รับการเสนอขายกรมธรรม์ประกันบ้านโดยตัวแทนจำหน่าย TQM ด้วยเบี้ย 1,800 บาทต่อปี
หลังจากเกิดความเสียหายจากพายุฝนตกหนักภายใน 1 เดือน ได้มีการส่งเอกสารเคลมพร้อมภาพถ่ายไปเมื่อวันที่ 20 พฤษภาคม
แม้จะได้รับข้อความยืนยันรับเรื่องแล้ว แต่ผ่านมาเกินระยะเวลาที่ระบุไว้กว่า 1 เดือน โดยไม่มีการแจ้งผลพิจารณาหรือติดตามสถานะใด ๆ
ผู้ร้องเรียนสอบถามถึงระยะเวลาในการพิจารณาและขอความช่วยเหลือในการเร่งดำเนินการ เนื่องจากสถานการณ์เร่งด่วนและใกล้สิ้นฤดูฝนแล้ว",test,Hybrid,2025,24,4,6.0,0.4474251270294189,0.5110936164855957,0.4889063835144043
42024939,ประกันประเมินความเสียหายคู่กรณี และอนุมัติจ่ายเรียบร้อยแล้วแต่คู่กรณีไม่พอใจ อัพเดทจากกระทู้ที่ผ่านมาที่เคยตั้งประเด็นมีอยู่ว่าคู่กรณียึดติดกับราคาที่อู่เสนอมาก่อนอนุมัติคือ 25X XX บาท เชฟโรเลตโคโลราโด 2017 แต่ประกันและอู่ประเมินส่วนเสียหายจริงและตกลงราคายอดสุดท้ายกันที่ 15X XX บาท รวมค่าขาดประโยชน์ ซึ่งรายละเอียดชิ้นส่วนที่เสียหาย กับราคาของแต่งได้ประเมินตามราคาที่คู่กรณีเสนอมาแล้วอนุมัติครบทุกชิ้นส่วน ซึ่งถ้าคู่กรณีเคลมนอกเหนือประกันไม่สามารถอนุมัติให้ได้ ประกันได้แจ้งว่าตรวจราคากลางเรียบร้อยแล้ว ซึ่งทางตัวเราเองก็ทำการประเมินทำเป็นไฟล์ส่วนเสียหายไว้อย่างละเอียด ราคาชิ้นส่วนคู่กรณีได้ส่งราคาตามที่เคยแต่งก่อนชนให้และชิ้นส่วนที่ไม่แต่งประเมินตาราคากลาง เช่นเดียวกับทางประกัน จะต้องแจ้งก่อนว่ารถคู่กรณีชนฝั่งคนขับด้านหน้าฝั่งเดียว มีส่วนเสียหายอีกฝั่งฝั่งซ้ายข้างคนขับ คือล้อแม็กแตก ฝั่งคนขับไม่เสียหาย ซึ่งจะไม่ขอลงรายละเอียดทุกชิ้นแต่จะระบุชิ้นส่วนสำคัญคร่าวๆให้ทุกคนได้อ่านและพิจารณา เช่น แก้มข้างฝั่งคนขับ 1 ชิ้น หุ้มคาร์บอน ฝากระโปงถลอกไม่ถึงบุบหุ้มฝาคาร์บอนใหม่ ไฟหน้ารวมไฟตัดหมอก ที่ครอบไฟตัดหมอก กันชนหน้าแต่ง กระจังหน้า เป็นต้น ราคาค่าหุ้มคาร์บอนแต่ละที่คู่กรณีส่งมาไม่เกินชิ้นละ 2x xx บาทอาจมีปลายๆ เหตุจาการล่าช้าเนื่องคู่กรณีคิดว่าค่าซ่อม 20X XX ไม่เพียงพอจะซ่อมรถตนเองจึงปฏิเสธประกัน 3 รอบในยอดเงินที่อนุมัติ อัพเดทล่าสุดทางประกันและทางอู่ได้ตกลงราคาตามประเมินได้ยอดข้างต้นตามที่แจ้งเรียบร้อยแล้วแต่คู่กรณีไม่พอใจเนื่องจากแจ้งว่าจัดซื้ออุปกรณ์และแจ้งเคลมยอด 19X XX ค่าขาดประโยชน์ต้องได้เกินกว่านั้นในส่วนนี้ประกันแจ้งว่าอนุมัติเริ่มจากวันที่เคลม การอนุมัติค่าขาดประโยชน์จะรวมกับกับที่คู่กรณีปฏิเสธยอดการเคลมไหม ซึ่งรถชนช่วงกลางเดือนธันวาคม 65 จากเหตุการณ์นี้คู่กรณีต้องการให้ไปคุยที่อู่เพื่อจะให้เราจ่ายส่วนต่างให้ได้และโทรมาหาทุกวันไลน์มาขู่ฟ้องตลอดนับครั้งไม่ถ้วนเพราะต้องการเงินส่วนที่เหลือให้ได้ เคสนี้มีการเรียกค่าสินน้ำใจไปแล้ว และยอมจ่ายให้เรียบร้อย 5 xx บาท ค่ารถยกเราจ่าย ค่าที่จอดส่วนกลางเราจ่าย ขอภัยหากบางคำทำให้ไม่เข้าใจ ทุกคนมีความคิดเห็นกับเรื่องนี้อย่างไร,"คู่กรณีเคยตกลงราคาซ่อมรวมค่าขาดประโยชน์ไว้ที่ 15X XX บาท หลังจากประกันและอู่ประเมินราคาชิ้นส่วนเสียหายตามที่เสนอมาแล้ว
มีการแจ้งชัดเจนว่าค่าซ่อมและค่าขาดประโยชน์ได้รับการอนุมัติครบถ้วนตามยอดที่ตกลงกันไว้ โดยมีการตรวจสอบราคากลางและเอกสารประกอบอย่างละเอียด
คู่กรณีปฏิเสธการเคลมในยอดที่อนุมัติ 3 ครั้ง และยังคงเรียกร้องให้จ่ายส่วนต่างเพิ่มเติมโดยอ้างว่าจัดซื้ออุปกรณ์เสริมเพิ่ม
มีการโทรมาข่มขู่ทางไลน์เกี่ยวกับการฟ้องร้องอย่างต่อเนื่อง แม้จะมีการเรียกค่าสินน้ำใจไปแล้ว.",test,Hybrid,2023,28,4,7.0,0.5997862815856934,0.5402293602625529,0.4597706397374471
42096546,รึวิวประกันรถยนต์ของ KPI กับแอพ รู้ใจ ผมเป็นคนที่ถูกรถคันอื่นมาชนบ่อยมาก เฉลี่ยอายุการขับรถมา30ปี โดนชนเฉี่ยวไม่ต่ำกว่า20ครั้ง หลายครั้งที่คู่กรณีไม่มีประกัน ทำให้ผมต้องพึงพาประกันชั้น1 เพื่อช่วยดูแลลดความวุ่นวาย. ใช้ประกันมากหลายบริษัทจนงงไปหมด สุดท้าย มาลองใช้รู้ใจครับ จริงแล้วเป็นของKPIแต่แอพจะชื่อร ROOJAI เครื่องหมายรูปจิงโจ้ ที่เลือกประกันรู้ใจเพราะ 1.อู่ประกันเป็นอู่ที่ผมรู้ฝีมือดี 2. ปรับแต่งเงื่อนไขตามที่เราต้องการได้ เช่น วงเงินประกัน ค่าเสียหายส่วนแรก อย่างผมไม่เคลมเปล่า เลือกค่าเสียหายส่วนแรกที่ต้องจ่ายเองเวลาไม่มีคู่กรณีหรือเราผิดเองเยอะ เบี้ยประกันจะลดลงไปได้ เลือกได้ว่าจะเอาช่วยเหลือฉุกเฉินหรือบริการอื่นๆควบไป 3.มีส่วนลดชัดเจนดีครับ ขับดีลดให้เท่าไหร่บอกหมด มีกล้องหน้ารถลดเท่านั้นเท่านี้ 4.แอพรวมรถหลายคันไว้ในหน้าเดียวด้วย เวลาที่อันไหนหมดอายุหรือใกล้หมดกดดูรู้เลย 5.ใช้บริษัทสำรวจทีทำงานเร็ว เวลาเกิดเหตมาค่อนข้างเร็วครับ แต่มีของยี่ห้ออื่นเร็วกว่านี้ 6. รวมแล้วเบี้ยประกันทำได้ถูกกว่าหลายบริษัทครับ ถ้าใครสนใจลองไปกดเสนอราคาได้ ข้อดีคือเห็นเบี้ยประกันเลยไม่ต้องรอโทรศัพท์ ไม่กวนใจอีกด้วย ขับรถปลอดภัยครับ พ ชื่อสินค้า ประกันรถยนตร์รู้ใจ คะแนน CR Consumer Review,"เบี้ยประกันสามารถลดลงได้ตามเงื่อนไขที่เลือก เช่น การเลือกบริการช่วยเหลือฉุกเฉินหรือบริการเสริมอื่น ๆ
มีส่วนลดที่ชัดเจน โดยเฉพาะการติดตั้งกล้องหน้ารถที่ให้ส่วนลดเฉพาะรายการ
แอพพลิเคชันรองรับการจัดการกรมธรรม์หลายคันในหน้าเดียว และแจ้งเตือนเมื่อใกล้หมดอายุ
บริษัทสำรวจทำงานรวดเร็ว แม้จะมีคู่แข่งบางรายที่เร็วกว่า แต่โดยรวมเบี้ยประกันถูกกว่าหลายบริษัท และเสนอราคาได้แบบไม่ต้องรอสายโทรศัพท์",test,Hybrid,2023,22,4,5.5,0.4924816191196441,0.5702652136484782,0.4297347863515218
42546160,สอบถามเรื่องการคุ้มครองของประกันค่ะ กรณีเคยตรวจเจอถุงน้ำเต้านมก่อนทำประกัน มีการสลักหลังไม่คุ้มครองเต้านมทั้งสองข้าง ผ่านมา2ปี ตรวจเจอก้อนไม่สวยเลย หมอให้เอาออกมาตรวจ ผลคือก้อนเนื้อดี แต่ตอนนั้นทำใจแล้วเบิกไม่ได้ แต่ยังสู้ โทรถามทางประกันว่าคุ้มครองไหม ก่อนหน้านี้ตรวจ follow up ประกันให้เคลมได้ ประมาณว่ายกผลประโยชน์ให้อะนะ ประกันบอกให้แพทย์ชี้แจงมา ว่าเป็นก้อนใหม่หลังทำประกัน ไม่มีส่วนเกี่ยวเนื่อง แพทย์ก็เขียนให้ตามจริง สรุปจ่ายให้ เราผ่าตัดฟรี ตอนนั้นดีใจมาก สรุป ประกันสลักหลังกธ.ว่าไม่คุ้มครองเต้านม แต่พอโทรถามบอกว่าให้ชี้แจงเป็นก้อนใหม่ ไม่เกี่ยวกันจะคุ้มครอง คือมันยังไงกันแน่คะ สับสนเวอร์ แล้วมีโอกาสจะคุ้มครองไหมคะ เช่นเพิ่มเบี้ย บลาๆ เพราะก้อนเนื้อเราเอาออกไปเเล้ว แต่ก็ยังมีก้อนเก่าๆที่หมอไม่เอาออกให้ เพราะหมอบอกไม่อันตราย เน้นมอนิเตอร์เอา จะเจ็บตัวทำไม. เพิ่มเติม. ถ้าสสมมติมีเนื้องอก มีซิส มีติ่งเนื้อต่างๆก่อนทำจริง แต่ถ้ารักษาแล้ว หมายถึงตัดออก แบบนี้ประกันยังรับคุ้มครองไหม หรือมีเงื่อนไขอะไร เช่ย เว้นระยะ5ปี ไม่หาหมอเรื่องนี้ ถึงรับ,"ผู้ร้องเรียนได้รับการผ่าตัดก้อนเนื้อเต้านมโดยไม่ต้องจ่ายค่าใช้จ่าย เนื่องจากแพทย์ชี้แจงว่าก้อนดังกล่าวเป็นก้อนใหม่ที่เกิดหลังจากทำประกันและไม่เกี่ยวข้องกับโรคเดิม
บริษัทประกันให้ข้อมูลที่คลุมเครือ โดยเริ่มต้นระบุว่าไม่คุ้มครองกรณีเต้านม แต่เมื่อสอบถามเพิ่มเติมกลับแจ้งว่าหากเป็นก้อนใหม่และไม่เกี่ยวกันอาจคุ้มครองได้
ผู้ร้องเรียนรู้สึกสับสนกับนโยบายการคุ้มครองที่เปลี่ยนแปลงไป และต้องการความชัดเจนว่าจะสามารถขอคืนเบี้ยหรือเพิ่มความคุ้มครองในอนาคตได้หรือไม่
แม้ก้อนเนื้อจะถูกผ่าออกไปแล้ว แต่ยังคงมีก้อนเดิมที่แพทย์แนะนำให้มอนิเตอร์ต่อเนื่องเนื่องจากไม่อันตราย",test,Hybrid,2024,26,4,6.5,0.4180160164833069,0.4462723731994629,0.5537276268005371
42417934,ประกันรถยนต์ไฟฟ้า BYD Atto3 เช็คราคาประกันภัยรถยนต์ไฟฟ้า เปรียบเทียบเลือกตัวคุ้มสุดในขั้นตอนง่ายๆประหยัดเวลา สวัสดีค่า ใกล้สิ้นปีแล้วฤดูของการต่อประกันรถก็มาถึงแล้ว และประกันรถยนต์ไฟฟ้าที่ซื้อคันแรกเมื่อปีที่แล้วกำลังจะหมด ใครที่มีรถEVแล้ว วอแว กับการเลือกประกันรถเหมือนเราไหมค่ะ เพราะจะให้ต่อประกันเดิม เบี้ยก็แพงเกิ๊น ด้วยความที่รถEV เวลาซ่อมมา ส่วนใหญ่ใช้เวลานาน ค่าใช้จ่ายสูง เพราะงั้นเราเลยเปรียบเทียบเยอะมากก ด้วยความที่ว่า อยากได้เบี้ยประกันที่ไม่แพงมาก แต่ครอบคลุม หลังจากที่เข้าออกเว็บนั้น เว็บนี้ ไปดูตามบูธประกันต่างๆอยุ่นาน ก็ยังไม่ได้ประกันใหม่ซ๊ากที เพราะเปรียบเทียบหลายเจ้าเอง งงเองเลยเจ้าค่าา เราเสิชประกันรถEVและสุดท้ายไปเจอ heygoody เว็บโบรกเกอร์ประกัน ที่มาเป็นตัวช่วย ให้เราเลือกประกันได้ง่ายๆ ไม่เกิน10นาที วันนี้จะพาไปเลือกประกัน BYD Atto3 ของเรากันค่ะ บางคนอาจจะสงสัย ว่าทำไมไม่ให้เซลล์ขายประกันแนะนำให้ น่าจะประหยัดเวลากว่า ไม่ปวดหัว แต่เราใช้วิธีหาข้อมูลด้วยตัวเอง มันไม่รู้สึกกดดัน ไม่มีคนเซ้าซี้ให้หนักใจ เราแค่เพียงหาข้อมูลด้วยตัวเองเท่านั้น เราคลิ๊ก เลือกตรง ประกันรถEV เว็บมันจะพาเรามาหน้านี้ ของเราเป็น รถ BYD Atto3 ปี2022 ก็กรอกรายละเอียดไปค่ะ จะถูกจะผิดเราก็แก้ได้ด้วยตัวเองได้ไม่เสียหาย เลือกผิดก็เลือกใหม่ไปแหะๆ และเราก็จะมาเช็ครุ่นรถ รายละเอียด ที่เรากรอกไปอีกครั้งมันจะมีให้เลือกประกันแบบที่อยากได้ เราเน้นที่ซ่อมศูนย์ เพราะรถEVอ่ะเนาะ ไม่อยากเสี่ยงซ่อมอู่เท่าไร และที่สำคัญต้องไม่มีค่าเสียหายส่วนแรก อันนี้เราชอบเฉี่ยวนั่น เฉี่ยวนี่บ่อยๆ ถ้าต้องจ่ายทุกครั้ง ไม่คุ้มแน่ พอเราคลิ๊กเลือกประกันที่อยากได้ มันจะโชว์ประกันแนะนำที่เหมาะกับเรามา ของเราได้ ประกันโชวร์ ค่าเบี้ยและรายละเอียดมานำเสนอแต่ถ้าโดยปกติเราก็จะต้องออกและไปดูยี่ห้ออื่นและนำมาเปรียบ เสียเวลาอีกใช่มะ ไม่จ้ะ เพราะเราคลิก ให้มันเปรียบเทียบ ประกันที่เราสนใจด้วย โดยตอนนี้เราสนใจอยู่ สอง สามเจ้า และเราก็มาเปรียบดูว่าอันไหนน่าสนใจ แบบว่า ไม่ต้องคลิกดูที่ละเจ้า แล้วมันนั่งเปรียบเอง เว็บมันช่วยเปรียบเทียบให้เลย ง่ายมากก โดยมันจะโชว์ ความคุ้มครองต่างๆ ของแต่ละเจ้า มาให้เปรียบเทียบกันชัดๆเลย สำหรับเรา ดูละว่า ตัวไหนตอบโจทย์ และสบายกระเป๋าที่สุด เลยว่าจะเลือกค่ะ หลังจากคลิ๊กเปรียบเทียบแล้ว เราสนใจอยู่ 4 เจ้า เจ้า heygoody ก็จะเปรียบเทียบแต่ละเจ้า ให้เห็นชัดๆไปเลย หมัดต่อหมัด เจ้าไหนเบี้ยถูก ทุนประกันได้เท่าไหร่ จะคุ้มครองรถเราได้ครอบคลุมไหม คุ้มครองคนด้วยไหม ค่ารักษาพยาบาล บลาๆ เห็นจะๆไปเลย ไม่ต้องเสียเวลาเข้าเว็บนั้น ดูหน้านี้ ให้เวียนหัว จะเห็นได้ว่า บางเจ้า เบี้ยแพง แต่ทุนประกันก็ยังน้อยอีก ถ้าคนที่ดูไม่ดี หรือ ไม่มีเปรียบเทียบชัดๆ ก็มักจะเข้าใจผิดได้ว่า ประกันที่เบี้ยแพง อาจเพราะทุนประกันสูง ซึ่งแต่ก่อนเราก็ชอบคิดแบบนั้น พอเห็นแบบนี้ ต้องคิดใหม่ละ55 มาถึงตรงนี้ เพื่อนลองเดากันเล่นๆดูไหมค่ะ ว่าเราจะเลือกตัวไหน ตอนนี้มีที่เข้าวิน มาแรงอยู่สองเจ้า แต่จะขอเข้าไปดูศูนย์ซ่อมก่อนว่าเจ้าไหน ที่อู่ซ่อมคครอบคลุมกว่ากัน ซึ่งตัวนี้ก็เป็นเรื่องสำคัญอีก 1 อย่างที่ต้องดูตอนซื้อประกัน และก็ไม่ต้องไปค้นหา ให้ไกลเสียเวลา เข้าเว็บเดียวจบ เค้ามีฟังก์ชันนี้ให้ในเว็บ สะดวก รู้ใจ คนเลือกประกันม๊ากก สรุป ตอนนี้เราได้ประกันที่ตรงใจ ตอบโจทย์การใช้งานรถ และเงินในกระเป่าเรียบร้อยแล้ว เฉียบบ ในการเลือกประกัน ทั้งหมดที่ว่ามา จบได้ใน 10 นาที เป็นการเลือกประกันที่ง่าย และประหยัดเวลามากๆ ไม่รุ้ก่อนหน้านี้ เรามัว ไปวุ่นวายหาอะไรอยู่ตั้งนาน 55 ง่าย เร็ว และสะดวกพอตัว ชีวิตมันยากพอละ อย่ามาเสียเวลากับการเลือกประกันอีกเลย เอาแบบนี้แหละ จบๆ 55 ชื่อสินค้า ประกันรถยนต์ไฟฟ้า คะแนน CR Consumer Review,"ผู้ร้องเรียนต้องการเบี้ยประกันที่สมเหตุสมผลและครอบคลุม โดยใช้เวลานานในการเปรียบเทียบประกันจากหลายเจ้า
พบเว็บไซต์ heygoody ซึ่งเป็นโบรกเกอร์ประกันที่ช่วยให้เลือกประกันรถ EV ได้อย่างรวดเร็วและง่ายดายภายในไม่กี่นาที
ผู้ร้องเรียนเลือกกรอกข้อมูลรถ BYD Atto3 ปี 2022 โดยสามารถแก้ไขข้อมูลได้เองโดยไม่กระทบต่อความเสียหาย
เน้นเลือกแผนประกันที่ซ่อมศูนย์ เพื่อลดความเสี่ยงจากการซ่อมอู่สำหรับรถไฟฟ้า",test,Hybrid,2023,81,4,20.25,0.5080231428146362,0.2530762950579325,0.7469237049420675
43092878,แชร์ประสบการณ์ สงสัยว่าเราถูกเอาเปรียบในการคิดค่าเคลมประกันสุขภาพ ของ อลิอันซ์ อยุธยา เราควรทำอย่างไรดี เรื่องมีอยู่ว่าลูกสาวเราเข้าแอดมิดครั้งแรกที่ รพ แห่งหนึ่ง ในวันที่ 26 27 ตุลาคม แพทย์ลงความเห็นวินิจฉัยโรคว่าเป็น หลอดลมอักเสบ เราจ่ายจริงไปประมาฯ 11 xx บาท หลังจากนั้นเราก็เคลมค่าใช้จ่ายได้มาปริมาณ 7 xx บาท อันนี้เราเคลียร์และเข้าใจเพราะเราก็พยายามไล่ตามเงื่อนไขที่ระบุในกรมธรรม์ ระหว่างนั้น ลูกสาวเราก็ป่วยอีก เข้าแอดมิดที่ รพ เดิม ในวันที่ 30 ตุลาคม 5 พฤศจิกายน เลย ครั้งนี้ แพทย์ท่านเดิมที่เป็นเจ้าของไข้ลูกเรา ลงความเห็นวินิจฉัยโรคว่าเป็น ปอดอักเสบจากเชื้อ mycoplasma และติดเชื้อ adenovirus ซึ่งเป็นคนละโรค คนละการรักษาจากครั้งแรกที่ระยะเวลาใกล้กัน เราจ่ายจริงไปประมาณ 76 xx บาท หลังจากนั้นเราก็เคลมค่าใช้จ่าย แต่ปรากฏว่า ทาง อลิอันซ์ จ่ายมาเพียง 35 xx บาท ซึ่งมันต่ำกว่าค่าเคลมที่เราควรจะได้ เราเข้าใจเงื่อนไขของโรคว่าต้องไม่เป็นโรคเดิมในระยะเวลา 90 วัน และเราก็ถามความเห็นของแพทย์เจ้าของไข้ แพทย์แจ้งว่ามันเป็นคนละโรค คนละวิธีการรักษา สิ่งที่เราคาใจคือ เราได้ลองไล่ตามเงื่อนไขต่างๆ ที่ระบุไว้ในกรมธรรม์ กับค่าใช้จ่ายที่ส่งเคลม มันหายไปจากสิ่งที่เราควรจะต้องได้อีกประมาณ 7 xx 8 xx บาท เราเองเข้าใจเงื่อนไขต่างๆดี เรามองว่า ถ้าเราปล่อยผ่าน ดูเสมือนว่าเราถูกเอาเปรียบจากการคิดค่าเคลมของฝ่ายสินไหม เราแจ้งเรื่องเพื่อให้ทบทวนค่าสินไหมไปแล้ว แต่ปรากฏว่า รอนานมากและไม่มีคำตอบใดๆชี้แจงความสงสัยของเรา ลองคิดดู ถ้าเคสแบบนี้เกิดขึ้นกับคนที่ไม่รู้ เคลมได้เท่าไหร่ก็เท่านั้น ทั้งๆที่เงื่อนไขในกรมธรรม์ระบุชัดเจน ใครได้ประโยชน์ ใครเสียประโยชน์ เราควรต้องทำอย่างไรต่อไปดี จะปล่อยผ่าน หรือ จะต่อสู้ เพื่อสิทธิของผู้เอาประกัน,"ในวันที่ 26–27 ตุลาคม ลูกสาวผู้ร้องเรียนป่วยเป็นหลอดลมอักเสบ และได้รับการเคลมค่าใช้จ่ายตามกรมธรรม์อย่างถูกต้อง
ต่อมาในวันที่ 30 ตุลาคม และ 5 พฤศจิกายน ลูกสาวป่วยซ้ำด้วยปอดอักเสบจากเชื้อ mycoplasma และ adenovirus ซึ่งแพทย์ยืนยันว่าเป็นโรคต่างจากครั้งก่อนและต้องรักษาแตกต่างกัน
ผู้ร้องเรียนจ่ายค่ารักษาประมาณ 76 xx บาท และยื่นขอเคลม แต่ได้รับเงินเพียง 35 xx บาท ซึ่งต่ำกว่าค่าใช้จ่ายที่จ่ายจริง
ผู้ร้องเรียนระบุว่าได้ตรวจสอบเงื่อนไขกรมธรรม์แล้ว และมองว่าการคำนวณสินไหมไม่สอดคล้องกับความเป็นจริง โดยขาดหายไปอีกประมาณ 7 xx–8 xx บาท",test,Hybrid,2024,29,4,7.25,0.4438015520572662,0.7690215905507405,0.2309784094492595
43578117,บริษัทประกันสีส้ม เปลี่ยนการปรับเบี้ยประกันสุขภาพตามอายุทุก5 ปี เป็นปรับทุกปี ทำได้หรือไม่ รบกวนสอบถามสมาชิกท่านอื่นๆ ค่ะเราเพิ่งสมัครสมาชิกเข้ามาเพื่อขอความช่วยเหลือค่ะ คือบริษัทที่เราทำประกันชีวิต ประกันสุขภาพ ส่งจดหมายมาถึงที่บ้าน ใจความว่า จากเดิมที่ปรับเบี้ยประกันสุขภาพ ตามช่วงอายุ เช่น ทุกๆ 5 ปี เปลี่ยนเป็นปรับเบี้ยเพิ่มทุกปี โดยจากเดิมประกันสุขภาพของเราครอบคลุมถึงช่วงอายุ 90 ปี โดยที่ให้เราสามารถต่ออายุประกันสุขภาพได้ถึง 99 ปี เราจะต้องชำระเบี้ยเพิ่มขึ้นตามรูปที่แนบด้านล่าง มีส่วนต่าง 7.83 เราสอบถามไปที่ตัวแทนประกัน 1 ตัวแทนให้ข้อมูลว่า เปลี่ยนเกือบ ทุกบริษัท ซึ่งพอถามเพื่อนๆเราซึ่งใช้บริการประกันเจ้าอื่น เค้าบอกว่าไม่มี 2 เราสอบถามไปยังสายด่วน คปภ. ให้ข้อมูล ว่า ถ้าบริษัทมีการปรับเปลี่ยน แการผน ประกันภัยที่ออกขายแล้วต้องมีการ แจ้งขออนุมัติ จากทาง คปภ. 3 เราจึงสอบถามกลับไปทางตัวแทน เพื่อขอดูเอกสารที่คปภ. อนุมัติ ขอเอกสารผ่านตัวแทนตั้งแต่วันที่ 18 พ. ค. 2568 จนล่าสุดวันนี้ ตัวแทนส่งเป็นรูปที่ capture แจ้งให้ส่งทาง email ก็ไม่ส่งค่ะ ส่งผิด ติดวันหยุด . มาให้โดยไม่ใช่เอกสารอนุมัติจาก คปภ แต่เป็นจดหมายที่บริษัทส่งถึงเรา อ้างถึงว่า คปภ. อนุมัติแล้ว มาขอความช่วยเหลือจากสมาชิกท่านอื่นที่มีความรู้ในด้านนี้ค่ะ 1 บริษัทประกันสามารถปรับเบี้ยประกัน และยืดเวลาประกันถึง 99 ปี เอง โดยไม่ผ่าน คปภ ได้หรือไม่ 2 กรณีที่คปภ อนุมัติ จริง ผู้ชำระเบี้ยประกันสามารถขอให้บริษัทแสดงเอกสารการอนุมัติ จากคปภ.ได้หรือไม่คะ ความรู้สึกเราคือ แบบนี้ต่อไปบริษัทนึกอยากจะเปลี่ยน เพิ่มค่าเบี้ย ก็ทำได้เลยโดยที่ผู้ชำระเบี้ยไม่มีสิทธิ์สอบถามเลย 3 มีใครที่ทำประกันกับบริษัทนี้ FWD แล้วได้รับแจ้งเรื่องปรับเบี้ยเหมือนเราไหมคะ ขอบคุณมากค่ะ,"บริษัทประกันเสนอการต่ออายุกรมธรรม์ถึงอายุ 99 ปี พร้อมปรับเบี้ยเพิ่มขึ้น 7.83 เท่า โดยอ้างว่าได้รับอนุมัติจาก คปภ.
ผู้ร้องเรียนสอบถามสายด่วน คปภ. แล้วทราบว่าการเปลี่ยนแปลงกรมธรรม์ต้องได้รับอนุมัติจากหน่วยงานกำกับดูแล
ตัวแทนประกันไม่สามารถส่งเอกสารอนุมัติจาก คปภ. ได้ แต่ส่งแค่จดหมายแจ้งจากบริษัทเองที่ระบุว่าได้รับอนุมัติ
ผู้ร้องเรียนจึงต้องการความชัดเจนว่าบริษัทสามารถปรับเบี้ยและขยายอายุกรมธรรม์โดยไม่ต้องขออนุมัติ คปภ. และผู้เอาประกันมีสิทธิขอเอกสารอนุมัติดังกล่าวได้หรือไม่",test,Hybrid,2025,24,4,6.0,0.5627837777137756,0.6398098468780518,0.3601901531219482
43079556,มีใครเคยถูกปฏิเสธรับประกันสะสมทรัพย์บ้างครับ เดิมผมมีทั้งประกันสุขภาพ ประกันโรคร้ายแรง และก็ยูนิตลิ้ง กับ บ. อยู่แล้ว ปีนี้ได้เลื่อนตำแหน่ง เลยตั้งใจจะวางแผนเรื่องการลดหย่อนภาษี จึงตัดสินใจทำประกันสะสมทรัพย์กับ บ. เจ้าเดิมเพิ่มเติม แผน 5 10 จ่ายเบี้ย 5 ปี คุ้มครอง 10 ปี ก็ไม่ได้คิดว่าจะมีปัญหาอะไร ปรากฎว่าเมื่อวานทางตัวแทนแจ้งว่า บ. ไม่รับเพราะในรอบปีที่ผ่านมาผมแคลมประกันเยอะ เพิ่งได้รับแจ้งด้วยวาจา ยังไม่ได้รับเอกสารเป็นหนังสือตอบกลับมาครับ ไปนั่งเปิดแอพตรวจดู ในรอบปีกรมธรรม์ปัจจุบันที่ผ่านมา รอบ 11 เดือน แอดมิท รพ 3 รอบ ผ่าฝี กระเพาะปัสสาวะอักเสบ ปัสสาวะเป็นเลือด ถ่ายเหลวหนักมาก ความดันตก ใจสั่น ยอดเคลมรวม 20195 บาท เบี้ยประกันถ้าตัดส่วนประกันชีวิต และส่วนค่าชดเชยออก เหลือแต่ส่วนประกันสุขภาพที่เป็นสัญญาเพิ่มเติม ต่อปี อยู่ที่ 18239 บาท ทางตัวแทนแจ้งว่า บ. เห็นว่าทำสัญญาระยะสั้นไป กลัวทำปุ๊บตายปั๊บ บ. ไม่อยากรับความเสี่ยงตรงนี้ แต่แจ้งว่าถ้าทำแผน 20 20 จะสามารถทำได้อยู่ แต่ผมไม่พร้อมถูกผูกมัดระยะยาวครับ ส่วนตัวมีข้อสงสัยหลายข้อ เลยอยากสอบถาม เผื่อใครมีข้อคิดเห็นเพิ่มเติม ครับ 1. อันนี้คือประกันสะสมทรัพย์ บ. แทบไม่มีความเสี่ยงเลย มันมีการปฏิเสธรับประกันกันด้วยหรอครับ 2. ประกันสะสมทรัพย์ ไม่ได้แนบสัญญาเพิ่มเติมอะไร แล้วมันจะเกี่ยวอะไรกับประวัติการเคลมที่ผ่านมาด้วยครับ 3. ส่วนตัวที่กังวลที่สุดคือ มันจะเป็นประวัติติดตัวมั๊ยครับ ว่าเคยถูกปฏิเสธรับประกัน ทั้งกับ บ. เดิม หรือ บ. อื่นๆ ที่เค้าต้องมีคำถามก่อนทำประกันที่ต้องแจ้งทุกครั้ง ผมควรต้องทำอย่างไรกับประเด็นนี้ 4. ผมมีแพลนที่จะเพิ่มความคุ้มครองทั้งประกันสุขภาพ และโรคร้ายแรง ด้วยเช่นกัน เมื่อ บ. มองว่าที่ผ่านมาการเคลมเท่านี้คือบ่อยแล้ว เยอะแล้ว ผมควรจะเปลี่ยนเจ้าแล้วใช่มั๊ย ไหนๆก็แพลนจะเปลี่ยนเป็นประกันตามมาตรฐานแบบใหม่ ปล. เช้านี้โทร 1581 หลายรอบมาก เพราะอยากยืนยัน กลัวเป็นการสื่อสารที่ผิดพลาด คลาดเคลื่อน แต่ก็ไม่สามารถติดต่อกับมนุษย์ได้เลย,"บริษัทประกันแจ้งปฏิเสธการต่ออายุกรมธรรม์แผน 5 10 ที่มีการจ่ายเบี้ย 5 ปี คุ้มครอง 10 ปี เนื่องจากมีประวัติการเคลมสูงในรอบปีที่ผ่านมา
ผู้ร้องเรียนระบุว่าได้รับแจ้งเพียงวาจาโดยยังไม่ได้รับเอกสารเป็นลายลักษณ์อักษร
ผู้ร้องเรียนแสดงความกังวลเกี่ยวกับการปฏิเสธความคุ้มครองแม้จะเป็นแผนประกันสะสมทรัพย์ที่ไม่มีความเสี่ยงสูง และกังวลว่าประวัตินี้อาจติดตัวไปกับการขอทำประกันในอนาคต
ผู้ร้องเรียนต้องการข้อมูลเพิ่มเติมเกี่ยวกับกระบวนการพิจารณาและการบันทึกประวัติการปฏิเสธประกัน",test,Hybrid,2024,40,4,10.0,0.5047255754470825,0.3626166979471842,0.6373833020528158
42361362,ถูกประกันฟ้องทั้งที่ไม่มีส่วนเกี่ยวข้องกับอุบัติเหตุ กรณีแบบนี้คิดว่าสมควรจ่ายไหมครับ ถูกประกันฟ้องทั้งที่ไม่มีส่วนเกี่ยวข้องกับอุบัติเหตุ กรณีแบบนี้คิดว่าสมควรจ่ายไหมครับ ผมได้ทำประกันภัยรถยนต์ชั้น1 กับบริษัทประกันวินาศภัยเจ้านึงคิดว่าน่าจะความนิยมอันดับต้นๆของไทยเลยนะ โดยเมื่อประมาณ 5 ปีก่อน ช่วงเทศกาลหยุดยาวผมได้วางแผนจะขับรถไปเที่ยวกับครอบครัวตามปกติ แต่เนื่องจากผมมีรถยนต์หลายคันจึงมีผู้ใหญ่ที่นับถือและเกรงใจขอเรียกว่านายAมาขอยืมรถอีกคันไปใช้ในช่วงหยุดยาว เพราะความเชื่อถือ เกรงใจ จึงได้ให้ยืมรถไปตรงนี้ผิดพลาดใหญ่หลวง สำนึกแล้ว T T ขออย่าเพิ่งโฟกัสตรงนี้กันนะครับ หลังจากนั้นผมก็ขับรถไปเที่ยวกับครอบครัวตามแผน จนวันนึงช่วงค่ำๆมีคนติดต่อมาว่านายA ประสบอุบัติเหตุ และรักษาตัวอยู่ที่โรงพยาบาลคิดว่าคนติดต่อน่าจะเป็นเจ้าหน้าที่รพ. น่าจะได้เบอร์โทรจากโทรศัพท์ที่นายAพก ผมจึงได้รีบไปเยี่ยม โดยระหว่างนี้ประกันภัยก็ได้มาตรวจสอบเหตุตามที่ได้รับแจ้งเหตุ ต่อมาภายหลังจำไม่แม่นว่ากี่วันเพราะนานหลายปีแล้ว อาจวันรุ่งขึ้นเลยก็ได้ ผลตรวจจากรพ.ปรากฎว่านายA มีแอลกอฮอล์เกินกว่าที่กฎหมายกำหนด ประกันจึงแจ้งว่าไม่สามารถเคลมรถให้ได้ ผมก็พอคุ้นๆกฎหมายเรื่องนี้อยู่บ้าง ค้นๆในเน็ตก็ทำนองเดียวกัน ประกันภัยก็ไม่ได้แจ้งผมว่ามีเรื่องอะไรอีก ผมจึงไม่ได้ตามเรื่องอะไรต่อมากนัก ผ่านมาหลายปี ระหว่างนี้เนื่องจากผมไม่ได้อยู่ในเหตุการณ์จึงไม่มีใครเรียกไปในคดี มีปัญหากับนายAเพราะเหตุการณ์นี้ นายAจึงไม่ได้บอกอะไรกันมากนัก ผมจึงทราบแค่คร่าวๆจากคนอื่นบอกอีกทีว่าศาลพิพากษาว่า นายA ผิดข้อหาราวๆขับรถโดยประมาท เมาแล้วขับอะไรทำนองนี้ โทษเหมือนจะค่อนข้างเบาเพราะไม่มีผู้บาดเจ็บอื่นนอกจากนายA แต่ก็ไม่ได้สนใจอะไรมากนัก จนกระทั่งกลางๆปีนี้ผมได้รับหมายศาลคดีแพ่งเรียกค่าเสียหายโดยบริษัทประกันฯเป็นโจทก์ฟ้องเรียกให้จ่ายค่าเสียหายที่บ.ประกันฯจ่ายไปก่อน เข้าใจว่าน่าจะเป็นค่าซ่อมแซม ค่าเสียหายที่เกิดจากอุบัติเหตุ ที่คนอื่นได้รับความเสียหายจากอุบัติเหตุรวมๆหลายล้านบาท โดยบ.ประกันเรียกให้จำเลยที่1 คือนายA ชดใช้ในฐานะผู้ขับขี่รถยนต์ขณะเกิดเหตุ ซึ่งตรงนี้ผมพอเข้าใจได้ ประเด็นที่ผมสงสัย อยู่ตรงที่ในคำฟ้อง บ.ประกันฯ ระบุว่าให้ผมจำเลยที่2 ร่วมชดใช้ในฐานะผู้เอาประกันภัย ซึ่งตรงนี้ผมค่อนข้างคาใจมาก ตามความเข้าใจของผมคนที่ต้องชดใช้ค่าเสียหายควรจะต้องเป็นผู้ก่อเหตุหรือผู้ทำละเมิดหรือนายจ้างอะไรทำนองนี้ ผมคิดว่ากรณีนี้ถ้าผมไม่ได้ทำประกัน นายA น่าจะต้องชดใช้ตรงส่วนนี้คนเดียวแน่ๆ เพราะผมไม่ได้มีส่วนร่วมก่อเหตุ แต่พอทำประกันกลับกลายเป็นว่าต้องถูกเรียกให้จ่ายเพราะเป็นผู้เอาประกันซะงั้น ซึ่งผมมองว่าไม่สมเหตุสมผล เพราะเราทำประกันเพื่อคุ้มครองความเสี่ยงที่เราจะต้องจ่ายไม่ใช่เหรอ ไหงกลายเป็นเพิ่มความเสี่ยงที่เราจะต้องจ่ายในสิ่งที่ตอนไม่ทำประกันเราไม่ต้องจ่ายซะอย่างนั้นไปได้ ถ้าเป็นกรณีที่ไม่พบตัวผู้ขับขี่เลยต้องตามเอากับเจ้าของรถยังพอเข้าใจได้ แต่นี่จนถึงขั้นผู้ขับขี่ถูกแจ้งข้อหาและพิพากษาไปแล้วด้วยซ้ำ คิดเห็นอย่างไรกันบ้างครับ ตอนนี้ค่อนข้างสับสนเลย อุตส่าห์ทำใจเรื่องรถแล้วลืมๆไประดับนึงแล้ว ไม่คิดว่าจะเจออะไรแบบนี้อีก คือถ้าเป็นความผิดของผม ผมก็ไม่อยากสู้คดีอะไร ปล. ศาลมีนัดไกล่เกลี่ยกันไปครั้งนึงแล้ว นายA ไม่มา ผมคุยกับทนายบ.ประกันฯ คุยกันแทบไม่ได้เรื่องเลย ไม่มีคำอธิบายว่าทำไมถึงต้องให้ผมจ่าย เอาแต่จะถามว่าจะจ่ายยังไง กับจะให้ทำสัญญายอมท่าเดียว ศาลมีนัดไกล่เกลี่ยอีกทีเพราะนายAไม่มา เลยแยกย้ายกัน ตารางกรมธรรม์ ตามรูปนะครับ ขอปิดชื่อบ.ประกัน กับข้อมูลส่วนตัวออกนะครับ,"ผู้ร้องให้ยืมรถแก่นาย A ในช่วงเทศกาลหยุดยาวเมื่อ 5 ปีก่อน โดยไม่ได้คาดคิดว่าจะเกิดอุบัติเหตุ
นาย A เกิดอุบัติเหตุขณะขับรถและตรวจพบแอลกอฮอล์เกินกฎหมายกำหนด ทำให้บริษัทประกันปฏิเสธการเคลมค่าเสียหาย
บริษัทประกันฟ้องผู้ร้องในฐานะจำเลยที่ 2 เพื่อเรียกค่าเสียหายร่วมกับนาย A ซึ่งผู้ร้องไม่เห็นด้วยว่าควรถูกเรียกชดใช้โดยไม่มีส่วนร่วมในการก่อเหตุ
ผู้ร้องรู้สึกสับสนและไม่เห็นความเป็นธรรม เนื่องจากทำประกันเพื่อลดความเสี่ยง แต่กลับถูกเรียกจ่ายในกรณีที่ไม่ได้มีความผิด",test,Hybrid,2023,50,4,12.5,0.4617523550987243,0.5610213677088419,0.4389786322911581
42415271,CHUBB insurance ทำง่ายแต่เคลมยาก ผมได้มีการทำประกันกับทาง CHUBB insurance เกี่ยวกับชดเชยรายได้ กรณี นอนพักรักษาตัวในโรงพยาบาล วันละ 1500 บาท ทำมาตั้งแต่ 10 11 2021 จนถึงปัจจุบัน ไม่เคยมีการเคลม เกิดขึ้นเลย จนเมื่อเร็วๆนี้ 7 11 Dec 2023 ผมเจ็บป่วยเข้ารักษาตัวโดยการผ่าตัดนิ่วในถุงนำ้ดี เมื่ออกจากโรง จึงได้ส่งเอกสารเคลม ใบรับรองการรักษา และ ใบเสร็จค่ารักษา เพื่อยืนยันว่าเรานอนรัดชกษาตัวที่โรงพยาบาล แต่ทาง ฝ่ายสินใหม บริษัท CHUBB insurance มีเจตนา ที่จะปฏิเสธ การจ่ายการค่าชดเชยรายได้ กรณีนอนพักรักษาตัว ในโรงพยาบาล โดย ได้แจ้งทางโทรศพท์ จากทางสินใหมว่าเอกสารไม่เพียงพอ และขอเอกสาร หลายรายการย้อนหลังตั้งแต่ปี 2563 หลายรายการ 1. Past history 2. Physical examination 3. Progress note 4. Doctor order 5.Operative note 6.Nursing note 7.Medical record 8.Consultation record 9.Rehabilitation record 10.Discharge summary ซึ่งในการทำประกันครั้งแรก ได้รับแจ้งบอกว่า หากมีการนอนพักรักษาตัวที่โรงพยาบาลก็สามารถเคลมค่าชดเชยรายได้ โดยแนบเอกสาร ใบรับรองแพทย์ และใบเสร็จรับเงิน เท่านั้น ไม่ได้บอกว่าจะต้องยื่นเอกสารมากมายขนาดนี้ และที่ผ่านมา ตั้งแต่เริ่มต้นทำประกันกับ CHUBB มาหลายปี ผมไม่เคยเคลมอะไรเลย ผมพึ่งเคลมครั้งแรก และโดนปฏิเสธ แย่มากๆ เลยครับ ไม่ประทับใจ ทำให้ขาดความเชื่อมั้น อยากสอบถามเพื่อนๆว่า มีใครเจอ แบบนี้ บ้างครับ ผมสาสามารถร้องเรียน ที่ใหนได้บ้างครับ และผมกำลังว่าจะยกเลิก ทำประกันกับบริษัทนี้เลยตลอด,"ผู้ร้องเรียนได้ทำประกันชดเชยรายได้จาก CHUBB Insurance มาตั้งแต่เดือนพฤศจิกายน 2021 โดยไม่มีการเคลมมาก่อนหน้านี้
เมื่อเข้ารักษาตัวที่โรงพยาบาลในเดือนธันวาคม 2023 จึงได้ยื่นเอกสารประกอบการเคลมตามที่ระบุไว้ในกรมธรรม์
อย่างไรก็ตาม ฝ่ายสินไหมของบริษัทกลับแจ้งว่าเอกสารไม่เพียงพอและขอเอกสารย้อนหลังหลายรายการตั้งแต่ปี 2563
ผู้ร้องเรียนระบุว่าไม่เคยได้รับแจ้งล่วงหน้าว่าจะต้องใช้เอกสารจำนวนมากขนาดนี้ในการเคลม.",test,Hybrid,2023,28,4,7.0,0.46424201130867,0.4711931943893432,0.5288068056106567
43561108,ประกัน FWD เคลมยากจริงไหมค่ะ สวัสดีค่ะ ขอเกริ่นนำนิดนึงนะค่ะ ตอนแรกก็ไม่คิดว่า ประกันยี่ห้อนี้จะไม่ดี แต่ตอนนี้เริ่มคิดใหม่แล้วค่ะ เริ่มด้วยเราเข้าไปหาหมอที่ รพ.แห่งหนึ่งย่านรามอินทรา ด้วยอาการปวดท้องด้านขวา เป็นๆหายๆ เลยกะจะไปลองตรวจดูว่าเป็นอะไรร้ายแรงไหม ผลสรุปอาการคือ เป็นนิ่วในถุงน้ำดี คุณหมอแนะนำให้ตัดออก ด้วยวิธีการส่องกล้อง เพราะจะได้อันตรายน้อยกว่า แผลเล็กกว่า หายไวกว่า เราเลยลองแจ้งทางประกัน ทางประกันเห็นว่ายังไม่ครบปี เลยให้สำรองจ่ายไปก่อน แล้วให้มาทำเรื่องเคลมเอาตอนออกจากโรงพยาบาล เราเลยโอเค ด้วยคิดว่ามีเอกสารครบไม่น่าจะเคลมยาก หลังจากนั้นคุณหมอได้นัดวันเข้ามาทำการผ่าตัดช่วงกลางๆเดือนมีนาคม ทุกอย่างผ่านไปด้วยดี จนกระทั่งออกจากโรงพยาบาลแล้วยื่นเอกสารเคลมให้กลับทาง FWD ทางนั้นแจ้งว่าขอเอกสารจากโรงพยาบาลเราก็ดำเนินการเตรียมให้ ให้ทางเซลล์จัดการให้ ยื่นเอกสารครบก็บอกว่าจะไปขอประวัติการรักษาเพิ่มเติมอีก หลังจากยื่นเอกสารไปวันที่ 15 เมษายน ผ่านไปสองอาทิตย์ เราก็เลยตามเรื่องอีก ทางนั้นก็แจ้งว่า รอขอเอกสารเพิ่มเติมจากทางโรงพยาบาลอยู่ ขอแล้วขออีก จนล่วงเลยมาจนถึงตอนนี้ เดือนมิถุนายน จะกลางเดือนแล้ว ทั้งที่ได้เอกสารไปครบหมดแล้ว ก็ไม่มีความคืบหน้าใดๆให้เราเลย เราเองก็ร้อนใจมาก เพราะเงินแสนที่ออกไปไม่รู้จะได้คืนไหม หรือเรื่องเป็นยังไงก็ไม่มีคำตอบให้เรา บอกแค่เพียงว่า รอ รอ รอ ดำเนินการอยู่ค่ะ อยากทราบว่ามีใครเป็นแบบเราบ้างไหมค่ะ เคลมนาน เคลมยาก เหนื่อยจะตามแล้วไม่ได้คำตอบมากค่ะ,"ผู้ร้องเรียนยื่นเอกสารเคลมประกันสุขภาพกับบริษัท FWD ครบถ้วนตั้งแต่วันที่ 15 เมษายน
แม้จะมีการประสานงานและส่งเอกสารเพิ่มเติมตามที่ร้องขอ แต่จนถึงช่วงกลางเดือนมิถุนายน ยังไม่มีความคืบหน้าหรือผลตอบแทนใด ๆ จากบริษัท
ผู้ร้องเรียนแสดงความกังวลเกี่ยวกับการขาดข้อมูลและไม่ได้รับคำชี้แจงอย่างชัดเจน พร้อมระบุว่าได้รับแต่คำตอบเพียงว่า ""รอ"" และ ""ดำเนินการอยู่""
ผู้ร้องเรียนหวังว่าจะได้รับการแก้ไขปัญหาและมีข้อมูลที่โปร่งใสในการพิจารณาเรื่องเคลมของตน",test,Hybrid,2025,26,4,6.5,0.5092052817344666,0.5054681301116943,0.4945318698883056
42372161,ใครเคยผ่อนประกันกับเงินติดล้อแล้วโดนยกเลิกกรมธรรม์บ้างคะ เราซื้อประกันภัยรถยนต์ ชั้น 1 โดยผ่อนชำระกับทางเงินติดล้อ ผ่อนทั้งหมด 10 งวด จ่ายมาแล้ว 5 งวด และมีปัญหางวดที่ 6 เราจ่ายล่าช้า เนื่องจากตอนนั้นหาเงินมาจ่ายไม่ทัน และทางบริษัทเงินติดล้อได้ส่งข้อความมาว่า ครบกำหนดชำระกำหนดเป็นเดือนหน้าและยอดทบกัน 2 เดือน เราก็เลยนึกว่า สามารถจ่ายทีเดียว 2 งวดได้ พอเราได้เงิน เราก็จ่ายไป ก็จ่ายได้ตามปกติ แต่แล้วก็เกิดเหตุมีเศษหินกระเด็นใส่กระจกด้านหน้าแตกร้าว เราก็เลยโทรหาบริษัทประกัน เขาก็ส่งเจ้าหน้าที่มาถ่ายรูป แต่พอตอนจะออกใบเคลมให้ บริษัทประกันตรวจสอบในระบบ พบว่า บริษัทเงินติดล้อได้ติดต่อแจ้งขอยกเลิกกับทางบริษัทประกัน ให้ติดต่อที่บริษัทเงินติดล้อดึงกรมธรรม์กลับคืนให้คุ้มครองตามเดิม แต่พอติดต่อไป พนักงานตอบมาว่า ไม่สามารถดึงกรมธรรม์คืนได้และจะคืนเงินงวดที่จ่ายล่าสุดให้ ทางนายหน้าประกันที่เราติดต่อก็เลยแนะนำให้ไปร้องเรียน คปภ เราก็ได้นำหลักฐานทั้งหมดที่มีและเขียนร้องเรียนเงินติดล้อ อยากจะสอบถามว่า มีใครเคยเจอแบบนี้ และเคยไปร้องเรียน คปภ ไหม และเรามีสิทธิ์จะชนะไหม เพราะถ้ามีเงินก็คงจ่ายสดไปแล้ว และถ้ามีเงินก็คงเปลี่ยนกระจกเองไปแล้ว ไม่มารอวันเวลา ไม่ติดต่อนู้นนั่นนี่ให้เสียเวลา เงินที่จ่ายไปทั้งหมด 6 งวด งวดละ 1451 บาท รวมๆแล้วก็เป็นเงินก้อนใหญ่สำหรับคนทำมาหากิน แจ้งกันก่อนยกเลิกหน่อยได้ไหม คิดค่าปรับเพิ่มก็ยินดีจ่าย,"ผู้ร้องเรียนผ่อนชำระเงินติดล้อ 10 งวด โดยจ่ายมาแล้ว 6 งวด และมีการล่าช้าในการชำระงวดที่ 6 เนื่องจากขาดสภาพคล่อง
บริษัทแจ้งให้ชำระทีเดียว 2 งวดในเดือนถัดไป จึงจ่ายรวมกันตามที่คาดไว้
เมื่อเกิดความเสียหายจากรถชนกระจกแตกร้าว ผู้ร้องขอเคลมประกันแต่พบว่ากรมธรรม์ถูกยกเลิกโดยบริษัทเงินติดล้อโดยไม่แจ้งล่วงหน้า
ผู้ร้องเรียนจึงร้องเรียนต่อ คปภ. เนื่องจากไม่ได้รับการแจ้งเตือนก่อนยกเลิก และต้องการทราบสิทธิ์ในการได้รับค่าชดเชยหรือการคืนเงิน",test,Hybrid,2023,22,4,5.5,0.4257045686244964,0.6390726566314697,0.3609273433685303
42734190,ประกันเด็กค่ายหนึ่งFax Claimไม่ได้ต้องสำรองจ่ายไปก่อน แบบนี้จะได้เงินคืนไหมคะ พอดีทำประกันลูกชาย กับค่ายหนึ่งที่รู้สึกจะมีประเด็นมาก ใน ตต. ว่าเคลมยาก บางทีเคลมไม่ได้บ้าง หรือต้องสำรองจ่ายไปก่อน คือ ลูกชายได้ป่วยมีไข้สูง หายใจครืดๆ ค่อนข้างรุ่นแรง มีถ่ายคลิปเก็บไว้ค่ะ หัวใจเต้นเร็วและแรงมาก หายใจจน อกยุบ จึงได้ไปโรงพยาบาล คุณหมอเด็ก ลงความเห็นว่าต้องแอดมิท และนอน ICU ในวันนั้นค่ะ ด้วยความที่เรามีความกังวลในเรื่องการเคลมประกันของค่ายนี้ จึงได้ถามคุณหมอเจ้าของไข้ว่า จะเคลมได้ใช่ไหมคะ คุณหมอแจ้งว่า เคลมได้เพราะมันคนละโรคกับครั้งที่แล้ว ครั้งที่แล้วแอดมิท ด้วยโรคหลอดลมอักเสบ ลูกชายนอนโรงพยาบาลตั้งแต่ 21 พค 2567 ออกวันที่ 24 พค 2567 ค่ะ ทางโรงพยาบาลก็รวมค่าใช้จ่ายประมาณ 75xx บาท ส่งFax Claim บริษัทประกันเจ้านี้ ปรากฏว่าทางประกันไม่สามารถใช้สิทธิเรียกร้องได้ ทางโรงพยาบาลก็ช่วยแย้งและส่งเอกสารต่างๆที่ ทางประกันต้องการ เข้าไปถึง 2 รอบ แต่ผลสุดท้ายก็ได้รับการตอบรับมาเหมือนเดิมว่า ไม่สามารถใช้สิทธิเรียกร้องได้ จึงสอบถามไปยังตัวแทนประกัน คือประกันของลูกชาย เพิ่งพ้นระยะรอคอยในวันที่ 2 พค 2567 จากที่พ้นระยะรอคอย เคลมไป1 ครั้ง ครั้งแรก เคลมผ่านปกติ ครั้งที่ 2 ไม่ผ่าน อันนี้น่าจะเนื่องมากจากทางโรงพยาบาลเขียนระบุโรค ซึ่งบ่งชี้ว่า อาจจะเป็นมาก่อนทำประกัน โรคปอดอักเสบ ซึ่งความจริงแล้วลูกชายไม่ได้ป่วยโรคปอดอักเสบอะไรเลยค่ะ ตอนเด็กๆที่เค้าติดโควิทก็ไม่ลงปอด จริงๆแล้วอาการที่ลูกชายแอดมิท อาการมันคือ หลอดลมอักเสบค่ะ แต่ไม่เข้าใจทำไมคุณหมอเขียนแบบนั้น อาจจะเพราะเห็นว่าเพิ่งเคลมโรคนี้ไป เลยเขียนอีกโรคจะได้ไม่ซ้ำกันมั้งคะ อันนี้ก็ไม่แน่ใจ เพราะเห็นเค้าถามอยู่ว่าที่เพิ่งออกมาจากอีกโรงพยาบาล ออกมาด้วยโรคอะไร ก่อนทำประกันลูกชายไม่เคยแอดมิทในโรงพยาบาลเลยค่ะ และมาครั้งล่าสุดนี้ ที่กล่าวข้างต้น ก็ยังไม่สามารถเคลมได้ คืออยากจะถามว่ามีท่านใดเคยเจอเหตุการณ์แบบนี้ อยากทราบว่าผลสุดท้ายแล้ว ประกันเค้าจะรับเคลมหรือคืนเงินให้ไหมคะ ที่เราต้องสำรองออกไปก่อน เพราะตอนนี้ 2 ครั้งรวมแล้ว แสนกว่าบาทแล้วค่ะ เครียดมากๆเลยค่ะ ตัวเราทำประกันกับเจ้านี้มานานมากๆ 16ปี ไม่เคยมีปัญหาในการเคลมสักครั้งเลยค่ะ แต่ก่อนผ่าตัดบ่อยแค่ไหนก็รับเคลมทุกครั้งและผลพิจารณาในแต่ละครั้งออกไวมากๆ ถึงมีความเชื่อใจมากๆ สำหรับเจ้านี้ พอมาเจอเคสของลูกชาย 2 ครั้งติด งงมากเลยค่ะ ว่าทำไมเดี่ยวนี้เค้าใช้เกณฑ์อะไรในการปฏิเสธ และทำไมถึงต้องสำรองจ่าย ไปก่อน ถ้าเกิดยอดมันหลายๆแสน หรือหลักล้าน จะไปเอาเงินที่ไหนมาจ่ายโรงพยาบาล อันนี้ยังคิดอยู่เลยค่ะ เราสามารถเรียกร้องหรือส่งเรื่องถึง คปภ. ได้ไหมคะ มีท่านใดเคยเรียกร้องมาบ้างแล้วคะ,"ลูกชายป่วยด้วยอาการรุนแรงต้องเข้ารักษาในหอผู้ป่วยหนัก แพทย์ยืนยันว่าเป็นโรคใหม่ที่ไม่เกี่ยวข้องกับการรักษาครั้งก่อน
ครอบครัวได้ดำเนินการส่งเอกสารเรียกร้องค่ารักษาผ่านทางโรงพยาบาลและตัวแทนประกัน แต่ได้รับคำตอบว่าไม่สามารถเคลมได้
แม้โรงพยาบาลจะช่วยแย้งและส่งเอกสารเพิ่มเติมสองรอบ แต่ผลลัพธ์ยังคงเหมือนเดิม
ผู้ร้องเรียนสงสัยว่าการปฏิเสธอาจเกิดจากข้อความในใบรับรองแพทย์ที่ระบุโรคปอดอักเสบ ซึ่งไม่ตรงกับความเป็นจริง",test,Hybrid,2024,45,4,11.25,0.4433118104934692,0.4138246377309163,0.5861753622690837
43075945,ประกันรถยนต์ แอกซ่า กับแคมเปญลูกค้าที่มาจากสินมั่นคง ตามที่ทราบกันว่าบ.สินมั่นคง ประสบปัญหาล้มละลาย ผมขอพูดเฉพาะในส่วนของประกันรถยนต์ ทำให้ลูกค้าเดิม ต้องหาบ.ประกันใหม่ เพื่อความคุ้มครองต่อเนื่อง ในขณะนั้น ผมก้อรีบหาย.ประกันเพื่อทำประกันรถยนต์ และก้อได้ทราบข่าวว่า แอกซ่า มีแคมเปญ แมทซ์ประกันกับบ.สินมั่นคง คือจะได้ดิวทุกอย่างเหมือนสินมั่นคงทุกประการ ซึ่งผมเหนว่าดีมากๆ เพราะรถผมถึงจะเก่า แต่ก้อทำชั้น1 มาตลอด และก้อไม่ค่อยได้เคลม ในวันนั้นผมจึงรีบตัดสินใจทำประกันกับแอกซ่า และได้ดิวตามที่คุยกันไว้ จนเวลาผ่านมา1 ปี ถึงปีต่อประกัน ไม่มีการเคลมใดๆ ผมได้ใบแจ้งหนี้ประกันปีต่อของแอกซ่า เค้าปรับจากประกันชั้น 1 เป็น 2 ผมจึงติดต่อกลับไป เจ้าหน้าที่แจ้งว่า ลูกค้าที่มาจากสินมั่นคง จะนึดตามกรมธรรม์เดิมแค่ปีเดียว ปีต่อต้องยึดตามนโยบายบริษัทฯ ซึ่งผมไม่เคยได้รับแจ้งส่วนนี้ในตอนทำประกัน และได้ทวงถาม เหตุผล ทางเมล์ คำตอบคือจะตามเรื่องให้ แล้วก้อเงียบ เงียบ เงียบ. สิ่งที่ผมมาแชร์เรื่องนี้ ไม่ได้ต้องการให้แอกซ่าต่อประกันชั้น1 ให้ผม แต่ผมมองว่าบริษัทฯ ไม่ได้ให้ข้อมูลที่ครบถ้วนก่อนทำประกัน ทำให้บริษัทฯขาดความน่าเชื่อถือ และความเชื่อมั่น ในสายตาผู้บริโภค ซึ่งบริษัทฯ ประกันควรยึดถือเปนหลักสูงสุดการทำธุรกิจประกันฯ,"ลูกค้าได้เปลี่ยนบริษัทประกันรถยนต์จากสินมั่นคงมาเป็นแอกซ่า โดยได้รับข้อมูลว่าสามารถ ""แมทซ์"" กรมธรรม์เดิมได้อย่างครบถ้วน
หลังจากทำประกันมาแล้ว 1 ปี โดยไม่มีการเคลม ลูกค้าพบว่ากรมธรรม์ถูกปรับจากรายการชั้น 1 เป็นชั้น 2
เจ้าหน้าที่แจ้งว่าลูกค้าที่โอนจากสินมั่นคงจะได้รับสิทธิ์ตามกรมธรรม์เดิมเพียงปีแรกเท่านั้น
ลูกค้าระบุว่าไม่เคยได้รับการแจ้งเตือนเรื่องเงื่อนไขดังกล่าวตั้งแต่ตอนทำประกัน และกำลังสอบถามเหตุผลเพิ่มเติมผ่านทางอีเมล",test,Hybrid,2024,27,4,6.75,0.4501029253005981,0.5358244578043619,0.464175542195638
42490767,ประกันอุบัติเหตุ กรุงเทพประกันภัย เคลมช้ามาก วันนี้วันที่ 30 1 2567 เจ้านายอายุ 76 เข้ารักษาตัวในรพ.เอกชน แถวนวมินทร์เนื่องจากเกิดอุบัติเหตุลื่นล้ม มีอาการหน้าบวม เลือดคั่งในสมอง หมอให้นอนรพ. 48 ชม. ถึงได้ออกวันนี้ ทางเจ้านายมีประกันอุบัติเหตุ 3 ที่ 1.AIA 2. กรุงเทพประกันภัย ทำเมื่อตอนอายุ 67 ปี 3.ชับบ์ ทางรพ.ทำแฟกซ์เคลมตั้งแต่เช้า 09.30 น. บริษัทฯ AIA พิจารณาจ่ายทันทีตามวงเงิน 6000. บาท ส่วนทางกรุงเทพประกันภัย ส่งเอกสารไปพร้อมกัน แต่พิจารณาช้า เจ้านายเลยต้องสำรองส่วนต่างไปก่อน 400 ค่ารักษาทังหมด 1.1 แสน ส่วนทาง บจก.กรุงเทพประกันภัย จนถึง บัดนี้ ราว 19.00 น. ยังพิจารณาเคลมไม่แล้วเสร็จ โทรไปสอบถามรพ.แจ้งว่ายังไม่เสร็จ ส่วนบจก.ชับบ์ ใช้แฟกซ์เคลมไม่ได้ ให้ส่งเอกสารตามเบิกภายหลัง สงสัยอย่างมากทำไม บจก.กรุงเทพประกันภัย ถึงพิจารณานานขนาดนี้ เวลาหักชำระเบี้ยรายเดือนผ่านบัตรเจ้านาย ไม่เคยขาดสักเดือน แถมทำมาตั้งแต่อายุ 67 ไม่เคยเคลมมาก่อนด้วย ส่วนของตัวเองก็มีกับบริษัท นี้เช่นกัน กะว่าจะยกเลิก,"เจ้านายอายุ 76 ปี เข้ารักษาตัวที่โรงพยาบาลเอกชนในวันที่ 30 มกราคม 2567 จากอุบัติเหตุลื่นล้ม มีอาการหน้าบวมและเลือดคั่งในสมอง
มีกรมธรรม์ประกันอุบัติเหตุ 3 ฉบับ โดย AIA พิจารณาจ่ายเงินชดเชยทันทีตามวงเงิน 600 บาท
ขณะที่บริษัทกรุงเทพประกันภัยได้รับเอกสารการเคลมพร้อมกันแต่ยังไม่ดำเนินการพิจารณาจนถึงเวลา 19.00 น.
เจ้าของเรื่องต้องชำระค่ารักษาพยาบาลส่วนต่างจำนวน 400 บาทเอง เนื่องจากบริษัทประกันยังไม่จ่ายเงินชดเชย",test,Hybrid,2024,29,4,7.25,0.468112051486969,0.5485393206278483,0.4514606793721517
43117911,เตือนภัย การซื้อประกันเดินทางกับ บริษัทไทย.ว ไปซื้อบองบริษัทอื่นเลยค่ะ เราเดินทางไป ตปท. โดยได้ซื้อประกันภัยการเดินทางกับ บ.ไทย.ว. เมื่อเดินทางขากลับประเทศไทย สกบ.ได้ยกเลิกการเดินทางเลื่อนการเกินทางเป็นอีกวันหนึ่ง ตามเวลาเดิม เมื่อกลับมาถึงไทย เราจึงทำเรื่องขอเคลมไป โดยมีเอกสารจาก สกบ. ว่าแคนเซิลไฟล์ตบินในวันดังกล่าวจริง แต่บริษัทไม่จ่าย โดยอ้างตามเอกสารแนบ คือจ่ายให้เฉพาะ ค่าที่พัก ค่าอาหาร ค่าเครื่องดื่มในระหว่างขึ้นเครื่องเท่านั้น ถ้าซื้อกรมธรรม์เดียวกันทุกอย่างหาร 2 หมด ทั้งค่าที่พัก อาหาร บริษัทถือว่านอนด้วยกัน ทานด้วยกัน ค่าแท๊กซี่จากสนามบินไป กลับ รร. ก็ไม่จ่าย เราก็ถามไปว่า รร. อยู่ตรงบรรไดสนามบินเหรอถึงไม่จ่ายรวม การเดินทางมันมีกระป๋าเดินทางด้วย การทานอาหารทุกอย่างเพื่อยังชีพในวันนั้น ต้องมีใบเสร็จตัวจริงแสดง ไม่งั้นบริษทไม่พิจารณา ดังนั้นอย่าหลงไปซื้อประกันกับบริษัทนี้ ปกติเคยซื้อกับชับบ์ เมื่อปีก่อนเคยเคลมเคสเครื่องยกเลิกที่อินเดีย ไปกันหลายคนเคลมปรกันได้ทุกคน ส่งเพียงแค่ เอกสารจาก สกบ. บอร์ดดิ้งขาไปขา กลับ เอกสารประจำตัว bookbank เท่านั้น ชับบ์จ่ายทุก 6 ชม. ไม่ต้องมีใบเสร็จใดๆ เพราะเราไม่ได้ซื้อตั๋วใหม่,"ผู้ร้องเรียนซื้อประกันภัยการเดินทางและยกเลิกเที่ยวบินเมื่อกลับประเทศไทย พร้อมมีเอกสารยืนยันจากสำนักงานการบินพลเรือนว่ามีการยกเลิกเที่ยวบินจริง
ได้ดำเนินการเคลมตามเงื่อนไขของกรมธรรม์ แต่บริษัทประกันปฏิเสธการจ่ายค่าใช้จ่ายบางรายการ เช่น ค่าแท็กซี่จากสนามบินไปโรงแรม และค่าที่พักที่แยกจากกัน
บริษัทอ้างว่าจ่ายเฉพาะค่าที่พัก อาหาร และเครื่องดื่มระหว่างขึ้นเครื่อง หากซื้อกรมธรรม์เดียวกันทุกอย่างหารสอง จึงถือว่าใช้ร่วมกัน
ผู้ร้องเรียนสอบถามกลับไปว่าหากโรงแรมอยู่ใกล้สนามบินทำไมจึงไม่ครอบคลุมค่าเดินทางไป-กลับ",test,Hybrid,2024,29,4,7.25,0.4487351179122925,0.5004674990971882,0.4995325009028117
43013670,รีวิว การเคลมเงินแสนจากประกัน 48 โรคร้าย ผู้เขียนทำประกันชีวิตโดยมีสัญญาเพิ่มเติมคือ ประกันสุขภาพ ประกัน 48 โรคร้าย และประกันอุบัติเหตุกับบริษัทประกันกรุงเก่าตั้งแต่เพิ่งเรียนจบใหม่ ๆ คำนวณแล้วตกปีละหมื่นกว่าบาท โดยเป็นประกันชีวิตราว 600 กว่าบาท ประกันดังกล่าวมีวิธีการจ่ายแบ่งเป็น 3 ระดับตามระดับความหนักเบาของอาการ โดยกระบวนการตั้งแต่ตอนที่ผมติดต่อบริษัทประกันจนได้รับเช็คคิดแล้วเป็นเวลา 80 วัน เรียงลำดับตามไทม์ไลน์ดังนี้ 1. ราวเดือนสิงหาคม เริ่มส่งอีเมลล์หาเจ้าหน้าที่ของบริษัทฯ ประกันหลังจากแพทย์วินิจฉัยว่ามีสภาวะหัวใจขาดเลือดตอนเดือนมีนาคมปีเดียวกัน พร้อมแนบหลักฐานพื้นฐานเช่น ผล Echo ECG ผลเลือด และ ฯลฯ 2. ภายใน 1 วันให้หลังเจ้าหน้าที่ก็ตอบอีเมลล์กลับพร้อมสอบถามรายละเอียดเพิ่มเติม 3. ถัดมาอีก 1 อาทิตย์เจ้าหน้าที่ก็มีเอกสารให้กรอกเช่น เอกสารเคลม รวมถึงเอกสารให้แพทย์กรอก พร้อมให้ส่งเอกสารทั้งหมดกลับทาง EMS ในส่วนของบริษัทประกันใช้เวลาทั้งหมดช่วงนี้ประมาณ 1 อาทิตย์ 4. สลับมาทางด้านรพ. เนื่องจากต้องให้แพทย์ช่วยกรอกเอกสารจึงใช้เวลาอีกเกือบ 1 เดือน เพราะรอผู้เขียนว่าง และรอแพทย์กรอกเอกสาร ตรงนี้ทางรพ. มีเก็บค่าบริการในการให้คุณหมอกรอก 500 บาท โดยผู้เขียนต้องชำระเอง ใช้เวลาทั้งหมดประมาณ 40 วัน 5. ราวปลายเดือนกันยายน ผู้เขียนได้ทำการส่ง EMS ให้บริษัทประกันและได้รับเช็คเคลมเต็มจำนวนวงเงินตามวงเงินที่ทำประกันภายในไม่เกิน 2 อาทิตย์จากวันที่บริษัทประกันได้รับเอกสาร ข้อสังเกตุ ในอนาคตบริษัทฯ ประกันควรจะขอเอกสารอาการคนไข้โดยตรงกับทางรพ. โดยทางผู้ทำประกันแค่แจ้งบริษัทฯ ผ่านจดหมายเคลม และอาจจะอนุญาตให้บริษัทประกันมีสิทธิ์ในการสอบถามอาการของผู้ช่วย ที่สำคัญผู้เคลมไม่ควรต้องเสียเงินเพิ่มเติมจากค่าบริการแพทย์ในการกรอกเอกสารใด ๆ หลังจากได้รับเช็คเงินเคลมแล้ว ทางบริษัทประกันทำการแจ้งว่ากรมธรรม์ในส่วนของ 48 โรคร้ายถูกยกเลิกทันที ซึ่งผู้เขียนเห็นว่า ควรจะยกเว้นเฉพาะโรคที่ผู้เคลมประกันเป็นเท่านั้น การทำประกันโรคร้ายจะช่วยอย่างมากสำหรับเรี่ยวแรงของครอบครัวที่อาจจะไม่สามารถทำงานหนักได้ในอนาคต ชื่อสินค้า ประกัน 48 โรคร้าย คะแนน CR Consumer Review,"ผู้เขียนทำประกันชีวิตและประกันสุขภาพกับบริษัทประกันกรุงเก่ามาตั้งแต่เริ่มทำงาน โดยมีค่าเบี้ยประมาณปีละหนึ่งหมื่นกว่าบาท
หลังจากได้รับการวินิจฉัยโรคหัวใจขาดเลือดในเดือนมีนาคม ผู้เขียนเริ่มดำเนินการเคลมในเดือนสิงหาคม โดยส่งเอกสารประกอบการเคลมผ่านอีเมลและ EMS
กระบวนการเคลมใช้เวลานานรวม 80 วัน เนื่องจากต้องรอให้แพทย์กรอกเอกสารที่โรงพยาบาล ซึ่งใช้เวลาเกือบหนึ่งเดือน และต้องจ่ายค่าบริการแพทย์ 500 บาทเอง
บริษัทประกันได้รับเอกสารปลายเดือนกันยายน และจ่ายเช็คเคลมเต็มจำนวนภายในสองสัปดาห์",test,Hybrid,2024,27,4,6.75,0.4996479153633117,0.5293298959732056,0.4706701040267944
42603216,ไร้เงาการติดต่อ จากบ.เจนเนอราลี่ ใครเคยเจอมั่งคะ แม่ดิฉันทำประกันกับ บ.เจนเนอราลี่ มา2ฉบับ ฉบับแรกมีเคลม ปีต่อมาไม่ต่ออายุให้ ฉบับ2 แม่ดิฉันจ่ายเบี้ยมาตลอด5 6ปี ไม่เคยขาด แถลงข้อเท็จจริงทั้งหมดอย่างชัดเจน แต่พอมีเคลมคุณปฏิเสธว่าเป็นอาการสืบเนื่องก่อนทำประกัน ทั้งๆแม่ดิฉันแถลงชัดเจนมาก แล้วที่สำคัญมันคนละข้างกับที่แม่ฉันเป็นเลย ณ. ตอนนี้แม่ดิฉันจะเดินไม่ไหวแล้ว ดิฉันจะยอมจ่ายค่ารักษาไปก่อนแล้วมาเรียกร้องกับ เจนเนอราลี่เอง แม่ดิฉันไม่ยอมกลัวดิฉันจ่ายเงินเยอะ เ มันเป็นธรรมกับแม่เราแล้วใช่มั๊ย ติดต่อบริษัทนี้ก็ยากเข้าถึงอะไรไม่ได้เลย มีการให้ดิฉันไปขอประวัติการรักษาเองดิฉันก็แจ้งเค้าไปแล้ว ขอแล้วรพ.ไม่ให้บริษัทคุณอยากรู้อะไรให้ไปขอเค้าเอง อยากหาข้อยุติ อยากออกสื่อมีให้ช่วยเหลือแนะนำได้มั๊ยคะ ถึงหากผลครั้งนี้จะออกมายังไง ดิฉันขอให้เป็นวิทยาทานกับผู้สูงอายุ ในการเลือก บริษัทประกันภัยมาดูแลคนที่คุณรักดีๆค่ะ แล้วที่ขาดไม่ได้เลย ดิฉัน ขอขอบพระคุณพี่ๆในเพจ มีแค่พี่ๆAIA AZAY พี่ทนาย เพจข่าวช่อง Thai PBSมากๆ เลยนะคะ ติอต่อเล่าเรื่องเล่าไปประสานงานให้พี่ทนายติดต่อกลับมาพูดคุยกับเราทันที ขอบพระคุณที่ให้กำลังใจ และพูดคุย ในเหตุการณ์นี้นะคะ บริษัท เจนเนอราลี่ โหนกระแส คปภ พี่กันต์จอมพลัง Thai PBS,"แม่ของผู้ร้องทำประกันกับบริษัท เจนเนอราลี่ มาหลายปี โดยไม่เคยขาดการชำระเบี้ย และได้แถลงข้อเท็จจริงอย่างชัดเจน
เมื่อมีการเคลม บริษัทปฏิเสธโดยอ้างว่าอาการเกิดก่อนทำประกัน ทั้งที่ผู้เอาประกันได้แจ้งข้อมูลครบถ้วน
ผู้ร้องระบุว่าการติดต่อขอข้อมูลจากบริษัทเป็นไปด้วยความยากลำบาก และถูกขอให้ไปขอประวัติการรักษาเองจากโรงพยาบาล
ผู้ร้องหวังให้มีทางออกเพื่อความยุติธรรม และต้องการให้ประสบการณ์นี้เป็นบทเรียนสำหรับผู้สูงอายุในการเลือกบริษัทประกันภัย",test,Hybrid,2024,22,4,5.5,0.5031177997589111,0.5219447612762451,0.4780552387237549
42843582,อยากรบกวนสอบถาม เรื่องเคลมประกันภัยเดินทางค่ะ อัพเดต 2 ส.ค. 2567 วันนี้ บริษัท MSIG ที่เราซื้อเน็ตพร้อมประกันเดินทางจาก AIS Ready2fly Plus แผน 2 ได้เน็ต 15GB 10 วัน ราคา 749. บาท ทุนประกัน 10000 บาท ได้อนุมัติเคลมให้เราและพี่อีกคนที่ซื้อเหมือนกันมา 400 บาท 12 ชั่วโมง 200 บาท 6 ชั่วโมง ขอบคุณ AIS และ MSIG ค่ะ อัพเดต 18 ก.ค. 2567 หลังจากเจ้าหน้าที่บริษัท ชับบ์ สามัคคี ประกันภัย มาคอมเม้นท์กระทู้นี้ เราได้ inbox เข้าไปแจ้งรายละเอียดแก่เจ้าหน้าที่ในวันเดียวกันค่ะ และเวลา 11.20 น. ของวันนี้ 18 ก.ค. 2567 เราและคณะทัวร์รวม 6 คน ก็ได้รับเงินสินไหมเข้าบัญชีเรียบร้อยแล้ว เต็มลิมิตที่คุ้มครองค่ะ ขอชื่นชมเจ้าหน้าที่บริษัท ชับบ์ สามัคคี ประกันภัย ที่ทำงานกันได้เร็วมากๆ ตั้งแต่อีเมลแจ้งเราทันทีที่ได้รับเอกสาร ไม่นับช่วงเวลาพิจารณาประกันภัย ที่ใช้เวลาหลายสัปดาห์อยู่ คงเพราะต้องไปตรวจสอบกับสายการบินด้วยเลยล่าช้า เดินทางครั้งต่อไปซื้อประกันภัยของชับบ์อีกแน่นอนค่ะ และคณะทัวร์ก็จะไม่อิดออดเวลาบอกให้ซื้อประกันแล้วค่ะ สนับสนุนให้คนซื้อประกันภัยเดินทาง อยากทราบว่า มีใครเคยซื้อประกันเดินทาง และได้เคลมประกันเดินทางกันบ้างไหมคะ มีใครเคยได้รับอนุมัติเคลมประกันเดินทาง กรณีเที่ยวบินล่าช้า ยกเลิก ไหมคะ เรื่องของเราคือ เรากับสมาชิกทัวร์ รวม 6 คน ได้เดินทางไปท่องเที่ยวที่ปักกิ่ง ประเทศจีน ช่วงวันที่ 13 19 มิถุนายน 2567 และได้ซื้อประกันภัยเดินทางกับบริษัท ชับบ์ สามัคคีประกันภัย CHUBB เพราะมีเพื่อนเป็นตัวแทนอยู่ และได้ซื้อแพ็คเก็จเน็ตต่างประเทศที่มีแถมประกันภัยเดินทางด้วย ของ AIS ซึ่งเป็นประกันภัยของบริษัท MSIG น้องในคณะเป็นผู้ซื้อตั๋วเครื่องบินจาก trip.com เที่ยวไป เดินทางด้วย สายการบิน ฮ่องกงแอร์ไลน์ BKK HongKong Beijing และกลับด้วย ไชน่า เซาท์เทิร์น แอร์ไลน์ Beijing Shenzhen BKK ออกตั๋วเรียบร้อย ที่นั่งคอนเฟิร์มทั้งไปและกลับ มีหลายเลขตั๋วชัดเจน ทีนี้ขณะกำลังเดินทาง ก็ได้รับแจ้งจากสายการบิน ไชน่า เซาท์เทิร์น แอร์ไลน์ ว่าเที่ยวบินขากลับช่วง Shenzhen BKK ถูกยกเลิก ด้วยเหตุผลว่า สภาพอากาศเลวร้าย และได้จัดเที่ยวบินใหม่ให้เป็นเที่ยวบินที่เร็วขึ้น จึงไม่สามารถคอนเน็คกับช่วง Beijing Shenzhen ได้ และไม่มีเที่ยวบินที่ช้ากว่านี้เพื่อให้สามารถคอนเน็คได้ ทำให้ต้องค้างอีก 1 คืน เพื่อขึ้นเที่ยวบินช่วง Shenzhen BKK ในวันรุ่งขึ้น ถ้านับเวลาที่ล่าช้าไปก็คือประมาณ 18 ชั่วโมง และมีค่าใช้จ่ายเพิ่มในส่วนที่ต้องหาที่พักค้างอีก 1 คืน กลับมา เราจึงรีบส่งเรื่องไปเคลมประกันเดินทาง กรณีเที่ยวบินล่าช้ากับทางบริษัท CHUBB และ MSIG โดย ทางบริษัท แจ้งว่าได้รับเอกสารเคลมแล้ว หลังจากทางบริษัทแจ้งมาว่าได้รับเอกสารแล้ว ทาง MSIG ก็มีขอเอกสารเพิ่มเติมนิดหน่อย จากนั้นก็หายเงียบไปเลย ส่วน CHUBB มีขอเอกสารเพิ่มเติม และโทรมาถามเสมือนว่าเราทำงานอยู่สายการบิน เช่น อยากทราบเหตุผลที่เที่ยวบินยกเลิก เรามีเอกสารรับรองจากทางสายการบิน โดยระบุว่า เที่ยวบินยกเลิก ด้วยเหตุผลของสายการบิน เราตอบไปตามความจริงว่า สายการบินแจ้งว่าสภาพอากาศเลวร้าย แต่ในใบรับรองระบุว่าเหตุผลของสายการบิน แต่เราไม่ทราบเหตุผลที่แท้จริงหรอก หลังจากนั้นไม่นาน เจ้าหน้าที่ก็มีติดต่อเข้ามาสอบถามเพิ่มเติมอีกว่า การจองของเราเป็น over booking หรือเปล่า เพราะเช็คไปทางสายการบินแล้ว ไม่มีเที่ยวบินนี้ ในส่วนนี้คือเราไม่ทราบจริงๆ ว่าทำไมถึงเสิร์ชหาไม่เจอ เพราะเราก็ไม่ได้ทำงานอยู่ในสายการบินนั้น อาจจะเพราะเที่ยวบินถูกยกเลิกไปแล้ว หรืออาจจะเพราะผ่านไปนานเกินสัปดาห์แล้ว เพราะตอนที่เราเพิ่งกลับมา เราเข้าไปเสิร์ชดูสถานะเที่ยวบิน ก็ยังมีข้อมูลรายละเอียดเที่ยวบินขึ้นอยู่ แต่พลาดเองที่ไม่ได้แคปหน้าจอไว้ และไม่คิดว่าข้อมูลจะหายไป ตอนนี้นั่งลุ้นว่า จะเคลมได้ไหม เพราะเราเองเป็นคนแนะนำให้ทุกคนทำประกันภัยเดินทางไว้ หากครั้งนี้เคลมไม่ได้ มันก็จะมีผลต่อการพิจารณาซื้อประกันภัยเดินทางในครั้งหน้า อยากทราบว่า มีสมาชิกท่านใดเคยได้รับอนุมัติเคลมประกันภัยเดินทาง กรณีเที่ยวบินล่าช้า ยกเลิก บ้างไหมคะ หรือจะเคลมยาก จะได้อธิบายให้สมาชิกที่ไปด้วยกันเข้าใจได้ถูก เรายังสนับสนุนการซื้อประกันภัยเดินทางนะคะ แต่ถ้าเคลมยาก ต่อไปคนอื่นก็คงไม่ซื้อกันแล้ว ขอบคุณล่วงหน้า สำหรับทุกความคิดเห็น chubb msig,"คณะทัวร์ 6 คนเดินทางไปปักกิ่งระหว่างวันที่ 13–19 มิถุนายน 2567 โดยซื้อประกันเดินทางผ่านแพ็กเกจเน็ตของ AIS ที่มีบริษัท MSIG เป็นผู้ให้ความคุ้มครอง
ขณะเดินทางกลับ เที่ยวบินจากเสิ่นเจิ้นไปกรุงเทพฯ ถูกสายการบินไชน่า เซาท์เทิร์น แอร์ไลน์ ยกเลิก ทำให้เกิดความเสียหายต่อการเดินทาง
บริษัทชับบ์ สามัคคี ประกันภัย ได้ดำเนินการพิจารณาเคลมและอนุมัติงบประมาณสูงสุดตามเงื่อนไขให้กับผู้เอาประกันทั้งหมดภายในไม่กี่ชั่วโมงหลังยื่นเอกสาร
ผู้ร้องเรียนแสดงความพึงพอใจต่อความรวดเร็วในการดำเนินการเคลม และระบุว่าจะซื้อประกันจากบริษัทนี้ในทริปต่อไป",test,Hybrid,2024,57,4,14.25,0.4935929775238037,0.6381247838338215,0.3618752161661784
42227869,มีใครเบิกประกันของกรุงไทย axa ไม่ได้มั้ยคะ เรา ท้องเสีย คลื่นไส้ อาเจียน อยากจะตั้งกระทู้ถามค่ะ ว่ามีใครไม่สบายแล้วเบิกประกันไม่ได้บ้างมั้ย ของบริษัทประกันเดียวกันหรือที่อื่นก็ได้ค่ะ เรื่องของเราคือ วันที่ 16 9 23 เรามีอาการท้องเสีย 3 ครั้ง เป็นวันหยุดพอดีเลยนอนพักผ่อนที่บ้านเอา แต่ตอนเกือบๆเที่ยงคืนจู่ๆเราก็เวียนหัว คลื่นไส้มากค่ะ สุดท้ายอาเจียนไป 3 รอบ เลยตัดสินใจไป รพ. ก็ไปเข้าห้องฉุกเฉินค่ะ คุณหมอก็มาตรวจแล้วก็ฉีดยา รอดูอาการครึ่ง ชม. แต่เราก็ยังไม่ดีขึ้นค่ะ ยังมีอาการคลื่นไส้ เวียนหัว อยากอาเจียนอยู่ เลยต้องนอน รพ. 1 คืน แต่ๆ ประกันแจ้งว่าให้เราจ่ายไปก่อนค่ะ และประกันแจ้งกับทาง รพ.ว่า เพราะเราไม่มีความจำเป็นต้องนอน รพ. เอ้า สรุปก็คือวันนั้นเราก็ต้องจ่ายเงินเองค่ะแล้วส่งไปเบิกเองค่ะ พอวันนี้ 18 9 23 เราก็เลยโทรสอบถามทางประกันเอง ทางประกันก็บอกว่า มันไม่เข้าเงื่อนไขของเขาและยังบอกกับเราอีกว่า ตอนที่ เขาจนท.คนนั้นที่เราคุยอยู่ ท้องเสียเหมือนกัน จำไม่ได้ว่าอาเจียนด้วยมั้ย ไปห้องฉุกเฉินตอนเกือบๆเที่ยงคืนเหมือนกัน ก็ฉีดยาแล้วกลับบ้านนะคะ ไม่ได้นอนรพ.ค่ะ เอ้า2 เราก็งงว่าแล้วเราผิดหรอที่ต้องนอน รพ. คือเราไม่ได้อยากจะนอน รพ.นะ ไม่อย่างนั้นก็คงไปรพ.ตั้งแต่ท้องเสียรอบแรกแล้ว แต่เพราะตอนนั้นเราอาเจียน แล้วก็คลื่นไส้มาก จะให้กลับก็ไม่ไหวจริงๆ และสรุปคือ ทางประกันก็ยังยืนยันว่าเราไม่เข้าเงื่อนไข ของเขาค่ะ แล้วถึงตอนนี้จะให้เรายื่นเอกสารไปเบิกกับทางประกันเองอีกที แล้วบอกว่าอาจจะต้องมีขอใบอะไรสักอย่างให้หมอเขียนเพิ่มเติม และเราจะต้องไปเอาติดต่อกับรพ.เอง เอ้า3 ซึ่งเราก็งงว่าแล้วทำไมตอนที่เรายังอยู่ใน รพ. แล้วคุณขอเอกสารกับทาง รพ.อยู่แล้ว คุณไม่ขอเอกสารให้มันครบไปเลย คือตอนนี้เรางงมากค่ะ ตลอดปีเราก็ยังไม่ได้เบิกอย่างอื่นเลย จ่ายประกันก็จ่ายครบ ไม่แน่ใจเหมือนกันว่ามันมีปัญหาจากตรงไหนค่ะ มีใครเป็นเหมือนเราบ้างคะ แล้วทำยังไงกันบ้าง ขอคำแนะนำหน่อยค่ะ,"ผู้ร้องเรียนประสบอาการท้องเสีย คลื่นไส้ และอาเจียนรุนแรงจนต้องเข้ารับการรักษาในห้องฉุกเฉินและนอนพักรักษาตัวหนึ่งคืน
บริษัทประกันกรุงไทย AXA แจ้งว่ากรณีดังกล่าวไม่เข้าเงื่อนไขการเบิกจ่ายค่ารักษาพยาบาล
ผู้ร้องเรียนแสดงความไม่เห็นด้วย เนื่องจากอาการรุนแรงจนไม่สามารถกลับบ้านได้ และมีข้อมูลว่าบุคคลอื่นที่มีอาการคล้ายกันแต่ไม่นอนโรงพยาบาลกลับได้รับการชดเชย
ปัจจุบันบริษัทประกันแนะนำให้ผู้ร้องเรียนดำเนินการยื่นเอกสารเบิกเองพร้อมขอใบรับรองเพิ่มเติมจากแพทย์",test,Hybrid,2023,36,4,9.0,0.4339445531368255,0.526224931081136,0.473775068918864
42385398,รบกวนผู้รู้ช่วยหน่อยค่ะ ถูกประกันAIAยกเลิกกรมธรรม์ ทั้งที่เราไม่ได้เป็นโรคเรื้อรัง เนื่องจากก่อนหน้าที่จะทำประกัน AIA เราทำประกันของที่อื่นอยู่ และแฟนแนะนำให้ลองปรึกษาหมอ เพราะพฤติกรรมของเราเป็นพวกลำไส้ตรง กินปุ๊บถ่ายปั๊บ ถ่ายหลังกินอาหาร ซึ่งไม่ได้ถ่ายท้องที่มีผิดปกติใดๆไม่มีอาการปวดท้อง ปวดบิดหรืออะไรเลย แค่ปวดอึทั่วไป เข้าห้องน้ำก็หาย ไปหาหมอ หมอให้ยา ปรับสมดุลย์ลำไส้และพวกจุลินทรีย์มากิน เพื่อปรับสมดุลลำไส้ หมอบอกว่าจุลินทรีย์ในลำไส้หมอบอกว่าจุลินทรีย์ในลำไส้ไม่สมดุล เลยทำให้ถ่ายท้องบ่อย และหมอก็นัดติดตามผล หลังจากนั้น ก็ยังถ่ายท้องอยู่จำนวนรอบไม่ได้ลดลงเท่าไร หมอก็เลยขอส่องกล้องดู ว่ามีแผลหรือมีความผิดปกติตรงไหนรึป่าว สรุป ผลออกมาปกติ ลำไส้ดี ปกติทุกอย่าง และได้เพิ่มจุลินทรีย์มาเพื่อปรับสมดุลอีกตัวและให้ยาลำไส้แปรแปรวนมากิน หมอสรุปว่าเป็นลำไส้แปรปรวนค่ะ ซึ่งหมอบอกรักษาหายได้ และ หลังจากนั้นเราก็หายขาด จากที่ถ่ายวันละ 6 7รอบ เหลือวันละ 2รอบ ผ่านมา 3ปี ไม่เคยเข้ารับการรักษาต่ออีกเลย และเราได้ทำประกันใหม่ของ AIA เนื่องจากมีพี่ที่รู้จักแนะนำให้ทำ เราทำไปได้ 4เดือน ไปเที่ยวทะเลทานของทะเล เกิดอาหารเป็นพิษ ไปหาหมอที่ รพ.เดิม หมอให้ยามากิน ไม่ได้นอน รพ. อะไรคะค่ะใช้เบิกผู้ป่วยนอกที่มีในกรมธรรม์ค่ะ หมอลงรายละเอียดในการรักษาครั้งนี้ว่า กระเพาะอาหารอักเสบ ติดเชื้อจากการทานอาหารทะเล และยื่นเคลมประกันไป ประกันให้สำรองจ่าย และขอเอกสารการรักษาทั้งหมดเพื่อพิจารณา เราก็ยื่นให้ประกันทุกอย่าง ผ่านไป 1อาทิตย์ ประกันตรวจเอกสารทุกอย่าง ผ่านหมด และอนุมัติจ่ายเช็คคืนมาให้ ในส่วนที่ยื่นเคลมไปมาให้ เราก็โอเค คิดว่าไม่น่ามีปัญหาอะไร ผ่านมา 8เดือน ที่กำลังจะครบรอบต่อกรมธรรม์มีเอกสารส่งมาที่บ้าน ว่าขอยกเลิกกรมธรรม์ที่เราทำ เหตุเพราะ เราเป็นโรคต่อเนื่องจากที่เคยไปหาหมอเรื่องลำไส้แปรปรวนในครั้งนั้น เรา งงมาก และไม่เข้าใจมากๆค่ะ ว่าประกันเขาทำแบบนี้ถูกต้องแล้วหรอคะ ทำไมไม่แย้งเราตั้งแต่ยื่นเคลมไป ทั้งที่คุณตรวจเอกสารทั้งหมดแล้ว และอนุมัติค่ารักษามาแล้ว ว่ามันไม่ได้เป็นโรคต่อเนื่องกัน แบบนี้ควรทำยังไงดีคะ ฟ้อง คปภ. ให้ช่วยตรวจสอบได้ไหมคะ และถ้าไปยื่นฟ้อง ต้องใช้เอกสารอะไรบ้างคะ ขอบคุณล่วงหน้านะคะที่อ่านจนจบ ตอนนี้เครียดมากค่ะ,"ผู้ร้องเคยรักษาอาการลำไส้แปรปรวนที่มีอาการถ่ายท้องบ่อย และได้รับการวินิจฉัยว่าเป็นโรคที่สามารถรักษาหายได้
หลังจากนั้นอาการดีขึ้นอย่างชัดเจน ไม่ต้องเข้ารับการรักษาอีกเป็นเวลา 3 ปี และได้ทำประกันใหม่กับ AIA
เมื่อเกิดอาการอาหารเป็นพิษหลังไปเที่ยวทะเล จึงไปพบแพทย์และยื่นเคลมประกันผู้ป่วยนอก ซึ่งได้รับการอนุมัติจ่ายเงินค่ารักษาแล้ว
อย่างไรก็ตาม หลังจากผ่านไป 8 เดือน ได้รับหนังสือแจ้งยกเลิกกรมธรรม์โดยอ้างว่าเป็นโรคเรื้อรัง ซึ่งผู้ร้องไม่เห็นด้วยเนื่องจากเคยได้รับการอนุมัติเคลมแล้วและไม่มีประวัติการรักษาซ้ำ",test,Hybrid,2023,39,4,9.75,0.4348040819168091,0.576734701792399,0.4232652982076009
43129747,พ่อเสียชีวิต และได้กู้หนี้กับ ธกส. พร้อมทำประกันชีวิตกับบริษัทสินมั่นคง และปิดตัวลง เรียกค่าสินไหมได้ไหมคะ ขอคำปรึกษาหน่อยนะคะ พ่อเสียชีวิต เมื่อ 27 พ.ย.67 เรากับแม่รู้แค่ว่า พ่อไก้กู้เงิน ธกส. และทำประกันชีวิตไว้ พ่อบอกว่าถ้าตายไปเขาก็จะหักเงินประกันชีวิตชำระหนี้ให้เลย เรากับแม่ได้ไปติดต่อกับทาง ธกส. ธกส.แจ้งว่าไม่สามารถเครมประกันได้ ทำได้เพียงทำเรื่องขอคืนเบี้ยที่ชำระค่าประกัน และให้หาคนมารับหนี้แทน จะเป็นแม่หรือลูกก็ได้ พ่อได้ทำเรื่องกู้กับทาง ธกส. ไว้ 2 สัญญา กู้เมื่อ สิงหา 2566 มีหนี้ปัจจุบันประมาณ 45000 และได้ทำประกันชีวิตที่ทางธนาคารเลือกให้ คือบริษัทสินมั่นคงไว้ ทุนประกัน 30000 บาท ปัจจุบันได้ปิดตัวไปแล้ว และน่าจะใช้ที่ดินค้ำด้วย ธกส.ก็ไม่แนะนำอะไรเลย มีแต่บอกหาคนมาเป็นหนี้แทนกับขอคืนเบี้ยที่ชำระประกันไป จนท.พยายามจะคุยแต่กับแม่คนเดียว แบบนี้เราจะทำอะไรได้บ้างคะ ไม่ได้รับหนังสือแจ้งยกเลิกประกัน และธกส.ก็ไม่ได้แจ้งอะไรเลยจนกระทั้งเรากับแม่ไปติดต่อเรื่องหนี้ของพ่อเราสอบถามชาวบ้านเขาที่เขาเป็นลูกหนี้ ธกส.ก็ไม่รู้เรื่อง เราจึงแนะนำเขาให้ไปตรวจสอบกรมธรรม์ของตัวเอง เดี๋ยวจะเป็นแบบกรณีของพ่อเรา ที่เราทำตอนนี้คือไปติดต่อที่ คปภ.จังหวัดแล้ว เขาจะทำเรื่องไปที่กองทุนประกันให้และจะทำเรื่องขอคืนเบี้ยประกันให้ แต่เราจะยังไม่ทำเรื่องคืน เอกสารที่เราหาเจอมีแค่หนังสือทำเรื่องกู้ไม่ใช่สัญญากู้ กับหนังสือรายละเอียดประกันและหลักฐานการจ่ายค่าเบี้ยประกัน เล่มกรมธรรม์ไม่มี ทำเรื่องขอเลขกรมธรรม์กับ ธกส. ก็หาเลขไม่เจอ เจอแต่ว่าเป็นประกันประเภทอะไร สัญญาเงินกู้ ไม่มี ทำเรื่องขอ เขาให้มาติดต่อใหม่ จนท.ที่ทำเรื่องไม่อยู่ ลา เอาจริงๆ เราอยากดำเนินเรื่องกับทางธนาคารด้วย เขาไม่แจ้งอะไรเลย จนเราไปติดต่อถึงรู้ว่ามันมีปัญหา เราขอคำแนะนำผู้รู้ด้วยนะคะว่าเราจะทำยังไง เดินเรื่องยังไงบ้าง ร้องเรียนที่ไหนได้บ้าง,"ผู้ร้องและแม่ได้ไปติดต่อ ธกส. เพื่อแจ้งปัญหาการเคลมประกันที่ไม่สามารถดำเนินการได้
บริษัทประกันที่ ธกส. จัดให้มีทุนประกันเพียง 300 บาท และได้ปิดตัวลงแล้ว ทำให้ไม่สามารถใช้ประโยชน์จากกรมธรรม์ได้
ทาง ธกส. แนะนำให้หาบุคคลมาเป็นผู้รับผิดชอบหนี้แทน และขอคืนเบี้ยประกันที่ชำระไป โดยไม่มีการแจ้งยกเลิกกรมธรรม์เป็นลายลักษณ์อักษร
ผู้ร้องไม่ทราบว่าจะดำเนินการอย่างไรต่อไป เนื่องจากไม่ได้รับข้อมูลหรือคำแนะนำที่ชัดเจนจากทางธนาคาร",test,Hybrid,2024,40,4,10.0,0.3950696289539337,0.6296811898549397,0.3703188101450603
42929222,ไปขอรีเทนชั่น ธนาคารแจ้งว่าจะได้ลดดอกเบี้ยเพิ่มอีกถ้าซื้อประกันอุบัติเหตุ ไปสอบถามข้อมูลการขอรีเทนชั่นมาค่ะ ยังไม่ได้ยื่น แล้วเจ้าหน้าที่สินเชื่อแจ้งว่าดอกเบี้ยจะลดเหลือประมาณ 3.6 สามปี แล้วแนะนำว่าถ้าซื้อประกันอุบัติเหตุเพิ่มเติม ไม่ใช่ประกันคุ้มครองสินเชื่อบ้าน คุ้มครอง 3 ปี ราคาไม่กี่พัน จะได้ลดดอกเบี้ยลงได้อีกเหลือ 3.15 ลองคำนวณดูก็คุ้มมาก แต่สงสัยว่าโปรโมชั่นแบบนี้มีด้วยเหรอคะ แอบคิดอยู่ว่าหรือจริงๆเราควรจะได้ 3.15 อยู่แล้ว แต่ทางสาขาอ้างแบบนี้เพื่อจะทำยอด เพราะโปรโมชั่นในโบรชัวร์ของธนาคารก็มีแต่ข้อเสนอลดดอกเบี้ยกรณีซื้อประกัน MRTA มีใครเคยได้ข้อเสนอแบบนี้บ้างไหมคะ แล้วถ้าทำประกันอุบัติเหตุไปก่อน พอได้ดอกเบี้ยเรทใหม่แล้วเราค่อยขอยกเลิกประกันจะได้ไหมคะ,"เจ้าหน้าที่สินเชื่อแจ้งว่าสามารถลดดอกเบี้ยจากประมาณ 3.6% เหลือ 3.15% หากซื้อประกันอุบัติเหตุเพิ่มเติม ซึ่งไม่ใช่ประกันคุ้มครองสินเชื่อบ้าน
ผู้ร้องเรียนสงสัยว่าโปรโมชั่นดังกล่าวอาจเป็นการจูงใจให้ทำยอดขายมากกว่าการให้ข้อเสนอที่แท้จริง
ข้อเสนอดังกล่าวไม่ปรากฏในโบรชัวร์โปรโมชั่นของธนาคาร และไม่มีข้อมูลยืนยันว่าลูกค้ารายอื่นได้รับข้อเสนอเดียวกัน
ผู้ร้องเรียนสอบถามว่าหากซื้อประกันก่อนแล้วสามารถยกเลิกภายหลังได้หรือไม่ โดยหวังจะได้ดอกเบี้ยที่ลดลง",test,Hybrid,2024,8,4,2.0,0.5385837554931641,0.4524774154027303,0.5475225845972698
42695803,ประกันสุขภาพ ประกันชีวิต สวัสดีค่ะ ขอเล่าประสบการณ์ ที่ดิฉันได้พบเจอมานะคะเนื่องจากพ่อดิฉันได้ทำประกันของบริษัทหนึ่งไว้ ก่อนทำประกันทางตัวแทนแจ้งว่าไม่ต้องตรวจสุขภาพทำได้เลยดิฉันได้ทำประกันไว้ใน ในวันที่ 6 มกราคม 2566 วงเงิน 30000 บาทกรณีเสียชีวิต ฉันได้ทำการผ่อนชำระต่อเดือนเดือนละ 15 หลังจากทำประกันมาได้เวลา ประมาณ 1 เดือนพ่อมีอาการปวดข้อศอเลยพาพ่อไปหาหมอที่โรงพยาบาล หมอแจ้งว่าข้อศอกปกติแค่มันเป็นน้ำ ผลตรวจเลือดทุกอย่างปกติหมด เลยกลับบ้านไม่มีปัญหาอะไรจนกระทั่งผ่านมาระยะเวลาห 1 ปีกว่าในวันที่ 7 มีนาคม 2567 พ่อดิฉันได้เสียชีวิต ในอาการเป็นหนองในเยื่อหุ้มปอด ฉันเลยได้ทำการเคลมประกันไป กรณีเสียชีวิต แต่มาวันที่ 8 มิถุนายน 2567 ทางกรมธรรม์ได้แจ้งว่า ไม่อนุมัติ การจ่ายค่าสินไหมเนื่องจากพ่อดิฉันได้เป็น โรคไขข้ออักเสบเรื้อรัง เราสามารถแจ้งหรือแย้งอะไรได้บ้างไหมคะ เพราะกรณีที่แจ้งมามันไม่ได้เกี่ยวกับอาการเสียชีวิตเลย และโรคไขข้ออักเสบเรื้อรัง น่าจะตรวจพบหลัง จากดิฉันได้ทำประกันแล้ว,"พ่อของผู้ร้องได้ทำประกันชีวิตกับบริษัทแห่งหนึ่งเมื่อวันที่ 6 มกราคม 2566 โดยตัวแทนแจ้งว่าไม่จำเป็นต้องตรวจสุขภาพ
หลังจากทำประกันมาประมาณ 1 เดือน พ่อของผู้ร้องมีอาการปวดข้อศอก แต่ผลตรวจพบว่าข้อศอกปกติและไม่มีปัญหาสุขภาพร้ายแรง
พ่อเสียชีวิตในวันที่ 7 มีนาคม 2567 จากภาวะหนองในเยื่อหุ้มปอด ซึ่งไม่เกี่ยวข้องโดยตรงกับโรคไขข้ออักเสบเรื้อรัง
บริษัทประกันปฏิเสธการเคลมค่าสินไหมกรณีเสียชีวิตโดยอ้างว่าพ่อของผู้ร้องมีประวัติเป็นโรคไขข้ออักเสบเรื้อรัง ซึ่งผู้ร้องเห็นว่าไม่เกี่ยวข้องกับสาเหตุการเสียชีวิต",test,Hybrid,2024,11,4,2.75,0.6648129820823669,0.6081505219141642,0.3918494780858358
43323294,ขอวิธีการยกเลิกประกัน ไทยประกันชีวิต จากบัตร AEON พอดีทางเราเผลอไปยอมรับทำประกันกับทางเจ้าหน้าที่โทรมาโดยการตัดเงินผ่านบัตร AEON เมื่อวันเสาร์ที่ผ่านมานี้ วันอาทิตย์เราได้โทรติดต่อทาง AEON ทางเขาก็บอกให้โทรหาประกันโดยตรง และพอมาวันนี้เราก็โทรหาประกัน ประกันก็บอกว่ารับเรืองและบอกให้เรารอทางประกันโทรติดต่อกลับมา และช่วง 5 โมงครึ่งได้มีเบอร์แปลกที่ 2 ตัวท้ายมันต่างกับเบอร์ประกันที่โทรมาเมื่อวันเสาร์เท่านั้น เราก็ไม่กล้ารับสายเพราะกังวลว่าจะเป็นมิจฉาชีพ มีใครเคยเจอกรณีแบบเราบ้างคะ และต้องยกเลิกยังไงกันแน่,"ผู้ร้องเรียนระบุว่าได้ยอมรับทำประกันผ่านเจ้าหน้าที่โทรศัพท์โดยมีการตัดเงินผ่านบัตร AEON
หลังจากนั้นได้ติดต่อ AEON และถูกแนะนำให้ติดต่อบริษัทประกันโดยตรง
บริษัทประกันยืนยันรับเรื่องและแจ้งให้รอการติดต่อกลับ แต่ในช่วงเวลาถัดมาได้รับสายจากเบอร์แปลกที่คล้ายกับเบอร์ที่ใช้ติดต่อ
ผู้ร้องเรียนกังวลว่าอาจเป็นมิจฉาชีพ และสอบถามแนวทางในการยกเลิกกรมธรรม์ประกัน",test,Hybrid,2025,7,4,1.75,0.6125205159187317,0.4002659718195597,0.5997340281804403
42471523,เคยมีเคส รถทั่วไป ประกันขาด ดันขับรถไปจิ้มรถไฟฟ้า เอาแค่เบาๆ แต่ต้องเปลี่ยนแบตมั้ยครับ คือมานั่งคิดๆดู ถ้าเราเผลอไปจิ้มรถไฟฟ้าเบาๆ แต่ดวงซวยประกันขาด แล้วแบตบิ่น หรือมีรอย ค่าซ่อมตีออกมาเกือบล้าน แบบนี้เคยมีเคสมั้ยครับ อยากรู้แนวทางตัดสินของศาลว่าให้ชดใช้ยังไง เพราะมันแทบไม่ต่างอะไรกับการเอาเพชรไปวิ่งบนถนนเลย ใครเผลอไปโดนนี่ล้มละลายง่ายๆเลย ต่อให้มีประกัน ประกันก็หน้ามืดแน่ๆ แล้วคงมาขึ้นค่าเบี้ยกับรถทุกประเภท เพราะประกันก็คงกลัวเคสแบบนี้เหมือนกันๅ,"รถคันหนึ่งที่ไม่มีประกันได้ชนเบาๆ กับโครงสร้างรถไฟฟ้า
ผู้ร้องเรียนกังวลว่าหากเกิดความเสียหายต่อแบตเตอรี่หรือตัวโครงสร้าง ค่าซ่อมอาจสูงถึงเกือบล้านบาท
เขาต้องการทราบแนวทางการพิจารณาของศาลในกรณีเช่นนี้ และความเสี่ยงที่อาจนำไปสู่ความล้มละลาย
แม้จะมีประกัน แต่ก็อาจทำให้บริษัทประกันต้องปรับเบี้ยเพิ่มขึ้นจากความเสี่ยงที่สูงขึ้น",test,Hybrid,2024,11,4,2.75,0.4704786241054535,0.3867345650990804,0.6132654349009197
41808896,ประกันอลิอันซ์อย่าหาทำ ไม่เคยทำประกันเเล้วเจอการบริการเเย่เเบบนี้มาก่อน ตอนนักงานขายก็พูดสะดิบดี เดิมรายละเอียดบ่งเรื่องก็ไม่เเจ้งเราอีกว่าทำไม่ได้ต้องมารู้ทีหลังหลังจากโทรไปสอบถาม เอกสารที่ส่งส่มาหลังจากทำประกันก็ไม่ได้รับ เเละไม่มีเจ้าหน้าที่ติดต่อกลับมาว่าไม่รับเอกสารหรือยัง เรื่องการขำระเบี้ยประกันก็เเจ้งรายละเอียดไม่ชัดเจนว่าชำระเบี้ยครั้งเเรกต้องจ่ายก่อนสองงวด พอขอยกเลิกก็ขอเบี้ยประกันคืนไม่ได้อีก บริการเเย่ไม่พอให้ข้อมูลลูกค้าไม่ครบอีก ใครจะทำประกันกับบริษัทนี้คิดดีๆก่อนนะครับ ประกันสุขภาพ ประกันอลิอันซ์อยุธยา อลิอันซ์,"ลูกค้าร้องเรียนถึงประสบการณ์การบริการที่ไม่เป็นไปตามที่เจ้าหน้าที่ขายแจ้งไว้เดิม
มีปัญหาเรื่องการสื่อสารที่ขาดความชัดเจนในรายละเอียดเบี้ยประกันและการยกเลิกกรมธรรม์
เอกสารที่ส่งหลังทำประกันไม่ได้รับ และไม่มีเจ้าหน้าที่ติดต่อกลับเพื่อยืนยันการรับเอกสาร
ลูกค้าแสดงความผิดหวังต่อการบริหารจัดการและข้อมูลที่ไม่ครบถ้วน พร้อมเตือนผู้สนใจให้พิจารณาอย่างรอบคอบ",test,Hybrid,2023,9,4,2.25,0.5161482691764832,0.4480531215667724,0.5519468784332275
43093136,ยกเลิกประกัน ชับบ์ สามัคคี ประกันภัย ยังไง สดๆ ร้อนๆ เมื่อกี้ มีโทรเข้ามาบอกโทรมาจาก บัตรสมาชิก โลตัสที่เราสมัครไว้ แจ้งว่ามาขายประกัน เราเห็นว่า มาจากเครือโลตัส คิดว่ามันโอเค เลยหลวมตัวสมัครไป หักจากบช. กรุงไทยเดือนละ 260 บาท เดือนแรกให้จ่าย 2 เดือนก่อน คือ 520 บาท แล้วเราเลยมาหาข้อมูล เห็นว่ามีคนด่าเยอะมาก แล้วเราอยากยกเลิก ต้องทำยังไง ตอนนี้เรายังไม่ได้จ่าย และระงับบัตรไว้ จะเป็นอะไรมั้ย มันจะยังเก็บเราทุกเดือนเลยหรือป่าว,"ผู้ร้องเรียนได้สมัครประกันภัยผ่านบัตรสมาชิกโลตัสโดยคิดว่าเป็นบริการที่น่าเชื่อถือ
มีการหักเงินจากบัญชีกรุงไทยเดือนละ 260 บาท โดยเดือนแรกหัก 520 บาท
เมื่อตรวจสอบข้อมูลพบว่ามีผู้ร้องเรียนจำนวนมากเกี่ยวกับบริษัทประกันภัยดังกล่าว
จึงต้องการยกเลิกกรมธรรม์และสอบถามขั้นตอนการดำเนินการ",test,Hybrid,2024,11,4,2.75,0.5617532134056091,0.2540276447931925,0.7459723552068075
43595337,รถ ขับมาชนกันชนท้ายพัง มีบางส่วนอู่แจ้งไม่รับเคลม สอบถามครับ เมื่อวันอาทิตย์ที่ผ่านมา รถของหลานสาวที่จอดในลาดจอดของ อพาร์ทเมนต์ ถูกรถมูฟมีขับมาชนกันชนแตก มีใบเคลมจากไทยวิวัฒน์ พอช่วง้ช้าติดต่ออู่ทราบว่าเราต้องแจ้งประกัน3 ของเราก่อนซึ่งคือวิริยะ แล้ววิริยะจะไปเคลียร์กับคู่กรณีเอง หลังจากนั้นอู่แจ้งว่ามีรอยสีแตกบางส่วนเป็นมาก่อน และจะซ่อมให้แต่ต้องจ่ายเพิ่มเองในส่วนนี้ ผมเองเข้าใจว่า มันควรเคลมไปพร้อมกันได้หรือไม่ ส่วนที่แตกผมวาาน่าจะเกิดจากการชน และมีรอยสนิมอยู่ใกล้ๆ อยากทราบว่ามีความคิดเห็นกันอย่างไรบ้างครับ คือรถก็จอดของมันดีๆ แล้วมันก็ติดกับแผลที่ชนไม่ใช่เหรอ จะแยกยังไง,"รถของหลานสาวถูกรถคู่กรณีชนท้ายขณะจอดอยู่ในลานจอดของอพาร์ทเมนต์ ส่งผลให้กันชนพัง
มีการแจ้งเคลมกับบริษัทประกันไทยวิวัฒน์ แต่เมื่อนำรถไปซ่อม อู่แจ้งว่าบางส่วนมีรอยสีแตกมาก่อน
อู่ระบุว่าจะซ่อมให้ได้เฉพาะส่วนที่เกิดจากอุบัติเหตุ แต่ต้องให้ผู้เอาประกันชำระค่าซ่อมส่วนที่เสียหายมาก่อนเอง
ผู้ร้องเรียนสงสัยว่าควรสามารถเคลมรอยแตกทั้งหมดได้ในคราวเดียวกัน เนื่องจากอาจเกิดจากเหตุการณ์ชน",test,Hybrid,2025,11,4,2.75,0.5078867673873901,0.465220292409261,0.534779707590739
42949921,เลือกซื้อประกัน แต่ละท่านเลือกจากอะไรกันบ้าง สวัสดีครับเพื่อนๆ ช่วงนี้เห็นหลายคนคุยกันเรื่องประกันกันเยอะมาก ทั้งประกันสุขภาพ ประกันชีวิต ประกันรถยนต์ ฯลฯ เลยอยากรู้ว่าตอนที่เพื่อนๆ เลือกซื้อประกัน มีเกณฑ์อะไรในการตัดสินใจบ้าง ส่วนตัวผมเคยเลือกจาก ราคาเบี้ยประกัน ชื่อเสียงบริษัท ความคุ้มครอง แต่ก็ยังรู้สึกว่ามันอาจจะไม่ใช่วิธีที่ดีที่สุด เลยอยากขอความเห็นจากทุกคนครับ ใครมีเทคนิคเด็ดๆ ในการเลือกประกันบ้าง เคยเจอปัญหาอะไรจากการเลือกผิดพลาดไหม มีใครแนะนำตัวแทนหรือบริษัทที่ประทับใจเป็นพิเศษไหม หรือมีประสบการณ์ดีๆ จากการทำประกันที่อยากแชร์ไหม มาแชร์กันเยอะๆ นะครับ บางทีประสบการณ์ของคุณอาจช่วยให้คนอื่นๆ ตัดสินใจได้ดีขึ้นก็ได้,"ผู้ร้องเรียนสอบถามแนวทางการเลือกซื้อประกันจากประสบการณ์ของผู้อื่น โดยเน้นประเด็นสำคัญ เช่น ราคาเบี้ยประกันและความคุ้มครอง
ผู้ร้องเรียนระบุว่าเคยใช้เกณฑ์เหล่านี้ในการตัดสินใจ แต่รู้สึกว่ายังไม่เพียงพอ
เขาต้องการความเห็นจากผู้มีประสบการณ์เกี่ยวกับเทคนิคการเลือกประกันที่ดี และกรณีที่เกิดปัญหาจากการเลือกผิดพลาด
นอกจากนี้ ยังเปิดโอกาสให้แชร์บริษัทหรือตัวแทนที่ประทับใจ เพื่อเป็นประโยชน์ต่อผู้อื่นในการตัดสินใจ",test,Hybrid,2024,11,4,2.75,0.5370920896530151,0.4560837348302205,0.5439162651697795
42603752,ddr chubb samaggi insurance ทำไมตอนโทรให้สมัครถึง ไม่แจ้งว่าเป็นประกัน2ตัว SCB เป็นนายหน้าจัดหาลูกค้า ก็แจ้งไม่ครบ แถมพูดจาเร็วจนฟังไม่รู้เรื่อง พอเราไม่เอาก็ขยันขยอให้เราสมัครจนได้ ผมก็วางไป2ครั้ง ก็ยังโทรมาอีก ตอนโทรไปยกเลิกก็ไม่แจ้งและไม่สอบถามว่าเราจะยกเลิกประกันตัวไหน พึ่งจะมารู้ก็วันที่25 3 67 ว่าเรามีประกัน2ตัว ตัวที่1.320บาท ตัวที่2 370บาท พอโทรไปยกเลิก ก็บอกให้เราพูดว่ายกเลิกประกัน320 แต่ไม่บอกว่าเรายังมีประกัน370เหลืออยู่ ddr chubb samaggi insurance,"บริษัทประกัน DDRC Chubb Samaggi Insurance ไม่แจ้งข้อมูลครบถ้วนเกี่ยวกับการสมัครประกันสองตัวขณะติดต่อผ่านนายหน้า SCB
เจ้าหน้าที่พูดเร็วจนเข้าใจยาก และพยายามโน้มน้าวให้สมัครซ้ำๆ แม้ผู้ร้องจะปฏิเสธแล้ว
เมื่อติดต่อยกเลิก ไม่มีการสอบถามหรือแจ้งรายละเอียดว่ามีประกันอีกตัวที่ยังคงใช้งานอยู่
ผู้ร้องจึงทราบภายหลังว่ามีประกันอีกตัวที่ยังไม่ได้ยกเลิก โดยไม่ได้รับคำแนะนำที่ชัดเจนในการดำเนินการ",test,Hybrid,2024,8,4,2.0,0.6003152132034302,0.6069835027058919,0.3930164972941081
43131263,ถามผู้รู้ เรื่องเคลมประกันสุขภาพโรคร้ายแรง ผมทำประกันสุขภาพ รวมโรคร้ายแรงแล้วมี ระยะเวลารอคอย 120 วัน และระยะครบ การรอคอย คือวันที่ 5 มกราคม 2568 สมมติว่า ถ้าผมไปตรวจสุขภาพในเดือนธันวาคมนี้ และดัน ซวยแจ็คพ๊อต เจอโรคร้ายแรงโรคหนึ่งขึ้นมา โดยที่ประวัติสุขภาพผม ในชีวิตนี้ ไม่เคยพบว่าเป็นโรคร้ายแรงนี้เลย คำถามคือ ถ้า ผมจะไปเคลมรักษาโรคร้ายแรงนี้ หลังวันที่ 5 มกราคม ทางประกัน จะเล่นแง่ใดๆ ไหมครับ จะอ้างว่าตรวจเจอก่อนถึง วันครบระยะรอคอยไหม,"ผู้ร้องเรียนทำประกันสุขภาพที่ครอบคลุมโรคร้ายแรงพร้อมระยะเวลารอคอย 120 วัน สิ้นสุดในวันที่ 5 มกราคม 2568
ผู้ร้องเรียนกังวลว่า หากตรวจพบโรคร้ายแรงครั้งแรกในเดือนธันวาคม ก่อนวันครบระยะรอคอย จะส่งผลต่อการเคลมได้หรือไม่
คำถามคือ ทางบริษัทประกันอาจอ้างว่าการตรวจพบโรคมีขึ้นก่อนวันครบระยะรอคอยหรือไม่
ผู้ร้องเรียนต้องการทราบว่าจะสามารถเคลมได้หลังวันที่ 5 มกราคม โดยไม่มีข้อโต้แย้งจากบริษัทประกัน",test,Hybrid,2024,8,4,2.0,0.4664392471313476,0.7003878752390543,0.2996121247609457
43031542,เเจ้งยกเลิกประกันscb protectไปเเล้ว เเต่ยังส่งเล่มกรมธรรม์มา ต้องทำไงต่อคะ สวัสดีค่ะ พอดีได้เเจ้งยกเลิกประกันของscb ซึ่งพึ่งทำไปวันเดียว ได้เเจ้งทางตัวธนาคาร ในเบอร์ 1314ไปเเล้ว ทางธนาคารก็ได้รับเรื่อง อัดเสียงเรียบร้อยเเล้ว บอกว่าเราเเจ้งในกรณีที่ยังไม่ได้รับเล่มประกัน ซึ่งจะได้รับเงินคืนเต็มจำนวน รวมถึงมีการเเจ้งว่าจะให้ผู้ที่ดูเเลกรมธรรม์ที่โทรมาขายประกัน ติดต่อกลับอีกรอบในวันจันทร์ ตอนนี้ยังไม่ถึงวันค่ะ เเต่เมื่อวันนี้เพิ่งมีข้อความยืนยันเเละเล่มกรมธรรม์ออนไลน์ส่งมา เลยสงสัยว่าในกรณีต้องทำยังไงต่อคะ กลัวว่ายืนยันตัวตนเเล้ว กลายเป็นกรณีขอยกเลิกใน30วัน ทั้งๆที่ขอยกเลิกไปก่อนจะได้รับเล่มอีก,"ได้แจ้งยกเลิกกรมธรรม์ประกัน SCB Protect ผ่านธนาคาร 1314 และได้รับการยืนยันว่าดำเนินการตามขั้นตอนเรียบร้อย
อย่างไรก็ตาม ยังได้รับเล่มกรมธรรม์ฉบับจริงและข้อความยืนยันออนไลน์หลังจากแจ้งยกเลิกแล้ว
ผู้ให้บริการระบุว่าจะติดต่อกลับเพื่อดำเนินการต่อในวันจันทร์ แต่ยังไม่ถึงกำหนดเวลาดังกล่าว
ขอคำแนะนำว่าควรปฏิบัติตัวอย่างไรเพื่อป้องกันไม่ให้ถือว่ามีการยืนยันตัวตนโดยไม่ตั้งใจ",test,Hybrid,2024,8,4,2.0,0.6305421590805054,0.4210054874420166,0.5789945125579834
43651747,ยกเลิกกรมธรรม์ CHUBB อย่างไร คือว่ามีทางกรุงไทยลมโทรมาขายประกันของชับบ์สามิคคีประกันภัย แล้วผมก็เผลอทำไป แต่ว่าอยากยกเลิกอะครับ ผมจำไม่ได้ว่าทำประกันไปวันที่เท่าไหร่ แต่ในเอกสารบอกประกันเริ่มวันที่ 16 กรกฎาคม 2025 นับจากวันที่ทำ ผมคิดว่าน่าจะยังไม่ถึง 30 วันนะครับ ผมเลยอยากรู้ว่าขั้นตอนต่างๆต้องทำยังไงถ้าจะยกเลิกอะครับ ถ้าโทรไปยกเลิกได้เลยต้องโทรเบอร์ไหนครับ แล้วเค้าจะยกเลิกทันทีไหม เพราะผมเคยโทรไปยกเลิกกับทางชับบ์แล้วครั้งนึงในวันที่สมัครแล้ว เค้าบอกจะติดต่อมาแต่ไม่เห็นติดต่อ และวันนี้วันที่ 29 กรกฎาคม 2025 ได้มีการหักเงินจากบัญชีไป 425 บาทครับ คือผมต้องทำยังไงจะได้คืนไหม,"ผู้ร้องเรียนไม่แน่ใจวันที่ทำประกัน แต่เอกสารระบุว่าเริ่มต้น 16 กรกฎาคม 2025 และคิดว่ายังไม่ครบ 30 วัน
จึงสอบถามขั้นตอนการยกเลิกประกันและเบอร์ติดต่อที่สามารถโทรไปยกเลิกได้ทันที
ผู้ร้องเคยโทรยกเลิกเมื่อวันสมัครแต่ไม่มีการติดต่อกลับมา
ในวันที่ 29 กรกฎาคม 2025 มีการหักเงินจำนวน 425 บาท และต้องการทราบวิธีขอคืนเงิน.",test,Hybrid,2025,8,4,2.0,0.673498809337616,0.3612573146820068,0.6387426853179932
43045381,ประกันชีวิต คุ้มครองแล้ว ไม่มีช่วง free look เราทำประกันชีวิตกับบริษัทหนึ่งซึ่งโทรมาขาย วันที่ 5 ตุลาคม แต่ 25 ตุลา เรายังไม่ได้รับกรมธรรม์ โทรไปแจ้งยกเลิก เขาบอกไม่ได้รับเงินคืนเพราะประกันคุ้มครองตั้งแต่วันที่ 5 แล้ว ไม่มีช่วง free look 30 วันจริง ๆ หรอคะ,"ลูกค้าทำประกันชีวิตกับบริษัทแห่งหนึ่งในวันที่ 5 ตุลาคม
จนถึงวันที่ 25 ตุลาคมยังไม่ได้รับกรมธรรม์ฉบับจริง
เมื่อติดต่อขอยกเลิก บริษัทแจ้งว่าไม่สามารถคืนเงินได้ เนื่องจากประกันเริ่มคุ้มครองตั้งแต่วันที่ 5 ตุลาคม
ลูกค้าสงสัยว่าไม่มีช่วง free look 30 วันตามปกติหรือไม่",test,Hybrid,2024,7,4,1.75,0.5397377610206604,0.5840299526850382,0.4159700473149618
43536635,เราสามารถร้องขอให้ประกันทำการสืบประวัติโดนไม่เคลมได้มั้ยครับ คือมีคนรอบตัวหลายคนที่โดนสืบประวัติ แล้วต้องจ่ายไปก่อน หรือแม้กระทั่งเคลมเรื่องนั้นๆไม่ได้ หรือโดนยกเลิกประกันไปเลย ทีนี้เลยสงสัยว่า เราแถลงประวัติการรักษากับประกันไปแล้ว แต่เรากำลังกังวลว่าอาจจะแถลงไม่หมด หรือลืมอะไรบางอย่างไป เช่นไปรพ.นู้นมาแต่ลืมไปแล้ว เราสามารถร้องขอให้ประกันทำการสืบประวัติเราไปเลยได้มั้ยครับ เพราะได้ยินว่าเค้าจะสืบรอบเดียว รอบถัดๆไปก็จะได้ง่ายๆ แล้วก็จะได้ไม่ต้องกังวลอะไรแบบโดนยกเลิกหรือไม่ครอบคลุมด้วยครับ,"ผู้ร้องขอสอบถามว่าสามารถร้องขอให้บริษัทประกันสืบประวัติการรักษาของตนได้หรือไม่
เนื่องจากทราบว่ามีผู้อื่นที่ถูกสืบประวัติแล้วต้องจ่ายค่าใช้จ่ายเอง หรือถูกปฏิเสธการเคลม 甚至ถูกยกเลิกกรมธรรม์
ผู้ร้องกังวลว่าอาจไม่ได้แจ้งประวัติการรักษาทั้งหมดในตอนแรก และต้องการตรวจสอบความถูกต้องล่วงหน้า
การสืบประวัติเบื้องต้นอาจช่วยลดความเสี่ยงในการถูกปฏิเสธการคุ้มครองในอนาคต",test,Hybrid,2025,8,4,2.0,0.4792522490024566,0.5099724928538004,0.4900275071461996
42065168,ยกเลิกประกันบริษัท chubb ยากมาก เมื่อวันที่ 2 มิถุนายน ที่ผ่านมา มีตัวแทนโทรมาขายประกันเราคิดว่าเป็นตัวแทนของบริษัท chubb โดยตรง แต่สรุปแล้วไม่ใช่เลยอยากยกเลิกประกันโทรไปทำเรื่องยกเลิกภายในวันนั้น จนตอนนี้ผ่านมาเป็นอาทิตย์แล้วยังไม่มีอะไรคืบหน้าเลยค่ะ แย่มากๆ เจ้าหน้าที่ไม่ติดต่อกลับมาสักที มีแค่บอกว่ารับเรื่องไว้ แบบนี้จะมีโอกาสได้ยกเลิกไหมคะ ส่วนตัวกรมธรรม์เราก็ยังไม่ได้กดยืนยันรับทราบ ส่งมาทางเมล ส่งข้อความมาทวงให้กดอีก ตอนนี้กังวลมากแถมยังเสียค่าโทรศัพท์ที่ต้องคอยโทรตามความคืบหน้าอีกต่างหาก รู้สึกไม่โอเคเลยค่ะ,"ตัวแทนที่โทรมาขายประกันในวันที่ 2 มิถุนายน ไม่ได้เป็นตัวแทนของบริษัท Chubb โดยตรง
ผู้ร้องเรียนได้แจ้งยกเลิกกรมธรรม์ในวันเดียวกันแต่ยังไม่ได้รับการตอบกลับหรือความคืบหน้าหลังผ่านมาหลายวัน
ยังไม่ได้กดยืนยันรับทราบกรมธรรม์ และมีการติดต่อขอให้ดำเนินการผ่านช่องทางอีเมลและข้อความ
ผู้ร้องเรียนรู้สึกกังวลและไม่พอใจกับการบริการที่ขาดความชัดเจนและไม่มีการติดต่อกลับ",test,Hybrid,2023,11,4,2.75,0.4261058568954468,0.4904349644978841,0.509565035502116
42652395,แชร์ประสบการณ์ทิพยประกันภัย ใครมีบริษัทประกันดีๆแนะนำมั้ย ใช้ของทิพยประกันภัย fax claim ไปแล้ว 5 ธ.ค.66 ตามใบเสร็จมา 4 เดือนละยังไม่ได้เลยจะเอาไปเบิกสวัสดิการที่ทำงาน ทำไมนานจัง ตอนนี้มองหา บ.ประกัน รายอื่นละ,"ได้ส่งเอกสารเคลมผ่านแฟกซ์เมื่อวันที่ 5 ธันวาคม พ.ศ. 2566
ผ่านมาแล้ว 4 เดือนแต่ยังไม่ได้รับผลการพิจารณา
ต้องการนำเอกสารไปเบิกสวัสดิการจากที่ทำงาน แต่ยังไม่สามารถดำเนินการได้
จึงกำลังพิจารณาเปลี่ยนไปใช้บริษัทประกันภัยอื่น",test,Hybrid,2024,7,4,1.75,0.4094712436199188,0.4602362314860025,0.5397637685139974
43666205,ทำไมประกันถึงคุ้มครองความเสียหายกรณีปะทะกับเขมรครับ มันอยู่ในข้อยกเว้นเลยนะ ผมเอากรมธรรม์รถและกรมธรรม์อัคคีภัยมาเป็นตัวอย่าง การที่คปภ.เป็นนักบุญเงินคนอื่นมันดูดีครับแต่มันจะเสียระบบ วันนี้ได้สินไหมทดแทนกันไป ปีหน้าประกันรถเตรียมเพิ่มเบี้ยทั่วประเทศครับ บังคับบริษัทประกันให้จ่ายถ้าประกันภัยต่อไม่จ่ายให้เตรียมตัวครับ,"การร้องเรียนระบุว่า กรมธรรม์ประกันภัยไม่ครอบคลุมความเสียหายจากเหตุการณ์ปะทะกับเขมร ซึ่งอยู่ในข้อยกเว้นตามเงื่อนไข
ผู้ร้องเรียนชี้ว่า แม้จะมีการจ่ายสินไหมในบางกรณี แต่การคุ้มครองดังกล่าวอาจส่งผลเสียต่อระบบประกันในระยะยาว
การที่สำนักงานคณะกรรมการกำกับและส่งเสริมการประกอบธุรกิจประกันภัย (คปภ.) พิจารณาให้ความคุ้มครองอาจขัดแย้งกับหลักเกณฑ์เดิม
ผู้ร้องเรียนแสดงความกังวลว่าแนวทางดังกล่าวอาจนำไปสู่ความไม่สมดุลในการบริหารจัดการความเสี่ยงของบริษัทประกัน",test,Hybrid,2025,8,4,2.0,0.3567170798778534,0.6444045702616373,0.3555954297383626
43036153,ประกันจะโอนเงินค่าสินไหม หรือเซนต์เช็คเข้าบัญชีเจ้าของรถ จะถอนเงินจากบัญชีที่เจ้าของรถอยู่ในเรือนจำได้ยังไงครับ รถยนต์ชนรถมอเตอร์ไซค์ของเรา รถมอเตอร์ไซค์เป็นชื่อคนอื่นที่ตอนนี้อยู่เรือนจำ เราตามเคลมรถมอเตอร์ไซค์กับประกัน ส่งข้อมูลและหลักฐานพร้อมทำหนังสือมอบอำนาจเจ้าของรถให้เราจัดการแทน เราส่งหน้าบัญชีธนาคารของเรา เพราะคิดว่ามีหนังสือมอบอำนาจจากคนที่อยู่ในเรือนจำถูกต้องก็น่าจะโอนมาทางเราเพื่อจัดการได้ แต่ทางประกันยืนยันที่จะเอาหน้าบัญชีธนาคารของเจ้าของรถที่อยู่เรือนจำ ซึ่งเราไม่มี หรือจะให้เซ็นเช็คเป็นชื่อเจ้าของรถ เจ้าของรถอยู่เรือนจำจะให้ออกมาเบิกยังไง ประกันยืนยันว่าทำได้แค่นี้ ไม่มีทางอื่น สรุปผมจะได้เงินส่วนนี้ได้อย่างไรครับ,"ประกันภัยต้องการโอนเงินค่าสินไหมหรือออกเช็คเข้าบัญชีธนาคารของเจ้าของรถที่อยู่ในเรือนจำ
ผู้ร้องเรียนได้ส่งหนังสือมอบอำนาจและหลักฐานเพื่อขอจัดการเคลมแทน แต่ประกันปฏิเสธ
ประกันยืนยันว่าต้องใช้บัญชีของเจ้าของรถที่อยู่ในเรือนจำ ซึ่งไม่สามารถเข้าถึงได้
ผู้ร้องเรียนจึงไม่ทราบวิธีการรับเงินค่าสินไหมในสถานการณ์นี้",test,Hybrid,2024,10,4,2.5,0.4794653952121734,0.4660273392995198,0.5339726607004802
43024381,AIA ส่งเอกสารไปนานแล้ว แต่ยังไม่ได้เคลม จากกระทู้ก่อนหน้าครับ ปัจจุบันส่งเอกสารตัวจริงให้ผ่านทาง บ. หมดแล้ว แต่ในระบบยังขึ้นเหมือนเดิม ไม่มีอัพเดตอะไรเลยครับ แบบนี้คือต้องเสียเงินค่าประกันจริงๆใช่ไหม โทรหาคอลเซ็นเตอร์ 1581 ก็ติดต่อไม่ได้สักที และเสียเวลามาก ถ้ารู้ว่าจะเคลมไม่ได้จริงๆ และมีปัญหาแบบนี้เกิดขึ้นคงไม่อยากใช้บริการของ AIA แล้วครับ,"AIA ได้รับเอกสารตัวจริงไปแล้ว แต่สถานะในระบบยังไม่อัปเดต
การติดต่อคอลเซ็นเตอร์ผ่านเบอร์ 1581 ทำได้ยากและใช้เวลานาน
ผู้ร้องเรียนกังวลว่าอาจต้องเสียค่าใช้จ่ายเองหากไม่สามารถเคลมได้
ผู้ร้องเรียนแสดงความไม่พอใจต่อประสบการณ์ในการใช้บริการ",test,Hybrid,2024,9,4,2.25,0.4727101325988769,0.4222754240036011,0.5777245759963989
43562964,มีใครเคยยกเลิกประกันของCHUBB มั้ยคะ สวัสดีค่ะ พอดีอยากยกเลิกประกันภัยตัวนี้ เพราะสมัครบัตรกรุงศรีเฟิรช้อย แล้วมีเบอร์กันภัยโทรเขามแรแล้วเผลอตอบตดลงสมัครไป เพราะตอนนั้นพักเที่ยงแล้วอยากจะกินข้าว จะต้องรีบโอนเงิน แต่พนักงานไม่ยอมวางสายสักที อยากจะยกเลิกมาก จริงๆเขาบอกว่าจะมีเอกสารส่งมาให้อ่านแบบละเอียดภายใน15 วัน ตอนนี้ยังไม่มีจู่ๆหะักตังในบัตร ขึ้นว่า 1 พค ซึ่งเราไม่ค่อยโอเค เลยอยากเลิกค่ะ ต้องทำยังไงคะ,"ผู้ร้องเรียนต้องการยกเลิกกรมธรรม์ประกันภัยจากบริษัท CHUBB
เนื่องจากได้สมัครบัตรเครดิตกับธนาคารกรุงศรี โดยมีเจ้าหน้าที่โทรมาสอบถามและผู้ร้องเรียนตอบตกลงโดยไม่ตั้งใจขณะพักเที่ยง
หลังจากนั้นไม่ได้รับเอกสารรายละเอียดตามที่แจ้งไว้ และถูกหักเงินจากบัญชีโดยไม่ทราบสาเหตุ
จึงขอคำแนะนำในการดำเนินการยกเลิกกรมธรรม์ประกันภัยดังกล่าว",test,Hybrid,2025,8,4,2.0,0.4973650574684143,0.4559640089670816,0.5440359910329183
42824552,ต่อประกันรถยนต์ กรมธรรม์จะออกได้หลังประกันหมด การต่อประกันรถยนต์กับบริษัทประกันเดิม ผมชำระเงินเต็มจำนวนไปนานมากแล้ว ทวงถามถึงกรมธรรม์ นายหน้าขายประกันแจ้งว่า จะออกกรมธรรม์ได้หลังประกันหมดแล้ว เพื่อป้องกันการเคลมหลังใบเตือน ประโยคนี้จริงไหมครับ เพราะขับรถมามากกว่า 10 ปี ก็ได้ใบกรมธรรม์ส่งมาที่บ้านก่อนประกันหมดเสมอ ไม่เคยรอจนประกันหมดหรือขาดประกัน บางทีต่อล่วงหน้าเกือบ 3 เดือน ผมกำลังโดนโกงหรือว่านี่คือเรื่องปกติ,"ผู้ร้องเรียนชำระค่าเบี้ยประกันรถยนต์เต็มจำนวนล่วงหน้ากับบริษัทเดิม แต่ยังไม่ได้รับกรมธรรม์
นายหน้าอ้างว่าต้องรอจนหมดอายุกรมธรรม์เดิมจึงจะออกกรมธรรม์ฉบับใหม่
เหตุผลที่ให้คือเพื่อป้องกันการเคลมหลังใบเตือน ซึ่งขัดแย้งกับประวัติการต่อประกันในอดีต
ผู้ร้องเรียนระบุว่าเคยได้รับกรมธรรม์ล่วงหน้าหลายเดือนโดยไม่มีปัญหา",test,Hybrid,2024,10,4,2.5,0.5139987468719482,0.4964884916941324,0.5035115083058676
43643127,โดน CHUBB SAMAGGI หักเงิน 370 บาท คือเราไม่ได้ใช้นานมาก แล้วบอกว่า ถ้าไม่ได้จ่ายคือยกเลิกกรมธรรม์ เอง อัตโนมัติ นี่อะไร ผ่านมา เกือบครึ่งปี มีเงินเข้า บัญชีโดนหัก ติดต่อกลับมาด้วยนะคะ ต้องการเงินคืน กรมธรรม์อะไรก็ไม่เคยใช้ มิจฉาชีพมาก,"บริษัท CHUBB SAMAGGI หักเงินจำนวน 370 บาท จากบัญชีโดยไม่มีการแจ้งเตือนล่วงหน้า
ผู้ร้องเรียนระบุว่าไม่ได้ใช้กรมธรรม์ดังกล่าวมานาน และไม่เคยได้รับการยืนยันการใช้งาน
บริษัทอ้างว่าหากไม่ชำระเงินจะยกเลิกกรมธรรม์โดยอัตโนมัติ ซึ่งผู้ร้องเรียนเห็นว่าไม่เป็นธรรม
ผู้ร้องเรียนขอให้คืนเงินที่ถูกหักเนื่องจากไม่เคยใช้บริการใด ๆ",test,Hybrid,2025,10,4,2.5,0.4935639500617981,0.4543517430623372,0.5456482569376628
42890377,รบกวนปรึกษาการเคลมประกันรถยนต์ ประกันชั้น 1 ด้วยนะคะ ทำประกันชั้น 1 ไว้หลายปีไม่มีเคลม มาเจออุบัติเหตุขับรถไปชั้นรั้วบ้านและรถยนต์ที่จอดไว้ข้างๆ คู่กรณีมีประกันชั้น 1 เหมือนกันค่ะ ฝั่งเราประกันออกใบเคลมให้ทุกคนแล้ว แต่ประกันคู่กรณีเค้าไม่รวมอุปกรณ์แต่งรถ จึงขอสอบถามดังนี้นะคะ 1.จะทำอย่างไรให้เค้าเคลมอุปกรณ์แต่งรถได้คะ 2.ขั้นตอนการเคลมคู่กรณี ใครต้องทำ หรือประสานงานคะ ตอนนี้มีอะไรเค้าถามเราตลอด ให้เราติดต่อประกันให้ เราเป็นฝ่ายผิดยอมรับผิด แต่เริ่มไม่แน่ใจว่าเคสนี้ เราต้องโทรตามประกัน ตามเรื่องทั้ง ประกันเค้า ประกันเรา จนกว่าจะจบเคสเลยใช่ไหมคะ 3. รั่วบ้านเราก็ต้องติดต่อประกันเรา ติดต่อช่างให้เค้าใช่ไหมคะ จึงจอคำแนะนำผู้ที่เคยมีประสบการณ์ด้วยนะคะ,"ผู้ร้องเรียนมีประกันรถยนต์ชั้น 1 และเกิดอุบัติเหตุโดยตนเองเป็นฝ่ายผิด ซึ่งคู่กรณีก็มีประกันชั้น 1 เช่นกัน
บริษัทประกันของผู้ร้องเรียนได้ออกใบเคลมให้ทุกฝ่ายแล้ว แต่ประกันคู่กรณียังไม่ครอบคลุมค่าเสียหายจากอุปกรณ์แต่งรถ
ผู้ร้องเรียนสอบถามแนวทางในการเรียกร้องค่าเสียหายส่วนนี้ รวมถึงขั้นตอนการประสานงานระหว่างประกันทั้งสองฝ่ายว่าใครควรดำเนินการบ้าง
นอกจากนี้ ยังต้องการคำแนะนำเกี่ยวกับการแจ้งเหตุรั่วซึมของบ้านที่เกิดจากอุบัติเหตุด้วย",test,Hybrid,2024,11,4,2.75,0.5064572691917419,0.4827530781428019,0.5172469218571981
42029556,เราสามารถฟ้องร้องประกันสยามสไมล์ได้ครับ สวัสดีครับ เราทำงานในหน่วยงานรัฐและมีบริษัทสยามสไมด์มายื่นข้อเสนอทำประกัน พอเราดูแล้วก็น่าสนใจดี ก็เลยตกลงทำ พอเท่านั้นเมื่อถึงโอกาสที่ต้องใช้สิทธิ์ประกัน พอติดต่อเจ้าหน้าที่ให้มาเคลมไป ก็หายไปในกลีบเมฆ อ้างเหตุผลต่างๆนาๆ ไม่มาสักที เราจึงคิดว่าอยากยกเลิก พอโทรจะยกเลิกก็ไม่มีเจ้าหน้าที่ติดต่อกลับมา นี่เรารอจนจะตัดรอบเงินประกันเดือนที่ 2 แล้ว เราสามารถทำอะไรได้บ้าง หรือฟ้องร้องอะไรได้บ้างครับ,"บริษัทสยามสไมล์เสนอกรมธรรม์ประกันภัยให้หน่วยงานรัฐ และได้รับการตกลงทำสัญญา
เมื่อมีความจำเป็นต้องใช้สิทธิ์เคลม บริษัทไม่ดำเนินการตามขั้นตอนและไม่ตอบสนองต่อการติดต่อ
ผู้ร้องเรียนพยายามยกเลิกกรมธรรม์แต่ไม่สามารถติดต่อเจ้าหน้าที่ได้
ผู้ร้องเรียนสอบถามแนวทางในการดำเนินการหรือการฟ้องร้องเพื่อแก้ไขปัญหา",test,Hybrid,2023,9,4,2.25,0.3774354457855224,0.3811511596043904,0.6188488403956096
42530329,ใครพอรู้วิธียกเลิกประกัน ชับบ์สามัคคีประกันภัย ของกรุงไทยบ้างคับ ตามกระทู้ เลยครับ ทำประกันมา ผ่านมา4 5เดือน แล้ว ยังไม่ได้รับกรมธรรม์ ไม่ได้รับเอกสารไม่มีอะไรทั้งนั้น มีแต่หักเงินไปเดือนละ370 อย่างเดียว จะยกเลิกกรมธรรม์ ต้องการเงินที่หักไปคืน ทำยังไงได้บ้างไหมครับ. รบกวนหน่อยครับ,"ผู้ร้องเรียนระบุว่าได้ทำประกันผ่านบริษัทชับบ์สามัคคีประกันภัยของกรุงไทยมาแล้ว 4–5 เดือน
ยังไม่ได้รับกรมธรรม์หรือเอกสารใด ๆ ทั้งสิ้น
มีการหักเงินเดือนละ 370 บาทโดยไม่มีการแจ้งเตือนหรือเอกสารประกอบ
จึงต้องการยกเลิกกรมธรรม์และขอคืนเงินที่ถูกหักไป",test,Hybrid,2024,9,4,2.25,0.4891189336776733,0.362510601679484,0.637489398320516
42634201,รอประกันโอนเงินค่าเคลมจาก บมจ.สินมั่นคงประกันภัย ให้ครบนานแค่ไหนคะ คุณแม่ของเราถูกรถชนและรอประกันโอนเงินมานานมากค่ะ วันที่โดนรถชนคือวันที่ 29 12 66 แล้วได้คุยกับประกันและทำเรื่องเคลม ในวันที่17 01 67 ทางพนักงานบอกว่ารอเงินโอนประมาณ1 เดือนค่ะ หลังจากนั้นวันที่14 02 67 ได้รับเงินเข้า แต่ได้รับไม่ครบ ขาดหายไปบางส่วน หลังจากเราก็ได้ไปคุยกับพนักงานอีกครั้ง พนักงานบอกว่า ต้องรออย่างเดียว ค่ะ พนักงานบอกว่าบางเคสก็รอนาน2 3เดือนเลยต้องรออย่างเดียว คำถามคือ โดยปกติแล้วเงินเคลมต้องรอนานแค่ไหนแล้วจะได้พร้อมกันรึเปล่าคะ แล้วที่เราเจอเป็นเรื่องปกติของการเคลมรึเปล่าคะ,"ผู้ร้องเรียนได้รับบาดเจ็บจากอุบัติเหตุเมื่อวันที่ 29 ธันวาคม 2566 และดำเนินการเคลมกับบริษัทประกันในวันที่ 17 มกราคม 2567
บริษัทแจ้งว่าต้องใช้เวลาประมาณหนึ่งเดือนในการโอนเงิน แต่เมื่อได้รับเงินในวันที่ 14 กุมภาพันธ์ 2567 กลับพบว่าจำนวนเงินไม่ครบตามที่คาดไว้
ผู้ร้องเรียนได้ติดต่อสอบถามเพิ่มเติม และพนักงานระบุว่าต้องรอโดยไม่มีข้อมูลเพิ่มเติม และอาจใช้เวลานานถึง 2–3 เดือนในบางกรณี
ผู้ร้องเรียนจึงสอบถามถึงระยะเวลาการเคลมปกติ และความเป็นไปได้ที่จะได้รับเงินครบตามจำนวนที่กำหนด",test,Hybrid,2024,11,4,2.75,0.4852340817451477,0.6990907192230225,0.3009092807769775
42350101,การเวนคืนกรมธรรม์ของ FWD ผ่านแอพ Omne ใช้เวลากี่วันถึงได้รับเงินคืนหรอคะ ทำประกันกับ FWD ไว้ประมาณ 2 ปีกว่า แต่จู่ๆก็มีเจ้าหน้าที่โทรมาบอกว่าต้องเพิ่มเบี้ยประกัน ซึ่งเพิ่มจากเดิมเกือบหนึ่งพันบาท และเราต้องชำระเบี้ยประกันตอนนั้นเลย ทั้งๆที่ยังไม่ถึงกำหนดชำระด้วยซ้ำ ในสัญญาก็ไม่มีบอกไว้ เราถามเจ้าหน้าที่ว่าไม่เพิ่มเบี้ยประกันได้ไหม อยากจ่ายเท่าเดิม เขาก็บอกว่าไม่ได้ เราเลยทำการยกเลิกผ่านแอพ Omne อยากสอบถามคนที่เคยยกเลิกว่าประมาณกี่วันถึงจะได้รับเงินคืนคะ,"ผู้ร้องเรียนยกเลิกกรมธรรม์ประกันภัยกับ FWD ผ่านแอพ Omne เนื่องจากต้องเพิ่มเบี้ยประกันเกือบพันบาทโดยไม่มีการแจ้งล่วงหน้าในสัญญา
บริษัทขอให้ชำระเบี้ยเพิ่มทันที แม้ยังไม่ถึงกำหนดชำระตามสัญญา
ผู้ร้องเรียนสอบถามระยะเวลาในการคืนเงินหลังยกเลิกกรมธรรม์ผ่านแอพ Omne
ต้องการทราบประสบการณ์จากผู้อื่นเกี่ยวกับระยะเวลาที่ใช้ในการได้รับเงินคืน",test,Hybrid,2023,10,4,2.5,0.6041015386581421,0.4838271935780843,0.5161728064219158
43582769,ประกันสุขภาพไม่จ่ายเงินเคลม และยกเลิกลูกค้า ทั้งที่ไม่พบประวัติโรค ทำประกันสุขภาพมาเกือบปี เข้ารักษาริดสีดวงเมื่อเมษายน ประกันให้สำรองจ่ายไปก่อน ประกันอยากสืบประวัติค่ะ ทางเรายินดีให้สอบประวัติตาม รพ ต่างๆได้เลยค่ะ ทั้งมอบอำนาจและไปตามเอกสารช่วย พอครบปี เราก็ยังต่อสัญญาปกติทั้งที่รอเงินเคลม พอเอกสารประวัติไม่พบการเจ็บป่วยและรักษาริดสีดวงมาก่อน ประกันก็ยังเลื่อนไปอีก มาวันนี้ประกันยกเลิกกรมธรรม์เราและไม่จ่ายค่าเคลมริดสีดวง โดยให้เหตุผลว่า 10 กว่าปีที่แล้วเคยกินยาแก้เครียดเกินขนาด อยากทราบว่าในเมื่อไม่พบประวัติการเป็นริดสีดวงมาก่อน ทำไมประกันไม่เคลมคะ ถ้าประกันจะยกเลิกเพราะเคยกินยา 1 ครั้งพอเข้าใจนะคะ แต่ลูกค้าไม่เคยเป็นริดสีดวงมาก่อน ประวัติก็ไม่มี ทำไมถึงเทลูกค้าแบบนี้หรอคะ,"บริษัทประกันสุขภาพปฏิเสธการเคลมค่ารักษาพยาบาลกรณีริดสีดวงทั้งที่ไม่พบประวัติการเจ็บป่วยมาก่อน
ลูกค้ามีกรมธรรม์ต่อเนื่องมาเกือบหนึ่งปี และยินดีให้ตรวจสอบประวัติทางการแพทย์จากโรงพยาบาลต่าง ๆ พร้อมมอบอำนาจและเอกสารสนับสนุน
แม้หลังตรวจสอบแล้วไม่พบประวัติการรักษาหรือเจ็บป่วยก่อนหน้า แต่บริษัทยังคงไม่จ่ายค่าเคลมและยกเลิกกรมธรรม์
ลูกค้าสอบถามเหตุผลในการปฏิเสธ โดยเฉพาะกรณีที่เคยกินยาแก้เครียดเพียงครั้งเดียวเมื่อ 10 กว่าปีก่อน",test,Hybrid,2025,11,4,2.75,0.5616593360900879,0.5305768648783366,0.4694231351216634
42110972,สอบถามเรื่องประกันชีวิตครับ ุ้ถ้าผมมีประกันชีวิต แบบ Whole life คุ้มครองถึง99ปี แต่ตอนนี้ส่งต่อไม่ไหว ส่งมาแล้ว15ปี แต่ไม่อยากให้คุ้มครองถึง99ปีด้วย คิดว่านานไป แบบนี้ควรโทรแจ้งบ.ประกันว่าไงดีครับ 1. ใช้เงินสำเร็จ หรือ 2. ขยายเวลาคุ้มครอง คือผมไม่ต้องการจ่ายเบี้ยต่อแล้ว และให้ลดระยะเวลาคุ้มครองลงมาก็ได้ ควรแจ้งว่า บ.ประกัน แบบไหนดีครับ,"ผู้ร้องเรียนมีกรมธรรม์ประกันชีวิตแบบ Whole Life ที่คุ้มครองจนอายุ 99 ปี และได้ชำระเบี้ยมาแล้ว 15 ปี
ขณะนี้ต้องการหยุดชำระเบี้ยต่อไปและไม่ต้องการความคุ้มครองถึงอายุ 99 ปีอีกต่อไป
ผู้ร้องเรียนสอบถามแนวทางในการแจ้งบริษัทประกันว่าควรเลือกใช้เงินสำเร็จหรือขอปรับลดระยะเวลาคุ้มครองแทน
ต้องการคำแนะนำว่าควรดำเนินการอย่างไรเพื่อยุติความคุ้มครองและหยุดจ่ายเบี้ยในอนาคต",test,Hybrid,2023,11,4,2.75,0.3819559216499328,0.672293742497762,0.327706257502238
42406426,ค่าเสียหายส่วนแรกของประกันภัยรถ เรื่องมีอยู่ว่า เราขับ จยย.ไปเฉี่ยวกระจกรถเก๋ง เราก็เรียกประกันเรา รถเก๋งก็เรียกประกันเขามาเคลียร์ เราเข้าใจว่าต้องเสียเงินค่าเสียหายส่วนแรก200 เพราะเราเป็นฝ่ายผิด แต่ดำเนินการคุยกันจนจบ ก็ไม่ได้เสียค่าใช้จ่ายสักบาท ประกันเราเคลมให้เขา ส่วนรถจยย.เราไม่เป็นอะไรก็ไม่ได้ซ่อม คำถาม อยากทราบว่า ค่าเสียหายส่วนแรกต้องเสียในกรณีแบบไหนบ้าง ที่เข้าใจมาตลอดคือถ้าเป็นฝ่ายผิดต้องเสีย มาตลอด ก่อนจากกันเราถามประกันของรถเราว่า ไม่เสียค่าเสียหายส่วนแรกหรอ ประกันเราเขาก็ตอบกลับมาว่า ถ้าประกันคนไหนเรียกเก็บโทรมาเบอร์เขาได้เลย เราก็เลยงงว่าสรุปมันคือค่าอะไรกันแน่,"ผู้ร้องเรียนขับรถจักรยานยนต์เฉี่ยวรถเก๋งและเป็นฝ่ายผิด จึงคาดว่าจะต้องจ่ายค่าเสียหายส่วนแรก 200 บาท
อย่างไรก็ตาม หลังจากดำเนินการเคลมผ่านบริษัทประกันทั้งสองฝ่าย กลับไม่มีการเรียกเก็บค่าใช้จ่ายใด ๆ จากผู้ร้องเรียน
ผู้ร้องเรียนจึงสงสัยว่าค่าเสียหายส่วนแรกจะต้องจ่ายในกรณีใดบ้าง โดยเคยเข้าใจว่าหากเป็นฝ่ายผิดต้องเสียทุกกรณี
ปัญหาที่เกิดขึ้นคือความไม่ชัดเจนเกี่ยวกับเงื่อนไขการเรียกเก็บค่าเสียหายส่วนแรก และคำอธิบายจากบริษัทประกันที่ทำให้สับสน",test,Hybrid,2023,10,4,2.5,0.5081784129142761,0.6715432008107503,0.3284567991892497
42945055,ชับบ์สามัคคีประกันภัยไม่ยอมยกเลิกประกันให้ สอบถามหน่อยค่ะ แฟนเราสมัครประกันของชับบ์สามัคคีประกันภัยไปแต่ต้องการยกเลิกแจ้งไปหลายรอบ กว่าจะยกเลิกให้นานมาก แล้วก็หักเงินไป พอไปแจ้งขอคืนแจ้งว่าไม่ได้ ซึ่งทางเรายังไม่เคยใช้เครมเลย แบบนี้สามารถร้องเรียน คปภ.ได้เลยไหมคะ,"ลูกค้าแจ้งว่าแฟนของตนสมัครประกันจากชับบ์สามัคคี แต่ต้องการยกเลิก
การดำเนินการยกเลิกใช้เวลานาน และมีการหักเงินโดยไม่ได้รับบริการเคลมใดๆ
เมื่อขอคืนเงินกลับถูกปฏิเสธโดยไม่มีเหตุผลชัดเจน
ลูกค้าจึงสอบถามแนวทางในการร้องเรียนต่อไป",test,Hybrid,2024,7,4,1.75,0.6566685438156128,0.2375883261362711,0.7624116738637289
43047029,กรณีการที่ประกันกรุงไทยแอกซ่าบอกเลิกสัญญาโดยอ้างว่ายอดเบิกสูงทั้งที่มีความจำเป็นทางการแพทย์ กรณีการที่เบิกค่ารักษาพยาบาลไปเยอะกับกรุงไทยแอกซ่า แบบประกันเหมาจ่าย แล้วสุดท้ายโดนยกเลิกกรมธรรม์ทันทีในปีถัดไป โดยบริษัทนี้อ้างว่าคนไข้คนนี้ว่าเนื่องจากมียอดเบิกสูงเกินกว่าปกติในช่วงอายุเดียวกัน จึงขอยกเลิกการต่อสัญญา ทั้งที่มีความจำเป็นทางการแพทย์ในการรักษา และถือกรมมาเกิน 3 ปี แบบนี้ทำได้ไหมครับ โดยปกติแล้วการที่คนหนึ่งทำประกันกับบริษัทแล้ววันหนึ่งเขาเกิดเป็นโรคเรื้อรังแล้วต้องรักษาอยู่บ่อย ๆ และค่ารักษาสูง ที่เขาทำประกันเพื่อลดความเสี่ยงที่จะเกิดขึ้นกับเขาในอนาคตจากภาระการเจ็บป่วย แต่พอบริษัทยกเลิกแบบนี้เขาก็ไม่สามารถทำประกันของบริษัทอื่นได้แล้วเพราะมีโรคประจำตัว ถ้าโดนแบบนี้ทำยังไงได้บ้างครับ,"บริษัทประกันกรุงไทยแอกซ่ายกเลิกกรมธรรม์ประกันสุขภาพแบบเหมาจ่ายหลังจากผู้เอาประกันเบิกค่ารักษาพยาบาลสูง เนื่องจากอ้างว่ายอดเบิกเกินค่าเฉลี่ยในกลุ่มอายุเดียวกัน
ผู้เอาประกันระบุว่าการเบิกจ่ายเกิดจากความจำเป็นทางการแพทย์จริง โดยมีประวัติป่วยเรื้อรังและใช้กรมธรรม์มานานเกิน 3 ปี
บริษัทไม่ได้แจ้งเหตุผลชัดเจนก่อนยกเลิก และไม่พิจารณาสถานะสุขภาพที่แท้จริงของผู้เอาประกัน
การยกเลิกทำให้ผู้เอาประกันเสียโอกาสในการทำประกันใหม่จากบริษัทอื่น เนื่องจากมีโรคประจำตัว",test,Hybrid,2024,9,4,2.25,0.594693660736084,0.4277701377868652,0.5722298622131348
42577224,แมลงเข้าตา ทำให้ตาอักเสบ บวม เบิกประกันอุบัติเหตุPAได้ไหม ทางโรงพยาบาลที่ไปหาบอกว่า ถ้าไม่มีตัวแมลง หรือเศษแมลง ไม่สามารถเบิกประกันอุบัติเหตุ PA ได้ ต้องมีร่องรอยของแมลงด้วย . ถ้าโดนงูกัด แล้วงูหนีเข้าป่า ผมต้องตามจับงูมาเป็นหลักฐานด้วยไหมอ่ะ,"แมลงเข้าตาทำให้เกิดอาการอักเสบและบวม
โรงพยาบาลระบุว่าต้องมีร่องรอยของแมลงหรือเศษแมลงจึงจะเบิกประกันอุบัติเหตุ PA ได้
หากไม่มีหลักฐานดังกล่าว ถือว่าไม่เข้าเงื่อนไขการเคลม
กรณีเช่นโดนงูกัดโดยที่งูหนีไป ก็อาจเผชิญสถานการณ์คล้ายกัน",test,Hybrid,2024,7,4,1.75,0.6533622741699219,0.2909083763758341,0.7090916236241659
42978215,รอเล่มกรมธรรม์กี่วันกันคะ ตามหัวข้อเลยค่ะปกติแล้วรอเล่มกรมธรรม์กี่วันคะแบบชัวร์ๆเลย พอดีจะยกเลิกกรมธรรม์สะสมทรัพย์ เพราะเข้าใจผิด ซื้อประกันผ่านตัวแทนscb ประกันเป็นของfwd คือไม่ค่อยมีความรู้เรื่องพวกนี้เท่าไหร่แล้วเข้าใจผิดคิดว่าจะเหมือนฝากประจำ ประกัน85 8 จ่ายเบี้ย8ปี ปีละ5หมื่น ได้เงินก้อนคืนตอนอายุ85 รู้แบบนี้ร้อนใจเลยนี่พึ่งอายุ20 ผิดพลาดจริงๆ ถามพี่เขาแล้วว่ายกเลิกตอนไหนก็ได้ใช่ไหมหลังจาก8ปี พี่เขาบอกใช่ แต่ไม่ได้บอกว่ายกเลิกสัญญาแล้วจะไม่ได้เงินหรือได้ไม่ครบ ต้องครบสัญญา85ปีถึงได้ครบ เลยจะรีบยกเลิก ติดต่อคอลเซ็นเตอร์fwd เขาบอกให้ไปยกเลิกที่หน้าสาขาscb ที่ไปถามส่วนใหญ่รอเล่มกรมธรรม์ไม่เกิน15วัน แล้วทีนี้ระยะเวลาในการยกเลิกกรมธรรม์ผ่านตัวแทนก็มีเวลาแค่15วัน เลยอยากรู้ว่า ส่วนใหญ่รอเล่มกรมธรรม์กี่วันกันแน่คะแบบชัวร์ๆเลย,"ผู้ร้องเรียนต้องการทราบระยะเวลาที่แท้จริงในการรอรับกรมธรรม์ประกันภัยจากตัวแทนธนาคารไทยพาณิชย์
เนื่องจากต้องการยกเลิกกรมธรรม์สะสมทรัพย์ที่ซื้อโดยเข้าใจผิดว่าคล้ายฝากประจำ
บริษัทประกัน FWD แจ้งให้ดำเนินการยกเลิกที่สาขาธนาคารไทยพาณิชย์ภายใน 15 วันนับจากวันที่ทำสัญญา
จึงต้องการข้อมูลยืนยันว่าระยะเวลาในการรอรับกรมธรรม์มักใช้เวลานานเท่าใดเพื่อประกอบการตัดสินใจ",test,Hybrid,2024,10,4,2.5,0.5899622440338135,0.4064730803171793,0.5935269196828207
41907143,ทำยังไงถึงจะยกเลิกประกัน Cigna ได้ เบื่อมากกับการติดต่อยกเลิกประกันของ Cigna ซึ่งเป็นการหักเบี้ยประกันผ่านบัตรเครดิตของ KTC ซึ่งเรายกเลิก และส่งเอกสารตั้งแต่วันที่ 24 02 23 แล้วทาง Cigna บอกจะโทรมาคอนเฟิร์มเรื่องเอกสาร และวันสิ้นสุดกรมธรรม์ ประมาณ 3 วันทำการ ตามแล้วตามอีก โทรเข้า Call Center 4 5 ครั้ง เจ้าหน้าที่ก็บอกจะรีบดำเนินการ จน Cigna จะมาตัดอีกรอบวันนี้ จะทำไงให้ยกเลิกได้สักที ไม่รู้จะดึงเวลาเพื่อตัดเงินเราอีกหรือยังไง เหนื่อยใจ,"ผู้ร้องเรียนพยายามยกเลิกกรมธรรม์ประกัน Cigna ตั้งแต่วันที่ 24 กุมภาพันธ์ 2566 โดยแจ้งยกเลิกผ่านบัตรเครดิต KTC และส่งเอกสารครบถ้วน
Cigna อ้างว่าจะโทรกลับเพื่อยืนยันการยกเลิกและกำหนดวันสิ้นสุดกรมธรรม์ภายใน 3 วันทำการ แต่ยังไม่มีการติดต่อกลับ
ผู้ร้องเรียนติดต่อ Call Center หลายครั้ง แต่เจ้าหน้าที่ยังคงตอบว่าจะดำเนินการโดยเร็วโดยไม่มีความคืบหน้า
ปัจจุบันยังกังวลว่า Cigna จะหักเบี้ยประกันอีกครั้งในวันนี้ โดยไม่มีการยืนยันการยกเลิกอย่างเป็นทางการ",test,Hybrid,2023,8,4,2.0,0.6322872638702393,0.7594822247823079,0.2405177752176921
43255445,ประกัน Chubb ประกัน Chubb ยกเลิกยากมากๆ โทรมาขายประกันถี่ๆแต่พอจะยกเลิกไม่ยอมยกเลิกให้ ติดต่อไปทุกช่องทางก็ไม่ติดต่อกลับมา มีแต่บอกรอให้เจ้าหน้าที่ติดต่อกลับมา ก็ไม่เห็นติดต่อ มีแต่จะขายอย่างเดียว พอโทรมาขายเราบอกไม่ซื้อละจะขอยกเลิกทั้งหมด พนง.บอกอ่อได้ค่ะ ได้ หักเงินฉ่ำ จะยกเลิกให้กี่โมง,"บริษัทโทรมาเสนอขายประกันบ่อยครั้ง แม้ผู้ร้องจะแจ้งไม่ประสงค์ซื้อ
เมื่อต้องการยกเลิกกรมธรรม์ กลับไม่ได้รับการดำเนินการตามคำขอ
ผู้ร้องติดต่อผ่านหลายช่องทาง แต่ไม่มีเจ้าหน้าที่ติดต่อกลับมา
บริษัทยังคงส่งข้อความเสนอขายและไม่ปฏิบัติตามคำขอยกเลิกอย่างเป็นทางการ",test,Hybrid,2025,8,4,2.0,0.4678582549095154,0.2757679224014282,0.7242320775985718
42940861,ประกันสุขภาพเด็กปี 2567 ตอนนี้น้องอายุได้ 1 เดือน อยากหาประกันสุขภาพให้น้องสักเล่มหนึ่ง พี่ๆเพื่อนๆมีแนะนำ หรือว่ามีลูกๆทำของ บ. ไหนกันไว้บ้างครับ การเคลมประกันง่ายหรือไม่ ต้องสำรองจ่ายก่อนไหม เบี้ยประกันสามารถจ่ายตรงกับ บ. นั้นได้เลย หรือต้องจ่ายผ่านตัวแทน มาสนทนา รีวิว ให้เป็นวิทยาทานด้วยครับ,"ผู้ร้องเรียนต้องการหาประกันสุขภาพสำหรับเด็กที่มีอายุ 1 เดือน
สอบถามถึงบริษัทประกันที่ได้รับคำแนะนำจากผู้อื่น
พร้อมสอบถามข้อเท็จจริงเกี่ยวกับกระบวนการเคลมประกัน
รวมถึงเงื่อนไขการสำรองจ่ายก่อนเคลมหรือไม่",test,Hybrid,2024,10,4,2.5,0.6092102527618408,0.3577744166056315,0.6422255833943685
42093468,ถ้าเราทำประกันสุขภาพ สมมุติว่าตอนอายุ40 ตอนที่ทำไม่มีโรคประจำตัวอะไร ต่อมาอีก2ปี มีโรคเกี่ยวกับกระเพาะลำไส้. ต่อมาอีก2ปี มีโรคเกี่ยวกับกระเพาะลำไส้ เคลมไป พอจะต่อประกันปีต่อไป ปีที่3 ถ้ามีปัญหาเกี่ยวกับ กระเพาะลำไส้ เขาจะถือว่าเราเป็นโรคนี้มาก่อนหรือเปล่าครับ แล้วไม่รับเคลมไหมครับ ขอบคุณครับ,"ผู้ร้องเรียนมีประวัติป่วยเป็นโรคเกี่ยวกับกระเพาะลำไส้สองครั้งในช่วงเวลา 2 ปี
ขณะนี้กำลังพิจารณาต่ออายุกรมธรรม์ประกันภัยปีที่สาม
กลัวว่าหากมีอาการซ้ำอีก จะถูกพิจารณาว่าเป็นโรคประจำตัวที่มีมาก่อน
จึงสอบถามว่าจะได้รับการเคลมหรือไม่ภายใต้เงื่อนไขดังกล่าว",test,Hybrid,2023,7,4,1.75,0.5938215851783752,0.445383866628011,0.554616133371989
42918574,เบี้ยประกันสุขภาพกระโดดมากค่ะ เบี้ยประกันสุขภาพเหมาจ่าย ihealthy ของ AXA ที่เป็นรุ่นก่อนคปภออกกฏใหม่ค่ะ แผน Gold เบี้ยปี 2022 29486.50 อายุ 34 เบี้ยปี 2023 33785.50 อายุ 35 เบี้ยปี 2024 39009.50 อายุ 36 เข้าใจว่าปกติเบี้ยจะเพิ่มอย่างมีนัยยะสำคัญทุกๆ 5 ปีตามอายุ แต่ของเราเพิ่มติดๆกันสองปีเลย อันนี้เป็นปกติมั้ยคะ ไม่ได้รับจดหมายแจ้งปรับเบี้ยหรืออะไรเลยด้วยค่ะ เลยกำลังพิจารณาว่าควรอยู่ต่อ หรือควรย้ายไปประกันเจ้าอื่นที่ออกแผนประกันตามกฏใหม่คปภดีคะ คิดว่าน่าจะเซฟกว่าเพราะประกันก็จะยกเลิกเรากลางทางไม่ได้ด้วย สองปีที่ผ่านมามีแต่เคลม OPD ประปราย ไม่ได้ใช้ IPD ค่ะ Ref. ตารางเบี้ย,"เบี้ยประกันสุขภาพ iHealthy จาก AXA เพิ่มขึ้นอย่างต่อเนื่องในปี 2023 และ 2024 โดยไม่มีการแจ้งเตือนล่วงหน้า
การปรับเบี้ยที่เกิดขึ้นสองปีซ้อนถือเป็นกรณีที่ผิดปกติเมื่อเทียบกับแนวโน้มทั่วไปที่มักเกิดทุก 5 ปี
ผู้ร้องเรียนมีประวัติการเคลมเพียงเล็กน้อยในรูปแบบ OPD และไม่เคยใช้บริการ IPD
ขณะนี้พิจารณาเปลี่ยนไปใช้แผนประกันที่สอดคล้องกับกฎใหม่ของ ก.ล.ต. เพื่อลดความเสี่ยงในการถูกยกเลิกกรมธรรม์",test,Hybrid,2024,7,4,1.75,0.6163520812988281,0.5596417188644409,0.4403582811355591
42199550,รถเฉียวชนแล้ว ถ้าเราไม่เคลมประกัน เบี้ยประกันปีถัดไปจะเพิ่มขึ้นไหม ทำประกันชั้น1 ไว้ ขับไปสะกิดรถคู่กรณีนิดหน่อย ทั้งรถผมและคู่กรณีมีรอยขนแมวนิดหน่อย ประกันออกใบเคลมให้ผม ถ้าผมไม่เข้าอู่ไปเคลม เบี้ยประกันจะเพิ่มในส่วนที่ผมไม่ได้เคลมไหมครับ ส่วนของคู่กรณีแน่นอน เค้าต้องไปเคลมอยู่แล้ว ของเค้าก็ประกันชั้น1,"การชนเกิดขึ้นเล็กน้อย ทำให้รถทั้งสองฝ่ายมีรอยขนแมวเพียงเล็กน้อย
ผู้ร้องเรียนทำประกันชั้น 1 และได้รับใบเคลมจากบริษัทประกัน
คำถามคือ หากไม่เคลมประกันเอง แม้จะไม่เข้าอู่ซ่อม จะส่งผลให้เบี้ยประกันปีถัดไปเพิ่มขึ้นหรือไม่
เนื่องจากคู่กรณีมีแผนเคลมประกันอยู่แล้ว จึงต้องพิจารณาผลกระทบต่อเบี้ยประกันของตนเองด้วย",test,Hybrid,2023,7,4,1.75,0.5044202208518982,0.4948469003041585,0.5051530996958415
42536943,ยกเลิกประกัน Allianz Ayudhya กับ CHUBB เราทำประกันของ allianz ayudhya และ chubb ที่เจ้าหน้าที่ติดต่อมาขายทางโทรศัพท์ โดยตัดผ่านบัตร first choice แล้วต้องการยกเลิกประกันค่ะ ทั้งส่งอีเมลล์ ทั้งอินบล็อคหลังไมค์ ทั้งโทรติดต่อต่อเจ้าหน้าที่ สายไม่ว่าง บางครั้งโทรติดก็บอกว่าจะมีเจ้าหน้าที่ติดต่อกลับ จนตอนนี้ยังไม่การเคลื่อนไหนอะไรเลย เงียบมาก ใครเคยมีประสบการณ์แบบนี้ ต้องทำยังไงบ้างคะ แจ้งที่ไหนได้บ้าง ท้อมาก คิดผิดมากๆค่ะ ที่ตกลงทำ,"ผู้ร้องเรียนทำประกันกับ Allianz Ayudhya และ Chubb ผ่านการติดต่อจากเจ้าหน้าที่ทางโทรศัพท์ โดยใช้บัตร First Choice
ต่อมาต้องการยกเลิกกรมธรรม์แต่ไม่สามารถติดต่อเจ้าหน้าที่ได้อย่างมีประสิทธิภาพ
ทั้งส่งอีเมล ใช้ระบบอินบล็อก และโทรสอบถาม แต่ยังไม่มีการตอบกลับหรือดำเนินการใดๆ
ผู้ร้องเรียนรู้สึกเสียใจกับการตัดสินใจและขอคำแนะนำในการดำเนินการต่อไป",test,Hybrid,2024,7,4,1.75,0.5650011301040649,0.4438751538594563,0.5561248461405437
43634018,ไทยประกันชีวิตเคลมช้ามาก อยากสอบถามเพื่อนๆค่ะ ลูกเรานอนรพ.8วัน 7 คืน ทำประกันกับไทยประกันชีวิต หมอแจ้งให้ออกรพ.ได้ตั้งแต่ 10โมงเช้า จนตอนนี้ 14.00 น. ทางรพ.ยังไม่ให้กลับบ้านบอกรอทางประกัน มันช้าขนาดนี้เลยหรอคะ แฟกเคลม ชื่อสินค้า ไทยประกันชีวิต คะแนน CR Consumer Review,"ลูกค้าร้องเรียนว่าบริษัทไทยประกันชีวิตดำเนินการเคลมช้าเกินไป
หลังจากลูกค้าเข้ารักษาตัวในโรงพยาบาล 8 วัน 7 คืน และแพทย์อนุญาตให้ออกจากโรงพยาบาลตั้งแต่เวลา 10.00 น.
จนถึงเวลา 14.00 น. ยังไม่ได้รับอนุมัติให้ออกจากโรงพยาบาล เนื่องจากต้องรอผลการเคลมจากบริษัท
ลูกค้าแสดงความไม่พอใจต่อความล่าช้าในการดำเนินการของบริษัทประกัน",test,Hybrid,2025,9,4,2.25,0.5359838008880615,0.3735543092091878,0.6264456907908122
43675596,สมัครประกันผ่านทางโทรศัพท์ แล้วอยากยกเลิก สวัสดีค่ะทก่อนหน้านี้ได้มีบ.ประกันโทรมาขายประกันสุขภาพให้เราซึ่งน่าสนใจดีเราเลยตกลงทำไปโดยให้หักค่าเบี้ยจากบัตรเครดิตค่ะ แต่พอเล่มกรมธรรม์มาถึง เราได้อ่านรายละเอียดอีกครั้งแล้วรู้สึกไม่ค่อยโอเคมีข้อจำกัดเยอะ กลัวสถานการณ์จริงเข้าพักรักษาตัวแล้วเบิกค่ารักษาไม่ได้เลยอขากยกเลิกค่ะ ตอนนี้เล่มกรมธรรม์มาถึงมือเราแล้วแต่เรายังไม่ได้กดยืนยันบนเว็บที่ทางประกันส่งข้อความมาจะถือว่าเราสมัครหรือยังคะ และตอนนี้ก็มียอดเรียกเก็บบัตรเครดิตแล้วค่ะ ถ้าเราจะยกเลิกเราต้องส่งอะไรให้บริษัทประกันบ้างคะ ขอบคุณค่ะ,"ผู้ร้องเรียนได้ตกลงทำประกันสุขภาพและให้หักค่าเบี้ยจากบัตรเครดิต
หลังได้รับกรมธรรม์แล้วพบว่ามีข้อจำกัดมากกว่าที่คาดไว้ จึงต้องการยกเลิก
กรมธรรม์ยังไม่ได้รับการยืนยันผ่านเว็บไซต์ แต่ยอดค่าเบี้ยถูกเรียกเก็บแล้ว
ผู้ร้องขอทราบขั้นตอนและเอกสารที่จำเป็นในการยกเลิกกรมธรรม์",test,Hybrid,2025,8,4,2.0,0.6244608759880066,0.4976926644643147,0.5023073355356853
43584619,ประกันชีวิตบวกประกันสุขภาพ AIA แบบเก่า เค้าขึ้นค่าเบี้ยกันยังไงค่ะ คือเราซื้อประกันชีวิต และมีสัญญาเพิ่มเติมสุขภาพ แบบซื้อค่าห้อง และชดเชยรายได้เวลาลูกนอน รพ.ไว้ เราจำได้ว่า ตอนนั้น ตัวแทนเคยบอกว่า ถ้าลูกเราโตขั้น ค่าเบี้ยพวกสัญญาเพิ่มเติมจะลดลง แต่ที่เราเจอคือ เราจ่ายเพิ่มมากกว่าตอนที่เราซื้อแรกๆ เพราะตอนแรกที่เราซื้อลูกอายุ 3 ขวบ ตอนนี้อายุ 15 แล้ว เลยชักสงสัยว่าค่าเบี้ยจะลดตอนอายุดเท่าไหร่กันแน่ เพราะใบแจ้งปีล่าสุด ก็เพิ่มขึ้นอีก ไม่รู้ว่าเบี้ยอันไหนเพิ่ม เรารู้แค่ว่าเบี้ยประกันชีวิตเท่าเดิมตลอด คือเราซื้อวงเงินไว้แค่ 2 แสน ก็จ่ายเบี้ยปีละ 23xx บาท แล้วพวกเบี้ยสัญญาเพิ่มเติม เราจะไปหาดูได้ที่ไหนคะว่า อันไหน ค่าเบี้ยเท่าไหร่ รบกวนท่านที่พอจะรู้ชี้ทางทีนะคะ ขอบคุณมากๆค่ะ,"ตัวแทนเคยระบุว่าเมื่อลูกโตขึ้น ค่าเบี้ยประกันสัญญาเพิ่มเติมจะลดลง
แต่จากการตรวจสอบพบว่าค่าเบี้ยกลับเพิ่มขึ้นทุกปี แม้ลูกจะโตเป็นวัยรุ่นแล้ว
ผู้ร้องสงสัยว่าไม่มีการปรับลดตามที่เคยแจ้ง และไม่ทราบรายละเอียดค่าเบี้ยของสัญญาเพิ่มเติม
จึงขอความช่วยเหลือในการตรวจสอบและเปิดเผยข้อมูลค่าเบี้ยแต่ละรายการอย่างชัดเจน",test,Hybrid,2025,11,4,2.75,0.4348753988742828,0.3661633729934692,0.6338366270065308
42711901,เตือนภัย อย่าหาทำ ประกันบริษัท เจนเนอราลี่ บริษัทแจ้งว่ายกเลิกได้ใน30วัน พอยกเลิกจริงๆก็ไม่ยอมคืนเงินค่าเบี้ยประกันให้ แถม พนง โทรมาพูดจาไม่ดีอีก อย่าหาทำค่า ชื่อสินค้า ประกัน เจนเนอราลี่ ขอยกเลิก พนง โทรมาพูดจา ไม่ดี คะแนน CR Consumer Review,"บริษัทประกันเจนเนอราลี่ระบุว่าสามารถยกเลิกกรมธรรม์ได้ภายใน 30 วัน
เมื่อลูกค้ายกเลิกตามเงื่อนไข กลับไม่ได้รับการคืนเงินค่าเบี้ยประกัน
พนักงานบริการลูกค้าโทรมาพูดจาไม่สุภาพขณะดำเนินการยกเลิก
ลูกค้าร้องเรียนถึงพฤติกรรมของพนักงานและนโยบายการคืนเงินที่ไม่โปร่งใส",test,Hybrid,2024,7,4,1.75,0.5479995012283325,0.4168045123418172,0.5831954876581829
42727708,เคยผ่านิ่วในถุงน้ำดี จะทำประกันสุภาพ มีข้อเว้นอะไรที่ไม่คุ้มครองสำหรับคนที่เคยผ่าตัดโรคนี้ไหม ตามหัวข้อเลยนะคะ เคยผ่าตัดส่องกล้องนิ่วในถุงน้ำดีมาเพิ่งผ่าตัดมาเดือนนี้ เลยอยากทราบว่ากรณีเคยผ่าตัดนิ่วในถุงน้ำดีมา และเราได้ขอประวัติการรักษา นิ่วในถุงน้ำดีมาแล้วเพื่อใช้ในการพิจรณาทำประกัน สุขภาพร่างกายเราปกติดีทุกอย่าง เป็นแค่นิ่วในถุงน้ำดีและได้ผ่าตัดออกเรียบร้อยแล้ว อยากรู้ว่าใครเคยมีประสบการณ์ เคยผ่าตัดนิ่วในถุงน้ำดี แต่พอวันนึง ถ้าหากเป็นอะไรที่เกี่ยวกับ นิ่ว หรือโรคบางอย่างที่เรายังไม่ทราบ ประกันจะมองว่เป็นเพราะสาเหตุจากการเคยผ่านัดนิ่วแล้วไม่คุ้มครองไหมคะ,"เคยผ่าตัดส่องกล้องเอานิ่วออกจากถุงน้ำดีเมื่อเดือนที่แล้ว
ปัจจุบันสุขภาพร่างกายโดยรวมอยู่ในเกณฑ์ปกติ
ต้องการทราบว่ามีข้อเว้นภาระผูกพันใดในกรมธรรม์ประกันสุขภาพสำหรับผู้ที่เคยมีประวัติโรคนี้หรือไม่
โดยเฉพาะกรณีที่อาจมีภาวะแทรกซ้อนหรือโรคใหม่ที่เกี่ยวข้องในอนาคต",test,Hybrid,2024,10,4,2.5,0.5590694546699524,0.2367625037829081,0.7632374962170919
42643584,การเคลมประกันรถยนต์ อุบัติเหตุในช่วงสงกรานต์ ขอสอบถามครับ เมื่อวันที่13เมษาผมได้เดินทางกลับจากบ้านเพื่อนด้วยรถยนต์ช่วงเวลา2ทุ่มเกือบๆ3ทุ่มและได้เกิดอุบัติเหตุขึ้นมีหมาเดินตัดหน้ารถผมตอนแรกนึกว่าพ้นแล้วแต่มันวิ่งกลับมาทำให้ผมตกใจละก็ตัดสินใจหักพวกมาลัยหลบไปโดนเสาไฟฟ้าครับหักแต่ไม่ล้มแล้วก็ไปโดนบ้านคนไม่มีใครอยู่แล้วเหมือนจะร้างหลังจากนั้นผมได้ดับรถแล้วก็ไปแจ้งคนแถวนั้นและได้ทำการแจ้งประกันมาตรวจสอบครับเบื้องต้นผมก็ให้ปากคำตรงๆครับว่าช่วงเวลา17.00 18.00ได้ดื่มเบียร์มา2แก้วจิบเรื่อยๆในช่วงเวลาดังกล่าวแล้วหลังจากนั้นก็ไม่ได้ดื่มหรือทำอะไรเลยจนถึงเวลาเกิดเหตุ ตอนขับมาผมขับในซอยเล็กๆครับใช้ความเร็วประมาณ40แต่ในจังหวะตกใจน่าจะมีการเหยีบบคันเร่งส่งมันถึงได้พุ่งไปแบบนี้ตอนนี้เครียดหนักเลยว่าทางประกันจะสามารถช่วยอะไรได้มั้ยประกันชั้น1ของทางไอโออิกรุงเทพประกันภัยกลัวว่าจะไม่ผ่านอนุมัติในการเคลมและการชดใช้ค่าเสียหายต่างๆ,"ผู้ร้องเรียนเกิดอุบัติเหตุขณะขับรถช่วงเวลาประมาณ 21.00 น. วันที่ 13 เมษายน เนื่องจากหมาตัดหน้ารถและวิ่งกลับมาทำให้หลบอย่างฉับพลันจนชนเสาไฟฟ้าและบ้านที่ไม่มีผู้อยู่อาศัย
ผู้ร้องระบุว่าก่อนเกิดเหตุได้ดื่มเบียร์ประมาณ 2 แก้วระหว่างเวลา 17.00–18.00 น. แต่ไม่ได้ดื่มหรือบริโภคสิ่งใดเพิ่มเติมจนถึงช่วงเกิดเหตุ
การขับขี่ในช่วงเกิดเหตุอยู่ในซอยแคบ โดยใช้ความเร็วประมาณ 40 กม./ชม. และเกิดการตกใจจนเหยียบคันเร่งโดยไม่ตั้งใจ
ผู้ร้องกังวลว่าการดื่มเบียร์ในช่วงก่อนหน้าอาจส่งผลต่อการพิจารณาเคลมประกันชั้น 1 จากบริษัทไอโออิกรุงเทพประกันภัย",test,Hybrid,2024,7,4,1.75,0.6532052159309387,0.6854257583618164,0.3145742416381836
43643973,มันแฟร์หรอเมื่อเราเกิดอุบัติเหตุจากGrab แต่ใช้ประกันส่วนตัวเลยเรียกร้องอะไรจากGrabไม่ได้ สวัสดีค่ะเราขอเล่าประสบการณ์ที่เกิดอุบัติเหตุบนท้องถนนจากการใช้บริการRiderค่ะ ส่วนตัวบาดเจ็บบริเวณหัวเข่าและเดินทางไปโรงพยาบาลเองแต่เราใช้ประกันส่วนตัวเนื่องจากได้แจ้งเหตุกับทางแชทในแอปพลิเคชั่นแล้วได้ข้อมูลว่าต้องสำรองเงินจ่ายไปก่อนแล้วนำเอกสารมาเคลมค่าใช้จ่ายทีหลัง คือเราไม่สะดวกจ่ายเองเลยใช้ประกันส่วนตัวและเข้ารับรักษาก่อนค่ะ และแพทย์วินิจฉัยว่าเอ็นข้อเข่าฉีก เรานำเอกสารใบรับรองแพทย์และกรอกแบบฟอร์มเรียกร้องค่าสินไหมและเอกสารอื่นๆดำเนินการตามขั้นตอนแล้ว ผ่านมาเดือนกว่า เราติดต่อเจ้าหน้าที่ประกันของGarbไปเองว่าดำเนินการถึงขั้นไหนแล้ว แต่ผลปรากฏว่าเราไม่สามารถเรียกร้องได้เนื่องจากเคลมค่าใช้จ่ายจากที่อื่นแล้ว อ้าวแล้วที่เราเกิดอุบัติเหตุจากการใช้บริการของGarbไม่สามารถเรียกร้องอะไรได้เลยหรอ เห้อ,"ผู้ร้องเรียนประสบอุบัติเหตุขณะใช้บริการ Grab Rider และได้รับบาดเจ็บที่หัวเข่า
ผู้ร้องเรียนใช้บริการประกันส่วนตัวในการรักษาพยาบาล เนื่องจากได้รับคำแนะนำให้จ่ายค่าใช้จ่ายก่อนแล้วค่อยเคลมภายหลัง
หลังจากดำเนินการตามขั้นตอนครบถ้วน รวมถึงส่งเอกสารใบรับรองแพทย์และแบบฟอร์มเรียกร้องค่าสินไหมแล้ว กลับถูกแจ้งว่าไม่สามารถเรียกร้องจาก Grab ได้
ผู้ร้องเรียนแสดงความไม่พอใจที่ไม่สามารถเรียกร้องค่าเสียหายจาก Grab ได้ ทั้งที่อุบัติเหตุเกิดจากการใช้บริการของบริษัทนั้น",test,Hybrid,2025,8,4,2.0,0.6272079348564148,0.5463522275288899,0.4536477724711101
42429184,ธนชาติประกันภัย เรื่องมีอยู่ว่า เราติดต่อหาธนชาติประกันภัยเบอร์ที่คิดว่าบริการ 24 ชม. เป็นเบอร์ 02668899 เราจะสอบถามคลอเซ็นเตอร์ว่าขอเบอร์ติดต่อ ธนชาติประกันภัย สาขาที่อยู่เพชรเกษมสายเก่า ซึ่งเราก็พยายามทำทุกทางทั้งกูลเกิ้ลทั้งโทร เช็คตามลิ้งค์ก็ไม่มี เราจะเข้าไปติดต่อเรื่องเคลมประกันซึ่งเราได้ชำระค่าประกันก่อนแล้วเลยอยากไปที่สาขาเพื่อติดต่อเจ้าหน้าและอยากทราบว่า สาขานี้ เปิด ปิด กี่โมง แล้วเบอร์ติดต่ออะไร ใครทราบรบกวนด้วยนะคะ เราจะแปะที่อยู่สาขาด้านล่างนะคะ ขอบคุณค่ะ จนปัญญาจริงๆแล้วบอกติดต่อได้ตลอด 24 ชม. ติดต่อยากมาก ธนชาติประกันภัย ที่อยู่ 12 2 ถนนเพชรเกษมสายเก่า แขวงบางหว้า เขตภาษีเจริญ กรุงเทพมหานคร 10160,"ผู้ร้องเรียนต้องการข้อมูลติดต่อและเวลาเปิด-ปิดของสาขาธนชาติประกันภัย ถนนเพชรเกษมสายเก่า
พยายามค้นหาข้อมูลผ่านช่องทางต่าง ๆ ทั้งกูเกิล โทรศัพท์ และลิงก์เว็บไซต์ แต่ไม่พบข้อมูลที่ถูกต้อง
ประสงค์จะไปติดต่อสาขาเพื่อดำเนินการเคลมประกันหลังจากชำระเบี้ยประกันเรียบร้อยแล้ว
ขอความกรุณาผู้รู้ช่วยแจ้งเบอร์ติดต่อและรายละเอียดสาขาเพื่ออำนวยความสะดวกในการเดินทาง",test,Hybrid,2023,10,4,2.5,0.5385532379150391,0.4427100817362467,0.5572899182637533
42877765,ทำไมประกันไทยวิวัฒน์ ไม่อนุมัติเคลมเซ็นเซอร์ที่ติดมากับรถจากศูนย์ สวัสดีค่ะ รถเราเกิดอุบัติเหตุถูกชนท้าย โดยทางเราเป็นฝ่ายถูก เราใช้ประกันภัยไทยวิวัฒน์ ทางศูนย์รถ ได้มีการส่งเรื่องเคลมเซ็นเซอร์ที่ติดมากับรถจากศูนย์ 2 ครั้ง ทางประกันไม่อนุมัติการเคลมค่ะ ทางเราพยายามติดต่อทางไทยวิวัฒน์หลายครั้ง เจ้าหน้าที่รับเรื่องและจะติดต่อกลับ ไม่เคยติดต่อกลับสักครั้ง รบกวนเพื่อนๆ แนะนำเราหน่อยค่ะ หากประกันภัย ไม่รับผิดชอบในส่วนนี้ เราสามารถยื่นเรื่องไปที่ คปภ. หรือทำอย่างไรได้บ้างไหมคะ ขอบคุณมากค่ะ,"ผู้ร้องเรียนใช้บริการประกันภัยไทยวิวัฒน์ และได้ดำเนินการเคลมเซ็นเซอร์ที่ติดมากับรถผ่านศูนย์บริการ 2 ครั้ง
แต่ทางประกันไม่อนุมัติการเคลมทั้งสองกรณี
ผู้ร้องเรียนพยายามติดต่อเจ้าหน้าที่หลายครั้ง แต่ไม่เคยได้รับการติดต่อกลับ
ขอความช่วยเหลือในการแนะนำแนวทางแก้ไขปัญหาเพิ่มเติม",test,Hybrid,2024,11,4,2.75,0.5896741151809692,0.533405860265096,0.466594139734904
42797188,ประกัน chubbs ขึ้นสถานะ freeze ทั้งที่ตัดบัตรไปแล้ว ได้ทำประกันกับ chubbs ไว้ 2 ฉบับ แต่เดือนนี้ตัดเงินบัตรเครดิตไปแค่ฉบับเดียว ส่วนสถานะความคุ้มครองเช็คในแอพ chubbs แล้วถูก freeze ไว้ 2 ฉบับ ไม่ได้ยกเลิกประกันฯ ไม่ได้รับแจ้งการยกเลิกประกันฯ มีใครเคยเป็นแบบนี้ไหมคะ แล้วทำยังไง เสาร์อาทิตย์ติดต่อ chubbs ไม่ได้เลยค่ะ ต้องติดต่อวันธรรมดาเท่านั้น ทักใน official line ของ chubbs อ่านแต่ไม่ตอบ คือ customer service แบบนี้ไม่เหมือนตอนโทรมาขายประกันเลย ตอนนั้นติดต่อได้ตลอด,"ประกันภัยจาก Chubb มีการตั้งสถานะ freeze ทั้งสองฉบับโดยไม่มีการแจ้งเตือนหรือการยกเลิกจากผู้เอาประกัน
ผู้ร้องเรียนระบุว่าได้ชำระเงินเพียงหนึ่งฉบับในรอบเดือนนี้ และไม่ได้ดำเนินการยกเลิกประกันใดๆ
ช่องทางติดต่อ Customer Service ของบริษัท เช่น LINE และสายด่วน กลับไม่สามารถใช้งานได้ในช่วงสุดสัปดาห์
ผู้ร้องเรียนแสดงความผิดหวังต่อคุณภาพบริการที่แตกต่างจากช่วงเวลาที่ถูกขายประกัน",test,Hybrid,2024,9,4,2.25,0.5369094610214233,0.5034048557281494,0.4965951442718506
41827415,ต้องการต่อประกันรถยนต์ ชั้น1 ซ่อมอู่ ระบุคนขับและไม่ระบุคนขับ สวัสดีค่ะ ขอคำแนะนำเรื่องประกันรถยนต์หน่อยค่ะ ข้อดี ข้อเสีย หน่อยค่ะ ประกันที่อยากได้ ประกันรถยนต์ ชั้น 1 ซ่อมอู่ ระบุคนขับและไม่ระบุคนขับ ของบริษัทไหนดีค่ะ ตอนนี้สู้ราคาค่าเบี้ยบริษัทเดิมไม่ไหว เสนอมา 2000 ทั้งที่ผ่านมาไม่เคยเคลม ขอบคุณสำหรับคำแนะนำนะค่ะ,"ผู้ร้องเรียนสอบถามข้อมูลเกี่ยวกับประกันรถยนต์ชั้น 1 แบบซ่อมอู่ โดยพิจารณาทั้งกรณีระบุและไม่ระบุคนขับ
กล่าวถึงปัญหาการปรับเพิ่มค่าเบี้ยประกันจากเดิมที่ไม่เคยเคลม แม้จะพยายามเจรจาต่อรองราคา
แสดงความกังวลเกี่ยวกับความคุ้มครองและต้นทุนที่เพิ่มขึ้นโดยไม่มีเหตุผลชัดเจน
ขอคำแนะนำจากผู้เชี่ยวชาญเกี่ยวกับบริษัทประกันที่ให้บริการในลักษณะดังกล่าว",test,Hybrid,2023,7,4,1.75,0.6326420903205872,0.4146939913431803,0.5853060086568197
43418519,ยกเลิกประกันภัย Cigna สำหรับคนที่อยู่ ตปท พอดีเราอยู่ต่างประเทศ ไม่ได้ใช้ประกันที่ทำไว้เลยค่ะ น่าจะหลายปีได้แล้ว ปัจจุบันหักบัญชีอัตโนมัติอยู่ ต้องการยกเลิก แต่เคยกลับไทยแล้วโทรไปยกเลิก พนักงานหนักมากเลยทำต่อ ตอนนี้อยู่ต่างประเทศ มีวิธีไหนที่สามารถยกเลิกออนไลน์ได้บ้างไหมคะ ขอบคุณล่วงหน้าค่ะ,"ผู้ร้องเรียนขอยกเลิกกรมธรรม์ประกันภัย Cigna ที่ทำไว้สำหรับบุคคลที่อาศัยอยู่ต่างประเทศ
ไม่ได้ใช้บริการประกันมาหลายปีแล้ว และมีการหักบัญชีอัตโนมัติอยู่ในขณะนี้
เคยพยายามติดต่อเพื่อยกเลิกเมื่อกลับมาพักอาศัยในประเทศไทย แต่ประสบปัญหาจากเจ้าหน้าที่
สอบถามว่ามีช่องทางใดที่สามารถดำเนินการยกเลิกได้ผ่านระบบออนไลน์ขณะอยู่ต่างประเทศหรือไม่",test,Hybrid,2025,10,4,2.5,0.4293336868286133,0.5522205034891764,0.4477794965108236
43382629,ท่านใดมีความคืบหน้าจากการเคลมประกันแผ่นดินไหวคอนโดบ้างครับ ท่านใดมีความคืบหน้าจากการเคลมประกันแผ่นดินไหวคอนโดบ้างครับ พอดีส่วนตัวใช้กรุงเทพประกันภัย ส่วนโครงการใช้ chubb มีประกันภายในห้องชุดให้ 1. แจ้งเคลมไปแล้ว ต้องรอเจ้าหน้าที่ประกันเข้ามาสำรวจ หรือเจ้าหน้าที่จะพิจารณาตามใบเสนอราคาครับ 2. มีท่านใดที่ประกันอนุมัติยอดเคลมมาแล้วบ้างครับ อยากรู้ว่าได้เต็มจำนวนหรือไม่ ประมาณเท่าไร เพราะได้ใบเสนอราคาจากโฮมโปรมา คิดว่าค่อนข้างสูง ราวๆ 7 8 หมื่นบาท เกรงว่าประกันจะไม่อนุมัติทั้งก้อน ขอบคุณครับ,"ผู้ร้องเรียนสอบถามความคืบหน้าในการเคลมประกันภัยแผ่นดินไหวของคอนโด โดยระบุว่าได้แจ้งเคลมกับบริษัทกรุงเทพประกันภัยแล้ว
ขณะนี้อยู่ระหว่างรอเจ้าหน้าที่ประกันเข้ามาประเมินสถานะความเสียหาย หรือพิจารณาตามใบเสนอราคาที่ได้รับ
ผู้ร้องเรียนต้องการทราบว่ามีผู้อื่นที่ได้รับการอนุมัติเคลมแล้วหรือไม่ และยอดที่ได้รับอนุมัติเป็นอย่างไร
เนื่องจากมีใบเสนอราคาจากโฮมโปรในวงเงินประมาณ 70,000–80,000 บาท และกังวลว่าอาจไม่ได้รับการชดเชยเต็มจำนวน",test,Hybrid,2025,9,4,2.25,0.5034249424934387,0.5018892288208008,0.4981107711791992
43093170,LMG ประกันภัย อนุมัติเครมช้ามาก อยากสอบถามค่ะ มีใครมีประสบการณ์เครมประกันรถยนต์กับ LMG พอจะแนะนำได้บ้างไหมคะ คือเราทำประกันภัยกับ LMG มาก็ 5 6ปีได้แล้วทำประกันชั้น1มาโดยตลอด ไม่เคยชนเลย พึ่งมามีการชนกันเมื่อต้นเดือนสิงหาคม 67 คือรถเราโดนชน เราเป็นฝ่ายถูกนะคะ มีตัวแทนประกันมาหน้างานตามปรกติ ก็ออกใบเครมให้เลยจากนั้นเราก็เอาใบเครมไปยื่นให้อู่รถ อู่รถบอกเดี๋ยวจะติดต่อกลับเพราะต้องติดต่อกับประกันให้ประกันอนุมัติเครมก่อนแล้วจะติดต่อมา แต่คือตั้งแต่ต้นเดือนสิงหาคม ยันวันนี้ก็เดือนกว่าๆได้แล้วประกันยังไม่อนุมัติเครมให้เราเลย มีใครพอแนะนำเราได้บ้างไหมคะว่าต้องทำยังได้บ้าง แล้วระยะเวลารอเครม เดือนกว่าแล้วนี่ถือว่านานไหมคะ,"บริษัท LMG ประกันภัยมีระยะเวลาการอนุมัติเคลมที่ช้าเกินไป โดยผู้ร้องเรียนได้ยื่นเอกสารเคลมหลังจากเกิดอุบัติเหตุในเดือนสิงหาคม 2567
แม้จะเป็นผู้เอาประกันที่มีประวัติดีและไม่มีประวัติการเคลมมาก่อน แต่จนถึงปัจจุบันยังไม่ได้รับการอนุมัติเคลมจากรายงานอู่รถ
ผู้ร้องเรียนสอบถามเพื่อขอคำแนะนำในการดำเนินการต่อเนื่องจากกรณีดังกล่าว
ข้อร้องเรียนนี้สะท้อนถึงความไม่สะดวกในการดำเนินการเคลมที่อาจส่งผลต่อความเชื่อมั่นในบริการของบริษัท",test,Hybrid,2024,10,4,2.5,0.5414465665817261,0.510440190633138,0.489559809366862
42315831,ทำไมตัวแทนประกัน Sunday สามารถเอาข้อมูลลูกค้าไปทำประกันเอง โดยที่ลูกค้าไม่ได้ยินยอมได้ด้วยหรอครับ เมื่อ16 เดือนกันยายน มียอดการตัดเงินผ่านบัตรจากประกัน Sunday เราเลยโทรไปสอบถามคอลเซ็นเตอร์ ว่าค่าอะไร ได้ความว่ามันคือค่าประกันอุบัติเหตุ ที่ทางตัวแทนได้ติดต่อมาว่าจะทำมั้ยแต่ทางเราได้ปฏิเสธไป เราก็แจ้งคอลเซ็นเตอร์ ว่าสามารถยกเลิกได้มั้ยเพราะ เราไม่ได้ตกลงที่จะทำประกัน ทางคอลเซ็นเตอร์ก็ดำเนินการให้ เราก็คิดว่าคงเรียบร้อยแล้วจนเดือนนี้เราเข้าไปเช็คค่าบัตรทำไมยังมียอดมาเรียกอีก เราก็เลยติดต่อไปอีก เค้าก็บอกว่าแจ้งยกเลิกกับทางโบรกเกอร์ให้แล้ว แต่ทำไมผ่านมาเป็นเดือนแล้วยังไม่ทำการยกเลิกให้ พอสอบถามว่าจะจัดการเสร็จเมื่อไหร่ก็ไม่สามารถให้คำตอบได้เลย แล้วยอดเรียกเก็บก็ไม่สามารถยกเลิกให้ได้สรุปเราก็ต้องจ่ายค่าประกันไปอีก ติดต่อไปทางตัวแทนขอกรมธรรม์ก็ไม่ส่งมาให้ แจ้งชื่อตัวแทนไปก็บอกไม่สามารถตรวจสอบให้ได้,"มีการตัดเงินผ่านบัตรจากประกัน Sunday โดยไม่มีการยืนยันความประสงค์ในการทำประกัน
ผู้ร้องเรียนแจ้งยกเลิกกับคอลเซ็นเตอร์แล้ว แต่ยอดค่าใช้จ่ายยังคงถูกเรียกเก็บในเดือนถัดมา
ติดต่อตัวแทนเพื่อขอกรมธรรม์แต่ไม่ได้รับการตอบกลับ และไม่สามารถตรวจสอบข้อมูลตัวแทนได้
ผู้ร้องเรียนระบุว่ายังคงถูกเรียกเก็บเงินโดยไม่มีการยกเลิกอย่างเป็นทางการ",test,Hybrid,2023,10,4,2.5,0.5915274620056152,0.4607409636179606,0.5392590363820394
42693275,รบกวน แนะขั้นตอน กรณีรถเกิดเฉี่ยวชน โดยมี ประกันชั้น 2 3 หน่อยครับ ถ้าชั้น 1 คงไม่ยุ่งยาก แต่ถ้าเป็นชั้นรองลงมา เป็นข้อๆ 1 2 3 ที่ควรทำ เช่น ถ่ายรูป หรือห้ามขยับรถ และ ที่ห้ามลืมเด็ดขาด ไม่งั้นประกันไม่คุ้มครอง เผื่อเป็นความรู้ครับ เกิดเหตุจริง จะได้ทำตัวถูกว่าจะเริ่มทำอะไรก่อน หลัง,"ขอคำแนะนำขั้นตอนการจัดการกรณีรถเกิดเฉี่ยวชนเมื่อมีประกันชั้น 2 และ 3
ควรถ่ายภาพเหตุการณ์ทันทีเพื่อบันทึกสภาพรถและตำแหน่งของยานพาหนะ
ห้ามเคลื่อนย้ายรถจนกว่าจะได้รับคำแนะนำจากเจ้าหน้าที่หรือบริษัทประกัน
ต้องปฏิบัติตามข้อกำหนดอย่างเคร่งครัด เพราะหากละเลยอาจส่งผลให้ประกันไม่คุ้มครอง",test,Hybrid,2024,10,4,2.5,0.4818376004695892,0.4422581593195597,0.5577418406804403
42100386,ยกเลิกประกัน ให้ได้เงินกลับคืนมาบ้างมีวิธีไหนดี สมัครประกันของบริษัทนึง จ่าย 1700 กว่าบาทต่อเดือน ตอบเร็วตอนไม่ได้เงิน พอได้เงิน ส่งข้อความสอบถามอะไร อ่านแต่ไม่ตอบ ไม่ก็ต้องรอคำตอบ 2 3 วันไม่ก็มากกว่า เลยตัดสินใจส่งข้อความไปยกเลิกครับ โลโก้สีส้ม เคยส่งไปยกเลิกผ่านแอพแล้ว แต่ยกเลิกไม่ได้ เงินที่จ่ายไป 1 เดือน อาจจะไม่ได้คืนมา,"ผู้ร้องเรียนสมัครประกันภัยกับบริษัทแห่งหนึ่งโดยจ่ายค่าเบี้ยประมาณ 1,700 บาทต่อเดือน
บริษัทตอบสนองรวดเร็วในช่วงที่ยังไม่ได้รับเงิน แต่หลังจากได้รับเงินกลับมีการตอบกลับช้าหรือไม่ตอบเลย โดยต้องรอหลายวันถึงจะได้รับคำตอบ
ผู้ร้องเรียนเคยพยายามยกเลิกผ่านแอปพลิเคชันแต่ไม่สำเร็จ และต้องส่งข้อความขอยกเลิกอีกครั้ง
ค่าเบี้ยประกันที่จ่ายไปหนึ่งเดือนอาจไม่สามารถขอคืนได้",test,Hybrid,2023,9,4,2.25,0.4937073886394501,0.3981906970342,0.6018093029658
41884153,ลังเลระหว่าง D Health Plus ของเมืองไทยประกันชีวิต กับ health fit dd แผน3 ของไทยประกันชีวิต ตอนนี้สนใจทำประกันสุขภาพ ให้ลูกค่ะ ลังเลระหว่าง D Health Plus วงเงินค่ารักษา 5ล้านของเมืองไทยประกันชีวิต กับ health fit dd แผน3 วงเงินค่ารักษา 15ล้าน ของไทยประกันชีวิต แต่ทีนี้ได้คุยกับตัวแทนของทั้งสองที่นี้ เมืองไทยประกันชีวิตแจ้งว่า ถ้าภายหลังเรายกเลิกตัวประกันสุขภาพอย่างเดียว ตัวประกันชีวิตหลักจะไม่ถูกยกเลิกด้วย แต่ตัวแทนของไทยประกันชีวิตแจ้งว่า ถ้ายกเลิกภายหลัง ตัวประกันหลักจะต้องถูกยกเลิกไปด้วย แต่สามารถเวรคืนได้ ตอนนี้เลยไม่แน่ใจว่า แบบไหนดีกว่าค่ะ โจทย์คือแม่อยากซื้อประกันสุขภาพอย่างเดียว แต่ทีนี้ต้องมีประกันชีวิตหลักร่วมด้วย ทางไทยประกันชีวิตตัวแทนเสนอมา ทุนหลัก 5หมื่นก็ได้ เพราะเราเน้นสุขภาพ ขอคำแนะนำระหว่างสองตัวนี้ด้วยค่ะ ว่าตัวไหนครอบคลุมมากกว่ากัน ขอบคุณค่ะ,"ลูกค้ากำลังพิจารณาทำประกันสุขภาพให้ลูก โดยเลือกระหว่าง D Health Plus ของเมืองไทยประกันชีวิต และ Health Fit DD แผน 3 ของไทยประกันชีวิต
D Health Plus มีวงเงินค่ารักษา 5 ล้านบาท ในขณะที่ Health Fit DD แผน 3 มีวงเงิน 15 ล้านบาท
ตัวแทนเมืองไทยระบุว่า การยกเลิกประกันสุขภาพไม่กระทบต่อประกันชีวิตหลัก ส่วนตัวแทนไทยประกันชี้แจงว่าการยกเลิกจะต้องยกเลิกทั้งสองกรมธรรม์พร้อมกันแต่สามารถขอเวรคืนได้
ลูกค้าจึงรู้สึกลังเลเนื่องจากความแตกต่างในการดำเนินการยกเลิกกรมธรรม์ระหว่างสองบริษัท",test,Hybrid,2023,11,4,2.75,0.6520124077796936,0.5341984033584595,0.4658015966415405
43240646,สงสัยเรื่องประกันสุขภาพค่ะ เมื่อปี2565 ประมาณต้นเดือนสิงหา ได้มีก้อนขึ้นที่คอ ไปโรงพยาบาลมีการวิฉัยว่า ต่อมน้ำเหลืองอักเสบ แล้วมีการผ่าชิ้นเนื้อไปดู ว่าเป็นมะเร็งต่อมน้ำเหลืองมั้ยแต่ไม่พบเชื้อ อาการต่อมน้ำเหลืองก็ยุบไป จากนั้นช่วงปี 2567 เดือน มี.ค ได้เริ่มทำประกันสุขภาพ โดยแถลงเรื่องต่อมน้ำเหลืองทั้งหมด ประกันให้ตรวจสุขภาพเพิ่มเติมที่โรงพยาบาล ได้รับอนุมัติกรมมธรรม์ แบบไม่ยกเว้นโรคต่อมน้ำเหลือง แต่ไม่ครอบคลุมโรคทางมดลูกทั้งหมด แต่พอประมาณเดือนธันวาได้มีไข้ แล้วอาเจียน ท้องเสีย ไปโรงพยาบาล ได้นอนแอดมิด เพราะเกร็ดเลือดต่ำเหลือ 1200 มีการเจาะเลือด โทรแจ้งประกัน เรื่องการเข้ารักษาที่รพ. มีการนอนโรงพยาบาลทั้งหมด12 วัน หมอวินิฉัยว่าเป็นโรคแพ้ภูมิตัวเอง จากนั้นมีการสำรองจ่ายค่ารักษาทั้งหมด แล้วทำเรื่องเครมกับประกัน สงสัยว่า จากระยะเวลาจะถูกเวนคืนกรมธรรม์มั้ยคะ เพราะถามแพทย์ว่าอาการแพ้ภูมิตัวเองที่เพิ่งตรวจเจอเกี่ยวกับโรคต่อมน้ำเหลืองมั้ย หมอแจ้งว่าน่าจะเกี่ยวกัน,"ผู้ร้องเรียนมีประวัติตรวจพบก้อนที่คอในปี 2565 และได้รับการวินิจฉัยว่าต่อมน้ำเหลืองอักเสบ ไม่พบเชื้อมะเร็งจากการผ่าชิ้นเนื้อ
เมื่อปี 2567 ได้ทำประกันสุขภาพโดยแจ้งประวัติทั้งหมด และได้รับอนุมัติจากบริษัทประกันภายใต้เงื่อนไขไม่ยกเว้นโรคต่อมน้ำเหลือง
อย่างไรก็ตาม หลังจากนั้นผู้ร้องเรียนมีอาการไข้ อาเจียน ท้องเสีย และเกร็ดเลือดต่ำจนต้องเข้ารักษาตัวที่โรงพยาบาลเป็นเวลา 12 วัน
แพทย์วินิจฉัยว่าเป็นโรคแพ้ภูมิตัวเอง และมีการแจ้งบริษัทประกันเพื่อขอเคลมค่าใช้จ่ายในการรักษา",test,Hybrid,2025,11,4,2.75,0.595029890537262,0.5166395505269368,0.4833604494730632
42539173,จะยกเลิกประกันอุบัติเหตุของกรุงไทย ทำยังได้บ้าง สวัสดีค่ะ มีสายจากกรุงไทยโทรเข้ามาให้สมัครประกันอุบัติเหตุ ของกรุงไทย จ่ายรายเดือน เดือนละ 300 กว่าบาท เราเพิ่งสมัครไปเมื่อวานนี้ มันก็เป็นความผิดเราเองที่ได้ได้คิดให้ดีก่อน แต่ยังไม่ได้ชำระงวดแรก เพราะยังไม่ถึงกำหนดชำระ ยังไม่ได้เล่มกรมธรรม์ ต้องทำอย่างไรบ้างคะเพื่อยกเลิกกรมธรรม์ตัวนี้ มีใครทราบบ้างมั้ยคะ ช่วยแนะนำให้ทีค่ะ ขอบคุณมากค่ะ,"ผู้ร้องเรียนได้รับสายจากกรุงไทยเสนอสมัครประกันอุบัติเหตุรายเดือนในราคาประมาณ 300 บาท
การสมัครดังกล่าวเกิดขึ้นเมื่อวานนี้ โดยยังไม่ได้ชำระเงินงวดแรก และยังไม่ได้รับกรมธรรม์
ผู้ร้องเรียนต้องการยกเลิกกรมธรรม์เนื่องจากพิจารณาแล้วว่าไม่จำเป็น
ขอคำแนะนำแนวทางในการยกเลิกกรมธรรม์ดังกล่าวโดยไม่ต้องเสียค่าใช้จ่าย",test,Hybrid,2024,9,4,2.25,0.4397121965885162,0.5013949871063232,0.4986050128936767
34464012,สอบถามเรื่องประกันค่ะ สอบถามค่ะ พอดีไปทำประกันสุขภาพเพิ่มกรมธรรม์นึงค่ะ ปัจจุบันมีประกันนอนเคลมได้ทันทีอยู่ตัวนึงแล้วตัวนี้ทำนานแล้วแต่คนละบริษัทกันค่ะ แต่อยากทราบว่าระหว่างที่เค้าตรวจสอบอยู่ เกิดวันนี้พรุ่งนี้เราป่วยหรือเกิดอุบัติเหตุไม่คาดคิดเข้าโรงพยาบาลมา ประกันที่เพิ่งไปซื้อมาเค้าจะยกเลิกเลยไหมค่ะ อีกเรื่องค่ะ ช่วงนี้ปวดท้องกระเพาะอยู่บ่อยๆ ถ้าพรุ่งนี้ไปหาหมออยู่โรงบาลรักษากระเพาะอาหาร ทางประกันที่ซื้อใหม่เค้าจะยกเว้นการรักษาโรคนี้ไหมค่ะ,"ผู้ร้องเรียนสอบถามเกี่ยวกับความคุ้มครองจากกรมธรรม์ประกันสุขภาพฉบับใหม่ระหว่างรอการตรวจสอบความคุ้มครอง
โดยเฉพาะในกรณีที่เกิดป่วยหรืออุบัติเหตุฉุกเฉินขณะรอการอนุมัติ
รวมถึงความคุ้มครองสำหรับอาการปวดท้องกระเพาะที่มีอยู่ก่อนซื้อกรมธรรม์
ขอ clarification เกี่ยวกับการยกเว้นหรือไม่ยกเว้นโรคที่มีอยู่เดิมในกรมธรรม์ฉบับใหม่",eval,Hybrid,2015,7,4,1.75,0.4418196678161621,0.4307445685068766,0.5692554314931234
35191631,เคลมประกันชั้น1 หลับในชนต้นไม้ ค่าเบี้ยประกันจะเพิ่มขึ้นไหม รถผม กะบะวีโก้ ตอนชน หลับในแล้วไหลตกข้างทางชนต้นไม้ ล้มทั้งต้น ทางประกันก็จ่ายค่าเสียหายให้คู่กรณี ซึ่งเป็นเจ้าของต้นไม้เรียบร้อย ตอนนี้รถซ่อมกำลังจะเสร็จแล้ว แต่ยังไม่นัดวันรับรถ แล้วก็ไม่เคยเคลมด้วยครับ คำถามที่คิดคือ ผมต้องเช็คดูอะไรบ้าง ส่วนไหนอย่างไง เอกสาร รอบรถ ทดลองขับได้ไหม ประเด็นสำคัญคือ เบี้ยประกันที่จะต้องเสียครั้งต่อไป ผมจะต้องเสียเพิ่มไหม,"การชนต้นไม้เนื่องจากหลับในถือเป็นอุบัติเหตุที่ไม่เกิดจากพฤติกรรมเสี่ยงโดยเจตนา
ค่าเสียหายทั้งส่วนของรถและทรัพย์สินบุคคลภายนอกได้รับการชดใช้ตามกรมธรรม์ประกันชั้น 1 แล้ว
ขณะนี้รถอยู่ระหว่างซ่อม และยังไม่มีการนัดรับรถ รวมถึงไม่เคยมีประวัติเคลมมาก่อน
เบี้ยประกันในปีถัดไปอาจมีการปรับเพิ่มขึ้นหากบริษัทประกันพิจารณาจากประวัติอุบัติเหตุ แม้จะไม่เกิดจากความผิดเจตนา",eval,Hybrid,2016,8,4,2.0,0.5395776033401489,0.4114002386728922,0.5885997613271078
39311129,โดนเงินติดล้อยกเลิกกรมธรรม์ เพราะจ่ายช้า มีผลต่อบูโรไหม ตามหัวข้อเลยครับพอดีน้องสาวใช้ชื่อผมออกรถแล้วผ่อนประกันกับเงินติดล้อ แล้ว จ่ายช้าไปงวดนึงประมาณ 10 วัน เงินติดล้อยกเลิกกรมธรรม์ กรณีนี้ผม จะติดบูโรไหมครับ เพราะค้างไม่เกิน 30 วัน มีผลต่อการออกรถ และ ซื้อบ้านในอนาคตไหมครับ เงินติดล้อเวนคืนกรมธรรม์ก่อนครบกำหนด 7 วัน หลังจากได้รับหนังสือแจ้งตามใบที่เขาส่งมาผมจะสามารรถอุทรณ์ได้ไหมครับ กลัวติดบูโร,"ผู้ร้องเรียนกังวลว่าการจ่ายค่าเบี้ยประกันล่าช้าเพียง 10 วันอาจทำให้บริษัทเงินติดล้อยกเลิกกรมธรรม์
เนื่องจากกรมธรรม์ถูกยกเลิกก่อนครบกำหนด จึงกังวลว่าจะส่งผลต่อบูโรเครดิต
ผู้ร้องเรียนสอบถามว่าหากค้างชำระไม่เกิน 30 วัน จะมีผลต่อการขอสินเชื่อรถยนต์หรือบ้านในอนาคตหรือไม่
นอกจากนี้ยังถามถึงโอกาสในการอุทธรณ์หลังได้รับหนังสือแจ้งยกเลิกแล้ว 7 วัน",eval,Hybrid,2019,7,4,1.75,0.6497761011123657,0.3106214602788289,0.6893785397211711
41389137,เคลมประกันโควิทกับเมืองไทยประกันภัย ยื่นเอกสารเคลมประกันภัยโควิทกับเมืองไทยประกันภัย ตั้งแต่วันที่ 21 2 2565 ได้แค่e mailตอบกลับอัตโนมัติว่ารับเอกสารแล้ว หลังจากนั่นจนตอนนี้เงียบหายไปเลย ผ่านมาก็2เดือนกว่าแล้ว ทำอย่างไรได้บ้างค่ะ หนักใจมากก ใครเป็นเหมือนกันบ้าง,"ยื่นเอกสารขอเคลมประกันโควิดกับเมืองไทยประกันภัยตั้งแต่วันที่ 21 กุมภาพันธ์ 2565
ได้รับอีเมลยืนยันรับเอกสารแบบอัตโนมัติ แต่ไม่มีการติดตามผลเพิ่มเติม
ผ่านมาแล้วกว่าสองเดือนยังไม่มีข้อสรุปหรือการแจ้งผลใดๆ จากบริษัท
ผู้ร้องเรียนรู้สึกกังวลและต้องการความชัดเจนในการดำเนินการเคลม",eval,Hybrid,2022,4,4,1.0,0.5673447251319885,0.4683496554692586,0.5316503445307414
41455974,โดนปฏิเสธการเคลมชดเชยรายได้จากทิพยประกันภัยแล้ว มีใครไปยื่นเรื่องที่ คปภ. บ้างหรือยังคะ ต้องทำแบบไหนแนะนำหน่อยค่ะ ท่านที่ถูกบริษัท ทิพยประกันภัย ปฏิเสธการจ่ายค่าชดเชยรายได้แล้ว ไม่ทราบว่ามีท่านไหนไปยื่นร้องเรียนที่ คปภ บ้างรึยังคะ อยากได้ข้อมูลเอกสารที่ต้องใช้ไปร้องเรียน คปภ ท่านไหนทราบช่วยแนะนำหน่อยนะคะ หนูถูกปฏิเสธการเคลม นอน hospitel ไม่เข้าค่าย 1 5 ข้อค่ะ,"ผู้ร้องเรียนถูกบริษัททิพยประกันภัยปฏิเสธการเคลมชดเชยรายได้
มีความประสงค์จะยื่นเรื่องร้องเรียนต่อสำนักงานคณะกรรมการกำกับและส่งเสริมการประกอบธุรกิจประกันภัย (คปภ.)
สอบถามข้อมูลเกี่ยวกับเอกสารและขั้นตอนการยื่นเรื่องร้องเรียน
เนื่องจากประสบเหตุนอนโรงพยาบาลโดยไม่สามารถเข้าค่ายได้ตามเงื่อนไขที่ระบุไว้",eval,Hybrid,2022,8,4,2.0,0.4199283123016357,0.4520411888758341,0.5479588111241659
40468112,ยกเลิกประกัน ต้องการยกเลิกประกันของccubทำไงดีหักเงินในบันชีไม่บอกล่วงหน้าเพราะเคยตกลงกันไว้ว่าจะหักตอนสิ้นเดือนแต่นี่เพิ่งจะวันที่22 1 64เองจึงอยากจะขอยกเลิกประกันดีกว่า,"ผู้ร้องเรียนต้องการยกเลิกกรมธรรม์ประกันภัยที่ได้ชำระเงินผ่านบัญชี
ระบุว่ามีการหักเงินจากบัญชีเมื่อวันที่ 22 มิถุนายน 2564 โดยไม่มีการแจ้งล่วงหน้า
ซึ่งขัดกับข้อตกลงเดิมที่ระบุว่าจะหักเงินในช่วงสิ้นเดือนเท่านั้น
จึงขอให้ดำเนินการยกเลิกกรมธรรม์ประกันภัยดังกล่าว",eval,Hybrid,2021,2,4,0.5,0.6394909620285034,0.3438112338383992,0.6561887661616008
39184501,มีใครเคยยกเลิกประกันอัคคีภัย ของบ้านที่ผ่อนอยู่มั้ยครับ กฎหมายไม่ได้บังคับใช่มั้ยครับ แต่เหมือนธนาคารบังคับให้ทำ เคยมีใครยกเลิกได้มั้ยครับ,"ผู้ร้องเรียนสอบถามถึงการยกเลิกกรมธรรม์ประกันอัคคีภัยสำหรับบ้านที่อยู่ในสัญญาผ่อนชำระ
กฎหมายไม่ได้บังคับให้ต้องทำประกันอัคคีภัย แต่ธนาคารมักกำหนดให้ทำเป็นเงื่อนไข
ผู้ร้องเรียนสงสัยว่าสามารถยกเลิกได้จริงหรือไม่ และต้องการทราบประสบการณ์จากผู้อื่น
จึงขอข้อมูลเพิ่มเติมเกี่ยวกับกรณีที่เคยยกเลิกได้สำเร็จ",eval,Hybrid,2019,3,4,0.75,0.512917697429657,0.5209006468454996,0.4790993531545003
40962363,ผ่าซีสต์ไขมันใต้ผิวหนัง เครมประกัน AXA ได้ไหมครับ ใครเคยมีประสบการณ์ ผ่าซีสต์ไขมันใต้ผิวหนังแล้วเครมประกัน AXA ได้ไหมครับ พอดีทำไว้,"ผู้ร้องขอสอบถามว่าการผ่าตัดซีสต์ไขมันใต้ผิวหนังสามารถเคลมประกัน AXA ได้หรือไม่
ต้องการทราบประสบการณ์จากผู้ที่เคยทำ procedures เดียวกันและเคลมสำเร็จ
เนื้อหาไม่ได้ระบุผลลัพธ์จากการเคลม แต่แสดงความกังวลเกี่ยวกับสิทธิประโยชน์ประกัน
คำถามนี้มุ่งขอข้อมูลสนับสนุนจากบุคคลภายนอกที่มีประสบการณ์ตรง",eval,Hybrid,2021,4,4,1.0,0.4636316001415252,0.5127574602762858,0.4872425397237142
41589483,ใครรู้ข้อมูลบ้างว่า i healthy ของ AXA จะปรับเพิ่มเบี้ย 15 จริงหรือไม่ ปรับครั้งนี้ไม่ใช่การปรับขึ้นตามปีกรมธรรม์นะครับ ใครมีข้อมูลช่วยแชร์หน่อยนะครับ .,"มีข้อสงสัยว่าบริษัท AXA จะปรับเพิ่มเบี้ยประกัน i Healthy จำนวน 15 บาท
การปรับครั้งนี้ไม่ได้เกิดจากปัจจัยการปรับตามรอบกรมธรรม์
ผู้ร้องเรียนขอข้อมูลยืนยันจากผู้ที่มีความรู้ในเรื่องนี้
จึงขอความร่วมมือในการแชร์ข้อมูลเพื่อตรวจสอบความถูกต้อง",eval,Hybrid,2022,3,4,0.75,0.7083442211151123,0.3049757083257039,0.6950242916742961
39124417,ถามคนใช้ new civic 1.8 E 1.8 EL เบี้ยประกันรถเท่าไหร่กันบ้างรถ จขกท ใช้ civic 1.8 EL กำลังจะต่อประกันปีที่ 4 แต่ปีนี้เบี้ยแพงขึ้นเยอะมาก โบรคเกอร์บอกปีนี้ civic ถูกปรับเบี้ยเพิ่มทุกที่ เดิมจขกท ใช้ประกันชั้น 1 วิริยะ ซ่อมห้าง ไม่มีเคลม ปีที่แล้วเบี้ย 19 xx ปีนี้ เบี้ยเพิ่มมาเป็น 24 xx บาท เริ่มสู้ไม่ไหว แต่ไปดูเจ้าอื่นก็ 20k อัพหมด เลยสงสัยว่าราคานี้ปกติมั๊ยคะ แต่ละคนใช้ประกันของที่ไหน เบี้ยเท่าไหร่กันบ้าง,"ผู้ร้องเรียนใช้รถยนต์ Honda Civic 1.8 EL และกำลังจะต่อประกันชั้น 1 เป็นปีที่ 4
เบี้ยประกันในปีนี้เพิ่มขึ้นอย่างมาก จากเดิม 19,xxx บาท เป็น 24,xxx บาท
แม้ไม่มีประวัติเคลมและซ่อมศูนย์ แต่พบว่าเบี้ยจากบริษัทอื่นก็อยู่ในระดับ 20,xxx บาทขึ้นไป
จึงสอบถามว่าราคาดังกล่าวเป็นมาตรฐานหรือไม่ และผู้ใช้รายอื่นใช้บริษัทประกันใดบ้าง",eval,Hybrid,2019,8,4,2.0,0.5504900217056274,0.4748686949412027,0.5251313050587972
40462867,จะยกเลิกประกันสะสมทรัพย์ ตัดบัตรเครดิต central the 1 ของAllianz Ayudhya ยังไงดีคะ ตามกระทู้เลยค่ะ พลาดเองแหละค่ะ เขาโทรมาเมื่อวาน 19 ม.ค. 64 หมาดๆ โทรมาตอนเย็นๆ รถติดๆเสียงดังๆ พลาดตอบตกลงไป เลยอยากยกเลิก โทรไปเช็คเขาว่าข้อมูลยังไม่เข้าระบบไป ต้องทำยังไงดีคะถึงจะยกเลิกได้ถ้าข้อมูลมันเข้าระบบไป หรือต้องโทรไปอายัดบัตรเครดิตthe 1 ชั้วคราวก่อนดีคะ หรือมีความคิดเห็นยังไงกับประกันสะสมทรัพย์ พึ่งอ่สนมาก็เห็นคนยกเลิกเยอะค่ะ รบกวนด้วยนะคะ,"ผู้ร้องเรียนพลาดการตอบรับการสมัครประกันสะสมทรัพย์ผ่านบัตรเครดิต Central The 1 ของ Allianz Ayudhya เมื่อวันที่ 19 มกราคม 2564
หลังจากนั้นพบว่าข้อมูลยังไม่เข้าระบบ และต้องการยกเลิกการสมัครดังกล่าว
สอบถามแนวทางในการยกเลิกหรือควรอายัดบัตรเครดิตชั่วคราวก่อนหรือไม่
พร้อมขอคำแนะนำเพิ่มเติมเกี่ยวกับผลิตภัณฑ์ประกันสะสมทรัพย์เนื่องจากเห็นผู้ใช้จำนวนมากยกเลิก",eval,Hybrid,2021,7,4,1.75,0.6153217554092407,0.4595105648040771,0.5404894351959229
39158221,ยกเลิกประกันที่โทรมาให้เราทำ ตัวแทนจำหน่ายประกัน โทรให้เราทำประกัน เราก็เผลอทำไป แล้วพอกรมธรรส่งมาถึงอ่านไม่เหมือนที่แจ้ง แล้วยังหักเงินในบัตรเครดิตไป โดนเราไม่รุ้เลยว่าโดนหัก . ไปอ่านกระทู้อื่นมาให้ส่งเมลไป เราก็ส่งไปแล้ว อยากรู้ว่าต้องทำยังไงต่อ Allianz Ayudhya,"ผู้ร้องเรียนระบุว่าได้ทำประกันโดยไม่ตั้งใจหลังจากตัวแทนจำหน่ายโทรมาเสนอ
พบว่ารายละเอียดในเอกสารที่ได้รับไม่ตรงกับที่แจ้งไว้ตอนสมัคร
มีการหักเงินจากบัตรเครดิตโดยไม่ได้รับการแจ้งเตือนหรือยืนยัน
ผู้ร้องเรียนจึงขอคำแนะนำในการดำเนินการต่อไปกับบริษัท Allianz Ayudhya",eval,Hybrid,2019,8,4,2.0,0.5109239816665649,0.336839477221171,0.663160522778829
32168365,ประกันรถยนต์ชั้น1 กำลังจะหมดอายุ จะเลือกของเดิมวิริยะ หรือเลือกที่ใหม่คุ้มภัยดีคะ เท่าที่เช็คกับศูนย์ เห็นศูนย์บอกว่าคุ้มภัยดี คนนิยมใช้กันมาก เคลมประกันง่ายที่สุด พอๆกันกับวิริยะ แต่วิริยะเบี้ยประกันแพงกว่า เราเลย อยากถามความเห็นหลายๆคนว่า ทั้ง2แบบนี้ เพื่อนเลือกแบบไหนกันคะ,"ประกันรถยนต์ชั้นหนึ่งที่ใช้อยู่ใกล้หมดอายุ และกำลังพิจารณาเลือกระหว่างวิริยะกับคุ้มภัย
คุ้มภัยได้รับความนิยมและมีชื่อเสียงในเรื่องเคลมง่าย พร้อมเบี้ยที่ถูกกว่าวิริยะ
วิริยะมีชื่อเสียงดีเช่นกันแต่มีค่าเบี้ยสูงกว่า
ผู้ร้องขอความเห็นจากผู้อื่นเกี่ยวกับการเลือกประกันแต่ละเจ้า",eval,Hybrid,2014,8,4,2.0,0.4644542634487152,0.4407335519790649,0.5592664480209351
38963100,ประกันรถธนชาตแย่มากประสบการส่วนตัว ประกันรถธนชาติห่วยมากเนื่องด้วยรถผมทุกคันอื่นถอยหลังชนแล้วมีคู่กรณีผมทำเรื่องเคลมศูนย์รถผมเป็นรอยบุบเป็นรอยถลอกตรงกันชนหน้าผมทำเรื่องขอเปลี่ยนอะไรใหม่แต่ประกันธนชาติทำได้แค่ให้ผมซ่อมห่วยแตกมากๆประกันอ้างว่ากันซนรถผมแค่ถลอกแต่จริงๆแล้วรถผมบุ๊คด้วยเป็นรอยถลอกด้วยมันกินเข้าเนื้อเลยและพนักงานไม่เคยติดตามผมเลยผมโทรติดตามตลอดประกันบอกว่าจะโทรหาผมก็ไม่โทรประกันแบบนี้ผมแนะนำให้ทำเจ้าอื่นครับแนะนำคนที่คิดจะทำประกันดูเจ้าอื่นเลยครับ,"ผู้ร้องเรียนประสบปัญหาในการทำเรื่องเคลมกับบริษัทประกันภัยธนชาติหลังจากเกิดอุบัติเหตุรถถอยหลังชน
บริษัทประกันอนุมัติการซ่อมแต่ให้ผลลัพธ์ไม่ตรงตามความคาดหวัง โดยระบุว่าเสียหายเพียงเล็กน้อย ทั้งที่ความเสียหายลามถึงเนื้อโครงสร้าง
พนักงานประกันไม่ติดตามผลการดำเนินการ และไม่ปฏิบัติตามคำสัญญาในการติดต่อกลับอย่างสม่ำเสมอ
ผู้ร้องเรียนจึงแนะนำให้พิจารณาใช้บริการประกันภัยรายอื่นแทน เนื่องจากบริการไม่เป็นไปตามมาตรฐาน",eval,Hybrid,2019,4,4,1.0,0.5574445724487305,0.5650304158528645,0.4349695841471355
39961028,แจ้งเคลมประกันรถยนต์มาจะครบ1เดือนแล้ว ยังรอทางประกันอนุมัติอยู่เลย ตามหัวข้อเลยค่ะ ประกันรถยนต์ชั้น1 ของLMG ทำไมถึงช้าขนาดนี้ แจ้งเคลมจะครบ1เดือนแล้ว ยังรออนุมัติอยู่เลย ประกันก็จะหมด แล้วด้วย ทำยังไงดีค่ะ,"การเคลมประกันรถยนต์ชั้น 1 ของ LMG ได้ร้องเรียนมาแล้วกว่า 1 เดือน
แต่ยังไม่ได้รับการอนุมัติจากบริษัทประกันภัย
ขณะนี้กรมธรรม์ประกันใกล้หมดอายุลงแล้ว
ผู้ร้องเรียนจึงขอความช่วยเหลือในการเร่งดำเนินการตรวจสอบและอนุมัติเคลม",eval,Hybrid,2020,6,4,1.5,0.5848854184150696,0.3092171351114908,0.6907828648885092
41624784,ถ้าเราไม่มีเงินจ่ายค่าประกันอุบัติเหตุรายเดือน ในรอบบิลถัดไป ถ้าเราไม่มีเงินจ่ายค่าประกันอุบัติเหตุรายเดือน ในรอบบิลถัดไป ประกันจะถูกยกเลิกไหมคะ ถ้าประกันนั้นถูกยกเลิกไปแล้ว เราจะไม่ต้องจ่ายค่าประกันรายเดือนนั้นแล้วใช่ไหมคะ และประกันจะไม่ได้คุ้มครองแล้วใช่ไหมคะ,"หากไม่มีเงินจ่ายค่าประกันอุบัติเหตุรายเดือนในรอบบิลถัดไป อาจส่งผลให้ประกันถูกยกเลิก
การยกเลิกประกันจะทำให้ไม่ต้องชำระค่าเบี้ยประกันรายเดือนต่อไป
เมื่อประกันถูกยกเลิกแล้ว จะไม่ได้รับความคุ้มครองจากกรมธรรม์นั้นอีกต่อไป
ผู้เอาประกันควรตรวจสอบเงื่อนไขการยกเลิกและผลกระทบจากกรมธรรม์โดยตรง",eval,Hybrid,2022,3,4,0.75,0.4640716314315796,0.4705307483673095,0.5294692516326904
37086935,ยกเลิกประกันชีวิตชับบ์สามัคคีประกันภัยยังไง ผมต้องการยกเลิกการทำประกันครับ หลังจากการทำบัตรกรุงศรี first choice ไม่ถึงเดือน ก็มีพนักงานจากบริษัทชับบ์สามัคคีประกันภัยโทรมาถามข้อมูล คือเขารู้ข้อมูลเราหมดเลยอ่ะ พนักงานก็พูด บลาๆ ละก็บอกให้ยืนยันสมัครประกัน เราก็งง แล้วเราต้องการยกเลิกยังไงครับ,"ผู้ร้องเรียนประสงค์จะยกเลิกการสมัครประกันภัยหลังจากได้รับบัตรเครดิตกรุงศรี First Choice ไม่ถึงหนึ่งเดือน
พนักงานบริษัทชับบ์สามัคคีประกันภัยติดต่อมาโดยทราบข้อมูลส่วนตัวทั้งหมดของผู้ร้องเรียน
พนักงานขอให้ผู้ร้องเรียนยืนยันการสมัครประกัน ซึ่งทำให้เกิดความสับสน
ผู้ร้องเรียนจึงต้องการทราบวิธีการยกเลิกการสมัครดังกล่าว",eval,Hybrid,2017,6,4,1.5,0.522266685962677,0.3888684511184692,0.6111315488815308
38888814,การเคลมกรณีเสียชีวิต ส่งเบี้ยเป็นราย 6 เดือน เจ้าของกรมธรรม์เสียชีวิตในช่วง 6 เดือนแรกที่คุ้มครอง ส่งเคลมไปบริษัทฯบอกว่าต้องจ่ายค่าเบี้ยอีก 6 เดือนที่เหลือเพื่อให้ครบปีก่อนถึงจะเคลมได้ อยากทราบว่าเพราะอะไรถึงต้องจ่ายเพิ่มอีก 6 เดือนที่เหลือทั้งที่เจ้าของกรมธรรม์ก็เสียชีวิตไปแล้ว เท่ากับอีก 6 เดือนที่ต้องจ่ายเพิ่มไม่ได้คุ้มครองอะไรเลย,"เจ้าของกรมธรรม์เสียชีวิตภายใน 6 เดือนแรกของการคุ้มครอง
บริษัทประกันแจ้งว่าต้องชำระเบี้ยประกันอีก 6 เดือนเพื่อให้ครบปีก่อนจึงจะเคลมได้
ผู้ร้องเรียนสอบถามเหตุผลที่ต้องจ่ายเบี้ยเพิ่มในช่วงเวลาที่ไม่มีการคุ้มครอง
เนื่องจากเจ้าของกรมธรรม์เสียชีวิตไปแล้ว จึงไม่สามารถได้รับประโยชน์จากการจ่ายเบี้ยเพิ่มนั้น",eval,Hybrid,2019,5,4,1.25,0.6303467750549316,0.4095850388209024,0.5904149611790975
39832359,ขอสอบถามเรื่องหนังสือขอยกเลิกประกันทางโทรศัพท์ คือผมจะยกเลิกประกันที่ติดต่อมาทางโทรศัพท์ แล้วก็ลองหาข้อมูลดู ก็เห็นว่าต้องทำหนังสือขอยกเลิก แล้วก็ส่งไปรษณีย์ไปหา บริษัทประกัน พร้อมสำเนาบัตรและกรมธรรม์ ทีนี้ผมอยากสอบถามว่า ในหนังสือขอยกเลิกต้องเขียนยังไง ต้องแจ้งอะไรบ้างน่ะครับ เพิ่งได้กรมธรรม์มาไม่ถึง 30 วันครับ,"ผู้ร้องขอสอบถามวิธีการเขียนหนังสือขอยกเลิกประกันที่ได้รับจากสายโทรศัพท์
ระบุว่าเพิ่งได้รับกรมธรรม์ไม่ถึง 30 วัน และต้องการยกเลิกตามขั้นตอนที่พบในข้อมูลออนไลน์
กล่าวถึงข้อกำหนดในการส่งเอกสาร เช่น หนังสือขอยกเลิก สำเนาบัตรประชาชน และสำเนากรมธรรม์
สอบถามรายละเอียดที่ควรระบุในหนังสือเพื่อให้การยกเลิกเป็นไปตามเงื่อนไขของบริษัทประกัน",eval,Hybrid,2020,6,4,1.5,0.6011796593666077,0.430009126663208,0.569990873336792
37894239,อยากยกเลิกกรมธรรม์ของกรุงไทยแอกซ่า ทำไงบ้างคะ สมัครประกันแบบ25ปีไปคะ พึ่งจ่ายเงินไป3เดือน เดือนละ200บาทสามารถยกเลิกได้เลยไหมแล้วต้องเสียค่าอะไรอีกป่าว,"ผู้ร้องขอต้องการยกเลิกกรมธรรม์ประกันภัยระยะ 25 ปีที่สมัครกับกรุงไทยแอกซ่า
ได้ชำระเบี้ยประกันไปแล้ว 3 เดือน เดือนละ 200 บาท
สอบถามว่าสามารถยกเลิกได้ทันทีหรือไม่ และต้องเสียค่าใช้จ่ายเพิ่มเติมใด ๆ หรือไม่",eval,Hybrid,2018,1,3,0.3333333333333333,0.756650984287262,0.5993155241012573,0.4006844758987427
39169908,จะยกเลิกประกันชับบ์ จากบัตรกรุงศรีเฟริส์ช้อยส์ จะยกเลิกประกันชับบ์สามัคคีจากบัตรเครดิตกรุงศรีเฟิร์สช้อยส์ คือไม่อยากทำประกันแล้ว ต้องทำยังไงหรอ,"ผู้ร้องขอต้องการยกเลิกประกันชั้นนำ (ชับบ์) ที่ถูกรวมไว้กับบัตรเครดิตกรุงศรีเฟิร์สช้อยส์
ไม่ประสงค์จะใช้บริการประกันดังกล่าวอีกต่อไป
สอบถามขั้นตอนการยกเลิกประกันอย่างถูกต้องและเป็นทางการ
ต้องการคำแนะนำในการดำเนินการตามกระบวนการที่เหมาะสม",eval,Hybrid,2019,2,4,0.5,0.5306616425514221,0.4286822477976481,0.5713177522023519
32705678,กำลังจะตัดสินใจทำประกันออมทรัพย์ทางโทรศัพท์ เชื่อถือได้ไหมครับ คือตอนนี้มีประกันติดต่อมา เป็นประกันออมทรัพย์ เป็นการออมเงินระยะสั้น 5 ปี ด้วยอัตราดอกเบี้ยขึ้นต่ำ 4 ต่อปี ลดหย่อนภาษีได้ คืออยากจะตัดสินใจหาวิธีออมเงินแบบังคับตัวเองอยู่พอดี และกะจะทำสัก 700 บาทต่อเดือน 5 ปี 700 x 12 x 5 42000 บาท เฉพาะ เงินของเราที่จะเอาไปฝาก อยากจะถามว่าเราจะมั่นใจการขายประกันทางโทรศัพท์ได้แค่ไหนครับ เพราะผมกำลังจะนำเงินแสน ไปฝากกับคนที่ไม่เคยเห็นหน้า และทำสัญญาผ่านทางโทรศัพท์ กลัวมีปัญหาตอนจะเคลม รบกวนขอคนมีประสบการณ์ช่วยแชร์หน่อยนะครับ,"ผู้ร้องเรียนกำลังพิจารณาทำประกันออมทรัพย์ผ่านทางโทรศัพท์ โดยมีแผนออมเดือนละ 700 บาทเป็นเวลา 5 ปี
ประกันดังกล่าวเสนออัตราดอกเบี้ยขั้นต่ำ 4% ต่อปี และสามารถลดหย่อนภาษีได้
ผู้ร้องเรียนกังวลเกี่ยวกับความน่าเชื่อถือของการขายประกันทางโทรศัพท์ เพราะไม่เคยพบหน้าเจ้าหน้าที่โดยตรง
เขาต้องการคำแนะนำจากผู้มีประสบการณ์เพื่อประเมินความเสี่ยงหากเกิดปัญหาในการเคลมในอนาคต",eval,Hybrid,2014,6,4,1.5,0.6588907837867737,0.4272593259811401,0.5727406740188599
37095944,มีประกันอุบัติเหตุอันไหนที่ไม่ต้องสำรองจ่ายบ้างมั้ยคะ ส่วนตัวไม่มีประกันสังคมค่ะตอนนี้ มีประกันของเอไอเอที่ขึ้นต้นด้วยรหัส T อยู่หนึ่งกรมธรรม์ ตัวแทนมาขายบอกคุ้มครองทุกอย่างแต่เอาเข้าจริงรักษาพยาบาลนอนโรงพยาบาลได้อย่างเดียว เลยอยากได้ประกันอุบัติเหตุที่มาพร้อมกับบัตรเอทีเอ็มซักตัวค่ะ หรืออื่นๆก็ได้ ไปรักษาพยาบาลอุบัติเหตุไม่ต้องสำรองจ่ายก็พอค่ะ พอจะมีตัวไหนแนะนำบ้างคะจะได้ไปทำโดยเร็วเลย พรุ่งนี้เลย วันนี้ไปฉีดยาพิษสุนัขบ้ามาค่ะโดนไป 1170 บาทเบิกไม่ได้เสียใจมาก,"ผู้ร้องเรียนไม่มีประกันสังคมและมีกรมธรรม์ประกันจากเอไอเอที่คุ้มครองเฉพาะการรักษาพยาบาลในโรงพยาบาล
ตัวแทนขายประกันระบุว่าคุ้มครองทุกกรณี แต่ความจริงแล้วไม่ครอบคลุมการรักษาอื่น ๆ นอกเหนือจากการนอนโรงพยาบาล
ผู้ร้องเรียนต้องการประกันอุบัติเหตุที่ไม่ต้องสำรองจ่าย และมีบริการบัตรเอทีเอ็มหรือช่องทางเบิกจ่ายสะดวก
เนื่องจากเพิ่งฉีดวัคซีนพิษสุนัขบ้าและจ่ายเงินเอง 1,170 บาท โดยไม่สามารถเบิกค่าใช้จ่ายได้",eval,Hybrid,2017,6,4,1.5,0.5811409950256348,0.4721755186716715,0.5278244813283285
39709205,เรื่องประกันcovid 19ของทิพยประกันภัย พอดีซื้อประกันใน true wallet แล้วโทรไปเช็ค เจ้าหน้าที้ไม่ว่างตลอดเลยทำไงดีครับ จะรู้ได้ไงว่าเงินเข้า แต่หักแล้ว แล้วถ้าเกิดเหตุฉุกเฉิน ติดเชื้อจะทำไง,"ผู้ร้องเรียนซื้อประกัน COVID-19 ผ่าน True Wallet และต้องการตรวจสอบสถานะการชำระเงิน
แต่ไม่สามารถติดต่อเจ้าหน้าที่ของทิพยประกันภัยได้เนื่องจากสายไม่ว่าง
ผู้ร้องเรียนกังวลว่าจะไม่ทราบว่าเงินได้รับการหักหรือไม่ หากเกิดเหตุฉุกเฉินจากการติดเชื้อจะไม่มีความคุ้มครอง
จึงขอความช่วยเหลือในการยืนยันสถานะการสมัครและข้อมูลการชำระเงิน",eval,Hybrid,2020,6,4,1.5,0.4446683228015899,0.4429341554641723,0.5570658445358276
35199087,ประกันสุขภาพ พอดีผมอยากทำประกันชีวิต เน้นสุขภาพคับ ผม อายุ 20 ไม่มีโรคประจำตัว ส่วนมากถ้าเป้นก้เปนไข้หวัดทั่วๆไป แล้วเวลาไปหาหมอไม่ต้องสำรองจ่ายอะคับ มีแบเบี้ยถูกๆบ้างมั้ยคับ,"ผู้ร้องขอข้อมูลเกี่ยวกับผลิตภัณฑ์ประกันชีวิตที่เน้นด้านสุขภาพ
อายุ 20 ปี ไม่มีโรคประจำตัว และมีประวัติการเจ็บป่วยเพียงแค่ไข้หวัดทั่วไป
ต้องการทราบข้อมูลเบี้ยประกันที่มีราคาประหยัดและไม่ต้องจ่ายค่ารักษาพยาบาลเอง
สอบถามเพื่อขอคำแนะนำผลิตภัณฑ์ที่เหมาะสมกับความต้องการในเบื้องต้น",eval,Hybrid,2016,5,4,1.25,0.5301328897476196,0.3343036969502767,0.6656963030497234
35574580,ยกเลิกประกันชีวิตก่อนกำหนด เราทำประกันชีวิตของไทยประกันชีวิตมาประมาณ 4 ปี แล้วอยากยกเลิก ไม่อยากทำแล้ว ยกเลิกได้ไหม แล้วจะมีผลอะไรไหม จะต้องทำยังไงบ้างค่ะ,"ผู้ร้องขอต้องการยกเลิกกรมธรรม์ประกันชีวิตที่ทำไว้กับบริษัทไทยประกันชีวิตหลังใช้บริการมาประมาณ 4 ปี
ผู้ร้องสอบถามถึงขั้นตอนและเงื่อนไขในการยกเลิกก่อนกำหนด
พร้อมกังวลเกี่ยวกับผลกระทบหรือผลเสียที่อาจเกิดขึ้นจากการยกเลิก
คำถามนี้ต้องการทราบว่าสามารถยกเลิกได้หรือไม่ และมีผลอย่างไรบ้าง",eval,Hybrid,2016,7,4,1.75,0.5433893799781799,0.4338356653849283,0.5661643346150717
39122077,จ่ายเบี้ยประกันไปแล้ว วันนี้เซลล์โทรมาขอเพิ่มส่วนต่าง ทำไงดีคะ พอดีประกันหมดอายุสิ้นเดือนที่แล้วค่ะ ก่อนหน้าที่ประกันจะหมดอายุ2วัน ได้ต่อประกันไปแล้ว แล้ววันนี้เซลล์บอกว่า เบี้ยที่จ่ายไปยังไม่ได้อัพเดพ จำเป็นต้องจ่ายเพิ่มอีก3พันกว่า ควรทำยังไงดีคะ ปล.เดือน5ได้มีการเคลมรถไปด้วย ซึ่งส่วนนี้ทำให้เบี้ยเพิ่ม แต่ทางเราไม่รู้เลยและได้เช็คเบี้ยกับทางประกันช่วงเดือน7และตกลงกับเบี้ยที่เขาเสนอ พอวันนี้เขามาขอเพิ่มอีก ก็เลยไม่รู้ว่าต้องทำยังไงคะ,"จ่ายเบี้ยประกันภัยเรียบร้อยแล้วเมื่อไม่กี่วันก่อนที่กรมธรรม์จะหมดอายุ
แต่ในวันนี้เซลล์ติดต่อกลับมาแจ้งว่าต้องจ่ายเพิ่มอีกประมาณ 3,000 บาทเนื่องจากข้อมูลยังไม่อัปเดต
มีการเคลมรถในเดือนพฤษภาคม ซึ่งอาจส่งผลให้เบี้ยเพิ่ม แต่ไม่ได้รับแจ้งล่วงหน้า
ผู้ร้องเรียนไม่แน่ใจว่าควรดำเนินการอย่างไร เนื่องจากเคยตรวจสอบและตกลงเบี้ยแล้วในช่วงเดือนกรกฎาคม",eval,Hybrid,2019,8,4,2.0,0.4514094889163971,0.4427371819814046,0.5572628180185955
32234539,สอบถามเรื่องเอารถเข้าซ่อมเคลมประกันหน่อยครับ คือว่าพนักงานเคลมออกใบเคลมให้ตั้งแต่พฤษภาคมอะครับ แต่ผมยังไม่อยากเคลมรอให้เป็นรอยเยอะ ๆ ก่อน กรณีนี้ผมต้องแจ้งบริษัทประกันเพื่อให้พนักงานเคลมมาเคลมใหม่ใช่ปะครับ เพราะว่ามันมีรอยเพิ่มมาที่นอกเหนือจากที่ระบุไว้ในใบเคลมอันแรกหรือสามารถเอารถเข้าอู่ได้เลยครับ รบกวนสอบถามเพื่อน ๆ ชาวพันทิพย์ทีครับ,"ผู้ร้องขอสอบถามการเคลมประกันรถยนต์หลังจากได้รับใบเคลมตั้งแต่เดือนพฤษภาคม
แต่ยังไม่ดำเนินการซ่อมเนื่องจากต้องการรอให้รอยเสียหายลุกลามก่อน
ปัจจุบันมีรอยเสียหายเพิ่มเติมนอกเหนือจากที่ระบุในใบเคลมเดิม
จึงต้องการทราบว่าควรแจ้งบริษัทประกันเพื่อขอใบเคลมใหม่หรือสามารถนำรถเข้าอู่ได้ทันที",eval,Hybrid,2014,4,4,1.0,0.4298275411128998,0.5877217849095662,0.4122782150904338
37824571,มีประกันสุขภาพเหมาจ่ายเจ้าไหนบ้างครับ ที่หากอนาคตเกิดเคลมเยอะหรือเป็นโรคร้ายแรง จะยังต่อสัญญาให้ทุกปี คือถ้าปิดบังประวัติสุขภาพแล้วโดนบอกล้าง อันนี้ก็เป็นเรื่องปกติ แต่เท่าที่อ่านผ่านๆจากกระทู้ในพันทิป เหมือนเคลมเยอะขึ้นมา ปีถัดไปก็ไม่ต่อสัญญาซะงั้น มีที่ไหนบ้างครับที่พอไว้ใจได้ว่าจะไม่เป็นแบบดังกล่าว สำหรับประกันสุขภาพแบบเหมาจ่าย กรุงไทยแอกซ่า i healthy เมืองไทย elite health อลิอันซ์ first class ปลดล็อค extra เอฟ ดับบลิว ดี the exclusive care แปซิฟิคครอส ultima ไทยวิวัฒน์ star health,"มีผู้ร้องเรียนเกี่ยวกับความไม่แน่นอนในการต่อสัญญาประกันสุขภาพแบบเหมาจ่าย หากมีการเคลมบ่อยหรือป่วยเป็นโรคเรื้อรัง
ผู้ร้องเรียนกังวลว่าบริษัทอาจไม่ต่อสัญญาในปีถัดไป แม้ไม่มีการปิดบังประวัติสุขภาพ
จึงสอบถามว่ามีบริษัทใดบ้างที่ยังคงต่อสัญญาให้ได้โดยไม่เลือกปฏิบัติตามประวัติการใช้บริการ
รายชื่อบริษัทที่กล่าวถึง ได้แก่ กรุงไทยแอกซ่า i Healthy, เมืองไทย Elite Health, อลิอันซ์ First Class, ปลดล็อค Extra F, DWF D The Exclusive Care, แปซิฟิคครอส Ultima และไทยวิวัฒน์ Star Health",eval,Hybrid,2018,4,4,1.0,0.6168410778045654,0.4658996264139811,0.5341003735860189
39897335,ขอยกเลิกประกันคุ้มครองภาระหนี้ของกรุงศรี คืออกรถมือสองมา แล้วกรุงศรีให้ทำประกันคุ้มครองภาระหนี้ด้วย แต่ไม่ต้องการทำ ไปขอยกเลิกที่สาขา สาขาบอกต้องติดต่อเจ้าหน้าที่ที่ทำสินเชื่อ แล้วก็หายไปเลย ติดต่อไว้เป็นอาทิตย์แล้ว ถ้าไม่มีเจ้าหน้าที่ติดต่อกลับเลย จะไปสอบถามที่ คปภ เลยดีมั้ย,"ผู้ร้องเรียนขอยกเลิกประกันคุ้มครองภาระหนี้ที่กรุงศรีบังคับทำเมื่อซื้อรถมือสอง
ได้ไปยื่นคำร้องขอยกเลิกที่สาขา แต่สาขาแจ้งให้ติดต่อเจ้าหน้าที่ผู้จัดการสินเชื่อแทน
ผ่านมาหลายวันแล้ว ยังไม่ได้รับการติดต่อกลับจากเจ้าหน้าที่
จึงพิจารณาดำเนินการติดต่อสำนักงานคณะกรรมการกำกับหลักทรัพย์และตลาดหลักทรัพย์ (คปภ.) เพื่อขอความช่วยเหลือ",eval,Hybrid,2020,4,4,1.0,0.553054690361023,0.4096904993057251,0.5903095006942749
40845766,ยกเลิกกรมธรรม์ยังไงไม่ให้ตัวแทนรู้ หลายคนคงเคยเจอใช่มั้ยคะ มีคนรู้จักเป็นตัวแทนประกัน ไม่ว่าจะเป็นประกันรถ ประกันชีวิต ประกันออมทรัพย์ บลาๆ เขามาชวนทำบ้าง มาขอให้ทำบ้าง บางทีเราเลี่ยงไม่ได้ก็ต้องยอมทำไป พอดีช่วงนี้การเงินไม่ค่อยดี ขาดสภาพคล่อง อยากจะลดค่าใช้จ่ายที่ไม่จำเป็นน่ะค่ะ เลยอยากยกเลิกกรรมธรรม์บางตัวออกไปบ้าง แต่ไม่อยากให้ตัวแทนรู้ว่าเรายกเลิกไปแล้ว พอจะมีวิธีมั้ยคะ,"ผู้ร้องเรียนต้องการยกเลิกกรมธรรม์ประกันหลายประเภทเนื่องจากสถานการณ์การเงินที่ไม่เอื้ออำนวย
ผู้ร้องเรียนเคยถูกตัวแทนประกันมาแนะนำหรือขอให้ทำกรมธรรม์ และรู้สึกว่าเลี่ยงไม่ได้ในบางครั้ง
ขณะนี้ต้องการลดค่าใช้จ่ายที่ไม่จำเป็นโดยยกเลิกกรมธรรม์บางฉบับ
แต่ไม่ต้องการให้ตัวแทนทราบว่าได้ยกเลิกไปแล้ว และสอบถามแนวทางในการดำเนินการโดยไม่ให้รู้ตัว",eval,Hybrid,2021,8,4,2.0,0.5600969791412354,0.430652101834615,0.569347898165385
39500732,สนใจประกันสุขภาพค่ายไหนดี รบกวนแนะนำประกันสุขภาพหน่อยค่ะ ประกันหลักทุน 20000 อายุ 28 สุขภาพดี สัญญาเพิ่มเติม เข้ารักษา IPD ค่าห้อง 400 เอาค่ารักษาพยาบาลที่ cover OPD ไม่ซีเรียสเพราะเบิกบริษัทได้ อยากได้ประกันรวมโรคร้ายแรงค่ะ ปกติเจอแแล้วจ่าย 100 เลยไหมคะ หรือจ่ายตามสัดส่วน ค่ายไหนตอบโจทย์สุดคะ,"ผู้ร้องขอต้องการคำแนะนำประกันสุขภาพที่เหมาะสมสำหรับบุคคลอายุ 28 ปี สุขภาพดี ต้องการแผนที่ครอบคลุมค่าใช้จ่ายในการเข้ารักษาในโรงพยาบาล (IPD) และบริการผู้ป่วยนอก (OPD)
ต้องการแผนประกันที่รวมความคุ้มครองโรคร้ายแรง โดยมีวงเงินเอาท์พอดี (IPD) อยู่ที่ 400 บาทต่อวัน
สนใจแผนที่สามารถจ่ายเบี้ยประกันในระดับสมเหตุสมผล และมีเงื่อนไขการจ่ายค่ารักษาพยาบาลแบบจ่ายเต็มจำนวนหรือตามสัดส่วน
ต้องการทราบว่าค่ายใดมีผลิตภัณฑ์ที่ตอบโจทย์ความต้องการมากที่สุด",eval,Hybrid,2019,7,4,1.75,0.4736884534358978,0.5871359507242838,0.4128640492757162
36120202,จะเคลมประกัน หลังชำระเบี้ยประกัน จะต้องจ่ายเพิ่มไหม พอดีประกันจะหมดเดือนเมษายน ของเดิมเป็นซ่อมห้าง จะต่อบริษัทที่เดิม ได้ราคามาแล้ว แต่เปลี่ยนจากซ่อมห้าง เป็นซ่อมอู่แทน รถมีรอยพอสมควร ว่าจะไปเคลมก่อนหมด เพราะจะได้ซ่อมห้าง อย่างนี้ทำให้ผมเสียประวัติ และต้องจ่ายเงินเพิ่มไหม ทั้งที่ผมจ่ายไปแล้ว,"ผู้ร้องเรียนกังวลว่าการเปลี่ยนจากศูนย์บริการซ่อมห้างเป็นอู่ซ่อมอาจส่งผลต่อประวัติการซ่อมรถ
เนื่องจากรถมีรอยบุบเล็กน้อยและต้องการเคลมก่อนหมดอายุกรมธรรม์ประกันภัย
ผู้ร้องเรียนกลัวว่าหากเปลี่ยนช่องทางซ่อม จะต้องจ่ายค่าใช้จ่ายเพิ่มเติมเอง
และไม่แน่ใจว่าการเปลี่ยนแปลงดังกล่าวจะกระทบต่อสิทธิประโยชน์ที่เคยชำระเงินไปแล้วหรือไม่",eval,Hybrid,2017,8,4,2.0,0.3934139609336853,0.4670662482579549,0.5329337517420452
40522143,ขอยกเลิกประกันที่มาพร้อมบัตรเครดิตktc อยากทราบวิธียกเลิกประกันที่มาพร้อมบัตรเครดิตktcค่ะ,"ผู้ร้องขอต้องการยกเลิกประกันภัยที่มาพร้อมบัตรเครดิตของ KTC
สอบถามขั้นตอนและวิธีการยกเลิกประกันดังกล่าว
ไม่มีรายละเอียดเพิ่มเติมเกี่ยวกับเหตุผลหรือบริบทอื่น ๆ
ข้อความเน้นเพียงการขอคำแนะนำในการดำเนินการยกเลิก",eval,Hybrid,2021,2,4,0.5,0.497736245393753,0.4078608751296997,0.5921391248703003
33412558,ไปเคลมทำสี เปลี่ยนกันชม กับอู่กลาง ใช้เวลา 2 อาทิตย์ นานขนาดนี้เลยหรือ พอมีวิธีปฏิเสธเข้าอู่ไหม ไปชนเบากับกำแพง กันชนบุบ แล้วก็ไปขูดกับคนอื่นเป็นรอย รอบคัน ปกติใช้เวลานายขนาดนั้นเลยหรือ ตอนแรกอยากปฏิเสธแต่เขายึดใบเคลมไปเลย พอจะมีวิธีปฏิเสธไหมครับ,"ผู้ร้องเรียนเคลมทำสีและเปลี่ยนกันชนที่อู่กลาง ใช้เวลารวม 2 สัปดาห์
สอบถามถึงความจำเป็นในการใช้เวลานานเช่นนี้ โดยเฉพาะเมื่อเหตุการณ์เกิดจากอุบัติเหตุเล็กน้อย
ระบุว่าต้องการปฏิเสธการเข้าอู่แต่ถูกยึดเอกสารเคลมไว้แล้ว
ขอคำแนะนำว่ามีทางปฏิเสธได้อีกหรือไม่",eval,Hybrid,2015,6,4,1.5,0.5752694606781006,0.4759882688522339,0.5240117311477661
39603399,โบรกเกอร์ประกันภัยรถยนต์ มีผลเวลาจะเคลมไหมครับ อยากทราบว่าถ้าเลือกซื้อประกันภัยรถยนต์ผ่านโบรกเกอร์ ถ้าเกิดอุบัติเหตุต้องเคลมรถ โบรกเกอร์มีผลกับการเคลมไหมครับ เช่นทำให้เคลมช้า เคลมยาก ต้องรอคิว หรือว่าขึ้นอยู่กับประกัน ที่เราเลือกทำอย่างเดียวครับ,"การเลือกซื้อประกันภัยรถยนต์ผ่านโบรกเกอร์อาจส่งผลต่อกระบวนการเคลมได้
โบรกเกอร์ทำหน้าที่เป็นตัวกลางในการนำเสนอกรมธรรม์จากบริษัทประกันหลายแห่ง
แต่การเคลมจริงจะขึ้นอยู่กับเงื่อนไขและขั้นตอนของบริษัทประกันที่ผู้เอาประกันเลือกไว้
หากไม่มีข้อตกลงพิเศษ โบรกเกอร์มักไม่เข้ามาแทรกแซงกระบวนการเคลมโดยตรง",eval,Hybrid,2020,5,4,1.25,0.5609247088432312,0.6185753345489502,0.3814246654510498
32998825,เมืองไทยประกันภัยดีไหม เพื่อนที่เป็นพนักงานกสิกรชวนทำ ปกติถ้าเกิดปัญหาอะไรขึ้น เมืองไทยประกันภัยเคลมง่ายไหม เผอิญไม่เคยใช้ที่นี่มาก่อน อยากรู้ข้อดีข้อเสีย,"ผู้ร้องเรียนสอบถามถึงคุณภาพบริการของเมืองไทยประกันภัย
โดยเฉพาะในเรื่องความสะดวกในการเคลมเมื่อเกิดเหตุ
เนื่องจากเพิ่งได้รับคำแนะนำจากเพื่อนที่ทำงานกสิกร
จึงต้องการทราบข้อดีและข้อเสียจากการใช้บริการจริง",eval,Hybrid,2014,5,4,1.25,0.5800089836120605,0.3780063788096109,0.621993621190389
36902112,สอบถามคนที่ทำประกันกับบูพา สอบถามเรื่องการปรับขึ้นค่าเบี้ยประกันในแต่ละปี ปกติ ค่าเบี้ยประกันจะปรับขึ้นตามช่วงอายุ แต่ทางบูพาปรับค่าเบี้ยประกันเพิ่มขึ้นทุกปี ทั้ง ๆ ที่ยังไม่ถึงช่วงอายุที่จะปรับ สอบถามไปยังเจ้าหน้าที่ เค้าบอกว่าที่ปรับขึ้นมาเค้าพิจารณาจาก อัตราค่ารักษาพยาบาลของโรงพยาบาล และการเคลมเบี้ยประกันของปีที่ผ่านมาของคนที่ทำประกันชุดนี้ แต่จากที่ทำกับบูพามาหลายปี เค้าปรับเพิ่มขึ้นทุกปีเลย อันนี้เป็นเรื่องปกติของที่นี่รึเปล่าคะ แล้วประกันสุขภาพกับที่อื่นที่ไม่ใช่บูพาจะมีการปรับอย่างนี้รึเปล่า,"บริษัทบูพาปรับขึ้นค่าเบี้ยประกันทุกปี แม้ยังไม่ถึงช่วงอายุที่ควรปรับ
เจ้าหน้าที่อ้างว่าการปรับขึ้นมาจากอัตราค่ารักษาพยาบาลและประวัติการเคลมของผู้เอาประกัน
ผู้ร้องเรียนระบุว่าเคยทำประกันกับบูพาหลายปี และพบว่ามีการปรับขึ้นทุกปีอย่างต่อเนื่อง
ผู้ร้องเรียนจึงสอบถามว่าพฤติกรรมดังกล่าวเป็นมาตรฐานของบริษัทนี้หรือไม่ และเปรียบเทียบกับบริษัทอื่น",eval,Hybrid,2017,6,4,1.5,0.4515301883220672,0.4459144671758016,0.5540855328241985
32481617,ประกันออมทรัพย์10 ต่อปีลดหย่อนภาษีไม่มีใครสนใจเราเลย แบบก็ดีผลประโยชน์ก็มากไม่มีปัญหาการเคลมเพราะไม่เหมือนประกันสุขภาพ ผลประโยชน์ไม่มากพอหรือมีข้อเสียอะไรค่ะอยากนำไปเสนอผู้ใหญ่ค่ะ,"ผู้ร้องเรียนแสดงความไม่พอใจต่อการที่ผลิตภัณฑ์ประกันออมทรัพย์ 10 ปี ที่สามารถลดหย่อนภาษีกลับไม่ได้รับความสนใจจากตลาด
ผลิตภัณฑ์ดังกล่าวมีข้อดีหลายประการ เช่น ผลประโยชน์ค่อนข้างดี และไม่มีปัญหาในการเคลม
อย่างไรก็ตาม ผู้ร้องเรียนกังวลว่าอาจมีข้อจำกัดหรือข้อเสียบางประการที่ทำให้ลูกค้าไม่เลือกใช้
จึงต้องการนำข้อมูลไปเสนอผู้บริหารเพื่อพิจารณาปรับปรุงหรือแก้ไขปัญหา",eval,Hybrid,2014,2,4,0.5,0.6562473773956299,0.4116890430450439,0.588310956954956
33407552,เคลมได้เปล่าคะแบบนี้ สอบถามคะ รถยนต์มีประกันชั้นหนึ่งแต่คนขับไม่มีใบขับขี่ ได้ถอยรถไปชนรั้วบ้าน ทำให้รถเสียหายในกรณีนี้เคลมได้หรือเปล่าคะ ค้นหาข้อมูลตามเน็ตก่ยังงคะ บางข้อมูลก่บอกว่าสามารถเคลมได้ใบขับขี่จะมีผลทางกฏหมาย แต่ประกันจะเกี่ยวกับรถประกันต้องจ่ายอยู่แล้ว บางข้อมูลก่บอกว่าไม่ได้ ถ้าไม่มีใบขับขี่,"รถยนต์มีประกันชั้นหนึ่ง แต่คนขับไม่มีใบขับขี่
เกิดอุบัติเหตุถอยรถชนรั้วบ้าน导致รถเสียหาย
มีความกำกวมว่าสามารถเคลมได้หรือไม่ เนื่องจากข้อมูลจากแหล่งต่าง ๆ ขัดแย้งกัน
บริษัทประกันอาจพิจารณาตามเงื่อนไขกรมธรรม์ โดยเฉพาะข้อกำหนดเรื่องผู้ขับขี่",eval,Hybrid,2015,5,4,1.25,0.4096875786781311,0.2760567267735799,0.7239432732264202
40664811,ยกเลิกประกันที่มันบวกมากับค่างวดรถ ผมอยากยกเลิกประกันของบริษัทchubbที่มันบวกมากับค่างวดรถประมานเดื่อนละ320ต้องทำยังไงครับ,"ผู้ร้องขอต้องการยกเลิกกรมธรรม์ประกันภัยที่ถูกรวมไว้กับค่างวดรถยนต์
ประกันดังกล่าวจ่ายรายเดือนประมาณ 320 บาท และเป็นของบริษัท Chubb
ผู้ร้องขอสอบถามขั้นตอนในการยกเลิกกรมธรรม์ดังกล่าว
ไม่มีการระบุเหตุผลเฉพาะเจาะจงในการยกเลิกในข้อความ",eval,Hybrid,2021,2,4,0.5,0.6376616954803467,0.3710364500681559,0.6289635499318441
31076666,ควรจะแจ้งเคลมทันที หรือ รอเคลมรอบคันทีเดียวตอนใกล้หมดประกัน ดีคะ สวัสดีค่ะ ดิฉันอยากจะขอคำแนะนำเรื่องเคลมประกันรถยนต์น่ะค่ะ ยังมือใหม่ค่ะ มีรถคันแรก Isuzu Dmax พอดีว่า เมื่อวาน ดิฉันเอารถไปเฉี่ยวเสาที่หอพักมา กรณีนี้ ควรจะแจ้งเคลมทันที หรือ รอไว้แจ้งรอบคันทีเดียวคะ แล้วควรจะแจ้งในไปบริษัทประกัน หรือ แจ้งที่ศูนย์ก่อน คะ ทำประกันกับ คุ้มภัย ค่ะ ขอบคุณค่า,"ควรแจ้งเคลมประกันทันทีหลังเกิดอุบัติเหตุเพื่อรักษาสิทธิ์และข้อมูลที่ถูกต้อง
การรอเคลมรวมในรอบสุดท้ายก่อนหมดอายุอาจส่งผลต่อการพิจารณาค่าเสียหาย
ควรแจ้งบริษัทประกันโดยตรง หรือตามขั้นตอนที่บริษัทกำหนด ไม่จำเป็นต้องแจ้งศูนย์ก่อน
ผู้ร้องเรียนขอคำแนะนำจากผู้เชี่ยวชาญเกี่ยวกับวิธีการดำเนินการเคลมอย่างถูกต้อง",eval,Hybrid,2013,7,4,1.75,0.4511936604976654,0.5159544547398884,0.4840455452601115
37470603,สงสัยเรื่อง Refinance กับ ประกันที่มากับบ้าน พอดีว่าปีหน้าผมก็ซื้อบ้านครบ 3 ปีละ เลยจะเก็บข้อมูลไว้ก่อนว่า ตอนซื้อบ้านได้ผ่อนกับทาง UOB และ มันมีประกันพวงมาด้วยแบบ 15 ปี ประมาณ 12800 ทีนี้ พอผมจะ Refinance ไปยังธนาคารแห่งใหม่ ตัวประกันอันนี้เนี่ย มันจะถูก Refinance ไปที่ธนาคารใหม่ด้วยไหม หรือ กรมธรรน์ตัวนั้นถูกยกเลิกพร้อม Refinance ไปด้วย และเราค่อยไปทำประกันใหม่ กับธนาคารที่ Refinance ไป ในใจผมอยากทำเองกับข้างนอกมากกว่า,"ผู้ร้องเรียนสงสัยว่า ประกันภัยที่ได้รับพร้อมกับการซื้อบ้านผ่านธนาคาร UOB จะสามารถโอนไปยังธนาคารใหม่ได้เมื่อมีการดำเนินการ refinancing
คำถามคือ ประกันนี้จะถูกโอนไปพร้อมกับสินเชื่อ หรือจะถูกยกเลิกโดยอัตโนมัติเมื่อ refinancing
ผู้ร้องเรียนต้องการทราบว่าควรทำประกันใหม่กับธนาคารที่ refinancing หรือสามารถใช้บริษัทประกันภัยอื่นแทนได้
เขากำลังพิจารณาทำประกันภัยจากบริษัทภายนอกแทนเพื่อความคุ้มครองที่เหมาะสมกว่า",eval,Hybrid,2018,8,4,2.0,0.6269745826721191,0.5867317914962769,0.4132682085037231
31738947,ใครเคยเคลมรถรอบคัน กับประกันภัยไทยวิวัฒน์บ้างครับ รถ Jazz สีขาว มีรอยจากหินกระเด็นโดนสีหลุด เกือบรอบคัน ในกรมธรรม์ มีระบุในส่วนความเสียหายส่วนแรก ต่อรถยนต์ ว่าไม่มี แบบนี้ 1.ในกรณีนี้ถ้าผมเรียกประกันมาเคลมสีรอบคัน ผมต้องโดนค่าความเสียหายส่วนแรก ในกรณีไม่มีคู่กรณีหรือเปล่า 2. จะเคลมสีรอบคัน บอกประกันไปอย่างนี้ได้เลยหรือไม่ครับ หรือเค้าจะต้องให้ระบุเป็นจุดๆอีก ว่ามีรอยอะไรตรงไหนบ้าง ขอบคุณครับ,"ผู้ร้องเรียนมีรถฮอนด้าแจ๊ซสีขาวที่มีรอยจากหินกระเด็นจนสีหลุดเกือบรอบคัน
ในกรมธรรม์ประกันภัยระบุว่าไม่มีค่าความเสียหายส่วนแรกสำหรับความเสียหายต่อรถยนต์
ผู้ร้องถามว่าหากเคลมสีรอบคันโดยไม่มีคู่กรณี จะต้องจ่ายค่าความเสียหายส่วนแรกหรือไม่
และสอบถามว่าสามารถแจ้งเคลมแบบรวมๆ ได้หรือต้องระบุจุดที่เสียหายเป็นรายจุด",eval,Hybrid,2014,8,4,2.0,0.5752082467079163,0.4188835620880127,0.5811164379119873
30089403,สอบถามครับเกี่ยวกับอุบัติเหตุและการเคลมประกันชั้น๑ เมื่อวันเสาร์ผมขับรถไปเบียดกับคู่กรณี ด้านท้ายของผมรถเสียหายพอสมควร ทางประกันของผมแจ้งว่าผมเป็นฝ่ายผิด ประกันชั้น๑ พนักงานออกไปเคลมมาให้แล้ว.ทีนี้ผมจะเอารถไปเข้าซ่อมที่ศูนย์ ก็เลยอยากจะเคลมจุดอื่นๆรอยเล็กๆน้อยที่เกิดจากหินกระเด็นใส่ เราจะต้องเสียเงินเพิ่มอะไรหรือเปล่าครับ ขอบคุณครับ,"ผู้ร้องเรียนรายงานเหตุการณ์อุบัติเหตุเมื่อวันเสาร์ โดยมีความเสียหายที่ด้านท้ายรถ
บริษัทประกันแจ้งว่าผู้ร้องเรียนเป็นฝ่ายผิด และได้ดำเนินการเคลมชั้นหนึ่งเรียบร้อยแล้ว
ขณะนี้ผู้ร้องเรียนต้องการนำรถไปซ่อมที่ศูนย์บริการ
จึงขอเคลมรอยเสียหายเล็กๆ ที่เกิดจากหินกระเด็นเพิ่มเติมในจุดอื่นๆ",eval,Hybrid,2013,5,4,1.25,0.5934106111526489,0.4818529287974039,0.5181470712025961
33103879,ตามหาชิ้นส่วน คิ้วซุ้มล้อ CRV G4 ค่ะ ขับเบียดเสาค่ะ อยากได้มาปิดชั่วคราวก่อน .ระหว่างรอเคลม ไม่ชอบขับรถแบบมีตำหนินานๆ ค่ะ . ยังไม่อยากเบิกศูนย์ตอนนี้ค่ะ ไม่ทราบราคาเท่าไหร่ ของเทียบถูกๆ ก็ใช้ไปก่อนได้ค่ะ .,"ผู้ร้องเรียนต้องการหาชิ้นส่วนคิ้วซุ้มล้อสำหรับรถยนต์ฮอนด้า CRV G4 เนื่องจากเกิดอุบัติเหตุชนเสา
ต้องการชิ้นส่วนเพื่อนำมาปิดชั่วคราวก่อน ไม่ต้องการนำรถเข้าศูนย์บริการในขณะนี้
ไม่พอใจกับการขับรถที่มีตำหนิ และต้องการชิ้นส่วนที่มีราคาประหยัด
สอบถามราคาชิ้นส่วนและขอคำแนะนำในการซื้อทดแทนชั่วคราว",eval,Hybrid,2015,5,4,1.25,0.6132014989852905,0.5329987208048502,0.4670012791951498
38595411,มีท่านใดใช้ประกันภัยรถของ ทิพยประกันภัย บ้างครับ พอดีได้รับการติดต่อจาก โบรกเกอร์ขายประกันภัยรถยนต์ เสนอ ประกันภัยชั้น 1 ซ่อมห้างของ ทิพยประกันภัย โดยเสนอมาถูกกว่าเจ้าเดิมที่ทำประกันอยู่ปีนี้มีเคลมเบี้ยเลยสูงขึ้นหลายพันบาท จะเรียนถามท่านที่เคยใช้ประกันรถของ ทิพยประกันภัย ว่าเคยมีปัญหาอะไรหรือไม่ บริการดีหรือไม่เวลาเกิดอุบัติเหตุ และ มีเจ้าหน้าที่ไปถึงที่เกิดเหตุเร็วหรือไม่ ไม่เคยใช้บริการบริษัทนี้ กลัวเบี้ยน้อยกว่า สอง สามพันบาท แต่ต้องมาปวดหัวภายหลัง ขอบคุณทุกความเห็น คำตอบครับ,"ผู้ร้องเรียนสอบถามประสบการณ์การใช้บริการประกันภัยรถยนต์ชั้น 1 ของทิพยประกันภัยจากผู้ใช้งานรายอื่น
เนื่องจากได้รับข้อเสนอจากโบรกเกอร์ให้เปลี่ยนบริษัทเพื่อลดเบี้ยประกัน
ผู้ร้องเรียนกังวลว่าเบี้ยที่ถูกอาจแลกมากับบริการที่ไม่ดีในกรณีเกิดอุบัติเหตุ
จึงขอข้อมูลเพิ่มเติมเกี่ยวกับความรวดเร็วในการเข้าช่วยเหลือและคุณภาพของการให้บริการ",eval,Hybrid,2019,6,4,1.5,0.4396175146102905,0.484480063120524,0.515519936879476
36149488,ถ้าไม่แฮปปี้กับประกันรถยนต์ขอยกเลิก กรรมธรรม์เดี่ยวนั้นเลยได้ไหม ถ้ากรณีประเภทที่ 2 พอดีมีอุบัติเหตุแล้วเราเป็นฝ่ายถูก ทำเรื่องเคลมแล้วไม่ประทับใจกับเจ้าหน้าที่ที่ให้บริการเท่าไหร อีกทั้งไม่แฮปปี้ที่จะใช้ประกันเจ้านี้แล้ว เราสามารถขอเปลี่ยนบริษัทประกันได้หรือไม่ครับ รบกวนขอคำแนะนำครับ เพิ่งต่อประกันกับเจ้านี้เมื่อประมานต้นปีครับ,"ผู้ร้องเรียนไม่พอใจบริการของเจ้าหน้าที่หลังจากทำเรื่องเคลมอุบัติเหตุโดยเป็นฝ่ายถูก
ไม่พึงพอใจกับประสบการณ์การใช้บริการประกันในกรณีดังกล่าว
จึงสอบถามว่าสามารถยกเลิกกรมธรรม์และเปลี่ยนไปใช้บริษัทประกันอื่นได้หรือไม่
คำถามเน้นความประสงค์ในการเปลี่ยนบริษัทประกันหากไม่พอใจบริการ",eval,Hybrid,2017,7,4,1.75,0.5976073145866394,0.579978068669637,0.420021931330363
39058679,ถ้าจะยกเลิกประกันสุขภาพ ของกรุงไทยเเอกซ่า ไม่ส่งเบี้ยต่อเเล้วให้จบไปเลยได้ไหม คือเราอยากจะยกเลิกประกันของกรุงไทย ต้องทำอย่างไรอะ ขอขอบคุณทุกคนมากนะ,"ผู้ร้องขอสอบถามวิธีการยกเลิกกรมธรรม์ประกันสุขภาพจากกรุงไทยแอกซ่า
โดยต้องการทราบว่าหากไม่ชำระเบี้ยต่อเนื่อง จะสามารถยกเลิกได้โดยอัตโนมัติหรือไม่
ผู้ร้องขอต้องการความชัดเจนเกี่ยวกับขั้นตอนการยกเลิก
รวมถึงแนวทางที่ถูกต้องในการดำเนินการตามกระบวนการดังกล่าว",eval,Hybrid,2019,3,4,0.75,0.4163172245025635,0.4106272856394449,0.589372714360555
39066935,ยกเลิกประกัน AIA สอบถามหน่อย ครับต้องการยกเลิกประกัน AIA จะต้องทำยังไง ครับพึ่งได้รับกรมธรรม์ได้เพียง 1 วัน จะแก้ไขยังไงได้บ้าง ครับ โดยไม่ผ่านตัวแทน ผู้รู้แนะนำทีครับโดยที่ไม่ผ่านตัวแทน เนื่องจากตัวเองรู้สึกว่าจะส่งกรมธรรม์ไม่ไหว ขอบคุณล่วงหน้านะครับ,"ผู้ร้องขอต้องการยกเลิกกรมธรรม์ประกันภัยจาก AIA หลังได้รับเพียงหนึ่งวัน
เนื่องจากกังวลว่าจะไม่สามารถชำระเบี้ยประกันต่อเนื่องได้
จึงสอบถามขั้นตอนการยกเลิกโดยไม่ผ่านตัวแทนขายประกัน
พร้อมขอคำแนะนำแนวทางแก้ไขที่เป็นไปได้ภายใต้สถานการณ์ดังกล่าว",eval,Hybrid,2019,6,4,1.5,0.355192095041275,0.4686486721038818,0.5313513278961182
38824812,ต้องการซื้อประกันภัยรถยนต์ มีบ.ไหนแนะนำมั้ยคะ ต้องการซื้อประกันชั้น 1 ไม่เคยเคลมเลย แต่บ.เดิมมาปรับขึ้นค่าเบี้ยประกัน เลยอยากขอคำแนะนำว่ามีบ.ไหนแนะนำบ้างมั้ยคะ ขอบคุณล่วงหน้าค่ะ,"ต้องการซื้อประกันรถยนต์ชั้น 1 ที่ยังไม่เคยทำเรื่องเคลม
บริษัทเดิมได้ปรับเพิ่มค่าเบี้ยประกัน
จึงต้องการคำแนะนำบริษัทประกันภัยอื่นที่น่าเชื่อถือ
ขอข้อมูลเพื่อพิจารณาเปรียบเทียบราคาและบริการ",eval,Hybrid,2019,4,4,1.0,0.621918797492981,0.2998179594675699,0.70018204053243
41574842,สอบถาม Cigna เรื่องยกเลิกประกันไปหลายเดือนแล้ว แต่ยังมีการเรียกเก็บค่าประกันอยู่ ตามหัวข้อครับ แจ้งยกเลิกไปหลายเดือนแล้ว วันก่อนก็สอบถามแล้ว ได้รับการแจ้งว่าเหลือแค่บัญชีประกันเดียว แต่มีการเรียกเก็บ 2 ยอดทุกเดือน ติดต่อเจ้าหน้าที่ไม่ได้ทุกช่องทางเลย รบกวนตรวจสอบด้วย,"ได้แจ้งยกเลิกกรมธรรม์ประกันกับ Cigna มาหลายเดือนแล้ว
แต่ยังคงมีการเรียกเก็บเงินสองรายการต่อเดือน
ติดต่อเจ้าหน้าที่ผ่านช่องทางต่าง ๆ ไม่สามารถติดต่อได้
รบกวนตรวจสอบสถานะกรมธรรม์และดำเนินการแก้ไขด้วย",eval,Hybrid,2022,6,4,1.5,0.5246986746788025,0.3962387641270955,0.6037612358729045
31670624,ยกเลิกประกันคุ้มครองวงเงินสินเชื่อ พอดีออกรถโตโยต้าวีโก้ ไฟแนนซ์ให้ทำประกันวงเงินสินเชื่อเป็นเงินเกือบ 3000 บาท ผมดาวสูงผ่อนไม่นาน เพราะคิดว่าจะโปะให้หมดภายใน 1 2 ปี ผมจะยกเลิกประกัน เป็นของ AIA ได้มั้ยครับ เพื่อเรียกเงินคืน เพราะคงไม่มีประโยชน์แน่ๆ รถรับมาแล้ว 1 เดือนครับ ยกเลิกผมจะได้เงินคืนเต็มมั้ยครับ ขอสอบถามผู้รู้หน่อยเพราะตอนยื่นซื้อไฟแนนซ์ไม่ได้แจ้งรายละเอียดมาบอกอีกทีวันรับรถ ก็เลยไม่เข้าใจ อยากยกเลิกครับ,"ผู้ร้องขอต้องการยกเลิกกรมธรรม์ประกันวงเงินสินเชื่อที่ทำไว้กับ AIA หลังจากใช้งานรถโตโยต้าวีโก้มาแล้วประมาณ 1 เดือน
เหตุผลคือวางแผนผ่อนชำระสินเชื่อไม่นานและคาดว่าจะชำระครบภายใน 1–2 ปี จึงมองว่าประกันดังกล่าวไม่มีประโยชน์
ผู้ร้องขอสอบถามว่าสามารถยกเลิกได้หรือไม่ และจะได้รับเงินคืนเต็มจำนวนหรือไม่
เนื้อหาเป็นการสอบถามขั้นตอนและสิทธิ์ในการยกเลิกกรมธรรม์พร้อมขอคืนเงิน.",eval,Hybrid,2014,7,4,1.75,0.485327661037445,0.4449965556462605,0.5550034443537395
34925591,สอบถามครับ กำลังจะซื้อรถมือ2 แต่ไม่ค่อยมั่นใจกับประกันที่เจ้าของเดิมใช้อยู่ อินทร ประกันภัย เป็นชั้น 1 ครับ ประกันเหลืออีกราวๆ ครึ่งปีครับ ใครเคยใช้เจ้านี้ หรือเคยมีกรณีเคลมบ้างครับ เคลมช้า อู่หายากรึป่าว แล้วถ้าออก ตจว. บ่อยๆแล้วมีเคลมจะมีปัญหามั๊ยครับคือคิดว่าศูนย์คงน้อย ปล1. เจ้าของเดิมไม่ค่อยได้ใช้รถ แล้วก็ยังไม่เคยเคลมครับ ปล2. ถ้าอยากจะขอคืนเบี้ยกับเจ้านี้แล้วเปลี่ยนเจ้าใหม่จะทำได้มั๊ยครับ,"ผู้ร้องเรียนกำลังพิจารณาซื้อรถมือสองที่มีกรมธรรม์ประกันชั้น 1 จากบริษัท อินทร ประกันภัย เหลืออีกประมาณครึ่งปี
สอบถามประสบการณ์การเคลมจากผู้ใช้จริงว่ามีความล่าช้าหรืออู่ร่วมงานหายากหรือไม่ โดยเฉพาะเมื่อต้องเดินทางออกต่างจังหวัดบ่อย
เนื่องจากเจ้าของเดิมไม่ค่อยได้ใช้งานรถและยังไม่เคยเคลม จึงกังวลว่าอาจมีปัญหาในการเคลมในอนาคต
สอบถามเพิ่มเติมว่าสามารถขอคืนเบี้ยประกันและเปลี่ยนบริษัทประกันใหม่ได้หรือไม่",eval,Hybrid,2016,8,4,2.0,0.4210951924324035,0.4806170463562011,0.5193829536437988
41385704,ใครเคยใช้ประกันเปิดปิดไทยวิวัฒน์บ้างครับ ช่วยเล่าประสบการณ์ได้ไหมครับ ตอนนี้สนใจทำชั้น3 เคยมีเพื่อนเล่าว่าซื้อ50ชม.แล้วถ้ามีเหตุต้องการเรียกประกันและเคลมค่อยเปิดประกันก็เคยทำมาแล้ว เลยงงว่าทำได้ด้วยหรอ หรือมีใครเคยทำบ้างครับ ขอบคุณครับผม,"ผู้ร้องเรียนสอบถามประสบการณ์การใช้บริการประกันเปิดปิดของไทยวิวัฒน์สำหรับแผนชั้น 3
กล่าวถึงความสับสนเกี่ยวกับข้อเท็จจริงที่เคยได้ยินว่าสามารถซื้อประกัน 50 ชั่วโมงก่อนแล้วค่อยเปิดใช้งานเมื่อมีเหตุจำเป็น
ผู้ร้องเรียนต้องการทราบว่าข้อมูลดังกล่าวถูกต้องหรือไม่ และมีผู้ใช้บริการรายอื่นเคยทำเช่นนี้มาก่อนหรือไม่
จึงขอความช่วยเหลือจากผู้ที่มีประสบการณ์มาแชร์ข้อมูลเพื่อประกอบการตัดสินใจ",eval,Hybrid,2022,2,4,0.5,0.7225601077079773,0.5882004896799723,0.4117995103200277
35443105,คำนวนเงินที่จะได้คืนเมื่อยกเลิกประกันชีวิต แบบนี้ถูกไหมคะ กรมธรรม์แบบสะสมทรัพย์ ส่ง 15 ปี คุ้มครอง 25 ปี ทุนประกันภัย 15000 บาท จ่ายเบี้ยมาแล้ว 17 ปี และต้องการเอาเงินคืนแบบรับเงินสด ไม่ต้องการความคุ้มครองต่อแล้ว เงินค่าเวนคืนกรมธรรม์ประกันภัยปีที่ 17 1456 ต่อ ทุนประกันภัย 100 บาท เข้าใจว่าเงินสดที่จะได้รับเมื่อขอยกเลิกกรมธรรม์คือ 1456 10015000 218400 บาท ถูกต้องไหมคะ แล้วมันจะมีค่าธรรมเนียมอะไรที่ต้องเสียให้บริษัทประกันอีกหรือเปล่าคะ ขอบคุณล่วงหน้าค่ะ,"ผู้ร้องขอสอบถามความถูกต้องของจำนวนเงินคืนจากกรมธรรม์ประกันภัยแบบสะสมทรัพย์ที่จ่ายเบี้ยครบ 17 ปี โดยมีระยะเวลาคุ้มครอง 25 ปี และทุนประกัน 1,500 บาท
ผู้ร้องคำนวณว่าจะได้รับเงินคืนรวม 218,400 บาท จากการนำค่าเวนคืนต่อทุน 1,456 บาท มาคูณกับจำนวนทุนประกัน
ผู้ร้องต้องการทราบว่าการคำนวณดังกล่าวถูกต้องหรือไม่ และมีค่าธรรมเนียมใด ๆ เพิ่มเติมที่ต้องชำระให้บริษัทประกันภัยเมื่อยกเลิกกรมธรรม์หรือไม่",eval,Hybrid,2016,6,3,2.0,0.5534160733222961,0.6939018567403157,0.3060981432596843
35189356,มีใครเคยทำประกันภัยรถยนต์กับบริษัท เคเค เจเนอรัล โบรกเกอร์ จำกัด KK General Broker Co. Ltd. เนื่องจากเมื่อสองอาทิตย์ที่ผ่านมาผมได้ทำประกันกับ บริษัท เคเค เจเนอรัล โบรกเกอร์ จำกัด KK General Broker Co. Ltd. โดยมีการตัดเงินผ่านบัตรเครดิต 300 บาท ชำระเป็นรายงวดก่อนครบกำหนด ต่อมาผมศึกษาข้อมูลและนำรหัสตัวแทนขายประกันไปค้นหาใน OIC ไม่พบรายนี้ และสอบถามไปยังศูนย์บริการรถยนต์ที่ผมซื้อ ทางศูนย์แจ้งว่าให้ระวัง ทำให้ผมไม่มั่นใจกับตัวแทนขายบริษัทนี้ เบื้องต้นผมได้ทำการแจ้งขอยกเลิกการทำประกัน และเพื่อนๆ มีใครเคยเจอเคสแบบผมบ้างครับ ผมก็รอลุ้นอยู่ว่าจะได้เงินคืนไหม แต่อย่างไรผมจะเข้ามาอัพเดทความคืบหน้าเรื่อยๆน่ะครับ ว่าสรุปผมจะสูญเงินหรือได้เงินคืน,"ผู้ร้องเรียนทำประกันรถยนต์กับบริษัท เคเค เจเนอรัล โบรกเกอร์ จำกัด โดยมีการตัดเงินจำนวน 300 บาทผ่านบัตรเครดิต
หลังจากตรวจสอบพบว่าไม่สามารถค้นหารหัสตัวแทนขายประกันได้ในระบบ OIC ทำให้มีข้อสงสัยเกี่ยวกับความน่าเชื่อถือของบริษัท
ผู้ร้องเรียนได้แจ้งยกเลิกกรมธรรม์ประกันแล้วแต่ยังไม่ทราบผลการดำเนินการหรือการคืนเงิน
ขอให้ช่วยอัปเดตสถานะความคืบหน้าเกี่ยวกับการคืนเงินอย่างเป็นทางการ",eval,Hybrid,2016,6,4,1.5,0.7338364124298096,0.4752397934595743,0.5247602065404257
30557674,ออกใบเคลม แต่ยังไม่ซ่อม จะููถูกหัดส่วนลดต่อประกัน หรือไม่ เรียนถามครับ.พอดีตั้งใจจะต่อไประักันชั้น 1 ปี 2 กับ บ.เดิม แต่พอใกล้หมดประกันดันเกิดอุบัติเหตุเล็กน้อย ประกันออกใบเคลมไว้ให้ หากยังไม่นำรถเข้าซ่อม 0 รอต่อประกันก่อน จะยังได้รับส่วนลดประวัติดีหรือไม่ . ขอบคุณครับ,"ผู้ร้องเรียนสอบถามว่า หากยังไม่ได้นำรถเข้าซ่อมหลังจากได้รับใบเคลมแล้ว แต่ต้องการต่อประกันภัยรถยนต์ต่อเนื่อง
ผู้ร้องเรียนกังวลว่าการไม่ซ่อมรถอาจส่งผลต่อสิทธิ์ได้รับส่วนลดประวัติดีในปีถัดไป
คำถามคือ แม้ยังไม่ซ่อม แต่หากดำเนินการต่อประกันตามปกติ จะยังคงได้รับส่วนลดเดิมหรือไม่
ผู้ร้องเรียนต้องการทราบข้อเท็จจริงเกี่ยวกับเงื่อนไขของบริษัทประกันภัยในกรณีดังกล่าว",eval,Hybrid,2013,7,4,1.75,0.4602700173854828,0.513761043548584,0.486238956451416
39960044,ยกเลิกประกันทางโทรศัพท์ยังไง แล้วถูกหักเงินจากบัตรเครดิต First choice ไปแล้วด้วย อยากทราบวิธียกเลิกครับ ยกเลิกยังไง แล้วเงินในบัตรที่ถูกหักไปต้องจ่ายไหม ถ้าเรายกเลิก ในเวลาก่อน30 วัน จะได้เงินคืน อยากรู้ว่าเงินที่ถูกหักไปต้องจ่ายไหมครับ ขอบคุณครับ,"ผู้ร้องเรียนสอบถามวิธีการยกเลิกประกันภัยที่ถูกสมัครผ่านโทรศัพท์
ระบุว่าได้ถูกหักเงินจากบัตรเครดิต First Choice เรียบร้อยแล้ว
สอบถามว่าหากยกเลิกก่อนครบ 30 วัน จะต้องจ่ายเงินที่ถูกหักไปหรือไม่
ขอข้อมูลเพิ่มเติมเกี่ยวกับกระบวนการยกเลิกและสิทธิ์ในการคืนเงิน",eval,Hybrid,2020,7,4,1.75,0.4225890934467315,0.3043778936068216,0.6956221063931783
31771321,สอบถามสมาชิกที่แต่งรถค่ะ มีปัญหาเรื่องประกันกันไหมคะ สวัสดีค่ะ พอดีจะแต่งรถค่ะ แบบชุดแต่ง GT และเป็นผู้หญิงที่ไม่รู้เรื่องอะไรมาก อยากจะแต่งก็ไปแต่งเลย วันนี้เลยเจอปัญหาเรื่องประกัน เป็นประกันชั้น 1 ซ่อมศูนย์ค่ะ ประกันแจ้งว่าไม่คุ้มครองส่วนที่ตกแต่งเพิ่มเติม ก็พอเข้าใจค่ะ แต่อยากทราบว่า มีสมาชิกท่านใดที่แต่งรถ แล้วประกันครอบคลุมส่วนที่แต่งเวลาเฉี่ยวชนไหมคะ เห็นทางร้านเค้าเล่าให้ฟังว่าประกันจ่ายอ่ะค่ะ,"ผู้ร้องเรียนแต่งรถด้วยชุดแต่ง GT และพบปัญหาเรื่องการคุ้มครองจากประกันชั้น 1 ที่ระบุว่าไม่ครอบคลุมส่วนที่ตกแต่งเพิ่มเติม
ผู้ร้องเข้าใจว่าการแต่งรถอาจไม่ได้รับการคุ้มครองตามเงื่อนไขปกติของกรมธรรม์
แต่มีความสงสัยว่ามีกรณีใดบ้างที่ประกันสามารถจ่ายค่าเสียหายส่วนที่แต่งรถได้ในเหตุการณ์เฉี่ยวชน
จึงสอบถามเพื่อขอข้อมูลยืนยันจากผู้ใช้บริการรายอื่นที่เคยประสบสถานการณ์เดียวกัน",eval,Hybrid,2014,6,4,1.5,0.5152565836906433,0.511451005935669,0.488548994064331
41313713,ทำงานรับราชการแล้วควรยกเลิกประกันชีวิตดีไหม สมัยเรียนพ่อแม่เคยทำประกันชีวิตให้ครับ แต่ตอนนี้สอบทำงานรับราชการได้แล้ว เลยคิดว่าจะยกเลิกประกันชีวิตดีไหม เริ่มมาหนักใจตรงที่ต้องจ่ายเบี้ยประกัน จากเดิมจ่ายอยู่ที่ปีละ 15xx แต่ตอนนี้เพิ่มเป็นปีละ 27xx เพื่อนๆ มีความคิดเห็นอย่างไรบ้างครับ รบกวนช่วยชี้แนะด้วย ป.ล. ตอนนี้อายุ 24 ครับ,"ผู้ร้องเรียนกำลังพิจารณาการยกเลิกกรมธรรม์ประกันชีวิตที่มีอยู่
เนื่องจากต้องจ่ายเบี้ยเพิ่มขึ้นจากปีละ 1,500 บาท เป็น 2,700 บาท
ซึ่งเกิดขึ้นหลังจากสอบบรรจุเป็นข้าราชการแล้ว
ขอคำแนะนำจากผู้อื่นเกี่ยวกับความเหมาะสมในการยกเลิกหรือคงไว้",eval,Hybrid,2022,8,4,2.0,0.4553263783454895,0.2757280270258585,0.7242719729741415
31211181,ขอรบกวนท่านสมาชิก ช่วยบอกวิธียกเลิกกรมธรรม์ ของ aia ด้วยครับ ผมสมัครทำประกันของเอไอเอ ส่งเดือนละ 1460 บาท เป็นเวลา 10 ปี ครบสัญญาเมื่อมีอายุ 80 ปี การหักเบี้ยประกันจะหักผ่านธนาคารเป็นบัญชีเงินเดือน โดยจ่ายงวดแรกไปแล้วกับตัวแทน วันนี้ได้รับกรรมธรรม์แล้วอยากยกเลิกครับ และไม่อยากติดต่อกับตัวแทนด้วย ผมจะส่งเรื่องขอยกเลิกไปที่บริษัทโดยตรงได้ไหมครับ ต้องทำอย่างไรบ้างครับ ในส่วนของการหักผ่านบัญชีธนาคารต้องจัดการอย่างไรเพิ่มเติมหรือไม่ครับ ขอบพระคุณทุกๆท่านครับ,"ผู้ร้องขอต้องการยกเลิกกรมธรรม์ประกันภัยที่ซื้อจากบริษัทเอไอเอ
กรมธรรม์มีระยะเวลา 10 ปี โดยมีการหักเบี้ยรายเดือนผ่านบัญชีเงินเดือน
ผู้ร้องขอไม่ต้องการติดต่อกับตัวแทนขาย และประสงค์จะดำเนินการยกเลิกโดยตรงกับบริษัท
จึงสอบถามขั้นตอนและวิธีการยื่นคำร้องยกเลิกกรมธรรม์อย่างถูกต้อง",eval,Hybrid,2013,6,4,1.5,0.5738092064857483,0.3844314416249593,0.6155685583750408
38501895,รถมีสีด่าง สีแตก สามารถเคลมประกันได้มั้ยคับ พอดีผมซื้อรถต่อจากเจ้าของคนเก่า รถคันนี้มีประกันชั้น 1 อยู่กับบริษัทสินทรัพย์ ประกันภัย ตัวรถมีรอยสีแตก สีด่าง ที่ไม่ได้เกิดจากการชน แต่เป็นการเสื่อมสภาพตามกาลเวลา พนง.เคลมบอกผมว่ากรณีนี้ไม่สามารถเคลมได้เพราะไม่ได้เกิดจากอุบัติเหตุ เกิดจากสีเสื่อมสภาพตามกาลเวลา อยู่นอกเงื่อนไขการคุ้มครอง เลยอยากทราบว่า เคสแบบนี้ประกันไม่คุ้มครองจริงมั้ย หรือเพราะทางประกันไม่อยากเคลมให้เราคับ,"ผู้ร้องเรียนซื้อรถมือสองที่มีประกันชั้น 1 กับบริษัทสินทรัพย์ ประกันภัย
รถมีรอยสีแตกและด่างที่ไม่เกิดจากอุบัติเหตุ แต่เกิดจากการเสื่อมสภาพตามกาลเวลา
บริษัทประกันแจ้งว่ากรณีดังกล่าวไม่เข้าข่ายเคลม เนื่องอยู่นอกเงื่อนไขการคุ้มครอง
ผู้ร้องเรียนสงสัยว่าการปฏิเสธอาจเกิดจากสาเหตุอื่นนอกจากเงื่อนไขกรมธรรม์",eval,Hybrid,2019,8,4,2.0,0.5793508291244507,0.3469714721043904,0.6530285278956096
38700523,จะยกเลิกประกันบัตรเครดิต CHUBB ในบัตรกรุงศรี ได้ประกันมาแบบงงๆ โดนหักรายเดือนเฉย อยากจะยกเลิกประกันอุบัติเหตุของ CHUBB ในบัตรกรุงศรี First Choice มีขั้นตอนยังไงบ้างคะ ถามผู้รู้ ได้ประกันมาแบบ งงๆ พอจะโทรกลับไปยกเลิก โดนตัดสายทิ้งทุกครั้งเลย OMG,"ผู้ร้องเรียนต้องการยกเลิกประกันอุบัติเหตุจากบริษัท CHUBB ที่ถูกรวมไว้ในบัตรเครดิตกรุงศรี First Choice
ระบุว่าได้รับบริการประกันโดยไม่ได้ขอรับ และถูกหักเงินรายเดือนโดยไม่ชัดเจน
พยายามติดต่อเพื่อยกเลิกแต่โทรกลับไปแล้วถูกตัดสายทุกครั้ง
จึงสอบถามขั้นตอนการยกเลิกอย่างเป็นทางการและขอความช่วยเหลือในการแก้ไขสถานการณ์",eval,Hybrid,2019,4,4,1.0,0.6601658463478088,0.4314126968383789,0.5685873031616211
40465106,ประกันเบี้ยอู่ ซ่อมศูนย์ได้มั้ย เราเป็นฝ่ายถูก อยากสอบถามค่ะ พอดีเกิดอุบัติเหตุ รถสองเลน เลนตรงข้ามรถเก๋งชนมอไซ มอไซไถลมาชนเรา ซึ่งเสียหายตรงกันชน และประตูข้างคนขับ ทีนี้เรามีเบี้ยประกันอู่ แต่เรานำรถไปเข้าศูนย์ เพร่ะในใบเคลมแจ้งว่าสามารถนำเข้าศูนย์ได้ แต่เมื่อประเมินราคามันมีค่าส่วนต่าง 1200 บาท เราอยากรู้ว่าในกรณีนี้ ประกันหรือคู่กรณีจะจ่ายให้เรามั้ย แล้วถ้าไม่ได้ต้องซ่อมอู่เท่านั้นหรอ เราไม่สามารถเรียกร้องอะไรได้เลยหรอคะ ว่ายืนยันจะซ่อมศูนย์ ทั้งๆที่เราถูกและรถเสียหายพอสมควรเลย,"ผู้ร้องเรียนประสบอุบัติเหตุโดยไม่ได้เป็นฝ่ายผิด รถได้รับความเสียหายที่กันชนหน้าและประตูข้างคนขับ
ผู้ร้องเรียนมีกรมธรรม์ประกันภัยแบบเบี้ยอู่ แต่เลือกนำรถเข้าศูนย์บริการเพื่อรับการซ่อม
เมื่อนำรถเข้าศูนย์ พบว่ามีค่าใช้จ่ายส่วนต่าง 1,200 บาท เนื่องจากราคาประเมินจากศูนย์สูงกว่าที่ประกันอนุมัติ
ผู้ร้องเรียนสอบถามว่าค่าส่วนต่างดังกล่าวควรได้รับการชดเชยจากประกันหรือคู่กรณี และอยากรู้ว่าสามารถเรียกร้องสิทธิ์ได้หรือไม่ หากต้องซ่อมที่อู่เท่านั้น",eval,Hybrid,2021,7,4,1.75,0.5715128183364868,0.5472819010416666,0.4527180989583333
39774375,อยู่ๆบริษัท ประกันกรุงไทย แอ็กซ่า ส่งจดหมายมาลดความคุ้มครองของลูก ใครเคยเจอบ้างครับ หรือ บริษัทประกันอื่นๆมีแบบนี้มั้ย อยู่ๆได้รับจดหมายจากกรุงไทยแอ็กซ่า ว่าเรามีการส่งเรื่องเข้าไปขอเปลี่ยนเงื่อนไขการประกัน ซึ่งเราไม่เคยส่งเข้าไปขอเปลี่ยนแปลง เนื้อหาในจดหมาย คือให่เราเซ็นต์ยินยอม ลดเงื่อนไจการประกัน ในโรคของต่อมทอสิน ของลูกว่าไม่คุ้มครอง ถ้าไม่เซ็นต์จะยกเลิกประกัน งง มาก บอกว่าเป็นเงื่อนไขบริษัท ถ้าจะให้คุ้มครองต่อต้องเซ็นต์ยอมรับว่าไม่คุ้มครองต่อมทอมสิน ถ้าไม่เซ็นต์ยกเลิกการคุ้มครองทั้งหมด แบบนี้ได้ด้วยเหรอ บริษัทประกันอื่นเป็นแบบนี้มั้ย หรือใครเคยเจอบ้างคับ ควรจะต้องทำอย่างไรครับ กำลังปรึกษา สคบ.อีกทางนึง,"ลูกค้าได้รับจดหมายจากกรุงไทยแอ็กซ่า แจ้งว่ามีการส่งเรื่องขอเปลี่ยนเงื่อนไขการประกันโดยไม่ได้ดำเนินการเอง
เนื้อหาจดหมายระบุให้เซ็นยินยอมลดความคุ้มครองโรคต่อมทอนซิลของบุตร โดยหากไม่ยินยอมจะถูกยกเลิกการประกันทั้งหมด
ลูกค้ารู้สึกสับสนและไม่เห็นด้วยกับเงื่อนไขที่บังคับให้ยอมรับการไม่คุ้มครองเพื่อรักษาความคุ้มครองในส่วนอื่น
สอบถามว่าบริษัทประกันรายอื่นเป็นเช่นเดียวกันหรือไม่ และควรดำเนินการอย่างไรต่อไป",eval,Hybrid,2020,8,4,2.0,0.5447773933410645,0.4124940236409505,0.5875059763590496
39887944,เคยเจอประกันชั้น 1 ขึ้นค่าเบี้ย ทั้งๆที่ไม่ได้เป็นฝ่ายผิด ไม่เคยเคลม ไหมครับ สวัสดีครับ พอดีผมทำประกันกับ ไดเรคเอเชีย ปีนี้แจ้งต่ออายุมา เบี้ยขึ้นไปพันกว่าบาท แต่ รถไม่เคยเคลม ไม่เคยเป็นฝ่ายผิด ผมถามเหตุผลเขา เขาบอกว่ามีการปรับฐานเบี้ยประกันขึ้น และราคาที่ขึ้นนี้ รวมส่วนลดประวัติดีแล้ว จะสอบถามท่านอื่นว่าเคยเจอบริษัทอื่นเป็นแบบนี้ไหมครับ,"ผู้ร้องเรียนระบุว่าได้ทำประกันชั้น 1 กับบริษัทไดเรคเอเชีย และไม่เคยเคลมสินไหม รวมถึงไม่เคยเป็นฝ่ายผิด
อย่างไรก็ตาม เมื่อถึงช่วงต่ออายุกรมธรรม์ พบว่าเบี้ยประกันเพิ่มขึ้นกว่าพันบาท
ผู้ร้องเรียนสอบถามเหตุผลจากบริษัท ซึ่งแจ้งว่าเกิดจากการปรับฐานเบี้ยประกันขึ้น
ผู้ร้องเรียนแสดงความไม่พอใจต่อการปรับเบี้ยในกรณีที่ไม่มีประวัติการเคลมหรือความเสียหาย",eval,Hybrid,2020,7,4,1.75,0.5802752375602722,0.490269660949707,0.509730339050293
39278196,ขอสอบถามเรื่องเรียกร้องสินไหม และ ค่าเสียหายต่างๆ ผมขับมอเตอร์ไซค์แล้วโดนรถกะบะชนซึ่งผมเจ็บต้องหยุดงาน รถมอไซค์เสียหายพังยับ ซึ่งผมได้ทำเรื่องเรียกร้องค่าเสียหาย และ ค่าสินไหมต่างๆกับบริษัทประกันของคู่กรณี ดังนี้ 1. ค่าซ่อมรถ ศูนย์ประเมิน 17650บาท บริษัทประกันให้แค่11350บาท 2.ค่าไม่มีรถใช้ บริษัทประกันให้5วันวันละ300บาท 3.ค่าพักรักษาตัว บริษัทประกันให้7วันวันละ550บาท ซึ่งรวมทั้ง3ส่วนเป็นจำนวน16700บาท ซึ่งผมอยากถามว่า กี่วันผมถึงจะได้ค่าชดเชยสินไหมและค่าซ่อมรถครับ ขอขอบคุณล่วงหน้าครับ,"ผู้ร้องเรียนประสบอุบัติเหตุรถจักรยานยนต์ถูกชนโดยรถกะบะ ส่งผลให้ต้องหยุดงานและมีค่าเสียหายต่อรถ
บริษัทประกันคู่กรณีเสนอชดเชยค่าซ่อมรถ 11,350 บาท ซึ่งน้อยกว่าราคาประเมินศูนย์ 17,650 บาท
บริษัทประกันอนุมัติค่าไม่มีรถใช้ 5 วัน และค่าพักรักษาตัว 7 วัน รวมเป็นเงิน 16,700 บาท
ผู้ร้องเรียนสอบถามระยะเวลาในการได้รับการชดเชยค่าเสียหายและค่าซ่อมรถ",eval,Hybrid,2019,8,4,2.0,0.5723501443862915,0.3703359762827555,0.6296640237172445
41712758,ไปเที่ยวญี่ปุ่น ประกันต่างประเทศตัวไหนที่ดีและคุ้มที่สุดครับ คือผมไม่ได้กะว่าจะต้องใช้นะครับ ทำกันไว้เผื่อฉุกเฉิน แต่อยากได้แบบ เคลมง่าย ไม่ตุกติก และมีของแถมอื่นๆด้วยแบบหักลบแล้ว โอเคตัวนี้คุ้ม แถมได้การคุ้มครองด้วย อะไรแนวนี้ครับ รบกวนขอคำแนะนำด้วยครับ,"ผู้ร้องขอสอบถามเกี่ยวกับบริษัทประกันภัยต่างประเทศที่เหมาะสมสำหรับการเดินทางไปญี่ปุ่น
ต้องการประกันที่ให้ความคุ้มครองดี มีของแถมเพิ่มเติม และคุ้มค่าเมื่อหักลบค่าใช้จ่ายแล้ว
เน้นความคุ้มครองในกรณีฉุกเฉิน แม้จะไม่ได้มีเจตนาใช้งานจริง
ต้องการข้อมูลเพื่อประกอบการตัดสินใจเลือกประกันที่เหมาะสมที่สุด",eval,Hybrid,2022,7,4,1.75,0.4591799080371856,0.3817794720331827,0.6182205279668173
33960236,มีใครที่ไม่คิดจะทำประกันชีวิต สุขภาพ อุบัติเหตุเลยบ้างค่ะ มันจะเสี่ยงมัยค่ะ เราอ่านเจอเรื่องราวที่เกี่ยวกับปัญหาของการทำประกันเยอะมากค่ะ ทั้งโดนหลอกทำประกัน ทำประกันแล้วเคลมจริงๆไม่ได้ มันทำให้เราสองจิตสองใจว่าทำประกันมีประโยชน์จริงๆหรอ แล้วถ้าเราเก็บเงินเองไปเรื่อยๆละ จะลดความเสี่ยงได้มากน้อยแค่ไหน เรารู้ว่าประกันชีวิตมีประโยชน์นะคะ แต่ระบบทำให้เราค่อนข้างกังวลว่าเราจะไม่ได้ประโยชน์ตามที่คาดหวัง เราไม่คิดจะทำประกันชีวิตค่ะ แต่ตอนแรกคิดว่าจะซื้อประกันสุขภาพและอุบัติเหตุแบบจ่ายทิ้ง แต่ก็เจอปัญหาเรื่องเคลม และเบี้ยที่สูงขึ้นทุกปี ตอนนี้เลยคิดว่า งั้นเราเก็บเงินเป็นค่ารักษาพยาบาลตัวเองแล้วกัน ไม่รู้เป็นความคิดที่งี่เง่ามัย อยากทราบความคิดเห็นของท่านอื่นๆด้วยค่ะ ปล ตอนนี้เราอยู่อังกฤษ คนที่นี่แทบไม่มีใครทำประกันเลย ยกเว้นพวกประกันสัตว์เลี้ยง 55 เพราะสวัสดิการสังคมเค้าดีมากค่ะ เราอยากให้เมืองไทยเป็นแบบนี้บ้าง แต่กลับกัน ที่อเมริกา เพื่อนบอกว่าถ้าไม่ทำประกันนี่ตายสนิท ทุกอย่างแพงมหาศาล,"ผู้ร้องเรียนกังวลเกี่ยวกับความคุ้มครองจากประกันชีวิต สุขภาพ และอุบัติเหตุ เนื่องจากเคยพบข่าวเรื่องการถูกหลอกทำประกันและการเคลมไม่สำเร็จ
เบี้ยประกันที่ปรับเพิ่มขึ้นทุกปีและกระบวนการเคลมที่ซับซ้อนทำให้รู้สึกไม่มั่นใจในประโยชน์ที่ได้รับ
จึงพิจารณาเลิกทำประกันและเลือกเก็บเงินสะสมไว้ใช้เองแทนเพื่อลดความเสี่ยงด้านการเงิน
ผู้ร้องเรียนต้องการความเห็นจากผู้อื่นเพื่อประกอบการตัดสินใจในทางเลือกนี้",eval,Hybrid,2015,18,4,4.5,0.4364667534828186,0.2273432811101277,0.7726567188898723
40894497,ยื่นเอกสาร เคลมประกัน covid เจอจ่ายจบ ไปแล้ว 15วัน เอกสารครบ ไม่มีการตอบกับใดๆ ควรทำอย่างไรดี ตามหัวข้อเลยครับ ตอนนี้ก็ครบ 15วันแล้ว ไม่มีการตอลกลับอะไรเลยครับ ตอนแรกเห็นบอก 7 14 วัน ตอนนี้บอกมีคนเครมเข้ามาเป็นจำนวนมาก เลยเป็น 14 20 วัน อยากทราบว่าถ้าหากไม่มีการตอบกลับใดๆครบ 20วัน หลังจากนั้นควรทำอย่างไรต่อไปดีครับ เพราะประกันที่ทำไปก็มีชื่อเสียงอยู่พอสมควรเลยคิดว่าไม่น่าจะไม่จ่าย เพราะมันไม่คุ้มกับการโดนฟ้อง แต่อยากทราบว่าถ้าหากไม่ได้เงินหลังจาก20วันจริงๆควรทำอย่างไรครับ เพราะทำไปตั้งแต่ยอดคุ้มครอง หากติด 2แสน หรือเสียชีวิต ก็ 2แสน แต่ตอนนี้ดันไม่มีการตอบกลับอะไรเลย หรือเราควรไปสำนัขงานใหญ่เลยครับ เรื่องจะได้เดินเร็วมากยิ่งขึ้น,"ผู้ร้องเรียนระบุว่าไม่ได้รับการติดต่อกลับจากบริษัทประกันภัย แม้จะแจ้งเคลมตามระยะเวลาที่ระบุไว้
บริษัทฯ เปลี่ยนระยะเวลาการพิจารณาจากเดิม 7–14 วัน เป็น 14–20 วัน โดยอ้างเหตุผลจากปริมาณคำขอเคลมที่มาก
ผู้ร้องเรียนสอบถามแนวทางดำเนินการหากไม่ได้รับผลตอบกลับภายใน 20 วัน และต้องการทราบขั้นตอนถัดไป
นอกจากนี้ ผู้ร้องเรียนแสดงความกังวลเกี่ยวกับความน่าเชื่อถือของบริษัทประกันภัยที่มีชื่อเสียง และพิจารณาเดินทางไปสำนักงานใหญ่เพื่อดำเนินการต่อ",eval,Hybrid,2021,15,4,3.75,0.4778080582618713,0.5142035484313965,0.4857964515686035
40906289,แถลงสุขภาพยังไงตอนสมัครประกันสุขภาพ ออกตัวก่อนนี้เป็นกระทู้แรกของเรา ผิดพลาดยังไงก็ขอโทษด้วยนะค่าา เรากำลังสนใจที่จะทำประกันสุขภาพเพิ่มเติม ดูไว้อยู่สองสามที่ แล้วก็ตัดสินใจทำประกันที่นึงผ่านตัวแทน โดยเลือกจากเบี้ยประกัน และความคุ้มครองที่จะได้รับ รวมถึงตัวบริษัทประกันด้วย คิดว่าคุ้มค่าและเหมาะสมกับเราสุด ทางตัวแทนก็ถามคำถามตามแบบฟอร์มที่จะต้องกรอกข้อมูลส่งเพื่อทำการสมัคร เราก็ตอบทุกคำถาม และแจ้งประวัติการรักษาต่างๆที่เคยรักษาในช่วง 3 5ปีที่ผ่านมา แต่พอตัวแทนส่งแบบฟอร์มที่เค้ากรอกให้ เราเจอว่ารายละเอียดผิดจากที่เราแจ้งไปเล็กน้อย เช่นเราบอกว่า หมอแจ้งในประวัติรักษาว่ามารักษาเรื่องจอประสาทตา แต่ตัวแทนกลับไม่ได้ระบุเรื่องจอประสาทตา แต่ระบุอาการอื่นๆที่เราเคยรักษา เราเองก็กลัวว่าจะกลายเป็นว่าเราแถลงข้อความไม่ครบถ้วนแล้วจะมีปัญหาตอนเคลมประกันภายหลัง ทางตัวแทนชี้แจ้งว่าสามารถระบุเป็นอาการแบบนี้ได้ เพราะสุดท้ายทางบริษัทจะต้องขอประวัติการรักษาเพิ่มเติมอยู่แล้ว ซึ่งในประวัติรักษาจะเป็นข้อมูลที่ละเอียดมากพอ เราไม่มั่นใจก็เลยไม่ได้ดำเนินการทำประกันต่อ และแจ้งว่าเราขอทบทวนอีกครั้งก่อน เพิ่มเติมอีกนิด เราเห็นมันมีให้เลือกว่าเคยรักษาหรือเป็นโรคอะไรมาบ้าง แล้วมันมีเรื่องของโรคจอประสาทตาด้วย เราเลยกังวลว่าจะกลายเป็นเราแจ้งข้อมูลที่เป็นเท็จ ถ้าเราไม่ได้ระบุลงไป ที่สงสัยคือปกติเค้าแถลงกันแบบนี้ได้หรอคะ แถลงแค่อาการตอนไปรักษา หรือแจ้งแค่บางส่วน แล้วรอให้บริษัทขอประวัติหรอคะ ไม่ใช่ว่าต้องแถลงให้ถูกต้องหรอ เพราะเข้าใจมาตลอดว่าต้องแถลงให้หมด มีใครเจอแบบนี้ไหมคะ,"ผู้ร้องเรียนแจ้งประวัติการรักษาทั้งหมดอย่างละเอียดตั้งแต่ต้น แต่พบว่าตัวแทนประกันได้กรอกข้อมูลในแบบฟอร์มไม่ตรงกับข้อเท็จจริงที่แจ้งไว้ โดยเฉพาะการไม่ระบุเรื่องจอประสาทตาที่แพทย์เคยระบุไว้
ผู้ร้องเรียนกังวลว่าหากข้อมูลไม่ครบถ้วนอาจส่งผลเสียต่อการเคลมประกันในอนาคต
แม้ตัวแทนอธิบายว่าบริษัทจะขอประวัติเพิ่มเติมเอง แต่ผู้ร้องเรียนยังไม่มั่นใจจึงเลือกหยุดดำเนินการชั่วคราวเพื่อทบทวนข้อมูลใหม่
ผู้ร้องเรียนสงสัยว่าการระบุเฉพาะอาการขณะรักษาโดยไม่รวมโรคพื้นฐานเป็นแนวทางที่เหมาะสมหรือไม่ และกังวลว่าอาจถูกตีความว่าแถลงข้อมูลเท็จหากไม่ระบุโรคจอประสาทตาไว้",eval,Hybrid,2021,22,4,5.5,0.4052645564079284,0.6519430081049601,0.3480569918950399
36801848,จอดอยู่ดีๆ โดนรถถอยมาชน ประกันให้ 1200 บาท เหมาะสมมั๊ยคะ ขอเล่าย่อๆนะคะ รถญาติเราไม่มีประกัน จอดอยู่ในช่องจอด มีรถถอยมาชน คันนี้มีประกันชั้น1 ความเสียหาย ป้ายทะเบียนงอ กันชนถลอก และกันชนเผยอด้านข้าง จากการโดนกระแทก ไม่แนบเหมือนปกติ หลังจากจนท.ประกันมาดู ตกลงกันไม่ได้ เนื่องจากทางประกันบอกว่าให้ซ่อมอู่ แต่ญาติเราเค้าบอกว่าขอซ่อมศูนย์ได้มั๊ย เพราะรถเข้าศูนย์มาตลอด และไม่เคยโดนแบบนี้ คือไม่ค่อยรู้เรื่องการเคลม ประกันไม่ยอม คุยกันอยู่ซักพัก เจ้าของรถก็เริ่มพูดไม่ดี ประมาณว่า ถ้าเรื่องมาก เดี๋ยวจะออกส่วนต่างให้เองจะได้จบ แต่. ตอนนี้ประกันแจ้งว่าจะจ่ายให้ 1200 บาท และ ศูนย์ตีค่าซ่อมมา 81xx บาท พอแจ้งเจ้าของรถ เค้าบอกว่า แพงเกิน คิดจะไม่เกินพันนึง คือสรุปคงจะไม่จ่าย จะทำอย่างไรได้บ้างมั๊ยคะ,"รถของญาติถูกชนขณะจอดอยู่ในช่องจอด โดยรถคันที่ชนมีประกันชั้น 1
ความเสียหายเกิดที่ป้ายทะเบียนงอ กันชนถลอก และกันชนด้านข้างไม่แนบสนิท
ประกันเสนอชดเชย 1,200 บาท ซึ่งต่ำกว่าค่าซ่อมศูนย์ที่ประมาณ 8,100 บาท
เจ้าของรถที่ชนไม่เห็นด้วยกับค่าซ่อมและปฏิเสธจ่ายส่วนต่างเกินพันบาท",eval,Hybrid,2017,20,4,5.0,0.4911672472953796,0.3366952737172444,0.6633047262827556
36085743,สินไหมทดแทน คืนทุน โครงการรถคันแรก ต้องการทราบรายละเอียดเกี่ยวกับการเรียกร้องค่าสินไหมทดแทนของประกัน รถเกิดอุบัติเหตุ โดนรถทัวร์ชน วันเกิดเหตุ มีทั้งหมด8คัน เราบาดเจ็บต้องรักษาตัวที่ รพ. เป็นเวลา1คืน รอดูอาการ คุณหมอให้กลับบ้านพักฟื้นเป็นเวลา 5 วัน เราสามารถเรียกร้องค่าอะไรได้บ้างค่ะ และเรื่องรถเสียหายหนักประกันคืนทุน แต่เราเข้าโครงการรถคันแรก ประกันแจ้งว่าต้องเอาเงินไปคืน กรมสรรพสามิต ประกันไม่รับผิดชอบส่วนนี้ รายการที่ประกันรับผิด 1.คืนทุน 2.จ่ายชดเชยค่าพักฟื้น 5 วัน ตามใบรับรองแพทย์ 3.จ่ายค่าเสียโอกาสในการใช้รถเป็นเวลา 23 วัน วันละ300 นับจากวันที่เกิดเหตุ วันอนุมัติคืนทุน .ประกันแจ้งว่า ถ้าต้องการนอกเหนือจากนี้ต้องมีเอกสารประกอบ และมีใบเสร็จ. รบกวนผู้รู้ช่วยตอบคำถามด้วยนะคะ,"ผู้ร้องเรียนประสบอุบัติเหตุรถชนกับรถทัวร์ ทำให้ต้องรักษาตัว 1 คืนและพักฟื้นต่ออีก 5 วัน
บริษัทประกันจ่ายค่าชดเชยตามสิทธิ์ เช่น การคืนทุน การพักฟื้น และค่าเสียโอกาสใช้รถ 23 วัน
อย่างไรก็ตาม ประกันไม่รับผิดชอบค่าใช้จ่ายที่เกิดจากการเข้าโครงการรถคันแรก โดยระบุให้ผู้เอาประกันดำเนินการเองกับกรมสรรพสามิต
ผู้ร้องเรียนต้องการทราบว่าสามารถเรียกร้องสิทธิ์เพิ่มเติมใดได้บ้าง และต้องใช้เอกสารอะไรประกอบบ้าง",eval,Hybrid,2017,15,4,3.75,0.4847805798053741,0.4714665412902832,0.5285334587097168
39638281,ประสบการณ์ทำประกันกับกรุงไทยแอกซ่า เราซื้อประกันสุขภาพเบี้ยประมาณ 3 หมื่นบาท ต่อปี ทั้งแฟนและตัวเราเอง แฟนก็ยังซื้อกองทุนเพิ่มอีกด้วย ปีละ1แสนถ้าไม่ติดว่าไม่ครบปี เลิกทำไปแล้ว ปกติไปหาหมอก็ใช้ได้ปกติ ตัวแทนก็ตอบคำถามดีทุกครั้ง อยู่มาวันหนึงรู้สึกเจ็บหน้าอก คิดว่าเป็นสิวธรรมดา แต่มันใหญ่กว่าปกติเลยไปหาหมอคุณหมอบอกว่าเป็นซีสมีอาการอักเสบต้องผ่าออก แต่เป็นการผ่าตัดเล็กใช้เวลา1 2ชม การเข้าผ่าตัดได้คุยกับทางตัวแทนแจ้งว่าไม่ต้องสำรองจ่ายเพราะว่าทำแบบ คุ้มครองการรักษา การทำก็ไม่ได้ขอตรวจร่างการเพราะว่าเป็นการทำแบบแพลน IPD OPD ไม่ต้องออกค่าใช้จ่ายเลย ก่อนจะผ่าทางพยาบาลก็ได้บอกว่าอาจจะต้องสำรองจ่ายเอง เราเชื่อมั่นในกรุงไทยมาก ยอมที่จะสำรองจ่าย ่หมอนัดให้ไปผ่าออกตั้งแต่วัน16ธค62เวลา 15.30น ตัวเราก็หมั่นใจในการดูแลผุ้ทำประกันมั่นใจว่าต้องได้เงินเคลมคืน ณ.วันนี้14 2 63 เจ้าหน้าที่บ่ายเบี่ยงที่จะจ่ายค่ารักษาที่สำรองออกไปก่อน 1500 บาท โดยที่บริษัทแจ้งกับตัวแทนว่าต้องขอเช็คประวัติการรักษาและขอเอกสารกับทางรพ.ว่าเราเคยได้ทำการผ่าตัดมาก่อนหรือป่าว โยนกันไปโยนกันมา สรุปออกมาว่า รอ เบิกเคลม 90 วัน นับตั้งแต่ วันยื่น คือวันที่ 26 ธค ปล.เงินเดือนน้อยตัดสินใจทำประกันเพื่อชีวิตที่ดีกว่าประกันสังคม มาเจอกับตัวแบบนี้ ลาก่อนคะ ตอนขายอยากได้เบี้ย รีบอนุมัติ ตอนจ่ายช้า เข็ดแล้วค่ะบริษัทนี้ ใครจะซื้อ คิดให้ดีๆก่อนนะคะ เคยเจอแต่คนอื่นร้องเรียน ไม่คิดว่าเจอด้วยตัวเอง,"ผู้ร้องเรียนเข้ารับการผ่าตัดเล็กตามแผนการรักษาที่ครอบคลุมโดยกรมธรรม์ประกันภัย และได้รับคำยืนยันจากตัวแทนว่าไม่จำเป็นต้องสำรองจ่าย
ก่อนผ่าตัด พยาบาลแจ้งว่าอาจต้องจ่ายเอง แต่ผู้ร้องเชื่อมั่นในบริษัทและจึงชำระค่าใช้จ่ายล่วงหน้าจำนวน 1,500 บาท
หลังการผ่าตัด บริษัทปฏิเสธการจ่ายคืนทันที โดยอ้างว่าต้องตรวจสอบประวัติการรักษาและขอเอกสารจากโรงพยาบาล
บริษัทแจ้งให้รอเคลมเป็นระยะเวลา 90 วันนับจากวันยื่นเอกสารเมื่อวันที่ 26 ธันวาคม ซึ่งทำให้ผู้ร้องเรียนรู้สึกผิดหวังและไม่พอใจกับบริการ",eval,Hybrid,2020,24,4,6.0,0.5167697668075562,0.4781545003255208,0.5218454996744792
41384549,ชับบ์ สามัคคีประกันภัย ต่อจากกระทู้ ที่แล้ว เมื่อสักครู่ มีเจ้าหน้าที่โทรมาหาเรา และอธิบายให้เราฟังว่าทำไมถึงสินไหมไม่อนุมัติ อ้างว่าเป็นไปของ 5 ข้อ สธ. นี่ก็ถามกลับว่าถ้าขึ้นว่าเป็นประกันชดเชยรายได้ ถ้าแอดมิทโรงพยาบาล หรือ ได้เข้าพักโรงพยาบาล หรือ Hopitel ยังไงก็ต้องจ่ายสินไหมนะครับ ไม่มีข้อยกเว้น เพราะเป็นดุลพินิจของแพทย์ไม่ใช่ผู้ป่วย และระยะเวลาที่เราเข้ารักษาตัวกับ โรงพยาบาล หรือ Hospitel ก็ทำให้เราขาดรายได้ ซึงมันก็สอดคล้องกับประกัน ที่ว่าชดเชยรายได้ แล้วทางประกันอ้างแบบนี้เท่ากับ ปฏิเสธความรับผิดชอบนะครับ เราว่าเราจะร้องเรียนหน่วยงานที่เกี่ยวข้อง คปภ ให้เข้ามาตรวจสอบและดูแลผู้เอาประกัน อย่าปฏิเสธ อะไรที่มันเป็นสิทธิของเรา ตอนเก็บชำระค่าเบี้ย เราไม่เห็นต้องใหัคุณตามทวง หรือ ไม่จ่ายคุณ เราแฟร์กับประกัน ประกันก็ต้องแฟร์กับเรา จรรยาบรรณคุณต้องมี ชับบ์ สามัคคีประกันภัย,"การเข้ารับการรักษาในโรงพยาบาลหรือ Hospitel ถือเป็นเหตุการณ์ที่ต้องได้รับสินไหมตามเงื่อนไขกรมธรรม์
ผู้เอาประกันมีสิทธิ์ได้รับการชดเชยรายได้จากการขาดงานเนื่องจากต้องพักรักษาตัว
บริษัทประกันภัยระบุว่าการพิจารณาเป็นดุลยพินิจของแพทย์ ซึ่งอาจทำให้ปฏิเสธสินไหมโดยไม่มีข้อยกเว้น
ผู้ร้องเรียนขอให้หน่วยงานกำกับดูแล เช่น คปภ. เข้ามาตรวจสอบความโปร่งใสและความเป็นธรรมในการดำเนินงาน",eval,Hybrid,2022,17,4,4.25,0.4916822910308838,0.476943572362264,0.5230564276377361
38068431,มีเรื่องปรึกษา ปัญหาชีวิต สวัสดีค่ะ วันนี้เรามีเรื่องจะปรึกษา เราเป็นคนเล่าเรื่องไม่ค่อยเก่ง การเรียงประโยคอาจจะงงๆ ไปบ้าง ขออภัยนะคะ 1. เรากู้ซื้อบ้านกับ ธนาคาร ธอส. ได้ประมาณ 1 ปีแล้ว แล้วทาง ธนาคารได้ให้เราทำประกันคุ้มนิรันด์ ไว้ด้วย ยอดกู้ซื้อบ้านประมาณ ล้านสองแสนบาท แล้วประกันที่ทำประมาณ สามหมื่นกว่าบาท คุ้มครองเป็นระยะเวลา 15 ปี คำถามนะคะ หากวันนึงในเร็ววันนี้ เราตาย ฆ่าตัวตาย คนที่ได้ผลประโยชน์ ที่ระบุไว้คือ ชื่อแม่ กับพี่สาว เขาจะต้องส่งในส่วนนี้ต่อหรือเปล่าค่ะ แล้วถ้าเราต้องการให้คนอื่นได้หรือเปล่าค่ะ 2. แล้วถ้ามีเป็นหนี้ ในส่วนของ กยศ. อยู่ มีชื่อ พ่อเป็นคนค้ำประกัน ถ้าเราตาย พ่อเราต้องรับผิดชอบในส่วนนี้หรือเปล่าค่ะ,"ผู้ร้องเรียนกู้ซื้อบ้านกับธนาคารธอส. ได้ประมาณ 1 ปี และได้ทำประกันคุ้มครองชีวิตระยะ 15 ปี มูลค่าประมาณ 30,000 บาท
หากผู้ร้องเรียนเสียชีวิตในอนาคต ผู้รับผลประโยชน์ตามกรมธรรม์คือแม่และพี่สาว ซึ่งต้องการทราบว่าผู้รับผลประโยชน์ต้องชำระเบี้ยประกันต่อหรือไม่
นอกจากนี้ ผู้ร้องเรียนมีหนี้ กยศ. ที่พ่อเป็นผู้ค้ำประกัน และต้องการทราบว่าหากเสียชีวิต พ่อจะต้องรับผิดชอบหนี้นี้แทนหรือไม่",eval,Hybrid,2018,20,3,6.666666666666667,0.3285848498344421,0.6815447807312012,0.3184552192687988
37933246,รถซื้อประกันชั้น1 ซ่อมห้าง ผมได้ขับรถเบียดฟุตบาททำใก้รถเกิดความเสียหายบริเวณล้อแม๊กซ์ซึ่งเป็นอุปกรณ์ตกแต่งขนาด 17 ประกันชั้นหนึ่งซึ่งได้ทำไว้กับบริษัทสินมั่นคงประกันภัย ถ้าขอเสนอเปลี่ยนจะได้ไหมคับ อีกอย่างพนักงานก็ทำงานช้า ยื่นเคลมก็ยังไม่ได้คำตอบบอกรอฝ่ายช่างตรวจสอบ และพนักงานบริษัทก็พูดจาไม่สุภาพ รถที่บ้านผมทุกตันทำกับบริษัทนี้ทั้งหมด รู้สึกผิดหวังกับการบริการ ไม่มีการตามเรื่องแจ้งแค่ว่ารอเจ้าหน้าที่ประเมิน ผมเลยจะแจ้งยกเลิกเคลมและยกเลิกกรมธรรม์กับบริษัทสินมั่นคง เจ้าหน้าที่เคลมเลยแจ้งผมว่ายกเลิกได้คับลูกค้าจะยกเลิกเลยไหม นี่คือคำพูดของพนักงานเคลมหรอคับ แล้วหันไปบอกเจ้าหน้าที่อีกคนว่ายกเลิกเลยก็ได้และก็ทำสีหน้ากวน.ผมเลยอยากรู้ว่าพนักงานเคลมบริษัทนี้เค้าพูดกันแบบนี้หรอคับ อีกอย่างผมเข้าใจนะว่ารอ แต่น่าจะประสานงานให้ดีกว่านี้อย่างน้อยน่าจะทำตามสโลแกน มาเร็ว เคลมเร็ว ซ่อมเร็ว ผมคิดว่าผมควรยกเลิกเคลมและกรมธรรม์แล้วเอาเงินไปเปลี่ยนเองดีกว่าไหม,"ผู้ร้องเรียนแจ้งความประสงค์ยกเลิกการเคลมและกรมธรรม์กับบริษัทสินมั่นคง
เจ้าหน้าที่เคลมตอบรับด้วยถ้อยคำที่ฟังดูไม่เป็นทางการและแสดงท่าทีไม่เหมาะสม
ผู้ร้องเรียนรู้สึกไม่พอใจกับการสื่อสารและการปฏิบัติงานของพนักงาน ซึ่งขัดกับภาพลักษณ์ของบริษัท
ผู้ร้องเรียนพิจารณาเปลี่ยนไปใช้บริการอื่นแทนเนื่องจากความไม่ประทับใจในบริการ",eval,Hybrid,2018,16,4,4.0,0.4056141376495361,0.4626893997192383,0.5373106002807617
40500742,ขับรถชนไม่มีเงินจ่ายค่าทำขวัญติดคุกไหม เราขับรถชนคู่กรณีเกิดจากความประมาท รถเรามีประกันชั้น 1 เราคอยไปดูแลเขาบ้าง แต่ไม่บ่อย ไม่ทุกวัน ไม่สม่ำเสมอ แต่ไม่ใช่ว่าไม่ไปเลย เอาของกินไปให้บ้าง ตอนนี้เวลาผ่านมา 1 เดือนกว่าๆ ทางตำรวจเรียกไปคุย เขาเรียกเรา 500 บาท ต่อกันไปมาเขาลดให้เหลือ 300 บาท แต่เนื่องจากทางบ้านค่อนข้างยากจนไม่มีกำลังทรัพย์มากพอ ให้ได้แค่ 1500 บาท แต่เขาไม่รับ ยืนยันจะเอาแต่ 300 บาท แล้วจะให้เรื่องจบ อันนี้คือแค่ค่าทำขวัญนะ เขาได้จากค่ารักษาพยาบาลไปแล้ว 300 กว่า และรักษาต่อจนหายสนิทจากทางประกัน ค่าซ่อมรถก็ซ่อมให้แล้ว แต่เขาไม่พอเขาจะเรียกร้องแค่เรา ให้เราจ่ายเขาให้ได้ ตอนนี้คือยอมแล้ว ยอมรับผิด ยอมรับทุกอย่าง ไม่อยากสู้แล้ว และไม่หนีด้วย เลยจะยอมรับผิด ให้เขาฟ้องร้องขึ้นศาลคดีอาญา อยากทราบว่าคดีนี้ติดคุกนานไหม เท่าที่ไปอ่านมา คือไม่เกิน 3 ปี ปรับจำไม่ได้ เราไท่มีปัญญาจ่ายค่าทำขวัญจริงๆ เราเพิ่งจะอายุ 18 ปีนิดๆ คงต้องยอมรับผลกรรมที่จะเกิด,"ผู้ร้องเรียนขับรถชนคู่กรณีโดยความประมาท แต่มีประกันชั้น 1 ครอบคลุมค่ารักษาพยาบาลและซ่อมรถ
ผู้ร้องเรียนเคยไปเยี่ยมดูแลคู่กรณีบ้าง แต่ไม่สม่ำเสมอ และมีความยากจนจึงจ่ายได้เพียง 1,500 บาท
คู่กรณีเรียกร้องค่าทำขวัญ 300 บาท แม้ผู้ร้องเรียนจะเสนอเงินจำนวนดังกล่าวแล้วแต่กลับถูกปฏิเสธ
ผู้ร้องเรียนยอมรับผิดชอบทุกอย่างและไม่ต้องการสู้ต่ออีกแล้ว",eval,Hybrid,2021,20,4,5.0,0.4553856253623962,0.4881343444188435,0.5118656555811565
37518126,เสียความรู้สึกกับอยุธยาอลิอันซ์มาก พ่อผมเป็นข้าราชการตำรวจ เมื่อ 10 ปีก่อน หลวมตัวทำประกันชีวิตให้พ่อไปเพื่อหวังผลของประกันสุขภาพ เพราะ ตอนนั้นสวัสดิการพยาบาลของรัฐบาลไม่ค่อยดี แต่ตอนนี้ พ่อผมเกษียณและระหว่างทางสวัสดิการของรัฐบาลก็มีการเปลี่ยนแปลงหลายอย่างแล้ว วันนี้จึงอยากยกเลิกประกันสุขภาพที่เป็นตัวเสริม เหลือแค่ประกันหลัก เพราะไม่อยากให้เงินที่จ่ายไปศูนย์ พร้อมทั้งเปลี่ยนแปลงขั้นอาชีพให้พ่อเนื่องจากเกษียณแล้ว ขั้นอาชีพย่อมลงมาขั้นที่1 ซึ่งไม่มีความเสี่ยงตอนเป็นตำรวจจะเป็นขั้นที่มีความเสี่ยงสูง ส่งเรื่องไป รวมถึงการขอเปลี่ยนแปลงที่อยู่ เรื่องเปลี่ยนแปลงขั้นอาชีพ ยกเลิกประกันเสริม และ เปลี่ยนแปลงรายละเอียดบางเรื่องด้วย ทั้งหมด 4 รายการ มีเจ้าหน้าที่โทรมายืนยันกับพ่อผมเรื่องที่อยุ่เปลี่ยนแปลงให้ กับอีกเรื่องที่ไม่เกี่ยวกับค่าเบี้ยประกัน ก็ยืนยันไปปกติ แต่ ไม่ได้ระบุว่า เรื่องของการยกเลิกประกันเสริม กับ เรื่องเปลี่ยนขั้นอาชีพ ที่จะทำให้เบี้ยประกันลดลง ไม่ถูกดำเนินการ ถึงกำหนดชำระ ก็ได้ sms ปกติ แต่ตกใจที่เบี้ยยังเป็นราคาเดิมๆ ทั้งๆที่ทำเรื่องยกเลิกไปแล้ว จึงโทรถาม 1373 ได้ความว่า 2 เรื่องดังกล่าว ดำเนินการไม่ได้เพราะ ลายเซ็นไม่ตรงกับเล่มกรมธรรม์ แต่ก็แอบถามว่าที่อยู่เปลี่ยนแปลงไหม รวมทั้งอีกเรื่องนึง ปรากฏว่า 2 เรื่องนั้นเปลี่ยนแปลงแล้ว 1. แล้วทำไมอีก 2 เรื่องดำเนินการได้ฟ่ะ 2. แล้วทำไมไม่บอกตั้งแต่ที่มีการโทรแจ้งยืนยัน ก็เลยบอกไปว่า ลายเซ็นที่อยู่บนเล่มกรมธรรม์ก็อีกเรื่องนึง แต่ก่อนหน้านี้ทำเรื่องขอเปลี่ยนแปลงลายเซ็นไปแล้ว ทำไมยังไป reference กับลายเซ็นที่หน้ากรมธรรม์อยู่อีก call center ก็บอกแค่ เราต้องส่งเอกสารใหม่ คือแล้วเราต้องไปขอเอกสารใหม่ แล้วส่งใหม่ ทั้งๆที่เราเคยทำเรื่องขอเปลี่ยนแปลงลายเซ็นไปแล้ว แล้วเราต้องมาเสียเวลาอีกรอบยังงั้นเหรอ เจ้าหน้าที่ก็บอกว่าจะฝากเรื่องให้ติดต่อกลับ สุดท้ายก็เงียบ ไม่มีใครติดต่อกลับ ทำไมบริษัทระดับนี้ดำเนินการได้ไม่ดีเลย ค่าเบี้ยก็ไม่ใช้ถูกๆ,"ผู้ร้องเรียนได้ยื่นคำร้องขอเปลี่ยนแปลงที่อยู่ ยกเลิกประกันเสริม เปลี่ยนขั้นอาชีพ และแก้ไขรายละเอียดอื่นๆ รวม 4 รายการ
เจ้าหน้าที่โทรมาตรวจสอบและยืนยันการเปลี่ยนแปลงที่อยู่และอีกหนึ่งเรื่องที่ไม่เกี่ยวกับเบี้ยประกัน แต่ไม่ได้แจ้งว่าการยกเลิกประกันเสริมและการเปลี่ยนขั้นอาชีพไม่ได้รับการดำเนินการ
เมื่อถึงกำหนดชำระเบี้ย พบว่ายังคงถูกเรียกเก็บในอัตราเดิม จึงติดต่อสายด่วน 1373 และทราบว่าไม่สามารถดำเนินการได้เนื่องจากลายเซ็นไม่ตรงกับกรมธรรม์
ผู้ร้องเรียนชี้แจงว่าเคยขอเปลี่ยนลายเซ็นไปแล้ว และสอบถามเหตุผลว่าทำไมจึงยังอ้างอิงลายเซ็นเดิม โดยระบุว่าควรแจ้งข้อมูลล่วงหน้าแทนที่จะให้ส่งเอกสารใหม่โดยไม่มีเหตุผลชัดเจน",eval,Hybrid,2018,26,4,6.5,0.4894412159919739,0.6144879659016926,0.3855120340983073
39218090,ประกันรถยนต์ปีที่ 2 ต้องต่อล่วงหน้า 6 เดือนเลยหลอคะ หนุไม่รู้ช่วยหนูที สวัสดีค่ะถามเรื่องประกันปีที่ 2 ประกันที่ได้แถมจากรถเป็น โตเกียวมารีน โดยปีแรกมี่การเคลมซ่อมเปลี่ยนด้านหลังยกชุดแล้ว 1 ครั้ง ถอยชนเสา สักครู่นี้มีตัวแทนTQM โทรมาแจ้งเรื่องการต่อประกันปีที่ 2 ของเมืองไทยงงTQM แต่ต่อของเมืองไทย แจ้งให้ต่อล่วงหน้า 6 เดือนแจ้งประมาณว่ามีกฏหมายบังคับ ทุนประกัน60000 ไม่ระบุคนขับ พรบ. เบี้ย 20045 บาทแบ่งจ่ายได้ 5 งวด พรุ่งนี้จะมีคนเข้ามาเก็บค่างวดและเอากรมธรรมมาให้พร้อมจ่ายน่าจะค่าจองประกัน 300 กว่าบาทและแบ่งจ่ายอีก 4 งวดรวมเป็น5งวด พอชำระครบก็จะถึงกำหนดต่อประกันพอดี จึงอยากถามว่า ลักษณะนี้เหมือนเป็นการมัดมือชกให้เราเลือกประกันของเมืองไทยเลยใช่ไหมคะ จำเป็นต้องต่อล่วงหน้านานขนาดนี้ไหมคะ ออกรถวันที่ 24 มีนา 61 ควรต่อประกันล่วงหน้านานเท่าไหร่ คนที่โทรมาแจ้งว่า ประวัตินั้นที่เคลมจะถูกลบไปกลายเป็นลูกค้าเกรดดี เลยงงว่าได้ด้วยหลอ และไอที่ลบนี่เพราะเเปลี่ยนเจ้าใช่ไหมคะก็เหมือนเราเปลี่ยนเจ้าประวัติจากของเก่าไม่ตามมาอยู่แล้ว แต่กรณีนี้ไม่ได้เลือกเจ้าเอง ค่าเบี้ยทุนประกัน60000ไม่รุบุคนขับ พรบ. 20045 ถือว่าแพงไหมคะ รถ Mitzu Xpander ถ้าจะเลือกเจ้าทำประกันเองจะรับข้อมูลพวกเบี้ยประกัน การคุ้มครองได้จากไหนคะ เพื่อนำมาเปรียบเทียบแต่ละเจ้า. ถ้าจะทำประกันโดยเลือกเจ้าเองต้องติดต่อทางประกันอย่างไร ติดต่อทาง บ.ประกันโดยตรง หรือหาตัวแทนคะ ช่วยแนะนำประกันที่เจ้าที่ดีไม่ลวงหลอกค่าเบี้ยเหมาะสมกับประกันให้ทีค่ะ,"บริษัทประกันต้องการให้ต่อประกันรถยนต์ปีที่สองล่วงหน้า 6 เดือน ซึ่งทำให้ผู้ร้องเรียนรู้สึกว่าถูกมัดมือชก
มีข้อสงสัยว่าเหตุใดจึงต้องต่อประกันล่วงหน้ามากขนาดนี้ โดยเฉพาะเมื่อไม่มีการแจ้งข้อมูลชัดเจนเกี่ยวกับกฎหมายบังคับหรือเหตุผลที่แท้จริง
ผู้ร้องเรียนกังวลว่าประวัติการเคลมในปีแรกอาจถูกลบออกเมื่อเปลี่ยนบริษัทประกัน ทำให้ได้รับอัตราเบี้ยที่ดีขึ้นโดยไม่ทราบสาเหตุ
สอบถามแนวทางในการเปรียบเทียบเบี้ยประกันและช่องทางการติดต่อบริษัทประกันโดยตรงเพื่อเลือกเจ้าของประกันเอง",eval,Hybrid,2019,19,4,4.75,0.5638954043388367,0.4910981257756551,0.508901874224345
33601364,การเคลมประกัน พอดีเมื่อวานขับรถกำลังจะเลี้ยวเข้าหอ ไม่ได้เปิดไฟเลี้ยว อยู่ดีดี รถจักรยานยนต์ ที่ตีแซงขึ้นมาทางซ้าย ก็ขึ้นมาเกยบนรถผมซะแล้ว กระจกส่องไหล่ทางหัก ผมก็ยอมรับผิดโดยดี โดยยอมรับจะเป็นฝ่ายชดใช้ค่าเสียหาย รถของคู่กรณี ในกรณีนี้ผมสามารถให้ประกันจ่ายได้ไหมครับ รถของผมประกันภัยชั้น 1 ทำมา 10 ปีแล้วไม่เคยเคลม แต่แผลเล็กๆรอบคัน 1. เกิดสมมติว่าประกันยอมจ่ายนี่ ต้องทำไรบ้างครับ เอาคู่กรณีมายืนยัน หรือ เพียงแค่แสดงใบเสร็จ 2. ถ้าประกันไม่จ่ายระหว่างผมเคลมทั้งคันไปเลย กับ ออกตังซ่อมกระจกไหล่ทางเอง ไหนคุ้มกว่าครับ 2.1กรณีเคลมรอบคัน รถผมบุบ 2 ที่ คือ ท้ายรถชนต้นไม้ ด้านข้างหน้ารถไม่รู้ใครถอยมาชน และแผลถลอกรอบๆรถ ขูดเสาแต่ไม่บุบ ต้องบอกยังไงถึงได้รับการเคลมครับ อยู่ๆ บอกไปทีเดียวแบบนี้ ประกันจะสงสัยไหม แล้วต้องมีค่าใช้จ่ายส่วนเกินอีกไหมครับ 3. ในกรณีที่ผมยอมรับผิดไปแล้ว ด้วยความรีบทำธุระ ภายหลังพบว่า คู่กรณีไม่มีใบขับขี่ และถนนที่ผมขับนั้นแคบมาก รถจอดเกือบตลอดแนว รถสวนกันแทบจะลำบาก ก่อนผมจะเลี้ยวเข้าหอ แน่นอนไม่ได้เปิดไฟเลี้ยว แต่น่าจะแตะเบรกไปแล้ว แบบนี้ใครผิดมากกว่ากัน ผมว่าคู่กรณีคงรีบมากๆ เพราะ หอก็อยู่ใกล้กัน ประกอบกับเพิ่งไปซื้อข้าวมา คงจะหิว แบบนี้ใครผิดมากกว่ากันครับ,"ผู้ร้องขอสอบถามเกี่ยวกับสิทธิ์การเคลมประกันภัยชั้น 1 สำหรับความเสียหายเล็กน้อยรอบตัวรถ โดยต้องการทราบขั้นตอนและเอกสารที่จำเป็นหากต้องการให้ประกันจ่าย
ผู้ร้องขอตั้งคำถามถึงความคุ้มค่าของการเคลมเทียบกับการซ่อมเอง โดยเฉพาะเมื่อเกิดความเสียหายหลายจุดพร้อมกัน
ผู้ร้องขอแสดงความกังวลว่าหากแจ้งเหตุทั้งหมดในคราวเดียว อาจทำให้บริษัทประกันสงสัย และอาจมีค่าใช้จ่ายส่วนเกินเพิ่มเติม
ผู้ร้องขอตั้งข้อสังเกตว่าตนเองอาจยอมรับผิดโดยไม่ได้พิจารณาสถานการณ์จริง เช่น คู่กรณีไม่มีใบขับขี่ และสภาพถนนแคบ จึงถามหาความชัดเจนว่าใครควรรับผิดชอบมากกว่ากัน",eval,Hybrid,2015,27,4,6.75,0.423260360956192,0.6132848660151163,0.3867151339848836
41019926,ประกันออฟฟิศซินโดรม CIGNA เงือนไขหลอกลวง ผมทำประกันออฟฟิศซินโดรมกับทาง CIGNA 18 6 2021 ซึ่งโดยปกติประกันก็จะมีระยะรออาการของโรคต่าง ๆ 30 วัน ซึ่งผมก็ไม่ได้ซีเรียสอะไร จนเมื่อวันที่ 2 8 2021 ผมมีอาการปวดท้องจึงไปพบแพทย์ แพทย์วินิฉัยว่าเป็นโรคกระเพาะอาหาร ซึ่งมีค่าใช้จ่าย 16xx บาท ซึ่งผมก็จ่ายเงินสดไปก่อน คร้งแรกต้องจ่ายไปก่อนแล้วค่อยไปทำเบิกกับประกัน หลังจากนั้นผมก็รอเงินค่าสินไหมมาเกือบ 2 เดือน ผมได้จะได้ค่าสินไหมเมื่อวันที่ 30 9 2021 เงื่อนไขของประกันฉบับนี้คือเมื่อผ่านครั้งแรกแล้ว บัตรแคร์การ์ดถึงจะได้ใช้ ซึ่งก็มีโรคในตระกูลออฟฟิศซินโดรมอยู่ 13 โรค หลังจากที่ผมได้เงินค่าสินไหมแล้ว วันที่ 1 9 2021 ผมก็ได้ไป follow อาการของโรคกระเพาะต่อ ซึ่งหมอก็อยากจะให้ทำการส่องกล้องเพื่อรักษา ซึ่งตอนนี้ทาง รพ ก็ได้ทำเคลมประกันให้ทาง CIGNA Approve ก่อนว่าจะเข้าเงื่อนไขหรือไม่ ตกลงว่าไม่ผ่าน ทั้ง ๆ ที่มันก็คือการรักษาต่อเนื่องของโรคกระเพาะ ผมจึงรู้สึกว่าทาง CIGNA ไม่แฟร์กับคนทำประกันเลย เก็บเงินเราทุกเดือน พอเราจะได้ประกันกับไม่ยอมให้เลิก เบิกได้ก็แค่ยอดเลิก ๆ ผมขอเตือนเพื่อน ๆ ที่กำลังคิดจะทำประกันออฟฟิศซินโดรมกับทาง CIGNA คิดให้ดีก่อน อย่าหลวมตัวไปทำ ผมเองก็จะยกเลิกล่ะ ไม่ไหวกับประันของ CIGNA,"ผู้ร้องเรียนทำประกันออฟฟิศซินโดรมกับ CIGNA เมื่อวันที่ 18 มิถุนายน 2021 และมีระยะรอการรักษา 30 วัน
เมื่อวันที่ 2 สิงหาคม 2021 เกิดอาการปวดท้องและได้รับการวินิจฉัยว่าเป็นโรคกระเพาะอาหาร จึงจ่ายค่ารักษาเองก่อนแล้วนำเอกสารไปเบิก
หลังจากได้รับค่าสินไหมเมื่อวันที่ 30 กันยายน 2021 ได้ไปติดตามอาการต่อในวันที่ 1 กันยายน และแพทย์แนะนำให้ส่องกล้องเพื่อรักษาต่อเนื่อง
อย่างไรก็ตาม โรงพยาบาลได้เคลมประกันแล้วแต่ CIGNA พิจารณาไม่เห็นชอบ โดยระบุว่าไม่เข้าเงื่อนไข ทั้งที่เป็นการรักษาต่อเนื่องจากโรคเดิม",eval,Hybrid,2021,20,4,5.0,0.4643829464912414,0.7883736292521158,0.2116263707478841
39308310,กู้สหกรณ์มาซื้อบ้าน ทำประกันบ้านไว้ 3 ล้าน ส่งไป 5 ปี เหลือ 1 ล้าน ประกันหมดทำประกันใหม่ควรคิดจาก 1 หรือ 3 ล้าน พอดีกู้สหกรณ์ออมทรัพย์ที่ทำงาน มาซื้อบ้าน 2.85 ล้าน สหกรณ์ให้ทำประกันวงเงินประกัน 3 ล้าน เวลาคุ้มครอง 5 ปี .ผมผ่อนมาแล้ว 5ปี ตอนนี้เหลือเงินที่เป็นหนี้สหกรณ์อยู่ 1 ล้านบาท เมื่อต่อประกันใหม่ วงเงินคุ้มครองในกรรมธรรม์ ควรจะเป็น 3 ล้าน ค่าเบี้ย 8400 บาท หรือควรจะเป็น 1 ล้าน ค่าเบื้อ 2400 บาท ครับ ส่วนตัวผมไม่ต้องการซื้อประกันเพราะบ้านผมปลอดภัย ผมรับผิดชอบความเสี่ยงเอง สหกรณ์แค่รับความเสี่ยงของสหกรณ์เอง มูลค่า 1 ล้านตามที่ผมเป็นหนี้อยู่ สหกรณ์บอกให้ทำวงเงิน 3 ล้าน แต่ผมคิดว่าผมไม่ได้เป็นหนี้สหกรณ์ถึง 3 ล้านแล้ว เหลืออยู่แค่ล้านเดียว เสียเบี้ยต่างกันตั้ง 6 พัน เพื่อน ๆ คิดเห็นอย่างไร แชร์ได้ครับ,"ผู้ร้องเรียนกู้สหกรณ์เพื่อซื้อบ้านมูลค่า 2.85 ล้านบาท และได้ทำประกันวงเงิน 3 ล้านบาทไว้ตามข้อกำหนดของสหกรณ์
หลังผ่อนชำระมาแล้ว 5 ปี เหลือหนี้คงค้าง 1 ล้านบาท และต้องต่อประกันใหม่
ผู้ร้องเรียนเสนอว่าควรคำนวณเบี้ยประกันจากวงเงินหนี้คงค้าง 1 ล้านบาทแทนที่จะใช้ 3 ล้านบาท
ผู้ร้องเรียนระบุว่าไม่ต้องการซื้อประกันเนื่องจากบ้านมีความปลอดภัยและไม่ต้องการจ่ายเบี้ยเพิ่ม",eval,Hybrid,2019,22,4,5.5,0.569813072681427,0.3479240735371907,0.6520759264628093
31873866,โดนเจ้าหน้าที่โทรมาขายประกัน แล้วตอบตกลงแบบมึนๆ ขอคำปรึกษาครับ คือเมื่อวานตอน1ทุ่มมีสายจากเจ้าหน้าที่ขายประกันของเมืองไทยประกันชีวิตโทรเข้ามาแล้วตอนนั้นกำลังทำงานยุ่งอยู่เลยครับเลยเผลอตอบตกลงไป ประกันเป็นแบบสะสมทรัพย์ จ่ายเดือนละ24XX หักผ่านบัตรเครดิต จำชื่อพนักงานที่โทรมากับรหัสตัวแทนได้ พอดีจับใจความได้แค่นี้จริงๆ เพราะพูดไวมาก จากนั้นวันรุ่งขึ้นก็เลยโทรกลับไปหา พนักงานคนที่โทรมา เขาบอกว่าตอนนี้เรื่องอยู่ในระบบแล้ว ยังไงถ้าจะยกเลิกต้องรอกรมธรรม์มาที่บ้าน ถ้าไม่พอใจก็ส่งกลับคืน ก็โอเครวางสายไป ช่วงบ่ายๆ ก็โทรไปหาอีกครั้งคราวนี้ผู้ชายรับ ก็บอกไปว่าต้องการจะยกเลิกไม่เอาเอกสารใดๆทั้งสิ้นแล้ว เขาก็ตอบกลับมาเหมือนเดิมคือ ตอนนี้เรื่องอยู่ในระบบแล้ว ยังไงถ้าจะยกเลิกต้องรอกรมธรรม์มาที่บ้าน แล้วแนบสำเนาบัตรประชาชนขีดค่อมว่าต้องการยกเลิกกรมธรรม์ แล้วส่งเล่มกลับคืน สรุปแล้วตอนนี้ผมต้องรอกรมธรรม์มาที่บ้านก่อนใช่ใหมครับถึงจะยกเลิกได้อย่างถาวร และะหว่างรอจะมีการหักเงินในบัญชีหรือไม่ครับ,"ลูกค้าติดต่อกลับไปยังพนักงานหลังจากได้รับข้อมูลเบื้องต้นเกี่ยวกับกรมธรรม์ประกันภัย
พนักงานแจ้งว่าเรื่องอยู่ในระบบแล้ว และหากต้องการยกเลิก ต้องรอกรมธรรม์มาที่บ้านก่อน
ลูกค้าโทรกลับอีกครั้งในช่วงบ่าย เพื่อยืนยันการยกเลิกโดยไม่ต้องการเอกสารใด ๆ
พนักงานยืนยันว่าต้องส่งสำเนาบัตรประชาชนที่ระบุการยกเลิกพร้อมส่งกรมธรรม์กลับคืนตามขั้นตอน",eval,Hybrid,2014,16,4,4.0,0.5104385018348694,0.5544421275456746,0.4455578724543254
41193667,ขอประสบการ์ณเกี่ยวกับประกันของกรุงไทยแอกซ่าหน่อยค่ะ เราทำประกันเงินออมแบบไม่มีเงินปันผล แต่มีการคุ้มครองเพิ่มเติมคือ การเจ็บป่วยด้วยโรคร้านแรง อุบัติเหตุ และการจลาจล หรือสงคราม โดยมีเจ้าหน้าที่นายหน้าประกันภัยเดินมาหาเรามาแนะนำประกันกับเราถึงที่ ซึ่งก่อนทำเราก็มีการแจ้งและถามก่อนแล้วว่าเรามีโรคประจำตัวนะ โรค.นี้เราสามารถทำได้ไหม แต่นายหน้าประกันแจ้งว่าทำได้แถมประกันตัวนี้ยังคุ้มครองการเจ็บป่วยด้วยโรคร้ายแรงให้ลูกค้าด้วย ฟังคำอธิบายต่างๆนาๆของทางนายหน้าก็คิดว่าน่าสนใจอีกทั้งคนมีโรคประจำตัวอย่างเราก็ทำได้ด้วย เราก็คิดแค่ว่าเป็นเงินเก็บ 10 ปี ค่อยคิดว่าจะฝากต่อหรือถอนออก แต่เรื่องที่ไม่มีใครอยากให้เกิดก็เกิด เราตรวจพบโรคไตวายเรื้อรัง ซึ่งอยู่ในการคุ้มครองของประกันตัวนี้ด้วย เราจึงแจ้งไปทางนายหน้า ทางนายหน้าก็รับเรื่องและดำเนินการเพื่อเบิกค่าสินไหมให้เรา บอกให้เวลาประมาณ15 วันทำการ ซึ่งก็ดูแลดีติดตามงานดีมาก และหลังจากนั้นติดช่วงวันหยุดปีใหม่ เราก็ไม่ได้อะไรรอทางนายหน้าแจ้งมาว่าจะยังไงต่อ แต่แล้วก้มีจดหมายมาจากกรุงไทยแอกซ่าแจ้งมาหาเราว่า ขอยกเลิกสัญญากรมธรรม์เนื่องจากเราไม่แจ้งให้ทราบว่าสุขภาพไม่แข็งแรง มีโรคประจำตัว ทำให้สัญญาเป็นโมฆะกลับสู่สภาพเดิม แบบนี้ลูกค้าผิดสัญญาหรอ และไม่อย่างนั้นสิ่งที่เราพูดคุยกันกับนายหน้าประกันลูกค้าไม่สามารถเชื่อถือคำพูดของตัวแทนได้เลยว่าสิ่งที่แจ้งกับลูกค้าจริงเท็จแค่ไหน หรือแค่ใส่ข้อมูลไปในสัญญาพื่อให้ผ่านการตรวจสอบของบริษัท ถ้าลูกค้าไม่พบปัญหาหรือต้องการเคลมประกัน กรมธรรม์นี้ก็จะดำเนินต่อไปเรื่องๆจนครบสัญญาสินะ บางทีเรายอมเสียเงินเผื่อให้ได้คุณภาพชีวิตที่ดีขึ้นแต่ต้องมาเสียรู้ให้กับบริษัทประกันแบบนี้ เสียความรู้สึก จะไม่แนะนำประกันบริษัทนี้ให้ใครอีกเลย,"ผู้ร้องเรียนทำประกันเงินออมที่มีการคุ้มครองโรคร้ายแรง อุบัติเหตุ และเหตุการณ์ความไม่สงบ พร้อมแจ้งเจ้าหน้าที่นายหน้าเกี่ยวกับโรคประจำตัวก่อนทำประกัน
นายหน้าระบุว่าสามารถทำได้และยืนยันว่ามีการคุ้มครองโรคร้ายแรง รวมถึงโรคไตวายเรื้อรังที่ผู้ร้องเรียนตรวจพบภายหลัง
เมื่อแจ้งขอเบิกสินไหม ทางนายหน้าดำเนินการและแจ้งระยะเวลาประมาณ 15 วันทำการ แต่หลังช่วงปีใหม่ไม่มีการติดตามผลเพิ่มเติม
บริษัทประกันส่งจดหมายแจ้งยกเลิกสัญญาเนื่องจากผู้ร้องเรียนไม่ได้เปิดเผยข้อมูลสุขภาพในขณะทำประกัน ทำให้สัญญาถือเป็นโมฆะ",eval,Hybrid,2022,17,4,4.25,0.5677476525306702,0.4758561452229817,0.5241438547770183
40258343,สอบถามการรออะไหล่ เคลมประกันภัย ไทยวิวัฒน์ สวัสดีครับ ผมขอสอบถามระยะเวลาในการรออะไหล่ในการเคลมประกันภัย กับ ไทยวิวัฒน์ ประกันแจ้งอนุมัติไปเมื่อวันที่ 7 10 2563 ตอนนี้ 14 10 2563 โทรไปถามที่อู่แจ้งว่ารออะไหล่จากประกัน โทรสอบถามประกันฯ ก็รอตรวจสอบกับฝ่ายสินไหม แล้วก็ยังไม่ได้เรื่อง ยังไม่ได้รับการติดต่อกลับ ไม่มีข้อมูลอัพเดทความคืบหน้าอะไรเลย รอแต่ไม่รู้ว่าเมื่อไหร่ถึงขั้นตอนไหน ปล่อยให้รอไปเรื่อยๆ ใครมีข้อมูลหรือเคยเคลมประกันรออะไหล่กับไทยวิวัฒน์บ้างครับ ขนาดโทรไปยัง call center ยังไม่มีข้อมูลสถานะออนไลน์อะไรให้ทราบเลย ต้องรอเช็ค รอตรวจสอบแล้วแจ้งกลับอย่างเดียว เลยสงสัยว่า เขาไม่ได้ใช้ระบบคอมพิวเตอร์ในการลงบันทึกรายการแบบเรียวไทม์เลยหรือไง ต้องแจ้งเรื่องไปให้ฝ่ายที่เกี่ยวข้องติดต่อกลับอย่างเดียว การมีประกันภัย เป็นสิ่งที่ดี เพื่อช่วยดูแลยามฉุกเฉินในเหตุการณ์ที่ไม่อยากให้เกิดขึ้น แต่เมื่อเหตุเกิดแล้วสิ่งที่เราคาดหวังไว้กับไม่ค่อยเหมาะสมกับจำนวนเงินที่จ่ายไป ต้องค่อยตามค่อยเช็คเองอยู่เสมอ,"ผู้ร้องเรียนสอบถามระยะเวลาในการรออะไหล่สำหรับการเคลมประกันภัยกับบริษัทไทยวิวัฒน์
ได้รับการอนุมัติเคลมเมื่อวันที่ 7 ตุลาคม 2563 แต่จนถึงวันที่ 14 ตุลาคม 2563 ยังไม่ได้รับอะไหล่และไม่มีข้อมูลอัปเดตความคืบหน้าจากทางประกัน
ทั้งการติดต่ออู่ซ่อมและการสอบถาม Call Center ล้วนได้รับคำตอบว่า ""รอตรวจสอบ"" โดยไม่มีระบบแจ้งสถานะออนไลน์หรือข้อมูลยืนยันในเวลาจริง",eval,Hybrid,2020,15,3,5.0,0.4843159914016723,0.4003396828969319,0.5996603171030681
40626498,ยกเลิกประกันอลิอันซ์อยุธยายังไงค่ะ มีประกันโทรมายื่นข้อเสนอ เราก็ตอบตกลงค่ะ พอดีจะยกเลิกกับประกันก่อนหน้าที่มีอยู่พอดีค่ะ แต่ที่นี่มันมีคาบเกี่ยวจ่ายประกันพอกันเลยจะยกเลิกไปก่อน โทรไปศูนย์ของอลิอันซ์ วันที่ 30 บอกว่ามีประกัน2ตัว ซื้งเราเข้าใจว่ามันมีตัวเดียวที่รวมทั้งอุบัติเหตุกับสุขภาพ เลยเริ่มไปโอเคแหละ วันที่1ทางประกันโทรมา ก็ทำเรื่องยกเลิก ให้ส่งบัตรปปช.ทางแฟช ซึ่งเรายังไม่ได้ส่ง วันที่5มีการตัดบัตรของเฟรินซ้อย ไปสองพันกว่า เราจะทำการยกเลิกยังไงค่ะ เท่าที่ทราบเราสามารถยกเลิกได้ภายใน 30วัน ไทม์ไลน์ วันที่ 27 มี.ค ตกลงทำประกัน วันที่ 30 มี.ค โทรหาศูนย์ประกัน วันที่ 31 มี.ค ประกันโทรมา ทำเรื่องยกเลิก วันที่ 5 เม.ย ตัดเงินในบัตร,"วันที่ 31 มีนาคม ทางประกันได้ติดต่อเพื่อขอทำเรื่องยกเลิกกรมธรรม์
ผู้ร้องยังไม่ได้ส่งเอกสาร เช่น บัตรประชาชน และบัตรประจักษ์ตัวตน
มีการตัดเงินจำนวนสองพันกว่าบาทจากบัญชีในวันที่ 5 เมษายน
ผู้ร้องระบุว่าดำเนินการยกเลิกภายในระยะเวลาที่กฎหมายอนุญาตไว้",eval,Hybrid,2021,19,4,4.75,0.4472034871578216,0.4454580148061116,0.5545419851938884
31329951,ประกันรถยนต์ปีที่6 ซ่อมอู่ ทำไมแพงกว่า5ปีแรก ซ่อมศูนย์ ใช้วีออสค่ะ ปีหน้าขึ้นปีที่6 ประกันหมดธันวา ต้องเปลี่ยนเป็นซ่อมอู่ แต่ราคาแต่ละที่แพงกว่าปีที่แล้วมาก ปีที่แล้ว ราคาหมื่นสี่ ซ่อมศูนย์ 5ปีแรกได้ราคาถูกลงเรื่อยๆ แต่พอขึ้นปีที่6กลับแพงขึ้นเป็นหมื่นหก ทั้งๆที่เปลี่ยนเป็นซ่อมอู่ด้วย ประกันชั้นหนึ่งเหมือนเดิม เจ้าหน้าที่โบรกโตโยต้าให้เหตุผลว่า รถยิ่งเก่าก็ยิ่งเสี่ยงมากขึ้น เหตุผลนี้จริงหรอคะ ในเมื่อทุนจดประกันมันถูกลง แต่ทำไมเบี้ยแพงขึ้น ถ้าเราเข้าใจอะไรผิด ช่วยชี้แนะด้วยคะ,"ประกันรถยนต์ชั้นหนึ่งครบ 5 ปีแรก ซ่อมศูนย์ได้ราคาถูกลงเรื่อย ๆ
เมื่อเข้าปีที่ 6 ต้องเปลี่ยนเป็นซ่อมอู่ตามเงื่อนไขของกรมธรรม์
แต่ราคาค่าซ่อมในปีที่ 6 สูงขึ้นถึงหมื่นหกบาท แม้จะซ่อมที่อู่แทนศูนย์
ผู้ร้องเรียนรู้สึกว่าการปรับราคาดังกล่าวไม่สอดคล้องกับแนวโน้มเดิมที่ลดลง",eval,Hybrid,2013,15,4,3.75,0.3795405924320221,0.4648115634918213,0.5351884365081787
37640420,ตัวแทนไม่ยอมให้ยกเลิกประกันปีแรก เราซื้อประกันกับคนรู้จักมาแนะนำขายประกันเป็นเงินสองหมื่นกว่าบาท ตอนนั้นยอมรับว่าไม่ได้ศึกษาให้ดีๆก่อน หลังจากนั้นมีโอกาสได้ศึกษาเพิ่มเติมแล้วไม่เห็นว่ามันก็ไม่ได้ดีอย่างที่เค้าอวดอ้าง แถมยังผูกมัดเราให้ต้องจ่ายเงินทุกปีๆอีกหลายสิบปี ก็เลยตัดสินใจว่ายอมทิ้งเงินงวดแรก และจะไม่ต่อประกันในปีต่อมา พอเราบอกตัวแทน เค้าก็โวยวายใหญ่ บอกว่าห้ามยกเลิกประกันปีต่อมาเด็ดขาด เราก็งงว่าทำไม เงินของเรา เราไม่จ่ายแล้วใครจะบังคับเราได้ สุดท้ายก็ได้คำตอบว่าถ้าเรายกเลิกปีแรก คืองวดที่สอง ไม่นับเงินก้อนแรก ตัวแทนจะเสียผลประโยชน์ ประมาณว่าถ้าลูกค้ายกเลิกในปีแรก ทางบริษัทจะประเมินเค้าว่าผลงานไม่ดีและจะมีผลต่อค่าคอมของเค้า เราฟังแล้วก็รู้สึกแปลกๆ คือถ้าลูกค้าไม่สะดวกที่จะจ่าย หรือมีภาระที่ไม่สามารถจ่ายต่อได้ แต่เพื่อรักษาผลงานของเค้าและค่าคอมของเค้า เราต้องจ่ายต่องั้นเหรอ จริงๆงวดแรกที่จ่ายไป เค้าก็ได้ค่าคอมจากตรงนั้นแล้วไม่ใช่เหรอ เค้าก็เลยหาทางออกให้เรา บอกให้เราจ่ายเงินให้เค้าอีกหนึ่งงวดของปีนี้ แล้วปีถัดไปค่อยยกเลิก เราก็อ้าว งั้นก็เท่ากับเราทิ้งเงินสองงวดเป็นเงินสี่หมื่นกว่าบาทไปเลยน่ะสิ อยากถามความเห็นว่า การยกเลิกประกันปีแรก มันทำให้ตัวแทนเสียหายมากมายขนาดนั้นเลยเหรอ ถ้าเป็นแบบนี้เราควรทำยังไง เราควรต้องแคร์ค่าคอมของตัวแทนขนาดนั้นมั้ย,"ลูกค้าต้องการยกเลิกประกันในปีต่อมา แต่ตัวแทนปฏิเสธและระบุว่าการยกเลิกจะส่งผลต่อค่าคอมมิชชันของตัวแทน
ตัวแทนอธิบายว่าหากลูกค้ายกเลิกในปีแรก บริษัทอาจประเมินผลงานไม่ดี ซึ่งส่งผลต่อผลตอบแทนของตัวแทน
เพื่อหลีกเลี่ยงผลกระทบดังกล่าว ตัวแทนเสนอให้ลูกค้าจ่ายเงินเพิ่มอีกหนึ่งงวดในปีนี้ ก่อนยกเลิกในปีถัดไป
ลูกค้ารู้สึกไม่สบายใจกับแนวทางนี้ และสอบถามว่าการยกเลิกประกันจริง ๆ แล้วส่งผลกระทบต่อตัวแทนมากเพียงใด",eval,Hybrid,2018,21,4,5.25,0.4414036273956299,0.7176086902618408,0.2823913097381592
38779169,รบกวนผู้มีภาพกลองหน้ารถ ในวันที่15เมษา 62 เวลา 20.04น. บริเวณถนนพระราม4 ตรงข้ามหัวลำโพง รบกวนผู้มีภาพกลองหน้ารถ ในวันที่15เมษา 62 เวลา 20.04น. บริเวณถนนพระราม4 ตรงข้ามหัวลำโพง พอดีผมประสบอุบัติเหตุ โดนรถมอไซเกี่ยว ชนท้ายแล้วหนี ในวันที่15เมษา 62 เวลา 20.04น. บริเวณถนนพระราม4 บริเวณก่อนถึง MRTประตู 4 ตรงข้ามหัวลำโพง มุ่งหน้าเข้าเยาวราช รถมีประกันชั้นหนึ่งและกล้องหน้ารถ แต่มองไม่เห็นทะเบียนรถคู่กรณี ผมไปแจ้งความที่สน.ปทุมวันแล้วเพื่อเป็นหลักฐานเครมประกัน ทางประกันมาเครมให้ แต่กล้องไม่เห็นทะเบียนคู่กรณี ต้องเข้าเงื่อนไข เครมไม่มีคู่กรณี เลยต้องเสียค่าแอ็คเซส 100 บาทเรียกไม่ถูกขออภัยครับ 100 บาทไม่เสียดายหลอก จ่ายได้ แต่ผมไม่อยากเสียประวัติว่าเครมเดี๋ยวต่อประกันปีหน้าเบี้ยขึ้นอีก ตอนเครมกับพนักงาน ก็หัวร้อน โมโหอยู่ ว่าเราไม่ผิด มีคลิบ แต่ทำมัยต้องเสียเงินเหมือนเป็นฝ่ายผิด ทำเรื่องขอผ่อนผันค่าแอคเซ็นแล้ว แต่ไม่รู้ผ่านหรือเปล่า เลยอยากได้หลักฐานเลขทะเบียนของผู้ก่อเหตุมาให้ประกันครับ,"ผู้ร้องเรียนประสบอุบัติเหตุบนถนนพระรามสี่ ใกล้หัวลำโพง โดยรถมอเตอร์ไซค์คู่กรณีชนท้ายแล้วหลบหนี
รถคู่กรณีมีประกันชั้นหนึ่งและติดกล้องหน้า แต่ไม่สามารถบันทึกทะเบียนได้
ผู้ร้องได้แจ้งความที่สน.ปทุมวันเพื่อใช้เป็นหลักฐานในการเคลมประกัน
เนื่องจากไม่มีข้อมูลทะเบียนคู่กรณี จึงต้องเข้าเงื่อนไขเคลมโดยไม่มีคู่กรณี และถูกเรียกค่าแอ็คเซส 100 บาท",eval,Hybrid,2019,15,4,3.75,0.4932087361812591,0.3126833041508992,0.6873166958491008
40010108,สอบถามเรื่องการแถลงสุขภาพก่อนทำประกันค่ะ กรณีเคยมีผลตรวจสุขภาพ เราเคยตรวจสุขภาพแต่ผลตรวจเลือดไม่ค่อยดีไขมันในเลือดสูง แพทย์ที่เป็นแพทย์ตรวจสุขภาพก็แนะนำว่าควรพบแพทย์อายุรกรรมหรือกินยา แต่เราก็ไม่ได้ไปรักษาหรือกินยาอะไรเลยตลอดสองปีนี้ ไม่เคยกลับไปตรวจใหม่ด้วย จนตอนนี้กำลังจะซื้อประกันสุขภาพแล้วต้องแถลงสุขภาพ เลยกลัวว่าบริษัทจะไม่คุ้มครอง ขอปรึกษาข้อสงสัยต่อไปนี้ค่ะ 1 บริษัทประกันสามารถไปขอผลตรวจเลือดเราจากโรงพยาบาลก่อนที่จะออกกรมธรรม์ได้หรือไม่คะ 2 ถ้าเราแจ้งบริษัทแล้วว่าเราเคยตรวจสุขภาพ แต่ไม่ได้บอกผลหรือแนบผลตรวจให้ไป แค่ติ๊กช่องที่ว่าเคยตรวจในช่วง 5 ปีนี้ แต่ทางบริษัทไม่ได้ไปขอผลตรวจจากโรงพยาบาลและรับประกันเราปกติ พอเวลาผ่านไปสมมติซักปีสองปีเรามีเรื่องต้องเคลมประกัน แล้วบริษัทไปขอผลตรวจย้อนหลังจากทางโรงพยาบาล บริษัทจะเอาผลนี้มาใช้อ้างในการไม่รับเคลมหรือยกเลิกประกันเราได้หรือไม่คะ 3 แล้วถ้าบริษัทประกันแจ้งว่าไม่รับคุ้มครองบางโรค และเราตัดสินใจไม่ทำประกันในครั้งนี้ พอผ่านไปจนเลยห้าปีนับจากวันตรวจสุขภาพ ถ้าเราจะไปซื้อประกันกับบริษัทเดิม ทางบริษัทจะยังพิจารณายกเว้นความคุ้มครองบางโรคนั้นหรือไม่คะ 4 และถ้าเราเคยไปพบแพทย์ด้วยโรคทั่วๆไปเช่นกระเพาะปัสสาวะอักเสบ หลอดลมอักเสบ ไมเกรน แต่ไม่ได้เข้าแอดมิท แค่รับยาแล้วก็ไม่ได้มีการรักษาต่อเนื่อง ไม่ต้องไป follow up แบบนี้ก็ต้องกรอกลงไปทั้งหมดหรือเปล่าคะ หรือปกติจะแจ้งเฉพาะโรคที่เป็นต่อเนื่องหรือต้องแอดมิทคะ เรามองว่าโรคพวกนี้เป็นโรคเล็กๆน้อยๆ นานๆเป็นที บางโรคเคยเป็นแค่ครั้งสองครั้ง เกรงว่าถ้าแถลงไปทางบริษัทจะไม่รับคุ้มครองทั้งหมด หรือถ้าไม่แถลงก็จะกลายเป็นปกปิดหรือเปล่า ปกติบริษัทประกันมีความคาดหวังให้ลูกค้าเปิดเผยข้อมูลมากขนาดไหนคะ,"บริษัทประกันสามารถขอผลตรวจเลือดจากโรงพยาบาลได้ก่อนออกกรมธรรม์
หากผู้เอาประกันแจ้งว่าเคยตรวจสุขภาพแต่ไม่แนบผลตรวจ บริษัทอาจย้อนกลับไปขอผลตรวจในภายหลังเพื่อใช้ประกอบการพิจารณา
หากผลตรวจย้อนหลังแสดงความผิดปกติ บริษัทอาจใช้เป็นเหตุผลในการปฏิเสธการเคลมหรือยกเลิกกรมธรรม์
กรณีเคยรักษาโรคทั่วไปโดยไม่เข้ารับการรักษาในโรงพยาบาล บริษัทอาจยังพิจารณาคุ้มครองตามเงื่อนไขเดิมเมื่อซื้อใหม่ในอนาคต",eval,Hybrid,2020,21,4,5.25,0.4863309860229492,0.5268216530481974,0.4731783469518026
33884813,ออกรถมา 8 วัน เพิ่งเจอจุดสีพอง ศูนย์ควรรับผิดชอบแค่ไหนคะ รับรถมาวันที่ 16 มิ.ย เจอรอยนี้วันที่ 23 เป็นรอยอยู่บนฝากระโปรงหน้า วงขนาดประมาณเหรียญบาท มองเผินๆไม่เห็น ต้องหามุมกระทบแสงดีๆค่ะ เราบังเอิญเห็นตอนเช็ดรถพอดี กว่าจะถ่ายรูปมาได้ก็หามุมนานอยู่เหมือนกัน ใช้มือลูบรู้สึกขรุขระนิดหน่อย ตามภาพนี้ถ่ายไว้วันที่ 24 มิ.ย. ค่ะ วันที่ 26 มิ.ย. ติดต่อเคลมกับศูนย์ในเชียงใหม่ แต่ไม่ใช่ศูนย์ที่ออกนะคะ เราอยู่เชียงใหม่แต่ออกรถที่สมุทรปราการเพราะได้รถเร็วกว่าและใหม่กว่า แล้วศูนย์ในเชียงใหม่ก็รับเรื่องไว้และจัดการถ่ายรูปและส่งเรื่องไปสำนักงานใหญ่ให้ วันที่ 1 กค. ศูนย์ในเชียงใหม่แจ้งความคืบหน้ามา สรุปว่าจะทำสีกระโปรงหน้าให้ใหม่ทั้งหมด ซึ่งใช้เวลามากกว่า 7 วัน เราติดต่อเซลของศูนย์ที่ออกแล้วก็ไม่สามารถทำอะไรได้มากกว่านี้ บอกให้เราเคลมประกันอย่างเดียว แต่ก็ยังข้องใจว่าแบบนี้มันแฟร์แล้วเหรอคะ ก็เข้าใจนะว่าเราตกลงเซ็นตรวจรับรถมาแล้ว แต่เราคิดว่าศูนย์น่าจะรับผิดชอบได้มากกว่านี้มั้ย เพราะมันเป็นมาตั้งแต่ก่อนรับรถ รถใหม่ใครจะอยากให้รถมีตำหนิหรือซ่อมแก้นู่นนี่นั่น คืออย่างน้อยก็น่าจะเปลี่ยนพาร์ทให้ใหม่ ไม่ได้ขอถึงขนาดเปลี่ยนคัน เรื่องเเบบนี้มันไม่น่าเกิดขึ้น รถราคาเฉียดล้าน ไม่รู้ปล่อยผ่าน QC มาได้ไง,"รถมีจุดสีพองบนฝากระโปรงหน้า ขนาดประมาณเหรียญบาท ตรวจพบหลังรับรถ 8 วัน
ศูนย์ในเชียงใหม่รับเรื่องและส่งให้สำนักงานใหญ่พิจารณา โดยแจ้งว่าจะทำสีทั้งหมดใช้เวลามากกว่า 7 วัน
ผู้ร้องติดต่อศูนย์ที่ออกรถแต่ไม่สามารถดำเนินการเพิ่มเติมได้ และได้รับคำแนะนำให้เคลมประกันแทน
ผู้ร้องคาดหวังให้ศูนย์รับผิดชอบมากกว่านี้ เนื่องจากรอยตำหนิน่าจะเกิดก่อนรับรถ และควรเปลี่ยนชิ้นส่วนใหม่แทนการซ่อมสี",eval,Hybrid,2015,26,4,6.5,0.4064690470695495,0.5873863299687703,0.4126136700312297
39950002,ประกันCigna ทำง่าย ยกเลิกยากสุดๆ เราได้ตกลงทำประกันอุบัติเหตุทางโทรศัพท์โดยหักบัตรเครดิต ซึ่งปกติประกันอุบัติเหตุจะต่อกรมธรรม์ปีต่อปีใช่หรือไม่ ซึ่งเราก็คิดแบบนั้น แต่กรมธรรม์ของ ซิกน่า ตัดจากบัตรเครดิตจะไม่มีการยกเลิก ซึ่งเราต้องแจ้งยกเลิก และการแจ้งยกเลิกติดต่อยากมาก แม้จะโทรเข้าบริษัทได้ แต่จะโอนสายไปแผนกยกเลิกไม่ได้ และถ้ายืนยันจะให้โอน จะใช้เวลารอสายเกินชั่วโมง และที่แปลกพอรับสายปุ๊บ สายก็จะตัดหรือหลุด เราก็งงนะ นี่เป็นนโยบายของประกันซิกน่าตัดบัตรง่าย ยกเลิกอสนยากเพราะจะไม่สามารถติดต่อฝ่ายยกเลิกได้ จริงๆ ผลประโยชน์กรมธรรม์น่าสนใจถ้าไม่ผูกมัด และขั้นตอนติดต่อง่ายๆกว่านี้ ประกันอุบัติเหตุที่เราจะซื้อถ้าเรายกเลิกได้ คงไม่ใช่ซิกน่าหรือถ้ามีแบบจ่ายรายปีโอนเงิน ถึงจะทำ ถ้าใครกำลังตัดสินใจทำก็พิจารณาดูค่ะ ถ้าทำไว้ไม่คิดยกเลิกก็ทำได้ แต่ถ้าจะยกเลิกหรือเปลี่ยนไปซื้อกรมธรรม์ใหม่ๆเงื่อนไขดีๆ ก็ตัดสินใจดูค่ะ ทำง่าย ยกเลิกยากก ถึงยากที่สุด ซิกน่าประกันภัน cigna ประกันที่ไหนดี,"ผู้ร้องเรียนได้สมัครประกันอุบัติเหตุผ่านบัตรเครดิตโดยมีการหักเงินอัตโนมัติทุกปี
กรมธรรม์ของซิกน่าไม่สามารถยกเลิกอัตโนมัติได้ และต้องดำเนินการแจ้งยกเลิกเอง
การติดต่อฝ่ายยกเลิกมีความยากลำบาก เนื่องจากไม่สามารถโอนสายไปยังแผนกที่เกี่ยวข้องได้ และมีปัญหาการตัดสายระหว่างรอคอล
ผู้ร้องเรียนแนะนำให้พิจารณาเงื่อนไขการยกเลิกและช่องทางการบริการก่อนตัดสินใจซื้อกรมธรรม์จากซิกน่า",eval,Hybrid,2020,21,4,5.25,0.5221183896064758,0.5114250580469767,0.4885749419530233
39742862,ธนชาต หลอกขายประกันได้น่าเกลียดมาก ผมควรทำอย่างไรดีครับ เมื่อประมาณวันที่ 12 03 63 มีเจ้าหน้าที่โทรมาหลายรอบมาก แจ้งว่าจะทำการต่อประกันให้ โดยดูแลต่อจากกรมธรรม์เดิมที่มีกับบัตรเครดิต ซึ่งผมก็งงว่าบัตรเครดิตผมใบนั้น มันมีประกันสุขภาพให้ด้วยหรอ ทางเจ้าหน้าที่ธนชาตแจ้งว่า คุณลูกค้าไม่ทราบหรอคะ ว่าบัตรเครดิตของคุณลูกค้ามีประกันสุขภาพไว้ให้คุ้มครองทุกปี คุณลูกค้ายังไม่เคยเคลมเลยสักครั้งนะคะ ในส่วนของปีนี้ธนชาตได้สิทธิมาดูแลคุณลูกค้าต่อ โดยไม่มีค่าใช้จ่าย ย้ำหลายรอบนะครับ ว่าแจ้งผมว่าไม่มีค่าใช้จ่ายจริงๆ จึงตกลงให้ข้อมูลเจ้าหน้าที่ไป จนกระทั่งวันนี้ผมเช็คยอดบัตรเครดิตในแอป มียอดเรียกเก็บเข้ามาจาก THANACHART INSURANCE BANGKOK TH จำนวนเงิน 8490 บาท ปกติผมไม่เคยคิดจะทำประกันใดๆ ที่โทรมาขายผ่านโทรศัพท์อยู่แล้วครับ แต่ธนชาต คุณหลอกลวงได้ทุเรศมาก โดยการมาหลอกอ้างสิทธิจากบัตรเครดิตอย่างแนบเนียน แล้วแจ้งว่าไม่มีค่าใช้จ่ายอีกด้วย ผมอยากคุยกับเจ้าหน้าที่คนที่โทรมาหาผมจริงๆ ครับ ผมควรจะทำอย่างไรกับธนชาตดีครับ,"บริษัทธนชาตแจ้งว่าจะดำเนินการต่ออายุประกันสุขภาพให้โดยอ้างสิทธิจากบัตรเครดิตโดยไม่มีค่าใช้จ่าย
ผู้ร้องเรียนระบุว่าไม่ทราบมาก่อนว่าบัตรเครดิตมีสิทธิประโยชน์ด้านประกันสุขภาพ และไม่เคยเคลมมาก่อน
อย่างไรก็ตาม พบว่ามีการเรียกเก็บเงินจำนวน 8,490 บาท จาก THANACHART INSURANCE BANGKOK TH ในบัญชีบัตรเครดิต
ผู้ร้องเรียนรู้สึกถูกหลอกลวงจากการอ้างสิทธิและยืนยันว่าไม่ได้อนุมัติการทำประกันดังกล่าว",eval,Hybrid,2020,17,4,4.25,0.4056212604045868,0.4894810120264689,0.5105189879735311
36369465,สืบเนื่องจากเหตุnokscoot เมื่อคืนเลื่อนไฟล์ไปอีกวัน มีคำถามสอบถามเรื่องเคลมประกันเดินทางค่ะ ตามที่เข้าใจคือ 1. ถ้ามีการแจ้งล่วงหน้าก่อนวันเดินทาง ว่าไฟล์จะเลื่อน หรือ ยกเลิกบิน ประกันเดินทางข้อ flight delay จะไม่ครอบคลุม เงื่อนไขนี้ 2. แต่เหตุ nokscoot เมื่อคืน คือ วันเดินทาง มีการส่งข้อความบอก ผดส. ประมาณ 1 2 ทุ่ม ก่อนกำหนดการไฟล์ออกตอนเที่ยงคืน พอไปถึงสนามบินหน้าเค้าเตอร์สายการบิน แจ้งว่าเครื่องเสียต้องเลื่อนการบินไปอีกเป็นพรุ่งนี้ แล้วมี 2 ช้อยส์ห้เลือกตามที่มีคนมาโพสต์นี้ ถ้าเราเลือก ข้อ2 คือ ทำเรื่องรีฟันด์ตั๋วให้สายการบินออกเอกสารมาว่าเครื่องเสียต้องเลื่อนไปบินอีกวันนึงเวลา 16 10 ซึ่งถือว่าไฟล์ดีเลย์เกิน 8 ชม. ตามเงือนไขประกันการเดินทาง แล้วเราไปซื้อตั๋วใหม่กับสายการบินอื่น เราทำเรื่องเคลมประกันเดินทางกรณี flight delay ได้แน่นอนใช่หรือไม่ ขอบคุณค่ะ,"มีการแจ้งล่าช้าของการบินในวันเดินทาง โดยไม่มีการแจ้งล่วงหน้าก่อนหน้า
ผู้โดยสารได้รับข้อความแจ้งเมื่อเวลาประมาณ 21.00 น. ก่อนเที่ยวบินที่กำหนดออกเวลา 24.00 น.
เมื่อไปถึงสนามบินพบว่าเที่ยวบินถูกเลื่อนออกไปอีกหนึ่งวันเนื่องจากเครื่องเสีย และมีการเสนอทางเลือกในการขอคืนเงินตั๋ว
ผู้โดยสารเลือกข้อเสนอที่ทำให้ได้เอกสารยืนยันการเลื่อนบินเกิน 8 ชั่วโมง ซึ่งเข้าข่ายเคลมประกันการเดินทางตามเงื่อนไข",eval,Hybrid,2017,16,4,4.0,0.6116068363189697,0.3000967899958292,0.6999032100041708
39854403,AXA เคลมยากมากเลยค่ะ รอมาเกินครึ่งปี ยังไม่ได้คำตอบว่าจะอนุมัติไหม มีใครนานแบบนี้บ้างไหมคะ ทำประกัน AXA ไว้ค่ะ มีทำแบบ opd ไว้ด้วยปีละ 5000 ทีนี้พอส่งเบิก ก็บอกต้องส่งตรวจดูว่าเราเคยเป็นมาก่อนไหม เราบอกเราไม่เคยเป็นและก็รักษาที่สมิติเวชที่เดียว ประกันไม่เชื่อก็ปกติ นางก็ให้เราเซ็นต์เอกสารเปิดเผยข้อมูลไปตาม รพ ต่างๆ เราก็เซนต์ เซนต์เท่าไหร่ก็ไม่พอใจ ตอนนี้ส่งไป 6 7 รพ แล้วซึ่งก็ไม่มีประวัติเราเลยเพราะบอกแล้วว่าไม่เคยไป นี่ก็คิดว่าจะส่งต่อไปเรื่อยๆซัก 10 20 รพ เพื่อประวิงเวลาไหม จนจะจ่ายเงินทำประกันอีกรอบแล้ว เราควรพิจารณาที่อื่นไหม ใครมีที่น่าสนใจหลังไมค์มาได้นะคะ นี่ทำวงเงินค่ารักษา 10 ล้าน อุตส่าห์ไม่ค้าง รพ เพราะถ้าค้างค่าใช้จ่ายคงหลักแสน แต่พอขอเบิก opd นี่ก็วุ่นวาย ตัวแทนก็โทรตามให้ ตัวเองก็โทรตามแล้วไม่รู้กี่รอบก็ยังไม่พิจารณา ใครช้าแบบนี้เหมือนกันบ้างไหมคะ จะได้รู้ว่าบริษัทนี้ปกติเค้าเป็นแบบนี้รึเปล่า จ่ายง่ายเคลมยาก ให้ไม่ให้ก็บอก จะได้ตัดสินใจว่าจะต่อหรือจะตัด ขออนุญาติ tag สินธรด้วยนะคะ คิดว่าคงมีคนทำประกันอยู่เยอะเผื่อมีแนะนำประกันชีวิตที่อื่นๆที่น่าสนใจ,"ผู้ร้องเรียนทำประกัน AXA พร้อมแผน OPD รายปี 500 บาท และมีประวัติการรักษาที่โรงพยาบาลสมิติเวชเพียงแห่งเดียว
เมื่อขอเบิกค่ารักษาผ่านแผน OPD บริษัทประกันต้องการตรวจสอบประวัติการรักษาที่โรงพยาบาลอื่น แม้ผู้เอาประกันยืนยันว่าไม่เคยไปรักษาที่ใดมาก่อน
ผู้เอาประกันได้เซ็นเอกสารเปิดเผยข้อมูลและส่งไปยังโรงพยาบาลหลายแห่ง แต่ยังไม่ได้รับการพิจารณาเบิกค่าใช้จ่าย
ผู้ร้องเรียนเริ่มสงสัยว่ากระบวนการดำเนินงานช้าและอาจมีเจตนาประวิงเวลา พร้อมสอบถามประสบการณ์จากผู้อื่นเพื่อพิจารณาเปลี่ยนบริษัทประกันในอนาคต",eval,Hybrid,2020,19,4,4.75,0.5056209564208984,0.4867933193842569,0.513206680615743
32839463,ประกันรถชั้น1 ทางโทรศัพท์ สวัสดีค่ะเพื่อนๆ อยากแชร์ ประสบการณ์ ใครเคยทำประกันชั้น1ทางโทรศัพบ้างคะ มีปัญหาอะไรหรือเปล่า พอดีเรากำลังจะทำ แต่เริ่มรู้สึกว่า กลัวปัญหา ตามหาตัวแทนไม่เจอ เคลมยาก พอขายเสร็จ ได้เงินแล้วหาย อะไรราวๆ นี้ ที่เคยๆอ่านมาค่ะ เรื่องมีอยู่ว่า เราซื้อรถเมื่อ พฤศจิกายน ปี255 ทำประกันวันนั้นเลย พอประกันปีแรกหมด ซึ่งความจริงเราต้องต่อ พฤศจิกายน 2556 แต่เราไม่ได้ต่อ ไปต่ออีกที มกราคม2557 แล้วตอนนี้ บริษัท บัตรกรุงไทยktc โทรมาเสนอราคาประกันชั้น1ให้ บอกว่าถ้าเราปล่อยรถขาดประกันไป เค้าจะนับปีของรถไปอีก1ปี เพราะมันข้ามปี เราทำไว้กับกรุงเทพประกันภัย แพงหน่อย แต่บริการดี เลยยอมจ่าย เราเกือบตกลงทำไปแล้ว แต่ยังมีสติบ้าง เลยเบรกไว้ แล้วมาถามคนรอบข้าง เค้าก้อบอกให้เราศึกษาดีๆ แต่เราไม่รู้จะศึกษายังไง เพราะมันไม่มีอะไรเลย ชื่อบริษัทก้อไม่บอก บอกแค่ว่าเป็นบริษัทประกันของกรุงไทยเลย แต่ก็ไม่พูดว่า กรุงไทยแอ๊คซ่า ตอนเสนอขายเค้าก้อพูดดี อธิบายรายละเอียดความคุ้มครองต่างๆ มันก็คล้ายๆกับทุกที่ที่เค้าเสนอมา แล้วเสนอว่า มีโปร 0 6เดือน ป๊าดด อะไรจะขนาดนั้น หรือว่าเค้าอยากขายมาจริงๆ,"ผู้ร้องเรียนซื้อรถในเดือนพฤศจิกายน พ.ศ. 2555 และทำประกันภัยรถยนต์ในช่วงเวลานั้น
หลังจากไม่ต่อประกันในปีถัดไป จึงต่อประกันใหม่ในเดือนมกราคม พ.ศ. 2557
บริษัท KTC โทรมาเสนอกรมธรรม์ประกันชั้น 1 โดยระบุว่าหากปล่อยขาดประกันจะนับอายุรถเพิ่มอีก 1 ปี
ผู้ร้องเรียนรู้สึกสงสัยเกี่ยวกับความโปร่งใสของบริษัทที่ไม่เปิดเผยชื่ออย่างชัดเจน และมีข้อเสนอดูดีเกินจริง",eval,Hybrid,2014,20,4,5.0,0.5215316414833069,0.3475099802017212,0.6524900197982788
34693531,ถ้าทำประกันไว้หลายตัว เวลาเคลม เคลมได้ทั้งหมดไหมคะ เนื่องจากเป็นคนไม่ค่อยใช้ประกันในการเคลมอะไรใดๆเลย เวลาป่วยก็ไม่ไปใช้ประกันสังคม ตอนเด็กๆจำได้ว่า ทำประกันไว้กับ AIA และประกันอุบัติเหตุของโรงเรียน ซึ่งเกิดอุบัติเหตุครั้งนึง แล้วนำใบเสร็จไปเคลม ไปเคลมได้ที่ใดที่หนึ่งต้องเลือกว่าจะเคลมที่ไหน เราเลยคิดว่า เอ๊าา แบบนี้คนที่ทำประกันไว้หลายๆบริษัท เขาทำกันไว้เพื่ออะไรคะ ในเมื่อเคลมเงินได้ที่ใดที่หนึ่ง เต็มจำนวน หรือว่า ถ้าเกินวงเงินแล้ว จะไปขอเคลมอีกที่ได้ หรือยังไงคะ พอดีเราไม่ได้ศึกษาเรื่องประกันไว้ค่ะ แค่สงสัยเฉยๆ อยากทราบเป็นความรู้จ้า เพราะตอนนี้ ไม่ว่าบัตรต่างๆของธนาคารมีประกันทุกบัตร เวลาจะเคลมนี่คือเราต้องเลือกหรอคะ แต่ไม่อยากจะใช้เคลมนะคะ 55 หรือว่าเคลมได้ทั้งหมดทุกบริษัทที่เราทำไว้ เพราะส่วนตัวแอบสงสัยว่าเราจะจ่ายหลายบริษัททำไมในเมื่อสุดท้ายก็เคลมได้บริษัทเดียว อันนี้ไม่รู้จริงๆ อยากได้ความรู้เพิ่มเติมจ้า จะได้รู้สึกโล่งใจ สบายใจ เมื่อเกิดเหตุร้ายใดๆ ขอบคุณมากๆนะคะ,"ผู้ร้องเรียนสงสัยว่า หากทำประกันกับหลายบริษัท สามารถเคลมได้ที่ใดที่หนึ่งเท่านั้นหรือไม่
หากวงเงินการเคลมจากบริษัทแรกไม่เพียงพอ จะสามารถเคลมเพิ่มจากบริษัทอื่นได้หรือไม่
เนื่องจากบัตรเครดิตหลายใบมีประกันติดมาด้วย จึงเกิดคำถามว่าควรเลือกเคลมจากบริษัทใด
ผู้ร้องเรียนต้องการความชัดเจนเพื่อเข้าใจหลักการเคลมประกันอย่างถูกต้องและหลีกเลี่ยงการจ่ายเบี้ยซ้ำซ้อน",eval,Hybrid,2016,15,4,3.75,0.4560845494270324,0.6164592107137044,0.3835407892862956
32570202,มีประกันสุขภาพแบบสั้นๆไหมคะ อยากทำประกันสุขภาพแบบไม่พ่วงตัวอื่น เพราะมีงบจ่ายเบี้ยต่อปีน้อย อายุ32 ไม่เป็นโรคร้ายแรง สุขภาพปกติ อยากทดลองทำแบบสั้นๆดูก่อน เน้นดูแลรักษากรณีเจ็บป่วยไปหาหมอทั้งนอนรพ. และไม่นอนรพ. มีของที่ไหนพอเข้าเงื่อนไขที่แจ้งไมคะ รบกวนช่วยแนะนำทีค่ะ เพิ่มเติมนะคะ ขอบคุณทุกคนมากๆค่ะ ที่เสนอแผนประกันมาให้ทางหลังไมค์ เราเป็นแม่บ้านธรรมดา สามีให้เงินไว้ใช้ส่วนตัวรายเดือน ส่วนนึงเราฝากเข้าบช.ประจำธนาคาร 24 เดือน จะเหลือเงินอีกนิดหน่อย เลยจะแบ่งมาซื้อประกันสุขภาพไว้ แต่ต้องการเบี้ย ปีไม่แพง พอให้เราสะสมเงินทุกเดือนที่แบ่งจากฝากประจำ มาไว้จ่ายรายปีได้น่ะค่ะ ถ้าเบี้ยเกิน 2000฿ เราไม่ไหวค่ะ1700฿ ยังคิดหนัก,"ผู้ร้องขอต้องการประกันสุขภาพระยะสั้นโดยไม่รวมผลิตภัณฑ์อื่น เพื่อลดภาระค่าเบี้ยรายปี
อายุ 32 ปี มีสุขภาพปกติ ไม่มีโรคประจำตัว และต้องการทดลองใช้บริการก่อน
มีงบประมาณจำกัด โดยต้องการเบี้ยประกันไม่เกิน 1,700 บาทต่อปี เพื่อให้สามารถจ่ายได้จากเงินออมรายเดือน
เน้นความคุ้มครองทั้งกรณีรักษาพยาบาลในโรงพยาบาลและนอกโรงพยาบาล",eval,Hybrid,2014,16,4,4.0,0.4658236503601074,0.4780483245849609,0.5219516754150391
40571059,เกิดอุบัติเหตุคนวิ่งตัดหน้ารถ เรื่องมีอยู่ว่าออกรถป้ายแดงมาขับได้1วัน วันที่สองขับไปทำงาน กำลังจะขับรถไปจอดที่จอดรถแล้วมีคนวิ่งออกมาตัดหน้าเอาเป็นว่าวิ่งชนรถก็แล้วกันเพราะไม่มีระยะที่จะเบรคเลยเป็นพนักงานในบริษัทด้วยกัน ก็ชนช่วงแขนแล้วเขาก็ลงไปนอนที่พื้นรุกไม่ขึ้นผมก็ลงมาดู ผมก็ว่าเป็นไงบ้างทำไมวิ่งออกมาไม่ดูรถ เขาก็ยอมรับว่าไม่ได้ดูเขารีบ แล้วรถฉุกเฉินก็มานำตัวส่งโรงบาล ผมก็โทรเรียกประกันมา เพราะรถเสียหายฝากระโปรงยุบเป็นรอยมือ ประกันก็ให้ไปลงบันทึกประจำวัน แล้วผมก็ลางานไปดูผู้เจ็บที่โรงบาล ก็มีอาการปวดแขนต้องx ray ส่วนค่าใช้จ่ายโรงบาล ผมรับผิดชอบ จ่ายด้วย พรบ เขาก็นอนโรงบาล1 2วัน วันต่อๆมาผมก็โทรถามอาการเป็นไงบ้างเขาก็ว่าต้องมาตรวจอีกรอบหมอนัดมาx rayอีก ประมาณอีก1อาทิตย์ผมก็โทรถามอีกว่าเป็นยังไง เขาก็ว่าหายแล้วมาทำงานได้แล้ว แล้วก่อนหน้านี้ทางผู้ใหญ่เขาโทรมาบอกว่าต้องเสียค่ารักษาโรงบาลเอง1100 พรบ เบิคไม่ได้ เขาบอกว่าเกินงบ จะรับผิดชอบยังไง ก่อนหน้านี้ผมได้คุยกับผู้เจ็บว่า จะเสียค่าทำขวัญให้แต่ยังไม่มีคิดในใจผมจะให้34พันแต่ผมยังไม่ให้แล้วเขาโทรมาก่อนว่าเสียเอง1100 แล้วผมจะทำยังไงต่อไป 34ผมเขาจะรับมั้ย ส่วนเรื่องรถเคลมฝากระโปรงใหม่จอดศูนย์7วัน ค่าใช่จ่าย1800 ประกันชั้น1จ่าย,"ผู้ร้องเรียนรายงานว่าขณะขับรถไปจอด มีพนักงานบริษัทเดียวกันวิ่งออกมาตัดหน้าจนไม่มีเวลาเบรก
ทำให้รถชนบริเวณแขนของผู้บาดเจ็บ ซึ่งหลังเหตุการณ์ผู้บาดเจ็บได้รับการนำส่งโรงพยาบาลโดยรถพยาบาล
ผู้ร้องเรียนจ่ายค่าใช้จ่ายทางการแพทย์เอง และติดตามอาการผู้บาดเจ็บอย่างสม่ำเสมอจนทราบว่าอาการดีขึ้นและกลับมาทำงานได้",eval,Hybrid,2021,20,3,6.666666666666667,0.4648312926292419,0.3072928786277771,0.6927071213722229
32132871,การเคลมประกัน แต่ละศูนย์ของ HONDA ไม่เหมือนกันเลยซักศูนย์ ศูนย์ที่1 โทรเข้าไปจองคิวเพื่อเคลมประกัน มีใบเคลมแล้ว บอกว่าต้องรอเดือนกว่า ตอนนี้คิวเต็ม ศูนย์ที่2 พอดีว่าขับรถผ่าน เลยแวะเข้าติดต่อ เดินเข้าไป มี พนักงานหญิง 3 4คน นั่งประจำโต๊ะ แต่หันหน้าคุยกัน ไมไ่ด้สนใจเลยว่าใครจะเข้ามา เลยก้มมองนาฬิกา 13.40 ช่วงนั้นพอดีมี พนักงานชายเดินเข้า เค้าเลย ตะโกนบอก พนักงานชายว่า มาเคลมประกัน ฮื่อ. ส่งต่อ คุยกันได้ 3 5นาที อืมม ได้ความว่า รอนานเลย เพราะทางศูนย์ไมไ่ด้คอนแทคกับประกันนี้ พอละ.เราเลยขับรถไปศูนย์ที่เคยเคลม ซึ่งไม่เคยมีปัญหาเลย ไปถึง ถ้าไม่ต้องรออะไหล่ เคลมได้เลย แต่อยู่ไปกลบ้าน มาต่อคะ หลังจากไปที่ศูนย์เดิม เค้าบอกว่ารอประกันอนุมัติ2วัน เข้ามาซ่อมได้เลย เค้าจะสั่งอะไหล่ไว้ให้ ใช้เวลาเปลี่ยน 45นาที กระจกมองข้างคนขับนะคะ ตอนนี้เปลี่ยนกระจกเรียบร้อยแล้วค่ะ เราไม่เข้าใจว่า ถ้าเคลมศูนย์ที่เราไม่ได้ออกรถจากศูนย์นั้น เค้าไม่อยากรับเคลมหรอคะ,"มีพนักงานหญิงจำนวน 3-4 คนนั่งประจำโต๊ะแต่หันมาคุยกันโดยไม่สนใจลูกค้าที่เข้ามา
ขณะนั้นพนักงานชายเดินเข้ามา จึงตะโกนเรียกให้ช่วยเหลือเกี่ยวกับการเคลมประกัน
ลูกค้าระบุว่าต้องรอการติดต่อกับบริษัทประกันนานกว่า 2 วัน ก่อนจะสามารถดำเนินการซ่อมได้
ศูนย์เดิมแจ้งว่าจะสั่งอะไหล่ไว้ให้หากไม่มีปัญหาด้านอะไหล่ และสามารถซ่อมได้ทันทีหลังได้รับอนุมัติ",eval,Hybrid,2014,21,4,5.25,0.523331344127655,0.4267335732777913,0.5732664267222087
40962610,แชร์ประสบการณ์เคลมประกันของ บริษัท Allianz Ayudhya ผมได้ทำประกันสุขภาพกับ บริษัท Allianz Ayudhya ไว้ และเมื่อ วันที่ 3 ก.ย.64 ได้เข้ารักษาอาการปวดท้อง ณ โรงพยาบาล ในเครือของประกัน หมอ ได้สั่งสแกนเพิ่มเติม เนื่องจากเป็นอวัยวะภายใน แต่เมื่อรักษาเสร็จ การเงินของ โรงพยาบาลบอกประกันให้สำรองจ่ายไปก่อน ไอเราถึงกับ งง เลย ทั้งๆที่เข้า โรงพยาบาลในเครือของประกันแท้ๆ ทำไมถึงให้สำรองจ่ายไปก่อน แต่ยังไม่จบเท่านี้ พอสำรองจ่ายไปก่อนเสร็จ ไปทำเบิกคืนกับประกัน ดันไม่ตรงกับที่โฆษณาชวนให้เราทำประกันเลย บอกถ้า opd วงเงิน 1600 บาท ถ้ามี สแกนเพิ่มเติม วงเงินเพิ่มเป็น 3200 บาท แต่นี้ ประกันจ่ายแค่ 1600 บาท ไอเรางงขึ้นไปอีก เดือนๆนึงจ่ายเบี้ยประกันเกือบ 2 พัน พอลองเคลมประกันดู หมดศรัทธาเลย ใครเคยเจอแบบผมมั้งครับเนี่ย เซงจิต บริษัท Allianz Ayudhya แย่ๆ,"ผู้ร้องเรียนเข้ารักษาที่โรงพยาบาลในเครือประกันเนื่องจากปวดท้อง และแพทย์สั่งตรวจสแกนเพิ่มเติม
โรงพยาบาลแจ้งให้สำรองจ่ายค่าใช้จ่ายก่อน แม้จะเป็นสถานพยาบาลในเครือประกัน
เมื่อนำเอกสารไปเบิกคืนกับบริษัทประกัน กลับได้รับการชดเชยเพียง 1,600 บาท ซึ่งไม่ตรงกับคำโฆษณาที่ระบุว่าหากมีการตรวจเพิ่มเติมจะได้รับวงเงิน 3,200 บาท
ผู้ร้องเรียนรู้สึกผิดหวังและหมดศรัทธาต่อผลประโยชน์ที่ได้รับจากการชำระเบี้ยประกันรายเดือนหลายพันบาท",eval,Hybrid,2021,16,4,4.0,0.549871563911438,0.3435067335764566,0.6564932664235433
30750222,สอบถามท่านที่มีประสบการณ์เคยเคลมสีรถยนต์รอบคันหน่อยครับ สอบถามท่านที่มีประสบการณ์เคยเคลมสีรถยนต์รอบคันหน่อยครับว่า 1.คือว่าเคยให้แฟนผมไปดำเนินการเคลมสีรอบคันรถคันมาแล้วสีมันหม่นๆคือไม่เงา ไม่สว่าง พอขายให้เต้นท์ ๆ บอกว่า คราวหลังถ้าจะเคลมสีให้เคลมเฉพาะจุดเพราะสีจะได้ไม่หม่นทั้งคัน เพื่อนๆว่าจริงไหม หรือเป็นเพียงข้ออ้างในการกดราคารถของเต้นท์พอตอนนี้จะเอารถอีกคันไปเคลมสี แต่มันมีหลายจุดที่จะต้องเคลมทั่วรถ ก็เลยเกิดคำถามว่าจะเคลมรอบคันดี หรือว่่าเคลมเฉพาะจุดดี ผมคิดว่าถ้าเคลมเฉพาะจุดสีอาจจะไม่เหมือนกันทั่วทั้งรถ หรือเพื่อนๆท่านที่มีประสบการณ์คิดว่าถ้าอู่ฝีมือดีมันก็ไม่น่ามีปัญหา 2.ในกรณีประกันภัยชั้นหนึ่ง การเคลมสีรอบคัน หรือหลายจุด รวมทั้งเคลมสีล้อแม็กซ์ทั้งสี่ล้อ ต้องเสียค่าแอ็กเซฟ เท่าไหร่หรือว่าไม่เสีย และถ้าเราไม่ต้องการเสียค่าแอ็กเซฟ มีวิธีพูดอย่างไรครับ ขอบคุณมากครับ,"ผู้ร้องเรียนสอบถามประสบการณ์จากผู้มีความรู้เกี่ยวกับการเคลมสีรถยนต์ โดยเล่าว่าเคยเคลมสีรอบคันแล้วสีหม่นและไม่เงา
มีคำแนะนำจากเต้นท์รถว่าควรเคลมเฉพาะจุดเพื่อให้สีไม่หม่น แต่สงสัยว่าคำแนะนำนี้อาจเป็นข้ออ้างเพื่อดึงราคาซื้อรถลง
ผู้ร้องเรียนกังวลว่าหากเคลมเฉพาะจุดอาจทำให้สีไม่สม่ำเสมอ และต้องการทราบว่าหากอู่มีฝีมือดีจะสามารถป้องกันปัญหานี้ได้หรือไม่
นอกจากนี้ยังสอบถามในเรื่องค่าใช้จ่ายเพิ่มเติมเมื่อเคลมสีหลายจุดรวมถึงล้อแม็กซ์ภายใต้กรมธรรม์ประกันภัยชั้นหนึ่ง",eval,Hybrid,2013,15,4,3.75,0.4596362113952636,0.5800347328186035,0.4199652671813965
32110594,คำถามเกี่ยวกับประกันค่ะ อายุ24ค่ะ เพิ่งจะทำประกันหลักไปกับAIA จ่าย20 80ค่ะ มีประกันอุบัติเหตุแล้วนะคะ แต่อ่านไปก็งงไปนะคะ คือเราตั้งใจจะทำประกันสุขภาพ อาทิเช่น เป็นหวัด ปวดท้อง ปวดหลัง สามารถเกินเข้ารพ.เอกชนได้ เพราะว่าที่ทำงานไม่มีคุ้มครองการเจ็บป่วยอ่ะค่ะ ไม่อยากไปเข้าคิว รพ.รัฐ อีกอย่างกลัวพวกโรค เบาหวาน ความดัน ไต หรือจะต้องล้างไตพวกเนี้ย ถ้าวันนึงตรวจเจอขึ้นมา คงจะต้องกินยาตลอด อยากทำไว้ก่อนที่จะเป็นอ่ะค่ะ แต่นายประกันบอกว่าAIA ไม่มีส่วนที่คุ้มครอง OPD ส่วนที่ทำจ่ายได้แต่IPDเท่านั้น เค้าก็แจงมาว่าค่ารักษาต่อครั้ง ค่าห้องเท่าไหร่ อยากจะถามว่าถ้าเราสนใจส่วนนี้ ต้องทำยังไงบ้างคะ เพราะอาชีพเราไม่มีสวัสดิการใดๆ ถ้าจะซื้อเพื่มต้องซื้อแค่เฉพาะค่าย AIA เท่านั้นหรือคะ ข้ามค่ายได้รึเปล่า เห็นบางคนบอกว่าbupaมีOPDแต่ถ้าตรวจเจอ ปีถัดไปก็ไม่รับเคลม เป็นเบี้ยจ่ายทิ้ง ไม่คืน แล้วตามความต้องการข้างต้น ถ้าสนใจซ์้อเพิ่มอยู่ที่เท่าไหร่คะ,"ผู้ร้องเรียนต้องการซื้อประกันสุขภาพเพื่อคุ้มครองการรักษาเมื่อเจ็บป่วย เช่น หวัด ปวดท้อง หรือโรคเรื้อรังที่อาจต้องใช้ยาตลอดชีวิต
นายประกันแจ้งว่าผลิตภัณฑ์ของ AIA ไม่ครอบคลุมค่ารักษาในกรณีผู้ป่วยนอก (OPD) เพียงแต่ครอบคลุมผู้ป่วยใน (IPD) เท่านั้น
ผู้ร้องเรียนสอบถามว่าหากต้องการความคุ้มครอง OPD จะต้องทำอย่างไร โดยเฉพาะอย่างยิ่งเมื่อมีอาชีพที่ไม่มีสวัสดิการด้านสุขภาพจากที่ทำงาน
นอกจากนี้ยังต้องการทราบว่าสามารถเลือกซื้อแผนจากบริษัทอื่น เช่น Bupa ได้หรือไม่ และมีข้อจำกัดอะไรบ้าง เช่น การไม่รับเคลมในปีถัดไปหากตรวจพบโรคเรื้อรัง",eval,Hybrid,2014,22,4,5.5,0.3324719071388244,0.7061383724212646,0.2938616275787353
32126818,ตัดสินใจยังไง เมื่อต้องยกเลิกกรมธรรม์ ซึ่งมีแต่เสีย กับ เสีย ตัดสินใจกันอย่างไรค่ะ เมื่อต้องยกเลิกการส่งเบี้ยประกัน พอดีว่า จขกท ทำประกันเกี่ยวกับการออมเงินไว้อยู่ 3 4 ตัว เรียกได้ว่าช่วงนั้น พอจะมีกำลังที่จะส่งเบี้ย ซึ่งก็มีทั้งรายเดือน และรายปี แต่มาช่วงนี้เริ่มถดถอย รายได้ไม่ค่อยพอ เลยคิดว่าจะยกเลิกกรมธรรม์ไปบ้าง แต่พอโทรคุยกับบริษัทปรากฏว่า ถ้ายกเลิกกรมธรรม์ เงินที่จะได้คืนไม่ได้ครึ่งของเบี้ยประกันที่ส่งไปเลยค่ะ อุตส่าห์ส่งไปก็หลายปี เสียดายจุงเบย อีกวิธีที่เขาแนะนำก็คือ การขยายระยะเวลา แต่ก็ต้องรอให้ครบสัญญาก่อนอีกแหล่ะ อีกอย่างก็ไม่ได้เท่ากับที่ส่งไปด้วย เรียกได้ว่า ตั้งใจเก็บเงินไว้ใช้ แต่พอจะใช้ เงินฉันหายไปไหนหมด อันนี้เป็นความคิดเห็นส่วนตัว ว่า ไม่คุ้มเลย ไม่น่าเลยเรา ถ้าจะรอให้คุ้มก็ต้องเสียชีวิตเท่านั้น ซึ่งเงินเรา ก็ไม่ได้ใช้อีก เฮ้อ,"ผู้ร้องเรียนมีกรมธรรม์ประกันที่เกี่ยวข้องกับการออมเงินจำนวนหลายฉบับ ซึ่งเคยชำระเบี้ยมาอย่างต่อเนื่องทั้งรายเดือนและรายปี
เมื่อสถานการณ์ทางการเงินเปลี่ยนแปลง จึงพิจารณาขอยกเลิกกรมธรรม์บางฉบับเพื่อลดภาระค่าใช้จ่าย
บริษัทประกันแจ้งว่าหากยกเลิก จะได้รับเงินคืนไม่ถึงครึ่งของเบี้ยที่ชำระไป และไม่มีทางเลือกอื่นนอกจากรอให้ครบสัญญาเพื่อรับผลตอบแทน
ผู้ร้องเรียนรู้สึกว่าการลงทุนในกรมธรรม์เหล่านี้ไม่คุ้มค่า โดยเฉพาะเมื่อต้องการนำเงินมาใช้จริงกลับไม่สามารถเข้าถึงได้อย่างเต็มที่",eval,Hybrid,2014,18,4,4.5,0.4321578443050384,0.460646112759908,0.539353887240092
31186037,รบกวนถามเกี่ยวกับ กรมธรรม์ PA ครับ ว่าทำหลายๆที่ เวลาเป็นอะไรขึ้นมา จะเคลมได้ทุกที่รึเปล่าครับ รบกวนถามเกี่ยวกับ กรมธรรม์ PA ครับ ว่าทำหลายๆที่ เวลาเป็นอะไรขึ้นมา จะเคลมได้ทุกที่รึเปล่าครับ โดยในที่นี้ สมมติว่า ผ่านประเด็น ข้อยกเว้นสาเหตุของการสูญเสียทุกๆข้อแล้วนะครับ คือมีสิทธิ จะเคลมได้แน่ๆ เช่น ถ้าผมอยากได้วงเงินซัก 10 ล้าน กรณีเสียชีวิตจากอุบัติเหตุทั่วไป หรือ 5 ล้าน กรณีมอเตอร์ไซค์ หากผมทำประกัน pa วงเงิน 1 ล้าน โดยทำ 10 ที่ และเกิด ถ้าผมเสียชีวิตจากอุบัติเหตุทั่วไป พ่อแม่ผม จะเคลมได้ 10 ล้าน ที่ละ ล้าน รึเปล่าครับ หากไม่สามารถเคลมได้ทั้ง 10 ที่ มีวิธีอะไรบ้างหรือไม่ครับ ที่จะทำประกันวงเงินเยอะหน่อย ได้บ้าง ที่มาที่ไป เผื่อพี่ๆ น้องๆ จะถามผม ว่าทำไมผมถึงมาถาม สาเหตุที่อยากรู้ เนื่องจากว่า ผมสนใจจะทำประกัน ด้วยวงเงินเยอะๆ อ่ะครับ แต่ดูที่ไหนๆ ก็มักจะลิมิตไว้ที่ 1 ล้านบาท หรืออย่างดีก็ 1.5 ล้านบาท และ 5 แสน ถึง 7.5 แสน สำหรับมอเตอร์ไซค์ สาเหตุที่อยากทำประกัน pa เพราะว่า เห็นพี่ที่ทำงาน เค้าซ้อนมอเตอร์ไซค์ แล้วล้ม เจ็บเข่ามาหลายเดือนแล้ว ก็เลยคิดว่า ควรจะทำประกันไว้บ้างน่ะครับ ส่วนสาเหตที่อยากทำวงเงิน เยอะหน่อย เพราะผมคิดว่า อย่างน้อย วงเงินประกันที่ได้ควรจะชดเชยรายได้ซัก 5 ปี ขึ้นไป กรณีเสียชีวิต และ 3 5 ปี กรณีที่สูญเสียงาน แล้วแต่ว่าอันไหนจะมากกว่า ขอบคุณครับ,"ผู้ร้องขอสอบถามเกี่ยวกับการเคลมกรมธรรม์ประกันอุบัติเหตุส่วนบุคคล (PA) ที่ทำหลายฉบับพร้อมกันว่าสามารถเคลมได้ทุกฉบับหรือไม่
โดยสมมติว่าอยู่ในเงื่อนไขที่สามารถเคลมได้ตามข้อยกเว้นของกรมธรรม์
ผู้ร้องต้องการทราบว่าหากทำประกัน PA วงเงิน 1 ล้านบาท จำนวน 10 ฉบับ จะได้รับเงินชดเชยรวม 10 ล้านบาท ในกรณีเสียชีวิตจากอุบัติเหตุทั่วไปหรือไม่
นอกจากนี้ ผู้ร้องยังแสดงความประสงค์ในการทำประกันวงเงินสูงเพื่อรองรับความเสียหายทางรายได้ในอนาคต และสอบถามแนวทางการขยายวงเงินประกันที่มากกว่าข้อจำกัดปกติ",eval,Hybrid,2013,25,4,6.25,0.5146000385284424,0.5295763810475667,0.4704236189524333
39864995,ประกันกรุงเทพ เดือนละ 620 บาท แพงมั้ยคะ ขออนุญาตสอบถามความเห็นค่ะ เนื่องจากปีนี้หมอดูทักไว้ว่าอาจจะมีอุบัติเหตุเล็กน้อย เราก็เลยเพิ่งซื้อประกันอุบัติเหตุของกรุงเทพเอาไว้ส่วนตัวชุดนึง แต่ไม่ทราบว่าราคานี้ถือว่าแพงมั้ย ทีนี้รายละเอียดตามนี้ค่ะ เบี้ยเดือนละ 620 บาท ผลประโยชน์ คร่าวๆ กรณีเสียชีวิต หรือ พิการ ได้รับ 80000 บาท คุ้มครองรวมการถูกฆาตรกรรม จราจลด้วย กรณีเสียชีวิต หรือ พิการจากโดยสารหรือขับขี่มอไซ ได้รับ 20000 ค่ารักษาพยาบาล 4000 บาท เคส ครั้ง ค่ารักษา กรณีนั่ง ขับขี่มอไซ 2000 บาท เคส ครั้ง ค่าชดเชยกรณีต้องกายภาพต่อเนื่อง 200 บาท วัน ค่าชดเชยกรณีต้องกายภาพต่อเนื่อง เหตุจากนั่ง ขับมอไซ 100 บาท วัน จริงๆมันมีอีกตัวที่เบี้ยถูกกว่านี้ 200 บาท และได้ผลประโยชน์สูงกว่า แต่ว่า จะไม่รับผิดชอบกรณีนั่งหรือขับขี่มอไซเลย ซึ่งเราก็ไม่รู้หรอกว่าวันไหนเราจะเกิดนั่งมอไซ เพราะมีนานๆนั่งที และมันจะเกิดเหตุขึ้น เราก็เลยยอมลดผลประโยชน์ลงมานิดนึง จ่ายแพงขึ้น แต่ขอแบบครอบคลุมให้หมดดีกว่า ประกันอุบัติเองมันก็คือการซื้อความเสี่ยง เหมือนประกันสุขภาพอ่ะ จ่ายปีละ 2000 บาท แต่บางปีไม่ได้นอนรพ.เลย แต่ถ้านอนสักทีก็โดนไปสามสี่หมื่นแล้ว ยังไม่นับ OPD ที่ใช้รัวมากๆ ทีนี้บางคนบอกว่า 620 บาท เดือนแพง เรายังไม่ได้แจงรายละเอียดความคุ้มครองให้เขาฟัง เลยอยากทราบความเห็นว่า ตัวนี้ถือว่าแพงไหม และมีตัวไหนที่ราคาถูกกว่านี้ แต่ความคุ้มครอบสูงกว่านี้ไหมคะ,"เบี้ยประกันเดือนละ 620 บาท ครอบคลุมความคุ้มครองหลายกรณี เช่น เสียชีวิตหรือพิการจากอุบัติเหตุ
รวมถึงค่ารักษาพยาบาลและค่าชดเชยกรณีบาดเจ็บจากการขับขี่หรือนั่งมอเตอร์ไซค์
ผลประโยชน์ที่ได้รับในแต่ละกรณีอยู่ในระดับต่ำ เช่น 800,000 บาท สำหรับการเสียชีวิต
ผู้ร้องเรียนไม่แน่ใจว่าราคาเบี้ยที่จ่ายถือว่าเหมาะสมเมื่อเทียบกับวงเงินคุ้มครองที่ได้รับ",eval,Hybrid,2020,25,4,6.25,0.5033599734306335,0.417327324549357,0.5826726754506429
40559103,เดี๋ยวนี้เคลมรถถูกชน ต้องจ่ายเงินแผลเก่าที่มีติดมาด้วยหรอคะ รถจอดไว้เฉยๆ โดนชนกันชน โย้ออกมา เราทำชั้น 3 เป็นฝ่ายถูก แต่ประกันฝ่ายผิดเป็นชั้น 1 ขอให้เรียกประกันเรามาด้วย เพราะระบบประกันสมัยนี้ ประกันจะเคลียร์กันแล้วให้เราไปซ่อมอู่ประกันตัวเอง ประกันก็มาเขียนใบเคลมให้ไม่ได้อธิบายอะไรบอกเอาเข้าอู่ได้เลย หลังได้ใบเคลม เราเอารถเข้าอู่ประกันตัวเองตามที่ประกันแจ้ง ปรากฎ อู่แจ้งว่า กันชนต้องเอามาพ่นทำสีทั้งชิ้น แต่มีค่าใช้จ่ายนะ เพราะประกันเขียนว่ามีรอยเก่า คือ รถคันไหนขับมาไม่มีรอยอะไรบนกันชนบ้าง ของเดิมกันชนเราเป็นรอยแมวข่วน ไม่ได้บุบแตกอะไรถ้าไม่โดนแผล ที่ถูกชนทำให้กันชนเด้งออกมาจากเบ้าเราก็ไม่เอามาทำหรอก แต่อู่มาบังคับให้จ่ายค่าทำด้วยเพราะพ่นกันชนต้องทำทั้งชิ้น และมีรอยเก่าอยู่ เราเลยต้องจ่าย เราโทรไปทางประกันเราเค้าก็อ้างว่าก็รถคุณมีรอยเก่า ใครจะไปซ่อมให้หมด เรายืนยันว่าง้นก็.ซ่อมส่วนที่เสียหายตามที่โดนชนสิ รอยเก่าเราเก็บไว้เราไม่ได้เดือดร้อน ปกติคิดเบี้ยนี่ก็ครอบคลุมความเสียหายแต่ละครั้งอยู่แล้ว นี่ก็ไม่ได้เสียหายเกินเบี้ยที่คุ้มครองแต่จะมาเล่นแง่อะไรกับผู้ประสบภัยแบบนี้ เราขับรถมา 20 ปี เคลมประกันไม่เกิน 3 ครั้ง ฝ่ายถูกทุกครั้ง พ่นทั้งกันชน ก็ไม่เคยโดนให้จ่ายค่ารอยเก่าแบบนี้ เลย ควรทำยังไงดีคะ เรายังไม่ได้เอารถเข้าอู่ค่ะรอคิวอยู่ ควร ฟ้อง สคบ ได้มั้ยคะ ทำประกันไปทำไม ให้มารวมหัวกันเอาเปรียบเราซึ่งเสียทั้งเวลา เสียรถ ไปกะการโดนชนแล้วยังบังคับให้จ่ายเงินโดยอ้างว่าซ่อมรอยเก่าให้ด้วยทั้งที่ไม่ได้ขอ,"ผู้ร้องเรียนถูกรถคันอื่นชนขณะจอดนิ่ง ทำให้กันชนเด้งออกจากร่อง โดยเป็นฝ่ายถูกต้องตามกฎหมาย
เมื่อนำรถเข้าอู่ที่ประกันกำหนด กลับถูกแจ้งว่าต้องจ่ายค่าซ่อมกันชนทั้งชิ้นเนื่องจากมีรอยเก่า ทั้งที่รอยดังกล่าวเป็นเพียงรอยข่วนจากแมว และไม่ได้เกี่ยวข้องกับอุบัติเหตุครั้งนี้
ผู้ร้องเรียนยืนยันว่าไม่ได้ขอให้ซ่อมรอยเก่า และเชื่อว่าเบี้ยประกันควรครอบคลุมความเสียหายจากการชนเท่านั้น ไม่ใช่ค่าซ่อมรอยเดิม
ปัจจุบันยังไม่ได้นำรถเข้าซ่อม และสอบถามแนวทางในการร้องเรียนต่อสำนักงานคณะกรรมการคุ้มครองผู้บริโภค (สคบ.)",eval,Hybrid,2021,26,4,6.5,0.453875869512558,0.5949627955754597,0.4050372044245403
35954423,ตรวจสุขภาพทำประกัน mrta ไม่ผ่าน แบงค์เลยจะคิดดอกเบี้ยเพิ่มขึ้น งงสิคะ คือซื้อบ้านมาเกือบ 2 เดือนแล้วค่ะ ตอนกรอกข้อมูลทำประกัน เคยมีประวัติโรคเลือดก็ตอบตามความจริง ธนาคารเลยนัดไปตรวจสุขภาพ หมอก็บอกว่าร่างกายแข็งแรงดีนะคะ แต่เพิ่งได้จดหมายมาว่าประกันไม่ผ่าน ทีนี้เลยติดต่อสอบถามไปที่ call center หลัวจากคุยๆกับเจ้าหน้าที่มา 2 วันติด เค้าให้เราเลือกค่ะ 1. ให้เปลี่ยนไปทำประกันอุบัติเหตุแทน คุ้มครองแค่ 10 ปี แต่เพิ่มทุนประกันให้ 2. ให้เรายกเลิกทำประกัน แต่ต้องคิดดอกเบี้ยใหม่หมด เพราะโปรดอกเบี้ยเดิมพ่วงมากับประกัน คือที่เราฟังมาไม่อยากได้ประกันตัวนี้เลยค่ะ ที่เราอยากได้คือที่ครอบคลุมสุขภาพด้วย ตอนนี้เราไม่มีโรคอะไรแล้ว แต่เค้ากลัวเสี่ยงเราเข้าใจได้ค่ะ ยกเลิกได้ค่ะ ที่ไม่เข้าใจเลยทำไมถึงเหมือนถูกบังคับให้ทำประกันตัวใหม่ ถ้าไม่ทำจะถูกคิดค่าดอกเบี้ยใหม่หมด มันเป็นความผิดของเราหรอคะ ความจริงถ้าจะทำแบบนี้ น่าจะให้ตรวจสุขภาพก่อนจะอนุมัติสินเชื่อมั้ยคะ นี่เราก็ย้ายบ้านมาแล้ว ผ่อนมาจะ 2 เดือนแล้ว เพิ่งจะมาแจ้งว่าปฏิเสธไม่ให้ทำประกัน mrta แล้วยังไงต่อคะ คือถ้าเรารู้ว่าอยู่ๆ ดอกเบี่ยมันจะแพงขึ้น เราคงไม่เอาของแบงค์นี้ตั้งแต่แรกอะค่ะ มันใช่ความผิดของลูกค้าหรอคะ ธนาคารไทยพาณิชย์ ตอนนี้พนักงานให้เราตัดสินใจ 1 วันค่ะ ว่าจะเลือกแบบไหน เค้าบอกถ้าจะยกเลิกก็จะช่วยคุยให้เรื่องดอกเบี้ยให้ว่าจะลดได้ม้ย ขอคำแนะนำด้วยนะคะ ถ้าดอกเบี้ยถูกคิดเพิ่มขึ้นจริงๆเราต้องทำยังไงคะ ตอนนี้อยากร้องไห้ค่ะ ดอกเบี้ยโปร 3.75 ถ้ายกเลิกประกันดอกเบี้ยจะเพิ่มเป็น 5.75 ค่ะ,"ลูกค้าซื้อบ้านจากธนาคารไทยพาณิชย์เมื่อสองเดือนก่อน และได้ดำเนินการขอทำประกัน MRAT ตามเงื่อนไขสินเชื่อ
หลังจากตรวจสุขภาพแล้วแพทย์ระบุว่าร่างกายแข็งแรงดี แต่กลับได้รับจดหมายแจ้งว่าประกันไม่ผ่าน
ธนาคารเสนอทางเลือก 2 ทาง คือ เปลี่ยนเป็นประกันอุบัติเหตุที่คุ้มครองเฉพาะ 10 ปี หรือยกเลิกประกันซึ่งจะทำให้ดอกเบี้ยเพิ่มขึ้นจาก 3.75% เป็น 5.75%
ลูกค้ารู้สึกไม่สบายใจกับบริบทที่ถูกบังคับให้ตัดสินใจภายในเวลาจำกัด โดยมองว่าไม่ใช่ความผิดของตนเอง และต้องการคำแนะนำในการดำเนินการต่อไป",eval,Hybrid,2016,22,4,5.5,0.5560625195503235,0.4244280258814493,0.5755719741185507
35346651,บัตรเครดิตสามารถใช้เกินวงเงินในบัตรได้ไหมคะ ตอนนี้มีปัญหาเรื่อง ธนาคารกรุงศรีฯ อนุมัติยอดการจ่ายประกันสุขภาพที่ทาง อยุธยา อลิอันซ์ ยื่นไปโดยอัตโนมัติ ซึ่งก่อนตัดวงเงินในบัตรเราใกล้เต็มแล้ว แต่พอธนาคารรับอนุมัติประกัน ที่เราไม่ได้ต้องการจะต่อ ทำให้ยอดการใช้เงินในบัตร เกินไปเกือบหมื่น ปกติเวลาไปรูดบัตร ถ้าวงเงินไม่พอ จะไม่สามารถใช้บัตรต่อได้ถูกไหมค่ะ แล้ว ทำไมธนาคารถึงได้อนุมัติไปได้ คะ ตอนนี้ได้สอบถามทางธนาคารไปแล้ว แต่เจ้าหน้าที่ไม่ได้ให้คำตอบ ได้แต่แนะนำให้เราโทรไปยกเลิกกับประกันเอง ซึ่งทางประกันบอกว่า เค้ายื่นตัดบัตรไปทางธนาคารแล้ว ถึงว่าทำการอนุมัติความคุ้มครองบัตรเครดิตแล้ว และธนาคารรกรุงศรีฯที่เป็นเจ้าของบัตรเครดิตก็ได้การอนุมัติแล้วด้วย แต่เจ้าหน้าที่กรุงศรีฯที่คุยกับเรา บอกว่า ถ้าเราไม่ต้องการทำประกันก็สามารถยกเลิกได้ ตกลงว่ายังไงกันแน่ค่ะ ปล. ประกัน ส่งเรื่องการตัดบัตรเครดิตไปวันที่ 18 06 2016 ซึ่งวันนั้นเป็นวันตัดรอบบิลบัตรเครดิตเดือนนี้ แต่ก็ไม่มีรายการนี้แสดง สรุปว่ากันตัดบัตรสำหรับจ่ายประกันเป็นของเดือน 07 เรื่องประกันนี่เราไม่ทราบ จนกระทั่งมาใช้บัตร ทำให้รู้ว่าบัตรมีปัญหา กลายเป็นมีการใช้จ่ายเกินวงเงิน ซึ่งเป็นการใช้จ่ายที่เราไม่ได้เซ็นอะไรไปเลย เรื่องนี้สามารถแก้ไขได้หรือไม่คะ เพิ่งนึกได้ค่ะ ขอเล่าเพิ่มสักนิด เมื่อไม่ถึงเดือน เราขอเงินวงเงินในบัตรเครดิตกรุงศรี ให้เท่ากับบัตรเครดิตอื่นที่เราถือ เพื่อจะได้ใช้บัตรเดียว จะได้สะสมคะแนน บัตรเครดิตกรุงศรีไม่อนุมัติค่ะ น่าโมโห ไม่เพิ่มวงเงิน แต่ตัดบัตรเกินได้เพื่อให้ซื้อประกันในเครือตัวเองได้,"ธนาคารกรุงศรีฯ อนุมัติการจ่ายประกันสุขภาพโดยอัตโนมัติ ซึ่งผู้ร้องไม่ได้ขอต่ออายุประกัน
การอนุมัติดังกล่าวทำให้ยอดใช้จ่ายเกินวงเงินบัตรเกือบหมื่นบาท ก่อนที่จะทราบเรื่อง
แม้บริษัทประกันสุขภาพจะแจ้งยกเลิกการตัดบัตรไปยังธนาคารแล้ว แต่รายการไม่ปรากฏในรอบบิลเดือนมิถุนายน
ผู้ร้องจึงไม่ทราบถึงการอนุมัติและผลกระทบจนกระทั่งใช้บัตรและพบปัญหา",eval,Hybrid,2016,23,4,5.75,0.4947640001773834,0.5899049838383992,0.4100950161616008
40581856,ประกันภัยชั้น1 เคลมสินไหมช้า สวัสดีค่ะ พอดีว่าเราขับรถแล้ว ดันไปชนกับรั้วบ้านจนพัง ซึ่งบ้านนี้เป็นบ้านเช่า ซึ่งแม่เป็นคนเช่า เพื่อเก็บของ หลังจากเกิดเหตุก็ได้เรียกประกันมา เพราะเป็นประกันชั้น 1 ของบริษัทแห่งหนึ่ง ซึ่งในตอนแรกเราประกันก็บอกว่าอาจจะเคลมไม่ได้เพราะเป็นแม่ลูกกัน แต่จะส่งเรื่องไปก่อน ซึ่งเราก็รอ ขอสัญญาเช่า เราก็เตรียมเอกสารให้ ต้องโทรตาม เพราะรอเก้อ นัดไว้ก็ไม่ค่อยมา โทรหาคอลเซ็นเตอร์ให้โทรหาคนนั้นคนนี้ โทรตามตลอด จนนี่2 อาทิตย์แล้ว ยังไม่มีวี่แววอะไรกลับมา เนื่องด้วยเป็นที่เก็บของ แล้วรั้วพัง เราก็เลย จึ่งเป็นกังวลอย่างมากเพราะกลัวของจะหาย แต่ประกันก็เงียบไปเลย เราควรขะซ่อมรั้วก่อน หรือรอประกัน ตอนนี้เครียดมาก,"บ้านดังกล่าวเป็นบ้านเช่าที่ใช้เก็บของ โดยแม่เป็นผู้เช่า
ได้แจ้งเหตุและติดต่อประกันชั้น 1 แต่บริษัทระบุว่าอาจเคลมไม่ได้เนื่องจากเป็นแม่ลูกกัน
ผ่านมา 2 สัปดาห์แล้ว ยังไม่มีการติดต่อกลับ แม้จะส่งเอกสารและพยายามติดตามผ่านคอลเซ็นเตอร์
ขณะนี้กังวลว่าของอาจถูกลักขโมยจากการรั้วพัง และต้องการพิจารณาซ่อมแซมรั้วก่อน",eval,Hybrid,2021,18,4,4.5,0.5112738013267517,0.3532237211863199,0.64677627881368
39630662,ประกันภัยรถยนต์ชั้น1 มีใบเคลม. ผมเป็นคนหนึ่งที่ใช้รถยนต์ส่วนบุคคล และได้ใช้บริการของประกันภัยของบริษัทแห่งหนึ่ง มา3 ปี แรกๆก็บริการดีนะ ขอบอกก่อนว่าผม ประกันชั้น1 ผมได้นำรถเข้าไปซ่อมทำสีกันชนหน้า ซื้อมีใบเคลมให้ทางอู้เรียบร้อย อู่บอกว่าใช้เวลาทำ5 วัน โอเค ผมเลยเอารถจอดทิ้งไว้ ตั้งแต่เช้าวันที่6 ก.พ. และผมก็จะต้องไปรับรถ 11 ก.พ.ช่วงเย็น สรุปทางผมโทรถามทางอู่ เค้าบอกว่าต้องรอทางประกันภัยอนุมัติ ซ่อม เพราะต้องดู ค่าใช้จ่าย คือเห้ยผมจอดรถทิ้งไว้ ฟรีๆ5วัน นี่ผมปนะกันภัยชั้น1 นะ แล้วคือจะต้องรอเรื่องส่งเบ้าไปอนุมัติซ่อม รอกันไปอีก อย่างไงก็ต้องซ่อมให้เราไม่ใช่เหรอ ทุนประกันเสียหายรถยนต์56000 นะ ไงต้องรออนุมัติซ่อม ด้วยกับแค่กันชนชิ้นเดียว ใบเคลมมีเข้าไปตั้งแต่ 7 ธ.ค. สรุปผมต้องมานั่งรอรถซ่อมแซมเพิ่มโดยประมาณอีก 5วัน รวมเป็น10วัน ทั้งที่ทา บอกใช้เวลา5 วัน ประกันภัยที่อื่นมีใบเคลมก็เข้าซ่อมเลยไม่ใช่หรือ นี่ผมก็มีใบเคลม ก่อนหน้านี้ใช้ประกันภัยที่อื่นมีไปเคลมคือเข้าซ่อมเลย ประกันภัยที่ผม ใช้เป็นของ สีเหลือง เบอร์ที่ติดต่อประกันภัย 02767 เลยอยากจะรู้ว่าประกันชั้น1 เวลาซ่อมมีใบเคลมไปซ่อมต้องรอเรื่องอนุมัติ อย่างที่ข้อความข้างต้นเลยหรือ ก่อนหน้าผมเคยเคลมประกันของที่อื่นมีใบเคลมก็เข้าไปซ่อมเลยไม่จำเป็นต้องเรื่องอนุมัติ ขอบคุณนะครับที่ช่วยแสดงความคิดเห็น,"ผู้ร้องเรียนแจ้งว่าได้ยื่นใบเคลมประกันชั้น 1 ตั้งแต่วันที่ 7 ธันวาคม เพื่อซ่อมกันชนเพียงชิ้นเดียว
แต่ต้องรอการอนุมัติซ่อมจากบริษัทประกันภัย ซึ่งทำให้ต้องรอซ่อมเพิ่มอีกประมาณ 5 วัน
ผู้ร้องเรียนระบุว่าในอดีตเคยใช้บริษัทประกันอื่นที่อนุมัติการซ่อมทันทีหลังยื่นใบเคลม โดยไม่ต้องรอการอนุมัติ
จึงสอบถามว่าการขออนุมัติซ่อมถือเป็นข้อกำหนดปกติของประกันชั้น 1 หรือไม่ และทำไมจึงแตกต่างจากประสบการณ์ครั้งก่อน",eval,Hybrid,2020,22,4,5.5,0.4563338458538055,0.4910051822662353,0.5089948177337646
41353518,ปรึกษาการทำประกัน AIA อยู่ระหว่างพิจารณารอบ 3 สามารถขอยกเลิกได้หรือไม่ แล้วจะรับเบี้ยที่ชำระคืนเต็มจำนวนหรือป่าว สามารถขอยกเลิกได้หรือไม่ แล้วจะรับเบี้ยที่ชำระคืนเต็มจำนวนหรือป่าว จะเสียค่าปรับหรือไม่ และควรทำต่อ หรือ ควรยกเลิก เพราะประกันไม่คุ้มครอง รอบที่ 1 แถลงเคืองตา ตาแห้ง ภูมิแพ้ขึ้นตา ต่อได้มันอุดตัน รอบที่ 2 ขอประวัติการรักษาตา เอ็นเข่าขวาอักเสบ ผลตรวจเลือด ตัวแทนแจ้งว่าบริษัทอนุมัติไม่คุ้มครองเกี่ยวกับตา เข่า รอบที่ 3 ผลตรวจหาความผิดปกติการภูมิแพ้ อาจจะเชื่อมโยงไปโรคอื่นๆ ซึ่งอาจจะยกเว้นไม่คุ้มครองอีก คุยกับตัวแทนถ้าไม่ยกเว้นคุ้มครองก็ไม่อยากทำแล้ว เพราะอาจจะไม่คุ้มครองอีกหลายโรค แต่ตัวแทนพยายามโน้มน้าวให้ทำประกันดีกว่ายกเลิก เพราะอายุยิ่งมากก็จะมีโรคอื่นๆตามมาอีก หมายเหตุ 11 มี.ค. 65 ตัวแทนเสนอคำขอเอาประกัน พร้อมให้โอนเข้าบริษัท AIA รายปี 8400 บาท 31 มี.ค. 65 ตัวแทนโทรมาแจ้งบริษัทพิจารณาเอาประกันมียกเว้นความคุ้มครองเกี่ยวกับตา เข่า 1 เม.ย. 65 หาหมอฟังตรวจละเอียดอีกที หมอแจ้งจอประสาทตาอักเสบ เส้นเลือดจอตาอักเสบ แต่หาสาเหตุการอักเสบไม่ได้ รอตรวจเลือดเพิ่มเติม กลัวว่าจะมีปัญหาการส่ง เพราะมีกรมธรรม์สะสมทรัพย์ และบำนาญที่ต้องส่งอีก 5200 2400 2600,"ผู้ร้องเรียนขอข้อมูลเกี่ยวกับการยกเลิกกรมธรรม์ประกัน AIA ที่อยู่ระหว่างพิจารณาในรอบที่ 3
มีความกังวลว่าหากยกเลิกจะได้รับเบี้ยคืนเต็มจำนวนหรือไม่ และอาจมีค่าปรับหรือไม่
บริษัทเคยยกเว้นความคุ้มครองสำหรับโรคเกี่ยวกับตาและเข่ามาแล้วในสองรอบก่อนหน้า
ผู้ร้องเรียนต้องการทราบแนวทางว่าควรดำเนินการต่อหรือยกเลิก เนื่องจากผลตรวจล่าสุดพบภาวะอักเสบของจอประสาทตาและเส้นเลือดจอตา โดยยังไม่ทราบสาเหตุ",eval,Hybrid,2022,22,4,5.5,0.5545325875282288,0.4235946337381998,0.5764053662618002
39000604,ถามคนเคยซื้อหรือเคลมประกันสุขภาพกรุงไทยแอกซ่า ส่วนตัวมีประกันสุขภาพอยู่แล้ว 2 เล่มค่ะ คือ ไทยประกันชีวิต วพ.5 กับ aia HS400 ซื้อมาหลายปีไม่เคยเคลมเลย ตอนนี้เห็นกรุงไทยออกใหม่ flexi health แล้วถูกใจในเงื่อนไขเมื่อเทียบกับเบี้ย ทั้งปัจจุบันและตอนแก่ อยากซื้อมาแทน HS400 ในอนาคตว่าจะยกเลิก ตัวแทนก็แนะให้ซื้อ ihealthy มากกว่า แต่เรารู้สึกว่าส่งไม่ไหว พอไป search กระทู้เก่าๆ พบปัญหาที่ไม่เจอกับบริษัทอื่น กรุงไทยแอกซ่ายกเลิกแบบประกันบ่อย เพราะขาดทุน เช่น perfect health solution เปลี่ยนเป็น ihealthy และกำลังจะเปลี่ยนเป็น flexi health ปรับเบี้ยสุขภาพเด็กขึ้นหลายเท่า และเปลี่ยนเงื่อนไขการเบิกค่าทำฟัน ส่วนปัญหาที่เหมือนกับบริษัทอื่น เช่น fax เคลมไม่ได้ถ้าซื้อมาไม่เกิน 2 ปี อันนี้รับได้ เลยอยากถามคนที่เคยซื้อแบบประกันหรือเคยเคลมกับกรุงไทยแอกซ่า สุขภาพ ผู้ใหญ่ 1. แบบประกันที่เลิกขายใหม่ไปแล้ว แต่คุณยังถือได้เพราะต่ออายุ เบี้ยประกันปรับเพิ่มขึ้นผิดปกติมั้ยคะ ปรับเพิ่มขึ้นกว่าตารางเดิมที่เคยได้ตอนแรกซื้อ 2. ประกันที่ซื้อไป เคยมียกเลิกเงื่อนไขการเบิกอะไรมั้ยคะ ที่เคยเสนอให้ตอนแรก 3. ที่ผ่านมามีปัญหาการเคลมมั้ยคะ ถามเพราะกลัว flexi health จะเปลี่ยนเงื่อนไขเรากลางทาง ในช่วงอายุเยอะที่ซื้อประกันอื่นเพิ่มไม่ได้แล้ว รบกวนขอข้อมูลจากผู้เคยซื้อจริงนะคะ ขอบคุณมากค่ะ,"ผู้ร้องเรียนมีประกันสุขภาพอยู่แล้ว 2 เล่ม และสนใจเปลี่ยนไปใช้กรมธรรม์ Flexi Health ของกรุงไทยแอกซ่า เนื่องจากเงื่อนไขดูเหมาะสมกว่า
แต่ทราบว่าบริษัทเคยยกเลิกกรมธรรม์เดิมหลายฉบับ เช่น Perfect Health Solution และ HS400 เพื่อเปลี่ยนเป็นผลิตภัณฑ์ใหม่พร้อมปรับเบี้ยและเงื่อนไข
จึงกังวลว่าหากซื้อ Flexi Health อาจเกิดเหตุการณ์เดียวกันในอนาคต โดยเฉพาะการปรับเบี้ยเพิ่มขึ้นผิดปกติหรือยกเลิกเงื่อนไขการเบิกจ่าย
จึงขอข้อมูลจากผู้ที่เคยใช้บริการประกันสุขภาพของกรุงไทยแอกซ่า เพื่อประเมินความเสี่ยงในการต่ออายุในระยะยาว",eval,Hybrid,2019,20,4,5.0,0.5209164619445801,0.7226184209187825,0.2773815790812175
41748731,ประกันรถยนต์2 ให้สำรองจ่าย เป็นฝ่ายถูก สอบถามค่ะ รถเกิดอุบัติเหตุ คู่กรณีไม่มีประกัน และไม่จ่ายค่าเสียหาย จึงไปลงบันทึกประจำวันไว้ให้เป็นหน้าที่ของประกันจัดการเอง แล้วเคลมกับประกันของเราเอง ระหว่างรอเคลม เราก็โทรตามยิกๆ จนผ่านไปเกือบ2เดือน ประกันแจ้งว่าให้เอารถเข้าซ่อมได้เลย เราก็โอเคได้ซ่อมสักที พอเอารถเข้าไป อู่บอกว่าเราต้องสำรองจ่ายนะ แล้วประกันจะโอนเงินให้เจ้าของรถเอง ไม่นานหรอก ว่างั้น อยากถามว่าแบบนี้ได้เหรอ คือเราไม่ค่อยรู้เรื่องประกันค่ะ พอโทรหาประกัน ก็บอกว่าจะประสานเจ้าหน้าที่ติดต่อกลับ แต่ก็ไม่มีใครติดต่อกลับค่ะ อยากถามทุกคนหน่อยค่ะ ว่าต้องทำไง จะร้องไห้ เพิ่มเติม ก่อนหน้านี้เราทำประกันภัยของ บ.ไทยประกัน แล้วบ.ปิดตัว จึงส่งมอบกรมธรรม์มายัง บ.อินทรประกันภัย อู่ที่เอารถเข้าซ่อมอยู่ในเครือของอินทรประกันภัยค่ะ ซึ่งเจ้าหน้าที่ที่ออกใบเคลมแนะนำให้ซ่อมอู่นี้ค่ะ พอถึงวันที่เอารถเข้าซ่อม อู่บอกให้สำรองจ่าย แต่ประกันไม่ได้แจ้งส่วนนี้เลย พอโทรไปถาม ประกันบอกกรมธรรม์เดิมเราเป็นไทยประกัน ซึ่งอู่ที่เอารถเข้าซ่อมเป็นอู่นอกเครือ งงในงง จริงๆคือเราต้องซ่อมอู่ในเครืออินทรประกันภัยรึเปล่า เพราะไทยประกันมอบกรมธรรม์ลูกค้าให้อินทรฯไปแล้ว แล้วเราต้องมาสำรองจ่ายในขณะที่เราเป็นฝ่ายถูก รถก็ไม่มีจะใช้,"ผู้ร้องเรียนเป็นฝ่ายถูกในอุบัติเหตุที่คู่กรณีไม่มีประกันและไม่จ่ายค่าเสียหาย
หลังจากดำเนินการแจ้งความและเคลมกับบริษัทประกัน ได้รับอนุญาตให้นำรถเข้าซ่อม แต่เมื่อไปถึงอู่กลับถูกแจ้งให้จ่ายค่าซ่อมเองก่อน
บริษัทประกันไม่ได้แจ้งล่วงหน้าว่าอู่ที่เข้าซ่อมเป็นอู่นอกเครือ และไม่มีการติดต่อกลับหลังโทรสอบถาม
ผู้ร้องเรียนรู้สึกสับสนและกังวลใจ เนื่องจากต้องจ่ายเงินเองโดยไม่ทราบเงื่อนไขล่วงหน้า ทั้งที่เป็นฝ่ายถูกและรถไม่มีใช้งาน",eval,Hybrid,2022,24,4,6.0,0.4882815778255462,0.4844996929168701,0.5155003070831299
37233060,ผมกู้ซื้อบ้าน โดยทำประกันด้วย หลังจากเซ็นสัญญาไปแล้ว ทาง บ. ประกัน โทรมาขอลดวงเงิน หรือจำนวนปีคุ้มครอง. หรือว่าจ่ายเบี้ยเพิ่ม อย่างนี้ก็ได้เหรอครับ ผมรู้สึกว่ามันแปลกๆ คือตอนก่อนจะเซ็นสัญญา ตกลงเบี้ยเท่านี้ คุ้มครองกี่ปีๆ บอกไม่ต้องตรวจสุขภาพอีกต่างหาก พอเซ็นต์ไปแล้ว มาบอกว่า ไปตรวจเจอประวัติผมเป็นความดันโลหิตสูง ให้ผมไปตรวจสุขภาพ ซึ่งคุณหมอบอกว่าผลปกติ โทรมาบอกว่า ต้องลดวงเงินคุ้มครอง หรือลดจำนวนปี หรือต้องจ่ายเบี้ยเพิ่มอีกเกิน 50 ของเบี้ยเดิมจาก 250k กว่า เพิ่มไปเป็นเกือบ 400k แล้วทำไม ก่อนจะเซ็นสัญญา บ. ประกันไม่ไปตรวจสอบ หรือให้ผมไปตรวจสุขภาพให้เรียบร้อยก่อน แล้วค่อยเสนอทุนประกัน จำนวนปีที่จะคุ้มครอง และค่าเบี้ยประกัน ผมจะทราบได้ยังไงว่า ก่อนหน้าเซ็นสัญญากู้ บ.ประกันจะไม่ไปตรวจสอบประวัติผมเรียบร้อยแล้ว พอเซ็นสัญญาปุ๊บ ก็เอาเรื่องนี้มาเป็นข้ออ้างในการลดความคุ้มครอง หรือเรียกร้องเบี้ยเพิ่ม ซึ่งผิดจากที่เคยคุยเอาไว้ก่อนจะะเซ็นสัญญากู้ ซึ่งนั่นเป็นปัจจัยสำคัญที่ผมพิจารณากู้เงินกับธนาคารนั้นๆ ผมเลยยืนยันไปว่า ทุกสิ่งทุกอย่างต้องเหมือนเดิมตามที่ตกลงเอาไว้แต่แรก เพราะนั่นเป็นสาเหตุที่ผมกู้กับธนาคารนี้ สัญญาก็เซ็นไปแล้ว จะมาเปลี่ยนแปลงทีหลังอย่างนี้ได้ด้วยเหรอครับ พนักงานที่โทรมาเลยตอบว่า ขอไปปรึกษาผู้ใหญ่ที่ บ. ประกันก่อน ท่านใดเคยเจอประสบการณ์ลักษณะนี้ ช่วยชี้แนะด้วยคนับ ขอบคุณครับ,"บริษัทประกันแจ้งให้ลดวงเงินคุ้มครอง หรือเพิ่มจำนวนปี หรือจ่ายเบี้ยเพิ่มเกินกว่า 50% จากเดิม
ก่อนเซ็นสัญญา บริษัทไม่ได้ตรวจสอบสุขภาพหรือประวัติส่วนตัวของผู้เอาประกัน
หลังเซ็นสัญญาแล้ว กลับอ้างเหตุผลดังกล่าวมาขอเปลี่ยนแปลงเงื่อนไขที่ตกลงไว้เดิม
ผู้ร้องเรียนยืนยันว่าการเปลี่ยนแปลงดังกล่าวขัดกับข้อตกลงเดิมที่เป็นปัจจัยสำคัญในการตัดสินใจกู้เงิน",eval,Hybrid,2017,25,4,6.25,0.4872109889984131,0.4297431310017903,0.5702568689982097
38558664,ระวังบ้างนะคะ ธนชาต ใครจะทำธุรกรรมเช่าซื้อรถยนต์ ระวังจะเป็นแบบฟ้า ระวังบ้างนะคะ ธนชาต ใครจะทำธุรกรรมเช่าซื้อรถยนต์ ระวังจะเป็นแบบฟ้า เรื่องมีอยูว่า แฟนฟ้า ไปซื้อรถมา ตอนแรกคุยกันไว้ตกลงกับศูนย์ว่าจะดาวน์รถ 10 เป็นเงิน 77310 พอสัญญามา กลับมีเงินดาวน์แค่ 57310 โดนหักไปเป็นค่าประกันอุบัติเหตุคนเช่าซื้อ โดยที่ไม่ได้แจ้งเราไว้ก่อนว่าจะเอาเงินจากที่เราดาวน์ไปค่ะ สรุปโดนหักเงิน 2000 ไม่ใช่ประกันชั้น1นะคะ เป็นประกันอุบัติเหตุอุ่นใจ ประกันผู้เช่าซื้อ ถ้าผู้เช่าซื้อเสียชีวิต ก็จะปิดผ่อนรถไปเลย ยังไม่พอเราต้องจ่ายค่าผ่อนเพิ่มขึ้นอีก เพราะโดนหักเงินดาวไปทำให้เราต้องกู้เพิ่มขึ้นดอกเบี้ยก็เลยเพิ่มขึ้น พอได้รับเป็นแบบนี้โทรเข้าCall center แจ้งตั้งแต่นั้นมาว่าขอยกเลิกประกัน แต่ก้บอกให้เราไปติดต่อกับการตลาดแทน เขาก็บอกว่าสัญญาเดินแล้วยกเลิกไม่ได้ ซึ่งเป็นแบบนี้ก็ต้องทำใจยอมรับแล้วล่ะ เพราะมันก้ผิดเองที่แฟนฟ้าเซ็นชื่อไปแล้ว ก็ต้องถือว่าเสียค่าโง่ไปค่ะ หลังจากนั้น แฟนฟ้าก็ได้รับกรมธรรม์ประกันชีวิตที่เขาหักไปพร้อมใบเสร็จ ปรากฏว่าในใบเสร็จลงเงินเพียง 15940 บาทเท่านั้น แล้วหักของเราไป 2000 มันคืออะไร พอสอบถามไปที่เซล เซลก็ให้ไปถามไฟแนนซ์ เมื่อถามไฟแนนซ์ก็ตอบเราไม่ได้ . ฟ้าอยากจะมาเตือนคนที่จะซื้อรถตอนนี้นะคะ เดี๋ยวนี้หากินกันง่ายๆ ไม่อธิบายอะไรกับเราเลย เงินมากเงินน้อยก็เงิน กว่าจะหามาได้ก็ลำบาก .,"ผู้ร้องเรียนระบุว่ามีการเปลี่ยนแปลงจำนวนเงินดาวน์รถโดยไม่แจ้งล่วงหน้า
ยอดดาวน์ที่ตกลงไว้ 77,310 บาท ถูกหักไป 20,000 บาท เพื่อชำระค่าประกันอุบัติเหตุผู้เช่าซื้อ
บริษัทไม่ได้แจ้งล่วงหน้าเกี่ยวกับการนำเงินจากยอดดาวน์ไปใช้จ่ายค่าประกันดังกล่าว
ผู้ร้องเรียนแสดงความไม่พอใจต่อการกระทำดังกล่าวและขอให้มีการตรวจสอบข้อเท็จจริง",eval,Hybrid,2019,27,4,6.75,0.4690638184547424,0.3246760169665018,0.6753239830334982
32591632,สถ สวัสดิการของพนักงานในบริษัทใหญ่ๆ อย่างบริษัทในตลาดหลักทรัพทย์ อยากสอบถามครับว่า มีท่านใดทราบสวัสดิการ เกี่ยวกับความคุ้มครองด้านรักษาพยาบาลของบริษัทใหญ่ อย่างเช่นบริษัทที่เข้าไปมีชื่อในตลาดหลักทรัพทย์ ว่าเค้าให้สวัสดิการด้านนี้เป็นอย่างไรบ้าง รบกวนขอความรู้ครับ เพราะต้องการศึกษาวิจัยเก็บข้อมูลทางด้านนี้ ตามรายละเอียดคร่าวๆดังนี้ 1.ทำเป็นประกัน 2.เป็นประกันคุ้มครองค่ารักษาทั้ง OPD หรือ IPD หรือทั้งสองอย่าง 3.บริษัทออกค่าใช้จ่ายให้ทั้งหมด ไม่ได้ทำประกัน สามารถนำบิลมาเบิกกับทางบริษัทได้โดยตรง 4.เป็นไปได้ขอทราบชื่อบริษัทครับ คำถามพิเศษครับ 1.กรณีจ่ายเองก่อนแล้วมาเบิกเองทีหลัง สามารถเป็นไปได้ทั้งกรณีมีประกันที่บริษัททำให้ และบริษัทไม่มีประกัน ใช่หรือไม่ครับ ยกตัวอย่างเช่น พนักงานอาจไปต่างประเทศโดยมีประกันที่ทางบริษัททำไว้ให้ ซึ่ง area นั้นๆไม่สามารถหา Agent เพื่อดูแลค่ารักษาพยาบาลให้ได้ จึงต้องจ่ายก่อนและเบิกภายหลัง 2.กรณีบริษัทออกค่ารักษาให้เอง ไม่มีประกัน ถ้าเป็นกรณีรักษาแบบผู้ป่วยใน ทางพนักงานต้องสำรองจ่ายก่อนหรือครับ เนื่องจากเป็นเงินจำนวนมากทีเดียว 3.ทั้งบริษัทจ่ายเอง หรือบริษัททำประกันให้ ก็จำเป็นต้องมีเงื่อนไข รายโรคที่ไม่คุ้มครอง และหรือไอเท็มที่ไม่เห็นสมควรว่าจะต้องจ่ายด้วยใช่มั้ยครับ เป็นไปได้ว่าแม้แต่บริษัทจ่ายเองก็คุ้มครองไม่เต็มทุกโรค และไม่ทุกไอเท็มของค่ารักษาใช่มั้ยครับ ถึงแม้จะมีลิมิตค่ารักษากำหนดไว้ว่าจ่ายให้เท่าไหร่ต่อปี 4.เวลาจ่ายก่อนมาเบิกภายหลัง กรณีมีประกันที่บริษัททำไว้ให้ มาเบิกกับ HR หรือเบิกตรงกับบริษัทประกันครับ ขอขอบพระคุณอย่างสูงครับ,"ผู้ร้องเรียนต้องการข้อมูลเกี่ยวกับสวัสดิการด้านการรักษาพยาบาลของบริษัทจดทะเบียนในตลาดหลักทรัพย์
สอบถามถึงรูปแบบการคุ้มครอง เช่น การทำประกัน หรือการจ่ายค่ารักษาโดยตรงจากบริษัท
รวมถึงเงื่อนไขการเบิกค่าใช้จ่ายทั้งกรณีจ่ายเองก่อนและเบิกทีหลัง ไม่ว่าจะมีประกันหรือไม่มี
พร้อมสอบถามข้อมูลเพิ่มเติมเกี่ยวกับขอบเขตความคุ้มครอง ลิมิตการจ่าย และช่องทางการเบิกเงิน",eval,Hybrid,2014,23,4,5.75,0.5324352383613586,0.4902781645456949,0.509721835454305
40824471,จะยกเลิกประกันบริษัท เจนเนอราลี่ คือว่านี่จะไปยกเลิกประกัน โดยที่แบบกรมธรรม์ยังไม่ส่งมาใช่ป่ะ เราติดต่อไปคอลเซ็นเตอร์ เขาบอกเดี๋ยวจะมีพนักงานติดต่อไปยืนยันการยกเลิก พออีก2วันมีคนติดต่อมาแต่มาบอกเรื่องว่าคุ้มครองนั่นนี่ ถามนั่นนี่โดยไม่มีคำว่ายืนยันยกเลิกอะไรทั้งนั้น แล้วพอเราจะบอกว่าติดต่อยกเลิกแล้วนะคะ เค้าก็ตัดสายไปไวมาก วันต่อมาโทรไปสอบถามคอลเซ็นเตอร์อีกเค้าบอกเรายืนยันถือกรมธรรม์ต่อ คือแบบว่าเรายังไม่ได้พูดอะไรเลย แล้วพนักงานขายที่ติดต่อมาไม่มีพูดเรื่องการยกเลิกเลยอ่ะ มันแย่มาก เหมือนจะยัดเยียดให้ทำประกันอย่างเดียว แล้วตัวแทนขายพูดอะไรไม่รู้เรื่องเลย รวบคำ ฟังไม่ถนัดเลย ขนาดชื่อบริษัทยังฟังไม่รู้เรื่อง จนบริษัทหักเงินนั่นแหละถึงรู้ว่าบริษัทอะไร อยากทราบว่าควรทำอย่างไรถึงจะยกเลิกได้คะ ไม่โอเคเลย,"ผู้ร้องเรียนต้องการยกเลิกกรมธรรม์ประกันจากบริษัท เจนเนอราลี่ แต่ยังไม่ได้รับเอกสารกรมธรรม์ฉบับจริง
หลังติดต่อคอลเซ็นเตอร์ ได้รับแจ้งว่าจะมีพนักงานติดต่อกลับเพื่อยืนยันการยกเลิก
พนักงานที่ติดต่อมาไม่กล่าวถึงการยกเลิกแต่อย่างใด กลับเสนอข้อมูลผลประโยชน์ของกรมธรรม์แทน และตัดสายเมื่อผู้ร้องเรียนพยายามชี้แจง
ผู้ร้องเรียนจึงรู้สึกว่าบริษัทพยายามยัดเยียดการคงกรมธรรม์โดยไม่เคารพความประสงค์ในการยกเลิก",eval,Hybrid,2021,15,4,3.75,0.4191314876079559,0.5464595158894856,0.4535404841105144
39550446,ปรึกษา.ขอคำแนะนำ เรื่องไฟไหม้บ้านแล้วธนาคารดึงเรื่องจ่ายเงินค่ะ ขอความช่วยเหลือ และขอข้อมูลทีค่ะ ช่วงกลางปี62บ้านที่เราผ่อนอยู่กับแบงแห่งนึงเกิดไฟไหม้และความเสียหาย เราเลยทำเรื่องเคลมประกันอัคคีภัยทั้งตัวอาคาร เฟอร์นิเจอร์ ของใช้ไป ทีนี้ ทางประกันอนุมัติมาแล้ว เมื่อปลายธค.62ได้ไม่เต็มตามยื่นนะแต่เขาให้มาตามที่เขาประเมิน ซึ่ง ต้องให้เงินผ่านทางแบงค์.สาขาที่เรายื่นกู้ แล้วพอเงินเข้าสาขาแล้ว ทางสาขาจะโอนให้เรา เพราะเขาบอกว่าในเอกสารประกันอัคคี เป็นชื่อผู้รับผลประโยชน์แบง.สาขานั้นอยุ่ แล้วตอนนี้ วันนี้สาขาเขาแจ้งว่า เขาจะยังไม่โอนทั้งหมดจะโอนมาแค่บางส่วนเป็นการโทรบอก ไม่มีเอกสารอะไรชี้แจงมานะ จนเราซ่อมเสร็จทั้งหมดก่อน เขาจะมาตรวจสอบก่อนอีกทีค่ะ ในส่วนตัวเรา เรารู้สึกไม่โอเค เพราะกลายเป็นเราต้องสำรองจ่ายก่อนเหรอทั้งๆที่เรายื่นความเสียหายเอง แต่แบงค์ไม่จ่ายให้เราทั้งๆที่ทางประกันส่งเงินมาให้หมดแล้ว เรามีสิทธิทำอย่างไงได้บ้าง หรือควรต้องเจรจา ทำเอกสารยังไง หรือควรปรึกษากับใครยังไงทีฝากเนแนะนำทีนะค่ะ ได้เสิชอ่านกระทู้ที่พี่ๆเขาได้คุยกันว่าแบงค์ เขาจะเป็นผู้รับผลประโยชน์ก่อนแต่ตอนนี้เครียดเลยคะ ว่าเราจะสำรองยังไงไหว เพราะแค่ทุกวันนี้ยังไม่ได้กลับไปอยู่บ้านทีาผ่อนเลยคะบ้านผ่อนเดือนละ7 8หมื่นทุกเดือนไม่เคยขาดค่ะ ขอบคุณลาวงหน้ามากๆค่ะ ขอความกรุณาด้วยนะค่ะ,"เงินจากกรมธรรม์ประกันอัคคีถูกโอนเข้าสาขาธนาคารเรียบร้อยแล้ว โดยระบุชื่อผู้รับผลประโยชน์เป็นสาขา
อย่างไรก็ตาม สาขาแจ้งว่าจะโอนเงินให้เฉพาะบางส่วนก่อน และยังไม่ได้มอบเอกสารชี้แจงใด ๆ มา
ผู้ร้องเรียนรู้สึกไม่สบายใจ เพราะต้องจ่ายค่าซ่อมเองก่อน ทั้งที่ได้ยื่นเรื่องความเสียหายและมีเงินจากประกันเข้ามาเต็มจำนวนแล้ว
ผู้ร้องเรียนสอบถามแนวทางในการดำเนินการต่อ เช่น การเจรจา ทำเอกสาร หรือขอคำแนะนำจากหน่วยงานใด",eval,Hybrid,2020,20,4,5.0,0.4308857321739197,0.6041285196940104,0.3958714803059896
34385155,ท่านเคยโดนเซลล์ขายประกันที่โทรมา เหวี่ยงใส่เราทางโทรศัพท์ไหมครับ ผมรับราชการ ในแต่ละวันมีโทรศัพท์เข้ามามากมายที่ไม่ใช่ธุระ แต่เป็นการเสนอขายประกัน โทรมาขณะสอน ขณะขับรถกลับบ้าน ล่าสุดเมื่อคืนโทรมาตอนสองทุ่ม ผมเข้าใจว่านี่คืออาชีพ เข้าใจว่าเขาต้องการหารายได้ แต่ในเมื่อผมไม่อยากทำ ก็มาทำน้ำเสียงไม่พอใจใส่ผมซะอย่างนั้น พลางบอกผมว่า กรมธรรม์ทุกบริษัทมันไม่เหมือนของเขา ของเขาดีที่สุด ผมมีประสบการณ์กับประกันแย่ ๆ มาไม่น้อย ทั้งโดนโกง ล่าสุดอยากจะยกเลิกของ AXXA อีกสักกรมธรรม์ เพราะติดต่ออะไรไม่ได้สักอย่าง ตัวแทนก็หายจ้อย โทรไป สนง.ใหญ่ก็ให้รอสาย พอมีคนรับสายก็โอนสายจบด้วยตัดสายทิ้ง บอกตรง ๆ ว่าเบื่อ เพราะอะไร เพราะว่าตัวผมเองทำประกันเอาไว้แล้วสองกรมธรรม์ ประกันอุบัติเหตุกับสะสมทรัพย์ สิทธิการเบิกจ่ายรักษาพยาบาลของตนเองสามารถเบิกจ่ายได้เต็มจำนวนอยู่แล้ว ผมเองไม่อยากจ่ายเงินซ้ำซ้อนมากเกินไป ถ้าเราร่ำรวยเงินทองเหลือใช้ในแต่ละเดือนก็อาจจะพิจารณาทำอยู่ แต่มองแล้วว่าเราคงจ่ายไม่สะดวก พอบอกว่าผมยังไม่สนใจนะ ถ้าจะทำผมขอปรึกษาครอบครัวก่อน ก็ทำน้ำเสียงเหวียงใส่ ไม่เป็นไรค่ะพี่ แค่นี้แล้วกัน ตัดสายผมทิ้งทั้งที่ผมกำลังกล่าวคำว่าสวัสดี ได้คำว่าสะ ไปแล้วครึ่งคำ มาบ่นให้ฟังครับ อยากรู้ว่าพวกท่านโดนกันบ้างไหม ปล. แท็กประกันอุบัติเหตุไม่รู้อยุ่ไหนครับ หาทุกห้องแล้วยังไม่เจอ หรือผมมองไม่เห็น,"ผู้ร้องเรียนระบุว่าไม่ต้องการซื้อกรมธรรม์ประกันเพิ่มเติมเนื่องจากมีประกันอยู่แล้วสองฉบับ และมีภาระค่าใช้จ่ายที่จำกัด
ผู้ขายแสดงท่าทีไม่พอใจเมื่อรู้ว่าผู้ร้องเรียนไม่สนใจ พร้อมกล่าวว่ากรมธรรม์ของตนดีกว่าบริษัทอื่น
ผู้ร้องเรียนเคยประสบปัญหากับบริษัทประกันรายอื่น เช่น การติดต่อไม่ได้ ตัวแทนหายไป และบริการลูกค้าย่ำแย่
นอกจากนี้ ยังระบุว่าไม่พบเอกสารประกันอุบัติเหตุในบ้าน แม้ตรวจสอบหลายพื้นที่แล้ว",eval,Hybrid,2015,21,4,5.25,0.5799954533576965,0.370855967203776,0.629144032796224
37780298,ทุนประกันแพงกว่าราคารถ 2 เท่า สวัสดีครับสมาชิกทุกท่าน ในเดือนนี้ผมต้องซื้อประกันให้กับรถยนต์ของผม เดิมทีรถคันนี้มีประกันชั้น 1 มาเป็นเวลา 14 ปีแล้ว ตั้งแต่ป้ายแดง แต่ปีนี้ผมกะว่าจะต่อเป็นประกันชั้น 2 บวก หรือแค่ชั้น 2 ผมก็เลยได้ติดต่อกับเซลล์ขายประกัน ของบริษัทแห่งหนึ่ง เขาเสนอให้ต่อประกันชั้น 2 บวก ซึ่งทุนประกัน 30000 บาท เบี้ยประกันประมาณ 8900 บาท ไม่รวมทะเบียน พรบ. ซึ่งรถคันนี้ผมซื้อมาในราคา 14000 บาทเท่านั้น พร้อมกับประกันชั้น 1 ที่เจ้าของเดิมแถมให้ 1 ปีเต็ม ทุนประกัน 18000 บาท เบี้ยเก้าพันกว่าบาท รถคันนี้อายุก็ย่างเข้า 15 ปีแล้ว ทุนประกันเยอะขนาดนั้น30000 บาท ผมว่ามันก็ดีแต่ผมเกรงว่าเมื่อมีเหตุจำเป็นที่เขาต้องคืนทุน ผมก็เกรงว่าเขาจะคืนทุนในราคาตลาดรถมือสองซึ่งมันก็มีราคาแค่เพียง หนึ่งแสนต้นๆเท่านั้น แล้วทีนี้ผมจะซื้อประกันที่มีทุนแพงๆไว้ทำไม เบี้ยก็แพง ซึ่งผมก็เจรจากับเซลล์แล้วว่าจะซื้อของราคาทุนประกันแค่ 20000 บาทซึ่งเบี้ยประกันก็ถูกลงประมาณ 200 บาท แต่เขาก็ไม่ยอมผมละงงจริงๆ ผมตั้งงบไว้ 1000 บาทพร้อมทะเบียน พรบ. ทะเบียน พรบ. ก็ สามพันกว่าบาทแล้ว หรือผมควรไปซื้อที่อื่นดีครับ สมาชิกท่านใดมีข้อเสนอแนะอย่างไรบ้างครับ เสนอแนะได้ครับ ขอบพระคุณครับ,"ผู้ร้องเรียนต้องการต่อประกันรถยนต์คันเก่าอายุ 15 ปี ที่ซื้อในราคา 1,400 บาท โดยตั้งใจเลือกประกันชั้น 2 หรือ 2 บวก ที่มีทุนประกันต่ำกว่าเดิม
บริษัทประกันเสนอแผนทุน 300 บาท เบี้ยประมาณ 8,900 บาท ซึ่งผู้ร้องเห็นว่าสูงเกินไปเมื่อเทียบกับมูลค่ารถ
ผู้ร้องขอปรับลดทุนประกันเหลือ 200 บาท เพื่อลดเบี้ยลงประมาณ 200 บาท แต่เซลล์ไม่อนุมัติ
ผู้ร้องรู้สึกสับสนและไม่พอใจกับการปฏิเสธคำขอนี้ โดยเฉพาะเมื่อตั้งงบประมาณไว้เพียงไม่เกิน 1,000 บาทรวมภาษีและพรบ.",eval,Hybrid,2018,16,4,4.0,0.5356270670890808,0.7789387702941895,0.2210612297058105
36553101,โดนประกันแจ้งยกเลิกสัญญาเพิ่มเติ่มสุขภาพ ทำประกันให้ลูกสาวตั้งแต่คลอด ผ่านมาเข้าปีที่2ของการทำประกัน ลูกสาวอายุ 1ขวบป่วยติดต่อกัน 6 7ครั้ง ด้วยโรค มือเท้าปาก rsv ติดเชื้อไวรัส ท้องเสีย โดยป่วยตั้งแต่เดือน ก.ค.59 ม.ค.60 หลังจากเข้าโรงพยาบาลเดือน ม.ค.60 จนถึงเดือน มิถุนายน ลูกสาวยังไม่ได้เจ็บป่วยแล้วแระกันอีกเลย ล่าสุดมีหนังสือแจ้งไม่ยอมต่อสัญญาสุขภาพและสัญญาชดเชยรายได้ของประกันในปีที่ 3 ที่จะครบกพหนดต้องชำระเบี้ยประกัน โดยคำตอบของบริษัทแจ้งว่า ลูกสาวเคลมติดต่อกันและยอดเคลมค่อนข้างสูง ตลอดจนเงินค่าชดเชยรายได้ที่บริษัทจ่ายมาเป็นจำนวนค่อนข้างเยอะ รบกวนสอบถามดังนี้ค่ะ 1.พอรู้มาเบื้องต้นว่าบริษัทมีสิทธิขอยกเลิกสัญญาส่วนนี้ แต่ลูกสาวรักษาด้วยโรคทั่วไปของเด็กเล็ก ไม่มีโรคประจำตัว ไม่มีโรคที่ต้องรักษาต่อเนื่อง มีใครเจอปัญหาแบบนี้บ้างไหมคะ 2.ปัญหาลักษณะนี้เวลาไปฟ่อง คปภ. ส่วนใหญ่มักได้บทสรุปแบบไหน รบกวนคนที่พอทราบช่วยแนะนำด้วยค่ะ พิมขาดตก บกพร่องอย่างไร ต้องขออภัยด้วยค่ะ เพิ่งเริ่มตั้งกระทู้นี้เป็นกระทู้แรก,"ลูกสาวอายุ 1 ขวบป่วยด้วยโรคติดเชื้อไวรัส มือเท้าปาก และ RSV ทำให้ต้องเข้ารับการรักษาซ้ำหลายครั้งตั้งแต่เดือนมกราคมถึงมิถุนายน พ.ศ. 2560
บริษัทประกันแจ้งไม่ยอมต่อสัญญาสุขภาพและชดเชยรายได้ในปีที่ 3 โดยอ้างเหตุผลจากยอดเคลมที่สูงและค่าชดเชยที่จ่ายไปมาก
ผู้ร้องเรียนระบุว่าลูกสาวป่วยด้วยโรคทั่วไปของเด็กเล็ก ไม่มีโรคประจำตัว และไม่ได้มีการรักษาต่อเนื่อง
ผู้ร้องเรียนสอบถามแนวทางในการดำเนินการต่อเมื่อพบปัญหาเช่นนี้ โดยเฉพาะการขอความช่วยเหลือจาก คปภ.",eval,Hybrid,2017,19,4,4.75,0.4279676675796509,0.4775062799453735,0.5224937200546265
36055385,แอกซ่าไม่คุ้มครองนอนรพ. ให้เหตุผลว่าหาopdในช่วงไม่พ้นระยะเวลารอคอยมาก่อน ซื้อประกันไปตอนก่อนสิ้นปี 59ค่ะ ในวันที่5 ม.ค.60หาหมอด้วยไอ หลอดลมอักเสบ opd ตอนนั้นประกันยังไม่สามารถใช้ได้ ยังไม่ถึงระยะเวลารอคอย วันที่23ม.ค. ประกันพ้นระยะเวลารอคอยมาเป็นวันที่32 อาการไม่ดีขึ้น จึงแอทมิดที่รพ.ค่ะ สุดท้ายแล้วประกันไม่จ่ายค่ะ ตอนกลับบ้าน โดยให้เหตุผลว่า เป็นการรักษาอาการต่อเนื่องจากวันที่5ม.ค.ที่เรามาหาหมอ opd ซึ่งตอนนั้นยังไม่พ้นระยะเวลารอคอยเป็นการรักษาต่อเนื่องจากที่เราหาopd แบบนี้ซื้อประกัน .ภายใน30วันนี่หาหมอ.opd.ไม่ได้เหรอคะ ค่าเบี้ยทิ้งที่ซื้อไปร่วมสามหมื่นกว่า จ่ายรายปีด้วย ได้รับคำตอบแบบนี้ บางครั้งยัง งง,"ผู้ร้องเรียนซื้อประกันชีวิตเมื่อวันที่ 5 มกราคม พ.ศ. 2560 และเข้ารับบริการที่คลินิก OPD เมื่อวันเดียวกันเนื่องจากมีอาการไอและหลอดลมอักเสบ
อย่างไรก็ตาม ขณะนั้นยังอยู่ในช่วงระยะเวลารอคอยของกรมธรรม์ ทำให้ไม่สามารถใช้สิทธิ์ได้
ต่อมาเมื่อวันที่ 23 มกราคม หลังจากครบกำหนดระยะเวลารอคอยแล้ว ผู้ร้องเรียนกลับมาพบแพทย์ที่โรงพยาบาลเนื่องจากอาการไม่ดีขึ้น
บริษัทประกันปฏิเสธการจ่ายค่ารักษาโดยอ้างว่าเป็นการรักษาต่อเนื่องจากกรณีแรกที่ยังไม่สามารถใช้สิทธิ์ได้",eval,Hybrid,2017,19,4,4.75,0.4700470864772796,0.545823335647583,0.454176664352417
35723008,แม่ๆทำประกันของอะไร แผนไหนให้ลูกกันบ้างคะ ปกติรักษาบำรุงราษกับสมิติเวชค่ะ สวัสดีค่ะ ลูกสาวอายุจะ1ขวบแล้วค่ะ ประกันตัวเก่าของเราเบิกได้แค่ครั้งละ1หมื่นบาทกรณีแอดมิด ล่าสุดลูกแอดมิดไป4วัน รักษาสมิตเวช เราจ่ายส่วนต่างไป4หมื่นกว่าบาท ทำให้เราต้องมานั่งหาประกันตัวใหม่ให้ลูกอย่างตริงจังเลยค่ะ ตอนนี้ต้องการทำประกันสุขภาพให้ลูก แบบอยากได้แบบที่ค่าห้องเยอะๆและ OPD ด้วยค่ะ เพราะปกติแอดมิดสมิตเวชค่าห้องประมาน6500 บำรุงราษค่าห้อง 1100บ. พอเริ่มหาข้อมูลและได้คุยกับตัวแทนบางบริษัท ได้ยินคำว่าประกันแบบเหมาจ่าย แต่ก็ยังไม่เข้าใจค่ะ ว่าเหมาจ่ายในที่นี่ คือจ่ายทุกอย่างเลย ค่าห้องเท่าไหร่ก็จ่ายตามจริง หรือว่าอย่างไรคะ เพราะอ่านของบางบริษัท ที่ตัวแทนส่งมาให้ ก็บอกว่าเป็นประกันเหมาจ่าย แต่จะมีตารางค่าห้องได้วันละ 3500บ. อะไรประมาณนี้ เราเลยไม่เข้าใจคำว่าประกันเหมาจ่ายค่ะ คิดว่าเหมาจ่ายคือการจ่ายทั้งหมดแบบเราไม่เสียส่วนต่สงเลย อะไรประมาณนี้ รบกวนผู้รู้ แม่ๆที่มีประสบการณ์ หรือตัวแทนช่วยแนะนำหน่อยนะคะ จะให้ดีอยากรู้ด้วยค่ะ ว่าแม่ๆที่ลูกรักษา2รพ.นี้ใช้ประกันของอะไรแผนไหนกันบ้างค่ะ ขอบคุณค่ะ,"ผู้ร้องเรียนต้องการซื้อประกันสุขภาพสำหรับลูก โดยต้องการแผนที่ครอบคลุมค่าห้องพักที่สูงและบริการนอกสถานพยาบาล
พบว่ามีบริษัทประกันเสนอแผน ""เหมาจ่าย"" แต่ไม่เข้าใจความหมายชัดเจนว่าคือการจ่ายค่าใช้จ่ายทั้งหมดตามจริง หรือจำกัดวงเงินรายวัน
บางแผนระบุวงเงินค่าห้องวันละ 3,500 บาท ทำให้สับสนกับความเข้าใจเดิมที่คิดว่าเหมาจ่ายคือไม่ต้องจ่ายส่วนตัว
จึงขอคำแนะนำจากผู้รู้เกี่ยวกับแผนประกันที่เหมาะสม และข้อมูลจากผู้ปกครองที่ใช้บริการโรงพยาบาลเดียวกัน",eval,Hybrid,2016,16,4,4.0,0.5465589761734009,0.479245662689209,0.520754337310791
35578845,การเรียกสินไหมขาดประโยชน์จากการซ่อมรถจาก บ.ประกันภัย รถยนต์เป็นชื่อแฟนค่ะ แต่เราเป็นคนใช้รถทุกวัน พอดีไปต่างจังหวัด น้องชายเราเป็นคนขับรถ จอดเข้าห้องน้ำในปั๊ม เราเข้าห้องน้ำ มีรถถอยมาชน แผลพอประมาณ เคลียร์ได้ค่ะ คนถอยชนเขาเรียกประกันมาเคลมให้ น้องชายเราเป็นคนเซ็นชื่อผู้ขับขี่ในใบเคลม กำลังจะเอาเข้าซ่อมที่ศูนย์โตโยต้า ในระหว่างซ่อมรถ เราไม่มีรถไปทำงานแน่ๆค่ะ น่าจะต้องนั่งแท็กซี่ และเรากำลังหาข้อมูล เพื่อเรียกสินไหมทดแทนการขาดประโยชน์ ในการซ่อมรถอยู่ อ่านกระทู้ที่มีคนเล่า เกี่ยวกับวิธีการและเอกสารที่ต้องใช้ แต่ที่เราสงสัยและอยากสอบถามผู้มีประสบการณ์ ก็คือ จะใช้ชื่อใคร และการเดินทางไปทำงานของใครในการเรียกร้องค่าสินไหมคะ ของเรา คนที่ใช้รถทุกวัน หรือ ของแฟนเราที่มีชื่อครอบครองรถ ขอบคุณทุกท่านค่ะ,"ผู้ร้องเรียนเป็นผู้ใช้รถประจำวัน ขณะที่ชื่อเจ้าของรถอยู่ในนามแฟน
เกิดอุบัติเหตุขณะน้องชายขับรถ ซึ่งมีการเซ็นชื่อเป็นผู้ขับขี่ในใบเคลม
ขณะซ่อมรถ ผู้ร้องเรียนไม่มีรถใช้งานและต้องเดินทางโดยแท็กซี่
ผู้ร้องเรียนสงสัยว่าควรเรียกค่าสินไหมทดแทนการขาดประโยชน์ในนามตนเองหรือแฟนที่เป็นเจ้าของรถ",eval,Hybrid,2016,16,4,4.0,0.512382447719574,0.3868855635325113,0.6131144364674886
41030266,ขอความรู้ เรื่องทำประกันสุขภาพ ก่อนอื่นขออกตัวก่อน ว่าเจ้าของกระทู้ทำประกันแบบขายทางโทรศัพท์ ไว้หลายตัวมาก จนวันหนึ่งได้ป่วยเข้าโรงพยาบาลรักษาตัวอยู่ 10 วัน ผลคือประกันที่ทำว่าคุ้มครองโน้นนี่นั้น ใช้ไม่ได้เลย กลายเป็นประกันอุบัติเหตุ PA ทั้งหมด สรุปคือได้จ่ายเอง ทำได้แค่ค่าชดเชยรายได้ ซึ่งตอนนี้ยังไม่ได้ 55 จากเรื่องข้างต้น จึงเริ่มเกิดความคิดว่า อยากจะทำประกันสุขภาพ แบบใช้ได้จริงจังไว้บ้าง อยากได้บริษัทประกันน้ำดี ไม่ขายผลมโน หรือตามเคลมที่ป่าหิมพานต์ 1.อยากสอบถามว่าประกันสุขภาพที่มีโฆษณาในตอนนี้ ว่าสามารถทำได้เลยไม่ต้องตรวจสุขภาพ พร้อมคุ้มครองนี้ เชื่อถือได้มากน้อยแค่ไหนคะ 2.หากเรามีความคิดที่จะทำประกันสุขภาพ เราสามารถเข้าไปตรวจสุขภาพก่อนทำประกันที่โรงพยาบาล พร้อมขอใบรับรอง แล้วนำมาทำประกันเองได้ไหมคะ 3.หากทำการตรวจสุขภาพแล้วทำประกัน จะสามารถรับผลประโยชน์ ที่ตาม บริษัทประกันแจ้ง ไม่มีข้อยกเว้นใช่ไหมคะ . . ปล.หากท่านใดมีข้อเสนอแนะ หรือประสบการณ์แนะนำ ก็เรียนเชิญนะคะ เจ้าขอกระทู้ขอเรียนรู้เป็นกรณีศึกษาคะ,"ประกันสุขภาพที่โฆษณาว่าทำได้โดยไม่ต้องตรวจสุขภาพ มีความน่าเชื่อถือเพียงใด
การตรวจสุขภาพล่วงหน้าที่โรงพยาบาลแล้วนำใบรับรองไปทำประกันได้หรือไม่
ผลการตรวจสุขภาพก่อนทำประกันจะส่งผลต่อการรับผลประโยชน์ภายหลังหรือไม่
บริษัทประกันจะจ่ายผลประโยชน์ตามที่ประกาศไว้โดยไม่มีเงื่อนไขเพิ่มเติมหรือไม่",eval,Hybrid,2021,20,4,5.0,0.5390408039093018,0.5917989412943522,0.4082010587056478
36776124,ได้รับเงินคืนจาก ประกัน AIA สะสมทรัพย์ ขาดไปเกือบ 20000 บาท ฟ้องคดีได้ไหมครับ ผมไล่อ่านกระทู้มาเยอะมาก แต่พอดีไม่มีคดีตัวอย่าง มีแต่ของคุณทรงกฤษณ์ ซึ่งเป็นประกันคนละรูปแบบ ข้อมูลประกอบ ประกันในโครงการสะสมทรัพย์ครบอายุ 60 ปี มีเงินปันผล ซึ่งแจ้งไว้ในเอกสารว่าจะได้รับเงินสะสม 30000 เงินปันผล 240663 รวมทั้งสิ้น 540663 บาท แต่ได้รับจริงเพียง 367667.91 บาท ปัญหาก็คงเหมือนกับคนอื่นๆ เอกสารข้อเสนอและตัวแทนฯ ยุคนั้น อาจให้ข้อมูลที่ไม่ครบถ้วน ท้ายสุดก็เกิดความลำบากกับคนสูงอายุที่เข้าใจว่าจะได้รับเงินจำนวนดังกล่าว . ยิ่งตอนนี้ที่บ้านไม่มีกิจการอะไรแล้ว และหวังพึ่งเงินก้อนนี้ ยิ่งลำบากมาก ยื่นเรื่องกับ AIA ไปแล้ว 2 รอบ แต่ก็ถูกปฏิเสธมาทั้งสองรอบ คำถาม 1. ควรติดต่อ คปภ. หรือ สคบ. ครับ 2. หรือควรยื่นฟ้องกับศาลผู้บริโภคเอง แบบไหนที่น่าจะมีโอกาสมากกว่ากัน ผมเห็นมีกระทู้แบบนี้บน Pantip แต่ท้ายสุดก็ไม่มีใครกลับมาสรุปให้ว่า ผลออกมาเป็นยังไง รบกวนปรึกษาด้วยครับว่าทางกฎหมาย เราทำอะไรได้บ้าง ที่แน่ๆ . ลาขาดละกับประกัน AIA,"ได้รับเงินคืนจากกรมธรรม์ประกันสะสมทรัพย์ของ AIA ต่ำกว่าที่คาดไว้เกือบ 200,000 บาท
บริษัทประกันแจ้งยอดรวมที่ควรได้ตามเอกสารคือ 540,663 บาท แต่ได้รับจริงเพียง 367,667.91 บาท
ผู้เอาประกันระบุว่าได้รับข้อมูลจากตัวแทนไม่ครบถ้วน และยื่นเรื่องชี้แจงกับบริษัทสองครั้งแต่ถูกปฏิเสธ
ปัจจุบันอยู่ในสถานะยากจนและพึ่งพาเงินก้อนนี้ในการดำรงชีวิต จึงพิจารณาติดต่อสำนักงานคณะกรรมการกำกับหลักทรัพย์และตลาดหลักทรัพย์ (คปภ.) เพื่อขอความช่วยเหลือ",eval,Hybrid,2017,19,4,4.75,0.3759340941905975,0.5790576934814453,0.4209423065185547
34547199,สอบถามเรื่องข้อยกเว้นที่จะไม่คุ้มครองของประกันสุขภาพ ตอนนี้มีประกันสุขภาพของบริษัทอยู่ แต่มีความคุ้มครองน้อยมาก เลยคิดอยากจะทำเพิ่ม แต่พออ่านใน pantip พบว่ามีประเด็นที่บริษัทอาจไม่จ่าย หากเราไม่แจ้งภาวะโรคที่เราเป็นก่อนการทำประกัน แม้ว่าจะเกิดมานานแล้วก็ตาม และจะไม่คุ้มครองโรคหรือภาวะที่เกิดจากโรคนั้น เลยความสงสัยขึ้นมาว่ากรณีอย่างดิฉัน จะมีประโยชน์ไหม หากจะทำประกันสุขภาพ เมื่อ 18 ปีก่อน ตรวจพบคลื่นหัวใจผิดปกติ เลยตรวจเอคโค่ พบว่าลิ้นหัวใจบิดนิดหน่อย ซึ่งแพทย์แจ้งว่าไม่เป็นไร มีแค่คน 3 เท่านั้นที่มีลิ้นหัวใจสมบูรณ์ และก็ไม่ได้รักษาอะไรต่อ ที่ตอนนั้นเจ็บหน้าอกน่าจะเพราะทานกาแฟเยอะมาก เพราะมีสอบต่อเนื่อง เคสนี้หากเราเป็นโรคหัวใจจากภาวะไขมันสูง หรือตรวจพบหัวใจโต หัวใจรั่ว หรืออะไรก็ตามที่เกี่ยวข้องกับหัวใจ บริษัทจะไม่คุ้มครองเลยหรือเปล่าคะ เมื่อ 7 ปีก่อน admit โรงพยาบาลไป 2 คืนเรื่องจากกะเพาะเป็นแผลจากความเครียด แบบนี้บริษัทจะไม่คุ้มครองทุกโรคที่เกี่ยวกับกระเพาะเลยหรือเปล่าค่ะ เช่นโรคกรดไหลย้อย อาหารไม่ย่อย และ จะหมายรวมถึงโรคทุกโรค หรืออาการทุกอาการที่เกิดจากความเครียดด้วยหรือเปล่า เริ่มตั้งแต่ 5 ปีก่อน มีเข้ารับการรักษาเรื่องกล้ามเนื้อที่บ่าเป็นระยะๆ เรื่องจากนั่งทำงานใน office ตลอดเวลา แต่ยังไม่เคย admit เริ่มมีประวัติรักษาโรคไมเกรนมาประมาณ 5 ปี และยังรักษาอยู่อย่างต่อเนื่อง เคสนี้หากเป็นอะไรขึ้นมาเกี่ยวกับสมองเช่น เนื้องอก เส้นเลือดตืบ เส้นเลือดโป่ง หรือมะเร็ง บริษัทประกันจะคุ้มครองไหมคะ หากมีข้อสงสัยแบบนี้ เราจะสามารถสอบถามได้ที่ไหนคะ ไม่ค่อยอยากติดต่อถามที่บริษัทประกัน เพราะเห็นหลายเคสก็เจอว่าพูดไม่หมด ขอบคุณล่วงหน้าสำหรับคำตอบและคำแนะนำค่ะ,"ผู้ร้องเรียนกังวลว่าประวัติสุขภาพในอดีต เช่น คลื่นหัวใจผิดปกติ ลิ้นหัวใจบิด ภาวะกระเพาะเป็นแผลจากความเครียด และอาการปวดบ่าจากพฤติกรรมการทำงาน จะทำให้บริษัทประกันไม่คุ้มครองโรคที่เกี่ยวข้องกับส่วนเหล่านั้นในอนาคต
ผู้ร้องเรียนสอบถามว่า หากเกิดภาวะหัวใจโต หัวใจรั่ว หรือโรคทางระบบไหลเวียนโลหิต จะได้รับความคุ้มครองหรือไม่ โดยอ้างถึงข้อกำหนดที่ระบุว่าไม่คุ้มครองโรคจากสาเหตุเดิม
นอกจากนี้ ยังกังวลว่าโรคที่เกิดจากความเครียด เช่น กรดไหลย้อน อาหารไม่ย่อย และอาการไมเกรน จะถูกยกเว้นการคุ้มครองด้วย
ผู้ร้องเรียนจึงขอ clarification เกี่ยวกับขอบเขตการคุ้มครองของกรมธรรม์สำหรับโรคที่อาจเกิดจากปัจจัยทางจิตใจหรือประวัติสุขภาพในอดีต",eval,Hybrid,2015,20,4,5.0,0.4933258593082428,0.7901697953542073,0.2098302046457927
37362685,สอบถามเรื่องการเคลมประกันชั้น 1 รถยนต์ คือเราพึ่ง ออกรถ มาได้ ยังไม่ถึงเดือนเลยค่ะ เราเอา ไป ชนเอง ขูด กับกำแพงบ้าง มีรอยบุบ รอยยุบ รอบขีด ตั้งหลายรอยเลย เราเลยอยากจะสอบถาม เรื่องการเคลมประกัน ว่า จะเคลมยังไงดี แต่เรามีข้อที่ สงสัย อยู่ 2 ข้อ อยากจะสอบถาม เพราะ มีคนรอบข้างเรา บอกมา 1. ถ้าเรามีประวัติการเคลมแล้ว ละเคลมบ่อย เขาว่ากันว่า ในปีถัดไป เบี้ยประกันจะ เพิ่มขึ้น จริงไหมค่ะ 2. การเคลมประกัน กรณีที่เราเอารถไปชนเอง กับ ชนกับคู่กรณี แบบไหนที่ เบี้ยจะเพิ่ม หรือ ยังไง ค่ะ สรุปคือมีคนแนะนำว่า ให้เรานำรถ ไปเคลม ทีเดียว เลย เพราะตอนนี้เรายังขับไม่ค่อยเก่ง เผื่อมี รอยแผล อีก คือ รอประกันใกล้จะหมด ค่อยเอาไปเคลม มีคน คิดว่าไง บ้างค่ะ,"ผู้ร้องเรียนขอสอบถามขั้นตอนการเคลมประกันชั้น 1 หลังจากออกรถมาได้ไม่ถึงเดือน และเกิดอุบัติเหตุชนกำแพงทำให้รถมีรอยบุบและยุบหลายจุด
ผู้ร้องเรียนกังวลว่าหากมีประวัติการเคลมบ่อย อาจส่งผลให้เบี้ยประกันในปีถัดไปเพิ่มขึ้นจริงหรือไม่
นอกจากนี้ ผู้ร้องเรียนต้องการทราบว่าการเคลมกรณีชนเองกับการชนกับคู่กรณี มีผลต่อการปรับเบี้ยประกันต่างกันหรือไม่
ผู้ร้องเรียนได้รับคำแนะนำให้เคลมครั้งเดียวทั้งหมด เนื่องจากยังขับรถไม่คล่อง",eval,Hybrid,2018,17,4,4.25,0.5124684572219849,0.5565516551335652,0.4434483448664348
40134945,ขับรถแล้วเชี่ยวชนรถที่จอดอยู่ ประกันเราเคลมให้เขาแล้ว แต่เขาของเงินค่าเสียเวลาเพิ่ม สวัสดีค่ะ มาเล่าเหตุการณ์เลยนะคะ 1 เดือนที่แล้ว เราพาพี่สาวหัดขับรถ และกำลังขับเลี้ยวซ้ายเข้าสวนสาธารณะ ระหว่างนั้นมีรถยนต์จอดอยู่ตรงมุมทางเลี้ยวตรงทางเข้าเลย พี่สาวกำลังหักพวงมาลัยเลี้ยวซ้ายเข้าเลยไปเบียดรถที่จอดอยู่แล้วหักพวงมาลัยกลับไม่ทันด้วยความตกใจเลยเหยียบคันเร่งเพราะคิดว่าเบรค เราสองคนตกใจมากๆแบบขวัญหลุดไปเลยเราพึ่งมีรถคันแรกไม่รู้เรื่องประกันอะไรเลย และพึ่งซื้อประกันชั้น2 เราเลยจอดรถ เพื่อรอเจ้าของรถมา เจ้าของรถมาพอดีเขาก็บอกว่ากะจะจอดไว้แปบเดียวข้ามถนนไปซื้อของให้ลูกน้อง ด้วยการที่เรารู้ว่าพี่สาวเราผิดไปเชี่ยวชนรถเขา พวกเราจึงรีบพูดขอโทษไปและบอกไปว่าพี่สาวพึ่งหัดขับรถเลยไปเชี่ยวรถพี่ค่ะรถคู่กรณีข้างหน้าด้านขวาแตกถลอก รถเก๋งเราประตูซ้ายขูดถลอกหมดทั้ง2 ประตู เราก็ไม่รู้จะทำไงเลยโทรเรียกประกันภัย และบอกตามความจริงหมด และประกันก็มาเคลียร์ให้ ซึ่งได้เคลมให้คู่กรณี แต่ไม่ได้เคลมให้เรา เพราะพี่สาวเราไม่มีใบขับขี่รถเป็นรถของเรานะคะพึ่งออกใหม่ๆลดๆแต่พี่สาวหัดขับ เราก็โอเคที่เขาดูแลคู่กรณี เพราะรู้ว่าเราผิดไปเชี่ยวเขา ก็คิดว่าเรื่องจะจบๆไปไม่อยากคิดมาก ระหว่างนี้คู่กรณีก็ติดต่อมาเรื่อยบอกเอารถเขาศูนย์แล้ว พอเคลมเสร็จ เขาแชทมาของค่าเสียเวลาหรือค่าทำขวัญเป็นเงิน200 บาทค่ะ เอาจริงๆคู่กรณีเขาผิดมั้ยค่ะที่จอดรถตรงมุมเลี้ยวซ้ายทางเข้าสวนสาธารณะ เราก็คิดว่าเรื่องจะจบตรงประกันเราเคลมรถให้เขาแล้วรถคู่กรณีประกันหมด แต่เขาดันมาของค่าทำขวัญหรือค่าเสียเวลา เราควรทำไง หรือให้เงินเขาไปค่ะ ขออภัยอาจเล่าไม่ค่อยรู้เรื่องนะคะ ขอบคุณสำหรับคำตอบ,"เราพาพี่สาวที่เพิ่งเริ่มหัดขับรถมาขับเลี้ยวซ้ายเข้าสวนสาธารณะ ขณะนั้นมีรถจอดอยู่ที่มุมทางเลี้ยว ทำให้เกิดการชนกันโดยไม่สามารถเบรกทัน
พี่สาวของเราไม่มีใบขับขี่ และเราเพิ่งซื้อประกันชั้น 2 จึงไม่สามารถเคลมความเสียหายให้กับรถของเราได้
คู่กรณีติดต่อมาขอค่าเสียเวลาหรือค่าทำขวัญ 200 บาท หลังจากเคลมเสร็จสิ้นแล้ว
เราสงสัยว่าคู่กรณีอาจผิดด้วยที่จอดรถในตำแหน่งที่อาจกีดขวางการมองเห็น และไม่แน่ใจว่าควรตอบรับคำขอหรือไม่",eval,Hybrid,2020,21,4,5.25,0.5149227976799011,0.5157670974731445,0.4842329025268554
39345657,ไปหาหมอฟรี ที่อเมริกา สวัสดีค่ะ เอาข้อมูลมาฝากสำหรับคนที่อยู่ในอเมริกาแล้วเป็น Permanent Resident หรือว่าเป็น Citizen นะคะ เมื่อหลายปีก่อนมีข้อบังคับว่าทุกคนจะต้องมีประกันสุขภาพ ไม่งั้นก็จะโดนปรับตอนเสียภาษี มาปีนี้เป็นปีแรกที่ไม่มีค่าปรับแล้ว นุ่นเองก็ไม่ค่อยให้ความสำคัญกับเรื่องนี้ ไม่อยากซื้อประกันแล้วก็ไม่อยากไปหาหมอ เพราะไม่อยากจ่ายตัง แต่ด้วยความที่ไม่รู้ว่าปีนี้เค้ายกเลิกค่าปรับนุ่นก็เลยยังมีประกันอยู่ ถ้าใครไม่รู้จะไปเริ่มตรงไหนดี ให้ไปที่ HealthCare.gov เดือนหน้าจะเริ่มเปิดรับสมัครของปี 2020 ถ้าเราครบเงื่อนไขเราก็จะได้ประกันสุขภาพมาฟรีๆ ระบบของที่นี่จะให้คนทุกคนไปซื้อประกัน ส่วนใครรายได้น้อย รัฐก็จะอุดหนุนโดยให้เป็น Tax Credit ในทางทฤษฎี เมื่อทุกคนซื้อประกัน เบี้ยประกันก็จะถูกลง เวลาไปรักษาพยาบาลโรงพยาบาลก็จะเรียกเก็บบริษัทประกันอีกที แต่ ความคุ้มครองก็ขึ้นอยู่กับประกันเราด้วย รายละเอียดในการเลือกประกัน นุ่นเคยเขียนไว้ที่นี่ นุ่นเลือก Insurance แบบไม่ต้องจ่ายเพิ่ม ก็จะได้แพลนแบบง่อยๆหน่อย มาดูกันว่าได้อะไรบ้าง . ตอนกลับไทยไปนุ่นไปใช้สิทธิ์ตรวจร่างกายประกันสังคมที่ศิริราชแต่รอคิวตรวจภายในไม่ไหว พอกลับมาที่อเมริกาก็เลยมาตรวจอีกรอบ ปกติพวก Preventive Care นี่จะฟรีอยู่แล้ว ก็เลยได้พบแพทย์ ตรวจเลือด ตรวจภายใน หมอบอกให้ ตรวจ Mammogram ด้วย อันนี้ช็อค อายุถึงเกณฑ์แล้วหรอ โอเคตรวจก็ตรวจ ตรวจเสร็จ คลินิกโทรมาให้มาตรวจซ้ำ ช็อค รอบสอง รอไปตรวจเมืองไทยดีมั้ย หรือจะเป็นมะเร็งเต้านม ถ้ารอตอนไปเมืองไทย กว่าจะได้ตรวจมะเร็งน่าจะลุกลามละ ตัดใจ ตรวจก็ตรวจ คราวนี้โดนตรวจละเอียด ทั้ง X Ray และ Ultrasound แล้วหมอก็บอกว่าปกติค่ะ แค่มี Dense Tissue เฮ่ออ โล่งอก . วันดีคืนดี มีช็อกรอบสาม มีบิลมาเก็บตังค์ที่บ้าน ก็ไม่เยอะนะแค่ 80 แต่ไม่ต้องตกใจ เรามีเงินที่ประกันให้เรามา เพราะประกันอยากให้เรารักษาสุขภาพ ก็จะให้เงินรางวัลหากเราทำตามเงื่อนไขของบริษัท เช่นไปตรวจสุขภาพก็จะได้ตังค์ด้วย เราก็เอาตังค์ตรงนี้มาจ่ายค่าหมอได้ อันนี้คือที่มาว่าทำไมไปหาหมอไม่ต้องเสียตังค์ นุ่นเองอย่างที่บอกว่าไม่ค่อยป่วย ความเสี่ยงน้อย ก็จะไม่ค่อยได้ใส่ใจกับประกันสุขภาพ อยู่มาวันดีคืนดี กำลังจะกินข้าวกลางวัน เอาไขไปอุ่นในไมโครเวฟ แล้วไข่ระเบิดใส่หน้า หน้าแหก แง มันก็ถึงคราวจำเป็นต้องไปหาหมอละ สรุปว่าไป ER จ่ายค่าหมอ 10 และแน่นอนเอาตังค์จาก Insurance จ่ายได้ นอกจากนั้นยังได้ฉีดวัคซีนไข้หวัดใหญ่ฟรีอีกด้วย สุดท้าย อยากให้ทุกคนมีประกันสุขภาพ ยิ่งรายได้น้อย ยิ่งต้องใช้สิทธิ์ อันนี้เอาค่าใช้จ่ายมาให้ดู ถ้าไม่มีประกันคงต้องจ่ายแพงกว่านี้ แต่ ถ้าใครตอนนี้ไม่มีประกันสุขภาพแล้วสนใจฉีดวัคซีนมะเร็งปากมดลูก ที่ PlanParenthood มีโครงการฉีดแบบเก้าสายพันธุ์ฟรี ไปสอบถามได้ เพราะราคาปกติเข็มนึงก็หลายร้อยเหรียญ จบแล้วค่า ใครมีประสบการณ์อะไรเกี่ยวกับประกันสุขภาพก็มาแชร์กันได้นะคะ,"ผู้ร้องเรียนเป็นผู้มีถิ่นที่อยู่ถาวรหรือพลเมืองสหรัฐฯ ที่เคยมีประกันสุขภาพตามกฎหมาย แต่ไม่ได้ให้ความสำคัญกับการต่ออายุในปีนี้เนื่องจากทราบว่าไม่มีค่าปรับแล้ว
เมื่อเดินทางกลับไทยและใช้บริการตรวจสุขภาพที่โรงพยาบาลศิริราช พบว่าต้องรอคิวนานจึงกลับมาตรวจซ้ำในสหรัฐฯ
ระหว่างการตรวจพบว่ามีภาวะเนื้อเยื่อเต้านมแน่น จึงต้องตรวจเพิ่มเติมทั้งเอ็กซเรย์และอัลตราซาวด์ ซึ่งผลออกมาปกติแต่ต้องติดตามผลต่อเนื่อง
ผู้ร้องเรียนแสดงความกังวลเกี่ยวกับความล่าช้าในการตรวจหากกลับไปทำที่ไทย โดยเฉพาะในกรณีที่อาจมีปัญหาสุขภาพร้ายแรง.",eval,Hybrid,2019,48,4,12.0,0.4211766719818115,0.3732032775878906,0.6267967224121094
33309769,หากตัวแทนขายประกันไม่ดูแลคุณ ขอบริษัทเปลี่ยนตัวแทน บริษัทไม่เปลี่ยนให้ เอาไงดีคะ ส่วนตัวจริงๆไม่มีความรู้เรื่องนี้จนพี่คนนึงมาชวนทำเพราะเห็นว่ามีลูกเล็ก เราก้อเชื่อเค้า เค้าบอกว่าตัวแทนเป็นรุ่นน้องนิสัยดี ดูแลดี ปีแรกทำของตัวเอง ครอบครัวและคุณพ่อคุณแม่ หมดไปหลายแสน แม่เราไม่ชอบเข้ารพ. ขนาดมีประกันชอบไปคลีนิคค่ะ กรมธรรม์คุณแม่เบิก OPD ได้นะคะ เลยต้องเอาใบเสร็จตั้งเบิก ฝากไปหลายใบ ทวงถามหลายที หาย ไม่มีติดตาม สุดท้ายคุณแม่โกรธมากซื้อประกันเป็นแสน เบิกหลักพัน ยังไม่ให้ แม่เลยสั่งยกเลิกไม่ต่อประกันค่ะ ประกันแม่เป็นประกันสุขภาพ จ่ายหนักค่ะ 6 หลัก จ่ายแล้วทิ้งไม่มีเงินสะสม เข้าเรื่องครอบครัวเรา ตลอดเวลาตัวแทนไม่เคยถามไถ่ดูแล เราเข้า รพ. สองสามรอบหายหัวจนเราโทรไปยกเลิกตัวแทนครั้งที่ 1 จนเมื่อสองปีที่แล้ว หัวหน้าเค้าคุยกะเราว่าขอดูแลแทน เพราะลูกน้องเค้าไม่ทำงานแล้ว ไม่ใส่ใจไปขายรถยนต์แทน เราบอกไม่เอา เรามีรุ่นพี่ทำบริษัทนี้คอยดูแลแทนตอนที่ ตัวแทนหายหัว เราจะไปใช้บริการเค้า หัวหน้าประกันก้อดูโอเค บอกงั้นช่วงนี้จะดูแลให้ก่อน ก่อนปีหน้าจะเปลี่ยนตัวแทนละกัน แหม ดูดีนะ จนกระทั่งล่าสุด เราต้องชำระเบี้ยปลายปีตัดบัตรเครดิต เราก้อลืมๆ จนแปลกใจว่าเอ๊ะ ทำไมบัตรไม่ตัดเพราะยอดใหญ่ๆรวมทั้งบ้าน 6 หลักมันต้องเห็นสิ เลยโทรเข้า call center ชี้แจงว่าทำไมไม่ตัดบัตรชำระค่าประกันเรา ลืมรึเปล่า เจ้าหน้าที่แจ้งว่า ตัวแทนต้องเอาเอกสารไปให้เซนต์ เพื่ออนุญาตชำระเบี้ยผ่านบัตร แมวที่ไหนล่ะมาดูแล ผ่านไปสองสามเดือนแล้ว ดีนะที่เราคิดออกแล้วโทรไปเอง ไม่อย่างงั้นเราเองจะเป็นคนเสียหาย เราเลยเสียเครดิตเลย เราเลยยืนยันการเปลี่ยนชื่อตัวแทนที่ดูแลไปอีกครั้ง และส่งอีเมล์ไปอีกสองครั้ง ครั้งแรกเงียบ ครั้งที่สองตอบกลับมาว่าจะมีการติดต่อเรากลับอีกครั้ง.เงียบ. สุดท้าย เราโทรไป call center เจ้าหน้าที่แจ้งว่า เอ๊ะไม่ได้ จดหมายแจ้งหรอคะว่าบริษัทไม่อนุมัติ ทางเจ้าหน้าที่ไม่ทราบเหตุผล รอดูจดหมายนะคะ .ปรี๊ดค่ะ เลยถามว่า ทำไมเราต้องมาแบ่งผลประโยชน์ที่เป็นเงินเราจ่ายให้คนที่ไม่เคยดูแลเรา โทรไปถามคำถามเรื่องการเบิกจ่ายก้อหาย โทรถามว่า เคสไหนนอนรพ.ได้ ก้อไม่มีความรู้เลย เป็นตัวแทนที่ห่วยแตกที่สุดหากเทียบกับพี่ที่เข้ามาช่วยดูแล ช่วยจริงๆค่ะไม่ได้สักบาท วันนี้ได้รับจดหมายแล้วกับกรมธรรม์ทั้งครอบครัว 6 ฉบับ เนื้อความเหมือนๆกันว่า ตัวแทนปัจจุบันของท่านยังมีผลบังคับ ซึ่งตามเงื่อนไขตัวแทนจะต้องเป็นผู้ดูแลและให้บริการกับผู้ถือกรมธรรม์ตลอดจนอายุสัญญากรมธรรม์ เลยตัดสินใจแล้วค่ะว่าจะไม่ต่อ ยกเลิกประกันบริษัทนี้ซะเลย แต่มีคำถามที่ไม่รู้คือ เราจะเสียเงินค่าเบี้ยในส่วนที่เป็นประกันชีวิตเยอะมั้ยคะ ขาดทุนเยอะมั้ยคะ เสียดายเงินที่หามาค่ะ อยู่ๆมาเสียกับเรื่องไม่เป็นเรื่องและตัวแทนห่วยๆ รบกวนแนะนำด้วยค่ะ ขอบคุณค่ะ แก้ไข สะกดผิดค่ะ,"ผู้ร้องเรียนยกเลิกการต่ออายุกรมธรรม์ประกันสุขภาพเนื่องจากไม่ได้รับการดูแลจากตัวแทนและมีประสบการณ์ไม่ดีในการขอใช้บริการ
แม้หัวหน้าตัวแทนจะเสนอจะดูแลชั่วคราว แต่กลับไม่ดำเนินการตามขั้นตอนการชำระเบี้ยผ่านบัตรเครดิตอย่างที่ควรจะเป็น
ผู้ร้องเรียนต้องโทรไปยังศูนย์บริการลูกค้าเองเพื่อตรวจสอบและยืนยันการเปลี่ยนแปลงตัวแทน เนื่องจากไม่ได้รับการตอบกลับอย่างชัดเจน
เจ้าหน้าที่แจ้งว่าบริษัทไม่อนุมัติการเปลี่ยนตัวแทน แต่ไม่สามารถระบุเหตุผลได้ และแนะนำให้รอจดหมายแจ้งผลอย่างเป็นทางการ",eval,Hybrid,2015,57,4,14.25,0.3766423165798187,0.5771536032358805,0.4228463967641195
35649609,โทรมาขายประกันด้วยเหตุผลว่ายอดหนี้ของคุณสูง แบบนี้ก็ได้เหรอ สวัสดีค่ะชาวพันทิปทุกคน ออกตัวเลยว่านี่เป็นกระทู้ที่ขุ่นเคืองใจเรามากจริงๆ พิมพ์ในไอแพดนะคะ เข้าเรื่องเลย คือเราถือบัตร KTC VISA KTC PROUD วงเงิน 500 บ. ทั้งสองใบ ก็ใช้ไปจ่ายไป ซื้อของไปผ่อนไป ก็ไม่ได้จ่ายเต็มจำนวนหรอกค่ะ จ่ายขั้นต่ำบ้าง จ่ายเกินขั้นต่ำบ้าง ก็มีความสุขดี จ่ายตามอัตภาพค่ะ ไม่ต้องโฟกัสจุดนี้นะคะว่า จ่ายขั้นต่ำทำไม บลาบลาบลา เราจะมาคุยกันเรื่องเสนอขายประกันค่ะ เรื่องมันมีอยู่ว่า มีเบอร์ 02 xx โทรหาเราวันละสายสองสายจนรำคาญ เงินก็จ่ายแล้วยังจะโทรมาทำไมอีก วันนี้เลยตัดสินใจรับค่ะ สรุปคือ เป็นบริษัทไทยประกันค่ะ บอกว่าเป็นพันธมิตรกับ KTC ประมาณนี้ บอกชื่อบริษัทแบบนี้จะโดนอุ้มมั้ยน้ออ ประกัน มีโครงการประกันค่ะ เป็นของผู้ที่ถือบัตร KTC proud หากมีการเจ็บไข้ไม่สบายนอนพัก 30 วัน ทางบริษัทจะจ่ายเงินให้ 3000 บ. ไปปิดยอดหนี้ของคุณลูกค้าค่ะ หากเสียชีวิตจะได้รับ 30000 บ.ค่ะ ปิดยอดหนี้และให้ครอบครัวค่ะ อธิบายต่างๆนานาให้สมัคร เรา ทุกคนต้องสมัครเหรอคะ ประกัน เป็นสิทธิประโยชน์ที่มอบให้แก่ผู้ถือบัตร KTC proud ค่ะ เดือนละ 450 บ. รวมจ่ายในขั้นต่ำค่ะ ครบ 1 ปี ไม่สะดวกถือสัญญาต่อสามารถยกเลิกได้ค่ะ เรา ครบ 1 ปี ถ้าไม่ได้เคลมแล้ว 450x12 เดือนนี่จะได้คืนมั้ยคะ ประกัน ไม่ได้ค่ะ ไม่ใช่เงินฝากระยะยาว เรา ยังไม่อยากสมัครนะคะ อธิบายเหตุผล ประกัน คุณมียอดหนี้สูง เขาเลยส่งเข้าร่วมโครงการนี้ค่ะ ได้ปิดหนี้เร็วด้วยนะคะ พัก 30 วันได้ 3000 บ. ทางบริษัทจะปิดหนี้ให้ 3000 บ. ค่ะ มีคนนึงทำได้สองเดือนก็ได้เงินเคลม 3000 บ.เลยนะคะ แค่ใส่เฝือกอยู่บ้านไม่ต้องเข้านอนโรงพยาบาลเลยสักคืนเดียว อธิบายยาวยืดน่ามึนหัว เรา คิดในใจ อ้าว ไหนบอกว่าทุกคนไง ทำไมมีเรื่องยอดหนี้เข้ามา สรุปคือ โทรเข้ามาเพื่อให้ตกลงไม่ว่ายังไงใช่มั้ยคะ สรุปคือ พลาดส่งข้อมูลด้วยปากเปล่าให้เขา วางสายไปด้วยความขุ่นข้องหมองใจ การขายประกันทางโทรศัพท์มันพูดยาวเหหยียดจนน่าปวดหัวจริงๆนะ วางสายปุ๊บ โทรหาคอลเซนเตอร์ KTC ทันที เรา ทำไมมีบริษัทประกันโทรมาบอกว่ายอดหนี้สูงต้องเข้าโครงการคะ CC ทาง KTC ไม่มีการขายประกันใดๆนะคะ เป็นแค่ตัวกลางในการหักเงินเข้าบ.ประกันเท่านั้น เรา ก็มีประกันโทรมาบอกว่า คุณมียอดหนี้สูง ถูกส่งเข้าร่วมโครงการ เขาจะมารู้ยอดหนี้เราได้ไงคะ CC บริษัทอะไรคะที่โทรไป เรา บริษัทไทยประกันอะไรนี่ล่ะค่ะ CC เป็นบริษัทที่ร่วมหักเงินผ่าน KTC ค่ะ ทางเราไม่มีนโยบายใดๆที่จะส่งข้อมูลคุณลูกค้าให้บริษัทประกันนะคะ หากคุณลูกค้าต้องการยกเลิกสามารถโทรไปที่คอลเซนเตอร์บริษัทไทยประกันได้เลยค่ะ 02 xx มันอะไรยังไงกันคะคุณกิตติ เอาเรื่องยอดหนี้มาให้คนทำประกันก็ได้เหรอคะ เราเองมียอดหนี้สูงก็จริงแต่ก็ผ่อนจ่ายทุกเดือน ไม่ได้สิ้นไร้ไม้ตอกขนาดนั้น ทำไมต้องมาทำร้ายจิตใจดาวด้วยการเอายอดหนี้มาพูดอย่างนี้คะ 450 บ. บวกในขั้นต่ำมันก็ทำให้ขั้นต่ำเพิ่มขึ้นถูกมั้ย ทำมาเป็นพูดว่า ไม่ได้เพิ่มภาระอะไรเลยนะคะ บวกรวมในขั้นต่ำอยู่แล้ว การขายประกันไม่ใช่เรื่องผิดค่ะ แต่การเอาข้อมูลทางการเงินมาพูดแบบนี้มันก็ไม่ใช่รึเปล่าคะ หัวร้อนไปหมดแล้ว ตอนแรกบอกเป็นสิทธิพิเศษของKTC Proud ตอนหลังบอก ยอดหนี้สูงเลยส่งมาให้เข้าร่วมโครงการ ผมนี่งงไปหมดเลยครับ ใครเคยโดนอะไรแบบนี้บ้างคะ,"ผู้ร้องเรียนได้รับการติดต่อจากบริษัทประกันผ่านโทรศัพท์ โดยมีการอ้างว่าเป็นส่วนหนึ่งของโครงการสำหรับผู้ถือบัตร KTC Proud ที่มีค่าใช้จ่ายเดือนละ 450 บาท
บริษัทประกันระบุว่าการสมัครเป็นสิทธิประโยชน์ และมีการอ้างว่าหากไม่เคลมภายใน 1 ปี จะได้รับเงินคืน ซึ่งไม่ตรงกับข้อเท็จจริงตามคำอธิบายจาก KTC
KTC ชี้แจงว่าตนเองไม่ได้ขายประกัน และไม่มีนโยบายส่งข้อมูลลูกค้าให้บริษัทประกันใด ๆ โดยข้อมูลยอดหนี้อาจถูกแชร์โดยบริษัทประกันที่ร่วมโครงการ
ผู้ร้องเรียนแสดงความไม่สบายใจจากการขายประกันแบบกดดันและการใช้ข้อมูลส่วนตัวโดยไม่ได้รับอนุญาต พร้อมขอให้มีการตรวจสอบการเปิดเผยข้อมูลดังกล่าว",eval,Hybrid,2016,53,4,13.25,0.5073815584182739,0.5964137315750122,0.4035862684249878
40591062,เซ็งกับการให้บริการของกรุงไทยแอ๊กซ่า มีสมาชิกคนใด เคยเสียความรู้สึกกับบริษัทประกันนี้บ้าง เรื่องคือเราทำประกันของแม่ไว้ แล้วแม่เสียชีวิตลง ตอนทำเรื่องเคลม ทางบ.ประกัน ขอหน้าสำเนาบัญชีเพื่อรับผลประโยชน์ แต่พออนุมัติจ่ายมาให้กลับออกแคชเชียร์เช็คมา แล้วที่พีคไปกว่านั้นคือ สั่งจ่ายเป็น กองมรดกนาง. ทั้งๆที่ในกรมธรรม์ระบุชื่อผู้รับผลประโยชน์ พอจะเอาเช็คไปขึ้นเงิน พนง.บอกขึ้นเงินไม่ได้ต้องเปิดบัญชีในนาม กองมรดกนาง.เท่านั้น แต่พนง.ที่แบงค์กรุงไทยประสานได้ดีมาก แจ้งจนท.ที่ดูแลเรื่องประกันให้ บอกทางฝ่ายสินไหม สั่งจ่ายเช็คมาผิด แล้วคือแบบ เงินมันไม่ได้เยอะเลย แค่เดินเรื่องเคลมก็ช้ามากแล้ว พอสั่งจ่ายได้แล้ว แจ้งว่าออกเช็คผิด คือไร งานศพเราต้องใช้จ่ายเงิน ต้องหยิบยืมเงินมาจัดงาน เราเสียใจมันก็มากพออยู่แล้ว เราต้องมานั่งรอความผิดพลาดของคุณอีกงั้นเหรอ ต้องการเอกสารอะไรเรารีบหาให้คุณส่งให้คุณทุกอย่าง คุณออกเช็คผิด แล้วต้องแก้ไขใหม่อีก เมื่อไหร่จะจบสิ้นกันสักที เงินแค่หลักหมื่น ไม่ถึงล้านนะคุณ โอนเข้าบัญชีที่ให้ไปมันก็จบแล้วมั้ย เอกสารก็ให้ไปหมดแล้ว แล้วนี่ต้องมานั่งรอคุณส่งเช็คมาให้ใหม่อีก พอกันทีกับบริษัทนี้ ทุกคนในบ้านเรามีประกันหมด แต่เราจะไม่ซื้อกับ บ.นี้อีกเลย แน่นอน.,"บริษัทประกันสั่งจ่ายเงินให้เป็น ""กองมรดก"" แทนผู้รับผลประโยชน์ตามกรมธรรม์
ทำให้ต้องเปิดบัญชีใหม่และต้องใช้เวลานานกว่าที่ควรจะเป็นในการดำเนินการ
แม้เอกสารครบถ้วนและขอโอนเงินเข้าบัญชีที่ระบุไว้ แต่กลับต้องออกเช็คผิดและต้องแก้ไขใหม่
ผู้ร้องเรียนรู้สึกไม่พอใจกับความล่าช้าและความผิดพลาดที่ส่งผลกระทบต่อการจัดงานศพ",eval,Hybrid,2021,33,4,8.25,0.3765034973621368,0.4398671785990397,0.5601328214009603
33503263,เพิ่งรู้ว่าโดนหลอกเรื่องประกันรถยนต์ หลังเกิดอุบัติเหตุ สวัสดีค่ะ ก่อนอื่นขอบอกก่อนว่า เรามาตั้งกระทู้เพราะต้องการความช่วยเหลือว่าเราจะทำยังไงดี หรือเราควรได้รับการรับผิดชอบอย่างไรบ้างกับเหตุการณ์ที่เกิดขึ้น โดยเราไม่ได้ต้องการ dis credit หรือทำให้ใครเสียหายนะคะ เราแค่รู้สึกว่า เราไม่ได้รับความเป็นธรรมเท่าไหร่ เรื่องมีอยู่ว่า เมื่องาน motor show ปลายปี 2014 เราจำเป็นต้องออกรถเร่งด่วนค่ะ เพื่อเอามาใช้ในการทำงาน เพราะรถคันเก่าเสีย เลยอยากซื้อใหม่เลย ได้จังหวะมีงานนี้พอดี ก่อนหน้านี้ก็เลือกๆไว้ว่าอยากได้ยี่ห้อไหน รุ่นไหนค่ะ วันที่ไปก็มุ่งหน้าไปบู๊ท Honda เลย เลือกๆดูแล้วก็มีเซลล์คนนึงมาอธิบายและก็ได้ให้เบอร์มือถือติดต่อกันไว้ค่ะ เราไม่ได้จองรถในงานนะ กลับมาบ้านแล้ววันรุ่งขึ้นค่อยตัดสินใจจองและโอนเงินค่าจองรถไป ซึ่งหลังจากนี้บทสนทนาส่วนใหญ่ก็จะอยู่ในไลน์ค่ะ เพราะคุยกันสะดวกที่สุด หลังจากนั้นก็ไม่มีปัญหาอะไร จนถึงวันรับรถ ตรงกับวัน Christmas พอดีค่ะ เราก็ไปที่ศูนย์แต่เช้าเลย มีครอบครัวเราไปด้วยค่ะ เห่อรถใหม่ ไปถึงพี่เซลล์คนที่ดูแลเรา เค้าก็ดูยุ่งๆค่ะ พี่เซลล์ วันนี้พี่ออกหลายคันเลย ตอนอธิบายการใช้งานรถ พี่จะให้เจ้าหน้าที่อีกคนอธิบายนะ เรา ค่ะพี่ ไม่เป็นไร พี่เซลล์ อีกอย่างนึง ฟิล์มรถอะ พี่เปลี่ยนให้นะ ที่น้องแจ้งมา 60 รอบคัน พี่กลัวมืดไป พี่เลยเปลี่ยนข้างหน้าเป็น 40 ให้ พี่กลัวมองไม่เห็น เราตอนนั้นก้อตอบไปแค่ว่า ค่ะ ไม่เป็นไร เพราะเราไม่เรื่องมาก แล้วก็ไม่อยากให้แก้ด้วย รีบใช้รถ แต่ในใจก็ประมาณว่า โทรมาบอกก่อนก็ได้มั้ย ไม่ใช่ตัดสินใจเอง หลังจากนั้นก็เป็นขั้นตอนเซ็นเอกสาร จ่ายเงินดาวน์ จ่ายค่าประกันชั้น 1 ไม่แถม ซึ่งประกันที่ตกลงกันไว้ตามบทสนทนาในไลน์ค่ะ ซึ่งยอมรับว่าตอนนั้นไว้ใจพี่เค้า วันที่ได้รับเอกสารจึงไม่ได้ตรวจดูให้แน่ชัด และก็รับรถออกไป จนเมื่อวันที่ 3 เมษายน ที่ผ่านมา เราเกิดอุบัติเหตุโดนรถชนท้าย จึงรีบโทรหาประกัน ซึ่งเราเมมเบอไว้ในโทรศัพท์แล้ว โทรไปแล้วเราไม่รู้เลขที่กรมธรรม์เพราะจนป่านนี้เรายังไม่ได้รับกรมธรรม์เลย เราเลยแจ้งชื่อไป ทางประกันบอกว่า ชื่อและทะเบียนนี้ยังไม่มีในระบบนะ ให้ลองติดต่อเซลล์ดู ว่าทำเรื่องส่งมารึยัง เราก็รีบโทรศัพท์หาเซลล์เลย เซลล์บอกให้เราเปิดกระเป๋าเอกสารที่ให้มาตอนรับรถ ที่แจ้งว่าได้ประกันของอะไร พอเปิดเท่านั้นแหละ ชัดเลยว่าประกันของ สมโพธิ์ เจแปน เราเลยบอกพี่เซลล์ไปว่าประกันเจ้านี้ หาเบอร์โทรให้หน่อย เราไม่รู้จัก คือตอนนั้นเราหงุดหงิดละ เพราะหน้าแตกที่โทรไปธนชาติและดันมารู้อีกว่าได้ประกันของเจ้านี้ ซึ่งยอมรับตรงๆว่าไม่เคยรู้จักหรือได้ยินชื่อมาก่อน หลังจากนั้นก็เรียกประกันมา เคลียร์เรียบร้อย ขอข้ามไปนะคะ เพราะไม่มีอะไรรุนแรง แต่จะบอกว่าประกันของเรานี่มาช้ามากก คู่กรณีเราก็ Honda เหมือนกัน เค้าได้ของคุ้มภัย เค้ายังงว่าทำไมเราได้ สมโพธิ์ จนเมื่อวันเสาร์ที่ 4 เมษายน เรารีบโทรไปเคลียร์กับทางศูนย์ที่เราออกรถ เราไม่คุยกับเซลล์แล้ว เรารู้สึกว่าเราโดนหลอก เราไว้ใจเค้า แต่เค้าไม่ยุติธรรมกับเราเลย พนักงานที่ศูนย์แจ้งว่าจะติดต่อกับเซลล์ให้ เนื่องจากวันนี้เซลล์ไปออกงาน Motor show เราก็รอค่ะ ไม่นานเค้าก้อโทรมาอธิบาย พี่เซลล์ น้อง พี่ขอโทษนะ พอดีที่ฮอนด้าเปลี่ยนประกันที่ดิวไว้ เมื่อตอนปลายปี ช่วงที่น้องออกรถพอดี แล้วพี่ลืมแจ้ง เรา พี่จะบอกว่าพี่ลืมได้ไงคะ วันที่รับรถเราก็เจอกัน เราก็จ่ายเบี้ยประกันเป็นเงินสด เงินดาวน์เงินสด เราก็นับด้วยกันอยู่ พี่ไม่เอะใจเรื่องประกันของเรามีการเปลี่ยนแปลงบ้างหรอคะ พี่เซลล์ พี่ลืมจริงๆ วันนั้นพี่ยุ่งมาก วันนี้พี่ก็มางาน Motor show อีก รถคันอื่นๆ พวก city หรือ jazz ก็ได้ประกันเจ้านี้ทั้งนั้น เดี๋ยวพี่ส่งกรมธรรม์ให้ดูก็ได้ว่าลูกค้าอื่นก็ได้ประกันเจ้านี้เหมือนกัน แต่ประกันเจ้านี้ก็ดีนะ เรา ไม่ดูหรอกค่ะพี่ จนป่านนี้กรมธรรม์ของหนูยังไม่ได้รับเลย แล้วถ้าไม่เกิดอุบัติเหตุ หนูจะรู้มั้ยว่าประกันไม่ได้เป็นตามที่เราตกลงกันไว้ แล้ว Honda เป็นบริษัทิใหญ่นะพี่ อยู่ดีๆมาเปลี่ยนประกันที่เคยดิวกันไว้ เป็นเจ้านี้ พี่ไม่สืบประวัติหน่อยเหรอคะ ว่าดีมั้ย มาช้าหรือมาไว ประวัติดีหรือไม่ดี มันสามารถเปลี่ยนกันง่ายๆแบบนี้หรอคะ พี่เซลล์ เอาเป็นว่าพี่จะดูให้แล้วกัน แต่คงทำอะไรไม่ได้ เพราะจ่ายเบี้ยไปแล้ว พี่จะโทไปบอกว่าจันทร์นะ พี่อยู่ Motor show ถึงวันอาทิตย์ จนป่านนี้ วันที่ 12 เมษายนละค่ะ เรายังไม่ได้รับโทรศัพท์หรือข้อความจากไลน์ใดๆเลยจากทางพี่เซลล์ เราเลยตัดสินใจมาลงในนี้เพื่อถามความคิดเห็นคนอื่นค่ะ กรณีนี้เราก็มีส่วนผิดอยู่มาก ที่ไม่ตรวจดูเอกสารให้แน่ชัดตอนวันรับรถ ยอมรับว่าไว้ใจเซลล์ที่ดูแลเราเต็มที่เลยค่ะ เพราะพี่เค้าพูดจาดี ครับๆกับเราตลอดถึงเราจะเด็กกว่า แต่เราแค่อยากรู้ว่าเค้าจะรับผิดชอบกับกรณีนี้ยังไงบ้าง เตือนไว้สำหรับคนจะออกรถใหม่ด้วยนะคะ ให้ตรวจดูเอกสารดีๆ จะได้ไม่เป็นแบบเรา ขออภัยถ้าแท๊กผิดค่ะ เพิ่งเคยปรึกษาปัญหาจริงจังก็วันนี้เอง ขอบคุณค่ะ,"มีการเปลี่ยนแปลงประกันโดยไม่แจ้งล่วงหน้า ขณะที่ลูกค้าไม่ได้รับกรมธรรม์แต่อย่างใด
การตัดสินใจเปลี่ยนฟิล์มรถจาก 60 เปอร์เซ็นต์ เป็น 40 เปอร์เซ็นต์ก็เกิดขึ้นโดยไม่ขออนุญาตก่อน
เมื่อเกิดอุบัติเหตุ พบว่ากรมธรรม์ที่ระบุชื่อเจ้าของไม่ตรงกับผู้เอาประกัน และไม่สามารถตรวจสอบได้ในระบบ
ลูกค้ารู้สึกผิดหวังและถูกหลอก เนื่องจากไว้ใจพนักงานแต่ไม่ได้รับความโปร่งใสและบริการที่เหมาะสม",eval,Hybrid,2015,79,4,19.75,0.521074652671814,0.4090047677357991,0.5909952322642009
40693940,อย่าหาทำประกันกับ Txx ผมนี่โง่จริง ๆ เลย คือผมพึ่งเคยออกรถใหม่ได้เกือบจะ 1 ปีแล้ว ผมไม่ค่อยรู้เรื่องประกันเท่าไร คราวนี้มีประกันโทรมาเมื่อเดือนมกราคมที่ผ่านมา ชื่อ Txx โบรคเกอร์ประกันภัย ประกัน ประกันคุณหมดกลางปีนี้นะ คุณต้องต่อประกันแล้ว โดยเสนอประกันของบริษัท dhxx ประกันภัย เราก็โง่เอง นึกว่าศูนย์รถยนต์โทรมาให้ต่อประกัน เลยถามไปว่า เรา ได้สิทธิ์เหมือนเดิมไหม ประกันก็ว่าเหมือนเดิมทุกอย่าง เราก็ว่าโอเค ต่อเลย เขาก็ขอเลขบัตรเครดิตไปหักเงินล่วงหน้า 300 บาท แล้วผ่อนจ่ายอีก 6 งวด ทีหลังงวดละประมาณ 3xx กว่าๆ โดยหักไปเดือนมกราคมแล้ว หักครั้งต่อไปเริ่มเดือนที่ 6 คราวนี้เรื่องก็ดำเนินมาถึงเดือน มีนาคม ประกันตัวจริงก็ได้โทรมาว่าจะต่อประกันไหม ได้สิทธ์เหมือนเดิมเลย ผมก็เอ้า ตอนนั้นโทรมาแล้วไม่ใช่หรอ ที่ให้ต่อ ประกันตัวจริงก็บอกว่าที่คุณไปทำไม่ใช่ตัวเดิมนะ เราก็คิดในใจซวยแล้ว อยากกลับมาทำอันเดิมเพราะผ่อนต่อเดือนถูกกว่าเพราะผ่อน 10 เดือน เราก็เลยโทรไปหายกเลิกประกันของที่เราโดนหลอกไป เพื่อขอคืนเงิน 300 เราโทรไปทั้งหมด 5 ครั้ง เว้นช่วงนึกว่าเขากำลังประสานงานให้จริงๆ ชะล่าใจเกินไป จนมาถึงวันนี้ ทุกครั้งที่โทรไป เขาจะบอกแบบเดิมเสมอว่า เดียวติดต่อเจ้าหน้าที่ให้อีกที บอกแบบนี้ตลอด เราก็ว่ามีเบอร์ติดต่อโดยตรงไหม จะได้ยกเลิกได้ง่ายๆ ประกันที่หลอกก็ว่า เดียวติดต่อเจ้าหน้าที่ให้อีกที เหมือนเดิม อันนี้รูปประกอบครับเผื่ออยากดูว่าผมโทรจริงไหม ที่นาทีมันเยอะเพราะผมรอสายนานมากครับกว่าจะรับ และเมื่อต้นเดือนพฤษภาคมที่ผ่านมาประกันที่หลอกให้ผมทำก็โทรมา ประกันที่หลอก จะเข้ามาทำสัญญานะคะวันเสาร์ เรา อ่าว ได้ยังครับ ผมติดต่อยกเลิกไปหลายครั้งมากๆ ไม่มีความคืบหน้าเลย แต่พอทีเรื่องแบบนี้ทำไมโทรมาดีจัง ประกันที่หลอก อ้อเห็นมีเรื่องรายงานแจ้วมาอยู่นะคะ เดียวติดต่อเจ้าหน้าที่ให้อีกที เราก็คิดในใจเห้อ มันรู้เรื่องจริงๆด้วยแต่ไม่ทำให้เรานี่เอง จนมันถ่วงเวลาจะหักเงินในบัตรเราเดือนหน้าแน่ๆ ทำให้เรายกเลิกไม่ได้ ผมเลยอยากมาบอกความโง่ของผม อย่าหาทำนะครับ ถามว่าอยากได้เงินคืนไหมตอนนี้อยากได้นะครับไม่รู้มันคืนให้ไหม ผมนี่ท้อเลย คงได้ทำกับเจ้าใหม่ที่หลอกนี่แหละครับประกันเพราะเสียให้มันไป 300 แล้ว ถ้าใครมีอะไรอยากแนะนำบอกผมได้เลยครับ ขอบคุณที่เข้ามาอ่านกันครับ,"ผู้ร้องเรียนระบุว่าถูกติดต่อโดยบุคคลอ้างว่าเป็นตัวแทนจากบริษัทประกันภัย Txx ให้ต่อประกันรถยนต์ผ่านบริษัท dhxx
ผู้ร้องเรียนเชื่อว่าเป็นการต่อประกันจากศูนย์รถยนต์ และให้ข้อมูลบัตรเครดิตเพื่อชำระเงินล่วงหน้า 300 บาทพร้อมผ่อนจ่าย 6 งวด
เมื่อทราบภายหลังว่าบริษัทที่ทำประกันไม่ใช่บริษัทเดิม จึงพยายามยกเลิกและขอคืนเงิน 300 บาทแต่ไม่ได้รับการตอบกลับ
ผู้ร้องเรียนรายงานว่าโทรติดต่อไปแล้ว 5 ครั้ง โดยได้รับคำตอบซ้ำเดิมว่าจะมีเจ้าหน้าที่ติดต่อกลับ แต่ยังไม่มีการดำเนินการใดๆ",eval,Hybrid,2021,37,4,9.25,0.4429630041122436,0.5600671768188477,0.4399328231811523
38952895,อย่า เห็นแก่ของถูก อย่าต่อประกันถัยรถ กับ ประกันพี่ช้าง รถผมAL ประกัน ประกันพี่ช้าง คู้กรณี ไม่มีประกันครับ วันที่ 22 5 62 ALผมเกิดอุบัติเหตุ ช่วงเย็น วันที่ 23 5 62 ผมได้นำรถเข้าอู่ประกัน วันที่ 24 5 62 อู่ประกันได้ทำเรื่องเสนอเปลี่ยนอะไหล่ให้ทาง ประกันพี่ช้าง วันที่ 29 5 62 ผมโทรตามครั้งที่1 เรื่องประกันไม่อนุมัติซ่อมหรือยัง ทางพนักงานแจ้งว่าจะอนุมัติภายในวันนี้ แต่จนหมดวันผมก็ไม่ได้รับข้อความว่าอนุมัติซ่อม วันที่ 4 6 62 ผมโทรตามครั้งที่2 ทางพนักงานตอบเหมือเดิมว่า จะอนุมัติภายในวันนี้ บ่ายๆผมได้รับการอนุมัติซ่อม สรุปรวม 11 วัน แค่รออนุมัติซ่อมนะครับ วันที่ 10 6 62 ผมโทรตามครั้งที่3 พนักงานคนที่1 บอกจะส่งอะไหล่ให้ภายในวันที่ 15 6 62 โดยอ้างว่าต้องเบิก0 ตั้งแต่อนุมัติซ่อม ให้รออีก 12 วัน ผมรู้สึกว่านานไป เลยโทรเข้าไปใหม่ โดยพนักงานคนที่ 2 รับสาย แจ้งผมว่าอะไหล่พึ่งจะสั่งวันที่ 6 6 62 ผมเลยขอเบอร์ร้านอะไหล่ จะโทรตามอะไหล่แต่เบอร์ที่ทางประกันให้ โทรไม่ติด 10สายก็ไม่ติด ผมจึงโทรเข้าไปอีกรอบ พนักงานคนที่3 แจ้งว่าสั่งของ ตั้งแต่วันที่ 4 6 62 แล้วโอนสายไปพนักงานคนที่4 แจ้งว่าของจะเข้าที่อู่ประมาณวันที่ 12 6 62 ซึ่งก็คือ10 วัน นี่ยังไม่พูดถึงว่าต้องรออู่ซ่อมอีก 2 อาทิตย์เลยครับ ใครที่เห็นแก่ของถูกจากประกับ ประกันพี่ช้าง ผมขอบอกเลยว่าค่าเสียเวลา และ ค่าโทรศัพท์ เพียงพอจะซื้อประกันรถเจ้าอื่นที่ไม่มีปัญหาได้สบายๆ ถ้าใครนึกภาพไม่ออก ประกันทั่วไปจะอนุมัติภายใน 3 วัน รออะไหล่ส่งภายในอาทิตย์ แต่นี่ผมต้องรอถึง 20 วัน ประกันถึงจะส่งอะไหล่ให้อู่ซ่อม ผมไม่อยากให้คนอื่นโดนเหมือนผม ยังไงใครใช้อยู่ก็เปลี่ยนเจ้านะครับ ผมเข็ดแล้วจริงๆ ไม่เคยคิดว่าเครมรถจะเหนื่อยขนาดนี้,"ผู้ร้องเรียนรายงานว่าติดต่อสอบถามการอนุมัติซ่อมรถผ่านสายด่วนประกันภัยตั้งแต่วันที่ 29 พฤษภาคม 2562 จนกระทั่งได้รับการอนุมัติในวันที่ 4 มิถุนายน 2562 ใช้เวลา 11 วัน
หลังจากนั้นได้ร้องเรียนเพิ่มเติมเกี่ยวกับการจัดส่งอะไหล่ โดยมีพนักงานให้ข้อมูลที่ขัดแย้งกันเกี่ยวกับระยะเวลาที่คาดว่าจะได้รับอะไหล่
ผู้ร้องเรียนระบุว่าพยายามติดต่อร้านอะไหล่เองแต่ไม่สามารถติดต่อได้แม้โทรหลายครั้ง
ผู้ร้องเรียนแสดงความไม่พอใจกับระยะเวลาในการดำเนินการที่ยาวนาน และอาจส่งผลให้บริการไม่เป็นไปตามมาตรฐาน",eval,Hybrid,2019,31,4,7.75,0.5655526518821716,0.3747650782267252,0.6252349217732748
32968030,จะยกเลิกประกันของเมืองไทยประกันชีวิต ที่ทำแล้วได้บัตรWisdomของธนาคารกสิกร ทำอย่างไรคะ คือเราได้หลวมตัวไปทำประกันค่ะ ตอนที่เราไปกู้เงินแล้วเขาให้ทำประกันช่วย ซึ่งเรากู้เงินได้เพียงล้านกว่าบาท แต่เขาให้ทำประกันช่วยถึง60000บาท แล้วยื่นข้อเสนอว่าจะได้รับบัตรwisdomที่เป็นบัตรเครดิตวงเงินเท่ากับยอดเงินที่ทำประกัน เราก็โอเคช่วยได้ เพราะยังไงยอดเงินก็หมุนเวียนอยู่ในบัตร สรุปปุ๊บ. พอได้บัตรมาปรากฏว่า ขุ่นพระช่วยกล้วยทอดยายเอี่ยม วงเงินในบัตรได้แค่ 8หมื่น ซึ่งเทียบไม่ได้เลยกับเงิน60000บาทที่เสียไป เราบอกว่าทำแบบนี้คือไม่คุ้นนะ เขาก็รับปากจะดูแลยอดเงินให้ ขอฉุกเฉินได้ตลอดเดี๋ยวจัดการให้ จะขอวงเงินถาวรให้ด้วย เราก็โอเคไว้ใจ แต่ทะว่าเรื่องไม่ราบรื่นอย่างที่คิดค่ะ ขอฉุกเฉินไป3 4รอบ ง่อยแดรกทุกรอบค่ะ ช่วยอัลไลไม่ได้เลยสักอย่าง วงเงินถาวรก็แห้ว ทำไมไม่ได้คะ เขาก็อ้างนู้นนี่นั่นบลาๆ บอกเลยว่าหงุดหงิดมาก เป็นเวลา 6 7เดือนที่เขาช่วยอะไรเราไม่ได้เลยสักอย่าง เราเลยต้องการที่จะขอถอนยกเลิกประกัน แต่เราไม่ทราบว่าเล่มไหนเพราะส่งมาเยอะมากค่ะ เราเลยโทรไปถามคนๆนึงที่รู้จักกันดีซึ่งเขาเป็นถึง ผอ ของประกันภัยแห่งหนึ่ง เงินเดือนเป็นล้านๆ เขาบอกว่า เฮ้ย ทำไมเป็นแบบนี้หละ จริงๆแล้วต้องออกมาแค่เล่มเดียวนะ ตามยอดเงินที่ทำเลย ไม่ใช่แยกๆมาแบบนี้ นี่แสดงว่าเขาแบ่งผลงานกัน แต่คนที่ได้รับผมเสียคือ เรา ช้อคไป5วิ แล้วพี่ แล้วหนูทำไงได้บ้างคะ โทรไปเลยโทรหาประกันว่าขอยกเลิก เพราะทางธนาคารไม่ได้ทำตามข้อตกลง บลาๆ เล่าไปเยอะแยะ แล้วเราก็โทรไปทางประกันบอกไปเยอะแยะ บลาๆ เพราะมันคือจริงมาก พูดไรมามันไม่ใช่เลยค่ะ คุณ จนท ธนาคารนี่ก็สุดๆ โอเคค่ะ เราโทรไปยกเลิกกับทางเมืองไทยประกันภัย ปรากฏว่า ยกเลิกไม่ได้ค่ะ ทางผู้ยื่นเรื่องคุณ จนท ธนาคารได้ทำแบบยกเลิกไม่ได้ไว้ค่ะ งานงอกข้าวพองแตกใส่หน้า ทำไงหละทีนี้ เราโทรกลับหา จนท ธนาคาร มันบอกถอนไม่ได้นะ ก็บอกตั้งแต่ทำประกันแล้ว คือ.ขอใช้คำไม่สุภาพนะคะ มันพูดได้หมามากค่ะ ต่างกันตอนที่อ้อนวอนเราโดยสิ้นเชิงเลยค่ะ ไอ้ฟลัค รับผิดชอบกูหน่อยก็ดีนะคะ แล้วแบบนี้เราสามารถทำยังไงได้บ้างคะ ขอความกรุณามากๆเลยค่ะ ช่วยเราทีนะคะ ไม่ไหวกับคนแบบนี้เลยค่ะ เสียความรู้สึกสุดๆ ช่วยด้วยนะคะ ขอคำตอบด้วยนะคะ ขอขอบพระคุณอย่างสูงมา ณ ที่นี้ด้วยค่ะ กราบบ,"ผู้ร้องเรียนต้องการยกเลิกกรมธรรม์ประกันชีวิตที่ทำผ่านธนาคารกสิกรไทย เนื่องจากไม่ได้รับวงเงินบัตรเครดิต Wisdom ตามที่สัญญาไว้
พบว่าวงเงินที่ได้รับเพียง 80,000 บาท ไม่สอดคล้องกับยอดเบี้ยประกัน 600 บาท และการขอใช้บริการฉุกเฉินหลายครั้งไม่ได้รับความช่วยเหลือ
เมื่อติดต่อขอยกเลิกกรมธรรม์กับเมืองไทยประกันชีวิต กลับถูกแจ้งว่ายกเลิกไม่ได้ เนื่องจากมีการระบุไว้ว่า ""ยกเลิกไม่ได้"" โดยเจ้าหน้าที่ธนาคาร
ผู้ร้องเรียนรู้สึกผิดหวังและเสียความรู้สึกจากการปฏิบัติงานที่ไม่โปร่งใส และต้องการคำแนะนำในการดำเนินการต่อไป",eval,Hybrid,2014,44,4,11.0,0.3554446101188659,0.615326960881551,0.3846730391184489
35242480,เตือนภัย ขายประกันทางโทรศัพท์ โกหกว่าออมทรัพย์ 5 ปี แต่เป็นประกัน 10 ปี AZAY อลิอันซ์ อยุธยา รูปแบบใหม่ของการหลอกขายประกันก้าวหน้าไปอีกขั้นค่ะ อาจยาวหน่อยนะค่ะ แต่เป็นประโยขน์ค่า โดยโทรศัพท์มาในช่วง 4 โมงเย็น บอกว่าจะมาเสนอผลประโยชน์บัตรเครดิตเพิ่มเติม แรกพูดถึงการแลกคะแนนบัตรเครดิตต่างๆ แล้วบอกว่ามีโครงการคืนกำไรให้ลูกค้าของบัตรเครดิตกรุงศรี เป็นการออมสะสมทรัพย์ 5 ปี โดยหักผ่านบัตรเครดิตทุกเดือน พอครบ 5 ปี ถอนเงินคืนได้หมดพร้อมดอกเบี้ย บอกว่าดอกเบี้ยเฉลี่ย 4 ต่อปีแล้วแต่ผลกำไรของบริษัท เราก็ถามยืนยันไปเงินต้นไม่ลดแน่นะ ครบ 5 ปีแล้วถอนได้หมดแน่นะ พนักงานก็บอกว่าครบ 5 ปี จะได้เงินต้นบวกเพิ่มดอกเบี้ยด้วย มีการคำนวณดอกเบี้ยที่เราจะได้ทั้งหมดให้เสร็จ เราได้ถามยืนยันเรื่องเงินต้นไม่ลด และถอนได้ใน 5 ปีไปซ้ำถึง 3 รอบ พนักงานยืนยันเหมือนเดิม ตอนแรกเราคิดว่าถ้าได้แบบนี้จริงก็เหมือนซื้อพันธบัตร ได้ดอกเบี้ยเยอะจึงตกลง หลังวางสายเราโทรไปเช็คกับ call center ของ AZAY 1373 อลิอันซ์ อยุธยา ปรากฏว่ากลายเป็นประกันซีวิต ต้องครบ 10 ปีถึงถอนเงินได้ แล้วที่ถามยืนยันถึง 3 รอบคืออะไรค่ะ ตั้งใจหลอกลวงอย่างชัดเจน พอเราทราบว่าไม่ใช่แบบที่ต้องการ ก็บอกว่าจะขอยกเลิกการทำประกัน ก็โอนสายไปฝ่ายยกเลิกซึ่งรับเรื่องแล้วบอกว่าจะติดต่อกลับใน 3 วันทำการ ทริกหลอกลวงอันแรก ตั้งใจโทรช่วงเลิกงาน เมื่อเราโทรกลับอีกครั้งจะบอกว่าติดต่อไม่ได้เลิกงานแล้ว ทริกที่ 2 โทรมาตอนเย็นของวันศุกร์ ทำให้กว่าจะรู้ว่าไม่มีคนติดต่อมาต้องรอไปถึงวันพฤหัส ทริกที่ 3 โทรมาก่อนกำหนดตัดบัตรเครดิตไม่กี่วัน ทำให้ต่อให้เราโทรไปยกเลิกเลย ก็จะเจอจะติดต่อกลับไปใน 3 วันทำการ ยึดจนมีการเรียกเก็บบัตรรอบแรก ทริกที่ 4 การเรียกเก็บรอบแรก จะเรียกเก็บควบ 2 เดือนเลย ซึ่งจะทำให้ความเสียหายเพิ่มคูณ 2 ได้ เพราะถ้าเราจ่ายรอบแรกไปแล้ว บริษัทประกันจะส่งกรมธรรม์มาให้ แทบเก็บไปทีเดียว 2 เดือน อาจทำให้เกิดความเข้าใจผิดว่าจ่าย 2 เดือนแล้วยกเลิกไม่ได้ ไม่อยู่ในกำหนดเวลา และการขอเวรคืนกรมธรรม์ในเดือนที่ 2 แทบจะไม่ได้เงินคืนเลย สุดท้ายพอผ่านไป 3 วัน โทรมาช่วงเลิกงานเหมือนเดิมค่ะ มาพยายามบอกว่าเราเข้าใจผิด ผลประโยชน์ดีมาก เราบอกว่าโทรถาม call center แล้วถอนไม่ได้ใน 5 ปี ก็แก้ตัวว่าให้ถอนแบบเวนคืนกรมธรรม์ คิดดูสิค่ะ ถ้าถอนแบบเวนคืนกรมธรรม์ใน 5 ปีจาก 10 ปีนี่ เงินต้นยังได้ไม่ครบเลยค่า อย่าหวังดอกเบี้ย นี่คือคิดว่าเราไม่มีสมองหรือไงค่ะ มาหลอกกันแบบนี้ พยายามพูดยืดเยื้อไม่ยอมบอกว่าจะยกเลิกกรมธรรม์ให้ คงคิดว่าเราให้เลขบัตรเครดิตไปแล้ว ใกล้กำหนดตัดบัตรแล้วด้วย เราคงทำอะไรไม่ได้ ทำเป็นดึงเรื่องให้เลยกำหนดตัดบัตร ก็จะได้เงินเราไป 2 เดือนเป็นค่าคอมมิชชั่น พอเราบอกว่าปิดบัตรใบนั้นเรียบร้อยแล้ว จบข่าวเลยค่า เงิบเลยยอมวางโทรศัพท์จากไปแต่โดยดี ทางแก้นะค่ะ ข้อ 1 ถ้าคิดว่าผลประโยชน์ดี ตัดสินใจทำแล้ว ให้โทรหา call center ค่ะ ว่าข้อมูลเป็นแบบที่เราต้องการแน่หรือเปล่า ถ้าไม่ตรง ให้แจ้งยกเลิกเลยทันที ให้เค้าโอนสายให้เลย ข้อ 2 ให้รีบโทรไปปิดบัตรเครดิตใบนั้นทันทีค่ะ และให้คงยอดเดิมของเราค่ะเตรียมไปจ่ายที่เราใช้ไปแล้ว แค่ระงับบัตรไม่ได้ผลนะค่ะ ต้องปิดบัตรเลย ถามพนักงานธนาคารมาแล้วค่ะ เมื่อปิดบัตรเค้าก็จะเรียกเก็บมาที่บัตรไม่ได้อีกค่า ปล พนักงานขายประกันควรมีจริยธรรม คุณธรรม ในวิชาชีพมากกว่านี้นะค่ะ กรณีนี้ตั้งใจโกหกโดยตรงเลย ของเราโชคดีโทรปิดบัตรเครดิตทัน ยังไม่มีการเรียกเก็บ ปิดใน 1 ชมหลังจากโทรหา call center เลยค่า,"ผู้ร้องเรียนระบุว่าถูกแนะนำให้ทำประกันชีวิตโดยอ้างว่าสามารถถอนเงินต้นพร้อมดอกเบี้ยได้ภายใน 5 ปี ซึ่งพนักงานขายยืนยันหลายครั้ง
อย่างไรก็ตาม หลังตรวจสอบผ่านศูนย์บริการลูกค้าของบริษัท พบว่าเป็นกรมธรรม์ประกันชีวิตที่ต้องใช้เวลา 10 ปีจึงจะถอนเงินได้
ผู้ร้องเรียนชี้ว่ามีพฤติกรรมหลอกลวงหลายประการ เช่น การโทรช่วงเลิกงาน การยืดเยื้อการตอบกลับ และการเรียกเก็บเงินสองเดือนพร้อมกัน
ผู้ร้องเรียนจึงขอยกเลิกกรมธรรม์และปิดบัตรเครดิตทันที โดยระบุว่าบริษัทพยายามใช้ช่องโหว่เพื่อให้เกิดความเสียหายสูงสุด",eval,Hybrid,2016,47,4,11.75,0.5082764029502869,0.5858386754989624,0.4141613245010376
32640310,ผมขายประกัน อยากขออธิบายซักนิดนึง จากที่เคยเจอคำถามมากับตัวเอง จากที่เจอมุมมองของคนต่อประกันในหลายๆมุม ผมขออธิบายเกี่ยวกับข้อสงสัยซักนิดนึง ที่เหลือก็เป็นวิจารณญาณของคนอ่านละกันเน้อ ผมไม่อยากให้คิดว่าการออมระยะยาวเป็นผลเสียกับคุณเองนะคับ ประกันช่วยการันตีเรื่องการออมของคุณคับ ยกตัวอย่างแบบสั้นๆ คุณอยากเก็บเงินภายใน 1 ปีให้ได้ 1200 บาท คุณ คุณก็ต้องเก็บเดือนละ 100 บาท ทุกเดือนอย่างสม่ำเสมอ ถูกมั๊ยคับ แต่มั่นใจรึป่าวคับว่าระหว่างทาง คุณจะเก็บได้สม่ำเสมอตลอด หากเกิดว่าเก็บไปได้ 3 เดือนเกิดเหตุไม่คาดฝัน อย่างเช่น ล้มป่วย จนไม่สามารถทำงานได้ รายได้ก็หดหายถูกมั๊ยคับ การที่รายได้หดหาย รายจ่ายเราหดหายตามมั๊ยคับ ไม่หายถูกต้องมั๊ยคับ แล้วรายจ่ายยังเพิ่มขึ้นอีกเนื่องจากมีค่ารักษาพยาบาลเพิ่มขึ้น รายได้หาย มีค่าใช้จ่ายเพิ่ม เอาเงินจากไหนจ่าย คำตอบคือเงินที่เราออมไว้จะถูกดึงออกมาใช้ เมื่อเงินออมถูกดึงมาใช้ เงิน 1200 ที่กะว่าจะเก็บไว้ทำอะไรซักอย่างก็มีอันต้องล้มไป หรือเริ่มเก็บใหม่ ยิ่งถ้าหากเป็นการเสียชีวิต เราไม่สามารถที่จะกลับมาเริ่มเก็บเงินใหม่ได้จิงไหมคับ แต่การประกันใช้เงินแค่ส่วนเดียว เอาแบบอย่างมาตรฐานนะ ก็แค่ 15 ของ 100 บาท ก็ เดือนละ 1500 ไม่จำเป็นต้องเก็บทั้งหมด ของที่เราจะเก็บ แต่การันตี เรื่องเงิน 1200 หากเกิดเหตุไม่คาดฝันขึ้น เจ็บป่วยมามีค่ารักษาพยาบาลให้ แถมมีเงินชดเชยให้เปล่าๆ ระหว่างที่นอนโรงบาลอีก ผมคิดว่ามันคุ้มสุดๆ นะ ที่บอกว่าเป็นการแช่งตัวเอง ผมก็ไม่อยากให้คิดอย่างนั้นน เสียงสูง คนเรามีเกิด แก่ เจ็บ ตาย คับ อนาคตวันพรุ่งนี้มีใครการันตีให้เราได้ว่าเราจะไม่ประสบ พบเจอ อะไรเลย ข่าวก็มีให้เห็นอยู่ทุกวัน จิงไหมคับ ผมยกตัวอย่างตัวผมเองเลยละกัน ถ้าเกิดพรุ่งนี้ผมตายไป คิดว่าเรื่องจะจบแค่ผมตายมั๊ยคับ ไม่นะคับ คนข้างหลังก็ต้องมานั่งจัดงานศพให้ผมอีก อันนี้ว่ากันตามตรงเนาะ งานศพมีค่าใช้จ่ายไหม มีนะคับ บางทีเป็นแสน ถ้าหากผมเป็นคนฐานะพอประมาณ มีเมียซักคนอ่ะ ผ่อนบ้านอยู่ แบบเนี้ย ตายไปไม่ได้ทำประกันไว้ บ้านก็ต้องผ่อน ยังต้องมาเสียค่างานศพผมอีก แต่ถ้าตัวผมทำประกันไว้ อย่างน้อยก็มีค่าเลี้ยงส่งตัวเอง กับเงินก้อนนึงไว้ให้เมียได้ตั้งตัว ตัวผมก็ไปแบบสบายใจแล้ว อันนี้กรณีที่บ่นกันเรื่องเบี้ยทิ้งเนาะ ยกตัวอย่างที่เกิดขึ้นจิงกับผมละกัน ผมจ่ายเบี้ยประกันอุบัติเหตุ 2188 บาท ต่อปี ก็ตกประมาณ 182 บาทต่อเดือน ผมส่งมา 10 ปี ก็เกิดอุบัติเหตุ ใช้ค่ารักษาพยาบาลไปประมาณ 4500 บาท ผมไม่ต้องจ่ายซักบาท ประกันจ่ายให้หมด ส่งไป 2188 ต่อปี ส่งมา 10 ปี เป็นเงิน 21880 บาท ค่ารักษาพยาบาลผม 4500 บาท สรุปแล้วเบี้ยที่ผมส่งไป ทิ้งไหมคับ แล้วไม่ใช่ว่าพอผมออกโรงบาลแล้วออกโรงบาลเลยนะ ยังมีการเรียกมาตรวจ ล้างแผลทุกๆอาทิตย์อีก ตรงส่วนนี้ก็ต้องเสียเงินนะคับ แต่ทำประกันไว้ เค้าก็คุ้มครองคุณจนกว่าจะหาย ผมเคยประสบอุบัติเหตุแล้ว มันหมายถึงว่าครั้งหน้าผมจะไม่ต้องเจออุบัติเหตุ เพราะผมเคยเจอไปแล้วรึป่าว ก็ไม่นะคับ ทุกวันนี้ผมยังต้องเสี่ยงกับการขับรถไปทำงานทุกวัน เดินไปนั่นมานี่ จะเจออะไรอะไรก็ไม่รู้ แต่ผมสบายใจ เพราะตัวผมมีความคุ้มครองไว้กับตัวแล้ว ต่อมาส่วนที่บอกว่า เวนคืนมูลค่าได้นิดเดียว จากที่ส่งไปตั้งเยอะ เหตุผลที่อยากได้เงินคืนคือ ไม่อยากส่งต่อ ส่งไม่ไหว อะไรก็แล้วแต่ บริษัทมีวิธีที่สำหรับกรณีนี้อยู่ ที่ลูกค้าจะไม่เสียเปรียบ นั่นก็คือให้หยุดส่ง แต่ลูกค้าจะยังได้ความคุ้มครองอยู่ ส่วนมูลค่าความคุ้มครองก็ลดหลั่นไปตามส่วน เช่น ทำทุนประกัน 100 บาท ต้องส่ง 20 ปี แต่ส่งไปได้ 10 ปี ขอหยุดไม่อยากส่ง บริษัทก็จะให้หยุดส่ง แต่บริษัทยังให้ความคุ้มครองอยู่โดยลดทุนประกันเหลือ 500 บาท เนื่องจากส่งไปได้ครึ่งเดียว นี่คือวิธีที่ประกันจะใช้หากเกิดกรณีนี้ จะเห็นได้ว่าไม่มีใครเสียเลยจิงไหมคับ แต่ทั้งนั้นทั้งนี้ลูกค้ายืนกรานว่าอยากได้เงินคืนอย่างเดียว ลูกค้าจะขาดทุนตรงส่วนนี้เพราะอะไร ก็เพราะตามสัญญาในกรมธรรม์ระบุให้ส่ง 10 ปี 15 ปี 20 ปี อะไรก็แล้วแต่ หากเราไม่ทำตามสัญญาก็จะต้องเสียเงินส่วนหนึ่งให้กับบริษัท เงินที่เสียไปส่วนนั้นเป็นค่าอะไรวะ เป็นค่าประกันความเสี่ยงไงคับ ที่บริษัทมีให้ระหว่างสัญญา แล้วมันเสี่ยงขนาดไหนวะผมถึงขาดทุนขนาดนี้ ก็ขอยกตัวอย่างเลยละกัน ลูกค้าทำประกันไว้ 100 บาท จ่ายได้งวดเดียว ดั๊นเสียชีวิต คุณลูกค้าได้เลยคับ 100 บาท โดยที่ไม่ต้องจ่ายงวดที่เหลืออีกแล้ว อย่างถ้าผมอยุ 25 ปี ทำประกันไว้ 100 บาท จ่ายเป็นปี ตก 200 หน่อยๆ ก็เดือนละร้อยกว่าบาท จ่ายปุ๊บอีกวันมาปั๊บผมตาย ผมได้เลย 100 บาท จ่ายไป 200 บาท คุ้มมั๊ยคับ คอดๆอ่ะ แต่อย่าตายจะดีกว่าเนาะ เอาไว้ไปแก่ตายเองจะดีกว่า 55 ก็ขอทิ้งท้ายไว้หน่อยนะคับ อะไรก็ตามที่เป็นสัญญา แล้วเราคงซึ่งสัญญานั้นไว้ตามกฎเกณฑ์ เชื่อผมเถอะไม่มีใครเสียเปรียบใครแน่นอนคับ ถ้าหากคุณคิดจะทำประกันก็หาตัวแทนที่ไว้ใจ บอกข้อมูล ตอบทุกคำถามที่เราสงสัยได้หมด ประกันถ้าทำได้ทำเถอะคับ ตอนนี้ที่คุณจ่ายไปอาจจะยังไม่ได้ใช้ แต่ถ้าเมื่อไหร่มันถูกเรียกใช้ขึ้นมา เชื่อเถอะว่าสิ่งที่คุณจ่ายไปไม่ขาดทุนแน่นอนคับ แถมจะเป็นกำไรมหาศาลสำหรับคุณอีกต่างหาก ผมรับประกัน ล้านเปอร์เซ็นต์ ความจิงมีสวัสดิกาลอีกหลายอย่างที่อยากบอกให้รู้ แต่ให้ผมพิมพ์เอาคงไม่ไหว มีอะไรสงสัยตรงไหนถามผมได้คับ คิดว่าคงจะเป็นประโยชน์ให้คุณๆได้ ไม่มากก็น้อยคับ ผมก็พิมพ์ไม่ค่อยเก่ง งงตรงไหนถามได้เน้อ,"การออมเงิน 1,200 บาทภายใน 1 ปีต้องเก็บเดือนละ 100 บาทอย่างสม่ำเสมอ แต่หากเกิดเหตุไม่คาดฝัน เช่น ป่วยหรือเสียชีวิต รายได้อาจลดลงขณะที่ค่าใช้จ่ายเพิ่มขึ้น ส่งผลให้เงินออมถูกนำมาใช้จนเป้าหมายล้มเหลว
การมีประกันช่วยให้มั่นใจว่าจะได้รับเงินชดเชยหรือค่ารักษาพยาบาลในกรณีฉุกเฉิน โดยเฉพาะเมื่อไม่สามารถเริ่มออมใหม่ได้อีก
ตัวอย่างจากประสบการณ์จริงแสดงให้เห็นว่าเบี้ยประกันที่จ่ายไปหลายปีสามารถนำไปใช้ค่ารักษาพยาบาลได้เต็มจำนวน และยังคงได้รับความคุ้มครองต่อเนื่องแม้หยุดชำระเบี้ยภายหลัง
บริษัทประกันมีทางเลือกให้หยุดชำระเบี้ยแต่ยังคงความคุ้มครองในระดับที่ลดลง ซึ่งไม่ทำให้ลูกค้าเสียเปรียบมากนัก หากไม่ปฏิบัติตามสัญญาตามกำหนดจะต้องเสียค่าความเสี่ยงที่ครอบคลุมไว้ในกรมธรรม์",eval,Hybrid,2014,106,4,26.5,0.4344935119152069,0.4709944725036621,0.5290055274963379
33910910,ปรึกษาการทำประกันชีวิต ประกันสุขภาพ และการวางแผนการเงินในอนาคตครับ ปรึกษาการทำประกันชีวิต ประกันสุขภาพ และการวางแผนการเงินในอนาคตครับ เนื่องจากตอนนี้ อายุ 3x ต้นๆ ครับ ที่บ้านเคยทำประกันชีวิตให้ตั้งแต่เด็ก จนตอนนี้ครบแล้ว ได้เงินก้อนคืนมาก้อนหนึ่ง แต่ก็คงไม่มากเท่าที่ส่งไป แต่มันก็มีประโยชน์คือ ถ้ามีอุบัติเหตุขึ้นมา มันก็ช่วยเราได้ กลับมาต่อ ณ.ปัจจุบัน ครับ ตอนนี้ จขกท ก็อยากทำประกันต่อ โดย อยากซื้อเกี่ยวกับ อุบัติเหตุ โรคร้ายแรง หรือค่าห้อง อะไรพวกนี้ ทีนี้จึงคุยกับตัวแทน โดยตัวแทนบอกว่าต้องประกันหลักก่อน จึงจะสามารถซื้อสัญญาเพิ่มเติมได้ คือพวก อุบัติเหตุ โรคร้ายแรง ห้อง ฯลฯ ตัวแทนเสนอมาเป็นตัว จ่าย 20 ปี คุ้มครองถึง 90 ปี โดยเสนอมาที่ทุนประกัน 10000 ถ้าเสียชีวิตรับ 10000 ทุกกรณี ยกเว้นฆ่าตัวเอง หรือรับเงิน 10000 ตอนอายุ 90 ถ้ายังอยู่ แต่ผมคงไม่น่า 55 ที่เขาเสนอมาทุน 10000 ผมต้องจ่ายเบี้ยประมาณ 2100 จำนวน 20 ปี โดย ตัวแทนแจ้งว่า ถ้าซื้อทุน 1M. จะสามารถซื้อค่าห้องได้ราคาสูงขึ้น ซื้อค่ารักษาอื่นๆได้มากขึ้น เช่น ทุน 1M ซื้อห้องได้สูงสุด 600 ต่อคืน ทุน 5 แสน ซื้อห้องได้สูงสุด 300 ต่อคืน อะไรประมาณนี้ และอนาคต ของพวกนี้ ค่าห้อง ค่ายา ก็จะแพงขึ้นเรื่อยๆ เลยเสนอมาที่ 1M ส่วนที่เสนอมา แบบส่ง 20 ปี คุ้มครองถึง 90 นั้น ตัวแทนบอกว่า ถ้าซื้อแบบนี้ไว้ อนาคตเมื่ออายุมากขึ้น 60 เราจะยังสามารถซื้อประกันเสริมได้ตลอด เพราะประกันหลักเรายังอยู่ถึง 90 ฉะนั้นเรามีสิทธิ์ซื้อได้ตลอด แต่ถ้าซื้อแบบ ส่ง 7 ปี คุ้มครอง 15 ปี ถึงตอนนั้นเมื่ออายุมากขึ้น เบี้ยก็จะแพงขึ้น และประกันอาจจะไม่รับในบางโรค พวกโรคร้ายแรงต่างๆ ดังนั้น เขาจึงเสนอแบบคุ้มครองถึง 90 กลับมาตรงที่จะปรึกษาครับ เนื่องจากผมทำงานเอกชน สถานะโสด ผมลองคำนวณเงินค่าประกันที่ทุน 1M บวกกับประกันเสริม ค่าห้อง ค่านี่ ค่านั่น สรุปปีนึงประมาณเกือบ 3000 บาทต่อปี และผมต้องจ่าย 20 ปี แต่ในใจลึกๆก็รู้ว่าเป็นเงินเก็บ ถึงหลายคนจะบอกว่าเอาไปซื้อ ltf หรือกินดอกคุ้มกว่า ซึ่งเงินก้อนนี้ที่จะทำ ถ้าผมเป็นอะไรไปคงตกไปที่ครอบครัว ซึ่งตอนนี้โสด และ ไม่รุว่าอนาคตจะมีลูกไหม ตอนนี้ก็เลยสับสนครับ ว่าจะเอายังไงดี เพราะต้องส่งถึง 20 ปี ซึ่งถ้าครบ 20 ปี เราสามารถนำเงินที่ส่งไปออกมาได้ ถ้าเราต้องการ แต่สัญญากับประกันภัยก็สิ้นสุด และผมก็ต้องซื้อ ltf ให้ตัวเองอีกอย่างน้อยปีละ 5000 เท่ากับว่าปีนึง ผมต้องเอาเงินมาซื้อของพวกนี้ 8000 ปี ยังไม่รวมประกันรถยนต์อีก รวมๆ 10000 ปี และก็มี plan จะเก็บเงินซื้อบ้านในเร็วๆนี้ด้วยครับ โดยจากที่ผมอธิบายมา ยังไม่เห็นช่องทางหาเงินมาซื้อบ้านได้เลย เพราะเงินถูกจ่ายไปประกันทั้งหลายหมดหมด กลับมาที่คำถามเลยว่า ถ้าผมทำทุนประกันที่ 10000 มันเหมาะสมหรือสมควรไหมครับ ที่สนใจจะทำ เพราะเพื่อตัวเอง และอนาคตครับ หากแต่งงานมีลูก อันนี้คิดเผื่ออนาคตเลยครับ เพราะเกิดเป็นอะไรไป คนข้างหลังจะได้ไม่ลำบาก หรือ มีประกันแบบไหนดีๆแนะนำบ้างครับ หลักๆคือ ซื้อห้อง ซื้อโรคร้ายแรง อุบัติเหตุ โดยเป็นสัญญาหลักแบบอื่นๆ ราคาไม่แพงมาก แล้วคุ้มครอง 8 90 ปีอะไรแบบนี้ ใครพอทราบแนะนำด้วยนะครับ ปล.ที่ต้องอธิบายยืดยาวเพราะอยากได้คำแนะนำจากผู้รู้หนะครับ ว่าควรจะวางแผนยังไง เพราะว่าผมมีของอย่างอื่นที่ต้องซื้ออีกหนะครับ ตอนนี้คิดไม่ตกครับ ใครมีคำแนะนำดีๆ รบกวนด้วยนะครับ,"ผู้ร้องเรียนต้องการซื้อกรมธรรม์ประกันเพิ่มเติมเกี่ยวกับอุบัติเหตุ โรคร้ายแรง และค่าห้องพัก แต่ตัวแทนแจ้งว่าต้องซื้อประกันหลักก่อน
ตัวแทนเสนอแผนชำระเบี้ย 20 ปี คุ้มครองถึงอายุ 90 โดยทุนประกันเริ่มต้นที่ 100,000 บาท และอาจเพิ่มเป็น 1 ล้านบาทเพื่อให้ได้สิทธิประโยชน์สูงขึ้นในอนาคต
สำหรับทุนประกัน 1 ล้านบาท จะสามารถใช้จ่ายค่าห้องพักได้สูงสุดถึง 600,000 บาทต่อคืน ในขณะที่ทุน 500,000 บาทจำกัดอยู่ที่ 300,000 บาท
ตัวแทนระบุว่า หากซื้อแผนดังกล่าวไว้ตอนนี้ จะสามารถซื้อประกันเสริมเพิ่มเติมได้ในอนาคตแม้อายุจะมากขึ้น",eval,Hybrid,2015,50,4,12.5,0.5437901020050049,0.5228948195775349,0.4771051804224651
32714275,เตือนภัยสำหรับคนที่จะทำประกันของ กรุงไทย แอกซ่า เมื่อต้นปีผมได้ทำประกันชีวิตของกรุงไทยแอกซ่าโดยหักผ่านบัญชีธนาคารทุกเดือน แต่ด้วยความเข้าใจผิดในรายละเอียดของกรมธรรม์ ผมจึงตัดสินใจยกเลิกกรมธรรม์โดยติดต่อยกเลิก และได้ทำตามขั้นตอนการยกเลิกตามคำแนะนำของศูนย์บริการลูกค้าสัมพันธ์ของกรุงไทยแอกซ่า โดยส่งกรมธรรม์คืนพร้อมแสดงความจำนงขอยกเลิกกรมธรรม์ และได้รับหนังสือแจ้งสถานะฯจากกรุงไทยแอกซ่า เรื่องการยกเลิกกรมธรรม์ เมื่อวันที่ 15 ก.ย. 57 ที่ผ่านมา แต่สุดท้ายผมกลับถูกหักบัญชีธนาคารเพื่อชำระเบี้ยประกันอีกจำนวน 2 งวด โดยที่ทางกรุงไทยแอกซ่า ตัดเงินผมทีเดียว 2 ยอดในวันเดียวกัน 25 ก.ย.57 และส่งใบเสร็จย้อนหลังมาแจ้งว่าเป็นการชำระเบี้ยจำนวน 2 งวด ด้วยความสงสัยผมจึงติดต่อกลับไปที่ศูนย์บริการลูกค้าสัมพันธ์ของกรุงไทยแอกซ่าเพื่อสอบถามเรื่องราวว่ามีความผิดพลาดเกิดขึ้นตรงไหนอย่างไร ทางเจ้าหน้าที่ที่รับสายยืนยันว่า ได้รับเอกสารขอยกเลิกกรมธรรม์จากผมแล้ว แต่ยังไม่ดำเนินการยกเลิกให้ โดยให้เหตุผลว่า เผื่อผมเปลี่ยนใจอยากส่งต่อเมื่อไรก็จะได้ส่งต่อได้อีก แต่ผมก็แย้งไปว่าผมยังไม่ได้ทำเรื่องอะไรเลย แล้วทางกรุงไทยแอกซ่ามาตัดเงินผมได้อย่างไร ซึ่งได้คำตอบเป็นที่น่าตกใจยิ่งไปกว่าการที่ทางกรุงไทยแอกซ่าไม่ยอมยกเลิกกรมธรรม์ตามความจำนงของผม ทางเจ้าหน้าที่บอกว่า นายหน้าตัวแทนของกรุงไทยที่มาเสนอขายประกันฉบับนี้ให้ผมนั้น เป็นคนทำเอกสารกลับคืนมาให้ทางสำนักงานใหญ่เพื่อต่ออายุกรมธรรม์ ซึ่งผมก็บอกว่าผมยังไม่ได้ทำเรื่องอะไรเลย เอกสารมันเกิดขึ้นมาได้อย่างไร ตรงนี้เจ้าหน้าที่ตอบไม่ได้ บอกเพียงแต่ว่าต้องตรวจสอบ หลังวางสายผมก็ได้รับสายจากนายหน้าที่ขายประกันนี้ให้ผม ในตอนแรกผมก็ยังอุตส่าห์มองโลกในแง่ดีอยู่นะครับ น้องนายหน้าบอกว่าให้ผมทำเรื่องยกเลิกไปอีกครั้ง แล้วครั้งนี้จะยกเลิกจริงๆ และจะไม่มีการต่อกรมธรรม์อีกแล้ว แต่ผมก็ยังงมากว่ามีการต่อฯโดยที่ไม่แจ้งเจ้าตัวทราบได้อย่างไร เลยซักไซ้ จนน้องตัวแทนประกันสารภาพมาว่าเป็นคนทำเรื่องต่อกรมธรรม์ให้ตัดเงินในบัญชีผมเอง เนื่องจากต้องการรักษายอด เพราะเค้าจะโดนตัดค่าคอมมิชชั่นเพราะยอดเค้าไม่ถึงเป้า เขาขอร้องไม่ให้ผมเอาเรื่องและยอมทำเรื่องยกเลิกเข้าไปที่ศูนย์อีกครั้ง เพราะไม่อยากโดนลงโทษ ผมตัดบทแล้ววางสายไป หลังทราบความจริงจากตัวแทน ผมโทรเข้าไปที่ศูนย์บริการลูกค้าสัมพันธ์ของกรุงไทยแอกซ่าอีกครั้ง ผมบอกให้เค้าทราบรายละเอียดทั้งหมด ยอมรับเลยว่าโมโหมากต่อว่าไปเยอะพอสมควรและแจ้งความจำนงให้เดินการลงโทษและแก้ไขปัญหาให้โดยผมไม่สะดวกส่งเอกสารอะไรอีกทั้งสิ้น และทางเจ้าหน้าก็ยืนยันว่าจะดำเนินการยกเลิกกรมธรรม์ให้โดยที่ครั้งนี้ผมไม่จำเป็นต้องส่งเอกสารอะไรมาแล้ว ทางศูนย์บริการลูกค้าสัมพันธ์ของกรุงไทยแอกซ่าจะดำเนินการยกเลิกให้ทันที นอกจากนี้ผมก็บอกว่าผมต้องการเงินคืนจำนวน 2 งวดที่ทางกรุงไทยแอกซ่าตัดผ่านบัญชีผมไป โดยบอกว่าให้เวลาจนถึงวันนี้14 ต.ค. 57 และขอร้องเรียนการทำงานของนายหน้าคนนั้น และบอกให้ทางกรุงไทยโทรมาแจ้งผลการจัดการเรื่องนี้ แต่จนวันนี้ผมกลับไม่ได้รับการติดต่อกลับจากกรุงไทยแอกซ่าเลย และก็ยังไม่ได้รับเงินคืนจาก กรุงไทย แอกซ่าด้วย ผมคิดไม่ถึงว่า ตัวแทนขายประกันของกรุงไทยแอกซ่า จะกล้าปลอมแปลงเอกสารของลูกค้าเพื่อรักษายอดขายของตัวเอง ส่วนกรุงไทยแอกซ่าเอง ก็ระบบการดำเนินงานที่แย่และเอาเปรียบลูกค้าเป็นอย่างมาก ทั้งๆ ที่ผมทำเรื่องขอยกเลิกก็ไม่ยกเลิกให้ตามความต้องการ ยิ่งไปกว่านั้นยังมาตัดเงินผมทั้งๆ ที่ไม่ได้มีเอกสารแจ้งเป็นรายลักษณ์อักษรจากผมเลย ผมจึงอยากเตือนเพื่อนๆ ชาวพันทิปให้ระวังทั้งนายหน้าตัวแทนของกรุงไทยแอกซ่า และระบบการดำเนินงานของกรุงไทยแอกซ่า จะได้ไม่ตกเป็นเหยื่อเช่นเดียวกับผม ปล. ขณะนี้ผมได้ปรึกษาพี่ทราบกฎหมายแล้ว และกำลังรวบรวมเอกสาร หลักฐานที่มีอยู่ในตัว เพื่อจะแจ้งความให้ดำเนินคดีอาญากับตัวแทนคนนั้น ในข้อหาปลอมแปลงเอกสาร,"เจ้าหน้าที่ยืนยันว่าได้รับเอกสารขอยกเลิกกรมธรรม์ แต่ยังไม่ดำเนินการยกเลิก โดยอ้างว่าเพื่อรองรับกรณีที่ผู้ร้องอาจเปลี่ยนใจส่งต่อกรมธรรม์ในอนาคต
ผู้ร้องโต้แย้งว่าตนเองไม่ได้ทำเรื่องใด ๆ และไม่เข้าใจว่าทำไมบริษัทจึงสามารถตัดเงินจากบัญชีได้
ภายหลังพบว่าตัวแทนประกันเป็นผู้ดำเนินการต่ออายุกรมธรรม์โดยไม่แจ้งผู้ร้อง พร้อมสารภาพว่ากระทำเพื่อรักษายอดขายและหลีกเลี่ยงการถูกตัดค่าคอมมิชชั่น
ผู้ร้องได้แจ้งความประสงค์ให้ยกเลิกกรมธรรม์และขอเงินคืน 2 งวด และเจ้าหน้าที่ยืนยันจะดำเนินการยกเลิกโดยไม่ต้องส่งเอกสารเพิ่มเติม",eval,Hybrid,2014,44,4,11.0,0.5060223937034607,0.6100811958312988,0.3899188041687011
33522798,เราโดนชนรถเราไม่มีประกัน รถเขามี เราต้องจ่ายค่าซ่อมเอง สวัสดีค่ะ นี่เป็นกระทู้แรกของเรา ผิดพลาดตรงไหนขออภัยด้วยนะคะ ย่อหน้าแรกขอเราเกริ่นเล็กน้อยนะคะ เนื้อเรื่องเริ่มย่อหน้าที่สอง สรุปคำถามย่อหน้าสุดท้ายเลยค่ะ เรื่องมีอยู่ว่า คุณแม่เราท่านบ่นว่าเวียนหัวมาซักระยะหนึ่งแล้ว วันนี้เราเลยขับรถไปส่งคุณแม่ไปรพ.มาค่ะ กว่าออกจากรพ.มาก็เกือบเที่ยงแล้ว คุณแม่หิวข้าวเราจึงเลี้ยวรถเข้าห้างสรรพสินค้าชื่อดังของจังหวัดเชียงราย ตรงทางเข้าห้างมีการตรวจรถเพื่อความปลอดภัย ทุกคันผ่านไปเฉยๆ แต่พอมาถึงคันเราคุณยามโบกให้หยุดพร้อมดันราวกั้นมาขวางไว้ เราลดกระจกลงคุณยามก็บอกว่า เปิดกระโปรงหลังให้หน่อย เราก็เปิดให้พร้อมคิดในใจว่ารถคันอื่น ทะเบียนจังหวัดอื่นไม่ตรวจ มาตรวจรถเราสงสัยเพราะเราสวมหน้ากากอนามัยเลยน่าสงสัยมั้ง ตอนนั้นก็คิดขำๆค่ะ ไม่ได้อะไรมาก คุณยามเปิดดูแล้วไม่มีอะไรก็เปิดที่กั้นปล่อยเราออกมา เราขับออกมาแล้วก็เลี้ยวลงที่จอดรถชั้นใต้ดินเหมือนทุกครั้ง ลงมาแยกแรกก็ชะลอรถ แยกนี้รถจะมาจากทางซ้ายมือ เราติดนิสัยเหลียวซ้ายแลขวาดูมันทั้งสองทาง ไม่มีรถ โอเคขับต่อไปถึงแยกที่สอง แยกนี้รถจะมาจากทางขวา เราก็ชะลอรถเหลียวซ้ายแลขวาเหมือนเดิม ผ่าน ออกรถได้ แต่คราวนี้มันไม่เหมือนเดิมตรงที่วินาทีที่รถเราออกมาจะถึงกลางแยกหางตาขวาเราก็เห็นรถสีขาวอีกคันหนึ่งเข้ามาใกล้ เรารีบเหยียบเบรกและวินาทีต่อมารถเราก็โดนชนค่ะ โดนเข้าที่ล้อหน้าด้านขวา รถเราไถลมาทางซ้ายเล็กน้อย หัวเรากระแทกกับขอบกระจกด้านหน้าฝั่งคนขับเบาๆให้พอตกใจ พอตั้งสติได้ไฟฉุกเฉินของรถเปิดอัตโนมัติไปแล้ว เราก็รีบขยับรถเข้าข้างทางค่ะ ตอนเลี้ยวก็รู้สึกแปลกๆ เอ๊ะ ทำไมหักขวาไม่ค่อยได้นะ พอจอดเสร็จคุณแม่ก็เปิดประตูลงจากรถไป เราจะเปิดประตูลงไปบ้างเท่านั้นแหละ เอ๊ะ ครั้งที่สองก็ตามมาค่ะ ประตูฝั่งเราเปิดไม่ได้ ตายละ โดนชนแรงขนาดไหนเนี่ย ตอนนี้ใจเริ่มตุ๊มๆต่อมๆแล้วค่ะ เราเลยปีนมาออกทางฝั่งผู้โดยสาร เดินไปหาคู่กรณีเขารีบทักเลยค่ะ น้องมีประกันมั้ยคะ ของพี่มีประกันชั้น 1นะคะ แล้วก็หันไปค้นเบอร์ประกันกับลูกชายอยู่สองคน ค้นไปค้นมาไม่เจอซักที บอกให้เราไปช่วยเราก็ช่วยหา พอติดต่อได้เราก็รอประกันมากันค่ะ ระหว่างนี้ก็คุยกัน พี่คนขับก็บอกว่าขับมามองไม่เห็นรถน้องเลย พี่ว่ารถคันดำมันบัง พี่มองไม่เห็นจริงๆ เราก็ค่ะๆ คิดว่าเพราะรถเราเป็นรถเก๋งคงต่ำ รถพี่เขาเป็นรถซีอาร์วีถึงจะสูงแต่พี่เขาอาจไม่เห็นจริงๆก็ได้ เดินไปดูรถคุณพี่คู่กรณี กันชนหน้าแตกฝั่งซ้ายยุบเข้าไป ฝั่งขวาหลุดออกมา เดินกลับไปดูรถเราบ้าง คราวนี้ไม่ใช่เอ๊ะแล้วค่ะ แต่เป็นโอ๊ยแทน โอ๊ย จะเป็นลม เมื่อกี้ที่รถแล้วขวาไม่ค่อยได้เพราะล้อขวาหน้าที่โดนชนมันเบี้ยวค่ะ ยุบเข้าไปแบบขับต่อไม่ได้แล้ว ตอนนี้เพลาอาจจะเบี้ยว แต่ถ้าฝืนขับต่อนี่ได้หักแน่ๆ และที่ประตูเปิดไม่ได้ก็เพราะตัวรถยุบไปขัดกับตรงประตูทำให้เปิดไม้ได้ ใจเริ่มไปอีกแล้วค่ะ ขับรถมาไม่เคยมีประวัติเฉี่ยวชนคว่ำอะไรเลย ที่บ้านก็ถอยรถมาคันนี้คันที่ 6แล้ว มีประกันชั้น 1เฉพาะปีแรกที่แถมมาให้ทุกคัน จากนั้นก็ไม่ได้ต่อประกัน ยอมรับว่าประมาทไป แต่กรณีนี้เราโดนเขาชน รถเขามีประกันชั้น 1 ประกันของเขาต้องรับผิดชอบค่าซ่อมรถของเราด้วย นี่คือความเข้าใจของเรา คุณแม่ พี่คู่กรณี พี่สาวเราที่ตามมาทีหลัง ประกันมาแล้วค่ะ หลังจากที่ผ่านไปประมาณเกือบครึ่งชั่วโมง ในที่สุดเขาก็มา คุณประกันฯเลี้ยวฟีโน่เข้าจอดเสร็จ เดินไปถ่ายรูปรถพี่คู่กรณี ไปถ่ายรูปรถเรา ขอดูใบขับขี่เรา แล้วก็ถามว่า มีประกันมั้ย พอเราตอบว่าไม่เท่านั้นแหละ คุณประกันฯก็ต่อทันที จากนี้เป็นบทสนทนาของคุณประกันฯกับพี่สาวเรานะคะ คุณประกันฯ ตอนขับมาไม่เห็นป้ายระวังรถทางขวาหรอ พี่สาวเรา เห็นค่ะ แล้วน้องก็ชะลอรถดูแล้ว คุณประกันฯ ชะลอได้ยังไง ป้ายก็บอกอยู่ว่าให้ระวังรถทางขวา แปลว่าให้จอดรถรอ พี่สาวเรา อ้าว ป้ายระวังรถทางขวาคือให้ชะลอรถดูว่ามีรถไหม แล้วใช้วิจารณญาณว่าขับต่อไปได้หรือต้องจอด คุณประกันฯ ไม่ใช่ๆ ไม่เห็นป้ายหรอ บอกว่าระวังคือต้องจอดให้รถทางขวาไปก่อน ขับออกมาแบบนี้โดนชนก็ต่างคนต่างก็ต้องผิด. หลังจากนี้คุณประกันฯก็เริ่มพูดไม่รู้เรื่องแล้วค่ะ พี่คู่กรณีเลยคุยกับเราและคุณแม่ตกลงกันว่าโทรแจ้งตำรวจให้ร้อยเวรมาดูดีกว่า ระหว่างที่รอร้อยเวรมาคุณประกันก็ยังไม่ยอมแพ้ค่ะ จะให้ทางเราเป็นคนผิดทั้งๆที่พี่คู่กรณีเขาบอกแล้วว่าเขาไม่เห็นเราเลย ขับมาชน และร่องรอยบนตัวรถก็ชัดเจนว่าเขาขับมาชนเรา ไม่ใช่เราไปชนเขา ซักพักคุณประกันก็เปลี่ยนมุกใหม่บอกว่า ขับมาทางตรงทั้งคู่ ไม่มีทางเอกทางโท เอาเป็นว่าต่างคนต่างจ่ายก็แล้วกัน เพราะแบบนี้มันผิดร่วมกัน พี่สาวกับคุณแม่เราก็เริ่มขึ้นสิคะ มาพูดว่าผิดทั้งสองฝ่ายได้อย่างไร ในเมื่อคนที่ชนเขาก็บอกว่าเขาชน รอยบนรถก็เห็นว่าเราโดนชน เราเห็นท่าไม่ดีเลยบอกว่าไม่ต้องเถียงกันดีกว่า รอคุณร้อยเวรมาทีเดียวเลย พี่สาวเราก็บ่นๆว่าประกันก็แบบนี้ เอาประโยชน์ตัวเองไว้ก่อน ใครผิดไม่สน พอ คุณประกันฯได้ยินก็โพล่งออกมาว่า ก็ผมกินเงินเดือนบริษัท จุดนั้นทุกคนเงียบค่ะ คุณกินเงินเดือนเขา เขาให้ทำอะไรก็ต้องทำโดยไม่สนใจว่าอะไรผิดอะไรถูกใช่ไหม เราโดนชนแต่เราผิดใช่ไหม ตอนนี้คุณแม่โกรธจริงๆแล้วค่ะ ท่านเดินออกไปเลย เราก็เดินออกไปตามท่าน พอกลับมาคุณร้อยเวรก็มาถึงพอดี คุณร้อยเวรลงจากรถมาก็เข้าไปถ่ายรูปรถทั้งสองคัน มาถามว่าใครขับมาจากทางไหน ขอใบขับขี่ของทั้งสองฝ่าย คุยกับคุณประกันซักพัก คุณประกันพูดว่าอะไรเจ้านายๆ เสร็จแล้วคุณร้อยเวรก็เดินกลับมาเขียนรายงานพร้อมคุยกับเรา คุณร้อยเวร ตรงนี้เนี่ยเป็นที่ส่วนบุคคล เป็นลานจอดรถของห้าง รองฯเขียนให้ได้แค่เป็นความผิดร่วมนะ เรา ความผิดร่วมหรอคะ ทั้งๆที่เห็นๆอยู่ว่าเขาขับมาชนหนูเนี่ยนะคะ คุณร้อยเวร แสดงว่าหนูไม่เข้าใจกฎหมายประกันนะเนี่ย ตรงนี้ไม่ใช่ถนนทั่วไป ทำอะไรไม่ได้ เป็นความผิดร่วม เรา แล้วถ้าเรื่องนี้เกิดขึ้นที่ถนนทั่วไปก็คือเขาชนหนู เขาผิด ประกันต้องรับผิดชอบใช่ไหมคะ คุณร้อยเวร แต่ตรงนี้คือประกันไม่ยอมไง ไม่เข้าใจหรอ ถ้าอยากได้เงินก็ไปฟ้องเอาเอง ตรงนี้เขียนได้แค่ว่าเป็นความผิดร่วม จบค่ะ คือพวกเราทำอะไรไม่ได้แล้ว พี่คู่กรณีที่ตอนแรกบอกว่าไม่เห็นจึง ขับมาชนเรา ก็เงียบไปตั้งแต่ช่วงที่คุณร้อยเวรเข้ามาแล้วค่ะ พี่เขาอาจจะอยากเข้ามาช่วยเรา แต่คุณประกันฯคงไปบอกพี่เขาว่าถ้ายอมรับว่าชนเองก็ต้องรับผิดชอบเองนะ นี่เป็นที่ส่วนบุคคล ประกันไม่จ่ายให้ พี่เขาก็จ่ายเบี้ยประกันไปแล้วจะมารับผิดชอบอีกคงไม่ยอมเลยไปยืนรออยู่ไกลๆ จากนั้นคุณร้อยเวรก็ขึ้นรถไปค่ะ ก่อนจะจากยังทิ้งท้ายว่า ถ้าจะให้ประกันจ่ายให้ก็ไปฟ้องเอาเอง ช่วยอะไรไม่ได้ สรุปเลยนะคะ ตอนนี้เราสงสัยมากว่าเราโดนชนโดยรถของเราไม่มีประกัน รถของคู่กรณีมีประกันชั้น 1 คู่กรณีรับว่าชนแต่ประกันซึ่งเป็นตัวแทนของคู่กรณีบอกว่าไม่รับผิดชอบ เพราะชนในลานจอดรถของห้างไม่ใช่ถนนทั่วไป แบบนี้เราควรทำใจยอมรับไปว่าเราผิดที่รถไม่มีประกัน ผิดที่อยากเข้าไปทานข้าวในห้าง ผิดที่โดนชน และต้องรับผิดชอบค่าเสียหายทั้งหมดเองใช่ไหมคะ หากอยากเอาความก็ต้องไปยื่นฟ้องศาลโดยที่มีคู่กรณีเป็นบริษัทประกันภัยและต้องเสียเวลา เสียค่าใช้จ่ายเองโดยที่ไม่รู้เลยว่าเราจะชนะไหม รถที่ให้ไปยกมาไว้ที่อู่รอประมาณราคาซ่อมก็น่าจะไม่ต่ำกว่าสองหมื่น อยากทราบความเห็นของทุกท่านที่สละเวลาเข้ามาอ่านค่ะ ว่าเราควรจะทำอย่างไรดี คู่กรณีคือ บริษัทสินมั่นคงประกันภัย ค่ะ ขอบคุณทุกท่านที่สละเวลาเข้ามาอ่านค่ะ เราพยายามจะแก้ไขเพื่อเพิ่มรูปแล้วแต่เราไม่ได้ยืนยันตน พอจะมีทางอื่นไหมคะ,"รถคันหนึ่งถูกรถคันอื่นชนขณะออกจากที่จอดรถใต้ดินของห้าง โดยผู้เสียหายระบุว่าเห็นรถคู่กรณีเข้ามาใกล้ก่อนเกิดเหตุ และพยายามเบรกทันที แต่ยังไม่พ้นการชน
ผู้เสียหายไม่มีประกันภัยรถยนต์ ขณะที่คู่กรณีมีประกันชั้น 1 และยืนยันว่าขับมาแล้วมองไม่เห็นรถตนเนื่องจากรถคันดำบัง视线
เจ้าหน้าที่ประกันของคู่กรณีเริ่มต้นระบุว่าผู้เสียหายควรจอดรอเนื่องจากป้ายเตือน ""ระวังรถทางขวา"" แต่เมื่อถูกโต้แย้งว่าได้ชะลอรถและตรวจสอบแล้ว จึงเปลี่ยนแนวทางเป็นให้ทั้งสองฝ่ายรับผิดร่วม
เจ้าหน้าที่ตำรวจที่มาตรวจสอบยืนยันว่าสถานที่เกิดเหตุเป็นพื้นที่ส่วนบุคคล จึงเขียนรายงานเป็นความผิดร่วม แม้ผู้เสียหายจะเห็นว่าตนเองถูกชนโดยไม่ได้ผิดพลาดใด ๆ",eval,Hybrid,2015,134,4,33.5,0.4651577770709991,0.5559701124827067,0.4440298875172933
30912927,อยากรู้มาก ประกันบริษัทไหน น่าประจาน ฉันเป็นคนนึงที่ได้ดูรายการปากโป้ง ของวันนี้ 30 ส.ค. ทางรายการได้นำเสนอเรื่องราวของครอบครัวหนึ่งที่สามีของผู้เสียหายได้เป็นเหยื่อของอุบัติเหตุ พวกแก๊งตีนผีที่ซิ่งชนรถของครอบครัวผู้เสียหายจนทำให้กระดูกข้อที่ 5 กับ 6 หลุดออกและกลายมาเป็นอัมพาตในที่สุด ทางภรรยาเคยเป็นพนักงานพนักงานเอกชนเงินเดือนหมื่นกว่าแต่จำเป็นที่จะต้องลาออกจากงานเพื่อมาดูแลสามีของเธอ ไหนจะต้องส่งลูกสาวเรียนหนังสืออีกค่าอยู่ค่ากินอีก รายได้ของเธอได้จากการขายพวงมาลัยวันละ 200 บาท ไม่พอกินแน่นอน และทางคู่กรณีถูกศาลสั่งติดคุก 1 ปี ชดใช้ค่าใช้จ่าย 1 ล้านบาท แต่ทางผู้เสียหายได้ชดใช้แค่ 3800 บาท จน 3 ปีผ่านไปได้มาเพียง 30000 บาท เธอได้ทำประกันชั้น 1 เอาไว้ที่บริษัทแห่งหนึ่ง ซึ่งตามหลักกรมธรรม์ที่ทำไว้กับประกันต้องจ่ายให้สามีของเธอ 1 ล้านบาทและค่ารักษาพยาบาลอีก 5000 บาท จน 3 ปีผ่านไปได้เงินแค่ 30000 บาททางประกันบอกว่าจะจ่ายให้เท่านี้ แต่ที่แย่และเจ็บปวดที่สุด คือ ประกันของเธอดันเป็นบริษัทเดียวกันกับคู่กรณีหรือไอพวกแก๊งตีนผี ฝ่ายของเธอถูกเอาเปรียบโดยประกันบริษัทเดียวกัน ซึ่งผมได้ยินคำพูดประโยคหนึ่งจากประกันว่า.ยังไงทางเราก็ต้องให้บริษัทเสียเงินน้อยที่สุดอยู่แล้ว ฉันได้ยินคำนี้ ฉันรู้สึกว่าเราจะมีประกันไปเพื่ออะไรวะ อยากรู้จริงๆ ว่าประกันนี้ บริษัทอะไรห่วยแตกมาก คือหวังแต่เงินประกันเราอย่างเดียวเหรอพอเวลาเราเดือดร้อนมันกลับช่วยบริษัทมันเอง ฝากแชร์ประสบการณ์ของครอบครัวนี้จริงๆ ฉันเห็นใจเค้าจริงๆ จะเลือกประกันอะไรก็ควรดูให้ดีก่อนตัดสินใจ ส่วนใครที่อยากจะช่วยเหลือครอบครัวของผู้เสียหายสามารถบริจาคเงินได้ที่บัญชี คุณรัชนี ทิมโต บัญชีเผื่อเรียก 052 12042729 0 สาขามโนรมย์ ธ.ออมสิน เหยื่ออุบัติเหตุ อัมพาตทั้งตัว แถมโดนประกันเบี้ยว 1 ปากโป้ง เหยื่ออุบัติเหตุ อัมพาตทั้งตัว แถมโดนประกันเบี้ยว 2 ปากโป้ง หมายเหตุ รายการปากโป้ง น่าจะบอกหน่อยว่าบริษัทอะไร เ ว มาก,"ผู้เสียหายได้รับเงินชดเชยเพียง 300 บาท จากจำนวนที่ควรได้รับตามกรมธรรม์ประกันชั้น 1 ทั้งค่าสินไหมทดแทนและค่ารักษาพยาบาล
บริษัทประกันที่ให้ความคุ้มครองเป็นบริษัทเดียวกับคู่กรณี ทำให้เกิดความไม่เป็นธรรมในการดำเนินการ claims
ผู้เสียหายระบุว่าได้ยินคำพูดจากเจ้าหน้าที่ประกันว่าต้องให้บริษัทเสียเงินน้อยที่สุด ซึ่งสะท้อนถึงความขัดแย้งทางผลประโยชน์
ครอบครัวผู้เสียหายขอความช่วยเหลือผ่านการบริจาคเพื่อเยียวยาผลกระทบจากการบาดเจ็บและปัญหาด้านการเคลมประกัน",eval,Hybrid,2013,31,4,7.75,0.4968591034412384,0.4313244819641113,0.5686755180358887
36602402,คุ้มครองพ่อแม่ยังไง ไม่ให้ถูกหลอกซื้อประกันชีวิต ทุกคนคงเคยได้ยินข่าว หรือที่มีคนออกมาโจมตีทางสังคมออนไลน์ว่า คนที่บ้าน โดยเฉพาะผู้สูงอายุ ถูกหลอก ให้ทำประกันชีวิต จากพนักงานขายตามธนาคาร ที่มักจะใช้คำพูดจูงใจประมาณว่าเป็น เงินฝากดอกเบี้ยสูง อยู่บ่อยๆ แต่เราก็ยังคงพบเห็นเรื่องราวประมาณนี้อยู่เป็นระยะ เอ๊ะ แล้วเราควรจะมีวิธีเตือน หรือแนะนำผู้สูงอายุที่บ้านอย่างไร เพื่อให้พวกท่านรู้เท่าทัน ไม่ให้ตกเป็นเหยื่อของการ ถูกหลอกซื้อประกันชีวิต จากคนเหล่านี้ หรือสามารถแยกแยะออกไว้ ว่าสิ่งที่พนักงานมานำเสนอ คือประกันชีวิตหรือไม่ ผมมี check list ง่ายๆ อยู่แค่ 4 ข้อ ให้ทุกคนสามารถกลับไปเตือนคุณพ่อคุณแม่ หรือผู้ใหญ่ที่บ้าน หรือแม้แต่ตัวเราเอง ให้นำไปใช้ตรวจสอบเวลาเจอใครมาแนะนำ ว่าเรากำลังถูกชักชวนให้ซื้อประกันชีวิตอยู่หรือไม่ ดังนี้ครับ 1. ถ้าฝากเงิน ดอกเบี้ยสูงแค่ไหน ก็ไม่ควรสูงเกินกว่า 3 เล่ห์กลอย่างแรกที่พนักงานขายมักจะใช้มาจูงใจเราก็คือคำว่า เงินฝาก ออมเงิน ดอกเบี้ยสูง ได้ดอกเบี้ยคืน ปีที่ xx สูงถึง 5 บางที 10 จนทำให้เราเผลอหลงคิดไปว่ามันเป็นการฝากเงินแบบฝากประจำ ที่ได้ดอกเบี้ยพิเศษสูงกว่าเงินฝากปกติ แต่ถ้าเรามีความรู้ทางการเงินสักนิด ก็จะเข้าใจว่า อัตราดอกเบี้ยเงินฝากนั้น อย่างเก่งก็ไม่เกิน 3 ต่อปี สำหรับเงินฝากประจำประมาณ 3 ปี หรืออาจจะสูงกว่านั้นนิดหน่อย แต่อาจจะมีเงื่อนไขว่าต้องฝากพ่วงกับซื้อผลิตภัณฑ์ทางการเงินอืนๆ แถมแนวโน้มอัตราดอกเบี้ยก็มีแต่ต่ำลงๆเรื่อยๆ เศรษฐกิจไม่ค่อยดี รัฐบาลก็มักจะลดอัตราดอกเบี้ยเพื่อกระตุ้นเศรษฐกิจ ดังนั้นถ้ามาเสนอตัวเลขดอกเบี้ยสูงๆ เกินกว่า 3 เนี่ย ให้สงสัยไว้ก่อนเลยว่ามันไม่น่าใช่เงินฝากแน่ๆ แล้วถ้ายิ่งสูงถึง 10 นี่ยิ่งเป็นไปไม่ได้ใหญ่ ไม่งั้นคนคงไม่เอาเงินไปลงทุน ไปเล่นหุ้นให้เสี่ยงกันไปทำไม ที่สำคัญ ตัวเลขที่เจ้าหน้าที่เรียกว่า ดอกเบี้ย พวกนั้น จริงๆมันก็ไม่ใช่ดอกเบี้ย แต่เป็น เงินคืน รายปีต่างหาก เพราะดอกเบี้ยที่เป็นผลตอบแทนของเรา ไม่ใช่ที่เราต้องจ่าย ยากมากที่จะมีโอกาสสูงถึง 10 ต่อปี จำไว้เสมอว่า อะไรที่ฟังแล้วดูดีเกินจริง มันมักจะไม่จริง ครับ 2. ถ้าฝากเงิน ฝากนานแค่ไหน ก็ไม่ควรนานเกินกว่า 5 ปี การฝากเงินในบัญชีเงินฝาก ระยะยาวที่สุดเท่าที่มี คือไม่เกิน 60 เดือน 5 ปี ซึ่งจะอยู่ในรูปของเงินฝากประจำ ดังนั้น ถ้าพนักงานมาบอกเราว่าต้องฝากเงินเกิน 5 ปี ให้สงสัยไว้ก่อนเลยว่าไม่น่าใช่เงินฝากแหงๆ ยิ่งถ้าฝากแล้ว ต้องรอรับเงินอีกหลายปี ไม่ใช่ฝากครบจำนวนเดือนแล้วจะถอนเงินมาได้เลย แบบนี้ค่อนข้างชัวร์ได้เลยว่าเป็นประกันชีวิตแน่ๆ หลักๆจำไว้ว่า ถ้าต้องฝากยาวๆ ยิ่งถ้าเกิน 5 ปีด้วยแล้ว เรากำลังถูกหลอกซื้อประกันชีวิตอยู่อย่างแน่นอน 3. เป็นการออมเงิน พ่วงกับการคุ้มครองชีวิตทุกกรณี ถ้าเป็นบัญชีเงินฝากจริงๆ จะต้องไม่มีการพ่วงการคุ้มครองชีวิตใดๆทั้งสิ้น ยกเว้นคุ้มครองชีวิตจากกรณีอุบัติเหตุ กรณีเดียว ซึ่งในกรณีนั้น ก็มักจะเป็นเงินฝากชนิดพิเศษที่พ่วงกับประกันอุบัติเหตุ ซึ่งก็ถือว่าเป็นเงินฝากจริงๆ แต่เป็นการพ่วงเข้ากับอีกโปรดักหนึ่ง ซึ่งก็คือประกันอุบัติเหตุ แต่ถ้าเจ้าหน้าที่มาแนะนำว่า เป็นเงินฝาก ที่มีการคุ้มครองชีวิต แถมให้ด้วยเฉยๆ แบบนี้สงสัยไว้ก่อนเลยว่ามันคือประกันชีวิต ซึ่งเป็นผลิตภัณฑ์ตัวเดียว ไม่ได้แยกกันเป็นเงินฝาก ประกัน อย่างแน่นอน 4. เอกสารตอนเจ้าหน้าที่มาให้เห็น จะมีคำว่า ผู้เอาประกัน ลงท้ายลายเซ็นอยู่ด้วย สุดท้าย ถ้าเจ้าหน้าที่จะให้เราทำธุรกรรม ก็จะต้องเอาเอกสารมาให้เราเซ็นยินยอม ดังนั้น สำคัญที่สุดคือ เตือนให้คุณพ่อคุณแม่ดูดีๆด้วยว่า มันเป็นเอกสารอะไร ถ้าเป็นการฝากเงิน เอกสารที่เซ็นก็ต้องเป็น เอกสาร แบบฟอร์มเปิดบัญชี เท่านั้น ถ้าเป็นเอกสารอย่างอื่นนั้นไม่ใช่การเปิดบัญชีออมเงินแน่ๆ ซึ่งถ้าเป็นการให้ทำประกันชีวิต เอกสารจะต้องเป็น ใบคำขอเอาประกันชีวิต และตรงส่วนที่จะให้เราเซ็นยินยอม จะต้องลงท้ายว่า ผู้เอาประกัน ด้วย ดังนั้น ตอนจะเซ็น ให้คุณพ่อคุณแม่ดูดีๆ ชัดๆเลย ว่าตัวเองกำลังจะเซ็นเอกสารอะไร มีคำว่า ประกัน อยู่หรือไม่ สละเวลา ด้วยความรอบคอบสักนิด ชีวิตจะปลอดภัยขึ้นอีกเยอะครับ นั่นก็คือแนวทางเล็กๆน้อยๆ ที่ทุกคนสามารถไปบอกให้คุณพ่อคุณแม่ ผู้ใหญ่ที่บ้าน หรือแม้แต่กับตัวเอง เพื่อให้ตรวจสอบได้ว่าเรากำลังถูกพนักงานชักชวนให้ทำประกันชีวิต หรือถูกหลอกซื้อประกันชีวิตอยู่หรือไม่ แต่อย่างไรก็ตาม อย่าเข้าใจผิดว่า การทำประกันชีวิตไม่ดี ควรหลีกหนีให้ห่างๆ ไม่ควรทำ เพราะอันที่จริง แม้กระทั่งสำหรับคุณพ่อคุณแม่เรา หรือคนที่เป็นผู้สูงอายุ ประกันชีวิต ก็อาจจะเป็นเครื่องมือที่ดีในการบริหารเงินได้ ที่อาจจะไม่ใช่การออมเงินระยะยาว แต่ อาจจะเป็นการทำเพื่อเน้นคุ้มครองชีวิต สร้างเงินมรดกที่แน่นอนให้ลูกหลาน สำหรับผู้สูงอายุ ที่อยากจะวางแผนทำพินัยกรรม แบ่งมรดกให้ลูกหลาน ก็อาจจะเหมาะสมกว่า ดังนั้น อยู่ที่เป้าหมาย หรือความต้องการด้วยครับ ว่าพวกท่านมีเป้าหมายหรือความต้องการที่จะบริหารเงินอย่างไร แต่ถ้าหากใคร หรือคุณพ่อคุณแม่ท่านไหน ที่เผลอ หรือหลงทำประกันชีวิตไปด้วยความเข้าใจผิดแล้ว จำไว้อย่างหนึ่งว่า เราสามารถขอยกเลิก กรมธรรม์ประกันชีวิต ที่เราเพิ่งทำไปได้ หลังจากที่ได้รับกรมธรรม์ไม่เกิน 15 วัน หรือที่เรียกว่า ช่วง Free Look Period โดยเมื่อรับกรมธรรม์ จะต้องมีเอกสารให้เราเซ็นรับกรมธรรม์ เราก็อย่าไปเซ็นยอมรับ เพื่อขอยกเลิกกรมธรรม์ซะ แต่ก็ต้องเสียค่าธรรมเนียมกรมธรรม์ 500 บาทด้วย ส่วนถ้าใคร เผลอทำประกันชีวิต หรือถูกหลอกซื้อประกันชีวิตไปแล้ว จากการที่ตรวจสอบแล้วว่า พนักงานหรือคนขาย หลอกลวงด้วยการให้ข้อมูลที่ไม่ตรงตามความเป็นจริง เช่น ระยะเวลาสัญญา 10 ปี แต่บอกว่าแค่ 3 ปี หรือ ประกันชีวิตไม่สามารถถอนเงินจากกรมธรรม์ได้ ถ้าไม่ใช่การกู้เงินกรมธรรม์ แต่บอกว่า ถอนได้เหมือนฝากเงิน ทำให้เกิดความเข้าใจผิดในการทำประกัน ก็สามารถฟ้องร้อง หรือร้องเรียนได้ที่ 1. สำนักงาน คปภ. คณะกรรมการกำกับและส่งเสริมการประกอบธุรกิจประกันภัย ใน 2 ช่องทางคือ สายด่วน คปภ. 1186 หรือที่ 2. ศูนย์คุ้มครองผู้ใช้บริการทางการเงิน ศคง. ใน 2 ช่องทาง คือ สายด่วน ศคง. 1213 หรือที่ สุดท้ายนี้ จำไว้เสมอว่า ต้องใส่ใจ อย่างรอบคอบ ทุกครั้งก่อนจะตัดสินใจทำธุรกรรมทางการเงินอะไรก็ตาม เพราะนั่นคือการคุ้มครองตัวเองที่ดีที่สุดนะครับ บทความจาก สนุกดอทคอม,"พนักงานขายอาจใช้คำว่า ""ดอกเบี้ยสูง"" หรือ ""เงินคืนรายปี"" เพื่อจูงใจ แต่ตัวเลขที่สูงเกิน 3% ต่อปีมักไม่ใช่ดอกเบี้ยจริงจากการฝากเงิน
การฝากเงินระยะยาวเกิน 5 ปีหรือต้องรอถอนนานหลายปีมักไม่ใช่เงินฝากประจำ แต่เป็นการขายประกันชีวิต
บัญชีเงินฝากจริงไม่มีการพ่วงคุ้มครองชีวิตทุกกรณี และเอกสารที่เซ็นควรระบุว่าเป็นการเปิดบัญชี ไม่ใช่ ""ผู้เอาประกัน""
หากพบว่าถูกหลอกให้ทำประกันโดยข้อมูลเท็จ สามารถยกเลิกภายใน 15 วัน (Free Look Period) หรือร้องเรียนได้ตามกฎหมาย",eval,Hybrid,2017,86,4,21.5,0.4541455507278442,0.6325132449467976,0.3674867550532024
40937204,ถึงเวลาแล้วหรือยัง ที่ AIA จะเพิ่มวงเงินค่าห้อง ในประกันสุขภาพเหมาจ่าย ไม่ได้มีส่วนได้ส่วนเสียกับบริษัทประกันเจ้าไหน เป็นแค่ลูกค้าโง่ ๆ ตัวเล็ก ๆ คนหนึ่ง ที่ได้เรียนรู้เรื่องประกันจากตัวแทนที่รอบรู้ ชอบ AIA ตรงที่มีลูกเล่นมากมาย ทั้งเรื่องการลงทุน Unit linked ที่มีกองทุนของตัวเอง หรือประกันที่กระตุ้นให้คนมาออกกำลังกายอย่าง Vitality แต่ติดอยู่อย่างเดียว ที่ทำให้รู้สึกว่า เป็นข้อด้อยมาก ๆ . คือ ประกันสุขภาพ ไม่ว่าตัวแม่จะเป็น Unit linked หรือ V80 หรือ 20 PLN ที่จ่ายแค่ 20 ปี หรือตัวไหน แต่ประกันสุขภาพไม่ตอบโจทย์เลยเจ้าา ถามว่าทำไมไม่ตอบโจทย์ อันดับแรก มาดูก่อนว่าประกันสุขภาพ ที่พอจะค้นหาจากทางเว็บได้ มีอะไรบ้าง. ที่เราเป็นลูกค้าเอง ก็ Health Happy ที่เป็นประกันเหมาจ่ายที่ดูโอเคสุดแล้ว มีตั้งแต่ 1 ล้าน 5 ล้าน 15 ล้าน จนถึง 25 ล้าน ซึ่งพอเทียบเบี้ยประกันกับหลาย ๆ เจ้า ก็รู้สึกว่าคุ้มค่า โดยเฉพาะเมื่อไปใส่ลูกเล่นอื่นอย่าง UL หรือ Vitality ที่มีส่วนลดจากการออกกำลังกาย ก็ยิ่งน่าสนใจ หรือถ้าประกันแบบ Premium หรูเลิศ ก็ต้องประกันแผน 60 ล้านกับ 120 ล้าน ที่ครอบคลุมต่างประเทศ แต่ถ้าเป็นพวก H S Extra หรือ Gold Plus อะไรนั่น ก็มีรายละเอียดยิบย่อยเยอะ เลยไม่อยากพูดถึง ตอนนี้ ขอมาโฟกัสตัวระดับธรรมดา ๆ ไม่ต้องไฮโซมาก แต่เป็นแบบเหมาจ่าย ที่คนน่าจะทำกันเยอะที่สุด. พอพูดถึง Health Happy ที่ขอเรียกย่อ ๆ ว่า HH ละกันนะคะ ซึ่งมี 1 5 15 25 . ฟังดู 25 ล้านคือหรูสุดเนอะ ส่วน 5 15 ล้าน ก็ดูกลาง ๆ แบบ โอเค รายได้ปานกลาง ไรงี้ ไม่หรูมาก แต่มาดูค่าห้องกัน อย่างเรา เลือกให้ตัวเอง โอเค 25M ฉันพอจ่ายได้ อายุน้อย ทำ Unit linked เอาเงินลงทุนไปโปะเพิ่ม ดีงาม ได้ค่าห้อง 900 บาทต่อคืน ก็พอไหว พอรับได้ ส่วนต่างก็จ่ายเองได้ ไม่เป็นไร แต่พอจะหาประกันสุขภาพระดับกลาง ๆ ค่อนล่าง ให้ญาติที่ไม่ได้มีกำลังจ่ายมาก แต่ก็พอจ่ายไหว โอเค เลือก HH 5 ล้านละกัน เทียบเบี้ยประกันกับเจ้าอื่น ทำเป็นตาราง Excel เอ้อ จ่ายรวมถึงอายุ 75 80 เบี้ยรวมคุ้มค่าสุด ก็ถือว่าไม่เลว. แต่ติดตรงที่ ค่าห้อง . ทำไมแค่ 300 บาทเองล่ะ มาดูกันนะคะ ว่าทำไมไม่โอเค อันนี้เรทที่โชว์อยู่ตามเว็บ ของปีที่แล้ว ต่ำสุด ๆ ก็ 2800 ซึ่งไปเช็คในเว็บ ก็ประมาณนี้แหละ ไม่มั่ว นี่คือตารางที่มีแจกทั่วไป ที่ไม่รู้ว่า ตรงเป๊ะขนาดไหน ส่วนนี่คือโรงพยาบาลใกล้บ้าน ที่ใช้บริการประจำ ราคาของห้องเดี่ยวธรรมดา 6020 น่าจะต้องหัก 1800 ที่อยู่ในส่วนบริการพยาบาลออกไป เหลือเพียง 4220 บาท. ถามว่า ประกันตัวไหนที่ครอบคลุมโรงพยาบาลส่วนใหญ่ . ต้องอย่างน้อย HH 15 ล้านขึ้นไป ที่คลุม 600 บาทเนอะ แล้วมาดูเจ้าอื่น ๆ อย่างปัจจุบัน ลุงเราทำของ Axa แบบ Smart 3 ล้านบาท มี OPD 1200 บาทต่อปี ค่าห้อง 5200 บาทต่อวัน ตั้งใจจะเปลี่ยนมา AIA. ซึ่งคำนวณโดยรวมแล้วคุ้มค่ากว่า แต่มาช็อกที่ ค่าห้อง อันนี้จะให้ดูของเจ้าอื่น ๆ ที่หาได้ทั่วไปตาม Google ดูสิ 3 และ 6 ล้าน คลุมค่าห้อง 5500 บาท 10 ล้าน ค่าห้อง 900 บาท ขณะที่ 5 ล้าน HH ค่าห้องได้แค่ 300 และ 15 ล้าน ค่าห้องแค่ 600 น่าน้อยใจจังเลย ความคุ้มครองรวมหลักแสน แต่ค่าห้องขั้นต่ำยังอยู่ที่ 400 บาท ยังไม่ได้ไปเจาะรายละเอียดค่าเบี้ย แต่ดูความไปด้วยกันของค่าห้องและค่าใช้จ่ายอื่นสิคะ ตัวนี้พอดีค้นเจอ เห็นน่าสนใจ ของ FWD ซึ่งก็ไปขอเบี้ยมาเทียบแล้ว แพงกว่า AIA แต่ถูกกว่า Axa . แผน 2 M ยังได้ค่าห้อง 3500 แผน 5 M ได้ค่าห้อง 700 บาท 5M ของ AIA ค่าห้องแค่ 300 มาต่อว่า อนาคตล่ะ สมมติ เงินเฟ้อปีละ 5 แต่ของค่ารักษาพยาบาลตีไปที่ 8 ปี ค่าห้องวันนี้ โรงพยาบาลใกล้บ้านเรา ค่าห้องอยู่ที่ 4220 บาทเนอะ เอาแบบใจดี คิดอัตราเงินเฟ้อแค่ 5 พอ คำนวณ PV 4220 Annual rate 5 Periods 20 ปี ใส่เครื่องคิดเลข ได้ Future Value ในอีก 20 ปีข้างหน้าได้ 11196.92 บาท แปลว่า ค่าห้อง 4220 ในวันนี้ อีก 20 ปีข้างหน้า อาจอยู่ที่ประมาณ 11200 บาท ซึ่งอาจมากกว่านี้ด้วยซ้ำ และถ้าคุณทำ Health Happy 5M วันนี้ ยังไม่พอ 400 500 บาทเลย เพราะครอบคลุมแค่ 300 บาท ทั้ง ๆ ที่เหมาจ่ายรวมตั้ง 5 ล้าน อีก 20 ปีข้างหน้า ต้องจ่ายส่วนต่าง 800 บาท เพื่อให้ถึง 1100 บาท หรืออย่างเรา ที่คิดว่า ทำตัวที่ดีสุดของ Health Happy ละนะ คือ HH 25 M ซึ่งครอบคลุม ค่าห้อง 900 บาท ยังต้องจ่ายส่วนต่างเลย นี่แค่โรงพยาบาลเอกชนระดับธรรมดา ๆ ยังไม่ได้พูดถึงเอกชนระดับพรีเมียมอื่น ๆ ที่ค่าห้องปัจจุบันราคา 900 100 นะคะ ไม่รู้อนาคตจะกี่หมื่น แล้วคิดดู เราทำประกันในวันนี้ หวังจะคลุมไปถึงอายุเยอะ ๆ แล้วมันจะครอบคลุมได้สักกี่ตังค์เชียว ตอนนี้อายุ 28 ทำประกันหวังครอบคลุมถึงอายุ 80 85 ก็ดูว่า 50 ปีข้างหน้า ค่าห้องจะเท่าไร แล้วที่ครอบคลุมอยู่ตอนนี้คือแค่ 900 บาท ไม่ต้องคำนวณก็รู้ว่าไม่พอขั้นต่ำหรอก แล้วทำไมบริษัทประกันถึงไม่ Update ค่าห้องให้มันทันยุคสมัยหน่อย ขั้นต่ำไม่ควรอยู่ที่ 1500 บาทแล้วค่ะ ราคาแค่นี้ นอนไม่ได้สักที่ ไม่ต้องกลัวว่าจะเลือกห้องหรูเกินจนวงเงินต่อปีจะไม่พอค่ารักษาพยาบาลหรอกค่ะ ค่ารักษาพยาบาลจะใช้ถึง 5 ล้านรึเปล่านี่ยังไม่รู้ รู้แต่ที่แน่ ๆ นอนรพ.ครั้งนึง ค่าห้องก็ต้องออกเองไปแล้วเกือบครึ่ง แล้วแบบนี้เราจะทำประกันไปเพื่ออะไร วงเงินตั้งเยอะ แต่ไม่ครอบคลุมค่าห้องเดี่ยวมาตรฐานด้วยซ้ำ ดีที่สุดก็กำหนดไปเลยย ว่าให้แค่ห้องมาตรฐาน หรือไม่ก็ มีการอัพเดทค่าห้องทุก ๆ 5 10 ปี โดยมีผลย้อนหลังหน่อยก็ดี ให้คนที่อุตส่าห์จ่ายตังค์ให้คุณต่อเนื่องมา 30 50 ปี ได้รับความคุ้มครองที่มันครบถ้วนหน่อย comment ไว้ให้คิดค่ะ ใครจะบอกว่า ถ้าอยากให้คลุม ก็ทำตัวแพง ๆ สิ. ก็ลองย้อนกลับไปดูเจ้าอื่น ๆ ที่ขั้นต่ำก็ 400 500 บาทแล้ว ตัวแพง โน่นน ควรเป็นหลักหมื่นถึงหลายหมื่นค่ะ ก็อยากจะอยู่กับ AIA ไปนาน ๆ หาประกันตัวดี ๆ ให้คนในครอบครัว ตัวเองไม่ได้ขาย แต่นั่งเลือกเองอย่างละเอียด แต่ถ้ามันไม่มีตัวที่ตอบโจทย์ ก็ ไปค่ะ แยกย้าย ปล. ไม่ใช่ตัวแทนประกัน ถ้าเข้าใจตรงไหนผิด ก็ชี้แนะได้ค่ะ และไม่ต้องหลังไมค์มาขายประกันนะคะ หาข้อมูลเกือบครบทุกเจ้า ทำตารางเปรียบเทียบและมีตัวแทนช่วยดูให้อยู่แล้วค่ะ แค่อยากมาบ่นให้ฟัง เผื่อจะไปถึงหูคนข้างบนบ้าง,"ค่าห้องในแผนประกันสุขภาพบางฉบับยังคงต่ำเมื่อเทียบกับต้นทุนการรักษาพยาบาลที่เพิ่มขึ้นตามอัตราเงินเฟ้อ
แม้ความคุ้มครองรวมจะสูงถึงหลักล้าน แต่ค่าห้องพักรายวันยังจำกัดที่ระดับ 300–900 บาท ซึ่งอาจไม่เพียงพอในอนาคต
การคำนวณคาดการณ์พบว่าค่าห้องพักรายวันอาจเพิ่มขึ้นเป็นประมาณ 11,200 บาทภายใน 20 ปีข้างหน้า หากอิงอัตราเงินเฟ้อ 5% ต่อปี
ผู้ร้องเรียนจึงเห็นว่าแผนประกันปัจจุบันยังไม่เพียงพอต่อความจำเป็นในระยะยาว โดยเฉพาะเมื่อต้องจ่ายส่วนต่างเพื่อให้ได้ค่าห้องที่เหมาะสม",eval,Hybrid,2021,102,4,25.5,0.5470693707466125,0.5242184400558472,0.4757815599441528
39494646,ทำประกันกับชับบ์สามัคคีภัย แต่เราไม่ได้ติดต่อเขามาร่วม2 เดือนวันนี้มาหักเงินและต้องการเงินคืน จะได้คืนมั้ย ซึ่งรายละเอียดมีพนักงานโทรมาขายประกันในราคา 320 บาทต่อเดือนโอเคร สนใจ พอสนใจก็มาบอกจ่ายล่วงหน้า 2 เดือน แต่ตอนโทรมาเป็นช่วงกลางเดือน เลยตกลงให้หักเงินช่วงปลายเดือน แต่พนักงานได้แจ้งว่า กรรมธรรม์จะคุ้มครองต่อเมื่อเราชำระเงินแล้ว แต่ถ้าไม่มีการชำระเงินเข้ามาก็ยังไม่คุ้มครอง พอสิ้นเดือน เราเริ่มที่มีปัญหาเรื่องเงิน ค่าใช้จ่ายเยอะ เลยไม่ได้เอาเงินไว้ให้หัก จนต้นเดือนที่ผ่านมา เป็นเดือนที่ 2 ที่ตกลงก็ไว้ ก็คิดว่าไม่มีเงินหักคงยกเลิกไปแล้ว แต่พอมาวันนี้ ได้มีเงินโอนเข้าบัญชีจำนวน 900 บาทซึ่งเป็นเงินที่เราต้องเอาไปจ่ายบริษัท กับมาหักเงินเราไป 640 คือโทไปโวยต้องการยกเลิกแล้วเอาเงินคืน แต่ทางคุณอุมาพร ได้แจ้งว่าดำเนินการ รอเช็คไฟล์เสียง ให้ส่งหลักฐานว่าหักเงินไปเท่าไหร่ตอนไหน ก็โวยไปหลายอยู่คราวนี้ก็ส่งเมล์ไป พอถามขอทราบว่าจะได้เงินคืนมั้ย ไม่ทราบค่ะ ไม่ทราบ พอส่งเสร็จให้รอ 10 นาที ว่าให้โทรเข้ามาใหม่ เจออีกคน บอกจะดำเนินการตรวจสอบให้ อาจจะได้เงินคืนวันนี้หรือภายใน 7 วัน รอไป คุณอุมาพร ที่น้ำเสียงไม่พอใจเพราะโดนโวยไป ติดต่อกลับมา ขอเช็คไฟล์เสียง แล้วจะติดต่อกลับพรุ่งนี้ เราอธิบายว่า เราต้องเอาเงินเข้าบริษัทเราไม่มีเงินมาซัพพอตที่จะมีเสียเงินตรงนี้ เราไม่พอใจที่หักเงินแบบไม่ถาม เพราะการตกลงทำมันทิ้งเวลาร่วม2 เดือนแล้ว พอติดต่ออีกที่เจอคุณจินตนา บอกว่ากรมธรรม์คุ้มครองแล้ว ตั้งแต่วันที่ 1 พ.ย. ที่ผ่าน จะได้เงินคืนแค่เดือนเดียว พูดห่าอะไรไม่รู้ นี่ถ้าเราไม่จ่ายครบปี แล้วเกิดอุบัติเหตุ คุณยังมีหน้าบอกว่าคุ้มครองอยู่มั้ย ทั้งที่ไม่ได้จ่ายเงิน บริษัทนี้หาเงินได้ แถมยังมีหน้าโทรมาขายอีก ข้อมูลไม่มีหรอว่าโดนด่าไปขนาดนั้น นี่ก็ไม่หวังจะได้เงินคืน เพราะพูดจนคอแห้ง ปากจะฉีกถึงรูหู ว่าจำเป็นต้องได้เงินส่วนนี้คืน กับมห้รอ ถ้าคิดว่าบริษัทดีช่วยคืนด้วยนะจ๊ะ แต่ถ้าคิดว่าหน้าด้านที่จะไม่คืน ขอให้เจริญๆ เอาของใครไปเท่าไหร่ ก็ช่มจมเท่านั้น ฝากถึงอุมาพรและจิตตนา น้ำเสียงไม่พอใจขนาดนั้น ขอให้โดนกับตัวนะจ๊ะ จะได้รู้สึก,"ผู้ร้องเรียนทำประกันกับชับบ์สามัคคีภัยโดยมีการตกลงชำระเงินล่วงหน้า 2 เดือน แต่ไม่สามารถชำระเงินในช่วงเวลาที่กำหนดเนื่องจากปัญหาการเงิน
บริษัทได้หักเงินจำนวน 640 บาทจากบัญชีในวันนี้ โดยผู้ร้องเรียนระบุว่าไม่ได้ติดต่อหรือยืนยันการใช้บริการมานานกว่า 2 เดือน
ผู้ร้องเรียนขอให้ยกเลิกกรมธรรม์และขอคืนเงิน แต่เจ้าหน้าที่แจ้งว่าต้องตรวจสอบไฟล์เสียงและหลักฐานการหักเงินก่อนจึงจะตอบกลับได้
ขณะนี้ยังไม่มีคำตอบชัดเจนเกี่ยวกับการคืนเงิน และผู้ร้องเรียนรอผลการตรวจสอบอยู่",eval,Hybrid,2019,38,4,9.5,0.4423677623271942,0.5150545438130696,0.4849454561869304
31467378,กรณีดิฉัน บริษัทประกันชีวิตจะเบี้ยว ไม่จ่ายเงินสินไหมไหม สมมุติว่า ร่างกายแข็งแรงมาตลอด อายุ 42 ก่อนทำประกันชีวิต ดิฉันทำงานด้านผู้ช่วยพยาบาล ดิฉันไม่เคยตรวจร่างกาย ไม่เคยเข้ารับการรักษาที่ รพ. ไหนเลย ปวดหัวก็ซื้อพารากิน ไปเจาะเลือดที่คลินิคบ้างบางครั้งผลก็ออกมาดีมาตลอด แล้ววันนึงดิฉันเกิดอยากทำประกันชีวิต ก็เลยไปทำไว้หนึ่งที่ ทำไว้หนึ่งกรมธรรม เป็นกรมธรรมที่คุ้มครองทรัพย์สิน บ้าน ต่อมาอีก 7 เดือน กรมธรรมและสัญญาต่างๆสมบูรณ์พอดี ตรวจสุขภาพก่อนทำตอนนั้นก็เป็นไปด้วยดี แต่หลังจาก 7 เดือน วันที่กรมธรรมเสร็จสมบูรณ์ ไม่นาน ประมาณ 2 อาทิตย์ ดิฉันเกิดรู้สึกปวดท้องอย่างแรง จึงไปที่คลินิคเพื่อปรึกษาว่าเป็นอะไร หมอก็บอกว่าเป็นโรคกระเพาะธรรมดา จึงให้ยามากิน และดิฉันก็กินยา แต่ก็ปวดท้องตลอดอีก ด้วยความมั่นใจว่าเป็นคนแข็งแรงเดี๋ยวก็หาย แต่ผ่านไปหนึ่งอาทิตย์ เริ่มสงสัยว่าทำไมไม่หาย จึงไปตรวจที่ รพ. A รัฐบาล .แล้วปรากฎว่าตรวจพบก้อนเนื้อที่บริเวณ แต่ยังไม่ได้วินิฉัยว่าเป็นโรคอะไร ผ่านไปอีก 1 เดือน ดิฉันไปทำการวิฉัยโรคเพื่อให้แน่ใจว่าเป็นโรคอะไรกันแน่ ที่ รพ. B รัฐบาล ผลปรากฏว่าก้อนเนื้อนั้นเป็นมะเร็งที่ตับ และหลังจากนั้นดิฉันไปเข้ารับการรักษาที่ รพ. C รัฐบาลแห่งหนึ่ง ตลอดเป็นเวลา 1 ปี ไม่ว่าจะเเป็นให้เคมีบำบัด ฉายแฉง ฯลฯ แล้วดิฉันก็เสียชีวิตด้วยโรคมะเร็งตับ ด้วยอายุ 44 ปี คำถาม ดิฉันจึงอยากทราบให้แน่ใจเฉยๆคะว่า กรณีนี้ลูกๆของดิฉันจะได้รับเงินค่าสินไหมทดแทนไหมคะ จะโดนปฏิเสธไหม .ถ้าโดน เพราะอะไรคะ แล้วถ้าโดนปฏิเสธลูกๆของดิฉันสามารถฟ้องร้องบริษัทประกันได้ไหมคะ เพราะก่อนทำประกัน ดิฉันแข็งแรง ปกติ และไม่เคยมีการรักษาที่ไหนจริงๆ แต่ดิฉันแค่สงสัยว่าดิฉันเสียชีวิตด้วยโรคมะเร็งเร็วไป ภายใน 1 ปีหลังอนุมัติกรมธรรม หรือไม่ มันผิดกฏขอไหนไหม แล้วทางบริษัทประกันจะตรวจสอบอะไรบ้างคะ ในกรณีของที่ดิฉันกล่าวไปทั้งหมด แล้วที่ ว่า ส่วนสำคัญ แล้วส่วนสำคัญของดิฉันคืออะไรคะ ปล. ดิฉันแค่เป็นห่วงลูกๆอะคะ กำลังเล็กๆอยู่อะคะ สามีดิฉันเสียไปนานแล้วคะ อยู่คนเดียว จึงเป็นห่วงว่าถ้าฉันตายเขาจะลำบากไหม. แต่ตอนนี้ยังไม่เป็นไร แค่อยากถามดูเผื่อวันนึงจะได้ทำประกันอะคะ แต่ถ้าสมมติ บริษัทประกันภัยที่ฉันทำไว้เป็นบริษัทต่างชาติ และเมื่อกรมธรรมภัยดิฉัยเสร็จสมบูรณ์แล้ว บริษัทนี้ถูก take over จากบริษัทอื่น แต่เมื่อบริษัทไหม่เข้ามาบริหาร เขาบริษัทไหม่ ก็ส่งจดหมายมาบอกว่าจะทำตามสัญญาเดิมที่มีอยู่ปกติในกรมธรรมชีวิตของดิฉัน คำถามคือ เขาจะมีอะไรเปลี่ยนแปลงอะไรกับกรมธรรมดันไหมคะ ช่วยชี้แจงด้วยนะคะ . ให้ความรู้ ขอให้ได้ความรู้เพิ่มขึ่นๆ คะ,"ผู้ร้องเรียนทำประกันชีวิตที่ครอบคลุมทรัพย์สินและบ้าน โดยมีการตรวจสุขภาพก่อนทำกรมธรรม์ซึ่งผ่านเกณฑ์
หลังจากกรมธรรม์เสร็จสมบูรณ์ประมาณ 2 สัปดาห์ เกิดอาการปวดท้องรุนแรง ตรวจพบก้อนเนื้อที่ตับ และภายหลังวินิจฉัยว่าเป็นมะเร็งตับ
ผู้ร้องเรียนได้รับการรักษาอย่างต่อเนื่องเป็นเวลา 1 ปี ก่อนเสียชีวิตด้วยโรคมะเร็งตับในวัย 44 ปี
ผู้ร้องเรียนสอบถามว่าลูกสาวจะได้รับเงินค่าสินไหมทดแทนหรือไม่ หากถูกปฏิเสธควรฟ้องร้องบริษัทประกันได้หรือไม่",eval,Hybrid,2014,50,4,12.5,0.4530902802944183,0.3520733912785848,0.6479266087214153
36571400,สอบถามตัวแทนของบริษัทประกันต่างๆหน่อยครับ สงสัยเกี่ยวกับการทำประกันครับ ก็เลยอยากจะถามเป็นข้อๆ ดังนี้ครับ 1. เคยได้ยินมาว่าบริษัทประกันจะไม่คุ้มครองโรคที่เป็นมาก่อนทำประกัน 2 ปี นี่หมายถึงอย่างไรครับ เช่น ถ้าก่อนทำประกันผมเคยเป็นโรคไข้หวัดใหญ่ แล้วรักษาในโรงพยาบาลจนหายดีแล้ว แล้วผมมาทำประกันไปประมาณปีนึงแล้วกลับมาป่วยเป็นไข้หวัดใหญ่อีกแล้วต้องนอนโรงพยาบาล อย่างนี้ประกันไม่จ่ายหรอครับ หรือว่าโรคที่เป็นกันบ่อยๆ เช่นอาหารเป็นพิษ คนเราก็อาจจะเป็นได้ปีละครั้งแบบนี้ประกันจะจ่ายไหม ถ้า ไม่จ่าย อย่างนี้เราก็ไม่สามารถเป็นโรคที่ต้องนอนโรงพยาบาลก่อนทำประกันได้เลยน่ะซิครับ ทั้งๆที่บางโรคอาจจะเป็นแล้วรักษาให้หายในครั้งนั้นๆได้เลย ที่ไม่ใช่โรคเรื้อรัง เช่น อาหารเป็นพิษ ลำไว้อักเสบ หรือผมเข้าใจผิดอะไรรึเปล่าครับ 2. สมมุติเรายังทำประกันไม่ถึง 2 ปี แล้วซื้อประกันเป็นแบบเหมาจ่าย เงื่อนไขคือจ่ายทุกโรค ที่ไม่ได้เป็นมาก่อนหน้าที่จะทำประกัน แล้วเราเกิดเจ็บป่วยต้องแอดมิท หรือ ต้องผ่าตัด ไม่ว่าจะเป็นโรคอะไรก็ตาม อาจจะเป็นโรคทั่วๆไปที่คนอื่นก็เป็นๆกัน เช่น อาหารเป็นพิษ ลำไส้อักเสบ ฯลฯ ไม่ว่าจะเป็นโรคทั่วๆไป แบบนี้ก็ต้องทำเรื่องเช็คประวัติก่อนเคลมทุกครั้งเลยหรอ แล้วเป็นทุกบริษัทรึเปล่า 3. จากข้อ2 ถ้าต้องเช็คประวัติทุกครั้งที่แอดมิทก็แย่น่ะซิครับ เพราะว่าในขณะที่เค้าขอเช็คประวัติ ไม่เกิน 90 วัน ดังนั้น เราก็ต้ออสำรองจ่ายไปก่อนโดยที่เราไม่รู้จะเบิกเคลมได้หรือไม่ได้ อย่างงี้คนที่หาเช้ากินค่ำก็แย่เลยเพราะไม่สามารถตัดสินใจอะไรได้เลย เช่น ญาติผมปวดท้องมาก ถ่ายเหลววันละ 6 7 รอบ เป็นมา 3 4 วันแล้ว ก็เลยไปแอดมิทที่รพ. แล้วหมอจะให้ส่องกล้อง คชจ.ส่องกล้องเป็นหมื่น แล้วทางรพ. ทำ faxเคลม แต่เค้าบอกว่าขอเช็คประวัติ ไม่เกิน 90 วัน แต่พี่เค้าปวดท้องมากจะให้มารอ 90 วันได้ซะที่ไหน เค้าก็ตัดสินใจไม่ได้เพราะมัวแต่รอประกันเช็คประวัติ สุดท้ายทนไม่ไหวก็เลยส่องไป แล้วถ้าสรุปว่าเบิกไม่ได้ ก็ต้องมากู้หนี้ยืมสินมาจ่ายค่ารักษาอีก เพราะที่ทำประกันก็เพื่อต้องการแบ่งเบาภาระ ไม่ใช่เพิ่มภาระ ถ้ารู้ว่าเบิกไม่ได้จะได้ไปเข้ารพ.ประกันสังคม แต่นี่มาเข้ารพ.เอกชนเพราะว่าทำประกันไว้ แต่ถ้าประกันไม่จ่ายนี่ก็เศร้าเลย รบกวนตัวแทนประกันของบ.ต่างๆตอบเป็นข้อๆด้วยนะครับ จะได้เคลียร์ทุกข้อสงสัย โดยเฉพาะกรุงไทย แอ็กซ่า พี่ทำประกันของที่นี่อยู่ เคยถามตัวแทนเค้าก็บอกว่าทุกที่ก็เป็นแบบนี้แหละ เป็นไปตามขั้นตอนของเค้า,"ผู้ร้องเรียนสอบถามเกี่ยวกับการเคลมประกันสุขภาพเมื่อเจ็บป่วยซ้ำหลังทำประกันไปแล้ว 1 ปี โดยเฉพาะโรคที่ไม่ใช่เรื้อรัง เช่น ไข้หวัดใหญ่ อาหารเป็นพิษ และลำไส้อักเสบ
ผู้ร้องเรียนกังวลว่าหากเจ็บป่วยก่อนครบ 2 ปี อาจไม่ได้รับการคุ้มครอง เนื่องจากต้องตรวจสอบประวัติการเจ็บป่วยก่อนทำประกัน
ผู้ร้องเรียนตั้งคำถามว่า หากซื้อประกันแบบเหมาจ่ายที่ระบุว่าคุ้มครองทุกโรคที่ไม่เคยเป็นมาก่อน จะต้องตรวจสอบประวัติทุกครั้งก่อนเคลมหรือไม่
ผู้ร้องเรียนขอ clarification เพื่อความเข้าใจในเงื่อนไขการคุ้มครองของกรมธรรม์ประกัน",eval,Hybrid,2017,43,4,10.75,0.4383930265903473,0.6578896840413411,0.3421103159586589
30043098,ขอร้องเรียน ธนชาติ ประกันภัย เรื่องเกิดสดๆร้อนๆเมื่อ 10 นาทีก่อน แจ้งเคลมรอบคัน เจ้าหน้าที่บอกอยู่อีกที่หนึ่ง ซึ่งไม่ไกล อีกนานกว่าจะมา ติดเคส พอโทรไปใหม่ เจ้าหน้าที่ก็โผล่มาภายใน 10 นาทีหลัง อันนี้ความผิดแรกคือ โกหก พอมาถึง ตามประเภณีธนชาต พูดจาหมาไม่แดก และ ลักษณะเหมือนเมาเหล้า เหมือนเมาจริงๆ จากนั้นบอกให้ถ่ายรูปตรงไหนก็ไม่ยอมถ่าย เหมือนไม่อยากทำงาน คงรบกวนเวลาดื่มเหล้ามัน แล้วมาให้บอกว่าแผลนี้เกิดวันที่เท่าไหร่ ใครจะจำได้ พอจำไม่ได้ก็บอกให้ลูกค้าเขียนเอง หา ทำไมต้องเขียนเองเนี่ย ใครเป็นลูกค้าว่ะ ก็เลยบอกว่า คุณเป็นพนักงาน คุณต้องเขียนให้ลูกค้า เจ้าหน้าที่ตอบ งั้นก็ไม่ทำให้ หา อะไรเนี่ย ทางเราเลยบอก งั้นคงต้องร้องเรียน คุณชื่ออะไร มันบอก ไม่จำเป็นต้องบอก ไม่ต้องให้ แล้วก็หุนหัน ไม่พอใจ ทำท่าเหมือนจะเอาเรื่อง แล้วก็ขับรถ โตโยต้า วิออส ทะเบียน ญล 2137 ออกไป โห อะไรเนี่ย เกิดมาเพิ่งเคยเจอเจ้าหน้าที่ๆมารยาททรามได้ขนาดนี้ นี่มันยิ่งกว่าหมาอีกนะเนี่ย นี่ลูกค้า เสียเงินน่ะโว้ย อยากทราบว่า 1.ทาง ธนชาต ประกันภัย จะรับผิดชอบกับูกค้าอย่างไร 2.ทาง ธนชาต จะดำเนินกับเจ้าหน้าที่ ตัว นี้อย่างไร ถ้าบริษัทคุณยังจ้างคนแบบนี้ รับรองว่า เจ๊ง เพราะเราจะร้องเรียนทุกอย่างที่เราทำได้ 3.เจ้าหน้าที่ตัวนี้ จะมาทำร้ายเราหรือไม่ ถ้าทางเราเจ็บตัว คงฟ้องร้องกันยาว ถ้าทาง ธนชาต เห็น กรุณาติดต่อด่วน ทางกระทู้นี้หรือ PM ด่วน เพิ่มเติม เหตุเกิด ณ หมู่บ้านหนึ่ง ณ ถ.บางกรวย ไทรน้อย อ.บางบัวทอง มีพยานเห็นเหตุการณ์จำนวนหนึ่ง รูปพรรณสันฐานพนักงาน ตัวสูงใหญ่ ผมหยิก ใส่เสื้อลายสก็อต กางเกงขายาว มากับเพื่อนอีกคนหนึ่ง ตัวอ้วนท้วม รูปร่างเล็กกว่า เบอร์ที่โทรมา 089 122 0831 085 99 6040 แจ้งไว้เป็นหลักฐาน,"ผู้ร้องเรียนระบุว่าได้รับบริการจากเจ้าหน้าที่ธนชาต ประกันภัย ซึ่งมีพฤติกรรมไม่เหมาะสมและขาดมารยาทในการปฏิบัติงาน
เจ้าหน้าที่ดังกล่าวมีลักษณะรูปร่างสูงใหญ่ ผมหยิก ใส่เสื้อลายสก็อต และมากับเพื่อนอีกคน พร้อมระบุข้อมูลเบอร์โทรศัพท์เพื่อใช้เป็นหลักฐาน
ผู้ร้องเรียนแสดงความกังวลเกี่ยวกับความปลอดภัย และขอให้บริษัทดำเนินการตรวจสอบเจ้าหน้าที่ดังกล่าวอย่างเร่งด่วน
ผู้ร้องเรียนระบุว่าจะดำเนินการร้องเรียนต่อหน่วยงานที่เกี่ยวข้องหากไม่ได้รับการแก้ไขอย่างเหมาะสม",eval,Hybrid,2013,45,4,11.25,0.3816067576408386,0.4749638239542643,0.5250361760457357
40051907,เคลมประกัน. สินมั่นคง. ต้องรอให้ว่างก่อน ผมทำประกันกับสินมั่นคง. ประเภทชั้น 1. ซ่อมห้าง. เพื่อนคงรู้ว่าแพง ทำมาหลายปีแล้ว ไม่ค่อยอยากใช้ประกันหรอก. จนเมื่อวันก่อน. ถอยรถชนเสา. ไม่ได้เรียกประกันทันที. เพราะเห็นว่าไม่มีคู่กรณี. กะว่าเข้าซ่อมก็ค่อยเรียก. จนวันนี้. ได้ฤกษ์ดี. ก็เข้าศูนย์ตรวจสภาพแล้วจะซ่อมรถเลย. พอถึงศูนย์บริการ. ก็โทรแจ้ง. สินมั่นคง. เบอร์ด่วนที่เขาให้ไว้แหละ. พอแจ้งแล้วสิ่งที่ได้รับบริการคือ. คำตอบว่า. วันนี้ไม่ว่าง. โอ้แม่เจ้าเว้ย. ตอนจ่ายเงินไม่เห็นโยกโย้ปานนี้. ขนาดประกันชั้น 1 แล้ว.ยังไม่สนใจบอกว่าพรุ่งนี้ถึงจะมาดูให้ ถ้าเป็นอุบัติเหตุ. รถก็ติดกันตายซิ. . เลยมาเล่าสู่กันฟังว่า. ขนาดประกันชั้น. 1 ยังต้องรอเคลมอีกวัน. ถ้าชั้นอื่นๆ. คงอาจจะต้อง. อาทิตย์หน้าเลย นี่หรือ. บริการที่ได้รับจาก. สินมั่นคง. .,"บริษัทประกันไม่สามารถ安排เจ้าหน้าที่มาตรวจสอบความเสียหายได้ในวันที่แจ้ง
แม้เป็นกรมธรรม์ประกันชั้น 1 ก็ยังต้องรออีกหนึ่งวันจึงจะดำเนินการ
ผู้ร้องเรียนแสดงความไม่พอใจต่อการให้บริการที่ล่าช้าและขาดความรับผิดชอบ
ระบุว่าหากเกิดอุบัติเหตุจริง สถานการณ์อาจรุนแรงขึ้นจากการไม่ได้รับการช่วยเหลือทันที",eval,Hybrid,2020,37,4,9.25,0.4150822460651397,0.5236140886942545,0.4763859113057455
34273682,อยากถามว่าประกันสุขภาพตรงใจ 12PL ของกรุงไทย แอกซ่า เคลมได้จริงมั้ยคะ เมื่อวานนี้ระหว่างเดินห้างบิ๊กซีแถวบ้านก็มีตัวแทนจากบู๊ทมาแนะนำประกันนี้ ดูแล้วก็รู้สึกคุ้มดี ให้ค่าเคลมเยอะดี แถมมีปันผล 6 เบี้ยรายปีประมาณ 1800 จ่าย 12 ปี หลังจากนั้นก็ได้ความคุ้มครองเมื่อตายเท่าเดิมจนอายุ 85 ปีถ้ายังแช่เงินไว้ แต่เรื่องประกันค่าใช้จ่ายที่โรงพยาบาลต้องซื้อเพิ่มแต่จะถูกกว่าช่วงแรก ถ้าจะถอนก่อนไม่ขาดทุนต้องแช่เงินไปอย่างน้อย 17 ปีจากในกระทู้พันทิป พอมาเปิดอ่านในเวปก็มีบางเคสบ่นว่าเคลมยาก เลยลังเลใจและตัดสินใจขอเงินคืนก่อน ซึ่งโชคดีว่าตอนจ่ายเงินมันเวลาทุ่มกว่าแบงต์ปิดไปแล้ว น้องเขาก็เลยไม่ได้เอาเงินไปเข้า วันนี้ก็เลยได้คืนมาเป็นเงินสดเลย แต่ก็ยังรู้สึกชอบการพูดคุย อธิบาย ดูจริงใจค่ะ และแม้แต่เวลาขอยกเลิกไปน้องตัวแทนผู้ชาย ก็พูดจาดี ไม่มีอิดเอื้อนพยายามยื้อเลย ดูหน้าผิดหวังแต่ก็บอกว่าเอาที่พี่สบายใจ น้องตัวแทนขายเขาเป็นหน่วยเคลมพอดีเลย ก็เลยไม่รู้ว่าที่เราตัดสินใจยกเลิกไปนี่น่าเสียดายรึเปล่า อยากถามผู้เคยเคลมประกันอุบัติเหตุของกรุงไทย แอกซ่าว่าได้ตามที่เขียนไว้ในกรมธรรม์มั้ยคะ แล้วมีคำพูดอะไรที่ออกแนวบิดๆเช่นบอกว่าได้ 70 ของค่าผ่าตัดทั้งหมด รวมทุกอย่างแล้วไม่เกินจำนวนสูงสุด แต่พอจริงๆกลับมีเงื่อนไขอะไรอีก น้องเขาว่าได้แค่ 40 คนแรกที่มาสมัครที่บู๊ท 65000 บาท ครั้งเชียวนะคะ อันนี้น้องเขาบอกว่าไม่ต้องสำรอง มีปัญหาอะไรโทรหาเขาได้ เขาจะคุยกับหมอเอง เพราะเขาเป็นหน่วยเคลม ตอนจะกลับขอนามบัตรน้องเขาแต่เขาก็ให้มาเป็นแผ่นข้างล่างนี่แทน ซึ่งเบอร์โทรด้านล่างไม่ใช่ของน้องเขาค่ะ ที่ไม่ชอบอยู่อย่างเดียวคือ ไม่ชอบการที่เราตกลงใจเซ็นต์อะไรไป จ่ายเงินไป ถ่ายสำเนาบัตรปปช. บุ๊กแบงค์ไป แต่กลับไม่มีเอกสารตารางเงินเวนคืน ตารางผลประโยชน์ในรายละเอียดเลย สัญญาเงื่อนไขต่างๆก็ไม่มี มีแต่ใบเสร็จ บอกว่าที่อธิบายมาครบหมดแล้ว จะได้อ่านอีกทีก็ตอนกรมธรรม์ออก ยกเลิกก็ต้องเสียไป 300 บาท ให้เวลาไปตัดสินใจเอง คืนเงินเป็นเช็คได้ถ้าเปลี่ยนใจ ทีแรกกลัวตรงที่คืนเงินนี่ล่ะ กลัวกว่าจะยื้อ แต่ปรากฏว่าก็ได้คืนง่ายๆ ไม่มีปัญหาเลย อันนี้อาจจะแล้วแต่ผู้แทน คือจะให้ดีน่าจะให้เวลาเราตัดสินใจก่อนเซ็นต์สัญญาและจ่ายเงิน อาจจะเร่งโดยบอกว่า 40 คนแรก ได้ 70 ของค่าผ่าตัดด้วยนะ อะไรแบบนี้ แล้วตอนจ่ายเงินไปวันแรกก็มีถ่ายรูปกับกลุ่มตัวแทนที่มา มีน้องอีกคนคลี่ธนบัตรโชว์กล้องด้วย อันนี้เขาทำไปเพื่ออะไรคะ,"ผู้ร้องเรียนได้ซื้อผลิตภัณฑ์ประกันพร้อมผลตอบแทนรายปี แต่ต้องจ่ายเงินค่าประกันเพิ่มเติมสำหรับค่าใช้จ่ายโรงพยาบาล
มีความกังวลเกี่ยวกับการเคลมที่อาจทำได้ยาก และไม่ได้รับเอกสารรายละเอียดผลประโยชน์หรือเงื่อนไขสัญญาอย่างชัดเจนก่อนเซ็นสัญญา
แม้จะสามารถขอคืนเงินได้ง่ายและไม่มีการยื้อ แต่รู้สึกไม่สบายใจกับกระบวนการที่ดูเร่งรีบและขาดความโปร่งใส
ผู้ร้องเรียนจึงต้องการสอบถามประสบการณ์จากผู้อื่นเกี่ยวกับการเคลมประกันอุบัติเหตุของบริษัทนี้ว่าได้ตามที่โฆษณาหรือไม่",eval,Hybrid,2015,40,4,10.0,0.4594699442386627,0.5434464613596598,0.4565535386403402
33651986,คุณพ่อโดนรถชน สุดท้ายประกันบอกแบบนี้. เมื่อวันที่ 8 5 58 เวลาประมาน 19.00 น. คุณพ่อขี่จักรยานแม่บ้านไปซื้อของในหมู่บ้าน ถูกรถฟอร์จูนเนอร์สีขาวชนจนล้ม แต่คุณพ่อกระโดดทิ้งจักรยานทัน เลยบาดเจ็บนิดหน่อย ไม่ได้ไปหาหมอ รถที่ชนเรียกประกันมา เป็นประกันภัยของธนาคารแห่งหนึ่ง ประกันมาออกใบเคลมตามรูป ประกันแจ้งว่า ให้เราเอาจักรยานไปาร้านซ่อมตีราคาแล้วแจ้งกลับไปที่บริษัทเพื่อพิจารณาอนุมัติซ่อมหลังเกิดเหตุ 4 วัน เราก็เอาจักรยานไปให้ร้านซ่อมแถวบ้านดู บอกว่าตามในใบเคลมสามารถเปลี่ยนอะไหล่ได้ แต่มีปัญหาที่ตังโครงรถ มันเบี้ยวถ้าดัดขี่ไปโซ่ก็หลุดอยู่ดี ซ่อมไม่คุ้มหรอกหนู ก็เลยแบกกลับมา ครั้งแรก โทรไป ประกันบอกยังไม่ได้รับข้อมูลให้โทรกลับไปใหม่วันรุ่งขึ้น ครั้งที่ 2 โทรไปแจ้งตามที่ร้านซ่อมบอก ถ้าไม่เชื่อให้ประกันมาเอาไปซ่อมดีกว่า เพราะพ่อก็เจ็บด้วยไม่รู้จะเอาไปหาที่ซ่อมยังไง ประกันบอกว่าให้ไปหาราคาจักรยานตามรุ่นของเรา แล้วเสนอมาอีกครั้ง อาจจะทดแทนค่าสินไหมเป็นเงินสด ตามที่เสียหายจริง เราก็ไปดูราคาที่บิ๊กซี LA ล้อ 24 นิ้ว ราคา 2890 บาท ครั้งที่ 3 โทรไปแจ้งราคาประกันบอกว่าขอพิจารณาก่อน เดี๋ยวจะติดต่อกลับไป จนวันรุ่งขึ้นไม่ติดต่อกลับมา ครั้งที่ 4 เลยโทรไปตาม ประกันบอกว่า ให้ได้ 200 บาท ใช้มา 3 ปีแล้วต้องหักค่าเสื่อมนี่ถือว่าได้มากแล้ว ถ้าเป็นไปได้ให้คุณพ่อมารับเงินที่สำนักงานตรงพระราม 9 มาถึงตรงนี้เรามีคำถามว่า 1.การที่พ่อเราขี่จักรยาน เป็นฝ่ายถูก แล้วเค้ามาชนจนบาดเจ็บ และจักรยานเสียหาย หน้าที่ที่ต้องเอาจักรยานไปซ่อมนี่เป็นหน้าที่เราเหรอคะ 2.กรณีที่ร้านเค้าไม่ซ่อมให้ เค้าจะคืนสินไหมให้เป็นเงินเหรอคะ ไม่ใช่ว่าเค้าจะจัดหารถคันใหม่ อาจจะเป็นมือ 2 มาให้แทนเหรอคะ 3.ในกรณีนี้ เราควรรับ 200 นี้ไว้มั้ย หรือว่าเค้าเอาเปรียบเราเกินไป ทั้งต้องไปหาซื้อรถคันใหม่ และยังต้องนั่งรถไปรับเงินเองอีกทั้งที่บ้านอยู่ไกล 4.การที่คุณพ่อบาดเจ็บอยู่ แต่ประกันให้ฝ่ายเราจัดการเองทั้งหมดนี่ถูกต้องแล้วใช่มั้ยคะ ในความรู้สึกเรา รู้สึกว่าไม่ค่อยยุติธรรมเท่าไร เราน่าจะได้รับการอำนวยความสะดวกที่ดีกว่านี้ พ่อเรา จักรยานเราก็อยู่ดีๆ แล้วเค้ามาชน ถ้าไม่มาชนพ่อก็ไม่เจ็บ จักรยานก็ยังใช้ได้อีกนาน เพื่อนๆ ว่าเราควรทำอย่างไรดี ขอบคุณมากๆ ค่ะ,"ผู้ร้องแจ้งเหตุการณ์อุบัติเหตุที่พ่อขี่จักรยานถูกรถชนจนบาดเจ็บและจักรยานเสียหาย พร้อมดำเนินการตามขั้นตอนที่บริษัทประกันแนะนำ
บริษัทประกันขอให้ผู้ร้องหาข้อมูลราคาจักรยานรุ่นเดียวกันจากแหล่งอื่น และเสนอราคาเพื่อพิจารณาชดเชยเป็นเงินสด
เมื่อนำราคาจากบิ๊กซีมาเสนอ ประกันกลับเสนอชดเชยเพียง 200 บาท โดยอ้างว่าจักรยานใช้งานมา 3 ปี จึงต้องหักค่าเสื่อม และให้ผู้ร้องไปรับเงินเองที่สำนักงาน
ผู้ร้องรู้สึกว่ากระบวนการไม่เป็นธรรม เนื่องจากต้องรับภาระในการดำเนินการทั้งหมดโดยไม่ได้รับความสะดวกหรือการช่วยเหลือที่เหมาะสม",eval,Hybrid,2015,42,4,10.5,0.4533512890338897,0.5842755635579426,0.4157244364420573
36089308,ออก nissan almera sportech มา5วันประกันไม่คุ้มครองทำไงดีคะ เนื่องจากทางเราชื้อรถ nissan almera sportech เมื่อวันที่ 31 1 2560 จากศูนย์สยามนิสสันสมุทรสาคร สาขาปตท. รถป้ายแดง เราซื้อรถ nissan almera รุ่น sportech วันที่ 31 1 2560 ออกรถวันนั้นตอนเที่ยงกว่าๆค่ะจริงๆแล้วนับรับ9 โมงเช้าแต่เซลไม่ได้แจ้งเราว่ารถยังแต่งไม่เสร็จค่ะ ตอนที่โทรตามเห็นคุยๆกับเจ้าของร้านเจ้ๆ คือสงสัยค่ะว่ารถไม่ได้แต่งเรียบร้อยตั้งแต่ในโชรูมหรอค้ะ พอรับรถเซ็นสัญญาอะไรเกือบเสร็จแล้วใบสุดท้ายจะเป็นหนังสือส่วนลดอะไรนี่แหละค่ะว่าทางนิสสันช่วยดาวน์ 600 บาทแต่ตามความเป็นจริงแล้วคือเซลช่วยแค่ 5500 บาทค่ะ ถามว่าแล้วส่วนที่เหลือหายไปไหนเซลบอกอ่อก็ค่าประกันค่านู่นนี่แหละค่ะ เราก็ถามนะว่าประกันฟรี ชุดแต่งฟรีหนิ ทำไมหัก นางก็บอกว่าทางเซลไม่ได้อะไรจริงๆค่ะเลยโอเคๆเอาไปเถอะ อ้ะะ แล้ววันนั้นก็เอารถออกเป็นที่เรียบร้อย ก่อนกลับได้ค่าน้ำมัน 500บาทค่ะ รถไม่ได้ล้างให้นะคะ แอบเฟลตรงที่ไม่ล้างให้ด้วยนี่แหละ แล้วมีการมาอ้างว่าลูกค้ารีบรับรถ ใช่ค่ะรีบค่ะเซลนัดรับ 09.00น. แต่ได้รับรถเที่ยงกว่าๆ บริการเยี่ยมไปเลยค่าา พอจะออกจากศูนย์เซลนางมาย้ำด้วยนะว่าถ้าเกิดอุบัติเหตุให้โทรแจ้งทางเซลก่อนค่อยเรียกประกันเราก็งงแต่ก็คิดว่าคงเป็นเซอร์วิชของเค้าแหละมั้งเลยโอเคค่ะๆ มาถึงวันที่5 2 2560 พระเจ้าา รถชั้นไปสอยตูดรถเค้าแล้วไงล้ะ เลยรีบโทรหาเซลเลยค่ะ นางก็คุยกับประกันนู่นนี่แล้วก็ให้เราบอกประกันว่าได้รถเช้า 5 2 2560นะ ให้บอกแบบนี้ว่าพึ่งรับรถแล้วชนเลย เราก็โอเคบอกประกันตามนั้น ซักพักค่ะประกันมา ประกันบอกว่ายังไม่ได้ส่งเอกสารขอประกันยังไม่มีเลขกรมทัน แต่จะต้องรอกรมทันออนไลน์2วัน เราก็เอาตามนั้นแหละค่ะ พอมาวันที่7 2 2560 ก็2วันแล้วเลยติดต่อไปถามประกันว่าได้เลขหรือยัง ประกันบอกยังไม่ได้รับ เราก็ไปตามเอากับเซลนางบอกว่าส่งเรื่องไปแล้ว ทางศูนย์รถที่เรามารอเคลมเลยโทรเช็คกับบริษัทรประกันให้ ทางประกันบอกว่ายังไม่มีการแจ้งใดๆเข้ามาทั้งสิ้น ทีนี้ทำไงล่ะค้ะโทรหาเซลค่ะ นางบอกว่าให้รอ15วัน เราก็ถามนะว่าทำอะไรไม่ได้แล้วหรอ นางบอกใช่ต้องรอ พูดจาปัดลูกค้ามาก แต่ยังดีนะคะที่เจ้าหน้าที่ศูนย์เค้าช่วยตามให้คนตอนนี้ทางเซลส่งหมายเลขรับประกันให้แล้ว เจอแบบนี้แย่นะคะ เราควรทำยังไงกับทางศูนย์นี้ดีคะ เราสามารถเรียกร้องอะไรได้มั้ยค้ะ ไม่อยากให้คนอื่นต้องมาเจอ เซลแย่ๆผจก.ศูนย์แย่ๆ ปล.มีอะไรมากกว่านี้เดี๋ยวจะมาเล่าต่อนะคะ,"ลูกค้ารับรถ Nissan Almera Sportech ในวันที่ 31 มกราคม 2560 โดยมีการนัดหมายรับรถเวลา 09.00 น. แต่ได้รับรถจริงในช่วงเที่ยง และพบว่ารถยังไม่ได้แต่งเรียบร้อย
มีข้อพิพาทเรื่องส่วนลดดาวน์ที่ระบุว่าได้รับ 600 บาท จากนิสสัน แต่ความจริงแล้วเซลล์ช่วยเพียง 5,500 บาท โดยอ้างว่าส่วนต่างถูกหักไปเป็นค่าประกันและชุดแต่งฟรี
หลังจากเกิดอุบัติเหตุในวันที่ 5 กุมภาพันธ์ 2560 ลูกค้ารายงานเหตุการณ์ตามคำแนะนำของเซลล์ โดยระบุว่าเพิ่งรับรถมาใหม่ เพื่อให้เคลมประกันได้
อย่างไรก็ตาม หลังจากผ่านไปสองวัน เจ้าหน้าที่ประกันยังไม่ได้รับเอกสารหรือเลขกรมธรรม์ใด ๆ จากศูนย์บริการ",eval,Hybrid,2017,33,4,8.25,0.5159773230552673,0.6359503269195557,0.3640496730804443
33430265,ขอคืนเบี้ยประกัน ประกันเมืองไทยวัยเก๋า คุณแม่ผมทำประกันไว้กับโครงการเมืองไทยวัยเก๋า โดยชำระเบี้ยประกันรายเดือน ซึ่งก่อนทำก็ได้อ่านข้อกำหนดของประกันชีวิต และทราบพอประมาณว่า 1.เสียชีวิตก่อน 2 ปี ได้เงินคืน 102 ของเบี้ยประกันที่ชำระไปแล้ว 2.เสียชีวิตหลัง 2 ปี ได้งิน 100 ของทุนประกัน เรื่องคือเมื่อต้นสัปดาห์ที่ผ่านมา ผู้เอาประกันเสียชีวิต ก่อน 2 ปี ทางแม่ก็เลยจะไปขอเงินค่าเบี้ยประกันที่ชำระไปแล้ว ขอเวนคืนเงินประกัน แต่ตัวแทนประกันแจ้งว่า แม่จะไม่ได้เงินใดคืนเลยทั้งนั้นเพราะว่าจากการตรวจสอบแม่ขาดส่งเบี้ยประกันไป 1 เดือน เดือน ธ.ค. แต่แม่ได้ส่งย้อนหลังไปแล้วในเดือน ม.ค. และ ก.พ. แต่เดือน มี.ค. กำหนดชำระวันที่ 12 ที่ผ่านมา แม่ผมยังไม่ได้ชำระ ด้วยเหตุผลนี้ตัวแทนที่ขายประกันเลยแจ้งว่า เขาไม่สามารถคืนเงินค่าเบี้ยประกันที่ชำระไปแล้วได้ เพราะแม่ผมผิดสัญญาคือไม่ได้ชำระทุกเดือน คำถามที่เกิดขึ้นกับผมก็คือ 1.ญาติที่ทำประกันเสียชีวิตก่อน 2 ปี เพราะฉะนั้น แม่ผมไม่ได้เงิน 100 ของทุนประกันตามข้อ 2 แน่นอน 2.ผมยอมรับว่าแม่ผมขาดส่งเบี้ยประกัน ก่อนวันที่ญาติเสียชีวิต เพราะฉะนั้นผมยอมรับว่าไม่สามารถรับเงินตอบแทนในเงื่อนไขที่ 1 เช่นกัน 3.ที่ตัวแทนแจ้งว่า ในกรณีที่แม่ผมผิดสัญญาการชำระเบี้ยประกัน บริษัทจึงไม่สามารถคืนเงินเบี้ยประกันที่ชำระไปแล้วให้ได้ ไม่เชื่อให้ไปอ่านในสัญญาได้เลย ในข้อนี้ถ้าสัญญาระบุไว้จริง คำถามผมคือว่าสัญญามันระบุได้ด้วยเหรอครับว่าจะยึดเบี้ยะประกันที่เราชำระไปแล้ว หากขาดการชำระเบี้ยประกันเดือนใด เดือนหนึ่ง หรือชำระล่าช้า ปล.ผมยังไม่อ่านรายละเอียดในกรมธรรม์นะครับ เพราะแม่ยังหาไม่เจอ ไม่รู้ว่าเอาไปไว้ไหน 4.วัตถุประสงค์ของผมคือ ต้องการเงินค่าเบี้ยะประกันที่ชำระไปแล้วคืน หลังจากหักค่าอะไรก็แล้วแต่ ตามที่ บ.ประกันเขากำหนด เพราะก่อนทำประกันตัวแทนก็แจ้งว่าถ้าเสียชีวิตก่อน 2 ปีเราก็ได้เงินค่าเบี้ยะประกันคืน 2 แต่ผมไม่ได้ต้องการทั้ง 102 หรอกนะครับเพราะเข้าใจว่าแม่ขาดชำระเบี้ยะประกัน ที่ไม่เข้าใจก็คือมายึดเงินที่เราชำระเบี้ยะประกันของเราทั้งหมดได้อย่างไร ขอคำชี้แนะด้วยนะครับ ผมสงสัยจริงๆว่ามันมีเงื่อนไขแบบนี้ด้วยเหรอครับ สมมุตนะครับว่า ผมชำระเบี้ยประกันเดือนที่ 12 แต่ขาดชำระชำระช้าข้ามเดือนเดือนที่ 3 แล้วมาชำระต่อเดือนที่ 4 22 แล้วถ้าเกิดผู้เอาประกันเสียชีวิตเดือนที่ 23 ซึ่งยังไม่ครบ 24 เดือน นั่นหมายความว่าผมก็จะไม่ได้อะไรเลย เพราะขาดชำระไป 1 เดือน ซึ่งถ้าเป็นแบบนี้จริงๆ ผมยกเลิกประกันตั้งแต่เดือนแรกที่ขาดส่งไม่ดีกว่าเหรอครับ เพราะส่งไปก็ไม่มีประโยชน์อะไร โดน บ.ประกันยึดอยู่ดีเพราะอ้างว่าผิดเงื่อนไขการชำระเบี้ยประกัน,"ผู้เอาประกันเสียชีวิตก่อนครบ 2 ปี จึงไม่ได้รับเงินคุ้มครองตามสัญญา
แม่ผู้เอาประกันขาดชำระเบี้ยประกันเดือนธันวาคม แต่ได้ชำระย้อนหลังในเดือนมกราคม
ตัวแทนประกันอ้างว่าเนื่องจากผิดเงื่อนไขการชำระเบี้ย จึงไม่สามารถคืนเบี้ยประกันที่ชำระไปแล้วได้
ผู้ร้องเรียนตั้งข้อสงสัยว่าสัญญาอาจไม่ได้ระบุชัดเจนว่าจะยึดเงินเบี้ยทั้งหมดหากขาดชำระเพียงเดือนเดียว",eval,Hybrid,2015,40,4,10.0,0.5232284665107727,0.6632854143778483,0.3367145856221517
39740516,น้องอุ่นใจพร้อมเท โดนตัดสัญญาณจาก อุ่นใจ เพราะบังคับขายประกัน ทั้งที่ยกเลิกไปแล้ว ค่าบริการก็จ่ายตามปกติแต่ก็โดนเท ซื้อมือถือใหม่ ใช้งานอุ่นใจ ด้วยประกันบังคับขาย ดิฉันทราบมาว่า ในการขายประกันให้แก่ลูกค้า หลักการสำคัญ คือลูกค้าต้องสมัครใจ ไม่บังคับ มีสิทธิ์ยกเลิก บางครั้ง ลูกค้าซื้อผิด กดซื้อโดยไม่ตั้งใจ ชี้แจงได้เราคืนเงินให้ ปลายปีก่อน ดิฉันซื้อมือถือเครื่องใหม่ เลือกใช้บริการกับน้องอุ่นใจ ด้วยเหตุผลของราคาที่เหมาะสม และการบริการที่น่าพอใจ ในวันที่ซื้อ พนักงานเสนอขายประกัน Mobile Care คุ้มครองมือถือเครื่องนี้จากอุบัติเหตุ สูญหาย และโจรกรรม ราคาสมเหตุสมผล จึงเลือกซื้อมาพร้อมกันด้วย กะว่าเอาซัก 1 ปี ผ่านไปครบปี ก็มี SMS มา ถามว่าต้องการซื้อประกันต่อหรือไม่ ถ้าไม่ซื้อต่อกด 5670 แน่นอนดิฉันไม่ซื้อต่อ จึงกดรหัสส่งกลับไป โดยไม่ได้แคปหน้าจอเก็บไว้ เนื่องการกดแบบนี้จะไม่มีหลักฐานเหมือนการกดส่ง sms ทั่วไป และไม่ได้เอะใจ ว่าไม่ได้รับ SMS ตอบกลับ ผ่านไปครบเดือน มีการแจ้งยอดเรียกเก็บ ค่าใช้บริการรายเดือน พร้อมค่าประกันปีต่อ สอบถาม Call Center พบน้องอุ่นใจ แจ้งว่าลูกค้ามิได้ยกเลิกประกันปีต่อ ดิฉันชี้แจง ว่าไม่ประสงค์ซื้อต่อ และส่งรหัสยกเลิกแล้ว น้องอุ่นใจบอกว่า ไม่พบการแจ้งยกเลิก และความคุ้มครองมีผลแล้ว ลูกค้าจึงต้องชำระเงิน หากไม่ชำระภายในวันที่กำหนด จะถูกตัดสัญญาณ ดิฉันยืนยัน ว่าไม่ประสงค์ซื้อต่อ และส่งรหัสยกเลิกแล้ว แต่น้องอุ่นใจก็ยืนยัน ว่าไม่สามารถยกเลิกได้ และลูกค้าต้องชำระเงิน สุดท้ายดิฉันก็ถูกตัดสัญญาณจริงๆ เมื่อติดต่อกลับไป น้องอุ่นใจแจ้งว่า จะเปิดสัญญาณให้ชั่วคราว 3 วัน และลูกค้าต้องชำระเงินค่าประกันปีต่อ ซึ่งยกเลิกไม่ได้ ดิฉันเห็นว่า เรื่องสัญญาณกับเรื่องประกัน มันไม่เกี่ยวกัน ถึงดิฉันไม่จ่ายค่าเบี้ยประกัน แต่จ่ายค่าบริการ ก็ไม่ควรถูกตัดสัญญาณ เจรจากันอยู่นาน ไม่ได้ข้อสรุป เพื่อนร่วมงานเห็นใจ ช่วยเจรจาอีกทาง น้องอุ่นใจรับทราบเรื่องราว รับปากจะติดตามและแก้ไขปัญหาให้ แต่ก็เงียบหายไป ครบกำหนด 3 วัน ดิฉันถูกตัดสัญญาณอีกครั้ง เสียดาย ที่ดิฉันไม่ได้เก็บหลักฐานเอาไว้ เสียดาย ที่อยู่กับน้องอุ่นใจมากว่า 10 ปี น้องอุ่นใจทอดทิ้งฉัน เพียงเพราะ บังคับขายประกัน ไม่สำเร็จ,"ผู้ร้องเรียนได้กดรหัสยกเลิกการสมัครประกันปีต่อตามที่ได้รับ SMS แจ้งเตือน
ไม่ได้รับ SMS ตอบกลับหลังจากกดรหัส และไม่ได้เก็บหลักฐานเนื่องจากกระบวนการดังกล่าวไม่สร้างหลักฐานเหมือนการส่ง SMS ทั่วไป
เมื่อถูกเรียกเก็บเงิน จึงติดต่อศูนย์บริการลูกค้า แต่เจ้าหน้าที่ยืนยันว่าไม่พบการยกเลิก และระบุว่าต้องชำระเงินภายในกำหนด
ผู้ร้องเรียนเห็นว่าการตัดสัญญาณเนื่องจากค่าประกันปีต่อเป็นการไม่เหมาะสม เนื่องจากเป็นประเด็นที่แยกจากกันได้",eval,Hybrid,2020,52,4,13.0,0.438083678483963,0.5254669189453125,0.4745330810546875
41019177,ความคุ้มครองสำคัญที่ตกหล่นไปของประกันสุขภาพ บริษัทประกันทำการตลาดเก่ง สามารถสร้างความยอมรับในข้อบกพร่องเหล่านี้จนกลายเป็นความปกติคุ้นชินต่อเนื่องมายาวนาน ประกันสุขภาพของเอกชนยังไม่มีของบริษัทไหนที่เป็นหลักประกันพึ่งพาได้จริง บริษัททำการค้าจึงเน้นกำไรเป็นหลัก ความคุ้มครองมีความบกพร่อง ตั้งราคาเบี้ยสูง คอยควบคุมค่าเคลมให้จ่ายน้อยที่สุดโดยตั้งเงื่อนไขและข้อจำกัดไว้มากมาย จำกัดอายุไม่รับผู้ชรา ไม่คุ้มครองผู้ที่มีโรคประจำตัวหรือโรคที่เป็นอยู่เดิม ผู้ที่จ่ายเบี้ยไปตั้งแต่หนุ่มสาว พอตอนสูงวัยค่าเบี้ยจะถูกปรับเพิ่มสูงขึ้นแบบก้าวกระโดด จนอาจจ่ายต่อไปไม่ไหวต้องออกไปใช้ประกันสุขภาพของรัฐแทน เบี้ยที่จ่ายมานานไม่มีค่าสะสมเหลือไว้เลย เป็นสัญญาจ่ายเบี้ยทิ้งคุ้มครองปีต่อปีเหมือนกับประกันรถ ที่จริงประกันสุขภาพกับประกันรถไม่ควรเหมือนกัน เรื่องสุขภาพเป็นเรื่องปกติที่ใครๆก็อาจมีโรคประจำตัวกันได้และคนส่วนใหญ่จะเจ็บป่วยกันมากในตอนสูงอายุกันทั้งนั้น กรณีที่รับประกันไปแล้วถ้ามีการเคลมมากเคลมบ่อยจะถูกปรับเพิ่มเบี้ยหรืออาจไม่ต่อสัญญาให้ ความจริงไม่มีใครอยากจะเจ็บป่วยบ่อยๆหรืออยากเป็นโรคที่มีอาการรุนแรงแล้วต้องจ่ายค่ารักษาสูง ไม่สามารถไปตำหนิบริษัทประกันเพราะสินค้าประกันของบริษัทมีราคาแพงและขายยาก บริษัทจึงต้องทำการโฆษณาทำการตลาด อีกทั้งต้องจ่ายค่านายหน้าสูงจึงจะขายสินค้าได้ ไม่ใช่เฉพาะแค่บริษัทประกัน ผู้ประกอบการค้าทุกธุรกิจก็ล้วนแต่ทำกิจกรรมทุกอย่างเพื่อให้ขายสินค้าได้และมีกำไรกันทุกบริษัท แต่ยังมีอีกหลายกรณีในส่วนของประกันที่ผู้ซื้อไม่สามารถรับบริการบางอย่างได้จริงตามที่อวดอ้างโฆษณา จึงมีปัญหาโต้แย้งกันบ่อยและมีการร้องเรียนฟ้องร้องกันเป็นจำนวนมาก ไม่สามารถไปตำหนิตัวแทน เพราะตัวแทนแค่ทำหน้าที่อธิบายข้อมูลของสินค้าในแง่มุมที่ดีตามที่บริษัทอบรมมา เพื่อให้ลูกค้าซื้อสินค้าแล้วได้รับค่านายหน้าไปเท่านั้น การบริการอย่างอื่นเพิ่มเติมก็เพื่อสร้างโอกาสที่จะขายเพิ่มในคราวต่อๆไป การบริการที่สำคัญอื่นๆไม่ว่าจะเป็นการเคลมหรือการรับจ่ายเงิน บริษัทมีหน่วยงานคอยควบคุมดูแลและให้บริการอยู่แล้ว การจะหวังให้ตัวแทนทำหน้าที่ดูแลปกป้องผลประโยชน์ให้กับผู้ซื้อ ช่วยฟ้องร้องต่อคปภ.หรือต่อศาลในกรณีที่ไม่ได้รับความเป็นธรรมนั้นเป็นไปไม่ได้เลยเพราะตัวแทนเป็นตัวแทนของบริษัท เมื่อมีปัญหาผู้ซื้อต้องไปดำเนินการฟ้องร้องเอง ที่สำคัญเงื่อนไขข้อตกลงต่างๆที่ปกป้องบริษัทได้ถูกระบุไว้ในสัญญากรมธรรม์เรียบร้อยก่อนแล้ว ถ้าเป็นประกันสุขภาพถ้วนหน้าหรือประกันสังคม จะรับประกันโดยไม่ปฏิเสธผู้สูงอายุ ไม่ปฏิเสธผู้ที่มีโรคประจำตัว กรณีที่เจ็บป่วยจริงก็รับการรักษาได้จริง ไม่ต้องรอตรวจสอบประวัติ ไม่ต้องรอการพิจารณาจากฝ่ายสินไหม ไม่ต้องมีข้อโต้แย้งตัดโน่นลดนี่ จะเคลมมากเคลมบ่อยก็ไม่มีการเพิ่มเบี้ยหรือถูกยกเลิกสัญญา เป็นมาตรฐานของประกันสุขภาพที่ควรมี ปัจจุบันต้นทุนค่าใช้จ่ายเหมารายหัวทางการแพทย์ของประกันสุขภาพถ้วนหน้าอยู่ที่ 3700 บาทต่อคนต่อปี ของประกันสังคมอยู่ที่ 400 บาทต่อคนต่อปี ไม่ได้ดำเนินงานแบบค้าขายทำกำไรและประกันทั้งสองระบบนี้มีจำนวนสมาชิกมาก ทำให้สามารถสร้างมาตรฐานที่เป็นหลักประกันได้จริง สำหรับประกันสุขภาพถ้วนหน้ารัฐเป็นผู้จ่ายให้ ส่วนประกันสังคมสมาชิกร่วมจ่ายเบี้ยสุขภาพในราคาที่ถูกมาก การบริการของระบบประกันทั้งสองระบบนั้นไม่มีปัญหาแต่มาตรฐานการรักษาและบริการโดยโรงพยาบาลของรัฐยังไม่สะดวกนัก สาเหตุโดยรวมก็เนื่องมาจากงบประมาณที่มีจำกัด ถ้ารัฐบาลมาขายประกันสุขภาพเองเพิ่มให้กับผู้ที่พอมีรายได้เพื่อให้ได้รับการบริการที่ดีขึ้นก็อาจเป็นการสร้างความเหลื่อมล้ำ คงต้องทำในแบบที่ว่าเมื่อรัฐมีฐานะดี มีงบประมาณมากขึ้นก็ค่อยไปปรับปรุงยกระดับมาตรฐานการรักษาและบริการโดยรวมของโรงพยาบาลให้ดีขึ้น อีกด้านหนึ่งรัฐก็สนับสนุนให้มีการซื้อประกันของบริษัท ผู้ซื้อสามารถนำค่าเบี้ยมาลดหย่อนภาษีได้เท่ากับรัฐช่วยอุดหนุนค่าเบี้ยบางส่วนให้กับบริษัท แต่ประกันของบริษัทยังคงไม่สามารถดำเนินงานให้ถึงขั้นเป็นหลักประกันที่พึ่งพาได้ การปรับปรุงยกระดับมาตรฐานเพื่อให้ผู้ซื้อมีหลักประกันสุขภาพที่ดีขึ้นให้ได้นั้นคงต้องเริ่มจากการให้องค์กรที่ไม่เน้นกำไรเป็นหลักเข้ามาดำเนินงาน สำหรับกลุ่มสหกรณ์ต่างๆอาจมีศักยภาพไม่พอเนื่องจากข้อจำกัดในเรื่องจำนวนของสมาชิกและความพร้อมของทีมงาน ประกันสังคมน่าจะขยายงานโดยจัดตั้งหน่วยงานในกำกับของรัฐขึ้นมา ขายทั้งประกันชีวิตและประกันสุขภาพ ออกแบบประกันให้มีมาตรฐาน สามารถดำเนินงานตามสาขาที่มีอยู่ทั่วประเทศ ทีมงานก็มีความรู้ความชำนาญ บริหารงานโดยเอากำไรพอควรไปเสริมให้กับสำนักงานประกันสังคมเพื่อให้มีความมั่นคงยั่งยืนขึ้น โรงพยาบาลของรัฐหลายแห่งก็ขยายงานในลักษณะนี้มาแล้ว ประชาชนจะได้มีทางเลือก สามารถซื้อทั้งประกันสุขภาพและประกันชีวิตในแบบที่เป็นหลักประกันจริงๆได้ หรือถ้ายังไม่สามารถยกระดับให้ถึงขั้นเป็นหลักประกันได้ อย่างน้อยจะได้มีแบบประกันที่มีมาตรฐานสูงขึ้น มีราคาเหมาะสมและเป็นธรรมกว่าแบบที่มีขายกันอยู่ให้ได้เปรียบเทียบเลือกซื้อ,"ระบบประกันสุขภาพของรัฐและประกันสังคมให้บริการได้ดี แต่มาตรฐานการรักษาในโรงพยาบาลรัฐยังไม่สะดวก เนื่องจากงบประมาณมีจำกัด
การเสนอขายประกันสุขภาพโดยรัฐเพิ่มเติมอาจก่อให้เกิดความเหลื่อมล้ำ หากไม่มีการปรับปรุงโครงสร้างพื้นฐานและงบประมาณอย่างเพียงพอ
การสนับสนุนให้ประชาชนซื้อประกันภาคเอกชนที่ลดหย่อนภาษียังไม่เพียงพอในการสร้างหลักประกันที่แท้จริง
ควรพิจารณาให้องค์กรรัฐที่ไม่แสวงหากำไร เช่น สำนักงานประกันสังคม ขยายบทบาทเป็นผู้ดำเนินการประกันชีวิตและสุขภาพที่มีมาตรฐานและยั่งยืน",eval,Hybrid,2021,60,4,15.0,0.4600680470466614,0.5931810537974039,0.406818946202596
35374672,ดาวน์ Yamaha Bolt ไปแสนนึง ใช้มา 5 วัน รถพัง ต้องเสียค่าซ่อมเอง15k สวัสดีครับ ชาวมอเตอร์ไซค์พันทิพทุกท่าน เมื่อวันที่ 5 กรกฎาคม ที่ผ่านมา ผมได้ไปออกรถยามาฮ่า โบลท์ 950cc จากโชว์รูมยามาฮ่ามาครับ ผมใช้ขี่ไปทำงานจาก บ้านที่บางกะปิ ไปที่ทำงานแถวเอกมัย ระยะทางต่อวันประมาณ 30กิโลเมตร และในวันเสาร์ 9 กรกฎาคม ที่ผ่านมา ผมได้ไปร่วมงาน Drag Day Party 3 ที่สนามไทยแลนด์เซอร์กิต นครไชยศรี ซึ่งระหว่างทางได้บันทึกวิดีโอบนกล้องติดหมวกไว้ตลอดครับ และรถผมก็เริ่มมีอาการแปลกๆดังนี้ครับ อันนี้คลิปแรกครับ ตอนผมเข้าโค้งแรก มันเร่งไม่ค่อยขึ้นละครับ เข้าเกียร์สูงแล้วบิดไม่ไป ต้องตบลงมาเกียร์ต่ำสุดแล้วบิด ถึงจะขี่ได้ครับ จากนั้นก็ได้ทำการปรับคันคลัตช์ใหม่ ขี่ได้ปกติ อันนี้เป็นคลิปแดร๊ก ความเร็วสูงสุดที่ผมทำคือ 110 ครับ เหตุการณ์หลังจากปรับครัชครับ ตอนอยู่ในงาน หลังจากนี้ไม่มีอาการเร่งไม่ขึ้นอะไรครับ เหมือนปกติดีทุกอย่าง ยกเว้นเสียงเครื่องที่ดังแปลกๆ จนกระทั่งออกจากงานครับ อันนี้คลิประหว่างขี่กลับครับ ขี่ออกจากงานมาได้ซัก 20 กม ก็ได้ยินเสียงเครื่องแปลกๆดังกว่าเดิมครับ ผมตามหลังฮาเลย์ซอฟเทลคันข้างหน้ามาด้วยความเร็วประมาณ 100 110 ไม่เกินนี้ครับ และก็รู้สึกความเร็วดรอปที่รอบเครื่องสูงขึ้น เลยชะลอความเร็วเข้าข้างทางครับ หลังจากพยายามขี่ลากจากคลิปเข้าปั๊ม เพื่อหยุดพักรถ ให้รถเย็นลง เพราะกลัวเครื่องน็อค ก็ขี่มาต่อเรื่อยๆ ซึ่งระหว่างนี้ครัชน่าจะไปแล้ว จนไปติดไฟแดง แล้วเร่งไม่ไป เหมือนตอนอยู่ในงานเลยครับ แต่ในงานไม่มีเสียงแกร่กๆ เวลาบิด เหมือนในคลิปครับ หลังจากนั้นผมตัดสินใจขี่เข้าศูนย์ เพื่อเช็คอาการเลยครับ สิ่งที่เกิดขึ้นหลังจากที่ผมเข้าศูนย์คือ ทางเจ้าหน้าที่สันนิษฐานว่ารถผมโดนแกล้ง มีคนหยอดน้ำตาลทรายไปในรูน้ำมันเครื่อง ทำให้รถหนืด บิดไม่ไป และคลัตช์ไหม้ แต่ทั้งนี้ทางศูนย์ก็ไม่ได้เอาน้ำมันเครื่องไปพิสูจน์ว่ามีน้ำตาลหรือไม่นะครับ อีกทั้งผมได้สอบถามไปยังผู้มีความรู้ด้านเครื่องยนต์ ทางนั้นบอกว่าถ้าเป็นน้ำตาล น้ำมันเครื่องต้องเหนียวเป็นก้อนหลงเหลืออยู่ ซึ่งตอนถอดเครื่องออกมาดู น้ำมันเครื่องลื่นปกติไม่มีก้อนหรือลิ่มครับ จากนั้นเจ้าหน้าที่ อีกคนชี้แจงว่าผมขี่รถเลียคลัตช์ ทำให้คลัตช์ไหม้ ให้ทิ้งรถไว้เพื่อเช็คอาการ หลังจากวันเสาร์ที่เกิดเหตุการณ์ วันนี้ เจ้าหน้าที่แจ้งว่า รถผมคลัตช์ไหม้ ต้องเปลี่ยนชุดคลัตช์บางส่วน รวมกับแผ่นคลัตช์ รวมเป็นเงิน 1500 ซึ่งยังไม่รวม ค่าผ่าเครื่องเพื่อตรวจดูเศษชิ้นส่วนที่ละลายลงไปในเครื่อง อีกทั้งค่ายางรองโซ่ในเครื่องที่ละลายจนไม่สามารถใช้งานได้ โดยเจ้าหน้าที่แจ้งว่า ยางรองโซ๋ ไม่มีอะไหล่ ต้องรอนำเข้า 45 วันโดยประมาณ ทั้งนี้ผมต้องเป็นคนรับผิดชอบค่าใช้จ่ายทั้งหมด 70 บริษัทออกให้ 30 ซึ่งผมไม่โอเค เพราะรถเพิ่งออกมาได้เพียง 5 วันเท่านั้น หลังจากที่ได้ปรึกษาพี่ๆที่ขับรถรุ่นเดียวกันในกลุ่ม มีความเห็นตรงกันว่า เสียงเครื่องดังแปลกๆ มีอาการเกียร์หลุดก่อนตั้งคลัตช์ใหม่ตามคลิปที่หนึ่ง การขี่รถเลียคลัตช์ในระหว่างรถติด ไม่น่าก่อให้เกิดความเสียหายขนาดนี้ พฤติกรรมการขับขี่รถของผมไม่ได้มีการขี่รถเลียคลัตช์ในทางโล่ง ใครจะบ้าขี่เลียคลัตช์นานๆทั้งๆที่ถนนโล่งล่ะครับ จึงมีความเป็นไปได้สูงว่า รถคันนี้อาจตก QC ผมขอแจกแจงพฤติกรรมการขี่รถของผมดังนี้นะครับ วันทำงาน ระยะทางในการขี่ในเมือง คือวันละ 30 กิโลเมตร ต่อวัน ในเวลาเร่งด่วน ใช้รถประมาณ 1 ชม. ต่อวันครับ มีเลียคลัตช์บ้างในช่วงรถติดหนักๆ ส่วนวันที่เกิดเรื่อง เดินทางจากกรุงเทพ ไปนครปฐม ระยะทางประมาณ 150 กม. ด้วยความเร็วสูงสุด ไม่เกิน 120 ครับ ส่วนตอนอยู่ในสนาม ผมขี่รถในทางขลุขละ 3รอบ ประมาณ 1กม. ด้วยความเร็วต่ำ เกียร์ต่ำ เลียคลัตช์ ใช้เวลาประมาณ 15 นาทีครับ และในทางเรียบ อีก 3รอบ ระยะทางประมาณ 15กม ด้วยความเร็วสูงสุด 110 ไม่ได้เลียคลัตช์ ใช้เวลาประมาณ 20 นาทีครับ จากนั้นผมได้ทำการคุยกับหัวหน้าฝ่ายเซอร์วิสแล้ว เจ้าหน้าที่บอกว่าจะทำเรื่องเพื่อขอลดราคาเป็นกรณีพิเศษ แต่ทางพี่ๆและเพื่อนๆของผมแนะนำว่าต้องให้ศูนย์รับผิดชอบทั้งหมด เพราะสาเหตุไม่ได้เกิดจากเรา และอยู่ในระยะประกัน 2 ปีไม่จำกัดระยะทาง ผมจึงขออนุญาตตั้งกระทู้นี้ เพื่อแชร์ประสบการณ์ ให้เพื่อนๆพี่ๆช่วยพิจารณา และขอคำแนะนำด้วยครับ อัพเดทครับ เมื่อวานเจรจากับยามาฮ่า ที่สำนักอัยการฝ่ายผู้บริโภคมาครับ ตกลงกันได้ในระดับที่พอใจครับ ถึงจะไม่ทั้งหมดแต่ก็โอเคกว่าข้อเสนอแรกครับ โดยทางยามาฮ่าจะเปลี่ยนอะไหล่ แจ้งเลขเครื่องใหม่กับขนส่ง ให้แล้วเสร็จภายในวันที่5ตุลาครับ ขอบคุณพี่ๆที่ให้คำแนะนำอย่างสูงและผมซาบซึ้งใจจริงๆครับ และขอขอบคุณเจ้าหน้าที่ยามาฮ่าทั้งจากสำนักงานใหญ่และศูนย์บริการที่หาทางออกร่วมกันได้ในที่สุด ทุกอย่างจบลงด้วยดีในระดับที่พอใจครับ,"ผู้ร้องเรียนรายงานว่ารถยามาฮ่า โบลท์ 950cc ที่เพิ่งซื้อมาได้เพียง 5 วัน มีอาการเร่งไม่ขึ้นและเสียงเครื่องดังผิดปกติขณะขี่กลับจากงาน Drag Day Party
หลังนำรถเข้าศูนย์บริการ ทางศูนย์ระบุว่าคลัตช์ไหม้และอาจเกิดจากน้ำมันเครื่องปนน้ำตาล แต่ไม่มีการตรวจสอบน้ำมันอย่างเป็นทางการ
ผู้ร้องเรียนโต้แย้งว่าพฤติกรรมการขับขี่ปกติ ไม่น่าก่อให้เกิดความเสียหายรุนแรงขนาดนี้ และสงสัยว่ารถอาจมีปัญหาจากกระบวนการควบคุมคุณภาพ
ผู้ร้องเรียนไม่เห็นด้วยกับการให้ตนรับภาระค่าใช้จ่ายทั้งหมด โดยเฉพาะค่าอะไหล่ที่ต้องรอนำเข้านานถึง 45 วัน",eval,Hybrid,2016,70,4,17.5,0.4989077448844909,0.5133426189422607,0.4866573810577392
33772113,ขับรถชนท้ายผู้อื่น แต่ประกันจะไม่รับผิดชอบ วันเกิดเหตุ แฟนและเพื่อน ขับรถจะไปเที่ยวกัน แต่พออกจากคอนโด ประมาน 10 นาที แฟนก็โทรมาหาเราว่าขับรถชน ไอ่เราก็ตกใจ แฟนก็ตกใจ เราก็เลยบอกให้แฟนเอาเบอร์โทรประกันเพื่อแจ้งเหตุ พอแฟนโทรไป เค้าสอบถามเบื้องต้น ชื่อคนขับ แฟนก็บอกชื่อแฟนไป แต่ซึ่งความจริง เพื่อนแฟนเราค่ะเป็นคนขับ ส่วนเราพอถึงจุดเกิดเหตุ ตัวแทนประกันยังไม่มา เราจึงถามเพื่อนแฟนว่า มีใบขับขี่หรือไม่ เค้าบอกมี แต่ไม่ได้ติดมา เราเลยเร่งให้เพื่อนของแฟนกลับไปหาหอพักเพื่อเอาใบขับขี่ ท้าวความนิดนึง แฟนกับเพื่อนมัน อยู่คนละที่ แต่ช่วงเช้าในวันเกิดเหตุ เพื่อนของแฟนมาหาแฟนเรา ถามเรื่องเกี่ยวกับคอม คุยทั่วไปปกติ แล้วตกลงกัน ตอนกลางคืนจะไปวันเกิดเพื่อนพร้อมกัน เรากับแฟนอยู่บางเขน ตรงข้ามราชภัฎพระนคร ส่วนเพื่อนแฟน อยู่ ม.กรุงเทพ เข้าเรื่องต่อคือ หลังจากเราเร่งให้เพื่อนแฟน ไปเอาใบขับขี่ที่หอพัก ในระหว่างนั้น ตัวแทนประกันมาถึงที่เกิดเหตุ ผ่านไป 5 นาที แล้วเพื่อนแฟนซึ่งเป็นคนขับก็มาถึง แต่ในระหว่างที่คนขับไม่อยู่ ตัวแทนประกันเค้าถามเอาใบขับขี่ เราก็บอกยังไม่มาค่ะ กลับไปเอาใบขับขี่อยู่ นี่แหละคือจุดที่ทำให้ประกันเค้าไม่เชื่อ เค้าบอกเรามีการเปลี่ยนตัวคนขับ จึงจะไม่รับผิดชอบ มาเขียนบันทึกไปแล้ว 2 รอบ ตอนนี้เค้าบอกรอผล แต่เค้าแจ้งมาคร่าวๆว่าอาจจะไม่จ่าย ขอคำแนะนำค่ะ เราควรทำอย่างไง ซึ่งเหตุการนี่ที่เล่า เราก็เราความจริง เค้าเอาอะไรมาตัดสินว่าเราเปลี่ยาตัวคนขับ ถ้าเราเปลี่ยนตัวคนขับ เราจะเอาเวลาไหนไปนัดกันให้พูดเรื่องจริง ให้เหมือนกันตั้ง 3 คน และในวันที่ประกันกำลังเคลม เค้าก็อยุ่ เราจะนัดกันอย่างไง อยากรู้ว่า ประกันเอาตัวไหนมาชี้วัด ว่าเราโกหก แล้วเปลี่ยนตัวคนขับ,"ผู้ร้องเรียนระบุว่าเกิดอุบัติเหตุรถชนท้ายขณะเดินทางไปเที่ยว โดยคนขับจริงคือเพื่อนแฟน ไม่ใช่แฟนผู้ร้องเรียน
เมื่อถึงจุดเกิดเหตุ ตัวแทนประกันยังไม่มา จึงขอให้เพื่อนแฟนกลับไป取ใบขับขี่ที่หอพักเนื่องจากไม่มีติดตัวมา
ตัวแทนประกันมาถึงก่อนที่คนขับจะกลับมา และได้สอบถามใบขับขี่ ซึ่งผู้ร้องเรียนแจ้งว่ายังไม่ได้มา
ผลคือบริษัทประกันปฏิเสธความคุ้มครองโดยอ้างว่ามีการเปลี่ยนคนขับหลังเกิดเหตุ",eval,Hybrid,2015,39,4,9.75,0.460456371307373,0.5311031738917033,0.4688968261082967
35629386,การยกเลิกประกันภัยที่มาทางโทรศัพท์ เครียดหนักมาก ขอเล่ารายละเอียดนะคะ เมื่อวานวันศุกร์ที่ 23 ตอนสายๆ มีสายเข้าบอกว่าโทรจากลูกค้าสัมพันธ์ฮอนด้า ซึ่งเค้ามีข้อมูลรายละเอียดหมด เสนอขายประกันภัยของปีหน้า เป็นลักษณะตัดก่อน 400 แล้วผ่อน7เดือน0 ปกติอะไรแนวนี้จะปฏิเสธหมด แต่อันนี้เนื่องจากอ้างว่ามาจากทางฮอนด้า ซึ่งถามย้ำหลายครั้ง จึงตกลง ต่อมา ได้สอบถามไปทางฮอนด้า จึงทราบว่าไม่เกี่ยวกัน วันรุ่งขึ้นได้สอบถามทางบริษัทประกันภัยว่ามีการทำรายการมาหรือยัง ทางนั้นแจ้งว่ายัง จึงโทรไปยกเลิก ทางนั้นถามประมาณว่ายกเลิกทำไม จะส่งเอกสารมาให้ดูก่อน ถ้าไม่ชอบก็ยกเลิกได้ ก็เลยบอกว่าถ้าส่งมาแล้วยกเลิกได้ ก็จะยกเลิกตอนนี้เลย เพราะตอนที่ติดต่อไม่ได้แจ้งข้อมูลที่แท้จริง สุดท้ายทางคนรับก็บอกว่ายกเลิกได้ แต่ทีนี้มันมีการตัดบัตรไปเมื่อวาน จึงถามไปที่บัตร ทางบัตรแจ้งว่าเป็นการกันวงเงิน ทีนี้เลยมีการคุยสามสายกับประกัน บัตร ทางประกันบอกว่าทำรายการไปแล้ว ต้องมีการแจ้ง refund จากบัตรก่อน บัตรจึงแจ้งว่าจะส่งเอกสารการประสงค์ตรวจสอบยอดมาให้เรา แล้วไปดำเนินการ แต่อาจใช้เวลา 30 45 วัน คือตอนนี้กลัวว่า ถ้าประกันเกิดตุกติกว่าเราต้องจ่าย การเงินของประกันยืนยันหนักแน่นว่ายกเลิกได้ คืนแน่นอน แต่มันไม่มีหลักฐานอ่ะ แล้วถ้าการตรวจสอบมันเลยเวลาจ่ายบัตร เราก็ต้องเสียเครดิต ดอกเบี้ย มันจะมีวิธีอื่นที่ดีกว่านี้ไหม เช่น จ่ายบัตรไป แล้วไปเรียกกับประกัน อีกอย่างเราจะทำยกเลิกเป็นลายลักษณ์อักษรไปได้ไหม เพราะเราไม่มีกรมธรรมน์ เนื่องจากยกเลิกก่อนจะออกกรมธรรน์ซึ่งไม่รู้ชัวร์ป่าว กลัวว่าพอเดือนถัดๆไป ก็จะมีตัดบัตรมาอีก เครียดหนักมาก,"มีการตัดบัตรเมื่อวาน โดยทางบัตรระบุว่าเป็นการกันวงเงิน
บริษัทประกันยืนยันว่าได้ดำเนินการยกเลิกกรมธรรม์และคืนเงินแล้ว แต่ต้องรอเอกสารยืนยันจากบัตรก่อน
บัตรแจ้งว่าจะส่งเอกสารเพื่อตรวจสอบยอด ซึ่งอาจใช้เวลา 30–45 วัน
ผู้ร้องเรียนกังวลว่าหากเกิดปัญหาในอนาคต อาจต้องรับผิดชอบค่าใช้จ่ายโดยไม่มีหลักฐานยืนยัน",eval,Hybrid,2016,29,4,7.25,0.4866103231906891,0.3866342703501383,0.6133657296498617
39705778,ใครคิดจะซื้อประกันเดินทางกับกรุงไทยพานิชประกันภัย ให้คิดทบทวนหลายๆ รอบ เรื่องมีอยู่ว่าจะเดินทางจากกรุงเทพฯ ไป คยาและพาราณสี อินเดีย ระหว่างวันที่ 26 29 กพ. 2563 ที่ผ่านมา จึงได้เลือกซื้อประกันเดินทางเผื่อเหตุฉุกเฉินกับบริษัท กรุงไทยพานิชประกันภัย จำกัด มหาชน โดยเดินทางระหว่าง DMK GAY VNS DMK ปรากฎว่าในวันที่ 28 กพ. จะต้องออกเดินทางจากคยาไปพาราณสี ด้วยสายการบิน Indigo เที่ยวบิน 6E 7715 ออกเดินทางเวลา 12.45 น. ถึงสนามบินพาราณสี เวลา 13.40 น. แต่เมื่อไปถึงสนามบินคยา เวลาประมาณ 10.30 น. สายการบิน Indigo แจ้งว่าเที่ยวบินถูกยกเลิก จากเดิมออกเดินทางวันที่ 28 กพ. กำหนดการออกเดินทางใหม่คือ วันที่ 29 กพ. เที่ยวบินเดิมและเวลาเดิม ซวยแล้ว ก็เลยสอบถามทางสายการบินว่า มีเที่ยวบินถัดไปในวันนี้ วันที่ 28 กุมภาพันธ์ 2563 หรือไม่ โดยได้รับคำตอบว่ามีแต่จะทำให้เที่ยวบินล่าช้ามากกว่าเดิม อีกทั้งตัวเองก็จำไม่ได้ว่า วีซ่าที่ขอมาอินเดียเป็นแบบ E Visa ซึ่งเข้าได้เฉพาะบางเมืองของอินเดีย ถ้าเปลี่ยนเที่ยวบินใหม่ที่ออกวันนี้ เมืองที่เปลี่ยนเครื่องจะใช้ E Visa Transit ได้หรือไม่ สอบถามเจ้าหน้าที่สายการบิน Indigo ก็แจ้งว่าแนวปฏิบัติของทางสายการบิน โดยปกติถ้ายกเลิกเที่ยวบินแล้ว ถ้าผู้โดยสารไม่ได้แจ้งความประสงค์ขอเปลี่ยนเป็นเที่ยวบินอื่น สายการบินจะเปลี่ยนให้เป็นเที่ยวบินเดิมในวันถัดไป เนื่องจากเที่ยวบินที่จองมาเป็นเที่ยวบินเดียวที่บินตรง ไม่ตรงเปลี่ยนเครื่องหรือ Transit เมืองอื่นๆ ในอินเดีย สรุปก็คือ จำใจยอมเปลี่ยนเที่ยวบินจากวันที่ 28 เป็นวันที่ 29 กพ. เอาความชัวร์ เพราะไม่แน่ใจว่าถ้าเลือกเปลี่ยนเที่ยวบินที่ต้องไป Transit จะมีปัญหาเรื่องวีซ่าหรือเปล่า เท่ากับว่าเครื่องดีเลย์ล่าช้าไป 24 ชม.พอดี ที่นี้มาดูว่าทำไมถึงตัดสินใจยอมเปลี่ยนเที่ยวบินเป็นวันรุ่งขึ้น เพราะในแต่ละวันสายการบิน Indigo มีเที่ยวบินจากสนามบินคยาไปสนามบินพาราณสี วันละ 4 เที่ยวบิน ดังนี้ 1. เที่ยวบินแรกบินตรง ออกเดินทางจากสนามบินคยา เวลา 12.45 น. ถึงสนามบินพาราณสี เวลา 13.40 น. ซึ่งเป็นเที่ยวบินที่จอง และถูกยกเลิก ใช้เวลาเดินทาง 55 นาที 2. เที่ยวบินที่ 2 ออกเดินทางจากสนามบินคยา เวลา 15.10 น. ถึงสนามบินพาราณสี เวลา 23.40 น. ซึ่งจะต้องเปลี่ยนเครื่อง 2 ครั้งที่เมืองกัลกัตตา CCU และภูวเนศวร BBI ใช้เวลาเดินทาง 8 ชม. 30 นาที 3. เที่ยวบินที่ 3 ออกเดินทางจากสนามบินคยา เวลา 15.10 น. ถึงสนามบินพาราณสี เวลา 09.30 น. ของวันถัดไป ซึ่งจะต้องเปลี่ยนเครื่อง 1 ครั้งที่เมืองกัลกัตตา CCU ใช้เวลาเดินทาง 18 ชม. 20 นาที 4. เที่ยวบินที่ 4 ออกเดินทางจากสนามบินคยา เวลา 15.10 น. ถึงสนามบินพาราณสี เวลา 07.40 น. ของวันถัดไป ซึ่งจะต้องเปลี่ยนเครื่อง 2 ครั้งที่เมืองกัลกัตตา CCU และนิวเดลี DELใช้เวลาเดินทาง 16 ชม. 30 นาที เป็นคุณจะเลือกเปลี่ยนเป็นเที่ยวบินไหนกัน ทีนี้มาเข้าเรื่องถึงบริษัทฯ ที่ขอโบกมือลา ใครอยากซื้อประกันเดินทางกับบริษัทฯ นี้ก็ตามสบาย สำหรับเราลาขาด พอกลับมาถึงคืนวันที่ 29 วันเสาร์ ก็ต้องรอวันจันทร์ ตรงกับวันที่ 2 มีค. ติดต่อกับบริษัทฯ เพื่อขอ เคลมประกันการเดินทาง เนื่องจากสายการบินยกเลิกเที่ยวบินทำให้เที่ยวบินล่าช้าไป 24 ชม. ก็ได้รับแบบฟอร์มเรียกร้องค่าสินไหมและเอกสารที่ต้องใช้แนบขอเคลม เวลา 9.18 น. ตามภาพ พอได้รับแบบฟอร์มมา ก็กรอกข้อมูลพร้อมแนบเอกสารต่างๆ ที่ทางบริษัทฯ แจ้งมาว่าให้แนบ และส่งกลับไปทางเมล์ ในวันที่ 2 มีค. เวลา 12.28 น. แล้วโทรสอบถามอีกครั้งว่าได้รับเอกสารหรือเปล่า พนักงานแจ้งว่าได้รับเอกสารแล้ว ใช้เวลาในการเคลมไม่เกิน 2 สัปดาห์ ส่งเรื่องขอเคลมวันที่ 2 กพ. ใช้เวลาเคลมไม่เกิน 2 สัปดาห์ เท่ากับว่าเคลมภายในวันที่ 13 กพ. แล้วก็นั่งรอมาเรื่อยๆ ผ่านไป 1 สัปดาห์ จนกระทั่งวันจันทร์ที่ 9 มีค. เวลา 14.30 น. มีพนักงานของบริษัทฯ อีกคนติดต่อแจ้งว่าเป็นผู้รับผิดชอบเคสเคลมนี้ โดยพนักงานคนนี้แจ้งว่าให้ช่วยเขียนเล่ารายละเอียดการเดินทางทั้งหมดเพื่อประกอบเรื่องการเคลม เลยถามว่า ไม่ได้อ่านเอกสารที่ส่งให้ครั้งแรกเหรอ โดยปกติการขอเอกสารควรจะขอตั้งแต่อาทิตย์ที่แล้วหรือเปล่า ไม่ใช่ผ่านไป 1 อาทิตย์แล้วมาขอ เสมือนว่าที่ส่งเอกสารไปยังไม่ได้ทำอะไรเลย พนักงานตอบว่าลา เลยตอบกลับไปว่า การที่คุณลาเป็นเรื่องภายในของบริษัทฯ ลูกค้าคงจะไม่รับทราบ แต่ถ้าคุณลายาวๆ เป็นเดือน ลูกค้าก็ต้องรอคุณคนเดียวใช่ไม๊ คำถามคือ ไม่มีพนักงานคนอื่นทำแทนได้เหรอ ต้องรอพนักงานคนนี้คนเดียว พนักงานยังถามว่า ที่ส่งเรื่องเคลมนี้ จะขอเคลมค่าตั๋วเครื่องบินจากคยาไปพาราณสี 800 กว่าบาทใช่ไม๊ เลยถามกลับไปว่า ได้อ่านเอกสารแนบท้ายกรมธรรม์หรือเปล่า เป็นพนักงานแต่ไม่รู้เรื่องการเคลม ซึ่งเอกสารแนบท้ายกรมธรรม์ระบุว่า กรณีเที่ยวบินล่าช้าบริษัทฯ จะชดเชยค่าสินไหม 10 ของทุนประกัน 2000 บาท ทุก 6 ชม.ที่เที่ยวบินมีการล่าช้า บวกกับในส่วนการชดเชยของการบอกเลิกเที่ยวบิน หลังจากนั้นพนักงานก็แจ้งว่า ใช้เวลาดำเนินการประมาณ 15 วันทำการ เลยตอบไปว่า ขอให้บริษัทฯ ให้ข้อมูลระยะเวลาการเคลมค่าสินไหมให้เป็นมาตรฐานที่ถูกต้องและตรงกันด้วย เนื่องจากวันที่ 2 กพ. ที่ได้ติดต่อเข้ามาครั้งแรก พนักงานแจ้งว่า ใช้เวลาไม่เกิน 2 สัปดาห์ ซึ่งถ้านับจากวันที่ 2 กพ. ที่ได้ส่งแบบฟอร์มการเรียกร้องสินไหมทดแทนและเอกสารต่างๆ จะครบกำหนดการเคลมภายในวันที่ 13 กพ. หากแต่การติดต่อกับพนักงานผู้รับผิดชอบการเคลมค่าสินไหมในวันที่ 9 กพ. แจ้งว่า ใช้ระยะเวลาในการเคลม คือ 15 วันทำการ ซึ่งเท่ากับว่า วันครบกำหนดการเคลมจะเป็นภายในวันที่ 20 กพ. ซึ่งภายหลังพนักงานผู้รับผิดชอบแจ้งว่าจะดำเนินการให้แล้วเสร็จภายในวันที่ 13 กพ. หลังจากคุยเสร็จก็เขียนรายละเอียดการเดินทางที่บริษัทฯ เจ้าปัญหาต้องการ ขออย่างเดียวแต่ไม่อ่านเอกสารที่ส่งไปครั้งแรก ก็ส่งไปทางอีเมล์เหมือนเดิมวันที่ 9 มีค. เวลา 16.52 น. แล้วโทรสอบถามอีกครั้งเวลาประมาณ 16.55 น. ว่าได้รับเอกสารหรือเปล่า พนักงานโอเปอเรเตอร์แจ้งว่า เลิกงานแล้วพนักงานกลับแล้ว ยังไม่ 5 โมง เคยโทรไปตอนเช้าบอกให้ติดต่อมาตอน 9 โมง ตกลงพนักงานสลับกันทำงานสลับกันหยุดเหรอ ส่งเอกสารที่เป็นรายละเอียดการเดินทางเพิ่มเติมไปก็นั่งรอต่อ จนกระทั่งวันที่ 11 มีค. เวลา 10.55 น. ได้รับอีเมล์แจ้งผลการเคลม สรุปผลการพิจารณาสินไหนของบริษัทฯ แจ้งว่า การเรียกร้องค่าสินไหมไม่เข้าเงื่อนไขอันพึงได้รับความคุ้มครองตามกรมธรรม์ จะเคลมค่าสินไหมได้เฉพาะ 3 กรณี นี้เท่านั้น คือ 1. สภาพอากาศไม่เอื้ออำนวยต่อการเดินทาง Weather Condition 2. ความผิดพลาดของอุปกรณ์การบิน Problem with Aircraft Engine 3. การประท้วงหรือการนัดหยุดงานของลูกจ้าง ผู้ประกอบการขนส่งทางเครื่องบิน หรือของท่าอากาศยาน Labor Strike of Employees of the Carrier or Airport อยากรู้ว่าคนที่เคยเคลมเจอปัญหาแบบเดียวกันหรือเปล่า คือ ถ้าสายการบินยกเลิกเที่ยวบินหรือเที่ยวบินล่าช้ามันก็คือเหตุผลของสายการบิน เพราะกำลังงกับการตอบคำถามของบริษัทฯ ที่ว่า เคลมได้เฉพาะ 3 กรณีข้างต้น ในขณะที่เอกสารแนบท้ายกรมธรรม์ หลักเกณฑ์และเงื่อนไขที่เป็นเอกสารที่ส่งมาให้ตอนซื้อประกันเดินทางกลับไม่ได้มีรายละเอียดบอกถึง 3 กรณีข้างต้นไว้เลย อย่างนี้บริษัทฯ จะกล่าวอ้างความคุ้มครองที่เข้าเงื่อนไขได้เต็มปากเหรอ ในเมื่อไม่ได้จัดส่งรายละเอียดให้กับผู้เอาประกัน เพราะเข้าใจว่าเครื่องดีเลย์ก็คือดีเลย์ คงไม่มีใครอยากให้เกิดเหตุการณ์แบบนี้ขึ้น เพราะเสียเวลา จะมาหาเหตุผลอ้างว่า ทำไมสายการบินต้องยกเลิกเที่ยวบิน ก็มีเอกสารของสายการบินที่แจ้งยกเลิกเที่ยวบินจัดส่งให้ประกอบเรื่องเคลม แล้วบริษัทฯ บอกว่าไม่เข้าเงื่อนไข ตามกฎหมายเอกสารแนบท้ายกรมธรรม์ที่ไม่ได้มีข้อมูลรายละเอียดแจ้งให้ผู้เอาประกันทราบ บริษัทฯ จะเอามากล่าวอ้างได้เหรอ เงื่อนไขและข้อยกเว้นกรมธรรม์ ก็ไม่ได้มีรายละเอียดการเคลมค่าสินไหมได้เฉพาะ 3 กรณี ข้างต้น บริษัทฯ อ้างได้ไม๊ อยากรู้ว่าใครเคลมประกันกับบริษัทกรุงไทยพานิชประกันภัยได้บ้าง แล้วใครเคยเคลมกับบริษัทอื่นแล้วเจอปัญหาแบบนี้ไม๊ แต่ที่รู้ คือ ลากันทีกับบริษัท กรุงไทยพานิชประกันภัย ให้ส่งเอกสารรอบแรกไม่อ่าน ให้เขียนอธิบายรายละเอียดการเดินทางเพิ่มเติม ถ้าบริษัทฯ รู้ว่าเคลมไม่ได้เพราะไม่เข้าเงื่อนไข มันก็ควรจะจบตั้งแต่วันแรกที่ยื่นเรื่องเลยป่ะ จะมาให้เขียนอธิบายรายละเอียดการเดินทางส่งเพิ่มเติมเพื่อ. แต่สุดท้ายแล้วเรื่องนี้ก็อยู่ที่ คปภ.พิจารณา เพราะคงจะไม่ยอมเสียเวลาจัดเตรียมส่งเอกสาร 2 รอบ แล้วมาอ้างว่าไม่เข้าเงื่อนไข โดยที่เรายังไม่รู้เรื่องที่พูดถึงเลย เรื่องที่กล่าวอ้างว่าไม่เข้าเงื่อนไขก็ไม่ได้อยู่ในเอกสารแนบท้ายกรมธรรม์เลย ชื่อสินค้า กรุงไทยพานิชประกันภัย คะแนน CR Consumer Review,"เที่ยวบินที่ 2, 3 และ 4 จากสนามบินคยาไปพาราณสีมีการเปลี่ยนเครื่องหลายจุดและใช้เวลานานตั้งแต่ 8 ชั่วโมงครึ่งถึง 18 ชั่วโมง
ลูกค้าได้ยื่นขอเคลมประกันการเดินทางเนื่องจากเที่ยวบินล่าช้า 24 ชั่วโมงจากสายการบิน โดยส่งเอกสารครบถ้วนภายในวันที่ 2 มีนาคม
บริษัทฯ แจ้งให้กรอกข้อมูลเพิ่มเติมหลังจากผ่านไปหนึ่งสัปดาห์ และมีพนักงานใหม่ที่ไม่ familiar กับรายละเอียดการเคลม
ลูกค้าแสดงความกังวลต่อความล่าช้าและความไม่สอดคล้องของข้อมูลระยะเวลาดำเนินการเคลมที่ให้ไว้",eval,Hybrid,2020,122,4,30.5,0.5486823320388794,0.5585309664408366,0.4414690335591634
35780037,ประกันอุบัติเหตุกับบัตรเดบิต SCB ไม่คุ้มครองค่าเวชภัณฑ์หรอคะ สวัสดีค่ะ เราได้ทำประกันไว้กับบัตรเดบิตของไทยพาณิชย์ และเข้ารักษาที่รพ.คู่สัญญาเมื่อวันที่ 22 สิงหาคม 2559 โดยก่อนรักษาก็ได้แจ้งเจ้าหน้าที่ว่าใช้ประกันอุบัติเหตุและแสดงบัตร SCB พร้อมกับบัตรประชาชน คุณหมอก็ทำการรักษาปกติและสั่งยากับชุดทำแผลให้ ก็มีการเขียนเล่าเหตุการณ์และเขียนใบรับรองแพทย์ให้ ตอนไปชำระเงินที่ฝ่ายการเงินก็แสดงบัตร SCB พร้อมบัตรประชาชนอีกครั้ง สรุปว่าเราไม่ต้องชำระเงินส่วนต่างเพราะค่ารักษาทั้งหมดรวมแล้ว 4279.00 บาท ซึ่งประกันอุบัติเหตุคุ้มครอง 500.00 บาท เราเองเพิ่งเคยใช้ประกันอุบัติเหตุกับบัตรครั้งแรก ก็รู้สึกว่าโอเคไม่ยุ่งยากค่อยข้างประทับใจ ต่อมาวันนี้ได้เข้าไปรักษาที่รพ.เดิมอีกครั้ง และตอนชำระเงินเจ้าหน้าที่แจ้งว่ามียอดเงินที่ต้องชำระจากการรักษาครั้งก่อน เมื่อ 22 สิงหาคม 2559 เพราะบริษัทประกันแจ้งกับทางรพ.ว่าไม่สามารถให้ความคุ้มครองเต็มจำนวนเงินที่เรียกเก็บ เนื่องจากไม่คุ้มครองค่าเวชภัณฑ์ Tegaderm 5x7cm 169x13 2197 บาท เนื่องจากเบิกเกินความจำเป็น อนุโลมจ่ายให้แค่ 1 แผ่น สรุปคือเราก็ต้องจ่ายไป 2197 บาท คำถามคือ. อยากทราบว่าเกินความจำเป็นอย่างไรคะ ขึ้นอยู่กับดุลพินิจของบริษัทประกัน ไม่ใช่ดุลพินิจของแพทย์หรอคะ หรือปกติประกันประเภทนี้ไม่คุ้มครองค่าเวชภัณฑ์อยู่แล้ว และค่ารักษาทั้งหมดก็ไม่เกิน 500.00 บาทตามที่บัตรเคลมไว้ว่าคุ้มครอง ถ้าเกินและมีส่วนต่างอันนี้เราก็เข้าใจและยินดีจ่ายค่ะ รายละเอียดการรักษา เราเข้ารักษาอุบัติเหตุโดนน้ำมันลวก เป็นแผลพุพองซึ่งปิดพลาสเตอร์แผ่นเดียว วันเดียวคงไม่หายค่ะ. โดยคุณหมอแจ้งว่าเราต้องทำแผลและเปลี่ยนพลาสเตอร์ทุกๆ 2 วัน และแปะพลาสเตอร์กันน้ำไว้ 2 จุดคือบริเวนหน้าอก และแขนซ้าย น่าจะใช้เวลาประมาณ 2 3 อาทิตย์ ซึ่งทั้งหมดแพทย์เป็นคนสั่งจ่ายให้ 13 แผ่นเป็นพลาสเตอร์กันน้ำที่เราต้องใช้ พอดีพยายามหาข้อมูลในเว็บไซต์แล้วแต่หาไม่เจอว่ามีตรงไหนที่ระบุว่าไม่คุ้มครองในส่วนของค่าเวชภัณฑ์ และเราลองโทรถาม HBC Call Center โดยตรงแล้วแต่เจ้าหน้าที่ค่อนข้างพูดวนไปวนมา สรุปได้ว่าไม่คุ้มครองค่าเวชภัณฑ์ที่แพทย์จ่ายให้เอากลับบ้าน จะคุ้มครองแค่ค่าเวชภัณฑ์ที่แพทย์ใช้ตอนทำแผลให้เราที่รพ. เราก็ถามว่าอ่าวหรอคะ และข้อยกเว้นต่างๆ พวกนี้สามารถดูได้จากไหน เราจะได้ศึกษาไว้ว่าเรามิสิทธิอะไรบ้าง จนท.ก็บอกไม่ได้และให้เราลองถาม SCB ดูว่าตอนทำบัตรมีรายละเอียดยกเว้นอันนี้มั้ย แต่เราโทรไปถาม Call center SCB ก็แจ้งว่าไม่ทราบรายละเอียดเรื่องประกัน ต้องติดต่อประกันโดยตรง. ซึ่งเราก็คุยไปแล้ว ใครพอจะทราบฝากช่วยชี้แจงข้อสงสัยด้วยนะคะ ถ้าเกิดรู้ว่าไม่คุ้มครองอะไรบ้างเราจะได้ยกเลิกเพราะคิดว่าคงไม่คุ้ม มีประกันของบ.ที่ทำงานกับประกันสังคมอยู่แล้วจะได้เลือกใช้ถูกค่ะ ขอบคุณค่ะ,"ผู้ร้องเรียนเข้ารับการรักษาที่โรงพยาบาลคู่สัญญาเมื่อวันที่ 22 สิงหาคม 2559 โดยใช้สิทธิ์ประกันอุบัติเหตุจากบัตรเดบิตไทยพาณิชย์ และได้รับการรักษาพร้อมยาและเวชภัณฑ์รวมทั้งหมด 4,279 บาท
ภายหลังได้รับแจ้งจากโรงพยาบาลว่ามียอดค้างชำระจำนวน 2,197 บาท เนื่องจากบริษัทประกันไม่คุ้มครองค่าเวชภัณฑ์ Tegaderm ขนาด 5x7 ซม. จำนวน 13 แผ่น โดยอ้างว่าเบิกเกินความจำเป็น
ผู้ร้องเรียนระบุว่าแพทย์สั่งใช้เวชภัณฑ์ดังกล่าวเพื่อการรักษาแผลลวก และต้องเปลี่ยนผ้าปิดแผลทุกสองวันเป็นเวลาหลายวัน จึงเห็นว่าการใช้จ่ายเป็นไปตามแนวทางการรักษา
ผู้ร้องเรียนสอบถามข้อมูลเพิ่มเติมจากศูนย์บริการลูกค้าของทั้งธนาคารและบริษัทประกัน แต่ไม่ได้รับคำชี้แจงที่ชัดเจนเกี่ยวกับข้อยกเว้นหรือแหล่งข้อมูลที่ระบุเรื่องการไม่คุ้มครองค่าเวชภัณฑ์",eval,Hybrid,2016,35,4,8.75,0.5070425271987915,0.5284087657928467,0.4715912342071533
32087984,เมืองไทยประกันภัย ออกกรมธรรม์ให้ลูกค้าผิด แล้วโยนความรับผิดชอบ ทำแบบนี้ถูกแล้วหรือเปล่าคะ กรมธรรม์เดิมของเรา เป็นของเมืองไทยฯค่ะ หมดอายุวันที่ 30 มีนาคม 2557 ค่ะ ด้วยความกังวลเรื่องประกันมาก จึงติดต่อไปยังโบรคเกอร์แห่งหนึ่งเพื่อขอราคาเบี้ยประกัน โดยระบุว่า ชั้น 1 ซ่อมห้างฯ ซึ่งต้องเป็นบริษัทฯประกันที่สามารถนำรถเข้าซ่อมที่ 0 โตโยต้าลิบบราได้ ดังนั้นก็จะมีเพียงไม่เกิน 10 บริษัทฯ ที่เป็นตัวเลือก ทีแรกจะย้ายบริษัทฯประกัน เพราะว่าเดิมทีเราซื้อกับโบรกเกอร์อีกที่หนึ่ง แต่อยากเปลี่ยนผู้ดูแลซึ่งต้องส่งเอกสารเพื่อขอเปลี่ยนทีแรกเค้าก็เสนอเป็นของ SMK มาให้ค่ะ แต่ปรากฎว่าไม่สามารถซ่อมที่โตโยต้าลิบบร้าได้ แล้วก็ส่งของวิริยะมาอีก ซึ่งเบี้ยแพงไป จนในที่สุดก็จบที่ประกันของเมืองไทยฯที่ราคาสมเหตุสมผล และซ่อมที่โตโยต้าลิบบร้าได้ เราตกลงซื้อประกันกับเมืองไทย ผ่านโบรกเกอร์ดังกล่าวไป โดยชำระค่าเบี้ยประมาณวันที่ 17 หรือ 18 มี.ค. ไม่แน่ใจค่ะ มีเจ้าหน้าที่เอาเครื่องรูดบัตรเครดิตมาบริการถึงที่ทำงานเราเลย เราตรวจสอบใบเสร็จดู ยี่ห้อรถ เลขตัวถัง ทะเบียน ข้อมูลถูกต้องหมด มีติ๊กที่ประกันภัย ประเภท 1 แต่ไม่มีระบุว่าอู่ ห้าง ซึ่งทางเค้าบอกว่าปกติจะไม่ได้ระบุในใบเสร็จค่ะ แต่จะระบุเฉพาะในกรมธรรม์ จากนั้นก็ตามกรมธรรม์มาตลอด โบรกเกอร์บอกว่าประกันเดิมยังไม่หมดอายุรอให้หมดก่อนแล้วกรมธรรม์จึงจะออกมาให้แล้วจะจัดส่งให้ที่บ้านเราอีกครั้ง เหตุการณ์เกิดขึ้นอีกคือวันที่ 30 มี.ค.วันที่กรมธรรม์เดิมหมดความคุ้มครอง 16.30 น.และเริ่ม ความคุ้มครองของกรมธรรม์ใหม่หลังจาก 16.30 น.เป็นต้นไป เราขับรถมาตามถนนพระราม 2 จะขึ้นทางด่วนแล้วถูกรถมาสด้าชนท้ายค่ะ ซึ่งประกันของคู่กรณีเป็นฝ่ายผิด เราก็ตกลงและจากกันด้วยดี ประมาณก่อนสงกรานต์เราว่างเลย โทรถามโบรกเกอร์ว่าเราเอารถไปซ่อมได้ไหม มีใบเคลท แต่กรมธรรม์ยังไม่ได้เลย ทางนั้นบอกว่าได้ และให้เราเอาใบเคลม 2 ใบใบนึงเราเฉี่ยวชนขอบเสาซึ่งเราผิด อีกใบเป็นใบที่เกิดเหตุเมื่อวันที่ 30 ซึ่งเราฝ่ายถูก ไปเข้า 0 โตโยต้าเพื่อจองคิวซ่อม ทาง 0 ทำเรื่องและจะนัดวันเอารถเข้าซ่อมอีกครั้ง ประมาณช่วงก่อนสงกรานต์มั้ง กรมธรรม์ก็ยังไม่มา แต่โบรคเกอร์โทรมาบอกเราว่า ประกันบอกว่าเรามีเคลม ต้องขอขึ้นค่าเบี้ย เราก็บอกโบรกเกอร์ไปว่า ค่ะเรามีเคลมจริงและเราก็แจ้งก่อนต่อประกันว่าเรามีเคลม จากนั้นทางคุณก็ไปเช็คราคากันมาให้เรา และเราก็จ่ายไปตามราคาที่คุณแจ้ง แล้วยังไง สุดท้ายโบรคเกอร์ก็โทรมาบอกว่า คุยกับทางประกันละ ประกันยอมไม่ขึ้นค่าเบี้ยเพราะเป็นความผิดของเค้าเองที่ไม่มีข้อมูลในระบบ ตรงนี้รู้สึกยังไงกันบ้าง รถลูกค้าชนทั้งที ยืนยันว่ามีเคลม แต่ประกันยังไม่ทราบว่ามีลูกค้ามีเคลม ถามไปยังมาบอกว่าไม่มีเคลม จน 0 ส่งเรื่องไปถึงบางอ้อว่า มีเคลมหรือเนี่ย เมื่อสัปดาห์ที่แล้ว 0 ก็โทรมาค่ะบอกว่าทางประกันจะซ่อมให้เฉพาะใบเคลมที่ชนเสา ส่วนอีกใบที่เราถูกชนฝ่ายถูกซ่อมไม่ได้ค่ะ เพราะว่าเป็นกรมธรรม์ซ่อมอู่ เพราะเหตุเกิดหลัง 16.30 น.ของวันที่ 30 3 57 ช่วงคาบเกี่ยว เราตกใจมากค่ะ คือ งง ว่าทำไมเป็นซ่อมอู่ เพราะก็ย้ำตลอดว่า ประกันชั้น 1 ซ่อมห้าง เมื่อโทรไปถามยังโบรกเกอร์ ทางนั้นแจ้งว่าเมล์ของผู้ที่ดูแลเราถูกบลอคเข้าไม่ได้ กำลังรอข้อมูลจากเมืองไทยเช็คอยู่ค่ะ ผ่านไป 1 วันทางโบรคเกอร์ติดต่อมา บอกว่าทางเมืองไทยฯเจอเมล์แล้ว ซึ่งอ้างว่าในเมล์มีราคาประกันภัย และระบุท้ายตารางว่า ซ่อมอู่ จากนั้นเราก็ลองไปหาเมล์เราบ้างที่เก็บไว้ ปรากฎว่ามีจริงๆ เมล์ที่เค้าอ้างมาค่ะ แต่ในเมล์ที่เรามีกับเค้ามีไม่เหมือนกัน เมล์ที่เรามีไม่มีระบุว่าซ่อมอู่ ท้ายตารางแต่อย่างใด ถ้ามีบอกว่าซ่อมอู่เราจะไม่ซื้อประกันเด็ดขาด แต่นี่เราไม่รู้จะทำไง เงินก็จ่ายไปแล้ว กรมธรรม์ตามมาทีหลังเป็นเดือน แถมออกมาว่าเป็นซ่อมอู่อีก แล้วมาบอกว่าให้เรารับผิดชอบค่าซ่อมส่วนต่างถ้าจะเข้า 0 ที่ 700 บาท ถามว่าตรงนี้เราผิดหรอ เราต้องรับผิดชอบหรอคะที่เมืองไทยออกกรมธรรม์ให้เราผิด ทั้งที่เราซื้อซ่อมห้าง แล้วมาบอกว่าให้เราจ่ายส่วนต่างเอง หรือเราจะ จ่ายเพิ่มประมาณ 300 บาท เพื่อเปลี่ยนกรมธรรม์จากอู่เป็นห้าง ทางบริษัทประกันไม่ช่วยทำเรื่องอย่างเต็มทีแล้ว เหลือแต่เราตัดสินใจว่าจะ จ่าย 700 หรือ 300 บาท จะบอกว่าตอนนี้ปรี๊ดมากเลยค่ะ เราผิดหรอที่ซื้อประกันซ่อมห้าง แล้วคุณออกกรมธรรม์ซ่อมอู่มาให้ ตอนขอราคาก็ขอซ่อมห้าง แต่ตอนให้ราคาก็ไม่มีตรงไหนบอกว่าซ่อมอู่ แล้วลูกค้าจะรู้ได้ยังไงคะ ว่าราคาที่คุณให้เป็นราคาซ่อมอะไร สุดท้ายปัดความรับผิดชอบมาบอกว่านี่คือสิ่งที่คุณช่วยอย่างเต็มที่แล้ว แบบนี้เราควรทำไงคะ มีใครเคยเจอเคสนี้บ้างคะ,"มีการซื้อประกันชั้น 1 ที่ระบุว่าสามารถซ่อมที่ห้างได้ แต่กรมธรรม์ฉบับสุดท้ายกลับระบุว่าซ่อมอู่ โดยไม่มีการแจ้งให้ทราบล่วงหน้า
เหตุการณ์ชนท้ายเกิดขึ้นหลังเวลาหมดอายุกรมธรรม์เดิม 16.30 น. ซึ่งอยู่ในช่วงคาบเกี่ยวระหว่างกรมธรรม์เก่าและใหม่
แม้จะแจ้งโบรกเกอร์และดำเนินการเคลมก่อนแล้ว แต่เมื่อนำรถไปซ่อมกลับถูกแจ้งว่าไม่สามารถซ่อมที่ศูนย์โตโยต้าได้ เนื่องจากกรมธรรม์ระบุเป็นซ่อมอู่
ลูกค้ารู้สึกไม่สบายใจที่ต้องรับผิดชอบค่าใช้จ่ายส่วนต่างหรือเปลี่ยนแปลงกรมธรรม์เอง ทั้งที่ได้ชำระเบี้ยประกันไปแล้วโดยไม่ทราบข้อมูลสำคัญดังกล่าว",eval,Hybrid,2014,68,4,17.0,0.4699698984622955,0.5252077579498291,0.4747922420501709
34815940,ได้ประกันรถยนต์มาโดยที่ยังไม่ได้ตกลง จะยกเลิก ได้ประกันรถยนต์มาโดยที่ยังไม่ได้ตกลง แก้ไข เมื่อวันที่8 9 02 59 ได้ติดต่อโบรคเกอร์เพื่อขอใบเสนอราคาทำประกันรถยนต์จาก บ.กระต่ายใครแนนต์นามสมมุติโดยตกลงกันที่ทุน42000 เบี้ย 13899 บาท ได้บ.ของคนไทยเราก้อ ส่งเอกสารทางไลน์ พร้อมหน้าบัตรเครดิตจ่ายผ่านบัตร ไม่แนะนำให้ทำ อันตรายมากในความปลอดภัยเพิ่งรู้ว่าแค่มีหน้าบัตร เลขบัตรพร้อมวันหมดอายุ เค้าก็สามารถหักเงินเราได้แถมววเงินไม่พอ ธนาคารเจ้าของบัตรก็ให้หักเงินเกินทำให่เราติดลบเพิ่มไปอีก แต่ต่อมาได้บอกว่า คุยทาง บ. ประกันแล้วเค้าให้ได้แค่ 40000 เราจึงขอ คิดดูก่อน พร้อมกันนั้นก้อลองดูโบรคเกอร์ไปด้วยเพื่อเทียบราคา ต่อมาวันที่16 02 59 ได้ตกลงกับอีกโบรเกอร์อีก บริษัทหนึ่งซึ่งพอใจในราคาเลยตกลงทำกับโบรคเกอร์บริษัทใหม่นี้ พอมาวันที่ 17 02 59 ได้รับซองตารางกรมธรรม์จากบริษัทคนไทย ที่ติดต่อผ่านโบรคเกอร์แรกซึ่งเรายังไม่ได้ตกลง ก็เลยโทรฯถาม โบรคเกอร์บริษัทกระต่าย เค้าบอกว่า เค้าได้ติดต่อกับบริษัทประกันภัยคนไทย แล้วได้ราคา ที่42000จึงจัดการให้เรา ทั้งที่เรายังไม่รู้และไม่ได้ตกลงกันใหม่ แถมยังบอกว่าติดต่อโทร หาเราไม่ได้ ทั้งที่สามารถบอกทางไลน์ หรือส่งข้อความมาทางโทรศัพย์หรืออีเมล แต่ไม่ ทำ เราก็ทำกับบริษัทใหม่ ซึ่งอยู่ในขั้นตอนที่ตกลงกันแล้ว เลยโทรฯไปบอกให้บริฒัทกระต่าย ให้ยกเลิก ให้เรา เพราะคุณถือวิสาสะ ทำไปแถม หักเงินเราเรียบร้อยไปแล้ว ยังดีที่บริษัทใหม่เค้าเข้าใจเลยยกเลิกทางเค้าให้ก่อน ส่วนทางบริษัทกระต่ายก็บอกว่าถ้าจะยกเลิกให้ส่งเอกสารตารางพร้อมของสมนาคุณกลับไปให้เค้า ถึงจะยกเลิกได้ แถมยังบอกว่าเราจะต้องเสียค่าใช้จ่ายในการจัดส่ง รวมถึงค่าที่บริษัทคนไทยจะหักจากเบี้ยที่เราจ่ายเพราะถือว่า เค้าได้คุ้มครองเราแล้ว ทั้งที่เราไม่ได้ผิด ไม่ได้ตกลงทำ แบบนี้ต้องทำยังงัยครับ เอกสารส่งคืนไปแล้ว แต่ได้ถ่ายรูปทุกอย่างไว้เป็นหลักฐานรวมถึงหน้าไลน์ที่ไว้ส่งเอกสาร และการสนทนากัน ว่าเค้าไม่ได้แจ้งอะไรเราเลยเพื่อนๆสมาชิกมีอะไรแนะนำไม่ครับ หรือต้องแจ้งความในส่วนที่เค้าถือวิสาสะ และฟ้อง คปภ.ด้วยครับ,"ได้รับซองตารางกรมธรรม์จากบริษัทประกันภัยคนไทยผ่านโบรคเกอร์คนแรกในวันที่ 17 กุมภาพันธ์ 2559
โบรคเกอร์บริษัทกระต่ายระบุว่าได้ตกลงราคาไว้ที่ 4,200 บาทโดยไม่แจ้งให้ทราบล่วงหน้าหรือขออนุญาตก่อน
บริษัทกระต่ายอ้างว่าติดต่อเราไม่ได้ ทั้งที่มีช่องทางการสื่อสารหลายช่องทางที่สามารถใช้ได้
หลังทราบข้อมูลแล้วจึงแจ้งยกเลิกการดำเนินการกับบริษัทกระต่าย และได้รับความร่วมมือจากบริษัทใหม่ในการยกเลิกก่อน",eval,Hybrid,2016,30,4,7.5,0.4782342910766601,0.5003105799357096,0.4996894200642904
41637453,เจอะกับเค้าเหมือนกันกับประกันสุขภาพของ Gen. ดีที่เข้ามาหาข้อมูลในพันทิพย์ก่อน จากโพสที่ผ่านมาที่มาสอบถามและหาข้อมูลในพันทิป ซึ่งได้อ่านและได้รับรู้ถึงชื่อเสียงของบริษัทประกันสุขภาพ Gen. ดังกล่าว ในระหว่างที่รอผลการสมัครที่เพิ่งสมัครทางโทรศัพท์ไปเมื่อวันที่ 12.9.65 และทางเจ้าหน้าที่บอกว่าจะมีการแจ้งผลการสมีครอีกครั้ง ซึ่งเมื่อได้อ่านและหาข้อมูลจากการบริการและเห็นหลาย ๆ กระทู้กล่าวถึงในแง่ของการเคลมและการยกเลิกยาก ซึ่งทำให้เกิดความไม่ฃมั่นใจ ในการที่จะเลือกทำกระกันกับที่นี้ จึงตัดสินใจโทรไปยกเลิกในเช้าเก้าโมงวันที่ 14.9.65 ซึ่งพนักงานแจ้งว่าได้ขอบันทึกเสียงเพื่อทำการยกเลิก ซึ่งทางเราได้อณุญาติและได้แจ้งข้อความขอยกเลิกประกันสุขภาพที่ได้สมัครและกรมธรรม์ประกันสุขภาพยังไม่ได้เพราะอยู่ในระหว่างพิจารณา ทางพนักงานแจ้งว่าสามารถแจ้งยกเลิกทางโทรศัพท์ได้แต่ต้องรอโทรกลับจากเจ้าหน้าที่ภายใน 5 วัน. ซึ่งรับทราบและได้สอบถามถึงการตัดบัตร CR ในยอดหมื่อนเจ็ดพันกว่าบาท ซึ่งได้ตรวจสอบดูแล้วว่ายังไม่มีการตัดบัตร ขึ้นสถานะรอเรียกเก็บ ณ วันที่แจ้ง. ทางพนักงานแจ้งว่าหลักจากแจ้งจะมีการ Hold การชำระเอาไว้เพื่อรอการยกเลิกสำเร็จ. เบาใจไป หลังจากแจ้งยกเลิกได้โทรไปหาธนาคารเจ้าของบัตร CR เช็คสถานะและแจ้งว่ามีการยกเลิกการทำประกันดังกล่าวแล้วทาง CC เช็คว่าบัตรยังอยู่ในสถานะซึ่งรอเรียกเก็บ CC เองไม่สามารถทำยกเลิกได้ต้องรอให้ทางประกันทำยกเลิกหรือรอรอบเรียกเก็บ ตามกำหนดของบัตรตัดดิว 21.10.65 ซึ่งถึงจะมีการทำจ่ายหากประกันเรียกเก็บยอดมาในระหว่างรอเจ้าหน้าที่ของบริษัทประกันติดต่อมา ภายใน 5 วัน ทาง CC ของธนาคารเองก็แจ้งว่าน่าจะไม่มีปัญหาอะไร. โอเค ผ่านไปในวันนี้รอการติดต่อกลับของทางประกันทั้งวัน เงียบ. มาถึงบ่ายสี่โมงกว่า ดูสถานะบัตร CR ผ่านแอพ ปรกกฎว่า. ประกันเรียกเก็บยอดบัตรไปแล้ว เอาละสิไหน ไหนทาง CC ประกัน Gen. แจ้งว่า รับเรื่องและจะมีการ Hold ยอดเรียบร้อยจะไม่มีการเรียกเก็บ. แต่ปรากฎว่าหลังแจ้งยกเลิกกลับมีการเรียกเก็บยอดเลยจึงโทรเข้าหา CC ประกันอีกครั้ง แจ้งเรื่องแบบเมื่อวานอีกรอบพร้อมสอบถามว่าทำไมจึงมีการตัดบัตรทั้งที่ CC เมื่อวานแจ้งว่าเช็คสถานะแล้วอยู่ในระหว่างรอเรียกเก็บและ Hold เอาไว้ ทาง CC วันนี้ตอบกลับว่า ลค. ต้องรอติดต่อกลับ 5 วันทำการนะค๊าา ต้องนับวันนี้วันแรก พรุ่งนี้ไม่นับ และเจ้าหน้าที่จะติดต่อเพื่อยกเลิกในวันพฤหัส โห. นานจริง ๆ ขนาดกรมธรรม์ยังไม่ออกนะครับ ใจคิด. ถ้าออกแล้วนี้คงเป็นไปตามที่พันทิพย์หลาย ๆ ท่านคุย ๆ กันไว้ ส่วนยอดการตัดบัตร CC บอกว่าสมัคปุ๊ปตัดทันทีนะค๊าา. เราก็แย้งไปว่าตรวจสอบสถานะแล้ววันที่ 15 ทางธนาคารก็แจ้งว่ารอเรียกเก็บ พนักงานคุณก็บอกว่า Hold ยอดไว้ รอยกเลิก. ทาง CC นิ่งไปสักพักก่อนจะตอบว่า ยอดถูกเรียกเก็บไปวันที่ 14 ค๊ะ. บัตรCRจะถูกคืนตามช่องทาง 15 วัน เอาสิ งง ขนาดเช็คธนาคารวันที่ 15 ยังรอเรียกเก็บ ธนาคารเองยังบอกว่าถ้าประกันยกเลิกยอดจะหายไปและไม่มีผลคือคืนวงเงินกลับเข้ามาทันที เฮ้อ มีอะไรให้บริการอีกมั๊ยค่ะ. เลยตอบกลับไปว่าไม่มีอะไรให้บริการแล้วขอให้ยกเลิกให้เรียบร้อยแล้วกันครับ จบ. รอลุ้นวันพฤหัสหน้า ขนาดรีบยกเลิกก่อนกรรมธรรน์ออก เป็นประสพการณ์ว่าก่อนจะตัดสินใจอะไรแวะมาหาข้อมูลในนี้ก่อนดีกว่าครับ 55,"ผู้ร้องเรียนแจ้งยกเลิกกรมธรรม์ประกันสุขภาพผ่านโทรศัพท์ในวันที่ 14 กันยายน 2565 โดยพนักงานยืนยันว่าได้บันทึกเสียงและดำเนินการ Hold การเรียกเก็บเงินไว้
หลังจากนั้นตรวจสอบสถานะบัตรเครดิตพบว่ายังไม่มีการตัดยอด แต่ภายหลังกลับมีการเรียกเก็บเงินจากบริษัทประกันโดยไม่แจ้งเตือน
ผู้ร้องเรียนจึงติดต่อศูนย์บริการลูกค้าของบริษัทประกันอีกครั้ง แต่ได้รับคำตอบว่าต้องรอติดต่อกลับภายใน 5 วันทำการ ซึ่งขัดแย้งกับข้อมูลเดิมที่ระบุว่ามีการ Hold ยอดแล้ว",eval,Hybrid,2022,39,3,13.0,0.5664740800857544,0.5794712702433268,0.4205287297566732
31035659,ที่บ้านผมโดนเจ้าหน้าที่กสิกรไทยหลอกขายประกัน ที่บ้านผมกโดนกสิกรไทยหลอกขายประกัน บ้านผมอยู่ปราจีนรบุรี อ.ศรีมโหสถ เมื่อเดือนมีนาคม 2556 โดนเจ้าหน้าที่กสิกรไทย สาขา อ.ศรีมโหสถ ไปหาถึงที่บ้านเลย ซึ่งมีแต่อาผมอายุ 74 แล้วอยู่บ้านกับน้องสาวที่มาเยี่ยมจากต่างประเทศ ไปขายประกันแล้วบอกว่าเป็นการออมเงินได้ผลตอบแทนสูง แต่เนื่องจากอาผม อายุเกินแถมมีโรคประจำตัว เป็นทั้งหัวใจ ความดัน กระดูกเสื่อม ต้องหาหมอทุกเดือน เจ้าหน้าที่ก็เลย เอาชื่อน้องสาวอาผมอายุ 60 กว่าซึ่งปกติจะอยู่ต่างประเทศซึ่งมาเที่ยวเมืองไทยหาพี่สาวพอดี ใส่ไปแทนเป็นผู้เอาประกัน โดยเอาชื่ออาผมเป็นคนรับผลประโยชน์ แบบประกัน 90 5 ไม่ได้ทำแค่ 1กรมธรรม์นะครับ ออกมา 2 กรมธรรม์ เหมือนกันเลยครับ 90 5 ทุนประกัน 170000 และ 178500 ส่งเบี้ยปีละ 317781 และ 346380 รวมทั้งสองกรมธรรม์เป็นเงินปีละ 664161 บาท อาผมบอกว่าไม่เห็นเจ้าหน้าที่บอกว่าเป็นประกัน บอกว่าออมเงิน ได้ผลตอบแทนมากกว่าฝากประจำ จะถอนเมื่อไหร่ก็ได้ จนเรื่องราวร่วงเลยมา ผมก็เพิ่งทราบเรื่อง ตอนจะไปเบิกเงิน เพราะแกจะเอาเงินไป รักษาโรคกระดูกเสื่อมที่กรุงเทพ ถึงรู้ว่าเงินที่จ่ายไปนั้น กลายเป็นเงินประกัน เมื่อวันก่อน เจ้าหน้าที่ bank เข้ามาหาอาผมที่บ้าน บอกถ้าจะยกเลิก ตอนนี้ได้เงินคืนแต่ แสนกว่าบาท ส่วน ที่เหลือเอาคืนไม่ได้ ดูเค้าพูดสิครับ หน้านิ่งๆ ซึ่งผมคงไม่ยอม พวกคุณมาหลอกให้คนแก่ทำประกัน แบบนี้ได้ยังไงกัน ไม่มีจรรยาบรรณ ไม่รักษาภาพลักษณ์ธนาคาร คนต่างจังหวัด เค้าเชื่อใจเจ้าหน้าที่ธนาคาร บอกอะไรเค้าก็เชื่อ ไปบอกเค้าว่าเป็นเงินออม ที่ไหนได้เป็นประกัน แถมพูดแต่ข้อดีได้เงินสูงแบบนั้นแบบนี้ แทนที่เค้าจะเอาเงินไปรักษาตัวเวลาที่เค้าเจ็บป่วย กลับต้องมาเสียเงินเบี้ยประกัน อีกหน่อยคนในพื้นที่ ที่ไหนจะไปเชื่อธนาคารนี้ได้ ผู้จัดการธนาคารบอกกับผมว่า จะให้คำตอบภายในอาทิตย์หน้า ให้เจ้าหน้าที่รับผิดชอบเรื่องประกันติดตามอยู่ และอีกอย่างผู้จัดการคนเก่าที่ทำก็ได้ย้ายไปสาขานครนายกแล้ว ถ้าไม่ได้เรื่องผมคงต้องพาอาผมเข้ากรุงเทพ ร้อง คปภ. อ่อ บัตร wisdom ที่ ธนาคารให้มาด้วยเหมือนกันครับ ผมอยากจะบอกว่า คนต่างจังหวัด เค้าไม่ได้ต้องการบัตรพวกนี้หรอก จะเอาไปรูดที่ไหน วันๆไปซื้อข้าวของกันแต่ในตลาดนัด ห้างที่ไหนก็ไม่มี นี่ถ้าไม่ได้เรื่องผมคงต้องประกาศให้รู้กันทั้งอำเภอว่าไอ้เจ้าหน้าที่ bank นี้เชื่อถือไม่ได้,"ผู้ร้องเรียนอายุ 74 ปี ระบุว่ามีญาติที่มาจากต่างประเทศมาเยี่ยม และแนะนำผลิตภัณฑ์ทางการเงินโดยอ้างว่าเป็นการออมเงินที่ให้ผลตอบแทนสูง
เนื่องจากผู้ร้องมีอายุและโรคประจำตัว จึงถูกใช้ชื่อน้องสาวของตนแทนเป็นผู้เอาประกัน โดยผู้ร้องเป็นผู้รับผลประโยชน์ในกรมธรรม์สองฉบับ
กรมธรรม์ทั้งสองฉบับมีลักษณะคล้ายกัน มีทุนประกันและเบี้ยประกันรายปีสูงมาก รวมถึงไม่ได้รับคำอธิบายอย่างชัดเจนว่าเป็นการประกัน
ผู้ร้องเพิ่งทราบความจริงเมื่อต้องการเบิกเงินเพื่อรักษาพยาบาล และพบว่าสามารถยกเลิกกรมธรรม์ได้แต่จะได้เงินคืนเพียงจำนวนหนึ่งเท่านั้น",eval,Hybrid,2013,28,4,7.0,0.4935371875762939,0.5824700991312662,0.4175299008687337
33953324,เคลมค่ารักษาไม่ได้ค่ะ ต่อให้ชำระค่าธรรมเนียมทุกปี ATMพ่วงประกันภัยอุบัติเหตุ ขอเข้ามาแก้ไขสรรพนามแล้วกันนะคะจขกทเห็นว่ามีคนท้วงติงหลายคน เพราะเป็นคำเรียกติดปากของ จขกทเองค่ะ ขอโทษด้วยค่ะ ส่วนบทสรุปที่แบงค์ตอบมีแล้วไปตามอ่านในคอมเม้นนะคะ Update ค่ะ 24 7 2558 เราได้รับการติดต่อเข้ามาจากศูนย์รับร้องเรียน บ.ประกันค่ะ ทั้งหมด 2 ครั้ง ครั้งแรก เวลา 9 47น.โทรเข้ามาแจ้ง สถานะบัตร ว่าสามารถใช้งานได้เรียบร้อยแล้ว ครั้งที่ 2 เวลา 13 30 น. โทรเข้ามาแจ้งว่า เจ้าของบัตรเข้าไปรับเงินที่จ่ายไปก่อนคืนแล้ว และสามารถใช้บัตร เพื่อเข้ารับการรักษาต่อเนื่องได้ เจ้าของบัตรไม่ได้ทราบจากเรานะคะ ว่าสามารถรับเงินคืนได้แล้ว แกไปรักษาต่อค่ะ ถึงได้รับเงินคืน ขอบคุณบ.ประกันที่ช่วยประสานงานค่ะ ธ.ไม่เคยติดต่อผ่านเรามานะคะ นอกจากในPMของพันทิพ สิทธิรักษาขาดได้ค่ะ ต่อให้ชำระค่าธรรมเนียมทุกปี ATMพ่วงประกันภัยอุบัติเหตุ เมื่อวาน เพื่อนร่วมงาน ไปรักษาตัวกรณีอุบัติเหตุ โดย ยื่น บัตรATM ที่คุ้มครองอุบัติเหตุวงเงินครั้งละ500 บาท ปรากฎ จนท.รพ.แจ้งว่า ใช้ไม่ได้นะคะ บ.ประกันบอกว่า กรมธรรม์นี้หมดอายุแล้ว หมดไปตั้งแต่ เดือน 10 2557แล้ว เราเห็นว่าเจ้าของบัตร ไม่รู้ประสีประสา โทรไปคุยเองไม่ได้ประโยชน์แน่ๆ เลยติดต่อให้ เพราะหากได้เรื่องคงใช้บัตรได้ตั้งแต่รพแรกที่ไปแล้ว เจ้าของบัตรเป็นพนง.กินค่าแรงรายวันค่ะ ถ้าใครเคยร่วมงานกับพนักงานระดับปฏิบัติงาน คงเข้าใจ. จขกท นะคะ ว่าทำไมต้องติดต่อทุกอย่างให้ เราเห็นใจและยินดีช่วยแกเอง โดยแกไม่ได้ร้องขอค่ะ เราก็อ้าวยังไงล่ะ เลยเข้าใจไปว่า 1.ไม่ได้ชำระค่าธรรมเนียมรายปีบัตรใช่มั้ย ตรวจสอบแล้วปรากฎว่า ชำระแน่นอน เพราะวันนี้ก็ยังกดเงินค่าแท็กซี่มาหาหมออยู่เลย เลยไปเช็คกับสาขาที่เปิดบัญชีธนาคาร จนท.เช็คให้แล้ว บอกว่า ก็ปกตินะคะ ค่าธรรมเนียมถูกหักปกติที่ผ่านมา และจะเรียกเก็บครั้งต่อไปคือ เดือน09 2558 ซึ่งหมายถึง ยังไม่ถึงนิ แล้วทำไมใช้บัตรไม่ได้ 2.บัตรหมดอายุหรือเปล่า ตรวจสอบแล้ว ไม่แน่นอน เพราะวันนี้ยังใช้อยู่ และหน้าบัตร ระบุวันหมดอายุ คือ 08 17 หรือ เดือน 8 ปี 2560 เรายังข้องใจ โทรกลับไปหา บ.ประกัน ได้คำตอบว่า กรมธรรม์หมดอายุ หรือ ขาดจริงๆครับ เนื่องจาก บ.ไม่ได้รับค่าเบี้ยของกรมธรรม์นี้จากธนาคารเจ้าของบัตร เราก็เอ๊ะ ยังไงอ่ะ ไม่เข้าใจ ใครอธิบายได้บ้าง รีบโทรไปเช็คที่ call center ซึ่งติดต่อยากมาก.ก เล่าเรื่องทุกอย่างให้ฟัง เพราะต้องการให้บัตรใช้งานได้ สรุป ต้องให้เจ้าของบัตรติดต่อเข้ามาเอง ซึ่งหากเป็นเจ้าของบัตร โทรมาก็คงได้แต่ครับๆ และไม่ได้ประโยชน์อะไร เลยโทรไปปรึกษาสาขาที่เปิดบัญชี เค้าเลยแนะนำให้สำรองค่ารักษาเอง ไปก่อน แล้วมาเบิกคืนภายหลัง โหวว.ทำกันแบบนี้ แล้วเรา จะฝากอะไรให้คุณช่วยดูแลได้อีก ค่าธรรมเนียมที่เราถูกหักทุกปีๆ แต่เงินไม่ถึง บ.ประกัน และเราใช้สิทธิตามบัตรก็ไม่ได้ เงินก็ต้องออกไปเอง เราเห็นว่าแกเจ็บตามาก จากอุบัติเหตุเลยรีบโอนเงิน แล้วเก็บหลักฐานมาเบิก เพราะไม่อยากให้แกรอ กับระบบแย่ๆ ที่รู้สาเหตุแต่ไม่สามารถแก้ไขใดๆได้ แก้ไขตรงนี้ค่ะ และเราใช้สิทธิตามบัตรก็ได้ เงินก็ต้องออกไปเอง เป็น และเราใช้สิทธิตามบัตรก็ไม่ได้ เงินก็ต้องออกไปเอง แก้ไขครั้งที่ 2 เนื่องจาก คำผิดค่ะ,"เจ้าของบัตรไม่สามารถใช้บริการได้เนื่องจากบริษัทประกันแจ้งว่ากรมธรรม์หมดอายุตั้งแต่เดือนตุลาคม 2557
การตรวจสอบพบว่าค่าธรรมเนียมรายปียังถูกหักตามปกติ และบัตรยังมีอายุใช้งานจนถึงเดือนสิงหาคม 2560
บริษัทประกันอ้างว่าไม่ได้รับค่าเบี้ยประกันจากธนาคาร แม้เจ้าของบัตรจะยังใช้บริการบัตรได้อยู่
ผู้ร้องเรียนแสดงความไม่พอใจต่อกระบวนการที่ซับซ้อนและขาดความชัดเจนในการแก้ไขปัญหา",eval,Hybrid,2015,71,4,17.75,0.486543208360672,0.3995721340179443,0.6004278659820557
33787889,บทเรียนผู้ที่จะซื้อประกัน จ่ายเงินแล้วเคลมไม่ได้ ถูกบอกล้างสัญญาไม่รู้ตัว กระทู้นี้เป็นกระทู้แรก ผิดพลาดประการใด ก็ขออภัยไว้ ณ ที่นี้ด้วยนะคะ ข้าพเจ้าได้สมัครทำประกันชีวิตแผนประกันมะเร็ง จัดเต็ม 12PL Platinum ของบริษัท กรุงไทย แอกซ่า เมื่อวันที่ 22 พ.ย. 2556 ตอนสมัครได้แจ้งตัวแทนว่าได้ไปตรวจที่โรงพยาบาลและแพทย์แจ้ง ข้าพเจ้าด้วยวาจาว่าเป็นก้อนไขมันที่เต้านมข้างช้าย เป็นชนิดที่พบได้ทั่วไป พบได้ทุกคน ไม่อันตราย จะผ่าหรือไม่ผ่าก็ได้ ตอนทำตัวแทนไม่ถามอะไรสักคำให้เซ็นชื่อในใบขอเอาประกัน และพาไปตรวจสุขภาพที่คลินิค ต่อมาไม่นานข้าพเจ้าก็ได้รับกรมธรรม์ และก็ไม่เคยอ่านรายละเอียดในกรมธรรม์อีกเลย ข้าพเจ้าขอเล่าลำดับเหตุการณ์ที่เกิดขึ้นหลังการทำประกัน ดังนี้ ประมาณ วันที่ 31 มกราคม พ.ศ. 2558 ข้าพเจ้าไม่มีอาการอะไรแต่แพทย์ ให้ทำแมมโม แกรมปกติทุกปีพบมีจุดเล็กๆ ที่เต้านมข้างขวา และได้ส่งเจาะชิ้นเนื้อตรวจ พบว่า ข้าพเจ้าเป็นมะเร็งที่เต้านมข้างขวา ผล needle biopsy Invasive ductal carcinoma histologic grade 2 วันที่ 6 กุมภาพันธ์ 2558 ข้าพเจ้าจึงแจ้งผลการตรวจชิ้นเนื้อดังกล่าวด้วยวาจาให้ ผู้จัดการหน่วยฯ บริษัทกรุงไทย แอกซ่า ซึ่งเป็นผู้จัดการของตัวแทนที่ข้าพเจ้าชื้อประกันชีวิตเพื่อจะขอเคลมประกันมะเร็ง แต่ผู้จัดการหน่วยฯ แจ้งว่าต้องมีใบรับรองแพทย์และผลชิ้นเนื้อ วันทื่ 18 กุมภาพันธ์ 2558 ข้าพเจ้าไปผ่าตัดวันที่ 15กุมภาพันธ์ 2558 จึงขอใบรับรองแพทย์และผลการตรวจชิ้นเนื้อก่อนผ่าตัดจากโรงพยาบาลส่งมอบให้ผู้จัดการหน่วยฯ ประมาณวันที่ 18 กุมภาพันธ์ 2558 แต่ผู้จัดการหน่วยฯ บอกว่าต้องขอผลชิ้นเนื้อหลังผ่าตัดด้วย วันที่ 25 กุมภาพันธ์ 2558 ส่งผลชิ้นเนื้อหลังผ่าตัดผู้จัดการหน่วยฯ วันที่ 6 มีนาคม 2558 ผู้จัดการหน่วยฯ ส่งเอกสารการเคลมและหลักฐานทั้งหมดให้บริษัทกรุงไทย แอกซ่า วันที่ 19 มีนาคม 2558 บริษัทกรุงไทย แอกซ่าส่งข้อความเข้ามือถือข้าพเจ้าว่าบริษัทได้รับเอกสารเรียกร้องสินไหม SLI ELI แล้ว และอยู่ระหว่างการตรวจสอบข้อมูลสุขภาพ วันที่ 20 มีนาคม 2558 บริษัทกรุงไทย แอกซ่า ส่งจดหมายให้ข้าพเจ้าส่งเล่มกรมธรรม์ของข้าพเจ้าไปให้บริษัท โดยอ้างว่า เพื่อใช้ประกอบการอนุมัติจ่ายค่าสินไหมให้แก่ข้าพเจ้า ในวันที่ 30 พฤษภาคม 2558 เพื่อนบ้านนำจดหมายจากบริษัทกรุงไทย แอกซ่ามาให้ข้าพเจ้า หน้าซองมีคำว่า เคลม ปั้มด้วยตัวอักษรปั้มสีน้ำเงิน ข้าพเจ้าเปิดดูพบว่าเป็นหนังสือของของบริษัทกรุงไทย แอกซ่า ลงวันที่ 27 พฤษภาคม 2558 แจ้งว่า ขอล้างสัญญาเนื่องจากปรากฎหลักฐานว่า ข้าพเจ้ามีสุขภาพไม่สมบูรณ์และมีประวัติการรักษาเกี่ยวกับภาวะก้อนเนื้องอกที่เต้านมมาก่อนการทำสัญญาประกันชีวิต ตัวข้าพเจ้ารับราชการ ขอยืนยันว่าข้าพเจ้ามีสุขภาพสมบูรณ์มาตลอด ไม่เคยมีประวัติการรักษาเกี่ยวกับภาวะก้อนเนื้องอกที่เต้านม และไม่มีโรคประจำตัวใดๆ มาก่อนการทำสัญญาประกันภัยกับบริษัท นอกจากทราบจากแพทย์ก่อนจะทำประกันดังที่กล่าวในตอนต้นและได้บอกตัวแทนไปเรียบร้อยโดยไม่ต้องการจะปกปิดเพราะไม่ต้องการให้มีปัญหาทีหลัง หลังจากได้รับเอกสารบอกล้างสัญญาข้าพเจ้า ข้าพเจ้าได้ไปเก็บข้อมูลต่างๆ สรุป เหตุการณ์ได้ตามที่กล่าวมาข้างต้น ความรู้สึกของข้าพเจ้าต่อเหตุกาณ์ที่เกิดขึ้น ในการทำประกันหรือทำธุรกรรมต่างๆ ไม่ว่าจะเป็นการซื้อประกัน การชื้อรถ ฯลฯ ไม่มีใครจะมานั่งอ่านเอกสารต่างๆ อย่างละเอียด เพราะมีรายละเอียดมาก ตัวหนังสือในเอกสารก็เล็ก บางครั้งถึงอ่านก็ไม่เข้าใจ นอกจากนี้ไม่ทราบด้วยว่าเรื่องใดสำคัญ เรื่องใดไม่สำคัญ ต้องพิจารณาเป็นพิเศษ คนที่ทำเอกสารบ่อยๆ เท่านั้นที่รู้และควรจะต้องเก็บข้อมูลส่วนนั้นให้ถูกต้องชัดเจน ตรงกับที่ลูกค้าแจ้ง และเจ้าหน้าที่ที่ทำต้องมีความซื่อสัตย์ ที่จะต้องใส่ข้อมูลที่ลูกค้าบอก ไม่บิดเบือนข้อมูล เพราะส่วนใหญ่เมื่อทำเสร็จเรียบร้อยก็ไม่ได้อ่านกัน และส่วนใหญ่ก็จะเชื่อใจตัวแทนว่าคงจะดูแลลูกค้าเป็นอย่างดี ตัวแทนจะมาอ้างว่าก็ทำอย่างนี้ทุกรายไม่เห็นมีปัญหา รู้หรือไม่ว่าปัญหาที่ลูกค้าประกันเคลมแล้วบริษัทไม่จ่ายนั้น สร้างความเดือดร้อนและเสียหายต่อผู้เอาประกันมากแค่ไหน บางรายต้องการเอาเงินส่วนนี้เก็บไว้รักษาตัว บางรายต้องการเก็บไว้จัดงานศพของตนเองเพื่อไม่ให้ลูกหลานเดืดดร้อน นอกจากนี้การที่บริษัทกรุงไทย แอกซ่าให้ข้าพเจ้าส่งเล่มกรมธรรม์ของข้าพเจ้าไปให้บริษัท ทำให้ข้าพเจ้ารู้สึกถึงความผิดปกติตั้งแต่ได้รับจดหมายและไม่เห็นด้วยกับการกระทำของบริษัท เนื่องการทำสัญญาประกันผู้เอาประกันและผู้รับประกันต้องถือกรมธรรม์คนละเล่มอยู่แล้ว กรมธรรม์เล่มของข้าพเจ้าควรอยู่ที่ข้าพเจ้า เมื่อบริษัทจ่ายผลประโยชน์เต็มจำนวนเงินเอาประกันให้แก่ผู้เอาประกันแล้ว สัญญาเพิ่มเติมก็จะสิ้นผลบังคับทันที จึงไม่จำเป็นต้องให้ข้าพเจ้าส่งเล่มกรมธรรม์ของข้าพเจ้าไปให้บริษัท ข้าพเจ้าได้สอบถามเรื่องนี้และอธิบายให้ผู้จัดการหน่วยฯ ทราบ ผู้จัดการหน่วยฯแจ้งเพียงว่าต้องส่ง ข้าพเจ้าจึงมอบกรมธรรม์ให้แก่ผู้จัดการหน่วยฯ ประมาณวันที่ 25 มีนาคม 2558 เพื่อดำเนินเรื่องการส่งต่อให้บริษัทกรุงไทย แอกซ่า โดยมีเจตนาต้องการให้มีหลักฐานการส่งรูปเล่มกรมธรรม์ของข้าพเจ้าไปให้บริษัท ต่อมาเมื่อวันที่ 27 พฤษภาคม 2558 บริษัทกรุงไทย แอกซ่าได้มีหนังสือบอกล้างสัญญากับข้าพเจ้า ข้าพเจ้าจึงมีความรู้สึกว่า บริษัทเหมือนไม่จริงใจกับผู้เอาประกัน ดั่งจะเห็นได้จากปกปิดบิดเบือนข้อมูลต่างๆ ในการขอเอกสารจากข้าพเจ้า การดึงเรื่องการขอเคลม ความล่าช้าในการเคลม การพิจารณาสินไหม และการบอกล้างสัญญา ข้าพเจ้าจึงต้องการให้สิ่งที่เกิดขึ้นกับข้าพเจ้าเป็นอุทาหรณ์กับทุกคนที่จะเอาประกัน นอกจากนี้ข้าพเจ้าต้องการคำแนะนำจากท่านที่มีความรู้ ช่วยให้ข้อมูลแก่ข้าพเจ้าว่าควรทำอย่างไรต่อไป ทุกความคิดเห็นมีประโยชน์ต่อข้าพเจ้ามาก และขอขอบคุณในทุกความคิดเห็นมา ณ โอกาสนี้,"ข้าพเจ้าได้รับการวินิจฉัยว่าเป็นมะเร็งเต้านมข้างขวาเมื่อวันที่ 6 กุมภาพันธ์ 2558 และแจ้งผลการตรวจชิ้นเนื้อให้ตัวแทนประกันชีวิตทราบโดยวาจา
ต่อมา บริษัทขอเอกสารเพิ่มเติมทั้งผลชิ้นเนื้อก่อนและหลังผ่าตัด รวมถึงขอให้ส่งเล่มกรมธรรม์ไปยังบริษัท
บริษัทกรุงไทย แอกซ่าออกหนังสือแจ้งล้างสัญญาเมื่อวันที่ 27 พฤษภาคม 2558 โดยอ้างว่ามีประวัติสุขภาพไม่สมบูรณ์ก่อนทำสัญญา
ข้าพเจ้ายืนยันว่าไม่มีประวัติรักษาโรคดังกล่าวมาก่อน และรู้สึกว่าบริษัทไม่โปร่งใสในการดำเนินการเรื่องการเคลม",eval,Hybrid,2015,73,4,18.25,0.5132027864456177,0.5124632120132446,0.4875367879867553
39361342,สินทรัพย์ ครั้งเดียวเลิกใช้ ปัจจุบันทำประกันสินทรัพย์ ปีแรก ประกันชั้น 1 ก็ไม่ประทับอย่างมากค่ะ 10 รออนุมัติค่าใช้จ่ายซ่อม ล่าช้า และติดตามไปไม่มีการติดต่อกลับมาสักครั้ง วันที่ 28 9 62 รถเกิดอุบัติเหตุ ช่วงดึก วันที่ 29 9 62 เวลาตี 5.00น. ยืนรอประสานงานนำรถเข้าอู่ในเครือจนเช้า ไม่มีอู่รับ คือ อู่ในเครือยกเลิกรับ บริษัทประกันนี้ วันที่ 2 10 62 นำใบเคลมเข้าไปที่อู่ในเครือ จ.ปทุมธานี ไกลมาก ทางอู่แจ้งคิวเยอะ จึงตัดสินใจขอย้ายอู่ โดยดำเนินการขอย้ายอู่เอง เนื่องจากอู่ในเครือไกล และอู่แจ้งมีคิวเยอะ วันที่ 3 10 62 ดำเนินการย้ายรถไปอู่ใหม่ อู่นอกเครือ วันที่ 8 10 62 ทางอู่ได้สรุปรายการที่ต้องซ่อม ส่งเรื่องให้ บ.สินทรัพย์ และขอเอกสารเพิ่มเติม วันที่ 9 10 62 ส่งเอกสารเพิ่มเติม วันที่ 14 10 62 อู่ส่งเอกสารใบประเมินราคา ทางอีเมล วันที่ 16 10 62 ทางแอดมินบ.สินทรัพย์ ตอบเมลกลับ วันที่ 17 10 62 อู่โทรแจ้ง ให้เราสามารถติดตามรออนุมัติช๋อมได้ หลัง 7วัน จากที่ จท.สินทรัพย์ตอบเมล วันที่ 25 10 62 ตามเรื่องครั้งที่1 โทรติดตามที่เบอร์ 1729 ฝ่ายสินไหมรถยนต์ มีพนง.ผู้ชายรับสาย ไม่ถามทะเบียนรถ แต่กลับถามว่ารถชนหนัก หรือชนเบา น้ำเสียงพูดจาไม่ชัด พูดวกไปวนมา ไม่ได้ความอะไร นอกจากขอเบอร์ให้จท.ติดต่อกลับ วันที่ 28 10 62 ตามเรื่องครั้งที่2 ไม่มีจท.ติดต่อกลับมา ต้องโทรตามเรื่องอีกครั้ง 14.10น. พนง.ก็ถามแค่เบอร์ติดต่อกลับ ไม่มีคำตอบอื่นให้เลย วันที่ 29 10 62 ตามเรื่องครั้งที่3 ก็ยังไม่มีจท.ติดต่อกลับมาอีก ต้องโทรตามเรื่องอีกครั้ง 9.40น. พนง.ก็ถามแค่เบอร์ติดต่อกลับ ไม่มีคำตอบอื่นให้เลย เราเลยสอบถามไปว่า รออนุมัติเคลม ถึงขั้นตอนไหน ติดปัญหาอะไรหรือป่าว และไม่เคยมีจท.ติดต่อกลับมาเลย และระยะเวลาจากที่ประสานงานกับประกัน ตั้งแต่วันที่ 8 จนถึง 29นี้ คือ 21วันแล้ว ไม่มีอะไรคืบหน้า และไม่มีแม้แต่คำตอบ หรือ การติดต่อกลับจากบ.สินทรัพย์ ทางพนง.แจ้งว่า ต้องให้อู่ติดต่อเข้ามา จะได้คุยค่าเคลมกันได้รู้เรื่องเลย เราก็ให้ทางอู่ติดต่อกลับไปที่ บ.สินทรัพย์ 13.30น. จท.แจ้งว่ายังไม่เห็นเรื่อง คือยังไม่ได้เปิดดูเรื่อง จนป่านี้ 21วัน ทำประกันคิดไตร่ตรองให้ดี อ่านให้เยอะๆค่ะ ได้รู้ทัน ไม่ต้องมาเสียเวลา แบบเรา.,"ผู้ร้องเรียนนำรถเข้าอู่ในเครือจังหวัดแต่เนื่องจากมีคิวมากจึงขอเปลี่ยนอู่ และดำเนินการย้ายรถไปยังอู่ใหม่
อู่ได้ส่งรายการซ่อมและเอกสารประกอบการเคลมให้บริษัทสินทรัพย์ พร้อมขอเอกสารเพิ่มเติมซึ่งผู้ร้องเรียนส่งตามคำร้องขอ
บริษัทฯ ได้ตอบกลับทางอีเมลและแจ้งให้ติดตามผลหลังผ่านไป 7 วัน แต่ไม่มีการติดต่อกลับจากเจ้าหน้าที่ฝ่ายสินไหม
ผู้ร้องเรียนโทรติดตามหลายครั้งแต่ไม่ได้รับข้อมูลชัดเจนเกี่ยวกับขั้นตอนการอนุมัติเคลม",eval,Hybrid,2019,60,4,15.0,0.4778001606464386,0.4073433876037597,0.5926566123962402
39703989,เรียนขอความรู้เรื่องการทำประกันสุขภาพเวลาไปศึกษาต่อที่ USA รวมถึงประกันเดินทางที่ซื้อจากไทยครับ ทางมหาวิทยาลัยเค้าส่งแพลนมาแบบนี้ครับ ขออภัยครับ ผมลงรูปในเวปนี้ไม่ได้ เรียนสอบถามรายละเอียด อื่นๆเล็กน้อยครับ สมมติว่าเป็น silver plan 92 ละกันนะครับ 1. maximum per covered accidents sickness แปลว่าการเจ็บป่วย 1 ครั้งหรือโรคมีเพดานอยู่ที่ 15000 แสดงว่า ถ้าเดือนนั้นเกิดป่วยเป็นหลายโรคต้องเข้า สมมติว่า เข้า รพ 3 ครั้ง ก็จะ cover ครั้งละ 15000 ต่อครั้ง ทั้งสามครั้งใช่ไหมครับ 2. จากข้อ 1 เกิดมันเป็นโรคที่เกี่ยวเนื่องกัน แต่มีเหตุที่ยังไม่หายแล้วต้องเข้ารับการรักษาครั้งที่ 2 แบบนี้ครั้งที่ 2 จะใช้วงเงินส่วนที่เหลือจากยอดครั้งก่อน หรือว่าเป็นวงเงินใหม่ที่มีเพดาน 15000 ครับ 3. dedectible per covered accidents sickness 150 แปลว่าการเข้ารับการรักษาภาวะความเจ็บป่วยในแต่ละครั้ง เราต้องควักเงินออกส่วนแรกเอง 150 หรือเปล่าครับ 4. co insurance rate 80 U C คือแปลว่าส่วนเกินจาก 150 เหรียญแรกที่เราต้องจ่ายเองแล้ว เรายังต้องออกเพิ่มเองอีก 20 หรือเปล่าครับ เช่นสมมติค่ารักษาโรคนั้นอยู่ที่ 1150 เราจะต้องควักจ่ายเอง 150 10020 150 200 350 แบบนี้หรือเปล่าครับ 5. แต่ทั้งหมดทั้งปวงคือ ค่ายา ประกัน cover 100 คำถามที่เรียนถามถัดไปคือประกันการเดินทางครับ 6. หากทางมหาวิทยาลัยบังคับเราทำประกันข้างต้นแล้ว เรายังจำเป็นต้องทำประกันเดินทางไปเพิ่มไหมครับ มีข้อดีอะไรเพิ่มเติมบ้างไหมครับ เคยพยายามสอบถามประกันเดินทางในไทยหลายเจ้า แต่ได้รับคำตอบที่ไม่ตรงกันในข้อ 7 8 ครับ 7. สมมติเราเดินทาง 1 เมษา 31 พค แล้วเราซื้อประกันเดินทางจากไทยไปแค่ช่วง 1 เมษา 30 เมษา เพื่อให้ cover ช่วงแรกที่ยังไม่ได้ไปทำประกันของมหาวิทยาลัย แต่ประกันสิ้นสุดก่อนวันเดินทางกลับ แบบนี้ประกันจะมีปัญหาไหมครับ บางเจ้าบอกว่าไม่ได้ ต้องซื้อถึงวันกลับเท่านั้น บางเจ้าบอกว่าได้ แต่จะครอบคลุมถึงแค่วันที่เราซื้อประกัน 8. การซื้อประกันเดินทางหลายใบ เพื่อจุดประสงค์ในการ cover วงเงินที่มากขึ้น บางบริษัทบอกว่า เนื่องจากการเคลม เราต้องใช้เอกสารตัวจริงเท่านั้น จึงจะทำให้เคลมได้เพียงกรมธรรม์เดียว แต่อีกเจ้าบอกว่า สามารถทำได้ โดยหากนำมาเคลมที่กรมธรรม์แรกแล้ว วงเงินที่เรารักษาไปยังเกินอยู่ เค้าจะคืนใบเสร็จตัวจริงให้เรา และระบุว่าได้ทำการเคลมไปแล้วเท่าไร สามารถนำหลักฐานนี้ให้เราไปเคลมต่อที่บริษัทที่สองได้ อันนี้จริงหรือไม่ครับ 9. การ cover COVID 19 จากการสอบถามประกันเดินทางส่วนใหญ่ จะบอกว่าครอบคลุม แต่มีเจ้าหนึ่งบอกว่า หากเราดันซวยไปป่วยภายใน 14 วันแรกของการเดินทาง อาจทำให้เราถูกตีความว่าเราติดเชื้อมาก่อนเริ่มทริป แล้วจะทำให้ประกันไม่ครอบคลุมส่วนนี้ ซึ่งผมฟังแล้วมันตลกๆ มันมีกฎเกณฑ์แบบนี้จริงหรือเปล่าครับ แบบนี้บางคนไปเที่ยวต่างประเทศสั้นๆ ทำประกันไปแล้วดันซวยไปป่วยเป็นไข้หวัดที่ต่างประเทศ จะไม่โดนตีความหมดหรอครับว่าคุณติดเชื้อมาก่อนเริ่มทริป แล้วมันอยู่ในระยะฟักตัว ประกันจึงไม่ cover ยาวหน่อยครับ ขอบคุณมากๆ ล่วงหน้าครับ,"ผู้ร้องเรียนสอบถามเกี่ยวกับการใช้สิทธิประโยชน์ประกันสุขภาพ รวมถึงวงเงินที่ใช้ซ้ำได้หรือต้องเริ่มใหม่หลังการรักษาครั้งที่สอง
มีคำถามเกี่ยวกับ deductible 150 ดอลลาร์ต่อเหตุการณ์ และ co-insurance rate 80/20 ว่าหมายถึงการจ่ายส่วนแรกและส่วนเกินอย่างไร
สอบถามเพิ่มเติมถึงความจำเป็นในการซื้อประกันเดินทางเพิ่มเมื่อมีประกันจากมหาวิทยาลัยแล้ว และข้อจำกัดในการซื้อหลายกรมธรรม์
รวมถึงความชัดเจนของความคุ้มครองโรคโควิด-19 โดยเฉพาะกรณีตรวจพบภายใน 14 วันแรกของการเดินทาง",eval,Hybrid,2020,41,4,10.25,0.5930006504058838,0.3606546322504679,0.6393453677495321
34734348,ประสบการณ์เครมครั้งแรก กับ กรุงไทย AXA ความไม่ประทับใจแรกเลยคือ เครมในจังหวัดที่ผมอยู่ไม่มี เรียกเครม ต้องรอจากจังหวัดใกล้ๆ ประมาณ 1.5 ชม. รอไปครับ กว่าจะมา กว่าจะทำเรื่องเครม ใช้เวลานานพอสมควร เจอ คนที่เปิดเครมเป็นพนักงานใหม่ด้วย เรียกตอน 1100 เสร็จเกือบ 1530 ครับ แล้วรถก็ซ่อมที่อู่ จนเมื่อสองสามวันมานี้มี พนง.จาก นครสวรรค์โทรมา พี่ๆ แท๊งเกียร์พี่เปลี่ยนมาใหม่หรือเปล่า ผม ไม่นะครับ ทำไมหรอ ผมเห็นไม่ค่อยมีสนิมเลย ผม คิดในใจว่าแท๊งมันมีสีมันจะเป็นสนิมได้ไง ก็มันทาสีเคลือบ มันก็ไม่น่าจะเป็นละมั่ง ก็เนี้ยตรงอื่นมีคราบหิน ทราบติดอยู่ ผม เปิดรูปดูในมือถือ แล้วก็คิดใจว่า พนง.ฉลาดมาก นั่นมันคราบมันเกียร์ไหม ทรายมันเลยติด คือไม่ดูเข้าใจเลยใช่ไหมว่าน้ำมันไม่ได้รั่วที่แท๊งเกียร์ครับ มันรั่วจากซีนเกียร์ มันน่าจะเพราะคราบน้ำมันเกียร์ละมั่ง พี่โทรเร่งอู่ด้วยนะครับ ให้เขารีบส่งประเมินราคา ผม ก็คิดในใจว่าทำไมไม่โทรหาอู่เองไปเลย จะวานผมทำไม สรุปคือกล่าวหาว่าผมเอาอะไหล่ที่อื่นมาใส่เพื่อเครม ผมนี่อยากจะยกเลิกกรมธรรม์ ทำประกันมา 2 ปีไม่เคยเครม เครมครั้งนี้ยังไม่เท่าเงินที่ผมจ่ายไปเลย ผมจะเครมของหลักพัน เพื่อมาเสี่ยงกับเกียร์ราคาหลักแสนเพื่อ เจอแบบนี้ผมคงไม่ต่อ กรมธรรม์เป็นปีที่ 3 กับบริษัทนี้แน่นอน ดีนะเกิดเรื่องก่อนต่อกันใหม่พอดี ถ้าเลย พ.ค. ไปแล้ว ต้องเสียเงิน แล้วต้องมาเจอข้อกล่าวหาแบบนี้ผมเก็บเงินแล้วเอาไว้ซ่อมเองดีกว่าไหม เสียเวลา เสียสุขภาพจิตเปล่าๆ เครมครั้งนี้ เครมได้เพียงแค่ แท๊งน้ำมันเกียร์ ที่ผมต้องจ่ายเองคือ น้ำมันเกียร์ 1600 บาท กรอง 950 บาท ปะเก็นแท๊ง 350 คือ ถ้าจะเอาแท๊งคนอื่นมาเครม ผมออกเงินให้มันจะง่ายกว่า และไม่ลำบากผมกว่าไหม อุปกรณ์ที่จ่ายไป เกินราคาแท๊งน้ำมันเกียร์แล้วมั่ง ชื่อสินค้า บริษัท แอกซ่าประกันภัย จำกัด คะแนน CR Consumer Review ผู้เขียนรีวิวนี้เป็นผู้ซื้อสินค้าหรือเสียค่าบริการเอง ไม่มีผู้สนับสนุนให้สินค้าหรือบริการฟรี และผู้เขียนรีวิวไม่ได้รับสิ่งตอบแทนในการเขียนรีวิว ดูแผนที่ขนาดใหญ่ขึ้น,"ประสบการณ์การเคลมครั้งแรกกับกรุงไทย AXA พบความล่าช้าในการให้บริการ เนื่องจากต้องรอเจ้าหน้าที่จากจังหวัดใกล้เคียงประมาณ 1.5 ชั่วโมง
กระบวนการเคลมใช้เวลานานและมีพนักงานใหม่เป็นผู้ดำเนินการ ส่งผลให้เสร็จสิ้นในช่วงเย็น
มีการติดต่อกลับจากนครสวรรค์โดยระบุว่าแท๊งเกียร์อาจถูกเปลี่ยนใหม่ ซึ่งผู้ร้องยืนยันว่าไม่มีการเปลี่ยนแปลง และเห็นว่าคราบสกปรกอาจเกิดจากเศษหินมากกว่าน้ำมันรั่ว
ผู้ร้องรู้สึกไม่พอใจกับการกล่าวหาว่าใช้อะไหล่ปลอม และตัดสินใจไม่ต่ออายุกรมธรรม์ เนื่องจากเสียเวลาและสุขภาพจิต โดยยอมจ่ายค่าใช้จ่ายเองแทนการเคลม",eval,Hybrid,2016,35,4,8.75,0.4645507931709289,0.5344944397608439,0.4655055602391561
41576965,สอบถาม เมื่ออ่านเงื่อนไขโรคร้ายแรงนี้แล้ว เข้าใจว่ายังไง เงื่อนไขความคุ้มครองสัญญาเพิ่มเติมโรคร้ายแรง ข้อ 20 ภาวะโคม่า . 20.3 ได้รับการประเมินว่าสมองถูกทำลายอย่างถาวร มีผลทําให้ไม่สามารถปฏิบัติกิจวัตรประจําวันอย่างหน่ึงอย่างใดได้ด้วยตนเองอย่างถาวร ภายหลัง 30 วัน นับจากวันที่สลบหรือหมดความรู้สึก เว้นแต่ ผู้เอาประกันเสียชีวิตลงก่อนครบกําหนดระยะเวลาตาม 20.3 . อยากสอบถามคนทั่วไปว่า เมื่ออ่านเงื่อนไขและข้อเว้นแต่นี้แล้ว เข้าใจว่ายังไงกันคะ ระหว่าง 1. ผู้เอาประกันจะต้องได้รับการประเมินจากแพทย์ว่าสมองถูกทำลายอย่างถาวร หลังจากที่สลบหรือหมดความรู้สึกไปแล้ว 30 วัน แต่ถ้าเสียชีวิตลงก่อน 30 วันก็ไม่ต้องได้รับการประเมินว่าสมองถูกทำลายก็ได้ตามข้อยกเว้น ถ้าเสียชีวิตก่อนครบ 30 วัน ก็ไม่ต้องได้รับการประเมินเพราะยังไม่ถึงเวลาที่จะต้องประเมิน หากผู้เอาประกันเสียชีวิตก่อนระยะเวลา 30 วันนับจากวันที่สลบหรือหมดความรู้สึก และยังไม่ได้รับการประเมินจากแพทย์ว่าสมองถูกทำลาย ผู้เอาประกันก็ยังได้รับความคุ้มครอง และสามารถเรียกร้องสินไหมตามข้อยกเว้นนี้ได้ หรือ 2. ไม่ว่าอย่างไรก็ตาม ผู้เอาประกันจะต้องได้รับการประเมินจากแพทย์ว่าสมองถูกทำลายอย่างถาวรหลังจากที่สลบหรือหมดความรู้สึกไปแล้ว แม้ว่าผู้เอาประกันจะเสียชีวิตลงก่อน 30 วันก็ตาม ถึงจะเสียชีวิตก่อนครบ 30 วัน แต่ยังไงก็ต้องได้รับการประเมินจากแพทย์ก่อนเสียชีวิต หากผู้เอาประกันภัยเสียชีวิตก่อนระยะเวลา 30 วัน และยังไม่เคยได้รับการประเมินจากแพทย์ว่าสมองถูกทำลายก่อนเสียชีวิต ผู้เอาประกันจะไม่ได้รับความคุ้มครอง และไม่สามารถเรียกร้องสินไหมได้ เพราะยังไม่เคยได้รับการประเมินว่าสมองถูกทำลายมาก่อน ถ้าเคยได้รับการประเมินก่อนเสียชีวิต และเสียชีวิตก่อนครบกำหนด 30 วัน จึงจะได้รับความคุ้มครองตามเงื่อนไขนี้ . . สำหรับเราคำว่า มีผลทำให้ไม่สามารถปฏิบัติกิจวัตรประจำวันอย่างหนึ่งอย่างใดด้วยตนเองอย่างถาวร เป็นคำขยายของคำว่า สมองถูกทำลายอย่างถาวร เนื้อหาหลักจึงมีความว่า ได้รับการประเมิน . ภายหลัง 30 วันนับจากวันที่สลบหรือหมดความรู้สึก เราเลยมองว่า การประเมินว่าสมองถูกทำลายถาวรจะต้องเกิดขึ้นหลังจากที่สลบไปแล้ว 30 วัน ถ้าเสียชีวิตก่อน 30 วัน ก็ไม่ต้องได้รับการประเมิน แต่อยู่ในความคุ้มครองตามข้อยกเว้นที่ระบุไว้ท้ายเงื่อนไข คนอื่นๆอ่านเงื่อนไขและข้อยกเว้นนี้แล้วเข้าใจว่ายังไงกันบ้างคะ มาแชร์กันค่ะ . . Edit เพิ่มเติมเงื่อนไขโรคร้ายแรงข้อ 20 แบบเต็มค่ะ ภาวะโคม่า Coma หมายถึง การสลบ หรือหมดความรู้สึกที่ได้รับการวินิจฉัยโดยอายุรแพทย์ หรือ ประสาทศัลยแพทย์ Neurosurgeon และตรวจพบลักษณะต่อไปนี้ครบทุกข้อ 20.1 ต้องอาศัยเครื่องช่วยชีวิตเพื่อพยุงชีพ 20.2 ไม่มีการตอบสนองต่อสิ่งเร้าภายนอกอย่างน้อย 96 ชั่วโมง 20.3 ได้รับการประเมินว่าสมองถูกทำลายอย่างถาวร มีผลทำให้ไม่สามารถปฏิบัติกิจวัตรประจำวันอย่างหนึ่งอย่างใดได้ด้วยตนเองอย่างถาวร ภายหลัง 30 วันนับจากวันที่สลบหรือหมดความรู้สึก เว้นแต่ ผู้เอาประกันภัยได้เสียชีวิตลงก่อนครบกำหนดระยะเวลาตาม 20.2 หรือ 20.3 แล้วแต่กรณี ด้วยโรคร้ายแรงหรือเป็นผลสืบเนื่องโดยตรงจากโรคร้ายแรงในข้อนี้ ทั้งนี้ ไม่รวมถึงการสลบหรือหมดความรู้สึกที่มีสาเหตุโดยตรงจากการดื่มสุรา หรือการใช้ยาในทางที่ผิด Drug abuse,"ผู้เอาประกันต้องได้รับการประเมินว่าสมองถูกทำลายอย่างถาวรหลังจากสลบหรือหมดความรู้สึกครบ 30 วัน
หากเสียชีวิตก่อนครบ 30 วัน จะไม่ต้องมีการประเมินเพิ่มเติม แต่ยังอยู่ในความคุ้มครองตามข้อยกเว้น
อย่างไรก็ตาม หากยังไม่เคยได้รับการประเมินมาก่อนเสียชีวิต ก็จะไม่ได้รับสินไหม
เงื่อนไขนี้ครอบคลุมเฉพาะภาวะโคม่าที่เกิดจากโรคร้ายแรง โดยต้องมีการวินิจฉัยจากแพทย์ผู้เชี่ยวชาญ",eval,Hybrid,2022,37,4,9.25,0.6306228637695312,0.5855440298716227,0.4144559701283773
34558920,ใครเคยตอบตกลงประกัน ACE Insurance บ้างคะ แชร์ประสบการณ์และสอบถามหน่อยค่ะ คือเราโดนทาง บ.ACE Insurance เนี่ยโทรมาให้ซื้อประกัน เบอร์นี้ที่โทรมา 02 162 8539 แล้วเราตอบ ตกลง ทำประกันไป คือตอนแรกที่ทางบ.โทรมา พูดบลาๆ รู้ข้อมูลเราทุกอย่างเลย คือไม่เข้าใจว่าทางบัตรเครดิตนี่คุณให้ข้อมูลส่วนตัวเราไปทำไม แล้วหลังจากวางสาย เราก็เลยโทรกลับไปเบอร์เดิม แต่ปิดเครื่องไปละ เช้าวันต่อมาเราเลยโทรไปยกเลิกกับบ.ACE Insurance หมายเลข 02 611 3939 ติดต่อยากมาก รอนานมาก กว่าจะมีคนรับสาย คือเราก็พูดบลาๆ ว่าเราจะไม่เอาประกันแล้ว ยกเลิกให้เราด้วย แล้วทางคนรับก็ถามเราว่า ทำไมคะ ยกเลิกทำไม เหตุผล. อะไร เราก็บอกไม่ทำ จ่ายไม่ไหว นางก็ตื้อจ่ะ แต่เราก็บอกจะยกเลิกให้ได้ นางก็บอกว่า เดี๋ยวฝากเรื่องไว้ให้ค่ะ ให้ติดต่อกลับมาอีกที เราก็ใจชื้นแล้วนะว่ามันต้องยกเลิกให้เราแน่ๆ แต่เอกสารนี่ยังไม่ส่งอะไรมาให้เราอ่านเลย เราเลยโทรไปอีกครั้ง คราวนี้เราถามเขาว่า เรื่องยกเลิกประกันนี่คุณยกเลิกให้เรารึยัง นางบอกว่า ที่ฝากเรื่องไว้ใช่ไหมคะ เราก็บอกใช่ นางก็ตื้ออยู่นั่น เราก็ยืนยันเสียงเดิม ไม่ แล้วนางบอกว่า ให้เราพูดว่า น.ส. ขอยกเลิกประกัน. เราก็พูดไป แต่พอมาวันนี้ ทางบ.ส่งตัวเอกสารประกันภัยมาให้ ซึ่งมันเป็นแค่กระดาษใบเดียว แล้วมีเหมือนบัตรแนบมาให้เวลาเราทำประกัน เราเลยโทรไปถามทางบ.ใหม่ นางบอกว่า ทำการยกเลิกให้แล้ว อัดเสียงยกเลิกไว้แล้ว เอกสารจะส่งไปภายใน30 วัน อีกอย่างนะคะที่บอกว่าจะส่งกรมธรรน์ เป็นเล่มมาให้ กับทาง email ไม่มีอะไรเลย ส่งมากระดาษใบเดียว เราเลยอยากเตือนเพื่อนๆนะคะ ขายประกันทางโทรศัพท์ ส่วนเรื่องของเรา เราจะรอดูต่อไป ใครมีข้อแนะนำเพิ่มเติมให้เราทำ หรือ ใครที่โดนมาเหมือนกัน แชร์ประสบการณ์กันได้นะคะ ฝากไว้เป็นอุทาหรณ์ด้วยค่ะ ขอบคุณค่ะ,"ผู้ร้องเรียนได้รับการติดต่อจากบริษัทผ่านเบอร์โทรศัพท์ 02 162 8539 โดยมีการระบุข้อมูลส่วนตัวของตนอย่างละเอียด
หลังจากนั้นผู้ร้องเรียนพยายามยกเลิกประกันกับบริษัท ACE Insurance แต่ประสบปัญหาในการติดต่อและได้รับคำตอบที่ไม่ชัดเจนจากเจ้าหน้าที่
แม้จะยืนยันการยกเลิกหลายครั้ง แต่ยังไม่ได้รับเอกสารยืนยันหรือเอกสารประกันภัยฉบับสมบูรณ์ตามที่แจ้งไว้
ผู้ร้องเรียนแสดงความไม่พอใจต่อกระบวนการที่ไม่โปร่งใส และความล่าช้าในการดำเนินการยกเลิกประกัน",eval,Hybrid,2015,39,4,9.75,0.4716232120990753,0.4440016746520996,0.5559983253479004
35512062,มียอดเรียกเก็บค่าบัตรเครดิตเข้ามาเร็วกว่าที่ตกลง และยังต้องจ่ายทั้งๆที่ขอยกเลิกกรมธรรม์ไปแล้ว ควรทำอย่างไรดี เริ่มจากวันที่ 7 ก.ค.ได้มีพนักงานขายประกันจากบริษัท AXE นามสมมุติ โทรมาเสนอขายประกันทันตกรรม โดยแจ้งว่าเป็นสิทธิพิเศษสำหรับลูกค้าใหม่บัตร CxxK นามสมมุติ เนื่องจากเรามีแผนว่าอยากทำฟันอยู่แล้ว จึงสนใจ จากรายละเอียดที่พนง.ขายบอกทางโทร. สรุปได้ดังนี้ 1. เราจะได้สิทธิ์ทำฟัน เช่น อุด ถอน เคลือบฟลูออไรด์ รักษารากฟัน ที่สถานทันตกรรมใดๆ ในเครือ โดยเสียเพียงค่าเบี้ยประกันเดือนละ 770 บาท และสำหรับทันตกรรมประดิษฐ์จะสามารถใช้สิทธิ์ลดราคาได้ 20 2. สามารถเริ่มใช้สิทธิ์เข้ารับการรักษาได้ทันทีเมื่อได้รับกรมธรรม์และบัตรประกัน 3. การตกลงซื้อขายที่เกิดขึ้นทางโทร.ครั้งนี้ จะเรียกเก็บผ่านบัตรเครดิต CxxK ในเดือน ส.ค. แต่จะเป็นยอด 2 เดือนคือ ยอดย้อนหลังของเดือนก.ค.และยอดของเดือนส.ค.รวมกันเป็นเงิน 1540 เพื่อให้เราได้รับและตรวจสอบรายละเอียดในกรมธรรม์ว่าถูกต้องตามที่ได้คุยกันทางโทร.จริง ถ้าไม่ตรง เราสามารถยกเลิกกรมธรรม์ได้ภายใน 30 วันนับจากวันตกลงซื้อ โดยไม่เสียค่าใช้จ่ายใดๆ และพนักงานขายคนดังกล่าวได้ให้ชื่อ นามสกุล เบอร์โทรสายตรง และเลขที่ใบอนุญาตไว้ด้วย เราจึงตกลงซื้อกรมธรรม์ในวันนั้น 7 ก.ค. และได้รับกรมธรรม์ประมาณวันที่ 25 ก.ค. เปิดอ่านวันที่ 28 ก.ค. และพบว่าเนื้อหาไม่ตรงกับที่ได้คุยทางโทร. คือ 1. เราต้องจ่ายค่าเบี้ย 770 บาท เดือน และทุกครั้งที่เข้ารับการรักษา ประกันจะให้เบิกค่าใช้จ่าย 80 สำหรับรพ.ในเครือ และ60 สำหรับรพ.นอกเครือ 2. กรมธรรม์มี waiting period 90 วันนับจากวันที่ซื้อ ซึ่งหมายความว่าเราต้องจ่ายเงิน 3เดือนโดยไม่สามารถใช้สิทธิ์ได้ เมื่อพบว่ากรมธรรม์มีเนื้อหาไม่ตรงกับที่คุยไว้ เราจึงโทรไปยกเลิกในเช้าวันนั้น โดยครั้งแรกเราติดต่อไปที่สายตรงของคนที่ขายให้เรา แต่ไม่มีคนรับ เราจึงโทรเข้า Call center ของบ. ซึ่งกระบวนการยกเลิกไม่มีปัญหาใดๆ แต่เมื่อยกเลิกเสร็จ พนักงานกลับแจ้งว่าเรามียอดค่าเบี้ย 2 เดือนที่ต้องจ่ายจำนวน 1540 บาท ซึ่งเป็นรายการตัดจากบัตร CxxK ของเดือน ก.ค. เราจึงคัดค้านว่าพนง.ที่โทรมาขายแจ้งกับเราว่าจะตัดยอดเดือนส.ค. ไม่ใช่เดือนก.ค. เราไม่ยินดีจ่าย ให้เค้าถอดยอดออก ซึ่งพนง.บอกว่าไม่สามารถทำได้ เนื่องจากปิดบัญชีของเดือนนี้ไปแล้ว สิ่งที่จะทำให้ได้คือ ให้เราสำรองจ่ายไปก่อน และทางบ.จะจ่ายเป็น cash back กลับมาให้ในบัตร CxxK วันที่ 1 ก.ย. และบอกว่าถ้าเราไม่จ่าย เราก็จะเสียเครดิตกับทาง CxxK เราจึงวางสาย และโทร call center CxxK เพื่อให้อาญัติยอดเรียกเก็บที่เกิดขึ้น ซึ่งทาง CxxK แจ้งว่าไม่สามารถทำได้ หลังจากนั้นเราวางสายไป ลองคิดทบทวน แล้วคิดได้ว่าการได้เงิน cash back กลับมาไม่แฟร์ เนื่องจากเราต้องเอาเงินสดไปจ่าย แต่เงินที่ได้กลับมาเป็น cash back ซึ่งหมายความว่าเราต้องใช้จ่ายผ่านบัตร CxxK 1540 บาท จึงจะเสมือนว่าเราได้เงินคืน แต่ปกติเราถือบัตรนี้ไว้สำรอง ไม่ได้คิดจะใช้ การ cash back จึงเป็นเหมือนเป็นการบังคับให้เราต้องใช้จ่ายผ่านบัตร บ่ายวันนั้น พนง.ที่ขายเราโทรมาชี้แจงและบอกว่าเงื่อนไขในกรมธรรม์ที่ไม่ตรงเราเป็นฝ่ายเข้าใจผิด ซึ่งเราก็ไม่ได้เถียงอะไร เพราะไม่อยากทำให้เรื่องยืดยาว แต่เรื่องที่เรียกเก็บเงินมาแล้วเดือนนี้ ทางพนง.คนดังกล่าวก็ยืนยันว่า เงินจะต้องถูกเรียกเก็บเดือนส.ค.จริงและจะติดตามเรื่องให้ แต่หลังจากนั้น เราไม่ไดัรับการติดต่อใดๆกลับมา วันที่ 8 ส.ค. วันสุดท้ายของการจ่ายบัตร เราปรึกษากับพี่และเพื่อนที่บ. ซึ่งแนะนำให้เราโทรหา CxxK อีกครั้ง เพื่อให้ระงับยอด ซึ่งเป็นยอดที่เราไม่ได้ยินยอมให้เกิดขึ้น ทางพนง. CxxK แจ้งว่าไม่สามารถทำได้ ถ้าไม่มีเอกสารขอยกเลิกยอดอย่างเป็นทางการจากบ.ประกัน เราจึงโทรสายตรงไปหาพนง.ขายอีกครั้ง ไม่มีคนรับ จึงโทร.เข้า call center และขอเอกสารดังกล่าว ซึ่งพนง.แจ้งว่าไม่สามารถส่งมาให้ภายในวันนี้ เราจึงให้ทางเลือกไป 2 ทางคือ 1. ให้ cash back กลับมาภายในวันนี้ หรือ 2. ให้ส่งเอกสารการยกเลิกให้เราเพื่อให้เราส่งให้ CxxK ภายในวันนี้ พนง.แจ้งว่าทำไม่ได้ทั้ง2 ข้อ เราจึงแจ้งว่าถ้าทำไม่ได้ และยังยืนยันว่าจะจ่ายเป็น cash back กลับมาวันที่ 1 ก.ย. ให้รับผิดชอบค่าดอกเบี้ยบัตรเครดิตด้วย เพราะเราจะไม่สำรองจ่ายเงินใดๆ ซึ่งทางพนง.แจ้งว่าการชำระเงินประกันผ่านบัตรจะไม่เสียค่าดอกเบี้ยแต่จะเสียเป็นค่าปรับแทน ซึ่งทางบ.ประกันยินดีที่จะรับผิดชอบให้ทั้งหมด โดยเราสามารถตรวจสอบได้ในวันที่ 1 ก.ย. หากยอดไม่ถูกเคลียร์ ให้เราส่งเอกสารการเรียกเก็บเงินค่าบัตรเครดิต ไปให้ที่บ.ประกันได้ ซึ่งตอนนี้เราได้แต่รอวันที่ 1 ก.ย. หวังว่ายอดจะถูกเคลียร์ และเรื่องจะจบ จึงอยาก 1.ฝากเรื่องนี้เป็นอุทาหรณ์ให้กับทุกๆคนที่คิดจะตกลงทำธุรกรรมทางโทร. ให้ขอดูเอกสารทั้งหมดให้เรียบร้อยก่อน แล้วค่อยตกลงใดๆ จะได้ไม่เจอแบบเรา 2.เพื่อนๆพี่ๆน้องๆชาว pantip พอจะมีคำแนะนำอื่นๆที่คิดว่าเราควรจะทำ เพื่อที่จะแน่ใจได้ว่ายอดเงินทั้งหมดจะถูกจ่ายจริงๆ และเรื่องจะจบจริงๆในวันที่ 1 ก.ย.มั้ยคะ เพราะเราไม่อยากเสียเวลาและเสียเงินค่าโทร.กับเรื่องนี้อีกแล้ว TT.TT,"เราได้รับกรมธรรม์ประกันภัยหลังจากตกลงซื้อในวันที่ 7 กรกฎาคม และพบว่าเนื้อหาไม่ตรงกับข้อมูลที่เจรจาไว้ทางโทรศัพท์
เราโทรยกเลิกกรมธรรม์ในวันเดียวกันและดำเนินการผ่าน Call Center ซึ่งไม่มีปัญหาในการยกเลิก
อย่างไรก็ตาม พนักงานแจ้งว่ามีการตัดยอดค่าเบี้ย 2 เดือนจำนวน 1,540 บาท จากบัตร CxxK เดือนกรกฎาคม ซึ่งเราไม่เห็นด้วยเพราะถูกแจ้งว่าจะตัดเดือนสิงหาคม
บริษัทเสนอให้จ่ายก่อนแล้วคืนเป็น cash back ในเดือนกันยายน แต่เราเห็นว่าเงื่อนไขนี้ไม่เป็นธรรม เพราะบังคับให้ใช้จ่ายผ่านบัตรเพื่อให้ได้เงินคืน",eval,Hybrid,2016,96,4,24.0,0.4979458153247833,0.6148724953333536,0.3851275046666463
41216447,ประกันรถยนต์ชั้น1 วิริยะ vs ธนชาติ vs ไอโออิ เลือกอันไหนดี รถผม honda city 2019 ปีแรก ใช้ธนชาต ติดมากับศูนย์ บริการดีมาก เคลมง่ายมาก รอยนิดนึง มีหรือไม่มีคู่กรณี ก็เคลมคล่องตลอด ไม่มีค่า excess เลย ปี2 วิริยะ ก็บริการดีเหมือนกัน เคลมง่าย แต่รอยเล็ก โดนค่า excess ซึ่งผมก็ไม่มีปัญหาอะไร ตราบใดที่เบี้ยไม่แพงกว่าเจ้าอื่นจนเกินไป ปีนี้คือปี3 ยังไม่รู้ว่าจะต่อกับเจ้าไหนดี ตอนแรกจะกลับไปต่อกับ ธนชาต ลดเหลือ2500 แต่ระหว่างนั้น มีเซลโทรมาบอกว่า ถ้าต่อกับวิริยะ จะได้ราคา 19900 บาท แต่สุดท้ายเข้าใจผิดว่าผมไม่เคยเคลม เลยได้ที่ราคาวิริยะ 2700บาทตอนหลังบอกจะลดให้ได้เท่าธนชาต และเสนอมาว่า ให้ทำกับ ไอโออิ กรุงเทพประกันภัย จะได้ราคา 19900บาท ถูกกว่า และมีทีมงานทุกอย่าง ตั้งแต่คนเคลมยันคนขาย ทีมเดียวกับวิริยะ น่าจะเพราะใช้ outsource เหมือนกัน แต่เท่าที่หาข้อมูล ไอโออิ มีปัญหา มากกว่าคำชม ไม่มีเจ้าไหน perfect อันนี้เข้าใจ แต่อันนี้คนติเยอะกว่ามากๆ เลยคิดว่าจะกลับไปต่อกับธนชาต แต่ก็มีคนให้เหตุผลว่า ธนชาตปีก่อน มีปัญหาการเงินจึงควบรวมกิจการ อาจจะทำให้มีปัญหาถึงตัวประกันรถยนต์ด้วย และอาจไม่ดีเหมือนตอนที่ผมทำปี2020 ตอนนี้เลยลังเลสำหรับ 3 ตัว . . แต่ที่มาตั้งกระทู้นี้ อยากถามแค่ว่า มีใครเพิ่งใช้ ธนชาต หรือ ไอโออิ ชั้น1 ในช่วง1 2ปีที่ผ่านมาบ้างคับ บริการดีมั้ย เคลมยากมั้ย ใจอยากได้ของถูก ไอโออิเหมือนกัน แต่กลัวเคลมยาก ปัญหาเยอะ เซิชดู ก็เจอแต่กระทู้เก่าหลายปี เลยอยากถามคนที่เพิ่งใช้ 1 2ปี,"ผู้ร้องเรียนอยู่ระหว่างพิจารณาต่อประกันภัยรถยนต์กับธนชาต วิริยะ หรือไอโออิ กรุงเทพประกันภัย โดยมีข้อกังวลเกี่ยวกับบริการและการเคลม
ผู้ร้องเคยใช้บริการวิริยะมาสองปี พบว่าบริการดีและเคลมง่าย แม้จะมีค่า excess แต่ยอมรับได้หากเบี้ยไม่แพงเกินไป
ขณะที่ไอโออิเสนอราคาถูกกว่าแต่มีข้อเสียงเรื่องปัญหาในการบริการมากกว่าคำชม ส่งผลให้กังวลเรื่องการเคลมยาก
ผู้ร้องจึงต้องการสอบถามประสบการณ์จริงจากผู้ใช้บริการธนชาตหรือไอโออิในช่วง 1–2 ปีที่ผ่านมา เพื่อประกอบการตัดสินใจ",eval,Hybrid,2022,30,4,7.5,0.4722418487071991,0.5535977284113566,0.4464022715886434
38574937,ขอคำชี้แนะเพื่อเป็นแนวทางในการตัดสินใจซื้อประกันสุขภาพค่ะ สวัสดีค่ะเพื่อนๆทุกท่าน เนื่องจากตอนนี้ flow เงินจขกท.เริ่มลงตัวตอนแก่ เลยสนใจอยากซื้อประกันสุขภาพค่ะ เน้น IPD และโรคร้ายแรง โดยวงเงินที่พอจะจ่ายเบี้ยรายปีได้คือ ไม่เกิน 2000 บาท และ 500 บาท ค่ะ ข้อมูลพื้นฐานของจขกท.นะคะ เพศหญิง อายุ 38 ปี อยู่กทม. ฐานะปานกลาง ไม่มีโรคประจำตัว ตรวจสุขภาพทุกปี ผลออกมาปกติค่ะ ทำงานเป็นเจ้าหน้าที่ของหน่วยงานรัฐ ที่มีสวัสดิการของตนเอง แต่ไม่ได้ขึ้นอยู่กับกรมบัญชีกลาง หมายความว่าหากเจ็บป่วยเป็นอะไรไม่ว่าจะเข้ารพ.รัฐ หรือเอกชน ต้องสำรองจ่ายไปก่อนทุกกรณี แล้วมาเบิกกับที่ทำงาน ค่ะ โดยรพ.รัฐเบิกได้ 100 รพ.เอกชนเบิกได้ 80 ยึดกรอบวงเงินตามกรมบัญชีกลางค่ะ นอกจากนั้นมีประกันสังคมมาตรา 39 กับรพ.เอกชนแห่ง ซึ่งใช้ควบคู่กับสวัสดิการของที่ทำงานได้ค่ะ ดังนั้นข้อเสีย ความเสี่ยงที่สำคัญ คือ 1. จ่ายเองไปก่อน หากเจอเคสหนักๆก็แย่พอสมควร 2. หากเกินกรอบกรมบัญชีกลางก็จ่ายเองค่ะ 3. สวัสดิการไม่ครอบคลุมครอบครัวคู่สมรส บุตร บิดา มารดา 4. เมื่อลาออกไปสวัสดิการก็จบตามค่ะ จากข้อ 1 2 หากเป็นโรคร้ายแรงหรือโรคเรื้อรังนี่เกิดปัญหาใหญ่แน่นอนค่ะ ส่วนข้อ 4 หากป่วยจนทำงานไม่ได้ ก็ไม่มีเงินรักษาตัว ไม่มีสวัสดิการคุ้มครอง นอกจากประกันสังคมที่ส่งต่อ ซึ่งก็มีข้อจำกัดอีก จากข้อมูลข้างต้น เลยอยากขอคำแนะนำเพื่อนๆในการเลือกประกันสุขภาพว่าต้อง check อะไรเป็นสำคัญ ประเภทไหน และ เลือก หรือ เลี่ยง บ.ไหนดีคะ ลองค้นข้อมูลด้วยตัวเองแล้ว มีเยอะมากศัพท์แสงเต็มไปหมดจนงงวยเลยค่ะ ขอบพระคุณทุกความเห็นไว้ล่วงหน้านะคะ,"ผู้ร้องเป็นหญิงอายุ 38 ปี ทำงานในหน่วยงานรัฐที่มีสวัสดิการด้านสุขภาพแต่ไม่ขึ้นกับกรมบัญชีกลาง
ต้องจ่ายค่ารักษาพยาบาลเองก่อน แล้วจึงเบิกจากที่ทำงาน โดยรพ. เอกชนเบิกได้เพียง 80% ตามกรอบวงเงินของกรมบัญชีกลาง
สวัสดิการไม่ครอบคลุมครอบครัวและหมดเมื่อลาออก ทำให้มีความเสี่ยงหากเจ็บป่วยรุนแรงหรือต้องหยุดงาน prolonged
จึงต้องการคำแนะนำในการเลือกประกันสุขภาพที่เหมาะสม โดยเน้นคุ้มครอง IPD และโรคร้ายแรง ในงบประมาณเบี้ยไม่เกิน 200–500 บาทต่อปี",eval,Hybrid,2019,33,4,8.25,0.3758110105991363,0.6900197664896647,0.3099802335103353
35199252,ผมเบื่อกับSilkspan มาก มีใครเจออะไรเด็ดๆและมีการแก้ปัญหายังไงบ้างมาแชร์หน่อยครับ เนื่องจากเดือน เม.ย 59 Silkspan โทรมาแจ้งเรื่องต่อประกันแต่ผมก็ได้บอกไว่าอีกตั้งนานเพราะหมดเดือน ส.ค. โดยทางเซลบอกว่าแค่จองวงเงินไว้จะตัดอีกทีใกล้ๆ ประกันหมด ผมจึงตอบตกลง ปรากฎว่า ยอดเรียกเก็บมาเลยในเดือน เม.ย ทันที ผมจึงโทรไปที่บัตรเครดิตบอกให้เค้า Hold ยอดนี้ไว้ก่อนเพราะผิดเงื่อนไข และทางบัตรแจ้งว่าจะติดต่อกับร้านค้าเพื่อยืนยันสถานะการเรียกเก็บ และผมจะโทรไปติดต่อทาง Silkspan อีกที หลังจากนั้นผมจึงโทรไปถามแต่ได้รับความตอบว่า กรมธรรม์ออกแล้วต้องเก็บเลย ผมเลยบอกว่าก็คุยกันว่าจะเก็บใกล้ๆนิ แล้วตอนที่ผมบอกอีกตั้งนานค่อยโทรมาใหม่เพราะยังไม่หมดจะมีค่าอะไร และถ้าจะตัดเลยก็แจ้งผมล่วงหน้าได้ไหม เซลจึงบอกว่างั้นงวดนี้ผมยังไม่ต้องจ่าย เดี๋ยวเค้าจะทำรายการนี้ออกก่อนและค่อยตั้งวงเงินใหม่ ผ่านไป 2 วันผมโทรไปเช็คกับบัตร เค้าแจ้งว่า บริษัทยังยืน ผมเลยงงว่า เซลต่อหน้าบอกไม่ต้องจ่าย และลับหลังไม่ทำเรื่องห้รึเปล่า และผมเบื่อมากปีนี้เป็นปีที่ 2 ใช้Silkspan ซึ่งปีแรกผมต้องโทรไปแก้รายละเอียดถึง4 รอบ เพราะทำมาผิดแล้วผิดอีก ชื่อผิด ที่อยู่ผิด รุ่นรถยนต์ผิด ตัวถังผิด มาปีนี้ ผิดเหมือนเดิมทุกอย่างเลย จนผมรู้สึกว่าผมเหนื่อยกับการโทรไปเพราะติดต่อยาก เจ้าหน้าที่ไม่ตามเรื่อง และผิดบ่อยๆซ็ำๆเหมือนเดิม ไม่แก้ไขอะไรเลย เพื่อนมีวิธีการแก้ไขยังไงบ้าง ผมจะยกเลิกได้ไหม ขอบคุณครับ,"ผู้ร้องเรียนขอให้ระงับการเรียกเก็บเงินจากบัตรเครดิตเนื่องจากเห็นว่ายอดนี้อยู่นอกเหนือเงื่อนไข
ทางบัตรแจ้งว่าจะติดต่อกับร้านค้าเพื่อยืนยันสถานะการเรียกเก็บ แต่เมื่อติดต่อ Silkspan กลับได้รับคำตอบว่ากรมธรรม์ออกแล้วต้องเก็บทันที
ผู้ร้องเรียนแสดงความไม่เข้าใจเมื่อเซลแนะนำให้ไม่ต้องจ่ายในงวดนี้ แต่หลังจากนั้นกลับไม่มีการดำเนินการตามที่พูดไว้
ผู้ร้องเรียนระบุว่าประสบปัญหาซ้ำซากกับบริษัทนี้มาตลอด 2 ปี โดยมีข้อผิดพลาดในการกรอกข้อมูลหลายครั้ง",eval,Hybrid,2016,28,4,7.0,0.449215829372406,0.5146011511484782,0.4853988488515218
37141269,ไม่อยากเสียใจกระเป๋าเดินทางพัง เเล้วยังเคลมประกันยากควรอ่านค่ะ เหตุการณ์นี้เกิดกับพี่สาวของเพื่อนเราเลยขออนุญาตเค้านำมาโพสเพื่อเตือนให้ทุกคนร่วมกันระวังค่ะ เพราะตัวเราเองก็เพิ่งเดินทางด้วยสายการบิน Low cost เเละ กระเป๋าพังเช่นกัน . การออกเดินทางนอกจากการจัดทริปให้ดี เตรียมแผนให้แน่น และเลือกชุดเก่งตัวโปรดไปด้วยแล้ว ยังมีอีกสิ่งหนึ่งที่สำคัญมากสำหรับนักเดินทาง ที่ไม่อยากให้มองข้ามเลยจริงๆ นั่นก็คือ การทำประกันการเดินทาง หลายๆเคสที่เห็นในโลกโซเชียลก็คือนักท่องเที่ยวเกิดป่วยกระทันหันต้องรักษาตัวที่รพ.ในต่างประเทศโดยไม่ได้มีการทำประกันใดๆไว้รองรับ แต่สำหรับเราเรื่องที่จะแชร์ให้ทุกคนได้อ่านครั้งนี้เป็นในส่วนของกระเป๋าเดินทางที่นำไปด้วย เรื่องที่เกิดขึ้นเป็นเหตุการณ์ที่เกิดขึ้นกับตัวเองและการเล่าจะไม่ขอพูดถึงชื่อบริษัทประกันที่ได้เลือกทำไว้เพราะไม่แน่ใจว่าควรอ้างถึงหรือไม่และเข้าใจว่าทุกๆบริษัทเงื่อนไขเรื่องนี้ก็คงไม่ได้ต่างกันนักนะคะ . เมื่อคืนวันที่ 24 Nov ที่ผ่านมาได้เดินทางไปยังย่างกุ้งด้วยสายการบินหางแดง ขาไปได้คูปองฟรีน้ำหนักกระเป๋า 20กิโลและ Upgrade seat มาด้วยบัตรเครดิตที่ร่วมรายการ จึงตัดสินใจโหลดกระเป๋าที่หน้าเคาน์เตอร์ ไป2วัน2คืน ใกล้ๆไทย เราก็เลยไม่ใช้กระเป๋าล้อลากเพราะขากลับไม่ซื้อน้ำหนักกระเป๋าไว้ ต้อง Carry on ที่ 7 กิโลเท่านั้น ซึ่งลักษณะกระเป๋าเป็นแบบในรูปที่โพส และมีกุญแจล็อคกระเป๋าเรียบร้อยแม้ข้างในจะไม่ได้มีทรัพย์สินแพงๆ มีแค่เสื้อผ้า ของใช้ส่วนตัวสำหรับ 2 วันและน้ำดื่มที่ซื้อไปด้วยเพราะว่าน้ำหนักกระเป๋าเหลือเฟือ แต่ด้วยนิสัยเราก็คือจะถ่ายรูปกระเป๋าก่อนจะ load ไว้ทุกครั้งเผื่อว่าจะมีปัญหาตามมา . ในวันเดียวกันเวลา 21 30 น.เมื่อถึงสนามบินย่างกุ้ง ระหว่างรอรถ Taxi สังเกตว่า เอ๊ะ ทำไมกุญแจไปไหน มันสีม่วงเด่นเป็นสง่านะ เข้าไปมองดูใกล้ๆ แจ็คพ็อต หัวซิปหาย กุญแจหาย ตรวจในกระเป๋าของทุกอย่างอยู่ครบ แต่เวลานั้นก็ดึกแล้ว เคาน์เตอร์สายการบินก็ปิดไม่มีเจ้าหน้าที่อยู่ แต่บังเอิญว่ามีจนท.สายการบินที่น่าจะเป็นฝ่ายช่าง เดินมาทำอะไรบางอย่างพอดีเลยเข้าไปถามว่าจะทำอะไรได้บ้าง ได้รับคำตอบว่าถ้าเราไม่ได้ซื้อประกันของเค้า ก็ Sorry ด้วยทำอะไรให้ไม่ได้จริงๆ อะๆ ก็คิดว่าไม่เป็นไรเดี๋ยวลองติดต่อเคลมกับบริษัทประกันเพราะซื้อความคุ้มครองที่ครอบคลุมเรื่องกระเป๋าไว้ด้วย วานน้องช่วยโทรติดต่อในวันรุ่งขึ้น สรุปว่าทางบริษัทประกันบอกว่าทำเรื่องเคลมได้ โดยให้เราส่งหลักฐานคือรูปถ่ายที่เราถ่ายไว้แจ้งสายการบินแล้วเอาเอกสารนั้นมาติดต่ออีกที เราก็สบายใจระดับหนึ่งละ เดี๋ยวกลับมาค่อยจัดการ . วันอาทิตย์ที่ 26 Nov บ่ายๆ พอกลับมาถึงไทย เราก็รีบกลับมาบ้านโทรติดต่อไปที่สายการบิน แจ้งปัญหาและส่งเอกสารพร้อมหลักฐานทางอีเมล์ไปให้เค้า ถึงตรงนี้ต้องขอบคุณ Lost Found ของแอร์เอเชียที่ส่งเอกสารกลับมาให้ในคืนนั้นเลย ตอนแรกคิดว่าคงจะหลายวันเพราะได้รับแจ้งว่าต้องส่งกลับไปให้ที่ย่างกุ้งเป็นคนออกเอกสาร . วันจันทร์ที่ 27 Nov จากตรงนี้เป็นเรื่องระหว่างเรากับทางบริษัทประกัน บ.ประกันได้ขอหลักฐานไปหลายอย่างมากเราก็ส่งทุกอย่างที่มีทั้งหมดไปให้เค้าพิจารณา ติดต่อไปๆมาๆ 2 3 รอบเพราะบางอย่างก็กรอกไม่ถูก เมื่อเรียบร้อยแล้วเราก็รอการพิจารณาอีกทีบอกว่าใช้เวลา7 10วันทำการ รอไปๆ . แต่มาถึงวันนี้29 Nov ตอนเที่ยงได้รับอีเมล์เป็นจดหมายปฏิเสธ ไม่รับเคลมให้เหตุผลว่ากระเป๋าเดินทางของเราไม่ใช่กระเป๋าเดินทางที่บริษัทครอบคลุมในความคุ้มครอง กระเป๋าเดินทางที่บริษัทไม่รับพิจารณาคือกระเป๋าสตางค์ กระเป๋าถือ เป้เดินทาง หรือ กระเป๋าที่มีลักษณะการใช้โดยทั่วไปไม่ใช่อย่างกระเป๋าเดินทาง เพื่อนๆหลายคนที่รู้เรื่องและได้ยินวันนี้ งงและย้อนกลับว่าว่าอะไรนะ กระเป๋าเดินทางที่ไม่ใช่กระเป๋าเดินทาง . ค่ะ ตามนั้นค่ะ กระเป๋าของเราที่เอาไปย่างกุ้งนั้นไม่ใช่กระเป๋าเดินทางค่ะ ถ้าในกรณีทั่วไปเพื่อนๆคงต้องยอมรับความซวยไปค่ะ แต่ในกรณีของเรามีความโชคช่วยเล็กๆว่า ในเอกสารกรมธรรม์ที่ได้รับกลับมาหลังจากจ่ายเงินไปแล้ว ในส่วนของเรื่องของเอกสารแนบท้ายกรมธรรม์ เป็นความผิดพลาดของการนำเข้าเอกสารของทางบริษัทประกันเอง โดยในไฟล์เอกสารที่เราได้รับจำนวน 56 หน้าไม่ได้มีการกล่าวถึงรูปแบบกระเป๋าแต่อย่างใด เราเลยติดต่อกลับไปที่บริษัทประกัน คุยไปคุยมาหลายรอบมากตลอดบ่ายจนได้ข้อสรุปที่ว่า บริษัทประกันจะขอรับผิดชอบเฉพาะกระเป๋า ให้เราส่งกระเป๋าตัวจริงไปทางไปรษณีย์ และจ่ายเงินค่าส่งเอง ส่วนตัวกุญแจไม่รับพิจารณา เพราะว่าไม่ใช่ทรัพย์สินที่อยู่ในกระเป๋า แม้มันจะติดอยู่กลับตัวซิปกระเป๋าก็เหอะ จบ เหตุการณ์ที่เกิดขึ้นได้ข้อสรุปสำหรับการเดินทางครั้งต่อไปดังนี้ 1. เราต้องถ่ายรูปกระเป่าทุกใบที่เรา load เอาให้หลายๆ มุม และหลายๆ ภาพแบบชัดๆ 2. ควรซื้อประกันที่เป็นของสายการบินนั้นๆโดยตรง เราคิดว่าน่าจะคุยได้ง่ายกว่าบริษัทประกันอื่นๆ 3. ก่อนที่จะซื้อประกันการเดินทาง ต้องอ่านเอกสารแนบท้ายกรมธรรม์ก่อนเสมอว่าจำกัดอะไรบ้าง จากการถามจนท.ที่คุยด้วย เค้าบอกว่ามันมีบอกใน website แต่ถ้าหาไม่เจอโทรไปขอที่ Call Center ได้ 4. กระเป๋าเดินทางที่ใช้ Load แล้วบริษัทประกันรับพิจารณา ก็คือ กระเป๋าเดินทางแบบที่มีล้อลาก เท่านั้น มีต่อตอน 2,"ผู้ร้องเรียนรายงานว่ากระเป๋าเดินทางที่นำไปยังสนามบินย่างกุ้งสูญหายพร้อมกุญแจและซิป โดยมีหลักฐานภาพถ่ายก่อนโหลดกระเป๋าไว้
ผู้ร้องเรียนได้ติดต่อสายการบินและบริษัทประกันเพื่อขอเคลม ซึ่งบริษัทประกันให้ความคุ้มครองตามกรมธรรม์ที่ซื้อไว้
อย่างไรก็ตาม บริษัทประกันปฏิเสธการเคลมโดยอ้างว่ากระเป๋าไม่เข้าข่ายความคุ้มครองเนื่องจากไม่ใช่กระเป๋าเดินทางแบบมาตรฐาน
ผู้ร้องเรียนชี้แจงว่าเอกสารกรมธรรม์ฉบับจริงไม่มีการระบุข้อยกเว้นดังกล่าว และได้โต้แย้งจนบริษัทประกันยอมรับความรับผิดชอบเฉพาะส่วนของกระเป๋าตัวจริงเท่านั้น",eval,Hybrid,2017,61,4,15.25,0.4637653529644012,0.5878974199295044,0.4121025800704956
33333033,รถยนต์ซื้อประกันชั้น1 แพงไม่บ่น แต่ทำไมประกันสุขภาพชั้น1 แพง แต่บ่นกันจัง กำลังสงสัยว่า ทำไมคนเราถึงซื้อประกันรถยนต์ซึ่งเป็นเบี้ย.จ่ายทิ้ง เพื่อให้รถตัวเองมีเวลามีปัญหา บางครั้งสามารถซ่อมห้างได้เลย เลือกประกันตัวที่ดีที่สุดให้รถ หลายวันก่อน ประสบเหตุการณ์ ลูกป่วยไม่สบาย ยอมรับว่าเดี๋ยวนี้แบบประกันออกมามีหลายรูปแบบแข่งกัน ดิฉันเคยซื้อประกัน ที่แยกประเภทค่ารักษา ค่าห้อง นู้นนี่นั่น บางครั้งใช้สิทธิ์ประกัน มาเสียส่วนต่างมากมาย ล่าสุด ดิฉันเลือกซื้อประกันเหมาจ่าย ค่าห้องสูง มีopd เมื่อวันพุธใช้สิทธิ์แฟกซ์เคลม รพ.เอกชนย่าน วิภาวดี ค่าใช้จ่าย4วัน ค่าห้องเลือกแบบห้องสูทญาติเยอะ ราคาสูงสุดของรพ. รวมค่ายา ค่าใช้จ่ายทั้งหมด5หมื่นกับ900บาท ดิฉันเซ็นต์ชื่อทราบอย่างเดียว ไม่มีส่วนต่าง เดินออกจากการเงิน ดูสวยและรวยมาก อิอิ มีเพื่อนๆในไลน์กลุ่มแม่ๆถามกันมาเยอะ ที่ไหน อะไร ยังไง เบี้ยเท่าไหร่ เพียงแค่ดิฉันบอกจำนวน เลข3 นำหน้า บางคนยังว่าถูก เอ้ย ถูก นะ ถูกมาก แต่ทันใดนั้น ดิฉันบอกว่า เบี้ยทิ้งนะ ทุกคน ล้วนพูดว่าแพงง บ้าไปแล้ว ที่ดิฉันซื้อประกันสุขภาพให้ลูกแพงขนาดนี้เด็กสามขวบ ย้อนกลับไปดู เซคชั่นด้านบน ประกันรถยนต์ ปีนึงคุณจ่ายทิ้ง ร่วมสองหมื่น ไม่ชน ไม่มีเคลม ไม่มีคืน ทำไมไม่มีใครบ่นสักคำ ตรงกับที่ดิฉันเห็นว่า ในขณะที่วันนั้น ที่ลูกสาวออกจากรพ. มีคุณแม่ท่านนึง มาจ่ายเงินเช่นกัน ซึ่งเป็นส่วนต่างจากประกัน ประมาณ1หมื่นบาท ถ้าปีนึง เข้ารพ.2รอบล่ะ จ่ายส่วนต่าง ไป2หมื่นเลยนะ 2หมื่น ส่วนต่างนี่ ซื้อประกันดีๆให้ลูกได้เลย รักษาอย่างเต็มที่ โดยไม่ต้องกังวลเรื่องส่วนต่างดีกว่ามั้ย บางครั้งคนไทย ก็ยึดติดอะไรกับเดิมๆ ประกันสุขภาพที่พ่วงเงินออม เอาจริงๆ ตัวเงินออม ก็ค่าประกันชีวิตแหละ คุณเวนคืน ความคุ้มครองก็จบเหมือนกัน ออมตอนนี้ เวนคืนอีก30ปีข้างหน้า ถึงจะได้กำไร ค่าเงินเฟ้อตอนนั้น ไม่อยากคิดเลย,"ผู้ร้องเรียนใช้สิทธิ์ประกันสุขภาพสำหรับการเข้ารักษาในโรงพยาบาลเอกชน โดยเลือกแผนประกันเหมาจ่ายที่ครอบคลุมค่าห้องสูทและค่ายา รวมค่าใช้จ่ายทั้งหมด 50,900 บาท
ไม่มีการเรียกเก็บส่วนต่างจากผู้ร้องเรียน เนื่องจากเป็นแผนประกันที่ครอบคลุมเต็มรูปแบบ
เมื่อแจ้งเบี้ยประกันแก่กลุ่มเพื่อน หลายคนมองว่าราคาแพง แต่ผู้ร้องเรียนชี้ให้เห็นว่าหากเทียบกับค่าเบี้ยประกันรถยนต์ที่จ่ายทิ้งโดยไม่มีเคลม ก็ไม่มีใครตำหนิ
ผู้ร้องเรียนเห็นว่าการจ่ายส่วนต่างหลายหมื่นบาทต่อครั้งหากเข้ารักษาบ่อย ๆ อาจส่งผลให้ควรเลือกแผนประกันที่ครอบคลุมมากกว่า",eval,Hybrid,2015,45,4,11.25,0.4170029461383819,0.5858088334401448,0.4141911665598552
35186199,ประกันรถยนต์ ชั้น1 สงสัยมากเลยนะ พอดีมีเหตุ ต้องเรียกใช้ประกันของไทยวิวัฒน์ คะ เรื่องมีอยู่ว่า แฟนได้นำรถที่เป็นชื่อเราไปใช้แล้วเกิดอุบัติเหตุ ไปชนท้ายมอเตอร์ไซด์บิ๊กไบท์ มีคนได้รับบาดเจ็บแผลถลอกที่เข่าและแขน และได้เกิดความเสียหายกับรถเรา ล้อแตก พันชนหน้ามีรอยถลอก ส่วนมอเตอร์ไซด์บิ๊กไบค์ มีรอยถลอก และท่อไอเสียบุบ เบรคหลังพัง ได้ประสานงานเรียกประกัน การประสานติดต่อช้ามาก เหตุเกิดตอน 22.45 น. เกือบ ครึ่งชม.เขาส่งเจ้าหน้าที่มา ถ่ายรูป สอบถามเหตุการณ์ ลืมแจ้งคะแฟนดื่มเบียร์ด้วยคะ คุยกันอยู่ซักพัก ตกลงกับคู่กรณี เรียบร้อยแล้ว แต่ประกันเหมือนตอนแรกจะออกใบเคลมให้ แต่เขาได้ติดต่อกับใครไม่รู้คุยกันอยู่นาน แต่ไม่ออกใบเคลม บอกต้องให้ตำรวจรับทราบเพราะมีคนเจ็บ ทางเราแจ้งว่า เราตกลงกันแล้ว คู่กรณีจะใช้พรบ.เขาเข้ารักษาตัวที่ รพ.เอง ส่วนประกันขออกใบเคลมให้คู่กรณี ส่วนรถเรา เราซ่อมเองได้ ถ้าจะอ้างว่า ดื่มเบียร์มา แต่ประกันก็ไม่ยอม ยืนยันต้องให้ไปที่ สน.ตกลงกันอยู่นาน เกือบ 24.00น. เราและคู่กรณีจึงยอมไปลงบึนทึกที่ สน.เพราะประกันอ้างว่า มีคนเจ็บ เผื่อเขาเป็นอะไรมาก เราได้สอบถามน้องคนที่เจ็บแล้ว หมอทำแผลให้และให้ยามาทาน แต่ประกันบอกเผื่อคนเจ็บมาเรียกร้องภายหลัง ถึงสน.ร้อยเวรสอบสวนทั้งคู่ และ ร้อยเวรแจ้งขอทำปรับ 500 บาท ขับรถประมาท แต่ซักพัก ประกันขอคุยกับร้อยเวรและได้แยกไปคุยกันต่างหากอีกห้อง และกลับไม่สรุปต้องให้แฟนเป่าตรวจวัดแอลกอฮอล์ เราบริสุทธิ์ใจจะเป่าก็ยอมให้เป่า แต่ตำรวจไม่ให้เป่าเชิญแฟนไปเจาะเลือดตรวจที่ รพ. พยาบาลบอกกับตำรวจว่า ปริมาณการกินถ้าเบียร์ 1 ขวด ปริมาณแอลกอฮอล์ ก็เยอะแล้วมีโอกาสเกิน 150 แน่นอน เราก็เลยถามตำรวจไปว่า ทั้งๆที่เรากับคู่กรณี ตกลงกันได้แล้ว ทำไมต้องมาเจาะเลือดอีกตำรวจคนที่พาไปเขาบอกว่า ประกัน เป็นคนแจ้งให้เจาะเลือด เขาก็ต้องทำ ยอมรับเลยนะคะว่า ไม่ได้ศึกษาอะไรกับเรื่องความคุ้มครองในกรมธรรม์ เลยคะ ขออนุญาต สอบถามผู้รู้ด้วยนะ รบกวนแนะนำด้วยคะ ตอนนี้รอผลเลือด คะ 1.กรณีนี้ ประกันเล่นลูกค้าหรือเปล่า เพราะรู้ว่าเราไม่รู้เรื่องข้อยกเว้นไม่คุ้มครอง 2.ทำประกันชั้น 1 กับไทยวิวัฒน์มา 3 ปีแล้วแต่เพิ่งรู้ว่า คนที่ทำประกัน ต้องมีใบขับขี่ ไม่อย่างนั้นไม่คุ้มครอง และก่อนทำสัญญา ไม่เคยถามเราเลยว่า ขับรถเองหรือมีคนขับกี่คนที่ใช้รถ ประกันเขาบอกเราว่าไม่มีใบขับขี่คือไม่คุ้มครองเลย ต้องแจ้งว่าแฟนเป็นคนขับรถแล้วเกิดเหตุ 3.ถ้าผลตรวจออกมาเกิน 150mg มีผลอย่างไรบ้างคะ 4.ทำประกันชั้น 1 กับไทยวิวัฒน์ ส่วนพรบ.กับธนชาต ถ้าผลเลือดออกมาเกิน 150mg พรบ.จะคุ้มครองด้วยหรือเปล่าคะ รบกวนจริงๆคะ และรบกวนช่วยแนะนำให้คำปรึกษาด้วยคะ ช่วงนี้อยู่ระหว่างรอผลเลือดคะ ใบเคลมประกันยังไม่ออกให้คะ,"ผู้ร้องเรียนระบุว่าเกิดอุบัติเหตุร่วมกับคู่กรณี โดยทั้งสองฝ่ายตกลงกันแล้ว แต่บริษัทประกันไม่ยอมออกใบเคลมทันที เนื่องจากมีผู้บาดเจ็บและอ้างต้องแจ้งความไว้ก่อน
แม้ผู้ร้องเรียนและคู่กรณีจะตกลงกันและไม่ประสงค์จะดำเนินคดี แต่ประกันยังคงเรียกร้องให้ไปลงบันทึกประจำวันที่สถานีตำรวจ
ระหว่างการสอบสวน ตำรวจขอปรับ 500 บาท สำหรับข้อหาขับรถประมาท แต่ภายหลังมีการขอเจาะเลือดตรวจสารเสพติดจากแฟนผู้ร้องเรียนโดยไม่มีเหตุผลชัดเจน
ผู้ร้องเรียนแสดงความไม่พอใจต่อพฤติกรรมของบริษัทประกันที่อาจใช้จุดอ่อนทางความรู้ของลูกค้า และสอบถามแนวทางการป้องกันสิทธิ์ในกรณีดังกล่าว",eval,Hybrid,2016,54,4,13.5,0.4287735223770141,0.5546243190765381,0.4453756809234619
37605267,รถเรามีประกันชั้น 1 ของอาคเนย์ แต่ประกันเคลมช้า เคลียร์เองกับคู่กรณีได้หรือไม่ สอบถามค่ะ พอดีรถเราถูกชนหนัก จากรถคู่กรณี น๊อตที่ล้อหลุด คอนโทรลรถไม่ได้ เสียหลักมาชนรถเรายับเลย คู่กรณียอมรับผิดทุกประการ ส่วนเราเรียกประกันจัดการ เราใช้อาคเนย์ประกันภัย ซึ่งเป็นประกันชั้น 1 ซ่อมอู่ และเราก็ไม่ได้เรียกร้องอะไรเพิ่มจากคู่กรณีค่ะ เหตุการณ์เกิดขึ้นที่ต่างจังหวัด เราจึงให้เค้าลากรถเรามาที่อู่ประจำแถวบ้านที่นนทบุรี คู่กรณีเป็นคนจ่ายค่ารถลากให้เราค่ะ และเมื่อรถมาถึงอู่ จึงได้รับทราบข้อมูลจากเจ้าของอู่ว่า อาคเนย์ประกันภัยนั้น มีปัญหาด้านการอนุมัติค่ะ ช้ากว่าเจ้าอื่นมากๆ ซึ่งก่อนทำประกันเราได้โทรศัพท์สอบถามอู่แล้ว อู่แจ้งว่า เคลมได้ แต่เราพลาดเองที่ไม่ได้ถามว่าเคลมนานมั๊ย อู่แจ้งว่าของอาคเนย์ แจ้งเคลมนานมาก บางทีต้องให้ลูกค้าช่วยโทรเร่ง เนื่องจากระบบของเค้าจะมีคนอนุมัติอยู่แค่สองคน บางทีติดประชุม ลาพักร้อน ก็ต้องรอ เจ้าหน้าที่ระดับหัวหน้ามาอนุมัติค่ะ จากวันเกิดเหตุจนปัจจุบัน ครึ่งเดือนละ รถเรายังจอดอยู่ที่อู่เฉยๆ ค่ะ ไม่มีการลงมือซ่อมใดๆ ทั้งสิ้น เนื่องจากความล่าช้าดังกล่าว คำถาม คือ ในเมื่อประกันก็ต้องไปเก็บเงินกับคู่กรณีเราอยู่ดี ทีนี้เราเปลี่ยนใจ คุยกับคู่กรณี ให้เค้าจ่ายเงินเราแทนได้มั๊ยคะ ในเมื่อค่าเท่ากัน ราคาก็ตามที่อู่ตีราคาค่ะ เอาแค่ซ่อมให้มันเหมือนเดิม เพราะคู่กรณียอมรับผิดและยินดีจ่ายค่าเสียหายที่เกิดขึ้นค่ะ เผื่อเราจะได้ใช้รถเร็วขึ้นค่ะ ยิ่งหาข้อมูลในพันทิบ ก็ยิ่งกลัว บางคนบอกว่า ของอาคเนย์ ให้อะไหล่ปลอมอีก ไม่รู้จริงเท็จยังไง และถ้าทำได้จะต้องทำอย่างไรบ้างคะ ถึงคราวซวย รถมาชน ก็พอทนไหวค่ะ แค่อยากหาทางเพื่อไม่ให้ซวยซ้ำซ้อน จากความอนุมัติล่าช้า หรืออะไหล่ปลอมค่ะ พลาดเองที่ไม่สอบถามให้ดีๆ ก่อนทำประกัน ใครมีประสบการณ์ รบกวนแชร์ข้อมูลด้วยนะคะ ขอบคุณล่วงหน้าสำหรับคำตอบนะคะ,"รถของผู้ร้องถูกรถคู่กรณีชนจนเสียหลักและยับ คู่กรณียอมรับผิดเต็มที่และจ่ายค่ารถลากให้
ผู้ร้องทำประกันชั้น 1 กับอาคเนย์ แต่ตั้งแต่วันเกิดเหตุจนถึงปัจจุบัน รถยังจอดอยู่ที่อู่โดยไม่มีการซ่อม เนื่องจากกระบวนการอนุมัติเคลมช้ามาก
ผู้ร้องต้องการเปลี่ยนแนวทาง โดยขอให้คู่กรณีจ่ายเงินซ่อมแทน เพื่อให้สามารถใช้รถได้เร็วขึ้น หลังจากได้รับข้อมูลว่าระบบของอาคเนย์มีข้อจำกัดในการอนุมัติ
ผู้ร้องกังวลเรื่องความล่าช้าและอาจได้อะไหล่ปลอม และขอคำแนะนำจากผู้มีประสบการณ์ในการดำเนินการต่อไป",eval,Hybrid,2018,36,4,9.0,0.4080986082553863,0.4761470158894856,0.5238529841105144
40140102,ประสบการณ์ตรงจากการทำประกันกับ AXA โดนงอแงเวลาเคลม ตามที่เคยโดนเตือนเป๊ะ สวัสดีครับขอแชร์ประสบการณ์ตรงจากการใช้งาน AXA ต้องบอกตามตรงว่าผมเองไม่ได้ศึกษาเรื่องการทำประกันสุขภาพอะไรมากนัก แต่รู้สึกว่าถึงวัยที่ต้องทำประกันสุขภาพ ก็เลยตัดสินใจทำ เบื่องต้นคือมีเพื่อนเป็นตัวแทนประกัน ก็เลยทำกับ AXA ตามคำแนะนำของเพื่อน ตัวผมทำเป็นแบบ Silver ส่วนแฟนทำแบบ Gold รวมๆ จ่ายกันสองคนอยู่ปีละประมาณ 5500 บาท เรื่องมีอยู่ว่าวันนึงผมเป็นซีสที่ผิวหน้า จึงไปหาหมอที่โรงพยาบาลแห่งหนึงแถวสนามเป้าทางโรงพยาบาลแจ้งว่าจะมีค่าผ่ารักษาอยู่ที่ประมาณ 200 บาท ทางโรงพบาลก็ดูประกันของผม แล้วก็แจ้งว่ามีสองทางเลือกคือ 1. จ่ายเงินก่อน แล้วค่อยทำเบิก ซึ่งทางโรงบาลก็บอกว่าไม่แน่ใจว่าจะเบิกได้รึป่าว เจ้าหน้าที่ดูทำหน้าไม่มั่นใจ เท่าที่สอบถามก็คือเจ้าหน้าที่แจ้งว่าทาง AXA มีประวัติการฟ้องร้องค่อนข้างมาก เบิกยาก และงอแง ใจผมก็คิดว่า จริงเหรอวะ 2. คือรอให้ทางประกันตอบรับก่อนว่าจ่าย แล้วค่อยกลับมารักษา ทางโรงพยาบาล แนะนำวิธีนี้ แล้วสิ่งที่เกิดก็คือผมเลือกทางที่ 2 ทางประกันตอบกลับมาว่า อยู่นอกเงื่อนไข เพราะหมอเขียนไปว่า มีรูที่ผิวหน้านูนและมีไขมันออกมา ซึ่งความหมายก็คือ เคยเป็นสิวตรงนี้มาเป็น 10 ปีแล้ว สิ่งที่ทำคือโทรหา AXA และได้คำตอบว่าพิจารณาจาก paper เท่านั้น ตอบกลับเอกสารก็มี 1 อาทิตย์ และ ก็ดูเหมือนต้องใช้เวลาเพิ่ม อีก 1 2 อาทิตย์ เพื่อจะโต้แย้งให้บริษัทไม่โยกหลบเรา สรุปที่เข้ามาเตือนเพื่อนๆ คือ 1. ว่าตามตัวอักษร AXA ก็ไม่ผิดอะไรครับ แต่ก็เป็นจริงตามที่โรงพยาบาลว่าค่ายนี้เคลมยาก ก็คือมีช่องโยกหลบได้เป็นโยก ไม่ได้ดูตามสิ่งที่ควรจะเป็นหรือสอบถามอะไรเพิ่มเติม สิ่งที่น่ากลัวคือใครฝากอนาคตระยะยาวไปแก่ๆ นี่ก็ปราสาทรายพังได้ ถ้าเค้าโยกหลบตอนเราเจออะไรหนักๆ และเราไม่มีแรงจะติดตาม 2. ใครทำประกันกับเจ้านี้ก็ต้องระแวดระวัง คุยกับหมอดีๆ ว่าให้เขียนเอกสารยังไงไม่ให้เค้าโยกหลบครับ สุดท้ายนี้ผมก็เสียดายเวลาที่ทำประกันกับเจ้านี้ และคงพยายามลองดูครับว่าเจ้าไหนที่ดู Sincere แบบทำยาวๆ กันแล้วไม่มีปัญหาครับ ได้ยินมาว่าเมืองไทยกับ AIA ไม่งอแง ใครมีข้อมูลแชร์กันหน่อยก็ดีนะครับ ชื่อสินค้า AXA ihealthy คะแนน CR Consumer Review,"ผู้ร้องเรียนได้ทำประกันสุขภาพกับ AXA โดยได้รับคำแนะนำจากเพื่อน และมีค่าใช้จ่ายรวมประมาณ 5,500 บาทต่อปี
เมื่อไปรักษาสิวที่ผิวหน้าที่โรงพยาบาล ทางโรงพยาบาลเสนอให้เลือกวิธีเบิกค่ารักษาภายหลัง แต่ AXA แจ้งว่ากรณีดังกล่าวอยู่นอกเงื่อนไขการคุ้มครอง
บริษัทระบุว่าจะพิจารณาจากเอกสารเท่านั้น และใช้เวลานานถึงหนึ่งสัปดาห์ขึ้นไปในการตอบกลับพร้อมกระบวนการโต้แย้ง
ผู้ร้องเรียนแสดงความกังวลว่าบริษัทอาจมีช่องโหว่ในการปฏิเสธการเคลม จนกระทบต่อความเชื่อมั่นในผลิตภัณฑ์ประกันระยะยาว",eval,Hybrid,2020,28,4,7.0,0.5106914639472961,0.5310963789621989,0.4689036210378011
37742234,เลิกต่อประกัน กับประกันคุ้มภัย คือเมื่อปลายปีที่แล้ว จขกท ไปกินข้าวที่ เดอะคริสตัล ราชพฤกษ์ ด้วยความที่ไปถึงก็เกือบ2ทุ่ม นั่งกินข้าวลากยาวจนถึง4ทุ่ม ห้างกำลังจะปิด ลงมาที่ลานจอดรถ พอถึงรถก็เห็นว่ารถบุบ คือมีรถขับมาชนด้านหน้าฝั่งคนขับ แล้วขับหนีไป ดีที่มีพี่รปภ.แถวนั้นถ่ายรูปรถที่ชนไว้ให้ทัน พี่รปภ.บอกว่าคนขับดูเมา บอกให้รอเรามาถึงรถก็ไม่ยอม ขับหนีออกไปเลย พี่รปภ.ถ่ายทะเบียนรถ และสภาพรถที่มาชนไว้เป็นหลักฐานให้ เราแจ้งประกัน ไปลงบันทึกประจำวันเรียบร้อย พร้อมทั้งเจอทะเบียนรถ ชื่อ ที่อยู่ของเจ้าของรถ ซึ่งคุณพี่ตำรวจดูจากฐานข้อมูลให้ ก็แยกย้ายกับประกันกลับบ้าน เราก็นึกว่าเรื่องจะจบแล้ว เนื่องจากเราไม่ได้เป็นฝ่ายผิด และเจอตัวคู่กรณี จนมาเมื่อกลางเดือน โบรเกอร์ที่เราทำประกันด้วย โทรมาแจ้งการต่อประกันรถยนต์ พร้อมแจ้งเบี้ย เบี้ยที่ได้รับแจ้งสูงกว่าปีที่แล้วมาก สอบถามกลับไปทางโบรกเกอร์ โบรกเกอร์ก็ประสานงานกับคุ้มภัยเรื่องของเบี้ยว่าทำไมสูงขึ้นอีก ได้รับคำตอบจากทางคุ้มภัยว่า เรามีเคลมไป ก็ยิ่งสงสัยไปเข้าไปอีกเพราะการเคลมคือเราไม่ได้ผิด และเจอคู่กรณี เลยให้ทางโบรเกอร์ติดต่อไปที่คุ้มภัยใหม่ และเงียบหายมาจนถึงวันนี้ก็เกือบครึ่งเดือนได้ โบรเกอร์แจ้งว่า คุ้มภัยบอกว่าเบี้ยยังไงก็ไม่ลด พร้อมทั้งบอกว่าตามคู่กรณีไม่เจอ กลายเป็นว่าเราเป็นฝ่ายผิด และไม่มีคู่กรณี งง เลยจ้า ข้อมูลทะเบียนรถ ชื่อเจ้าของ ที่อยู่ เบอร์โทรพร้อม แต่บอกเอาผิดไม่ได้ แล้วภาระก็ตกมาที่ผู้เอาประกันอย่างนั้นหรอครับ นี่ทำประกันต่อกับคุ้มภัยมาตลอดหลานปี ผิดหวังมาก ถือว่าคุ้มภัยไม่รับผิดชอบเลย ปัดภาระ แล้วแบบนี้ใครจะอยากต่อประกัน หรือไว้ใจทำประกันกับคุ้มภัยอีกครับ เชื่อครับ คนเราก็ต้องมีเจอประกันที่ทั้งดีและไม่ดีต่างกัน แล้วแต่บุญแต่กรรม แต่อยากให้เคสนี้เป็นอุทาหรณ์สำหรับคนที่จะทำประกันกับคุ้มภัยครับ,"ได้ถ่ายภาพทะเบียนรถและสภาพรถที่เกิดเหตุเป็นหลักฐาน และแจ้งบริษัทประกันพร้อมลงบันทึกประจำวันเรียบร้อย
พบตัวเจ้าของรถคู่กรณี พร้อมข้อมูลทะเบียน ชื่อ และที่อยู่ จากการตรวจสอบฐานข้อมูลของเจ้าหน้าที่ตำรวจ
แต่ภายหลังได้รับแจ้งจากโบรกเกอร์ว่าเบี้ยประกันรถยนต์เพิ่มขึ้นอย่างมาก โดยทางคุ้มภัยระบุว่ามีประวัติเคลม แม้ผู้ร้องเรียนไม่ได้เป็นฝ่ายผิด
จนกระทั่งได้รับข้อมูลกลับมาว่า ""ตามคู่กรณีไม่เจอ"" ทำให้เกิดความสับสนว่าถูกจัดว่าเป็นฝ่ายผิดโดยไม่มีหลักฐานชัดเจน",eval,Hybrid,2018,30,4,7.5,0.5188992023468018,0.4064773321151733,0.5935226678848267
37741760,ดูดีๆก่อนทำประกันสุขภาพ คือ แม่เราอายุ65เค้าไปทำประกันสุขภาพ ทีเอ็มบี เบิกเต็มเม็ก เบียประกัน1400บาท ค่ารักษา 30000บาท ปี ค่าห้อง 300 บาท ครั้ง เมื่อวานแม่ป่วยท้องเสียอาหารเป็นพิษเราพาไปโรงพยาบาลหมอ หมอให้นอนโรงพยาบาลเราก็แจ้งกับเจ้าหน้าที่ว่ามีประกันก็ยื่นบัตรไป เจ้าหน้าที่แจ้งมีจ่ายค่าห้องเพิ่มประมาน 1500บาท เราก็ ok ไม่เป็นอะไร พอมาวันนี้หมอให้กลับ ทำเรื่องเคลมประกัน ปรากฎว่าแคลมไม่ได้ ประกันให้สำรองจ่ายไปก่อน ซึ่งค่ารักษา24500บาท ทำไงดีไม่มีเงิน และงงมากด้วย ทำใมถึงเคลมไม่ได้ เราติดต่อแบงค์รับเรื่อง เจ้าหน้าที่ประกันก็โทรมา ประกัน สวัสดีคะ ทางแบงค์แจ้งว่าลูกค้าไม่สามารเคลมประกันได้ใช่มั้ยคะ เรา. ใช่ ทางฝ่ายเคลมของโรงพยาบาลแจ้งว่าทางบริษัทประกันบอกว่าคุณแม่มีโรคประจำตัวเป็นความดันกับไขมันในเลือด ให้เราสำรองเงินจ่ายก่อนแล้วทำเรื่องเบิก ประกัน ลูกค้าได้แจ้งตอนทำประกันหรือป่าวว่ามีโรคประจำตัว เรา ถามแม่ๆบอกธนาคารเค้าไม่ได้ถามแต่แม่บอกกับธนาคารไปว่าเคยกินยาความดันกับไขมันในเลือดแต่ตอนนี้หมอบอกควบคุมได้ เลิกกินมาหลายปีแล้ว เราตอบไปตามที่แม่บอกแบบนี้ ประกัน ลูกค้าป่วยเป็นแค่ท้องเสียใช่มั้ยไม่ได้เกี่ยวกับความดันหรือไขมันใช่มั้ย เรา ใช่ ประกัน รอสักครู่เดี๋ยวโทรกลับ .รอไปครึ่งชั่วโมง. ประกัน คุณลูกค้าทางเราเช็คกับฝ่ายเคลมแล้ว พบว่ามีโรคประจำตัว ไม่สามารถเคลมได้ ให้ลูกค้าสำรองจ่ายไปก่อน แล้วนำใบเสร็จมาเบิก พูดเหมือนเดิม รอบที่ 2 เรา ไม่มีเงินคะ เงินตั้ง 24500บาท แล้วอีกอย่างเราทำประกันถ้าไม่เข้าเงื่อนไขไม่ผ่าน ทำใมถึงยังรับคะ ประกัน ลูกทำผ่านธนาคาร ธนาคารแจ้งมาแบบนี้ลูกค้าลองติดต่อธนาคารนะคะ . เรา โทรไปธนาคารอีกรอบเจ้าหน้าที่รับเรื่องไม่ใช่คนเดิม เราเล่าไปแบบเดิมว่าเคลมไม่ได้นู้นนี่นั่น.เจ้าหน้าที่ถามทำกับใคร เราบอกว่าทำกับผู้จัดการสาขา แม่บอก เมื่อประมานเกือบ 3 เดือนแล้ว เจ้าหน้าที่บอกเดี๋ยวโทรกลับ .รอ คราวนี้ผู้การโทรมา. ผู้การ ผมชื่อ. เรา ใช่ผู้การหรือป่าวคะ ผู้การ ใช่ครับ มีอะไรหรือป่าวครับ เรา ประกันที่ทำกับคุณไว้ บริษัทประกันแจ้งว่าแม่มีโรคประจำตัว ไม่สามารถเบิกได้ให้สำรองจ่าย คือมันเป็นความผิดของเราเหรอที่ต้องจ่ายในเมื่อคุณไม่ถามเรื่องสุขภาพสักคำแต่แม่บอกเอง ผู้การ เงียบไปสักพัก อืม.เคยเป็นโรคอะไร แล้ววันนี้รักษาโรคอะไร เรา แอดมิดตั้งแต่เมื่อวาน ท้องเสียอาหารเป็นพิษ และเคยเป็นความดันกับไขมันในเลือด แต่หมอให้หยุดยามาหลายปี ไม่ได้รักษาที่ดี่ใช้สิทบัตรทองรักษาแถวบ้าน ผู้การ เหรอคับ รอสักครู่เดี๋ยวโทรกลับ .รอ 5 นาที. ผู้การ คุณลูกค้าสำรองเงินจ่ายไปก่อนนะแล้วเอาใบเสร็จใบรับรองแพทย์มาเบิก แล้วไปโรงพยาบาลเดิมที่ใช้บัตรทองเอาประวัติการรักษาโรคความดันกับไขมันมายื่นเบิก เรา ทำใมต้องสำรอง เราไม่มีตัง และอีกอย่างเราทำประกันแล้วจ่ายเบี้ยเต็มเงินสดด้วย ทำใมถึงต้องสำรองเงินตั้ง 24500 ไม่ใช่2500 ผู้การ เดี๋ยวคุยกับประกันเองนะครับ เดี๋ยวให้เค้าโทรกลับ . .ประกันโทรมา. ประกัน. พูดแบบเดิม สำรองจ่ายก่อน จะเร่งเบิกคืนให้ เรา. ถามหน่อยเบิกคืนจะได้เหรอ ถ้าเบิกได้จริงทำใมไม่ให้เคลมไปเลย ในเมื่อมันเบิกได้จริงๆ ประกัน ขอเรียนคุณลูกค้าตามตรงนะคะ คือเคสลูกค้ามีโรคประจำตัวปกติไม่สามารถทำได้อยู่แล้วทางบริษัทก็ไม่รู้ว่ามีโรคประจำตัว เพราะตอนทำไม่ได้แจ้งถ้าแจ้งทำไม่ได้อยู่แล้ว ซึ่งตอนนี้ทำแล้วเกิดปัญหาทางบริษัทขอรับผิดชอบโดยการคืนเบี้ยประกันให้ ทั้งหมด ยอดเต็ม 1400 บาท ที่ลูกค้าทำไว้ขอแค่เอกสารให้ครบจะเร่งดำเนินการให้เร็วที่สุด ประกันอธิบาย ตามโพรเซสงาน ธนาคารตัวแทนต้องสัมภาษลูกค่าเกี่ยวกับโรคประจำตัว ตามเอกสารมี5ข้อ ไม่แน่ใจว่าธนาคารถามหรือป่าวเพราะถ้าถามแล้วคีย์เข้าระบบว่ามีโรคประจำตัว ระบบก็จะไม่อนุมัติให้ทำ แต่ตอนนี้เกิดปัญหาแล้วทางประกันขอรับผิดชอบคืนเบี้ยให้คะ เรา แบบนี้ความซวยก็ตกอยู่ที่ลูกค้า คือยังไงก็ต้องหาเงินมาสำรองจ่าย4500 มาให้ได้ตอนนี้ ประกัน. ใช่คะ .เราโทรหาผู้การ. เรา คือประกันเค้าบอกว่าไม่สามารถเบิกได้ แต่จะทำเรื่องคืนเบี้ยประกันให้ ผู้การ อ๋อเหรอคับ เค้าพูดแบบนี้เหรอคับบ แล้วก็เงียบ.เงียบนานเลย เรา คือตอนทำประกันทำใมถึงไม่ให้ข้อมูลไปตามจริง สักแต่ว่าหาลูกค้าเหรอ เอาค่าคอมเหรอไม่สนใจว่าจะเป็นยังไง ผู้การ ผมบอกก่อนนะผมไม่ได้ค่าคอม เรา คุณไม่ได้ค่าคอมคุณก็ต้องได้ยอดให้สาขาคุณ แล้วความซวยตกอยู่ที่ใคร แล้วจะหาเงินมาจากไหน ไม่ใช่พันสองพันนะ ถ้าคุณให้ข้อมูลตามจริงที่เราบอกก็จบ แล้วถ้าคุณบอกทำไม่ได้เราก็ไม่ทำเราก็ไม่ได้ตื้อขอให้ทำ ผู้การ ก็ผมไม่รู้ ผมคิดว่าไม่น่ามีปัญหา เพราะลูกค้าหยุดยามานานหลายปี และไม่ได้กินยาประจำ แล้วลูกค้าต้องการให้รับผิดชอบยังไง เรา ตอนนี้ไม่มีเงิน 2500มาจ่ายให้โรงพยาบาลอยากให้รับผิดชอบหาเงินมาจ่ายให้ รู้แล้วว่าเป็นไปไม่ได้ ถ้าคุณบอกเบิกได้คุยก็ค่อยรอเอาเหมือนที่คุณบอก เพราะเราไม่ผิดเราไม่ได้ปกปิดข้อมูลเราบอกตามความจริงแต่คุณไม่ได้เขียนไปตามที่เราบอก ผู้การ ทางแบงค์ไม่มีนโยบายครับ เรา และจะรับผิดชอบยังไง ผู้การ. เราทำได้แค่จะช่วยเรื่องเอกสารเร่งเบิกคืนให้เร็วขึ้น ทำได้แค่นี้ ความจริงผมไม่ผิดนะครับ เพราะทางประกันออกบัตรแคร์การ์ดให้แล้ว เราแค่ส่งเรื่องไป ทางประกันต้องรับผิดชอบ คุณต้องไปคุยกับประกัน เรา แต่คุณเป็นคนรับเรื่องและส่งเรื่องให้ประกัน คุณเป็นถึงผู้จัดการสาขาประสบการทำงานตั้งเท่าไหร่ คุณจะเอาแต่ผลประโยชน์โดยไม่นึกถึงลูกค้า แล้วใครเสียหายใครซวย เราไงเราต้องหาเงินมา เราไม่มีเงินนะ เงินเยอะขนาดนี้เราจะหาจากไหน ดีนะแค่คืนเดียวถ้ามากกว่านี้ จะทำไง คุณทำงานแย่มากเป็นถึงผู้การตำแหน่งใหญ่โตไม่มีความรับผิดชอบ เกิดปัญหาโยนไปโยนมา ทั้งที่ต้นเรื่องมาจากคุณ ผู้การ. .เงียบหลายนาที ไม่พูดอะไรเลยเราก็เงียบ รอคำตอบว่าเค้าจะตอบว่าอะไร แต่สุดท้ายพูดว่า . ผู้การ .แค่นี้นะครับสายเข้าวางสาย จบ. และหลังจากนั้นประมาน 2 ชั่วโมงโทรไปอีก ไม่รับสายไม่โทรกลับคะ สงสัยตายไปแล้ว คืออะไรแบบนี้ก็มีเหรอ เราไม่โทษบริษัทประกัน เราไม่โทษธนาคาร เราไม่อยากให้ทั้งบริษัทประกันและธนาคารเสียชื่อเสียง เราเข้าไปติดต่อเค้าบริการดีทั้ง2ที่ เจ้าหน้าที่ให้ข้อมูลดี ตามเรื่องเร็วมาก แต่ เราเสียความรู้สึกกับตัวผู้จัดการสาขา ที่เป็นคนรับเรื่องตั้งแต่แรก แค่คำขอโทษสักคำ เรายังไม่ได้ยินจากปากผู้การเลย ปล1. เรื่องยาวนิดนะคะ พิมผิดบ้างหรืออาจจะงง บ้างขออภัยด้วยคะ ปล.2 วันที่แม่เราไปทำประกันเราไม่ได้ไปแม่ไปคนเดียวคนแก่เนอะอาจไม่ค่อยเข้าใจเท่าไหร่ ปล3 ฝากไว้เป็นตัวอย่างจะได้ไม่เจอแบบเรา และโชคดีที่เรายังหายืมเงินจากเพื่อนเราได้,"ลูกค้าแจ้งข้อมูลโรคประจำตัวแก่ธนาคาร แต่บริษัทประกันระบุว่าไม่ได้รับข้อมูลดังกล่าวในขณะทำประกัน
บริษัทประกันปฏิเสธการเคลมเนื่องจากมีโรคประจำตัว แต่ยอมรับผิดชอบโดยคืนเบี้ยประกันเต็มจำนวน
ลูกค้าระบุว่าไม่มีความผิดในการปกปิดข้อมูล เนื่องจากได้แจ้งความจริงกับธนาคารและผู้จัดการสาขา
ผู้จัดการสาขาแสดงความเห็นว่าไม่มีนโยบายรับผิดชอบค่าใช้จ่ายเพิ่มเติม และสามารถช่วยเร่งดำเนินการเอกสารเบิกคืนได้เพียงเท่านั้น",eval,Hybrid,2018,114,4,28.5,0.4508631527423858,0.5316017071406046,0.4683982928593954
33967395,โปรดระวัง เซลล์ขายประกันทางโทรศัพท์หลอกขายประกัน ให้ข้อมูลเท็จ เป็นเรื่องที่เจอกับตัวเอง นั่งนึกไปเขียนไป ถ้าอ่านแล้ว งง ก็ขอโทษด้วยครับ ก่อนอื่นต้องเกริ่นก่อนว่า ปกติเวลามีสายเข้ามาเป็นการขายประกัน ผมก็มีฟังบ้าง ขออนุญาตตัดสายบ้างแต่สุดท้ายคือบอกว่า ไม่ซื้อเพิ่ม ปฏิเสธการทำประกันทุกรายไป ล่าสุดเป็นของประกันเจ้าหนึ่ง เดิมผมทำประกันของเจ้านี้ไว้ เป็นประกันอุบัติเหตุเดือนละร้อยกว่าบาท คุ้มครองเฉพาะอุบัติเหตุ ทำมา 4 ปีกว่าแล้ว เมื่อวันที่ 21 7 58 มีสายเข้ามาตอนกำลังอบรม ผมเลยรับสายและทางนั้นบอกว่า โทรมาจากซิกน่า ผมก็เลยตามเลย ฟังดูหน่อย ทางพนักงานท่านนั้นก็คุยรายละเอียดให้ฟัง ซึ่งใช้เวลานานพอควร ประเด็นหลักคือจะมอบบัตร VIP ให้ โดยที่ ต่อไปเข้า ร.พ. ไม่ต้องสำรองจ่ายและเพิ่มวงเงินคุ้มครองให้ เนื่องด้วยผมเอะใจ เลยชิงถามตัดหน้าไปว่า แล้วจ่ายเพิ่มเท่าไหร่ ทางพนักงานตอบว่า ไม่เพิ่ม จ่ายเท่าเดิม ผมก็ฟังๆที่เขาคุยรายละเอียดให้ฟังอีก ซึ่งฟังไม่รู้เรื่องหรอก พูดเร็วมาก แบบเหมือนรีบๆอ่าน แล้วก็ย้ำตลอดว่า ไม่เพิ่ม ไม่Vat จ่ายเท่าเดิมที่คุณพี่เคยจ่าย ผมก็พยายามถามคำถามเหล่านี้เพราะรู้ว่าการขายประกันทางโทรศัพท์ต้องมีการอัดเสียงเอาไว้ พอมาถึงจะปิดการขาย ทางพนักงานจะให้ผมพูดว่า ตกลงทำประกันครับ ครั้งแรกผมพูดแค่คำว่า ครับ พนักงานก็บอกว่า เอาใหม่ให้พูดเต็มประโยค ผมเลยถามไปอีกว่า จ่ายเท่าเดิมใช่ไหม 145 บาท พนักงานก็บอกว่า ครับ จ่ายเท่าเดิมที่คุณพี่เคยจ่าย ไม่เพิ่ม ไม่Vat ผมมั่นใจแล้วว่าต้องมีการบันทึกเสียงแน่ๆ เลยพูดว่า ตกลงทำประกันครับ พอวางสายปุ๊บ ผมโทรหา Call Center ปั๊บ สอบถามเรื่องสถานะประกันของผม ปรากฎว่า ผมได้มีการทำประกันเพิ่มอีก 1 ฉบับ ค่าประกันเดือนละ 500 กว่าบาท น่านไง งานเข้าแล้ว ดีน่ะที่เอะใจก่อน ผมเลยบอก Call Center ไปว่าให้ยกเลิกด้วยและต้องจัดการกับพนักงานฝ่ายขายท่านนั้นด้วย เพราะถือเป็นการโกหก ให้ข้อมูลเท็จ มันไม่ใช่ความผิดพลาด แต่มันคือการโกหกแบบชัดเจน Call Center ก็รับเรื่องไป อีกสองวันต่อมา ผมโทรไปตามเรื่องอีก ถามว่าเรื่องถึงไหนแล้ว ทาง Call Center โอนสายให้ใครสักคนนึง ซึ่งแจ้งว่าเป็นผู้ดูแลโดยตรง ซึ่งรายละเอียดที่คุยกันคือ จะยกเลิกกรมธรรม์ฉบับล่าสุดให้ ผมเลยถามถึงกรณีที่พนักงานโทรมาหลอกแบบนี้ จะมีการจัดการยังไง เป็นไปได้ไหมที่พนักงานนั่นจะลบไฟล์เสียงหรือเลือกบันทึกเฉพาะคำว่า ครับ ตกลงครับ ซึ่งทางเจ้าหน้าที่ที่ดูแลบอกว่า เป็นไปไม่ได้ที่เข้าจะลบไฟล์ เสียงที่อัดไว้สามารถนำมาเปิดฟังได้ทั้งหมด ผมเลยฝากเขาว่า ขอให้จัดการกับพนักงานคนนั้นด้วย ผมถือว่าเป็นการโกหกชัดเจนและเสียความรู้สึกกับซิกน่าอย่างมาก แม้เบี้ยประกันผมจะน้อยแต่ผมก็ลูกค้าคนนึง แล้วไม่รู้ว่าพนักงานคนนั้นไปหลอกคนอื่นได้กี่คน ทางนั้นรับปากว่าจะแจ้งหัวหน้าเขาโดยตรงและจะดำเนินการสอบสวนเพื่อลงโทษต่อไป ก็จบบทสนทนาไป อีกไม่กี่วันถัดมาผมเล่าเรื่องนี้ให้พี่ผมฟัง ปรากฎว่าเจอเหมือนกัน พี่ผมทำประกันของเจ้านี้ไว้ จ่ายรายเดือนอยู่และมี พนักงานโทรมาบอกว่าจะเพิ่มวงเงินคุ้มครองให้ โดยที่ไม่จ่ายอะไรเพิ่ม แต่กรณีของพี่ผม เขาไม่เอะใจ แต่มารู้ตอนที่มีพนักงานโทรมาถามว่า ได้รับกรมธรรม์หรือยัง ซึ่งพี่สาวบอกว่ายังไม่ได้รับ ทางนั้นเลยถามว่า ได้จ่ายเงินหรือยัง ค่าเบี้ยเ่านั้นเท่านี้ พอคุยไปคุยมา ปรากฎว่าต้องจ่ายเงินเพิ่ม พี่ผมเลยบอกยกเลิกไป แต่ก็ไม่ได้ตามเรื่องต่อ ที่มาตั้งกระทู้ เพราะว่าอยากเตือนคนที่ทำประกันไว้ บริษัทอื่นไม่รู้ แต่ของเจ้านี้เจอมากับตัว แล้วมีเซลล์มาเสนอเพิ่มโน่นให้เพิ่มนี่ให้ แล้วบอกว่าไม่จ่ายเพิ่ม ถ้าตกลงทำไป โทรเช็ค Call Center อีกทีนึงดีกว่า ว่าสถานะประกันของเรา เป็นยังไง เพราะข้อมูลที่ Call Center ชัดเจนที่สุด . มันน่าเอะใจตั้งแต่แรกอยู่แล้วว่า เป็นไปได้ยากที่จะมาเพิ่มโน่นนี่ให้แล้วไม่ต้องจ่ายเพิ่ม ก็ระวังๆกันไว้ด้วยครับ แล้วก็ฝากถึงท่านที่ทำอาชีพนี้อยู่ ช่วยขายด้วยความจริงใจหน่อยเถอะครับ อย่าพยายามหลอก โกหกหรือให้ข้อมูลเท็จ ให้ข้อมูลบิดเบือนหรือก้ำกึ่งเลย ผมสงสารคนที่ตามพวกนี้ไม่ทัน สุดท้ายก็จ่ายไป คนเราถ้าอยากทำประกันเดี๋ยวเขาทำเองครับ ไม่ต้องมาหลอกกัน ขอบคุณครับ,"ผู้ร้องเรียนระบุว่าถูกพนักงานขายเสนอทำประกันเพิ่มโดยอ้างว่าจ่ายเท่าเดิม 145 บาท แต่เมื่อตรวจสอบผ่าน Call Center พบว่ามีการจ่ายเบี้ยเพิ่มเดือนละกว่า 500 บาท
ผู้ร้องเรียนแจ้งให้ยกเลิกกรมธรรม์ฉบับใหม่และเรียกร้องให้มีการลงโทษพนักงานที่ให้ข้อมูลเท็จ เนื่องถือเป็นการหลอกลวงอย่างชัดเจน
เจ้าหน้าที่ Call Center ยืนยันว่าบันทึกเสียงยังคงอยู่ครบถ้วน และไม่มีการลบหรือเลือกบันทึกเฉพาะบางส่วน
ผู้ร้องเรียนเตือนผู้อื่นให้ระมัดระวังการเสนอขายที่อ้างว่าไม่ต้องจ่ายเพิ่ม และแนะนำให้ตรวจสอบสถานะกรมธรรม์ผ่าน Call Center เพื่อยืนยันความถูกต้อง",eval,Hybrid,2015,71,4,17.75,0.4264619350433349,0.5791380405426025,0.4208619594573974
36744086,เรียกประกันวิริยะ แต่ได้คำตอบว่า ติดประชุมทั้งบริษัท มาไม่ได้ มันใช่มั้ย ต้องบอกก่อนว่า เรื่องมันเกิดขึ้นเมื่อวาน วันที่ 6 08 60 เวลา ตี 5 โดยประมาณ ยามบอก เมื่อวาน เวลาประมาณ 9.30 ยามโทรมาแจ้งว่า รถที่จอดอยู่ โดนชน แฟนเราก็เลยลงไปดู แล้วถ่ายรูปเก็บไว้เป็นหลักฐานไว้หมด ยามบอกว่า คนที่ขับรถมาชน ก็เป็นคนที่อยู่ในตึกนี้ แฟนเลยตามหาตัว ปรากฎว่า เป็นเพื่อนของน้องที่รู้จัก พยายามติดต่อ โทรหา ไลน์ไป ก็ไม่รับ ไม่ติดต่อกลับมา จนถึงเมื่อคืนเวลาประมาณเกือบเที่ยงคืน คนที่ขับรถชน ถึงได้ติดต่อกลับมา บอกว่าพรุ่งนี้ ก็คือวันนี้ 7 08 60 จะเรียกประกันมาเคลมให้ วันนี้ตอน 11 โมง เราก็โทรหาน้องคนนี้ ปรากฎว่า ไม่รับโทรศัพท์ อ่ะ เราก็ไม่ได้อะไร เลยเรียกประกันวิริยะ ที่เราทำไว้ ให้มาดูรถ โทรไปครั้งแรก คนรับสายปฏิเสธการออกมาเคลม ทันที บอกว่า ถึงผมส่งน้องเค้าออกไป คุณก็ไม่ได้ใบเคลม เพราะไม่มีคู่กรณี กับประกันของคู่กรณีรออยู่ ทั้งที่เราบอกไปแล้ว ว่าคู่กรณี เป็นคนที่อยู่ในตึกเดียวกัน มีเบอร์โทร มีชื่อ พร้อม ก็ยังยืนยันว่า ไม่ได้ ออกให้ไม่ได้ เพราะกลัวว่า ฝ่ายนั้นจะบิดพริ้ว หนี เบี้ยว ไม่เซ็นยินยอม ตามตัวไม่เจอ อ่ะ โอเค เราเลยโทรหาสำนักงานใหญ่ที่ กทม คือเราต้องเอารถออกไปข้างนอก ต้องไปธุระ อยากให้ทางบริษัทประกันมาดู มาจัดการอะไรให้เสร็จ มาถ่ายรูปเอง จะได้ไม่มีปัญหาทีหลัง ทางสำนักงานใหญ่ก็ประสานกลับมา ให้เค้าส่งคนออกมาดูให้ อีก 15 นาที ก็มีพนักงานของวิริยะ ขับรถมาดูที่รถ ก็มาทำนู่นนี่นั่น ตามขั้นตอนของการเคลมประกัน แต่. เค้าก็บอกว่า เค้ายืนยัน นั่งยัน นอนยัน ว่ายังไงก็ ออกใบเคลมให้เราไม่ได้ เพราะไม่มีคู่กรณีมาเซ็นยอมรับผิด ต้องรอให้คู่กรณี หรือ ประกันของคู่กรณีมา เท่านั้นถึงจะออกใบเคลมให้เราได้ . ถ้าพี่เรียกประกันมานะ ผมมาหาพี่เลย คุยกะประกันทางฝ่ายนั้น ออกใบเคลมให้ทันที อ่ะ ได้. งั้นก็ได้ เราก็ขับรถออกไป ก่อนออกไป ก็ส่งรูปถ่ายที่เป็นหลักฐานให้เรียบร้อยหมด เวลาผ่านไปถึงช่วงเย็น. แฟนเราโทรมาบอก ว่าติดต่อน้องเค้าได้แล้ว น้องเค้าเรียกประกันมารอแล้วที่รถ รถน้องไปไหนไม่ได้ เพราะโดนยามล็อคล้อเอาไว้ จนกว่าจะติดต่อเคลียร์กับเราเรียบร้อย เราก็โทรกลับไปที่พนักงานคนเดิม ที่มาเคลมให้ตอนเช้า. น้องคะ คู่กรณีพี่มาถึงแล้วนะคะ มาพร้อมประกันเค้าเลย น้องมาเลยได้มั้ยคะ คำตอบที่ได้คือ. พี่ ผมออกไปไม่ได้นะ ติดประชุม มีอะไรบอกให้ประกันฝ่ายนั้นโทรหาผมเลย เดี๋ยวผมเคลียร์เอง คืออะไร ต้องบอกก่อนว่า. ที่เกิดเหตุ กับ บริษัทวิริยะที่หาดใหญ่ ห่างกันไม่เกิน 5 กิโล เพราะเราเคยไปมาแล้ว คือ. ต้องการทราบว่า. 1. เรียกร้องให้เราพาคู่กรณีมาเจอ หรือประกันทางคู่กรณีมาเจอให้ได้ พอพามาเจอ แต่. ไม่มา มันคืออะไร 2. ติดประชุมทั้งบริษัท ออกมาไม่ได้ ถ้าเกิดลูกค้าคนไหนเกิดอุบัติเหตุเวลานั้น ทำยังไง ต้องรอจนกว่าจะประชุมเสร็จมั้ย หรือจะให้เหตุผลว่า เคลมสด เคลมแห้ง ถ้าเคลมสด ออกมาได้ ถ้าเคลมแห้ง ออกมาไม่ได้ รอไปก่อน ทั้งๆ ที่บอกเองว่า เมื่อไหร่ที่ เราตามตัวคู่กรณีเจอ ให้ติดต่อมา จะออกมาเคลียร์ 3. แล้วถ้ากลัวว่าคู่กรณีจะหนี. ถ้าเราเรียกเค้ามาแล้ว คุณไม่มา บอกให้ทางนั้นโทรเคลียร์กะคุณ แล้วถ้าเค้าไม่โทรหาคุณล่ะ เค้าเคลมของรถฝั่งเค้าเสร็จแล้ว ไม่รับผิดชอบกับฝั่งเราล่ะ ไม่เซ็นรับผิดอย่างที่คุณต้องการล่ะ เราต้องเสียเวลาไปแจ้งความอีกมั้ย อันนี้เพียงแค่อยากรู้ว่า มาตรฐานของการให้บริการลูกค้า คือยังไง ครั้งนี้ regis มา เพราะอยากทราบ อยากถาม และ พิมพ์มาด้วยความ. ไม่เข้าใจ. ขอบพระคุณค่ะ,"ผู้ร้องเรียนรายงานเหตุการณ์รถชน โดยคู่กรณีระบุว่าจะติดต่อกลับมาเคลมในวันถัดไป
เมื่อติดต่อคู่กรณีไม่ได้ จึงแจ้งบริษัทประกันวิริยะเพื่อดำเนินการเคลม
เจ้าหน้าที่วิริยะปฏิเสธการออกใบเคลมในเบื้องต้น เนื่องจากไม่มีคู่กรณีมาเซ็นยินยอมผิด
แม้มีพนักงานวิริยะมาตรวจสอบสถานที่จริง แต่ยังคงยืนยันไม่สามารถออกใบเคลมได้จนกว่าคู่กรณีหรือประกันของคู่กรณีจะเข้ามาดำเนินการ",eval,Hybrid,2017,68,4,17.0,0.4275410175323486,0.5655137697855631,0.4344862302144369
36039146,เราสามารถทำอะไรกับบริษัทประกันที่ยื้อเรื่องจ่ายเงินประกันช้าได้บ้างคะ สืบเนื่องจากเราเพิ่งเข้ารับการผ่าตัดเนื้องอกที่มดลูก โดยเราเข้าแอดมิด ตั้งแต่วันที่ 2 ธ.ค. ผ่าวันที่ 9 ธ.ค. เบิกค่ารักษาพยาบาลได้ แต่รอบที่ผ่า เรานอนห้องพิเศษเดี่ยวไป ซึ่งมีค่าส่วนต่างที่เบิกไม่ได้ 650 บาท เรานึกขึ้นได้ ว่าเรามีทำประกันทางโทรศัพท์ไว้เยอะ จนก่อนหน้านี้ เราต้องโทรยกเลิกอันที่ไม่จำเป็น ตอนนี้เหลือประกัน 2 บ. ในครอบครอง ซึ่งทั้ง 2 แห่ง มีเรื่องชดเชยรายได้จากการนอน รพ. ทั้งคู่ แห่งละ 500. บาท เราโทรสอบถามเรียบร้อยแล้ว จนท บอกให้ส่งเอกสารใบรับรองแพทย์ ใบคชจ. รพ. เราออกจาก รพ. วันที่ 12 ธ.ค. 59 วันรุ่งขึ้น เรารีบเตรียมเอกสารเพื่อไปส่งเคลมประกันที่ไปรษณีย์ทันทีแบบ EMS บ.แรก ออจ. บ.ที่ 2 ใช้ชื่อ อซอ บ้าง ช. สมคปกภ บ้างเหมือนควบรวมกิจการ และเราแอดมิดรอบที่สองเนื่องจากติดเชื้อ รอบนี้เรานอนแบบได้ตามสิทธิเต็มไม่ต้องเสียค่าใช้จ่ายอะไรเพิ่มเติม นอนตั้งแต่ 21 26 ธ.ค. ออกจาก รพ. มาไม่กี่วัน ก็กลับเข้าไปใหม่อีกรอบ พออกจาก รพ. วันที่ 26 รุ่งขึ้นก็ไปส่งเอกสารเคลมเหมือนเดิม ตามที่ บ. แจ้ง หากคุณนอน รพ. กี่ครั้งก็ส่งเอกสารมาเคลมได้ บ. ออจ ส่งข้อความมาแจ้งทั้ง 2 รอบที่เราส่งเอกสารเคลม ออจ. แจ้งความคืบหน้าออกเช็คให้แล้ว รอรับได้ เช็คของบ. ออจ ส่งมาถึงเราในวันที่ 9 ม.ค. เร็วมากไม่มีปัญหาอะไร เบิกเงินใช้หนี้ รพ. ส่วนเกินไปเรียบร้อย ตัดภาพมาที่ บ. อซอ วันที่ 9 เรายังต้องโทรตามความคืบหน้าเรื่องเคลมอยู่เลย พอเราโทรไปล่าสุดเมื่อสัปดาห์ที่แล้ว อซอ. แจ้งว่า โทรไปขอเอกสารจาก รพ. ที่เราเข้ารับการรักษาเพิ่มเติม ซึ่ง บ. ออจ. ไม่มีต้องขอเอกสารเพิ่มอะไรเลยในรอบแรก และเราถามว่ากำหนดวันได้หรือไม่ว่าจะได้เมื่อไร คอลเซ็นเตอร์ ไม่สามารถให้คำตอบได้ บอกแต่ว่าต้องรอเอกสารจาก รพ. ส่งมาให้ เราก็บอกว่านี่ถ้า รพ. ส่งมาให้เดือนหน้า เราไม่ต้องรอถึงเดือนหน้าเลยหรอ แบบนี้ไม่ผิดสัญญาหรอ ว่าเคลมได้ภายใน 15 30 วัน นี่ผ่านมาจะเข้าเดือนที่ 2 ละ เอกสารขอเพิ่มเติมก็รีบส่งไปให้ อซอ ให้เราส่งสำเนาบัตร ขรก. ไปให้ เพื่อทดแทนใบเสร็จค่ารักษาพยาบาลที่ไม่มีค่าใช้จ่าย ส่งไปให้ตั้งแต่ต้นเดือนแล้ว โทรถามก็แล้ว ก็ยังเงียบเหมือนเดิม แบบนี้ จะมีหน่วยงานไหนที่เราสามารถไปร้องเรียนได้บ้างหรือเปล่าคะ ขอคำแนะนำหน่อย เวลาตัดเงินผ่านบัตรเรานี่ รวดเร็วทันใจมาก แต่เวลาเราจะเอาบริการของเราคืน ยากเย็นแสนเข็ญมากก ตอนนี้เคลมรอบ 2 ของ ออจ ก็เงียบหายเหมือนกัน ถามไม่ได้ความบอก ตรวจสอบหาข้อมูลไม่เจอ ทั้งๆ ที่มี sms ส่งมายืนยันว่าได้รับเอกสารเรียบร้อยแล้ว เบื่อมาก ถ้าเรายกเลิกให้มันตัดบัตรเราตอนนี้ เรื่องของเราที่ยังค้างๆ คาๆ อยู่ จะโดนทั้ง 2 บ. นี่ เล่นแง่ไม่ง่ายเคลมเงินคืนเราหรือเปล่าอ่ะ ถ้า tag ห้องผิด ติด tag เยอะไปขออภัยนะคะ มันนานเกินไปแล้วอ่ะ โดยเฉพาะรอบแรกนี่ควรจะออกเงินให้เราได้แล้วนะ อซอ. 25 01 60 แจ้งความคืบหน้า เมื่อวันที่ 24 ม.ค. 60 เข้าไปติดต่อ คปภ. แล้วค่ะ ได้รับบริการ และให้ความช่วยเหลือเป็นอย่างดี จาก จนท. ชื่อ คุณยศพล ตอนนี้ เคลียร์กับออจ. ได้แล้ว ส่ง SMS แจ้งว่ากำลังส่งเช็คมาให้ แต่ บ. อซอ. ยังไม่เคลียร์ คุณยศพล แนะนำว่า ถ้าภายในวันที่ 4 ก.พ. 60 ยังไม่ได้ความคืบหน้าจาก บ. อซอ . ให้ยื่นเรื่องร้แงเรียนได้เลยค่ะ,"ผู้ร้องเรียนเข้ารับการรักษาในโรงพยาบาลสองรอบ โดยรอบแรกได้รับการเคลมเงินเรียบร้อยและได้รับเช็คภายในเวลาที่เหมาะสม
อย่างไรก็ตาม สำหรับรอบที่สอง แม้จะส่งเอกสารครบถ้วนและได้รับยืนยันว่าเอกสารถูกต้อง แต่ยังไม่ได้รับความคืบหน้าจากบริษัทประกันภัย (อซอ) จนถึงปัจจุบัน
ผู้ร้องเรียนสอบถามหลายครั้งแต่ไม่ได้รับคำตอบที่ชัดเจน และระบุว่าบริษัทยังคงขอเอกสารเพิ่มเติมโดยไม่มีเหตุผลชัดเจน แม้จะส่งเอกสารครบแล้ว
ผู้ร้องเรียนแสดงความกังวลว่ากระบวนการเคลมล่าช้าเกินกว่าระยะเวลาที่ควรจะเป็น และต้องการทราบแนวทางในการดำเนินการต่อไป โดยเฉพาะหากบริษัทไม่ดำเนินการภายในกำหนดเวลาที่แนะนำ",eval,Hybrid,2017,79,4,19.75,0.3865082561969757,0.6572909752527872,0.3427090247472127
33081755,ฺโดนประกันสุขภาพ BUPA หักเงินบัตรเครดิตอัตโนมัติ โดยไม่ได้แจ้งประสงค์ต่ออายุกรมธรรม์ ดิฉันได้ทำกรมธรรม์สุขภาพของตัวเองและลูกกับ BUPA มาเป็นเวลา 4 ปีแล้ว โดยปี 56 ได้ชำระเบี้ยประกันสุขภาพผ่านบัตรเครดิต จนเมื่อกรมธรรม์สิ้นสุดเมื่อ 3 ธ.ค. 57 ดิฉันไม่ได้แจ้งความประสงค์ต่ออายุกรมธรรม์ รวมถึงไม่ได้รับการติดต่อจาก BUPA แต่อย่างใด จนกระทั่งวันที่ 25 ธ.ค. 57 มีกรมธรรม์มาส่งที่ทำงาน และได้รับ sms ว่า BUPA ได้ทำการหักยอดผ่านบัตรเครดิตแล้ว แน่นอนว่าดิฉันไม่พอใจเป็นอย่างมาก เพราะถือเป็นการกระทำโดยพลการ ไม่ได้แจ้งลูกค้าให้ทราบล่วงหน้า ไม่มีความชอบธรรมในการทำธุรกรรมเป็นอย่างยิ่ง และเมื่อโทรไปแจ้งที่ธนาคารผู้ออกบัตรเครดิต กลับได้รับคำปฏิเสธว่าไม่สามารถลบยอดชำระนี้ได้ เนื่องจากเป็นยอดจากบริษัทประกันภัย ดิฉันจึงได้แจ้งเรื่องร้องเรียนเรื่องการต่ออายุกรมธรรม์และหักยอดชำระผ่านบัตรเครดิต โดยไม่ได้รับความยินยอมจากเจ้าของบัตร ไปทางสาขาราชพฤกษ์ Call center และ ฝ่ายลูกค้าสัมพันธ์ทางอีเมล์ ซึ่งเบื้องต้นทางเจ้าหน้าที่ก็แจ้งว่าต้องตรวจสอบข้อมูลก่อนว่า ได้มีการแจ้งให้ auto renew กรมธรรม์ในใบสมัครหรือไม่ ดิฉันก็ได้แต่อึ้ง เพราะตัวเองก็ไม่ได้มีสำเนาใบสมัครเก็บไว้ ไม่มีหลักฐานอะไรที่จะปกป้องสิทธิ์ตัวเองได้เลยว่าได้ tick ช่อง auto renew ไว้จริงตามที่ BUPA กล่าวอ้างหรือไม่ ในใจก็ได้คิดว่าหนทางสุดท้ายคงต้องไปยกเลิกบัตรเครดิตแล้วล่ะ แต่แล้วก็มีเจ้าหน้าที่ BUPA ติดต่อกลับมา บอกว่า ขออภัยในความไม่สะดวก และให้ดิฉันตัดบัตรกรมธรรม์ส่งไปทางอีเมล์เพื่อยืนยันว่าได้ยกเลิกแล้ว คือจุดนั้นอยากจะบอกว่า มันมากกว่า ความไม่สะดวก นะคะ ที่ทาง BUPA มาโกงเงินไปเนี่ย แต่อย่าเพิ่งคิดว่าเรื่องจะจบง่ายๆนะคะ เพราะวันนี้เอง 9 ม.ค. 58 ดิฉันก็ได้รับใบแจ้งหนี้บัตรเครดิตอีกครั้ง โดยมียอดหักจาก BUPA เป็นครั้งที่ 2 ในวันที่ 3 ม.ค. 58 อยากจะกรีดร้องแล้วโทรไป สคบ. ณ บัดนั้น บริษัทอะไรคบไม่ได้จริงๆ เงินที่เอาไปงวดที่แล้วยังไม่คืน ยังมาหักงวดที่ 2 อีก ดิฉันจึงต้องแจ้งร้องเรียนไปอีกครั้ง และในที่สุดเจ้าหน้าที่สาขาก็โทรกลับมาแจ้งว่าฝ่ายบัญชีได้ออกเช็คคืนเงินทั้ง 2 ยอดแล้ว เมื่อเช้าได้ส่งทาง ems มาให้ เลยทวงถามหมายเลข tracking number ได้มาก็รีบเช็คทันที ปรากฎว่าคุณเธอให้เลขผิดค่ะ แจ้งมาแค่ 12 ตัว แต่ระบบต้องใส่ 13 ตัว คุณเธอคงรู้ตัวเลยโทรมาแจ้งเลขใหม่ แต่พอเช็คดู ก็ต้องงุนงงกว่าเดิม เพราะเลขเข้าระบบมาตั้งแต่วันที่ 29 ธ.ค. 57 นี่ข้ามปีมา 9 วันแล้ว EMS ไปอยู่ที่ไหน ใครตอบได้ช่วยบอกที ที่มาตั้งกระทู้นี่ ก็เพื่อเป็นการเตือนภัยถึงผู้ที่คิดจะทำประกันกับบูพา BUPA ให้ระวังว่าจะประสบเคราะห์กรรมอย่างที่ดิฉันโดนนะคะ และเท่าที่ทราบจากการเข้าไปดูหน้าเพจ FB ของ BUPA ดิฉันไม่ได้เป็นเหยื่อเพียงรายเดียว แต่มีผู้ร่วมชะตากรรมอีกไม่น้อยที่โดนเหมือนกันได้ออกมาร้องเรียนผ่านหน้าเพจ ใครว่างก็ขอเชิญเข้าไปเยี่ยมชมได้ ไม่ต้องห่วงนะคะ ถ้าแอดมินจะลบ เพราะแคปหน้าจอไว้แล้วค่ะ ชื่อสินค้า BUPA ประกันสุขภาพ คะแนน CR Consumer Review ผู้เขียนรีวิวนี้เป็นผู้ซื้อสินค้าหรือเสียค่าบริการเอง ไม่มีผู้สนับสนุนให้สินค้าหรือบริการฟรี และผู้เขียนรีวิวไม่ได้รับสิ่งตอบแทนในการเขียนรีวิว,"มีการหักเงินจากบัตรเครดิตโดยไม่ได้รับความยินยอมล่วงหน้า และไม่มีการแจ้งเตือนก่อนการต่ออายุกรมธรรม์
ผู้ร้องเรียนได้แจ้งความไม่พอใจต่อหลายช่องทาง แต่ไม่สามารถยืนยันได้ว่าเคยให้ความยินยอมต่อระบบอัตโนมัติในการต่ออายุ
แม้เจ้าหน้าที่จะขอโทษและอ้างว่าออกเช็คคืนเงินแล้ว แต่กลับให้หมายเลขติดตามพัสดุผิดพลาด
ผู้ร้องเรียนยังคงมีข้อกังวลเกี่ยวกับความโปร่งใสและความถูกต้องของกระบวนการคืนเงิน",eval,Hybrid,2015,39,4,9.75,0.4740932285785675,0.4131562709808349,0.586843729019165
33234884,สอบถาม AIA ครับ ทำไมข้อมูลในระบบ ไม่ตรงกับตัวแทน เนื่องจากส่งข้อความผ่านหน้าเว็บ ยังไม่ตอบกลับมา เลยขอถามผ่านตรงนี้ครับ ผมได้คุยกับตัวแทนคนหนึ่ง เขาบอกว่าผมมีประกันอยู่หนึ่งตัว ซึ่งคุณพ่อทำไว้ ประกันตัวนั้นได้ตัดผ่านบัตรเครดิตของคุณพ่อ และผมได้ผลประโยชน์ .พอผมกลับมานึก เท่าที่ผมจำได้ ผมเลยเช็คดูอีกที ผมได้ยกเลิกประกันอุบัติเหตุหมดแล้วตั้งแต่ 1 เดือน ตุลาคม 2557. พอผมบอกตัวแทนที่โทรมาว่า ผมได้ยกเลิกไปหมดแล้ว เขากลับบอกว่า แต่ข้อมูลในระบบยังมีอยู่ ซึ่งถ้าไม่ตอบตกลง คุณพ่อก็จะต้องจ่ายผ่านบัตรต่อไปอยู่ดี ให้ตอบตกลง แล้วยกเลิกตามวิธีการอีกที จะดีกว่า . ผมจึงตอบตกลงไปก่อน แล้วก็โทรตรวจสอบกับ 1581 พบว่า ทั้งพ่อผม และผม ไม่มีประกันที่ตัดผ่านบัตรเครดิตธนาคารดังกล่าวอยู่แล้ว ซึ่ง ขัดกับข้อมูลของตัวแทนที่บอกมา 2 ชั่วโมงต่อมา หัวหน้าของตัวแทนได้โทรมาคอนเฟิร์มเรื่องประกันเมื่อเช้า ผมค่อนข้างไม่พอใจ ในเรื่องที่เกิดขึ้น ถ้าแบบนี้ ก็แสดงว่า การยกเลิกของผม และ sms ที่ได้ ไม่มีผล และข้อมูลถูกส่งให้ตัวแทน . ดังนั้นผมจึงบอกกับหัวหน้าของเขาว่า ทำไมตัวแทนที่โทรมา ไม่ยอมกลับไปเช็คข้อมูลใหม่ สิ่งที่ผมทำได้หลังจากนั้น คือการยกเลิกสิ่งที่กำลังจะตามมาอีกรอบหนึ่ง แน่นอนครับ ความคิดแง่ลบเต็มหัวผมมากมาย ก็ได้แต่คิดให้อภัยไป เพราะหัวหน้าเขาโทรมาขอโทษ แต่สุดท้ายก็แอบสงสัยอยู่ครับ.เป็นไปได้หรือไม่ ที่ข้อมูลกลาง กับข้อมูลที่ตัวแทนมี จะไม่ตรงกัน ถ้าเป็นไปได้จริง ก็ขอฝากให้ AIA ช่วยแก้ไขระบบด้วยครับ ผมไม่อยากให้เกิดเรื่องแบบนี้ กับคนอื่นๆอีก ขอบคุณครับ,"ผู้ร้องเรียนระบุว่า ตัวแทนบริษัทประกันโทรมาแจ้งว่าข้อมูลในระบบยังคงมีการสมัครใช้บริการอยู่ แม้ผู้ร้องจะยืนยันว่าได้ยกเลิกไปแล้ว
ตัวแทนจึงแนะนำให้ตอบตกลงก่อน เพื่อให้สามารถยกเลิกตามขั้นตอนอีกครั้ง ซึ่งผู้ร้องทำตามโดยไม่แน่ใจในความถูกต้อง
เมื่อตรวจสอบผ่านสายด่วน 1581 พบว่า คุณพ่อของผู้ร้องไม่มีรายการประกันใดๆ ที่ถูกหักบัตรเครดิต ขัดแย้งกับข้อมูลที่ตัวแทนให้ไว้
ผู้ร้องแสดงความไม่พอใจต่อความไม่สอดคล้องของข้อมูลระหว่างระบบกลางกับข้อมูลที่ตัวแทนมี และขอให้บริษัท AIA ตรวจสอบและแก้ไขระบบให้มีความถูกต้อง",eval,Hybrid,2015,34,4,8.5,0.4068508148193359,0.6275347868601481,0.3724652131398519
31241126,อย่างนี้ผมโดนบริษัทประกันรถเอาเปรียบหรือเปล่าครับ อย่างนี้ผมโดนบริษัทประกันรถเอาเปรียบหรือเปล่าครับ ผมจะพยายามย่อให้สั้นนะครับ รถผมใช้ประกันบริษัท M มา 2 ปีแล้วปีนี้กำลังจะขึ้นปีที่ 3 โดยเป็นการซื้อผ่านโบรค T ตั้งแต่ปีแรกเลย ประกันจะหมดเดือน พ.ย ทุกปีและทุกปีก่อนหน้าประกันจะหมด จะมีเจ้าหน้าที่จาก T โทรมาหาเพื่อให้ต่อ ปีนี้ก็เช่นกัน โดยทาง T เสนอเบี้ยมาที่ 200 ต้นๆ ผมเองก็ต่อรองตามระเบียบ แต่ทาง T ยืนยันว่าลดสุดๆแล้ว ผมจึงบอกว่าขอคิดดูก่อน ต่อจากนั้นอีกไม่นานมีพนักงานจากบริษัทประกัน M โทรมาเอง ผมได้เช็คเบอร์โทรแล้วซึ่งเป็นเบอร์ของบริษัท M จริงๆ บอกว่ามีโปรโมชั่นร่วมกับบัตรเครดิตโดยจะเสนอเบี้ยราคาพิเศษให้ หลังจากที่ได้สอบถามยี่ห้อ รุ่น ปีรถ เครื่อง ก็เคาะราคามาที่ 16 XX ผมเห็นว่าถูกกว่ามาก จึงได้สอบถามรายละเอียดทั้งหมดอีกครั้ง ซึ่งก็ตรงตามที่ได้แจ้งไป และยืนยันอยู่ที่ราคา 16 xx ผมจึงได้ตัดสินใจต่อกับทาง M โดยตรงทันที ซึ่งทาง M ก็ได้มีการอัดเสียง สนทนาผมกับเจ้าหน้าที่เพื่อความสมบูรณ์ของการต่อกรมธรรม์ และผมได้แจ้งหมายเลขบัตรเครดิต เพื่อทำการตัดค่าประกันเข้าบัตร โดยเจ้าหน้าที่ก็แจ้งว่าจะเริ่มตัดเดือน พ.ย เดือนนี้ ผ่านไปไม่นานเจ้าหน้าที่คนเดิมจาก T ได้โทรมาหาผมและ ถามความคืบหน้า ผมได้แจ้งว่าได้ต่อประกันกับ M โดยตรงแล้ว เพราะราคาถูกกว่ามาก เจ้าหน้าที่มีตกใจเล็กน้อยก่อนบอกว่า ขอเช็คดูก่อนเพราะในคอมฯยังไม่ขึ้นว่าต่อและไม่มีทางที่ทาง M จะเอาลูกค้าไปต่อเองโดยตรงอย่างนี้ ผมจึงให้เค้าโทรไปเช็คเอง ผ่านไปอีกระยะ เจ้าหน้าที่จาก T ได้โทรกลับมาบอกว่า ได้เช็คเรื่องแล้วปรากฎว่า case ของพี่เนี่ยมีการแจ้งเบี้ยผิดนะครับ เลยยังไม่มีการต่อกรมธรรม์ในปีนี้ ผมก็งงๆว่าผิดได้ยังไง ทาง T บอกว่าครับ น้องเค้าแจ้งผิดหน่ะครับ ผม อ้าวแล้วทำไมเค้าไม่โทรมาหาผม T อ้อ เค้าไม่กล้าครับ เค้าวานให้ผมช่วยโทรมาบอกพี่ว่าขอโทษหน่ะครับ และอีกอย่างผมก็กลัวว่าพี่จะเสียสิทธิ์ตรงนี้ไปถ้าต่อไม่ทันครับ .ผมจึงมีคำถามครับ ตอนนี้ผมยังติดต่อเจ้าหน้าที่คนนั้นที่ M ไม่ได้ แต่ว่าถ้ามีการเช็คราคาผิดจริงแล้วแจ้ง ลูกค้ามาอย่างนี้ มีการรับรองกรมธรรม์ด้วยการบันทึกเสียง ซึ่งผมยังก็ไม่เชื่อการรับรองแบบนี้เท่าไหร่นัก และเจ้าหน้าที่ทาง M ก็ยังไม่มีการติดต่อกลับมาเพื่ออธิบายว่าผิดอย่างไร ข้อมูลที่ได้เป็นการฟังมาจากทาง T อย่างเดียวเท่านั้น อย่างนี้ผมควรทำอย่างไรดีครับ ขอบคุณครับ,"ผู้ร้องเรียนต่ออายุประกันรถยนต์กับบริษัท M ผ่านโบรกเกอร์ T มานาน 2 ปี โดยปกติเจ้าหน้าที่จาก T จะติดต่อเพื่อเสนอราคาต่ออายุ
ปีนี้เมื่อเจ้าหน้าที่จาก T เสนอเบี้ยประมาณ 200 บาท ผู้ร้องเรียนต่อรองแต่ไม่สามารถลดได้ จึงขอพิจารณาต่อ
หลังจากนั้นเจ้าหน้าที่จากบริษัท M โทรมาเองเสนอราคาพิเศษผ่านโปรโมชันบัตรเครดิตที่ถูกกว่ามาก จึงตัดสินใจต่อกรมธรรม์กับ M โดยตรง
อย่างไรก็ตาม เจ้าหน้าที่จาก T กลับแจ้งว่าไม่มีการต่ออายุเนื่องจากมีการแจ้งเบี้ยผิด และระบุว่าพนักงานของตนไม่กล้าติดต่อผู้ร้องเรียนโดยตรง",eval,Hybrid,2013,30,4,7.5,0.5359752774238586,0.7097530364990234,0.2902469635009765
32941574,รถป้ายแดงโดนชน จนต้องขายซาก จะฟ้องเรียกค่าดาวน์คืนได้มั๊ย พอดีเพิ่งจะซื้อรถ Honda Jazz ตัวใหม่ออกมาได้ประมาณ 1 เดือนกว่าๆ ช่วงเดือน ต.ค.ค่ะ แล้วเกิดเหตุรถชนวันที่ 31 ต.ค. เรื่องมีอยู่ว่าวันนั้นเราขับรถมาอยู่ดีๆ กระบะคันหน้าซึ่งอยู่เลนกลางก็จะเลี้ยวเข้าซอยด้านซ้ายมือ ซึ่งเค้าไปไม่ได้เพราะติดรถเมล์ที่จอดส่งผู้โดยสารอยู่ เค้าเลยเบรครถกระทันหัน รถคันเราซึ่งขับตามมาเบรคทันค่ะ แต่สักพักมีรถส่งของบริษัทไทยเบฟเวอร์เรจขับมาด้วยความเร็ว เกิดเบรคไม่ทัน เลยทำให้รถคันหลังอัดรถเราไปชนท้ายคันหน้าอีกที ซึ่งคู่กรณีทั้ง 2 ฝ่าย ยอมรับว่าตนเองผิดทั้งคู่ หลังจากนั้นทางเจ้าหน้าที่ประกันได้นำรถของเราไปเข้าศูนย์เพื่อรอประเมินความเสียหาย ซึ่งช่างได้ประเมินมาแล้วว่าซ่อมไม่ได้ เนื่องจากโครงรถบิดไปเยอะเพราะโดนอัดหน้า หลัง ตัวเครื่องดันเข้าไปผิดจากตำแหน่งเดิม เบาะภายในแยกตัวออก เลยตีเป็นขายซากให้เราทำเรื่องเคลมกับประกัน ซึ่งประกันของเราตามสัญญาจะคืนยอดให้ 80 จากราคารถ ซึ่งรถเราจะได้เงินคืน 600.00 บาท โดยที่เราจะต้องไปทำเรื่องปิดบัญชีกับทางไฟแนนซ์เอง หากเหลือยอดค้างเท่าไหร่ ส่วนตรงนั้นเราต้องเอาเงินส่วนตัวจ่ายเพิ่มเอง ในกรณีนี้ อยากถามเพื่อนๆ พี่ๆ ที่พอจะให้คำแนะนำได้ เป็นข้อๆ ดังต่อไปนี้ค่ะ 1. เราสามารถเรียกค่าสินไหมทดแทนจากการใช้รถระหว่างซ่อม ได้เป็นระยะเวลากี่วันหลังจากเกิดเหตุคะ เพราะจากที่หาข้อมูลมา จะเป็นรถที่สามารถซ่อมได้ มีกำหนดเวลาในการซ่อม เช่น 1 เดือน 2 เดือน แต่เคสเราคือซ่อมไม่ได้ ต้องขายซากค่ะ 2. ในกรณีนี้ เราสามารถเรียกร้องเงินดาวน์คืนจากคู่กรณีได้มั๊ยคะ เพราะรถเพิ่งจะออกมาได้เดือนเดียว ยังไม่ได้ผ่อนสักงวดเลย และดาวน์ไปทั้งหมด 2 2000 บ. ซึ่งเงินมันก็เยอะสำหรับเราอ่ะค่ะ หรือจะมีทางไหนเรียกร้องเงินตรงนี้คืนได้บ้างคะ เพราะทางเราก็ไม่ได้เป็นฝ่ายผิด 3. อยากทราบระยะเวลาในการเรียกร้องค่าสินไหม ปกติเวลาทำเรื่องไปใช้เวลานานประมาณเท่าไหร่ รบกวนผู้รู้ช่วยแนะนำทีนะคะ เพราะตอนนี้เครียดมากเลย ไหนจะต้องหาเงินไปปิดคันที่โดนชน ไหนจะต้องหาเงินดาวน์คันใหม่อีก และเท่าที่คุยกับคนรอบตัว เค้าบอกว่าถ้าตกลงกันไม่ได้ เราอาจต้องเสียเงินจ้างทนายเพื่อฟ้องคู่กรณีอีกด้วยค่ะ TT,"เบาะภายในรถแยกตัวออก ทำให้ต้องขายซากและดำเนินการเคลมกับบริษัทประกัน
ตามสัญญาประกันจะคืนเงิน 80% ของราคารถ ซึ่งเท่ากับ 600 บาท แต่ต้องจ่ายส่วนต่างที่เหลือให้ไฟแนนซ์ด้วยเงินส่วนตัว
ผู้ร้องขอคำแนะนำเกี่ยวกับการเรียกร้องค่าสินไหมทดแทนสำหรับการใช้รถระหว่างซ่อมในกรณีที่ซ่อมไม่ได้และต้องขายซาก
รวมถึงสอบถามว่าสามารถเรียกคืนเงินดาวน์จำนวน 2,200 บาท จากคู่กรณีได้หรือไม่ เนื่องจากรถเพิ่งใช้งานได้เพียงเดือนเดียว",eval,Hybrid,2014,31,4,7.75,0.5024230480194092,0.5449230273564656,0.4550769726435344
40532743,สอบถามเรื่องยกเลิกประกันอัคคีภัย ของทิพยประกันภัย ต้องทำเรื่องอย่างไร สอบถามเรื่องยกเลิกประกันอัคคีภัย ของทิพยประกันภัย ที่พ่วงมากับธนาคารกรุงไทย ประกันสินเชื่อบ้าน คุ้มครองผู้บริโภค กรณีผ่อนบ้านยังไม่ถึง 3 ปีกับ กรุงไทยแล้วจะเวนคืนกรมธรรมในปีที่ 2 ทำได้ไหม จนท กรุงไทยบอกด้วย มีเงื่อนไขอย่างไร จะทำเรื่องขอยกเลิกกรมธรรม์เดิมและต้องการเวนคืน ประกันอัคคีภัย ของทิพยประกันภัย ที่เคยทำไว้ตอนที่สินเชื่อเงินกู้บ้านยังเป็นของ ธนาคารกรุงไทย ต้องไปติดต่อที่ไหนหรือสามารถไปทำเรื่องที่สาขาอื่นของกรุงไทยได้หรือไม่ และมีขั้นตอนอย่างไร และต้องเตรียมเอกสารอะไรบ้าง และใช้เวลาดำเนินการประมาณกี่วัน ด้วยคะ และถ้ากรณีหลังผ่อนบ้าน 3 ปีไปแล้วจะไปรีไฟแนนทกับธนาคารอื่น หรือ ธนาคารเดิม จะขอยกเลิกประกันบ้านเวนคืนกรมธรรม์ภัยบ้านได้ไหม เบี้ยเดิมแพง,"ผู้ร้องขอสอบถามขั้นตอนการยกเลิกกรมธรรม์ประกันอัคคีภัยที่พ่วงกับสินเชื่อบ้านจากทิพยประกันภัย ซึ่งจัดทำไว้ขณะมีสินเชื่อกับธนาคารกรุงไทย
ต้องการทราบว่าสามารถยื่นขอเวนคืนกรมธรรม์ได้หรือไม่ หากผ่อนบ้านยังไม่ถึง 3 ปี และมีเงื่อนไขใดบ้าง
สอบถามว่าสามารถดำเนินการยกเลิกและเวนคืนกรมธรรม์ได้ที่สาขาใด โดยเฉพาะหากต้องการไปทำเรื่องที่สาขาอื่นของกรุงไทย
รวมถึงขั้นตอนและเอกสารที่จำเป็นในการยื่นคำร้องขอยกเลิกกรมธรรม์ดังกล่าว",eval,Hybrid,2021,13,4,3.25,0.5687550902366638,0.3742420276006062,0.6257579723993938
39765670,ใครเคยซื้อรถใหม่แล้วประกันใกล้หมด แต่ประกันไม่รับต่อบ้างค่ะ แจ้งว่ารถเราเคลมบ่อย ใครเคยซื้อรถใหม่ประกันจะหมดเร็วๆนี้ แต่ประกันไม่รับต่อบ้างค่ะ แจ้งว่ารถเราเคลมบ่อย ปัจจุบันใช้ประกันชั้น 1 ของคุ้มภัยอยู่ จะต่อประกันชั้น 1 แต่ทางประกันแจ้งว่าไม่รับทำค่ะ ติดต่อวิริยะไปก็เงียบ เบื้องต้นก็มีคนโทรมาเสนอแต่อู่ข้างนอก อยากได้ซ่อมศูนย์นะคะ พอจะมีแนะนำบ้างไหมคะ ปล รถ Honda ค่ะ รถบ้านปกติ ซึ่งก็เคลมบ่อยจริงค่ะ ส่วนใหญ่จะเป็นแผล เล็กเช่นถลอกด้านข้าง ข้างหน้าข้างหลังไรงี้อะคะ,"ผู้ร้องเรียนมีปัญหาในการต่อประกันรถยนต์ชั้น 1 หลังจากซื้อรถใหม่ โดยบริษัทประกันแจ้งว่าไม่รับทำเนื่องจากมีประวัติเคลมบ่อย
รถคันดังกล่าวเป็นฮอนด้า ใช้งานปกติ ไม่มีอุบัติเหตุร้ายแรง และการเคลมส่วนใหญ่เกิดจากแผลเล็กน้อย
ผู้ร้องเรียนพยายามติดต่อบริษัทวิริยะแต่ไม่ได้รับการตอบกลับ
ปัจจุบันกำลังมองหารายการประกันที่ยอมรับและสามารถซ่อมศูนย์ได้",eval,Hybrid,2020,11,4,2.75,0.498651772737503,0.4562124411265055,0.5437875588734945
41648637,โรงพยาบาลวิมุตเปิดจองวัคซีน Moderna แต่ไม่แจ้งการเปลี่ยนแปลงให้ทราบ ผมได้ทำการสั่งจองวัคซีนกับรพ.ดังกล่าว ซึ่งจอง 2 เข็ม เข็มแรกได้ฉีดไปแล้วตั้งแต่เดือน ก.พ. 2565 แต่เข็ม 2 ผมก็รอว่า ทางรพ.จะแจ้งเมื่อไหร่ ปรากฏว่าไม่มีการแจ้งมาในข้อความ SMS แล้วผมเพิ่งมาทราบภายหลังว่าทางรพ.เปลี่ยนนโยบายใหม่ว่าจะยกเลิกการฉีดวัคซีนเนื่องจากอายุของวัคซีนหมด เปลี่ยนเป็นประกัน 5000บาทแทน ซึ่งผมไม่ได้ต้องการประกัน ผมจะเอาวัคซีน ถ้าคุณไม่ให้ทำไมไม่คืนเงินมา แต่เรื่องที่โกรธที่สุดคือทำไมไม่แจ้งผมทาง SMS แล้วแบบนี้ใครไม่ติดตาม FB ก็ไม่รู้เลยมั้งว่ามีการเปลี่ยนแปลงว่าจะไม่ฉีด หาเงินกันแบบนี้อะนะ ไม่รับผิดชอบอะไรเลย,"ผู้ร้องเรียนระบุว่าไม่ได้รับการแจ้งเตือนผ่าน SMS เกี่ยวกับการเปลี่ยนแปลงนโยบายการฉีดวัคซีนในปี 2565
โรงพยาบาลมีการเปลี่ยนแปลงจากฉีดวัคซีนเป็นให้บริการประกันค่ารักษา 500 บาทแทน โดยไม่แจ้งล่วงหน้า
ผู้ร้องเรียนแสดงความไม่พอใจที่ไม่ได้รับข้อมูลการเปลี่ยนแปลง และต้องการขอคืนเงินหากไม่สามารถได้วัคซีน
เขาชี้ว่าการไม่แจ้งข้อมูลอย่างชัดเจนอาจทำให้ผู้รับบริการที่ไม่ติดตามช่องทางอื่น เช่น Facebook ขาดโอกาสในการรับบริการ",eval,Hybrid,2022,14,4,3.5,0.436493843793869,0.5847364664077759,0.4152635335922241
33062950,ติดสปอยเลอร์ดีมั๊ยค่ะ พอดีเราจะออกรถhonda CRV minorchange ลังเลว่าจะติดสปอยเลอร์ดีมั๊ยค่ะ ถ้าไม่ติดท้ายมันจะตลกรึป่าว ตอนแรกว่าจะหาร้านข้างนอกติดเอง น่าจะได้ราคาถูกกว่าศูนย์ แต่เซลล์บอกว่าถ้ามาติดเพิ่มต้องจ่ายค่าเบี้ยประกันเพิ่มอีกประมาณพันกว่าบาท อันนี้ไม่เคยรู้มาก่อน เลยอยากขอความเห็นเพื่อนๆพี่ๆหน่อยค่ะ ว่าระหว่างมีกับไม่มีสปอยเลอร์. แบบไหนสวยกว่ากัน แล้วถ้าจะติด ติดตั้งจากศูนย์เลยดีมั๊ยค่ะ,"ผู้ใช้กำลังพิจารณาติดสปอยเลอร์ให้กับรถ Honda CR-V Minor Change
มีข้อกังวลว่าหากไม่ติดสปอยเลอร์ ท้ายรถอาจดูไม่สมบูรณ์หรือคลาดเคลื่อน
เซลล์แจ้งว่าการติดสปอยเลอร์เพิ่มจะทำให้ค่าเบี้ยประกันเพิ่มขึ้นประมาณพันกว่าบาท
ผู้ใช้จึงขอความเห็นจากผู้อื่นว่าแบบไหนดูสวยงามกว่า และควรติดตั้งที่ศูนย์หรือไม่",eval,Hybrid,2015,10,4,2.5,0.3789651393890381,0.4907155434290567,0.5092844565709432
35280527,มีใครทำประกันแล้วเลิกยกประกันภัยรถยนต์กับบริษัท KK เจนเนอรัลโบรคเกอร์ บ้างค่ะ ได้เงินคืนไหม มีใครเคยไปร้องเรียน คปภ. มีใครที่ทำหรือว่าต่อประกันภัยรถยนต์กับบริษัทเคเค เจนเนอรัลโบรกเกอร์จำกัดบ้างค่ะ ยกเลิกไม่เอาประกัน แล้วอยู่ในช่วงคำข้อเอาประกัน แต่ยังไม่ได้กรมธรรม์ มีใครยกเลิกแล้วได้เงินคืนไหมค่ะ กี่เดือนได้เงินคืน คือเครสเรารอมา 3 4 เดือน บอกจะโอนให้ ทุกวันนี้ยังไม่ได้เลย เนาโทรตามทุกเดือนเกือบทุกวันก็ว่าได้ โทรไปบอกจะตามเรื่องให้แล้วก็เงียบ โทรไปบ่อยมันคงรำคาญ มันรับสายแล้วบอกจะให้เจ้าหน้าที่ติดต่อกลับ รอๆก็ไม่ติดต่อกลับๆคือแต่ล่ะเดือนเราเปลืองค่าโทรศัพท์มาก แล้วมีใครเคยไปร้องเรียน คปภ. เกี่ยวกับบริษัท KK ไหมค่ะ กรณีที่บริษัทไม่ยอมคืนเงิน,"ผู้ร้องเรียนมีประสบการณ์ยกเลิกประกันรถยนต์กับบริษัท KK เจนเนอรัลโบรกเกอร์ แต่ยังไม่ได้รับเงินคืนหลังจากรอมาหลายเดือน
บริษัทแจ้งว่าจะดำเนินการโอนเงิน แต่ยังไม่มีการดำเนินการจริง และผู้ร้องเรียนติดต่อสอบถามเป็นประจำโดยไม่ได้รับคำตอบกลับ
การติดต่อผ่านโทรศัพท์ทำให้เกิดค่าใช้จ่ายเพิ่มเติม และเจ้าหน้าที่ไม่สามารถติดต่อกลับตามที่承诺ไว้
ผู้ร้องเรียนสอบถามถึงกรณีที่เคยมีผู้อื่นร้องเรียนบริษัทนี้ในลักษณะเดียวกันหรือไม่",eval,Hybrid,2016,13,4,3.25,0.5099343061447144,0.4098589420318603,0.5901410579681396
35409186,แผ่นทะเบียนป้ายแดง เคลมประกันซ่อมป้ายไม่ได้จริงหรือ แผ่นทะเบียนป้ายแดงเคลมประกันไม่ได้จริงหรือครับ โดนรถชนท้ายมาเสียหายไม่มาก คู่กรณีรับผิดชอบ เอารถเข้าศูนย์ ศูนย์เดียวกับที่ซื้อ ไม่ได้ส่งเคลมป้ายให้ พอได้ป้ายขาว ส่งคืนป้ายแดงจะขอปรับเนื่องจากป้ายมีรอยงอ ผู้จัดการโชว์รูมแจ้งว่า ป้ายแดงเคลมไม่ได้อยู่แล้ว จึงต้องปรับค่าป้ายชำรุด ต้องเรียกเก็บจากคู่กรณีเอง เป็นแบบนี้จริงหรือไม่ครับ,"ป้ายทะเบียนป้ายแดงถูกเคลมประกันไม่ได้ตามนโยบายของศูนย์บริการ
รถถูกชนท้ายโดยคู่กรณีรับผิดชอบ และนำรถเข้าศูนย์เดียวกับที่ซื้อ
เมื่อนำป้ายแดงคืน พบว่ามีรอยงอ จึงถูกเรียกเก็บค่าปรับจากเจ้าของรถ
ผู้จัดการศูนย์ระบุว่าป้ายแดงไม่สามารถเคลมประกันได้ จึงต้องเรียกเก็บจากคู่กรณีเอง",eval,Hybrid,2016,12,4,3.0,0.4926276206970215,0.6462239821751912,0.3537760178248088
36481909,จะต่อประกันชั้น 1 ประวัติดี ติดกล้องด้วย สุดท้ายค่าประกันยังคงเท่ากับปีก่อน มีใครเจอบ้างครับ ผมจะต่อประกันขั้น 1 กับเมืองไทย ซึ่งทำอย่างต่อเนื่องมาโดยตลอด 9 ปี โดยมีประวัติดี มีการติดกล้องหน้ารถ ซึ่งก็จะได้รับส่วนลด 5 10 แต่บริษัทกลับมีการปรับเพิ่มค่าเบี้ยประกันหลักเพิ่มขึ้นจากเดิม แต่เพิ่มส่วนลดประวัติดีและให้ส่วนลดค่าติดกล้อง รวมไปมา ค่าประกันมีค่าเท่าเดิมเท่าปีก่อน นี่เป็นการตุกติกจาก บ.ประกัน มีใครเจอบ้างครับ ได้รับส่วนลดจริง แต่เพิ่มค่าเบี้ยประกันปรับเรทใหม่,"ผู้ร้องเรียนต่อประกันรถยนต์กับบริษัทเมืองไทยเป็นเวลา 9 ปี โดยมีประวัติดีและติดกล้องหน้ารถ
ถึงแม้จะได้รับส่วนลดจากประวัติดีและส่วนลดการติดกล้อง แต่ค่าเบี้ยประกันหลักยังคงเพิ่มขึ้น
ผลรวมของส่วนลดทั้งหมดไม่สามารถลดค่าเบี้ยให้ต่ำกว่าปีก่อนได้
จึงมองว่าเป็นการปรับราคาในลักษณะที่ไม่โปร่งใสหรืออาจถือเป็นการตุกติกจากบริษัท",eval,Hybrid,2017,10,4,2.5,0.5129809379577637,0.3998491366704305,0.6001508633295696
39668388,สอบถามเรื่องการ ยกเลิกการเดินทาง จากสถานการณ์ COVID19 ใครมีข้อมูล รบกวนมาแชร์ทีค่ะ จะเดินทางโดยเครื่องสายการบิน ตะวันออกกลาง ไปปารีส หากถูกยกเลิกการเดินทางในอนาคต เราสามารถยื่นเคลม ค่าตั๋วเครื่องบิน ได้หรือไม่ หรือขอเงินคืนกับทาง agency ได้ไม๊ ใครมีข้อมูล รบกวนมาแชร์ทีค่ะ ถามกับประกันการเดินทางแล้ว ขอเคลมเรื่องการ ค่าตั๋ว ด้วยสาเหตุ COVID19 ไม่ได้ ค่ะ ไม่ครอบคลุม,"ผู้ร้องเรียนสอบถามข้อมูลเกี่ยวกับการยกเลิกการเดินทางโดยสายการบินตะวันออกกลางไปปารีส
ต้องการทราบว่าหากเกิดการยกเลิกในอนาคต จะสามารถยื่นเคลมค่าตั๋วหรือขอเงินคืนจากตัวแทนจัดการเดินทางได้หรือไม่
ได้สอบถามบริษัทประกันการเดินทางแล้ว แต่ถูกปฏิเสธการเคลมเรื่องค่าตั๋วเนื่องจากสาเหตุโควิด-19 ไม่เข้าข่ายคุ้มครอง
ผู้ร้องเรียนจึงขอข้อมูลเพิ่มเติมจากผู้ที่มีประสบการณ์หรือข้อมูลที่เกี่ยวข้อง",eval,Hybrid,2020,11,4,2.75,0.4787399172782898,0.4056047201156616,0.5943952798843384
34800246,ชนมอเตอร์ไซต์ตรงสี่แยก ถ้าเคลมเลยจะเสียประวัติมั้ย ซวยแต่เช้า จอดรถรอสัญญาณไฟตรงสี่แยก พอไฟเขียวก็เข้าเกียร์ออกตัว อยู่ๆ มอเตอร์ไซต์ก็มาข้างๆ ไม่คิดว่ามันจะมาขวางหน้า ชนเลย แต่ไม่เป็นไรมากแค่กันชนหน้าถลอก แล้วคู่กรณีก็จากไป ไม่สนใจอะไร ไปเฉยเลย ขอโทษซักคำก็ไม่มี 1.ถ้าแจ้งเคลมตอนนี้เลย จะเสียค่าแอคเซ็บมั้ย ประกันชั้น 1 ซ่อมห้างครับ 2.แล้วผมจะเสียประวัติมั้ย พอดีว่าประกันกำลังจะหมดเดือนเมษา รอต่อประกันแล้วค่อยเคลมดีกว่าป่าวครับ ที่ผ่านมายังไม่เคยเคลมเลย 3. แบบนี้ผมผิดฝ่ายเดียวหรือประมาทร่วมครับ,"จอดรถรอสัญญาณไฟ ขณะออกตัวเมื่อไฟเขียว รถจักรยานยนต์มาขวางหน้าจนเกิดการชนเล็กน้อยที่กันชนหน้า
คู่กรณีไม่ได้หยุดหรือขอโทษ แต่หลบหนีไปโดยไม่แสดงความรับผิดชอบ
ผู้เสียหายกังวลว่าหากแจ้งเคลมทันทีจะส่งผลต่อประวัติการใช้ประกันและอาจเสียค่าใช้จ่ายเพิ่มเติม
สอบถามว่าควรรอเคลมหลังต่อประกันใหม่หรือไม่ และอยู่ในความผิดเพียงฝ่ายเดียวหรือมีความประมาทร่วม",eval,Hybrid,2016,12,4,3.0,0.5537627339363098,0.5212621688842773,0.4787378311157226
30585467,รถยนต์โดนชน โดยคู่กรณียอมรับผิดแต่มีเรื่องเบิกประกัน เหตุการณ์มีอยู่ว่ารถผมโดนชน โดนคู่กรณีเป็นฝ่ายผิดและเขาก็ยอมรับผิดทุกประการ โดยตำรวจลงความเห็นเป็นการขับรถโดยประมาททำให้รถผู้อื่นเสียหายและได้ยอมรับผิดยินยอมทำการเปรียบเทียบปรับ ซึ่งรถผมโดนชนฝั่งขวาด้านหน้าทำให้ล้อแม็กผมเบี้ยวเสียทรง ไม่สามารถขับออกจากที่เกิดเหตุได้เลยต้องใช้รถลาก ผมจึงบอกให้บริษัทประกันลากรถผมเข้าศูนย์โตโยต้าเพราะรถผมมีประกันภัยชั้น1 เมื่อผมไปส่งเอกสารเพื่อเคลมที่โตโยต้า บริษัทแจ้งว่าในกรณีแบบนี้จะไม่สามารถเคลมล้อแม็คได้ทั้ง 4 ล้อ ได้แค่ล้อเดียวซึ่งผมอาจต้องจ่ายส่วนต่างอีก 3 ล้อราคาประมาณ 300 บาท เพราะการซื้อล้อแม็คหรือเปลี่ยนมันต้องเปลียนทีล่ะ 4 ล้อจะซื้อล้อเดียวไม่ได้ ในกรณีแบบนี้ผมจะไปฟ้องเรียกเก็บจากคู่กรณีได้หรือเปล่าครับ เพราะรถเขาก็มีประกันภัยชั้น 1 เหมือนกัน,"รถของผู้ร้องถูกชนโดยคู่กรณีที่ยอมรับผิดและมีการลงบันทึกประจำวันจากเจ้าหน้าที่ตำรวจ
ผู้ร้องได้แจ้งบริษัทประกันเพื่อเคลมค่าเสียหาย แต่ศูนย์บริการโตโยต้าแจ้งว่าไม่สามารถเคลมล้อแม็กทั้ง 4 ล้อได้
บริษัทประกันระบุว่าจะเคลมได้เพียงล้อเดียว ทำให้ผู้ร้องอาจต้องจ่ายส่วนต่างอีก 3 ล้อ
ผู้ร้องสอบถามว่าสามารถดำเนินการฟ้องเรียกค่าเสียหายจากคู่กรณีได้หรือไม่ เนื่องจากคู่กรณีมีประกันชั้น 1 เช่นกัน",eval,Hybrid,2013,10,4,2.5,0.5458686351776123,0.4619396130243937,0.5380603869756063
38774961,กรณีขับรถชนสุนัขบนท้องถนนและประกันไม่คุ้มครอง แต่พรบ.รถยนต์ที่เราต้องจ่ายกันนี่คัมครองไหมครับ พอดีเกิดเหตุคืนนึงที่ ขับรถตอนกลางคืนแล้วมีสุนัขที่มีเจ้าของนอนอยู่กลางถนน ด้วยความมืดและสุนัขตัวสีดำเลยมองไม่เห็น ขับรถเหยียบขามันเข้าให้ พอเรียกประกัน ประกันบอกไม่คุ้มครองและกรณีนี้เจ้าของสุนัขเป็นฝ่ายผิด เราไม่ต้องรับผิดชอบอะไรเลย แต่ด้วยความว่าเราก็รู้จักกับเจ้าของคนนี้แล้วจึงอยากช่วย อยากจะถามว่าตัวพรบ รถยนต์ที่เราได้จ่ายประจำปีนั่น จะช่วยซับพอร์ตค่ารักษาพยาบาลเจ้าสุนัขตัวนี้ได้หรือเปล่าครับ รบกวนช่วยทีครับ,"ผู้ร้องเรียนประสบอุบัติเหตุรถชนสุนัขขณะขับกลางคืน โดยมองไม่เห็นเนื่องจากความมืดและสีของสุนัข
บริษัทประกันแจ้งว่าไม่คุ้มครองกรณีดังกล่าว และระบุว่าเจ้าของสุนัขเป็นฝ่ายผิด จึงไม่ต้องรับผิดชอบใดๆ
ผู้ร้องเรียนต้องการทราบว่า พรบ. รถยนต์ที่ชำระประจำปีจะช่วยครอบคลุมค่าใช้จ่ายในการรักษาพยาบาลสุนัขได้หรือไม่
เนื่องจากมีความประสงค์ช่วยเหลือเจ้าของสุนัขแม้ไม่มีหน้าที่ตามกฎหมาย",eval,Hybrid,2019,10,4,2.5,0.6212857961654663,0.4307414690653482,0.5692585309346517
40246239,สอบถามประกันสุขภาพ ของ บ.ไทยประกันภัย หน่อยค่ะ ใครเคยทำประกันสุขภาพของ บ.ไทยประกันภัยบ้างค่ะ อ่านเจอ ประกันสุขภาพ Health Top Up เห็นในเงื่อนไข 1 ผู้เอาประกันภัยอายุตั้งแต่ 6 60 ปีบริบูรณ์ สามารถต่ออายุได้สูงสุดถึง 70 ปี บริบูรณ์โดยผู้เอาประกันภัยที่มีอายุต่ำกว่า 15 ปี จะต้องซื้อพร้อมผู้ปกครอง บิดา มารดา อย่างน้อย 1 คน และจะต้องซื้อแผนประกันภัยที่ให้ความคุ้มครองต่ำกว่าหรือ เทียบเท่ากับบิดา มารดา สงสัยที่ว่า สามารถต่ออายุได้สูงสุดถึง 70 ปี บริบูรณ์ เคยซื้อประกันผ่านธนาคารทหารไทย TMB Health Care 100 Sure พนักงานก็บอกว่าสามารถต่ออายุได้สูงสุดถึง 70 ปี แต่พอผ่านไป 5 6 ปี ก็มีหนังสือแจ้งจากบริษัทไทยประกันภัยว่า ไม่ต่อสัญญาประกันฯเนื่องจากบริษัทฯได้ยกเลิกผลิตภัณฑ์ตัวนี้แล้ว ขอถามว่า ประกันสุขภาพ Health Top Up นี้จะถูกยกเลิกผลิตภัณฑ์เร็วมั๊ย ดูประกันตัวนี้ก็น่าสนใจนะคะ.แต่ ชักระแวง ใครมีประสบการณ์เรื่องประกันสุขภาพแบบเหมาจ่าย หรือจะนำเสนอประกันสุขภาพแบบเหมาจ่ายที่น่าสนใจ ก็ยินดีรับข้อชี้แนะ นะคะ,"ผู้ร้องเรียนสอบถามเกี่ยวกับความมั่นคงของผลิตภัณฑ์ประกันสุขภาพ Health Top Up จากไทยประกันภัย ที่ระบุว่าสามารถต่ออายุได้สูงสุดถึง 70 ปีบริบูรณ์
ผู้ร้องเคยซื้อประกันจากบริษัทเดียวกันผ่านธนาคาร TMB แต่หลังจากใช้บริการมาหลายปี กลับได้รับแจ้งว่าบริษัทยกเลิกผลิตภัณฑ์ดังกล่าว
จึงกังวลว่าผลิตภัณฑ์ Health Top Up อาจถูกยกเลิกในอนาคตเช่นกัน
ผู้ร้องจึงต้องการทราบข้อมูลเพิ่มเติมเกี่ยวกับแผนการดำเนินงานของผลิตภัณฑ์นี้",eval,Hybrid,2020,14,4,3.5,0.6181240081787109,0.5068608919779459,0.4931391080220541
41799249,จะยกเลิกประกันAzay ของคุณพ่อที่โดนหลอกทำจากบัตรเครดิตอิออนยังไง พอดีคุณพ่อทำประกันAZayผ่านบัตรเครดิตไว้หลายปีแล้ว เดือนละ749 บาทแต่พอมาเดือนที่แล้วมีเจ้าหน้าที่หลายคนโทรมา บอกว่ามีสิทธิ์เพิ่มวงเงินรักษา คนแรกบอกว่าต้องเสียเงิน พ่อเลยไม่ทำ แต่พอมาคนสุดท้ายบอกว่าไม่ต้องเสียเงิน โดยอิงจากข้อมูลเดิมที่เคยทำ สรุปพนังงานเค้าไปทำกรรมธรรม์เพิ่มให้เอง1ฉบับ ตอนนี้พ่อเลยอยากจะยกเลิกทั้งหมด ต้องติดต่อใครไปคะ เพราะเคยติดต่อ แต่ไม่ยกเลิกให้ ในกรณีที่เราไม่เต็มใจทำแบบนี้ มีสิทธิ์ทำอะไรกับพนังงานแบบนี้ได้บ้าง เพราะคุณพ่อจำชื่อคนโทรมาได้,"พ่อของผู้ร้องเรียนไม่ประสงค์จะดำเนินการต่อเนื่องจากข้อมูลที่เปลี่ยนแปลงไปในภายหลัง
เดิมเคยแจ้งว่าต้องเสียค่าใช้จ่าย แต่กลับมีการแจ้งว่าไม่ต้องเสียเงินพร้อมดำเนินการเพิ่มเติมโดยอ้างข้อมูลเดิม
พนักงานได้ดำเนินการจัดทำเอกสารเพิ่มเติมเองโดยไม่มีคำยืนยันหรือความยินยอมล่วงหน้าจากผู้ร้องเรียน
ผู้ร้องเรียนต้องการยกเลิกการดำเนินการทั้งหมด และสอบถามแนวทางในการขอความช่วยเหลือหรือสิทธิ์ที่สามารถใช้ได้หากไม่ประสงค์ทำตาม",eval,Hybrid,2022,11,4,2.75,0.4312092661857605,0.4939310550689697,0.5060689449310303
36656861,ลดเบี้ยประกันยุ่งยากมั้ย สมัครประกันสุขภาพของ เอไอ. พนง. แจ้งว่าต้องมีตัวประกันชีวิตเป็นพื้นฐานก่อนแล้วค่อยเพิ่มเบี้ยเสริมประกันชีวิต ตอนแรกเลือกต่ำสุด ประมาณแสนห้า วันส่งมอบกรมธรรม์เมื่อวาน ตัวแทนแก้ให้สองแสนโดยพลการ ให้เหตุผลว่า สองแสนจะทำให้สามารถทำประกันสุขภาพได้ครอบคลุมกว่า เห็นเค้าทำมาแล้ว กอปรกับเรายังไม่รู้มากว่าประกันสุขภาพแบบใดเหมาะกับเรามากสุด เลยว่าจะทำแค่ปีนี้หรือสองปีดูว่าตัวเองมีความจำเป็นต้องใช้ประกันสุขภาพตัวใดบ้าง เห็นตัวแทนทำกรมธรรม์มาแล้วด้วยเลยปล่อยเลยตามเลย สงสัยว่าปีหน้าจะทำประกันแบบเดิม แต่เลือกทุนประกันชีวิตแสนห้าจะต้องเปลี่ยนกรมธรรม์เหมือนทำใหม่เลยมั้ยครับ ส่วนตัวไม่มีความจำเป็นเพิ่มทุนในการทำประกันชีวิตเลยไม่ได้ห่วงใครไว้ด้านหลัง เลยไม่อยากจ่ายเพิ่มหลายร้อยเป็นสิบๆปีครับ,"ผู้ร้องเรียนต้องการพิจารณาทำประกันสุขภาพในวงเงินสองแสนบาท เพื่อให้ครอบคลุมความคุ้มครองมากขึ้น
เนื่องจากยังไม่แน่ใจว่าประเภทประกันสุขภาพใดเหมาะสมกับตนเอง จึงต้องการทดลองทำเพียงหนึ่งหรือสองปีก่อน
สอบถามถึงความจำเป็นในการเปลี่ยนกรมธรรม์หากในปีถัดไปเลือกทุนประกันชีวิตลดลงเหลือแสนห้า
ผู้ร้องเรียนไม่มีภาระผูกพันด้านการดูแลผู้อื่น และไม่ต้องการจ่ายเบี้ยเพิ่มในระยะยาว",eval,Hybrid,2017,9,4,2.25,0.5362732410430908,0.6083984772364298,0.3916015227635702
32888852,ทำประกันชั้น1 ต่ออายุ3 4ปี ประวัติดีตลอด ถึงเวลาเคลมประกันยากมาก เบี้ยชั้น1ซ่อมห้าง4ปี ประวัติดี พอเรียกเคลมยากมาก อ้างว่าลูกค้าต่อประวัติดี ทำเคสสะสม ใครจะว่าเทพของประกันก็เถอะ ผมว่าบริการแย่มาก พูดจาไม่ดี แถมการเคลมเอาเปรียบลูกค้า แล้วแบบนี้ จะเสียเงินแพง ทำไม ห่วยมาก เตือนๆกันไว้ครับ,"ผู้ร้องเรียนมีประวัติการใช้บริการประกันชั้น 1 มาโดยตลอด และต่ออายุกรมธรรม์มาแล้ว 3-4 ปี
เบี้ยประกันในระดับชั้น 1 สำหรับการซ่อมศูนย์บริการ มีประวัติดีมาโดยตลอด
เมื่อถึงเวลาที่ต้องเรียกร้องเคลมกลับพบว่าได้รับความยากลำบากในการดำเนินการ
ผู้ร้องเรียนแสดงความไม่พอใจต่อกระบวนการที่ดูไม่สอดคล้องกับประวัติการใช้บริการที่ดี",eval,Hybrid,2014,14,4,3.5,0.4103199541568756,0.4293597141901651,0.5706402858098348
35976803,เคลมประกัน BIG BIKE กับวิริยะประกันภัย HondaBigwing พัทยา สอบถามหน่อยคับ ในกรณีที่มีคู่กรณีเขาชนเรา 1.เรียกร้องของแต่งยังไงหรอ คือทางประกันจะตีราคาให้เราหรอ หรือเราต้องไปเรียกร้องเอง มีคนบอกอาจต้องสำรองจ่ายไปก่อน แล้วเบิกที่หลังหรอ ทางกระกันเป็นตัวแทนจัดการให้เราได้ไหม ประมาณว่าเครียให้ แล้วเราไปเบิกกับประกัน 2. มีคู่กรณีไม่มีประกันเขาจะยอมจ่ายของแต่งหรอคับ ในเมื่อเขาก็เสียให้ทางประกันแล้ว กลัวจะคุยยากคับ แล้วถ้าต้องแจ้งความจะได้หรอคับ สมมุติของแต่งเป็นท่อดัง อยู่ระหว่างรอประกันอนุมัติ แต่ในลิสฮอนด้าไม่ได้ตีราคาของแต่งให้คับ อยากทราบเพื่อไปเจรจา จะได้ไม่เสียรู้คับ,"ผู้ร้องเรียนสอบถามขั้นตอนการเรียกร้องค่าใช้จ่ายในการแต่งรถจากบริษัทประกันว่าควรดำเนินการอย่างไร และต้องชำระเงินเองก่อนหรือไม่
มีข้อสงสัยว่าทางประกันสามารถทำหน้าที่เป็นตัวแทนเจรจาหรือจัดการเรื่องเบิกค่าใช้จ่ายให้ได้หรือไม่
ผู้ร้องเรียนกังวลเกี่ยวกับกรณีที่คู่กรณีไม่มีประกันและอาจไม่ยอมจ่ายค่าเสียหาย รวมถึงความเป็นไปได้ในการแจ้งความ
นอกจากนี้ ยังต้องการทราบข้อมูลราคาประเมินจากเว็บไซต์ฮอนด้าเพื่อใช้ประกอบการเจรจาอย่างมีข้อมูล",eval,Hybrid,2017,11,4,2.75,0.4346291720867157,0.5353074073791504,0.4646925926208496
39206822,ทำประกันชีวิต ได้เงินไม่คบที่จ่าย ผมไปทำประกันกับธนาคารไว้ที่หนึ่ง ไว้ประมาณ1แสน ประกันบอกว่า ถ้าทำคบ 1 ปี จะได้เงิน 1แสนกว่าบวกดอก พอผมจะไปยกเลิกประกัน เมื่อคบ1ปี เขาบอกว่าได้เงินแค่2หมื่นกว่า เขาบอกว่าหักค่า อะไรหนักหนาผมก้อจำไม่ได้ ผมควรทำไงครับ,"ผู้ร้องเรียนทำประกันกับธนาคารจำนวนประมาณ 100,000 บาท โดยมีเงื่อนไขว่าหากทำครบ 1 ปี จะได้รับเงินรวมดอกเบี้ยเกิน 100,000 บาท
เมื่อครบกำหนด 1 ปี และประสงค์จะยกเลิกประกัน กลับได้รับเงินเพียงประมาณ 20,000 บาท
ธนาคารอ้างว่ามีการหักค่าใช้จ่ายบางรายการ แต่ผู้ร้องเรียนไม่ทราบรายละเอียดที่ชัดเจน
ผู้ร้องเรียนสอบถามแนวทางในการดำเนินการเพื่อขอความช่วยเหลือหรือตรวจสอบสิทธิ์ที่ถูกต้อง",eval,Hybrid,2019,9,4,2.25,0.4501237273216247,0.3732630411783854,0.6267369588216146
31123700,ถามเรื่องประกันรถชั้น 1 ค่ะ เกิดกรณีรถชน ตอนนั้นเรายังไม่มีใบขับขี่ ด้วยความไม่รู้ ได้เรียกประกันเพื่อที่จะเคลมคู่กรณีได้ เพราะ รถคู่กรณีหมดประกัน และเราเป็นฝ่ายผิด ปรากฏว่า ทางประกันไม่รับผิดชอบรถเรา ซึ่ง skirt กระเทาะออก ต้องเปลี่ยนใหม่ และทีรอยตรงกันชนหน้า อยากจะถาม ถ้าเราจะปล่อยทิ้งไว้ไม่ต้องซ่อม และรอเคลมร่วมกับรอยอย่างอื่นๆ จะมีโอกาสเป็นไปได้มั้ยที่จะได้เคลม skirt เปลี่ยนยกชิ้นอ่ะค่ะ,"ผู้ร้องเรียนขอเคลมประกันภัยรถยนต์ชั้น 1 หลังเกิดอุบัติเหตุรถชน โดยขณะนั้นยังไม่มีใบขับขี่
เนื่องจากคู่กรณีไม่มีประกันและผู้ร้องเรียนเป็นฝ่ายผิด จึงต้องการเคลมเพื่อชดเชยความเสียหาย
อย่างไรก็ตาม บริษัทประกันปฏิเสธความรับผิดชอบต่อความเสียหายของรถผู้ร้องเรียน
โดยเฉพาะรอยกระเทาะที่ต้องเปลี่ยนชิ้นส่วนใหม่ ซึ่งถือเป็นประเด็นที่ไม่ได้รับการชดเชย",eval,Hybrid,2013,11,4,2.75,0.3898527920246124,0.5050808986028035,0.4949191013971965
30620339,การเป็นต่อมทอลซิลอักเสบ ถือเป็นโรคเรื้อรังหรือไม่ 1 โรคนี้ ถือเป็นโรคเรื้อรัง ที่รักษาไม่หายหรือไม่ 2 ถือเป็นโรคที่บริษัทประกันสุขภาพไม่คุ้มครอง กรณีเคยเป็นต่อมทอลซิลอักเสบ มาก่อนสมัครทำประกันหรือไม่ การเป็นต่อมทอลซิล แต่ละครั้ง จะเข้ารับการรักษาจนหาย แต่ โอกาสที่จะเป็นต่อมทอนซิลอักเสบ อันเกิดจาก ไอ เจ็บคอ ไข้สูงจากการอักเสบ มันสามารถเกิดขึ้นได้อีก หลังจาก เคยเป็นและรักษาหายไปแล้ว ถูกหรือเปล่าครับ การเป็นโรค ที่สามารถรักษาหาย ไม่ใช่การอักเสบต่อเนื่อง ถือเป็นโรคเรื้อรัง หรือไม่ ขอผู้รู้อธิบายให้ทราบด้วยครับ,"โรคต่อมทอนซิลอักเสบที่เคยเป็นและรักษาหายแล้ว อาจเกิดซ้ำได้ในอนาคต
การเกิดซ้ำไม่จำเป็นต้องถือว่าเป็นโรคเรื้อรังหากไม่มีอาการอักเสบต่อเนื่อง
บริษัทประกันสุขภาพมักไม่คุ้มครองโรคที่เคยมีประวัติมาก่อน แม้จะรักษาหายแล้ว
คำถามดังกล่าวเกี่ยวข้องกับการพิจารณาความหมายของ ""โรคเรื้อรัง"" และขอบเขตการคุ้มครองของกรมธรรม์",eval,Hybrid,2013,9,4,2.25,0.4560101926326751,0.4332433541615804,0.5667566458384197
31520924,ถ้าตกลงทำประกันไปแล้ว แต่ไม่ได้จ่าย จะมีผลอะไรทางกฎหมายไหมครับ ประกันชีวิต และประกันภัยรถยนต์ ถ้าเราตอบตกลงไป และเราไม่จ่ายเงิน จะถือว่าเราเป็นหนี้บริษัทประกัน และบริษัทประกันสามารถฟ้องร้องอะไรเราได้ไหมครับ โดย 1. ตอบตกลงปากเปล่า อาจจะมีการบันทึกเสียงหรือไม่ก็ตาม 2. ตอบตกลงและมีการเซ็นต์เอกสาร ตกลงแล้วถือว่าเราเป็นหนี้เพราะได้รับสินค้าคือการคุ้มครอง แต่เอกสารก็บอกอยู่ว่า คุ้มครองต่อเมื่อได้รับชำระเบี้ยประกันแล้วเท่านั้น หรือ ยังไม่จ่ายก็คือยังไม่ได้รับสินค้า บริการครับ,"หากตกลงทำประกันแต่ไม่ได้จ่ายเบี้ย อาจถือว่ามีความผูกพันทางกฎหมายขึ้นอยู่กับหลักฐานการตกลง
การตอบตกลงปากเปล่าโดยไม่มีเอกสารอาจทำให้เกิดข้อพิพาทในเรื่องความรับผิดชอบ
หากมีการเซ็นเอกสารแสดงความตกลง แม้บริษัทจะระบุว่าคุ้มครองเฉพาะเมื่อได้รับเบี้ยแล้ว แต่การตกลงอาจถือเป็นสัญญาที่มีผลผูกพัน
บริษัทประกันอาจฟ้องร้องเพื่อเรียกเก็บเบี้ยประกันที่ค้างชำระได้ หากสามารถพิสูจน์ได้ว่ามีการตกลงอย่างชัดเจน",eval,Hybrid,2014,9,4,2.25,0.3990370631217956,0.6585444609324137,0.3414555390675863
35264015,ถามเรื่องการเคลมประกันรถยนต์ค่ะ วันนึ้จอดรถข้างถนนไว้ กลับมาพบรอยถูกชนด้านหลังกันชน คาดว่าคงจะเข้ามาจอดข้างรถเราแต่ตีวงแคบเลยเบียดมุมท้ายรถเรา อยากถามว่ากรณีนี้เราควรเคลมประกันเลยดีไหม ประกันกำลังจะต่อต้นเดือนหน้าแล้วค่ะ ปีที่ผ่านมามีเคลมไปแล้วครั้งหนึ่งเลี้ยวไม่พ้นฟุตบาท skirt ถาก เคลมไว้แล้วแต่ยังไม่ได้เอารถไปทำ กำลังคิดว่าจะต่อประกันที่เดิม อย่างนี้เราควร 1. เคลมเลย ค่าประกันจะขึ้นอีกไหมคะ ตอนนี้เค้าเสนอเบี้ยไว้แล้ว 2. ต่อประกันก่อนแล้วค่อยเคลม แล้วเบี้ยขึ้นปีหน้าใช่ไหมคะ กรณีนี้หากเราแจ้งว่าถอยชนกำแพง เราจะโดนเรียกเก็บค่าเสียหายส่วนแรกไหมคะ รบกวนนิดนึงนะคะ ว่าทำแบบไหนจะเกิดประโยชน์มากกว่ากัน,"รถคันอื่นเบียดมุมท้ายรถขณะตีวงแคบ ทำให้เกิดความเสียหาย
ผู้ร้องเคยเคลมประกันไปแล้วในปีก่อนหน้าจากการชนฟุตบาท
ยังไม่ได้นำรถไปซ่อม และกำลังพิจารณาต่อประกันก่อนเคลม
สอบถามว่าการเคลมหลังจากต่อประกันจะส่งผลให้เบี้ยประกันเพิ่มขึ้นในปีถัดไปหรือไม่",eval,Hybrid,2016,12,4,3.0,0.4313636720180511,0.4502964814503987,0.5497035185496013
38394661,ประกันภัยรถยนต์ที่ให้เลือกลักษณะการใช้รถว่าขับไปทำงาน หรือท่องเที่ยว มีผลต่อการคุ้มครองอย่างไรครับ ผมเช็คเบี้ยประกันภัยรถยนต์ผ่านหน้าเว็บ ซึ่งระบบจะให้กรอกรายละเอียด รุ่น ปี ฯลฯ ไปเจอเว็บนึงให้ระบุลักษณะการใช้รถด้วยว่า 1.ใช้ขับจากบ้านไปยังที่งานเป็นประจำ หรือ 2.ขับไปทำธุระละแวกบ้าน ซื้อของ ท่องเที่ยว นานๆใช้ที ซึ่งผมลองเทียบราคาทั้งสองแบบแล้ว ปรากฎว่าแบบที่ 1 ขับจากบ้าน ไป กลับที่ทำงานเป็นประจำ เบี้ยประกันจะแพงกว่าประมาณเกือบสองพันบาท ที่บ้านผมมีรถหลายคัน ถ้าผมเลือกทำประกันรถคันที่ไม่ค่อยได้ขับในแบบที่ 2 แต่บังเอิญรถคันที่ผมใช้ประจำมีปัญหา ผมจึงเอารถคันนี้ขับไปทำงานแล้วเกิดอุบัติเหตุ แบบนี้บริษัทประกันจะเอามาเป็นข้ออ้างเพื่อปฏิเสธการเคลมประกันได้มั้ยครับ,"การเลือกลักษณะการใช้รถในกรมธรรม์ประกันภัยมีผลต่อเบี้ยประกัน โดยการขับไปทำงานเป็นประจำมักมีเบี้ยสูงกว่าการใช้รถท่องเที่ยวหรือทำธุระใกล้บ้าน
ผู้ร้องเรียนกังวลว่าหากใช้รถคันที่ทำประกันในประเภท ""ขับท่องเที่ยว"" แต่เกิดอุบัติเหตุขณะขับไปทำงาน บริษัทอาจใช้ข้อมูลนี้เป็นเหตุผลปฏิเสธการเคลม
คำถามหลักคือ บริษัทประกันสามารถอ้างความไม่ตรงกันระหว่างการระบุลักษณะการใช้งานกับพฤติกรรมจริงในการปฏิเสธการเคลมได้หรือไม่
ผู้ร้องเรียนต้องการความชัดเจนเกี่ยวกับเงื่อนไขและผลกระทบจากการระบุข้อมูลที่ไม่ตรงกับการใช้งานจริง",eval,Hybrid,2018,12,4,3.0,0.5283963680267334,0.6106734275817871,0.3893265724182129
36762880,กล้องหน้ารถ ถ้าโดนขโมย ประกัน กรุงเทพประกันภัย ไม่คุ้มครองเหรอครับ เดือนที่แล้วผมออกรถมาใหม่ครับแต่เอามาติดฟิล์มเอง พอติดเสร็จก็เอาไปติดกล้อง ทีนี้ผมก็เลยแจ้งประกันสลักหลังเพิ่มความคุ้มครองไป ทางประกันให้จ่ายเบี้ยเพิ่มเฉพาะฟิล์ม7ร้อยกว่าบาท ส่วนกล่องไม่คุ้มครอง ทางประกันแจ้งมาว่าเพราะกล้องมันไม่ใช่อุปกรณ์ติดตรึงกับรถ แต่ถ้าเกิดถูกโจรกรรมจะคุ้มครองให้ไม่เกิน100บาท แต่พอดีกล้องผมติดมาแพงมากก็เลยอยากให้กรมธรรม์คุ้มครองตัวกล้องด้วย เลยอยากสอบถามว่าปกติประกันเค้าคุ้มครองเรื่องนี้ให้มั้ยครับ พอดีไม่แน่ใจว่า จนท. เค้าแจ้งผมถูกต้องหรือเปล่าน่ะครับ,"ผู้ร้องเรียนติดตั้งกล้องรถยนต์ด้วยตนเองหลังซื้อรถใหม่ และได้แจ้งเพิ่มความคุ้มครองกับบริษัทประกันภัยกรุงเทพ
บริษัทประกันอนุมัติค่าเบี้ยเพิ่มสำหรับฟิล์มกรองแสง แต่ปฏิเสธการคุ้มครองกล้องเนื่องจากไม่ถือเป็นอุปกรณ์ติดตรึงกับรถ
บริษัทระบุว่าหากเกิดการโจรกรรม กล้องจะได้รับค่าชดเชยไม่เกิน 100 บาทเท่านั้น
ผู้ร้องเรียนจึงสอบถามว่าปกติกรมธรรม์ประกันรถยนต์ควรคุ้มครองอุปกรณ์เสริมประเภทนี้หรือไม่ และขอความชัดเจนจากเจ้าหน้าที่",eval,Hybrid,2017,11,4,2.75,0.4192051887512207,0.4593151410420735,0.5406848589579265
31956532,น้องทำมอเตอร์ไซค์หาย ประกันรถหายจะรับผิดชอบไหมครับ เมื่อคืนน้องยืมรถมอเตอร์ไซค์ออกไปบ้านเพื่อนแล้ว มีมอเตอร์ไซค์ 2 คันประกบ ถามว่า น้องๆ ทางที่ไม่มีตำรวจไปทางไหน น้องผมก็เลยบอกว่าอ้อมมาทางหลังบิ๊กซีสิ ไม่มีตำรวจ ขับตามผมมาเลย ด้วยความใจดี หรือมองโลกสวย โดนทีบรถ เอาปืนจี้ให้ลงจากรถ และก็ขับไปเลยง่าย ๆ สไตน์โจร น้องก็เรียกแท็กซี่ขับตาม ก็เท่านั้นจะไปทันอะไร แล้วก็เลยไปแจ้งความ ไว้เมื่อคืนครับ ซึ่งรถผมทำประกันรถหายไว้ 1 ปี ร้านบังคับทำครับ คำถาม คือรถที่หายเป็นชื่อผม แต่น้องไปแจ้งความ แล้วประกันรถหายจะรับผิดชอบไหม ก็ไม่รับผิดชอบเราควรแก้ไขอย่างไรได้บ้างครับ รบกวนด้วยนะครับ เครียดมาก เพราะตั้งแต่เกิดมา รถหายไป 3 คันแล้วครับ,"น้องชายของผู้ร้องเรียนยืมรถมอเตอร์ไซค์ไปใช้และถูกลักพาตัวไปโดยมีการใช้อาวุธจี้ขู่
เหตุการณ์เกิดขึ้นขณะเดินทางกลับจากบ้านเพื่อน โดยเลี่ยงเส้นทางที่มีตำรวจ
ผู้เสียหายแจ้งความในคืนเกิดเหตุ และมีการทำประกันรถหายไว้ตามข้อกำหนดของร้าน
ผู้ร้องเรียนสอบถามว่าประกันจะรับผิดชอบกรณีที่ผู้ขับขี่ไม่ใช่เจ้าของรถโดยตรงหรือไม่",eval,Hybrid,2014,14,4,3.5,0.452007532119751,0.4854768911997477,0.5145231088002523
37738177,เคลมประกันไม่ได้ทั้งๆที่ตอนทำตัวแทนบอกเคลมได้ เนื่องจากเป็นลมวูบไปแล้วชัก ซึ่งหมอที่อยู่ในเหตุการณ์บอกว่าคลำหาชีพจรไม่เจอ ก็เข้าโรงพยาบาลปกติ แต่โรงพยาบาลให้เราสำรองจ่าย เนื่องจากบริษัทประกันปฏิเสธการคุ้มครอง โดยประกันให้เหตุผลว่าเราปกปิดการรักษา ไม่ได้แถลงโรคที่เป็นตอนทำสัญญา ซึ่งเราได้มีการตรวจเจอโรคหัวใจจริงตอนปี 2544 ซึ่งตอนนั้นเราอายุ 9ปี ซึ่งเป็นการตรวจวินิจฉัยอย่างเดียวไม่เคยรับการรักษาหรือผ่าตัดใดๆ เราก็ดำเนินชีวิตมาตามปกติกระทั่งปี 2556 อายุ21ปี ได้ตัดสินใจทำประกันสุขภาพ จนถึงปีนี้ 2561 อายุ26 ปี ซึ่งนับระยะเวลาการทำประกันสุขภาพจนถึงเหตุการณ์ที่เราไม่สบายนับว่า 4ปีเต็ม ที่เราได้ทำประกันและไม่เคยเคลมหรือใช้สิทธิ์ใดๆ ไม่ว่าจะเป็นเรื่องโรคหัวใจหรือไม่สบายต่างๆ,"ผู้ร้องเรียนประสบภาวะหมดสติและชัก จนต้องเข้ารับการรักษาที่โรงพยาบาล
โรงพยาบาลเรียกเก็บค่าใช้จ่ายล่วงหน้าเนื่องจากบริษัทประกันปฏิเสธการคุ้มครอง
บริษัทประกันอ้างว่าผู้ร้องเรียนปกปิดประวัติโรคหัวใจที่ตรวจพบเมื่ออายุ 9 ปี แต่ไม่มีประวัติรักษาหรือผ่าตัด
ผู้ร้องเรียนยืนยันว่าได้ทำประกันสุขภาพมาแล้ว 4 ปีโดยไม่เคยเคลม หรือมีอาการของโรคหัวใจในช่วงดังกล่าว",eval,Hybrid,2018,9,4,2.25,0.559089720249176,0.322157343228658,0.677842656771342
33203190,ยกเลิกกรมธรรม์ประกันชีวิตหลังจากครบสัญญาดีมั้ยครับ ผมเพิ่งมาทราบว่ากรมธรรม์ของผมเป็นแบบชำระ 20 ปี แล้วคุ้มครองตลอดชีพหรือเมื่ออายุครบ 99 ปี เข้าใจผิดมาตลอดว่าชำระครบ 20 ปีแล้วได้รับเงินในส่วนเบี้ยประกันที่จ่ายมา 20 ปีคืน จากนั้นได้คุ้มครองตลอดชีวิต กลายเป็นว่าจริงๆ แล้วไม่มีการคืนเงินใดๆ จนกว่าผมจะตายหรืออายุครบ 99 ปี แล้วเดือนนี้ก็เป็นเดือนที่ถึงกำหนดจ่ายในปีสุดท้าย ถ้าผมยกเลิกกรมธรรม์ตอนนี้ โดยไม่จ่ายปีสุดท้าย กับ ยกเลิกหลังจากชำระปีสุดท้าย จะแตกต่างกันมั้ยครับ เพราะยังไงถึงจ่ายครบก็ไม่ได้เงินคืนอยู่ดีถ้าไม่ตายซะก่อน,"ผู้ร้องเรียนเข้าใจผิดมาโดยตลอดว่าจะได้รับเงินคืนจากเบี้ยประกันที่จ่ายครบ 20 ปี ก่อนจะได้รับการคุ้มครองตลอดชีวิต
แต่ความจริงคือไม่มีการคืนเงินใด ๆ จนกว่าจะเสียชีวิตหรืออายุครบ 99 ปี
ขณะนี้อยู่ในปีสุดท้ายของการชำระเบี้ย และต้องการทราบว่าการยกเลิกกรมธรรม์ก่อนจ่ายปีสุดท้ายกับหลังจ่ายจะมีผลต่างกันหรือไม่
เนื่องจากแม้จะจ่ายครบก็ไม่ได้รับเงินคืนหากยังมีชีวิตอยู่",eval,Hybrid,2015,9,4,2.25,0.6541027426719666,0.5776374340057373,0.4223625659942627
38133056,จะยกเลิกกรมธรรม์ประกัน ต้องทำอย่างไร ปวดมาก วันที่5 10 2561 เราได้หลวมตัวทำประกันกับบริษัทประกันซิกน่า เค้าน่าจะได้ข้อมูลจากธนาคารทหารไทย ต้องการยกเลิกประกัน แต่ยังไม่ถูกหักค่าชำระเบี้ยประกัน เนื่องจากเงินในบัญชีไม่พอ เพราะบัญชีนั้นใช้หมุนเวียน และให้บริษัทส่งกรมธรรม์มาทางอีเมล และยังไม่ได้ข้อมูลหรือรับเอกสารในการทำประกันใดๆ หากต้องการยกเลิกประกันนี้ควรทำอย่างไรคะ ไม่รู้เบอร์ติดต่อกับพนักงานขายประกันให้เรา ลืมชื่อพนักงานขายพูดขายเร็วเว่อร์ เราก็มัวแต่ขายของ,"ผู้ร้องเรียนขอข้อมูลวิธีการยกเลิกกรมธรรม์ประกันที่ทำไว้วันที่ 5 ตุลาคม พ.ศ. 2561 กับบริษัทซิกน่า
ยังไม่ได้รับเอกสารหรือข้อมูลกรมธรรม์ใด ๆ จากบริษัท แม้บริษัทจะมีข้อมูลจากธนาคารทหารไทย
เงินในบัญชีไม่เพียงพอจึงยังไม่มีการหักเบี้ยประกัน และต้องการทราบขั้นตอนการยกเลิก
ไม่สามารถติดต่อพนักงานขายได้ เนื่องจากลืมชื่อและเบอร์ติดต่อของพนักงาน",eval,Hybrid,2018,11,4,2.75,0.4332581758499145,0.5707725683848063,0.4292274316151937
39490393,แชร์ประสบการณ์ เคลมประกัน OPD AXA iHealthy ไม่ง่ายอย่างที่คิด แชร์ผลของการซื้อประกันกรุงไทยแอกซ่า ที่เราคิดว่าคือการใช้เงินซื้อความสบายใจ ยามเจ็บไข้จะได้ไม่เดือดร้อน แต่สิ่งที่ได้มาคือความรู้สึกที่เสียไปกับเจ้าหน้าที่และกระบวนการทำงานของAXA ความเครียดเพิ่มเติมในยามที่เราเจ็บป่วย เงินที่เราต้องจ่ายเพิ่มเติม และระยะเวลารอคอยที่ยาวนานจน จขกท.ทำใจว่าจะไม่ได้เงินคืนไปแล้วค่ะ เมื่อได้เงินคืนก็ได้คืนไม่ครบ หาเรื่องหักจุกจิก จนท.ไม่ได้เต็มใจในการให้ความช่วยเหลือ เรื่องยาวหน่อยนะคะ เพราะเรื่องกินระยะเวลาค่อนข้างนาน แต่อยากแชร์เตือนใจกันไว้นะคะ เผื่อเป็นประโยชน์กับใครที่กำลังเปรียบเทียบประกันสุขภาพอยู่ค่ะ อ่านบทสรุปสั้นๆได้ที่ความเห็น 4 และ 5 นะคะ ชื่อสินค้า ประกัน AXA iHealthy คะแนน CR Consumer Review,"การเคลมประกัน OPD จาก AXA iHealthy พบว่ากระบวนการดำเนินงานซับซ้อนและใช้เวลานาน
เจ้าหน้าที่ให้บริการไม่เต็มใจ และมีการหักเงินคืนไม่ครบตามที่คาดหวัง
ผู้ร้องเรียนรู้สึกเครียดเพิ่มขึ้นในช่วงเวลาที่เจ็บป่วย ทั้งที่ตั้งใจซื้อประกันเพื่อลดภาระทางอารมณ์
ข้อความนี้เป็นการแชร์ประสบการณ์เพื่อเตือนผู้สนใจซื้อประกันสุขภาพให้พิจารณาอย่างรอบคอบ",eval,Hybrid,2019,13,4,3.25,0.4768116176128387,0.5548690160115559,0.4451309839884441
37981733,กรณีลูกค้า test drive รถ CRV แล้วชนเละ ใครต้องรับผิดชอบครับ อยากถามผู้รู้กรณีที่เป็นข่าว ลูกค้าลองรถ CRV แล้วชนเละ คนขับต้องรับผิดชอบอะไรอย่างไร บ้างครับ คือผมเองก็ไปลองรถบ่อยๆ ทั้งเรียกเซลส์เอารถมาที่บ้านแล้วลองขับ หรือไปโชว์รูมเพื่อลองขับ แล้วลองขับมันก็ต้องเหยียบ ทดสอบประสิทธิภาพ ซึ่งมันอาจจะมีเหตุไม่คาดฝัน รถ test drive มันมีประกันมั้ยครับ แล้วถ้าไม่มี หรือมี เราต้องรับผิดชอบด้วยหรือไม่ เท่าที่ลองมายังไม่เคยเกิดเหตุ แต่พอมาอ่านเจอ อืมถ้ามันเกิดกับเรา เราจะต้องรับผิดชอบอะไรบ้างครับ,"ลูกค้าที่ทดลองขับรถ CR-V เกิดอุบัติเหตุจนรถเสียหาย ต้องรับผิดชอบค่าเสียหายหรือไม่
บริษัทผู้ผลิตหรือศูนย์จำหน่ายมีความรับผิดชอบในกรณีนี้หรือไม่
รถทดลองขับมีการประกันภัยครอบคลุมความเสียหายจากอุบัติเหตุหรือไม่
หากเกิดเหตุขึ้นจริง ผู้ขับขี่จะต้องรับผิดชอบตามกฎหมายหรือไม่",eval,Hybrid,2018,12,4,3.0,0.3927167952060699,0.4588783184687296,0.5411216815312704
40216938,ประกันของ อลิอันซ์ อยุธยา นี่เคลมนานมากเลยเหรอครับ ผมทำประกันสุขภาพกับชดเชยรายได้ไว้กับ อลิอันซ์ อยุธยา หมอให้แอดมิท พออกมาส่งเคลมประกันไปเดือนกว่าแล้วครับ มีแต่ส่งจดหมายมาสามฉบับบอกว่ารอพิจารณาการอนุมัติอยู่ แต่ผมมีประกันชดเชยรายได้ของ ชับบ์ สามัคคี ส่งเคลมพร้อมกัน ไม่เกิน 2 อาทิตย์ ของชับบ์โอนเงินค่าชดเชยรายได้มาเรียบร้อยแล้ว แต่ของ อลิอันซ์ อยุธยา นี่รอมาเดือนกว่าแล้วครับ โทรไปติดต่อ Call Center ขอต่อฝ่ายสินไหม ก้อบอกแต่ว่าสายไม่ว่าง ให้ทิ้งเบอร์ไว้แล้วจะติดต่อกลับ รอมา 2 อาทิตย์ก้อเงียบ รู้สึกว่าคิดผิดจังเลยที่เลือกซื้อประกันที่นี่ ดันซื้อไว้ตั้ง 3 ฉบับ เซ็งมากเลยครับ,"ผู้ร้องเรียนระบุว่าได้ทำประกันสุขภาพและชดเชยรายได้กับอลิอันซ์ อยุธยา และส่งเอกสารเคลมหลังจากถูกแอดมิทพักฟื้นมาแล้วเกินหนึ่งเดือน
บริษัทฯ แจ้งผลว่าอยู่ระหว่างพิจารณาอนุมัติผ่านจดหมายสามฉบับ แต่ยังไม่มีการชดเชย
ในขณะที่ประกันชดเชยรายได้จากบริษัทอื่น (ชับบ์ สามัคคี) ใช้เวลาไม่ถึงสองสัปดาห์ในการโอนเงินค่าชดเชย
ผู้ร้องเรียนแสดงความไม่พอใจต่อระยะเวลาดำเนินการของอลิอันซ์ อยุธยา และการติดต่อประสานงานที่ล่าช้า",eval,Hybrid,2020,11,4,2.75,0.560812771320343,0.5589359998703003,0.4410640001296997
30222377,รบกวนถามผู้มีประสบการณ์หน่อยครับเรื่อง เคลมประกันรถยนต์ เนื่องด้วยทาง ผมได้ขายรถยนต์ไปแล้ว คราวนี้ ที่ขายไปยังมีประกันเหลืออยู่ เจ้าของใหม่จึงอยากจะเคลมสีรอบคัน เค้าเลยให้ส่งเอกสารไปให้เค้า คือ สำเนาใบขับขี่ ซึ่งทางนั้นระบุว่าขอเป็น สี แล้วไม่ต้องเซนต์ สำเนาถูกต้องหรืออะไรทั้งนั้น คำถามคือ มันจะไม่อันตรายหรอครับ การให้หลักฐานไปแบบนี้ ผมก็เลยส่งแบบมีสำเนาถูกต้องเซนต์ไปเค้าก็บอกว่า ไม่ได้ ต้องไม่ต้องเซนต์ เพราะเจ้าตัวไม่ได้มาเอง ผมควรทำยังไงครับ ไปหาจัดการให้เรียบร้อยดีมั๊ย ผมคงไม่เสี่ยงที่จะส่งไป ผู้รู้วานไขข้อข้องใจทีครับ คือทางผมก็ไม่อยากมีปัญหา แต่ยุคนี้เราก็ต้องเซฟตัีวเราเองที่สุด,"เจ้าของรถคันเดิมได้ขายรถไปแล้ว แต่ยังมีกรมธรรม์ประกันเหลืออยู่
เจ้าของใหม่ต้องการเคลมสีรอบคัน และขอสำเนาใบขับขี่โดยระบุว่าไม่ต้องเซ็นรับรองความถูกต้อง
ผู้ขายส่งเอกสารที่มีการเซ็นรับรองแล้ว แต่กลับถูกปฏิเสธเพราะเจ้าของใหม่ไม่ได้มาด้วยตนเอง
ผู้เกี่ยวข้องกังวลว่าหากส่งเอกสารตามที่ขออาจเกิดปัญหาในอนาคต จึงต้องการคำแนะนำในการดำเนินการอย่างปลอดภัย",eval,Hybrid,2013,11,4,2.75,0.4280093014240265,0.4655613104502359,0.534438689549764
30477831,กระจกโดนหินดีดใส ร้าวเลยครับ ซ่อมหรือเปลี่ยนใหม่ดีครับ ใครมีประสบการณ์รบกวนด้วยครับ รถ Camry hybird ครับ วันนี้ขับรถออยู่ก็ได้ยินเสียง หินดีดกระจก มองดูร้าวเลยครับ ทำอย่างไรดีครับ 1. ซ่อมดีหรือเปล่าครับ ตำแหน่งที่ร้าว อยู่กลางกระจกเลยครับ จะเหมือนเดิมหรือเปล่า ซ่อมกับช่างคนไหนดีครับ ค่าใช้จ่ายประมาณเท่าไร 2. เปลี่ยนใหม่ ดีเปล่าครับ จะซื้อเอง หรือว่า เครมประกันดีครับ แบบไหนคุมค่ากว่ากันครับ ระหว่างที่เบี้ยประกันต้องเพิ่มขึ้นมา และค่ากระจก ค่าฟิล์มที่ต้องจ่ายเอง รบกวนผู้มีประสบการณ์แนะนำด้วยครับ เซ้งมากครับ ขอบคุณครับ,"รถ Camry Hybrid ของผู้ร้องเรียนได้ยินเสียงหินดีดกระจกขณะขับขี่ และพบว่ากระจกมีรอยร้าวตรงกลาง
ผู้ร้องเรียนสอบถามถึงแนวทางในการซ่อมแซม รวมถึงความเป็นไปได้ที่รอยร้าวจะกลับมาเหมือนเดิม
ขอคำแนะนำเกี่ยวกับการตัดสินใจระหว่างการซ่อมกับการเคลมประกัน โดยพิจารณาค่าใช้จ่ายและผลกระทบต่อเบี้ยประกัน
ขอคำแนะนำจากผู้มีประสบการณ์เกี่ยวกับช่างซ่อมที่น่าเชื่อถือและต้นทุนโดยประมาณ",eval,Hybrid,2013,11,4,2.75,0.5004043579101562,0.4231213728586832,0.5768786271413168
32484773,ประกันสุขภาพ สงสัยเกี่ยวกับการทำประกันที่ไม่คุ้มครองบางโรค ยื่นทำประกันสุขภาพ โรคร้ายแรง บริษัทประกันยอมรับทำประกัน โดยมีเงื่อนไขไม่คุ้มครองเกี่ยวกับการรักษาโรคกระเพาะ เนื่องจากเคยมีประวัติรักษาโรคกระเพาะ เมื่อ 1 2 ปีที่ผ่านมา แต่อาการไม่รุนแรง คุณหมอจ่ายยาทานที่บ้าน ไม่ได้นอนรพ.ปัจจุบันไม่มีอาการ ถ้าสมมุติว่า ในอนาคตเกิดโชคร้ายเป็นมะเร็งที่กระเพาะอาหารหรือบริเวณทางเดินอาหาร เงื่อนไขเรื่องโรคกระเพาะ จะทำให้บริษัทประกันไม่ยอมรับเคลมการรักษาพยาบาลหรือไหมคะ แล้วโรคต่อเนื่องที่มีสาเหตุจากโรคกระเพาะมีอะไรบ้างคะ ขอบคุณสำหรับทุกๆ คำตอบค่ะ,"ผู้ร้องเรียนสงสัยว่าการขอทำประกันสุขภาพโรคร้ายแรงอาจไม่ครอบคลุมการรักษาโรคกระเพาะ เนื่องจากมีประวัติเคยรักษาเมื่อ 1–2 ปีก่อน
แม้อาการในอดีตไม่รุนแรง และไม่ต้องนอนโรงพยาบาล ปัจจุบันไม่มีอาการ
ผู้ร้องเรียนกังวลว่าหากในอนาคตเกิดโรคมะเร็งกระเพาะอาหารหรือทางเดินอาหาร บริษัทประกันอาจปฏิเสธการเคลมตามเงื่อนไขที่ระบุไว้
นอกจากนี้ ยังสอบถามถึงโรคแทรกซ้อนที่อาจเกิดจากภาวะโรคกระเพาะได้หรือไม่",eval,Hybrid,2014,11,4,2.75,0.408121794462204,0.5036894480387369,0.496310551961263
34906010,1 เมษา 59 เพิ่มคุ้มครองประกันภัยรถยนต์ แบบยกแผง คืออะไรเหรอครับ 13 มีนาคม 2559 09 08 น คปภ.มอบของขวัญรับเทศกาลสงกรานต์ เพิ่มวงเงินคุ้มครองการประกันภัยรถภาคบังคับ ค่ารักษา เสียชีวิต สูญเสียอวัยวะ แบบยกแผงโดยไม่เพิ่มเบี้ยประกัน เลขาธิการ คณะกรรมการกำกับและส่งเสริมการประกอบธุรกิจประกันภัย หรือ คปภ.สุทธิพล ทวีชัยการ บอกว่า คปภ.ได้เสนอผู้ประกอบการปรับจำนวนเงินความคุ้มครองของกรมธรรม์ประกันภัยสำหรับรถยนต์ กรณีได้รับบาดเจ็บ จากเดิมจะได้รับค่ารักษาพยาบาล 5 หมื่นบาทต่อคน เพิ่มเป็น 8 หมื่นบาทต่อคน ค่าสินไหมทดแทน กรณีเสียชีวิตหรือทุพพลภาพถาวร จากเดิม 2 แสนบาทต่อคน เพิ่มเป็น 3 แสนบาทต่อคน และกรณีสูญเสียอวัยวะจากเดิม 2 แสนบาท เพิ่มเป็น 2 แสน ถึง 3 แสนบาท โดยให้มีผลบังคับใช้ตั้งแต่วันที่ 1 เมษายนปีนี้ คำสั่งนี้จะมีผลครอบคลุมไปถึงผู้ที่ทำประกันภัยรถยนต์ทุกประเภท จึงถือเป็นของขวัญที่ คปภ. จะมอบให้กับประชาชนในเทศกาลสงกรานต์ปีนี้และได้รับความร่วมมือจากบริษัทประกันภัยให้ปรับจำนวนเงินความคุ้มครอง รวมถึงกรมธรรม์ประกันภัยเดิมที่ทำก่อนวันที่ 1 เมษายน 2559 ด้วย ทำให้ประชาชนได้รับอานิสงส์อย่างเต็มที่ Cr,"คปภ. ประกาศเพิ่มวงเงินคุ้มครองประกันภัยรถยนต์ภาคบังคับโดยไม่เพิ่มเบี้ยประกัน
วงเงินค่ารักษาพยาบาลเพิ่มจาก 50,000 บาท เป็น 80,000 บาทต่อคน
ค่าสินไหมทดแทนกรณีเสียชีวิตหรือทุพพลภาพถาวรเพิ่มจาก 200,000 บาท เป็น 300,000 บาทต่อคน
กรณีสูญเสียอวัยวะเพิ่มเป็นระหว่าง 200,000 ถึง 300,000 บาทต่อคน และมีผลตั้งแต่วันที่ 1 เมษายน 2559",eval,Hybrid,2016,14,4,3.5,0.5891028046607971,0.5828264156977335,0.4171735843022665
41053592,ถ้าเคยมีประวัติไปตรวจคัดกรองโรคในโรงพยาบาลมาก่อน จะมีโอกาสถูกปฎิเสธเคลมประกันชีวิตที่ซื้อในตอนหลังไหมครับ ตอนนี้อายุ 30 ครับ กำลังสนใจจะซื้อประกันสุขภาพ ตอนนี้กำลังเริ่มศึกษาอยู่ครับว่าจะไปแผนไหนดี ด้วยความที่ประกันสุขภาพ และอาจจะรวมถึงประกันแบบอื่นๆ ผมเข้าใจว่ามันเริ่มคุ้มครองภาย 30 120 วัน นับจากซื้อ สมมติว่าผ่านระยะรอคอยไปแล้ว ผมเกิดเป็นอาการอะไรสักอย่างที่ต้อง admit โดยด่วน เช่น หัวใจวายเฉียบพลัน แต่ก่อนจะซื้อประกัน ผมเคยมีประวัติไปตรวจ EKG กับทางโรงพยาบาลก่อนหน้าทุกๆปี เพราะคุณพ่อคุณแม่มีโรคประจำตัวเรื่องหัวใจทั้งคู่ครับเลยต้องไปตรวจ แบบนี้จะส่งผลให้มีความเสี่ยงในการถูกปฎิเสธยอดเคลมไหมครับ หรืออาจจะทำให้เราซื้อประกันชีวิตไม่ได้เลย ขอคำแนะนำหน่อยครับ,"การมีประวัติตรวจคัดกรองโรค เช่น EKG ที่โรงพยาบาล ไม่จำเป็นต้องนำไปสู่การปฏิเสธการเคลมประกันสุขภาพ
หากผ่านช่วงเวลาที่กำหนด เช่น 30 หรือ 120 วัน หลังซื้อประกันแล้ว การเจ็บป่วยฉุกเฉิน เช่น หัวใจวายเฉียบพลัน ก็ยังอาจได้รับความคุ้มครอง
การตรวจสุขภาพประจำปีเพื่อเฝ้าระวังโรคจากประวัติครอบครัวไม่ถือเป็นเหตุให้ถูกปฏิเสธการซื้อหรือเคลมประกันโดยตรง
บริษัทประกันจะพิจารณาตามเงื่อนไขและข้อมูลสุขภาพโดยรวม ไม่ใช่เพียงประวัติการตรวจเพียงอย่างเดียว",eval,Hybrid,2021,12,4,3.0,0.5560824871063232,0.5401739279429117,0.4598260720570882
38578009,ประกันรถ ผมทำประกันชั้น1ใว้ พอดีเกิดเหตุประมาณตี5 ผมถอยรถเพื่อที่จะจอดให้ชิดขอบฟุตบาทเพื่อที่จะลงไปซื้อของที่ 7 11 แต่มีมอไซค์ได้ขับมาทางตรงมาชนด้านแก้มหน้าขวาตรงล้อหน้า แล้วบาดเจ็บภายใน แล้วก็ผ้เรียกประกันมา แล้วไปโรงพักให้เราไปตรวจเลือดเพื่อตรวจแอลกอฮอล์ เพราะเราบอกว่าดื่มมาแล้วเลิกดื่มตั้งแต่ตี2 รอเวลาจะกลับบ้าน ปรากฏว่ามันขึ้ที่63 ทาง ตำรวจชี้ว่าเราผิดให้เรารับผิด ผมก็ถามว่าผมไม่ชนเค้าแต่เค้าขับมาชนผม ผมให้ประกันรับผิดชอบคนเจ็บ คำถามนะครับ 1. ประกันบอกว่าจะสำรองจ่ายให้คนเจ็บก่อนแล้วค่อยมาเรียกเก็บกับเราทีหลัง ค่ารักษาเป็นแสน เราผิดแล้วต้องจ่ายมั้ยครับ 2.กรณีแบบนี้แล้ารถเราที่เสียหายเราจะเข้าซ่อมได้มั้ย ประกันจะซ่อมให้เรามั้ย ผมขอถามแค่นี้ก่อนครับ รบกวนผู้รู้ช่วยแนะนำด้วยครับ ตอนนี้เครียดมาก ทำประกันใว้แต่เราต้องมารับผิดชอบ อีกหรอ ทั้งคนเจ็บทั้งรถ,"ผู้ร้องเรียนถอยรถเพื่อจอดชิดฟุตบาทเมื่อเวลาประมาณตี 5 แต่ถูกรถจักรยานยนต์ชนด้านหน้าขวาขณะกำลังจอด
มีอาการบาดเจ็บภายใน และถูกนำส่งโรงพยาบาลเพื่อตรวจแอลกอฮอล์ เนื่องจากเคยดื่มเบียร์มาแต่เลิกดื่นตั้งแต่ตี 2
ตำรวจระบุว่าผู้ร้องเรียนเป็นฝ่ายผิดในการชน แม้ผู้ร้องเรียนระบุว่าไม่ได้ชนรถคู่กรณีแต่เป็นรถคู่กรณีขับมาชนตน
ผู้ร้องเรียนสอบถามถึงความรับผิดชอบในการชดใช้ค่ารักษาพยาบาลที่อาจสูงถึงแสนบาท และการซ่อมรถที่เสียหายว่าจะได้รับความคุ้มครองจากบริษัทประกันหรือไม่",eval,Hybrid,2019,14,4,3.5,0.4403648972511291,0.5055874188741047,0.4944125811258952
30991350,เพื่อนๆคนไหน เคยเบิกค่ารักษากับAIA แล้วเบิกไม่ได้กันบ้างมั๊ยคะ แล้วทำยังไงกันต่อคะ สาเหตุที่เค้าไม่จ่าย ส่วนใหญ่เป็นเรื่องอะไรกันบ้างคะ แล้วพอเค้าไม่จ่าย แล้วเราต้องดำเนินการยังไงกันต่อบ้างคะ มีโอกาสที่จะได้เงินคืนมั๊ยคะ สาเหตุที่ไม่จ่าย กรณีของเรายังไม่ทราบ ตัวแทนบอกจะเข้าไปดูเอกสารให้ค่ะ เราอยากรู้ว่าปกติAIAเค้าปฏิเสธการจ่ายเงิน เค้าไม่แจ้งผู้เอาประกันโดยตรงไม่มั๊ยคะ ต้องแจ้งผ่านตัวแทนเท่านั้นใช่ม๊ยคะ ถามวกวนไปหน่อยนะคะ เพราะตกใจกับคำตอบที่ได้รับจากตัวแทน เพราะไม่คิดว่าจะเบิกไม่ได้ค่ะ ขอบคุณล่วงหน้าสำหรับคำตอบค่ะ,"ผู้ร้องเรียนสอบถามถึงปัญหาการเบิกจ่ายที่ไม่สำเร็จ
ระบุว่ายังไม่ทราบสาเหตุที่ทำให้การจ่ายเงินล่าช้าหรือไม่เกิดขึ้น
สอบถามแนวทางในการดำเนินการเมื่อเกิดกรณีดังกล่าว
รวมถึงความเป็นไปได้ในการได้รับเงินคืนในสถานการณ์นี้",eval,Hybrid,2013,12,4,3.0,0.4467884302139282,0.557279109954834,0.442720890045166
41552448,ใครทำประกันของโตเกียวมารีนแผนเหมาจ่ายกู๊ดเฮลธ์อยู่บ้างคะ ดีไหมคะ 100 ให้เท่าไหร่กันกับบริษัทนี้ ใครทำประกันสุขภาพเหมาจ่าย ของโตเกียวมารีนอยู่บ้างคะ ถึงเวลาจะใช้สิทธิ์จริงๆยุ่งยากไหม และเคลมยากไหม มีปัญหายากๆบ้างไหม เราพึ่งสมัครกรมธรรม์ไป จ่ายรายเดือน ใช้ตัวเหมาจ่าย กู๊ด เฮลธ์ ทำครั้งแรกค่ะ แอบกังวลหน่อยๆค่ะ แต่ดูเปรียบเทียบมาหลายเจ้าแล้ว คิดว่าข้อเสนอบริษัทนี้ค่อนข้างน่าสนใจค่ะ ใครมีอะไรดีไม่ดีแลกเปลี่ยนกันได้ค่ะ หรือ ใครมีประกันแบบไหนดีๆ แนะนำไว้ได้ค่ะ ขอบคุณค่ะ,"ผู้ร้องเรียนสอบถามประสบการณ์การใช้บริการแผนประกันสุขภาพเหมาจ่ายจากโตเกียวมารีน ชื่อ ""กู๊ดเฮลธ์""
ต้องการทราบข้อมูลเกี่ยวกับวงเงินค่ารักษาพยาบาล 100 บาท และความสะดวกในการใช้สิทธิ์
สอบถามถึงความยากง่ายในการเคลมและปัญหาที่อาจพบเจอระหว่างใช้บริการจริง
เนื่องจากเพิ่งสมัครกรมธรรม์ครั้งแรก จึงต้องการข้อมูลเพื่อประกอบการตัดสินใจ",eval,Hybrid,2022,11,4,2.75,0.5648348331451416,0.3989137013753255,0.6010862986246746
35993757,ตอนนี้รถเกิดอุบัติเหตุ ตกหลุม เป็นที่ทางสาธารณะ แต่ 7 11 ลาดยางมะตอยหน้าร้านเพื่อให้คนมาจอด คือว่ารถบรรทุก 6 ล้อผม ตกหลุมที่เป็นยางมะตอย อยู่ต่างจังหวัด โดยเป็นที่ทางสาธารณะที่ 7 11 มาทำเอาไว้ แต่ทำไม่ได้มาตรฐาน คือ เอาไม้แผ่นปูข้างล่างแล้วเอาดินทับและลาดยาง ปัญหาคือ รถของผมรถแวะจอดเพื่อเข้าไปซื้อของใน 7 11 และอยู่ดีๆยุบตกลงไปครึ่งล้อ ก็ต้องเรียกประกันมาดูความเสียหาย ประกันประเภท 1 ก็จัดการเสร็จอะไรเสร็จ ทาง 7 11 ไปแจ้งความตำรวจให้ผมชดใช้ค่าเสียหาย และประกันชั้น 1 บอกว่า ไม่จ่ายเพราะอยู่ใต้ดิน .ผมต้องจ่ายเอง. กรณีนี้ที่เกิดขึ้น รถวิ่งปกติบนผิวดิน และอยู่ดีพื้นยุบ รถผมเสียหายไปส่วนหนึ่งก็เสียดายรถแล้ว ค่ารถยก ประกันก็จ่ายแค่ 20 ผมต้องจ่ายอีก 2 พันกว่าบาทค่ารถยก ยังต้องมาเจอแจ้งความแบบนี้ อยากทราบว่าผมจะทำยังไงดีครับ ประกันภัยไม่ครอบคลุมเหรอครับ แล้วกรณีนี้สร้างไม่ได้มาตรฐานบนที่สาธารณะ ผมจะทำยังไงได้บ้างครับ กลุ้มใจครับ ขอบคุณครับ,"รถของผู้ร้องประสบอุบัติเหตุขณะจอดหน้าร้าน 7-Eleven ที่มีหลุมเกิดจากงานปรับพื้นถนนที่ดำเนินการโดยร้าน
พื้นที่ดังกล่าวเป็นทางสาธารณะ แต่ถูกปรับปรุงด้วยวัสดุไม่เหมาะสม เช่น ไม้แผ่นรอง ดินคลุม และการลาดยางที่ไม่ได้มาตรฐาน
หลุมดังกล่าวทำให้รถของผู้ร้องยุบตัวลงครึ่งล้อ ส่งผลให้เกิดความเสียหายต่อรถ
ผู้ร้องระบุว่าประกันชั้น 1 ปฏิเสธการเคลมเนื่องจากเหตุการณ์เกิดใต้ดิน และทาง 7-Eleven ได้แจ้งความดำเนินคดีกับผู้ร้องให้ชดใช้ค่าเสียหาย",eval,Hybrid,2017,12,4,3.0,0.5156069397926331,0.6428639888763428,0.3571360111236572
41408304,ประกันซิกน่า ยกเลิกประกันเราเอง ทำอย่างไรดี ขอคำแนะนำหน่อยค่ะ เจอแบบนี้ควรทำยังไงดี เราสมัครซิกน่าประกันสุขภาพไว้ตั้งแต่ ปี 2561 และจ่ายค่าประกันตลอด จ่ายโดยหักอัติโนมัติกับบัญชีธนาคารทหารไทย ทุก 6 เดือน เคยมีเหตุการณ์ที่เปลี่ยนไปตัดโดยบัตรเครดิต แต่มีปัญหา และเจ้าหน้าที่ซิกน่าก็โทรมาแจ้ง จึงเปลี่ยนไปตัดบัญชีธนาคารตามเดิม และเมื่อปีที่แล้ว มีเหตุการ์ที่ ธนาคารทหารไทย ไปรวมกับ ธนชาติ และเปลี่ยนชื่อแบงค์เป็น TTB จาก TMB ทำให้ระบบทางซิกน่า เข้าใจว่า เราปิดบัญชีธนาคารหนี แต่ทั้งๆที่เลขบัญชีมันก็เลขเดิมเลย แค่ธนาคารเปลี่ยนชื่อ และซิกน่าไม่มีการโทรมาแจ้งเราว่า ไม่สามารถเก็บค่าประกันได้ พอมาปี 2565 เราไปตรวจสอบถึงเพิ่งทราบว่า ซิกน่ายกเลิกประกันเราด้วยเหตุผลที่ว่า เราไม่จ่ายค่าประกัน ตอนนี้เราติดต่อเจ้าหน้าที่แล้ว และเจ้าหน้าที่ บอกจะติดต่อกลับภายใน 3 วัน แต่ ผ่านมา 1 สัปดาห์ ยังเงียบกริบ. ควรทำอย่างไรดีคะ,"บริษัทประกันซิกน่ายกเลิกกรมธรรม์ประกันสุขภาพของผู้ร้องเรียนโดยอ้างว่าไม่ได้ชำระค่าเบี้ยประกัน
ทั้งที่ผู้ร้องเรียนจ่ายค่าเบี้ยอย่างต่อเนื่องผ่านบัญชีธนาคารทหารไทยมาตั้งแต่ปี 2561 โดยมีการเปลี่ยนแปลงชื่อธนาคารเป็น TTB แต่เลขบัญชียังคงเดิม
บริษัทไม่ได้มีการแจ้งเตือนหรือติดต่อสอบถามก่อนยกเลิกกรมธรรม์ แม้เกิดปัญหาจากการเปลี่ยนแปลงชื่อธนาคาร
ผู้ร้องเรียนติดต่อเจ้าหน้าที่แล้วแต่ไม่ได้รับการตอบกลับภายในระยะเวลาที่ระบุไว้",eval,Hybrid,2022,13,4,3.25,0.4431360363960266,0.5331354141235352,0.4668645858764648
37613721,มีใครโดนโกงเกี่ยวกับการทำประกันชั้น1บ้าง ผมโดนโกงคือทำประกันกับตัวแทนของบ.ประกัน วิ ที่สาขาพัทยา จ่ายเงินได้รับกรมธรรณ ได้ฟรีพรบ.ตามปกติเลย แต่พอสิ้นปีจะไปต่อของบ.เดิมกับพบว่าปีที่แล้วไม่มีการคุ้มครอง โดยทาง บ.ไหญ่แจ้งว่าในระบบมีการถอนยกเลิกกรมธรรณ แล้วรับเงินคืนส่วนที่อายุกรมธรรณยังไม่หมด ทำไห้ผมถือเอกสารกรมธรรณ ที่ไม่มีการคุ้มครอง แล้วแบบนี้ผมจะเรียกร้องอะไรกับสาขาได้บ้าง ช่วยแนะนำหน่อย,"ผู้ร้องเรียนระบุว่าได้ทำประกันชั้น 1 กับตัวแทนบริษัท วิ ที่สาขาพัทยา และได้รับกรมธรรม์พร้อมบริการพรบ. ฟรีตามปกติ
เมื่อต่ออายุกรมธรรม์ในปีถัดมา กลับพบว่ากรมธรรม์ปีก่อนหน้าถูกยกเลิกโดยไม่แจ้งเตือน และระบบแสดงว่ามีการคืนเงินส่วนที่ยังเหลืออยู่
ผู้ร้องเรียนจึงมีเอกสารกรมธรรม์ที่ไม่มีผลคุ้มครองจริง และไม่ทราบเหตุผลการยกเลิก
เขาจึงสอบถามแนวทางในการเรียกร้องความรับผิดชอบจากสาขาที่ให้บริการเดิม",eval,Hybrid,2018,12,4,3.0,0.5010510087013245,0.4902577400207519,0.509742259979248
37426750,เคยจ่ายเบี้ยประกันเพิ่มกันแค่ไหนครับ ถ้าโดนเพิ่มมากๆ ต่อรองได้ไหม ขับรถได้ 9 เดือน เคลมไป 3 ครั้ง 1. เครมสี กับ เคาะตัวถัง 1.1 ครูดกันชนหน้า 1.2 ครูดกันชนหลัง 1.3 ครูดกระจกมองข้างขวา 1.4 บรรไดข้างซ็าย บุบ 1.5 ประตูหน้าซ้าย บุบ 1.6 ประตูหลัง บุบ 1.4 1.5 1.6 ชนครั้งเดียวกันแถวบันไดนั่น รอยใหญ่หน่อย 2. เคลมกระจกมองข้างขวา ทั้งบาน ยกเว้นฝาครอบกระจก 3. เคลมพรมพื้นเปียกน้ำลุยน้ำตอนฝนตกน้ำท่วม ประกันขั้น 1 ซ่อมห้าง วรย. ยี่ห้อรถตาม tag เบี้ยประกันปีแรก sale แถมมาให้ ยอดก่อนลด 19 xx หลังหักส่วนลดเหลือ 162xx ภาษี 17500 เบี้ยใหม่จะประมาณกี่บาทครับ ปล. ลงรูปไม่ได้ ยังไม่ได้ลงทะเบียนสมาชิก login เก่าโดนยึด เพราะพิมพ์คำว่าซื้อ ขายไป 2 ครั้ง โดยไม่ไปตั้งในกระทู้ขายของ ไม่ได้ตั้งใจขายจริงๆจังๆ,"ผู้ร้องเรียนแจ้งเคลมรถ 3 ครั้ง รวมถึงรอยขีดข่วนกันชนหน้า-หลัง กระจกมองข้างขวา และบุบบริเวณประตูและบันไดด้านซ้าย
ขอเคลมกระจกมองข้างขวาทั้งบาน ยกเว้นฝาครอบ และพรมพื้นที่เปียกจากน้ำท่วม
ระบุเบี้ยประกันขั้นต้นก่อนหักส่วนลดอยู่ที่ประมาณ 19,xxx บาท หลังหักเหลือ 16,2xx บาท พร้อมภาษี 17,500 บาท
สอบถามเบี้ยประกันฉบับใหม่โดยระบุว่ายังไม่สามารถอัปโหลดรูปภาพได้เนื่องจากยังไม่ได้ลงทะเบียนสมาชิก",eval,Hybrid,2018,13,4,3.25,0.5134790539741516,0.4964803457260132,0.5035196542739868
39729689,ใครเคยต่อ ประกันรถ ของบริษัทภูมิใจโปรเฟสชันแนลคาร์ บ้างคะ ประกันภัยรถ บ.ภูมิใจฯ เราต่อ บ.นี้ปีที่2แล้ว ไม่มีการเคลมอะไรทั้งสิ้นตั้งแต่ปีแรก เราลองหาข้อมูล บริษัทนี้ในgoogle ดู มันคือบ.ขายรถมือสอง ไม่ทีข้อมูลการต่อประกันภัยเลย เราเลยกลัวว่าถ้าเกิดอุบัติเหตุขึ้น เราจะไม่ได้ค่าเคลมตามที่เขาแจ้งมาในหนังสือฯ จึงขอสอบถามเพื่อนๆ ว่ามีใครเคยต่อประกัน กับบริษัทนี้บ้าง ขอบคุณค่ะ,"ผู้ร้องเรียนต่ออายุกรมธรรม์ประกันภัยรถยนต์กับบริษัทภูมิใจโปรเฟสชันแนลคาร์ มาแล้ว 2 ปี โดยไม่มีการเคลมใด ๆ
บริษัทดังกล่าวมีข้อมูลการดำเนินงานด้านประกันภัยบนเว็บไซต์น้อยมาก และมีลักษณะธุรกิจหลักเป็นผู้ขายรถมือสอง
ผู้ร้องเรียนกังวลว่าหากเกิดอุบัติเหตุอาจไม่ได้รับค่าชดเชยตามที่ระบุไว้ในกรมธรรม์
จึงขอสอบถามประสบการณ์จากผู้ใช้บริการรายอื่นเพื่อยืนยันความน่าเชื่อถือของบริษัท",eval,Hybrid,2020,11,4,2.75,0.3684617280960083,0.5175745089848836,0.4824254910151164
38497359,คนไทยชอบช่วยเหลือและบริจาค แต่ไม่ชอบทำประกัน หลายครั้งที่เห็นโพสตามเฟสบุค เกี่ยวกับการขอความช่วยเหลือการรับบริจาคคนประสบอุบัติเหตุ หรือมีโรคร้าย ซึ่งพอมีคนแชร์ต่อไปบ้านเมืองประเทศเรา เป็นคนมีน้ำใจมากครับช่วยกันแชร์ช่วยกันบริจาคจนยอดเหลือเฝือ ซึ่งมันเป็นเรื่องที่ดีของคนไทยครับรวมถึงในครอบครัวผมด้วย แต่พอได้มาคิดว่าถ้าวันนึงมันเป็นเราล่ะ หรือคนรอบๆตัวที่เรารักแล้ว้าเราโพยขอความช่วยเหลือแบบนี้ จะมีคนมาช่วยเรามากน้อยแค่ไหนกัน แต่พอดีว่าผมเองได้เข้ามาทำงานตัวแทนเลยคิดได้ว่า นี่มันหลักเดียวกับประกันเลยนี่หว่า เราแบ่งเงินส่วนน้อยของเราเข้ากองกลาง หรือบริษัทประกัน พอเราเดือดร้อนบริษัทเค้าก็จ่ายให้เรา บางคนมาคิดว่าทำประกันคุ้มไม่คุ้ม แต่พอทำช่วยคนอื่นเราสบายใจ ค่าเบี้ยประกันที่จ่ายไปของเราถ้าเราไม่ใช้คนอื่นก็ใช้ครับ มันก็เหมือนได้ช่วยคนอื่นเหมือนกัน หรือ้าเราได้ใช้เองก็เหมือนคนอื่นมาช่วยเราโดยที่เราไม่ต้องไปขอร้อง ความช่วยเหลือจากใคร โพสนี้ไม่รู้จะมีคนอ่านมากแค่ไหน แต่อยากให้ทัศนคติของคนไทยที่มองประกันดีขึ้น สมัยก่อนอาจมีปัญหาตัวแทนโกงค่าเบี้ยแต่สมัยนี้จ่ายธุรกรรมออนไลน์ หรือผ่านธนาคารได้หมดแล้ว อัตราการทำประกันชีวิตในต่างประเทศที่เจริญแล้วสูงกว่า100 คือ1คนมีมากกว่า1เล่ม แต่ในไทยยังแค่ประมาน30 40 ยังไงลองฝากให้คิดดูกันนะครับ,"การบริจาคเพื่อช่วยเหลือผู้ประสบภัยสะท้อนให้เห็นถึงจิตสำนึกและความเมตตาของคนไทย
ผู้ร้องเรียนเปรียบเทียบกลไกการบริจาคกับระบบประกันว่าทั้งสองมีหลักการทำงานคล้ายกันคือการรวมทรัพยากรเพื่อช่วยเหลือกันในยามจำเป็น
ค่าเบี้ยประกันที่จ่ายไปอาจไม่ได้ใช้เอง แต่ก็เป็นการช่วยเหลือผู้อื่นในเวลาเดียวกัน
ปัจจุบันระบบการทำธุรกรรมประกันได้รับความโปร่งใสและปลอดภัยมากขึ้นจากการเปลี่ยนมาใช้ช่องทางออนไลน์และธนาคาร",eval,Hybrid,2019,12,4,3.0,0.5022686123847961,0.5352506637573242,0.4647493362426758
34098087,ตามหาพี่เจ้าของ toyota wish สีดำทะเบียน ษห 79xx พอดีชนกันบนทางด่วนบูรพาวิถีวันนี้ แล้วรีบแยกย้ายเพื่อไปรอประกันข้างล่างที่ โลตัสบางนา กม.12 แต่ด้วยความรีบร้อนลืมแลกเบอร์โทรศัพท์กัน เมื่อลงมาแล้วจึงคลาดกัน ทางผมเซ็นยอมรับผิดกับประกัน และเปิดเคลมไว้รอเรียบร้อยแล้ว ทางพี่ให้ประกันติดต่อมาจากทางทะเบียนรถผมได้เลย เกรงว่าจะเข้าใจผิดว่าหลบหนีครับ ขอบคุณครับ,"ผู้ร้องเรียนพบเหตุการณ์ชนกันบนทางด่วนบูรพาวิถีกับรถยนต์โตโยต้า วิช สีดำ ทะเบียน ษห 79xx
ทั้งสองฝ่ายแยกย้ายไปรอเจรจาเคลมกับบริษัทประกันที่โลตัสบางนา กม.12 โดยไม่ได้แลกเบอร์โทรศัพท์กัน
ผู้ร้องเรียนได้เซ็นยอมรับผิดและเปิดเคลมไว้เรียบร้อยแล้ว
ขอให้ฝ่ายตรงข้ามติดต่อจากทะเบียนรถเพื่อป้องกันความเข้าใจผิดว่าหลบหนี",eval,Hybrid,2015,9,4,2.25,0.7099922895431519,0.4657684961954752,0.5342315038045248
39314913,ประกันสุขภาพ ประกันชีวิต เบาหวาน ตับ ไต พ่ออายุ 56 ปี ป่วยเป็นเก๊า ตอนนี้เพิ่งตรวจเจอ เบาหวาน ตับ ไต ระยะแรก เคยทำประกันของไทยประกันชีวิต แต่เลิกทำมาแล้ว สองปี เนื่องจากเคลมอะไรไม่ได้เลย ตอนนั้นพ่อป่วยเป็นแค่โรคเก๊าค่ะ ตอนนี้อยากทำประกันสักตัว ขอชื่อประกันเลยยิ่งดีค่ะ ไม่สะดวกโทรคุย แต่ถ้าสนใจจะติดต่อไปเองค่ะ ตอนนี้กำลังไล่อ่านว่ามีประกันตัวไหนที่พ่อทำได้บ้าง แนะนำด้วยค่ะ ขอบคุณค่ะ,"ผู้ร้องเรียนต้องการหากรมธรรม์ประกันสุขภาพและประกันชีวิตสำหรับบิดาอายุ 56 ปี ที่เพิ่งตรวจพบว่ามีภาวะเบาหวาน ตับ และไตในระยะแรก
บิดามีประวัติเคยทำประกันกับไทยประกันชีวิตแต่เลิกทำเนื่องจากเคยเคลมไม่ได้เมื่อป่วยเป็นโรคเก๊า
ผู้ร้องเรียนต้องการคำแนะนำหรือชื่อผลิตภัณฑ์ประกันที่สามารถรองรับผู้ป่วยโรคเรื้อรังเหล่านี้ได้
ขอข้อมูลอย่างเป็นกลางเพื่อประกอบการตัดสินใจในการทำประกันใหม่",eval,Hybrid,2019,10,4,2.5,0.5766974091529846,0.3573652903238932,0.6426347096761068
35401594,ประกันชั้น1ที่ได้ฟรีจากตอนออกรถใหม่ ครบ1ปีจะเปลี่ยนบริษัทประกันได้ไหมคะ สวัสดีค่ะ พอดีพึ่งซื้อรถยนต์มาได้ยังไม่ถึง 1 ปีเต็ม ยังเป็นมือใหม่ไม่ค่อยรู้เรื่องเกี่ยวกับรถมากสักเท่าไหร่ ส่วนใหญ่ก็ไม่ค่อยจะได้ใช้รถ นานๆทีออกต่างจังหวัดจะได้ใช้สักที เข้าเรื่องเลยแล้วกัน เนื่องจากว่าเดือนตุลาที่จะถึงนี้รถก็จะครบ 1 ปีแล้ว เลยอยากทราบว่าถ้าจะเปลี่ยนบริษัทประกันไม่ต่อบริษัทเดิมได้เลยไหม และข้อที่ 2 คือ รถมีรอยข่วนเนื่องจากแถวบ้านแมวเยอะมากและไม่รู้เป็นอะไรชอบปีนขึ้นรถตลอดๆ และยังมีรอยที่เบียดกับประตูรั้ว ขอบถนน ฯ แต่เป็นรอยเล็กๆ น้อย ๆ น่ะค่ะ ที่ไม่เคลมตอนที่โดนเพราะกลัวว่าสีจะไม่เท่ากันเลยคิดว่าจะเคลมรอบคันก่อนประกันจะหมดทีเดียว คือสามารถทำได้หรือป่าวคะที่จะเคลมรอบคันแล้วเราสามารถทำที่ศูนย์ได้ไหม พอมีบริษัทประกันไหนที่เหมาะกับรถของหนูไหมเนื่องจากไม่ค่อยได้ใช้เลยจริงๆ ขอบคุณล่วงหน้านะคะ ปล.ถ้าเลือกผิดห้องขออภัยด้วยนะคะ,"สามารถเปลี่ยนบริษัทประกันได้หลังครบ 1 ปี โดยไม่จำเป็นต้องต่อประกันกับบริษัทเดิม
มีรอยข่วนและรอยเบียดเล็กน้อยจากแมวและสภาพแวดล้อม แต่ยังไม่เคลมไว้เนื่องจากกังวลเรื่องสีไม่เท่ากัน
ต้องการสอบถามว่าสามารถเคลมความเสียหายทั้งคันในครั้งเดียวได้หรือไม่ ก่อนหมดอายุกรมธรรม์
สอบถามถึงความเหมาะสมของบริษัทประกันสำหรับรถที่ใช้งานน้อย และสามารถดำเนินการเคลมได้ที่ศูนย์บริการ",eval,Hybrid,2016,11,4,2.75,0.6425411105155945,0.3722418546676636,0.6277581453323364
37932272,ทำประกันสุขภาพลูกชาย Unit link จ่ายเบี้ยปีล่ะ 29 xx แต่ไม่ได้ความคุ้มครอง 44 โรคร้ายแรง และ 6 โรคร้ายแรง เพราะตอนแรกที่คิดเบี้ยกับตัวแทนประกันไว้ตกปีล่ะ 27 xx พอส่งเอกสารไปทางพิจารณาเค้าตรวจสอบข้อมูลแล้วพบว่าน้องเคยเข้าโรงบาลมาแล้ว 3 ครั้ง แต่นอนพักรักษาตัวไป 2 ครั้ง ซึ่งเราก็แจ้งในเอกสารเรียบร้อยเพราะคิดว่ายังไงประกันต้องทราบอยู่ดี ประกันเลยเพิ่มเบี้ย จากที่จ่ายปีล่ะ 27 xx เป็น 40 xx ตัวแทนเรยเสนอว่าให้เราไม่ได้รับความคุ้มครองโรคร้ายแรงไหม และไม่ได้ค่าชดเชยรายวัน วันละ 100 เบี้ยก็จะอยู่ที่ปี ล่ะ 2900 คือเราคิดหนักมากว่าจะทำต่อดีไหม แต่เรารู้สึกว่าเราไม่คุ้ม เพราะเราต้องจ่ายปีล่ะ 2900 รายได้ต่อเดือนไม่มากแบบเราก็ถือว่าเยอะพอสมควรสู้เราไปจ่ายประกันที่เป็นเบี้ยเสียทิ้งแบบที่เบี้ยตกปีล่ะไม่เกิน 2000 ไม่ดีกว่าหรอค่ะ รบกวนขอความเห็นหน่อยค่ะ หรือคุณพ่อคุณแม่บ้านไหนที่ทำประกันอยู่ช่วยแนะนำประกันให้เราทีค่ะ ที่เบี้ยไม่แพงมาก หรือตัวแทนประกันท่านไหนก็ได้ค่ะเราอยู่ชลบุรี ขอบคุณล่วงหน้าค่ะ,"ผู้ร้องเรียนทำประกันสุขภาพลูกชายแบบ Unit Link ด้วยเบี้ยปีละ 29,xxx บาท แต่ไม่ได้รับความคุ้มครองโรค 44 และ 6 โรคร้ายแรง
เนื่องจากมีประวัติเข้ารับการรักษาในโรงพยาบาล 2 ครั้ง ทำให้บริษัทประกันเพิ่มเบี้ยเป็นปีละ 40,xxx บาท
ตัวแทนเสนอให้ลดความคุ้มครองเหลือไม่ได้รับเงินชดเชยรายวันและไม่ครอบคลุมโรคร้ายแรง เพื่อรักษาราคาเบี้ยไว้ที่ปีละ 2,900 บาท
ผู้ร้องเรียนรู้สึกว่าราคาเบี้ยที่จ่ายสูงกว่าความคุ้มครองที่ได้ และต้องการคำแนะนำประกันที่มีเบี้ยไม่แพงมาก",eval,Hybrid,2018,9,4,2.25,0.665635883808136,0.7766513029734293,0.2233486970265706
39818281,อยากทราบขั้นตอนการพิจารณาการตอบรับความคุ้มครองประกันสุขภาพของ KrungThai AXA สวัสดีค่ะ จขก ได้ทำการสมัครประกันสุขภาพ i Healthy ผ่านตัวแทนประกันของ KrungThai AXA ให้กับคนในครอบครัวไปค่ะ ได้ทำการส่งเอกสารสมัครประกัน พร้อมเอกสารยินยอมการชำระเบี้ยประกันผ่านบัตรเครดิตไปกับทางตัวแทน ตอนนี้บัตรเครดิตถูกตัดเบี้ยประกันไปเป็นที่เรียบร้อยแล้วเต็มจำนวน ได้ทำการสอบถามไปยังตัวแทนว่า ได้รับความคุ้มครองแล้วหรือไม่ ตัวแทนตอบกลับมาว่า ยังอยู่ในขั้นตอนพิจารณา ประกันยังไม่อนุมัติ ระหว่างนี้คุ้มครองแค่เฉพาะกรณีอุบัติเหตุ จะทำการยืนยันว่าอนุมัติความคุ้มครองหลังจากการตรวจสุขภาพ จึงอยากทราบว่าการหักเงินค่าเบี้ยก่อนได้รับความคุ้มครองนั้น เป็นขั้นตอนปกติของการพิจารณาการรับประกันหรือไม่คะ ในกรณีที่ไม่ตอบรับความคุ้มครองประกันจะทำอย่างไรคะ ได้สอบถามไปทางตัวแทนแล้วแต่ไม่ได้รับคำตอบ แถมทำเป็นไม่อ่านไลน์ ติดต่อไม่ได้ด้วยค่ะ สอบถามไปทางบริษัทก็บอกว่าจะติดต่อกลับมา ผ่านมา 3 วันแล้วแต่ก็ยังไม่ได้รับการติดต่อกลับค่ะ ขอคำแนะนำด้วยค่ะ,"ผู้ร้องได้สมัครประกันสุขภาพ i Healthy ผ่านตัวแทน KrungThai AXA และส่งเอกสารพร้อมยินยอมชำระเบี้ยผ่านบัตรเครดิตเรียบร้อย
บัตรเครดิตถูกหักเบี้ยประกันเต็มจำนวนแล้ว แต่ตัวแทนแจ้งว่ายังไม่อนุมัติความคุ้มครองและอยู่ระหว่างพิจารณา
ความคุ้มครองในช่วงนี้จำกัดเฉพาะกรณีอุบัติเหตุ และจะยืนยันการอนุมัติหลังตรวจสุขภาพ
ผู้ร้องสอบถามข้อมูลเพิ่มเติมแต่ไม่ได้รับคำตอบจากตัวแทนมาเป็นเวลา 3 วันแล้ว",eval,Hybrid,2020,9,4,2.25,0.724972665309906,0.5119934876759846,0.4880065123240154
34700093,ขอปรึกษาเรื่องต่อประกันปีที่2ครับผม ประกันปีที่แล้วผมใช้ของกรุงเทพ เุบี้ยประกัน2100 ทุนประกัน 73000 บาท กำลังจะหมดวันที่ 6 มีนาคมนี้ครับ มีเคลมผิดครั้งนึงครับทีนี้มีโบรกเกอร์บริษัท silkspan ติดต่อมาเสนอประกันวิริยะรวมพรบ. 20600บาท ทุน 73000 บาทเท่าปีที่แล้วเลย ที่ผมเข้าใจคือทุนประกันมันจะลดลงทุกปี ผมเลยโทรไปถามว่าจะได้ทุนเท่าปีแล้วจริงเหรอ โบรกเกอร์บอกผมว่าจะได้เท่านี้จริง เพียงแต่ ถ้าประกันที่ใหม่ขอสำเนากรมธรรม์ อย่าไปให้ ให้บอกไปเลยว่าหาย ผมเลยอยากทราบว่าทำแบบนี้ได้จริงเหรอครับ ต่อประกันที่ใหม่ ไม่ต้องให้สำเนากรมธรรม์ก็ได้ใช่มั้ยครับ แล้วทุนประกัน ผมจะได้เท่าปีแรกจริงเหรอครับ หรือว่าผมกำลังถูกหลอกครับ ยังไงขอคำแนะนำด้วยนะครับ ขอบคุณครับผม,"ทุนประกันที่ได้รับในปีนี้เท่ากับปีก่อนหน้า ซึ่งขัดแย้งกับความเข้าใจว่าทุนควรลดลงทุกปี
ผู้ให้บริการประกันแนะนำให้ปฏิเสธการให้สำเนากรมธรรม์เมื่อขอต่อประกันฉบับใหม่ โดยอ้างว่าให้บอกว่าหาย
ผู้ร้องเรียนสอบถามว่าสามารถต่อประกันโดยไม่ต้องส่งสำเนากรมธรรม์ได้จริงหรือไม่ และทุนที่ได้จะเท่ากับปีแรกตลอดไปหรือไม่
ผู้ร้องเรียนกังวลว่าอาจถูกหลอกหรือได้รับข้อมูลที่ไม่ถูกต้องจากเจ้าหน้าที่",eval,Hybrid,2016,11,4,2.75,0.5677841305732727,0.5048506259918213,0.4951493740081787
36720228,ท่อน้ำดีโป่งพอง เป็นแต่กำเนิดเพียงอย่างเดียวเท่านั้น หรือสามารถเป็นได้เมื่ออายุมากขึ้น อยากทราบว่า ท่อน้ำดีโป่งพอง คือภาวะการเจ็บป่วยที่เป็นมาแต่กำเนิดเพียงอย่างเดียวเท่านั้นหรือคะ โรคนี้สามารถเกิดขึ้นเองภายหลังได้หรือไม่ สืบเนื่องจากลูกสาวมีภาวะอาการปวดท้องอย่างรุนแรงหลังรับประทานอาหาร ตอนอายุ 1 ขวบ 10 เดือน โดยที่ไม่เคยปวดท้องแบบนี้มาก่อนเลยตั้งแต่เกิด จึงพาไปพบแพทย์ สุดท้ายตรวจพบว่าเป็นท่อน้ำดีโป่งพอง ต้องทำการผ่าตัดส่องกล้อง นอนโรงพยาบาลเกือบเดือน เนื่องจากลูกสาวมีประกันชีวิตเราจึงทำเรื่องเคลมสินไหมทดแทน ทางประกันชีวิตปฏิเสธการเคลมโดยให้เหตุผลว่า เป็นโรคที่เป็นมาแต่กำเนิด ระบุว่าเป็น Choledochal cyst แต่ทางเราไม่เคยทราบมาก่อนว่าลูกสาวเป็นโรคนี้ ทางโรงพยาบาลที่ทำการผ่าคลอดก็ไม่ได้ระบุหรือแจ้งว่าเป็นโรคนี้แต่อย่างใด ลูกสาวไม่เคยมีอาการตัวเหลือง ไม่เคยมีอาการปวดท้อง การเจ็บป่วยที่เคยเป็นมีเพียงคอและทอลซินอักเสบ จึงอยากสอบถามว่าโรคท่อน้ำดีโป่งพอง คือโรคที่เป็นแต่กำเนิดเท่านั้นหรือ ถ้าไม่ใช่เราจะสามารถหาข้อเท็จจริงได้อย่างไรว่าลูกเราเป็นโรคนี้ตั้งแต่ตอนไหน ขอบคุณค่ะ,"ลูกสาวของผู้ร้องเรียนถูกวินิจฉัยว่าเป็นท่อน้ำดีโป่งพองหลังมีอาการปวดท้องรุนแรงครั้งแรกเมื่ออายุ 1 ขวบ 10 เดือน
โรคนี้ไม่เคยมีอาการแสดงมาก่อน เช่น ตัวเหลืองหรือปวดท้อง และไม่มีการแจ้งเตือนจากโรงพยาบาลขณะคลอด
ผู้ร้องเรียนจึงไม่ทราบมาก่อนว่าลูกเป็นโรคที่อาจเกิดมาแต่กำเนิด และไม่สามารถยืนยันได้ว่าโรคนี้มีอยู่ตั้งแต่แรกเกิด
บริษัทประกันชีวิตปฏิเสธการเคลมโดยอ้างว่าเป็นโรคที่เป็นมาแต่กำเนิด ซึ่งผู้ร้องเรียนขอความช่วยเหลือในการตรวจสอบข้อเท็จจริงเพิ่มเติม",eval,Hybrid,2017,14,4,3.5,0.4684838652610779,0.4536674817403157,0.5463325182596843
39425389,อยากจะเปลี่ยนบัตรเดบิตมีประกันพ่วงมาด้วยมาเป็นบัตรทำธรรมดาได้ไหมคะscb คือ สมัครเปิดบัญชีมาได้เเค่2 3วันส่วนบัตรทำเป็นเเบบประกันอุบัติเหตุเเละสุขภาพเสียรายปี1900บาท คืออยากจะเปลี่ยนเป็นบัตรธรรมดาเเทนเพราะว่ามานั่งคิดๆดูแล้วมันก็ไม่ได้เเพงมากพอจ่ายได้เเต่เวลาไปรพ.แล้วตรวจบางโรคนี้ไม่ได้ถ้าตั้งครรภ์ขึ้นมาแล้วมันก็ไม่คุ้มครองเลยอยากจะเปลี่ยนเป็นธรรมดาเเทน แล้วถ้าเปลี่ยนเป็นธรรมดาแล้ว ประกันที่ทำจะถูกยกเลิกด้วยใช่ไหมไม่ต้องเสียค่าประกันอีกแล้วใช่ไหม เป็นธรรมดาแล้วจะเสียรายปีตามกำหนดที่น้อยลงหรือเปล่า เราไม่อยากเสียเวลาไปยกเลิกประกันที่บริษัทโดยตรง เเถมยังต้องทำหนังสือยื่นเรื่องขอยกเลิกอีกเราว่ามันยุ่งยาก เราเลยคิดว่าหันมาทำบัตรใหม่เป็นธรรมดาเเทน สอบถามผู้รู้หน่อยคะขอบคุณคะ,"ลูกค้าต้องการเปลี่ยนบัตรเดบิตที่มีประกันพ่วงเป็นบัตรธรรมดา
เนื่องจากพบว่าค่าเบี้ยประกันรายปี 1,900 บาท สูงเกินไปเมื่อเทียบกับความคุ้มครองที่ได้รับ
โดยเฉพาะในกรณีตั้งครรภ์ ซึ่งไม่ได้รับการคุ้มครองตามเงื่อนไขของกรมธรรม์
สอบถามว่าหากเปลี่ยนเป็นบัตรธรรมดาแล้ว ประกันจะถูกยกเลิกโดยอัตโนมัติ และไม่ต้องจ่ายค่าเบี้ยเพิ่มเติมอีก",eval,Hybrid,2019,9,4,2.25,0.6020338535308838,0.3568578163782755,0.6431421836217245
40684727,เตือน silkspan ทำการตัดบัตรเครดิตของเรา โดยแอบเปลี่ยนแปลงเงื่อนไขเองโดยไม่แจ้งเรา เราต่อประกันรถกับ silkspan ทุกปี รวมทั้งครั้งนี้ด้วย เราตกลงซื้อประกันรถผ่าน silkspan โดยเราได้แจ้งและได้มีการตกลงกันกับตัวแทนชัดเจนว่าจะให้ตัดบัตรเป็นแบบ 0 10 เดือน หลังจากการซื้อขายเสร็จเราก็ไม่ได้เอะใจอะไร มี sms แจ้งมาแค่ว่าได้รับเบี้ยประกันแล้ว จนบิลค่าบัตรเครดิตมาถึงได้รู้ว่าเป็น 0 แต่ว่า 6 เดือน โดยที่การเปลี่ยนเงื่อนไขนี้ ไม่มีใครโทรมาแจ้งหรือขออนุญาติจากเราเลย เราจึงโทรไปเพื่อจะให้ทำรายการใหม่เป็นแบบ 0 10 เดือน แต่ได้รับคำตอบว่าไม่สามารถทำได้ ถ้าทำแบบนั้นเราจะต้องเสียค่ายกเลิก และถ้าคืนเบี้ยประกันเราจะต้องโดนหักในส่วนของวันที่คุ้มครองไปแล้ว แบบนี้มันเป็นหน้าที่ความรับผิดชอบของเราเหรอ พวกคุณทำงานกันพลาด แต่โยนภาระนี้ให้ลูกค้าเป็นผู้รับผิดชอบ งี้เหรอ ได้เหรอวะ To Silkspan รบกวนติดต่อหลังไมค์มา และดำเนินการคืนเบี้ยทุกบาททุกสตางค์ให้เรา หรือ ไปคุยกับกรุงศรี ให้เปลี่ยนยอดของเราให้เป็น 0 10 เดือน ปล.ไม่ใช่แค่ทางท่านที่บันทึกเสียงเป็น หลักทานการสนทนาทุกนาที เราบันทึกไว้เช่นกัน,"ลูกค้าตกลงซื้อประกันรถผ่าน Silkspan โดยมีการระบุชัดเจนว่าจะชำระแบบ 0 10 เดือน
แต่เมื่อได้รับใบแจ้งหนี้จากบัตรเครดิตกลับพบว่าถูกตัดตามเงื่อนไข 0 6 เดือน
เมื่อติดต่อขอแก้ไขเพื่อกลับมาเป็นแบบเดิม ได้รับคำตอบว่าไม่สามารถดำเนินการได้ และจะมีค่าใช้จ่ายเพิ่มเติมหากยกเลิก
ลูกค้าจึงเรียกร้องให้ Silkspan ดำเนินการคืนเบี้ยทั้งหมดหรือประสานกับธนาคารกรุงศรีเพื่อแก้ไขยอดให้ตรงกับข้อตกลงเดิม",eval,Hybrid,2021,14,4,3.5,0.5791254043579102,0.5711555083592732,0.4288444916407268
36050809,ยกเลิกประกัน กรุงไทยแอคซ่า คือเราทำเรื่อง ยกเลิกไปตั้งแต่ เดือน ธันวาคม 2559 จนตอนนี้ มกราคม 2560 ยังเงียบหายไป ไม่มีความคืบหน้าอะไรเลย กรมธรรม์ตัวแรก ส่งได้สามปี ตัวที่สอง ย่างเข้าปีที่ สาม. ไปทำเรื่องยกเลิกที่ธนาคารกรุงไทย สาขาใกล้บ้าน ไม่เข้าใจว่าทำไมมันช้าจัง และตอนนี้ก็ยังหักเงินในบัญชีเราอยู่ เฮ้อ,"กรมธรรม์ฉบับแรกส่งมอบได้ครบสามปี ส่วนฉบับที่สองใกล้จะครบสามปีแล้ว
ผู้ร้องเรียนเดินทางไปยื่นขอยกเลิกกรมธรรม์ที่ธนาคารกรุงไทย สาขาใกล้บ้าน
ระบุว่ากระบวนการดำเนินการใช้เวลานานเกินคาด
ไม่เข้าใจสาเหตุที่ทำให้การดำเนินการล่าช้าอย่างมาก",eval,Hybrid,2017,9,4,2.25,0.3778281211853027,0.4444705247879028,0.5555294752120972
40142449,ถามเกี่ยวกับการเคลมประกันรถยนต์หน่อยครับ รถผมมีประกันชั้น 1 อยู่ ใช้มา 7 ปีละ ไม่เคยเคลมเลยแต่ระหว่างที่ใช้ก็มีรอยหินกระเด็นใส่บ้าง มีจอดแล้วโดนรถเปิดประตูมากระแทกมีรอบบุบบ้าง แล้วเมื่อต้นปีโดนรถถอยมาชนท้าย เลยกะว่าจะเอารถไปเคลมรอบรอบคันพร้อมกันเลย คำถามคือท้ายรถได้ใบเคลมมาแล้ว แต่รอบคันผมสามารถเรียกประกันมาออกใบเคลมให้ได้เลยใช่ไหมครับ แล้วมีค่าใช้จ่ายเพิ่มเติมไหม หรือเคลมฟรีแต่ค่าเบี้ยตอนต่อประกันจะเพิ่มขึ้น อีกคำถามครับฟิลม์รถเริ่มจะเสื่อมแล้วเคลมประกันได้ไหมหรือต้องเปลี่ยนเองเพราะกระจกหน้ารถมีรอยหินกระแทกเป็นรอบร้าวนิดนึงถ้าเคลมกระจกด้วยจะดีไหมคือเมื่อก่อนตอนเด็กๆบ้านเคยเคลมเปลี่ยนกระจกรถแล้วเหมือนประกอบไม่ดีน้ำซึมเข้ามาในรถ ขอบคุณสำหรับคำตอบนะครับ,"รถมีประกันชั้น 1 มา 7 ปี โดยไม่เคยเคลม และมีความเสียหายสะสมจากหินกระเด็น รอยกระแทกจากรถเปิดประตู และการชนท้ายเมื่อต้นปี
ผู้ร้องขอทราบว่าสามารถเรียกเคลมรอบคันพร้อมกับท้ายรถได้หรือไม่ และมีค่าใช้จ่ายเพิ่มเติมหรือไม่
สอบถามเพิ่มเติมเกี่ยวกับการเคลมฟิลม์รถที่เริ่มเสื่อมและรอยหินกระแทกบนกระจกหน้า รวมถึงผลกระทบจากการเคลมกระจกในอดีตที่อาจทำให้น้ำซึมเข้ามาในรถ",eval,Hybrid,2020,9,3,3.0,0.4393028616905212,0.5651003917058308,0.4348996082941692
36904903,งานประกันภัย ผมซื้อประกันแห่งหนึ่งมา 2 ปีไม่เคยส่งเคลมแต่พอมาปีนี้ผมคิดอยากจะเคลมรอยต่างๆตามรถรอบคัน ปรากฎ ว่าผมเคลมไม่ได้เพราะรถของผมไม่มีเลขคัชชี แล้วที่ผ่านมาเข้ามาขายประกันให้ผมเขาไม่มาตรวจรถเลยเขายังขายได้แต่ทำไมเราเคลมไม่ได้ แล้วยังงี้ผมจะขอเงินที่ชื้อคืนได้มั้ยครับ อยากรู้ครับ หมายเหตุ ที่รถไม่มีเลขคัชชี เป็นเพราะผมเปลี่ยนมาจากศูนย์บริการรถแล้วเขาก่ออกใบมาให้ จากศูนย์ แต่ผมยังไม่ได้ไปตอกที่กรมขนส่ง เพราะต้องทำเรื้องกับไฟแนนท์ที่รถผ่อนอยู่เพื่อขอเล่มไปตอกเลข คัชชีใหม่ ซึ้งมันก่อจะยุ่งยากนิดนึง ผมก้อไม่รู้มาก่อนว่ามันเคลมประกันไม่ได้ แต่ทำไมเขาถึงขายเราได้ครับ ถามเป็นความรู้ครับ ขอบคุณครับ,"ผู้ร้องเรียนไม่สามารถเคลมประกันได้เนื่องจากรถไม่มีเลขคัชชี
สาเหตุที่ไม่มีเลขคัชชีเกิดจากการเปลี่ยนศูนย์บริการ โดยยังไม่ได้ดำเนินการตอกเลขที่กรมขนส่ง เนื่องจากต้องจัดการเรื่องกับผู้ให้กู้รถผ่อนก่อน
ผู้ร้องเรียนตั้งคำถามว่าทำไมบริษัทประกันจึงสามารถขายกรมธรรม์ได้โดยไม่ตรวจรถ ทั้งที่ข้อมูลรถขาดหายไป
ผู้ร้องเรียนสอบถามว่าสามารถขอเงินคืนจากกรมธรรม์ประกันได้หรือไม่ และต้องการความชัดเจนในเรื่องนี้",eval,Hybrid,2017,9,4,2.25,0.5707283616065979,0.5469379425048828,0.4530620574951172
33894927,ต่อประกันปี ระหว่าง สินมั่นคง กับ วิริยะ เอาอะไรดีครับ ใครเคยใช้บ้าง เชิญครับ ปีแรก ใช้วิริยะ ไม่เคยเคลม ปีนี้วิริยะเสนอมา แพงกว่าสินมั่นคง 200 แต่คุ้มครองน้อยกว่าทั้งทุน ทั้งค่ารักษา ส่วนสินมั่นคง เสนอมาถูกกว่า แต่คุ้มครองสูงกว่า ทั้งทุน และค่ารักษา ใครเคยใช้ 2 เจ้านี้บ้างครับ ใครเคลมง่ายกว่ากัน ใครซ่อมดีกว่ากัน ใครซ่อมเร็วใครซ่อมช้า เจ้าไหนศูนย์ซ่อมเยอะกว่ากัน หรือมีอะไรอื่นๆแนะนำด้วยครับ ปล.จะต่อประกันชั้น 1. ซ่อมห้างครับ เป็นรถโตโยต้าครับ ขอบคุณครับ,"ผู้ร้องเรียนพิจารณาเปลี่ยนบริษัทประกันภัยจากรุ่นวิริยะไปสินมั่นคง เนื่องจากปีนี้ราคาของวิริยะสูงกว่า 200 บาท
ค่าเบี้ยของสินมั่นคงถูกกว่า แต่มีวงเงินคุ้มครองทั้งทุนประกันและค่ารักษาพยาบาลมากกว่า
ผู้ร้องเรียนสอบถามประสบการณ์จากผู้ใช้งานจริงว่าเจ้าใดเคลมได้ง่ายกว่า ซ่อมรถได้รวดเร็วกว่า และมีศูนย์ซ่อมกระจายตัวมากกว่ากัน",eval,Hybrid,2015,11,3,3.6666666666666665,0.444281131029129,0.5191616217295328,0.4808383782704671
