id,room_label
30043043,รัชดา(รถยนต์)
30043098,สินธร(การลงทุน)
30043098,รัชดา(รถยนต์)
30049687,ศาลาประชาคม(สังคม)
30049687,รัชดา(รถยนต์)
30055843,รัชดา(รถยนต์)
30081108,รัชดา(รถยนต์)
30089403,รัชดา(รถยนต์)
30095215,รัชดา(รถยนต์)
30102981,ศาลาประชาคม(สังคม)
30102981,รัชดา(รถยนต์)
30123346,รัชดา(รถยนต์)
30124841,รัชดา(รถยนต์)
30125668,สวนลุมพินี(สุขภาพ)
30125983,รัชดา(รถยนต์)
30134871,รัชดา(รถยนต์)
30163990,รัชดา(รถยนต์)
30168920,ศาลาประชาคม(สังคม)
30168920,รัชดา(รถยนต์)
30183302,รัชดา(รถยนต์)
30190568,รัชดา(รถยนต์)
30191812,รัชดา(รถยนต์)
30198542,สวนลุมพินี(สุขภาพ)
30210077,รัชดา(รถยนต์)
30211343,รัชดา(รถยนต์)
30216660,รัชดา(รถยนต์)
30217636,รัชดา(รถยนต์)
30217941,รัชดา(รถยนต์)
30219146,สวนลุมพินี(สุขภาพ)
30220162,ศาลาประชาคม(สังคม)
30220162,รัชดา(รถยนต์)
30222377,รัชดา(รถยนต์)
30241507,รัชดา(รถยนต์)
30242343,รัชดา(รถยนต์)
30288943,รัชดา(รถยนต์)
30307093,สวนลุมพินี(สุขภาพ)
30307093,สินธร(การลงทุน)
30307846,รัชดา(รถยนต์)
30313188,รัชดา(รถยนต์)
30319241,รัชดา(รถยนต์)
30324287,รัชดา(รถยนต์)
30329609,รัชดา(รถยนต์)
30353942,รัชดา(รถยนต์)
30355254,สวนลุมพินี(สุขภาพ)
30355423,สินธร(การลงทุน)
30355423,รัชดา(รถยนต์)
30367867,สวนลุมพินี(สุขภาพ)
30387784,รัชดา(รถยนต์)
30398955,สวนลุมพินี(สุขภาพ)
30398955,สินธร(การลงทุน)
30403908,รัชดา(รถยนต์)
30420776,รัชดา(รถยนต์)
30423413,รัชดา(รถยนต์)
30442875,รัชดา(รถยนต์)
30459023,รัชดา(รถยนต์)
30460231,ศาลาประชาคม(สังคม)
30460231,สวนลุมพินี(สุขภาพ)
30466838,สินธร(การลงทุน)
30466838,รัชดา(รถยนต์)
30468199,รัชดา(รถยนต์)
30477831,รัชดา(รถยนต์)
30478160,รัชดา(รถยนต์)
30481090,รัชดา(รถยนต์)
30488038,สวนลุมพินี(สุขภาพ)
30495546,ศาลาประชาคม(สังคม)
30495546,รัชดา(รถยนต์)
30516216,สวนลุมพินี(สุขภาพ)
30516216,สินธร(การลงทุน)
30516216,สีลม(ธุรกิจ)
30516983,รัชดา(รถยนต์)
30517303,รัชดา(รถยนต์)
30522867,ศาลาประชาคม(สังคม)
30522867,รัชดา(รถยนต์)
30523383,รัชดา(รถยนต์)
30523677,สวนลุมพินี(สุขภาพ)
30533608,สวนลุมพินี(สุขภาพ)
30554940,รัชดา(รถยนต์)
30556623,รัชดา(รถยนต์)
30557674,รัชดา(รถยนต์)
30560517,รัชดา(รถยนต์)
30562987,สวนลุมพินี(สุขภาพ)
30568559,รัชดา(รถยนต์)
30578030,รัชดา(รถยนต์)
30578816,ศาลาประชาคม(สังคม)
30578816,รัชดา(รถยนต์)
30581444,รัชดา(รถยนต์)
30581444,ศาลาประชาคม(สังคม)
30585467,รัชดา(รถยนต์)
30585661,รัชดา(รถยนต์)
30588768,ศาลาประชาคม(สังคม)
30588768,สวนลุมพินี(สุขภาพ)
30590547,รัชดา(รถยนต์)
30592421,รัชดา(รถยนต์)
30593779,สินธร(การลงทุน)
30593779,สวนลุมพินี(สุขภาพ)
30598882,รัชดา(รถยนต์)
30598882,สีลม(ธุรกิจ)
30616977,รัชดา(รถยนต์)
30619452,รัชดา(รถยนต์)
30620339,สวนลุมพินี(สุขภาพ)
30628046,สวนลุมพินี(สุขภาพ)
30628046,สินธร(การลงทุน)
30647882,สวนลุมพินี(สุขภาพ)
30647882,สินธร(การลงทุน)
30655054,สวนลุมพินี(สุขภาพ)
30655054,ศาลาประชาคม(สังคม)
30664016,รัชดา(รถยนต์)
30674225,รัชดา(รถยนต์)
30677636,ชานเรือน(ครอบครัว)
30677636,สวนลุมพินี(สุขภาพ)
30680636,รัชดา(รถยนต์)
30688100,รัชดา(รถยนต์)
30704717,รัชดา(รถยนต์)
30705206,รัชดา(รถยนต์)
30714836,รัชดา(รถยนต์)
30722934,รัชดา(รถยนต์)
30723381,รัชดา(รถยนต์)
30731743,รัชดา(รถยนต์)
30733923,ศาลาประชาคม(สังคม)
30733923,สวนลุมพินี(สุขภาพ)
30740299,รัชดา(รถยนต์)
30740809,รัชดา(รถยนต์)
30745748,รัชดา(รถยนต์)
30750222,รัชดา(รถยนต์)
30761574,ศาลาประชาคม(สังคม)
30761574,สินธร(การลงทุน)
30761574,สวนลุมพินี(สุขภาพ)
30764097,รัชดา(รถยนต์)
30764107,รัชดา(รถยนต์)
30764825,รัชดา(รถยนต์)
30765320,สวนลุมพินี(สุขภาพ)
30767196,สินธร(การลงทุน)
30767196,รัชดา(รถยนต์)
30769283,รัชดา(รถยนต์)
30773640,รัชดา(รถยนต์)
30778154,ศาลาประชาคม(สังคม)
30778154,รัชดา(รถยนต์)
30789856,ศาลาประชาคม(สังคม)
30789856,รัชดา(รถยนต์)
30796665,รัชดา(รถยนต์)
30796665,ศาลาประชาคม(สังคม)
30807646,รัชดา(รถยนต์)
30815036,ศาลาประชาคม(สังคม)
30815036,สวนลุมพินี(สุขภาพ)
30817603,สวนลุมพินี(สุขภาพ)
30822622,รัชดา(รถยนต์)
30822622,ศาลาประชาคม(สังคม)
30822973,สวนลุมพินี(สุขภาพ)
30833145,รัชดา(รถยนต์)
30837777,สินธร(การลงทุน)
30837777,สวนลุมพินี(สุขภาพ)
30837777,สีลม(ธุรกิจ)
30839025,สวนลุมพินี(สุขภาพ)
30841887,รัชดา(รถยนต์)
30843416,สวนลุมพินี(สุขภาพ)
30859449,รัชดา(รถยนต์)
30859510,รัชดา(รถยนต์)
30861609,รัชดา(รถยนต์)
30862506,สินธร(การลงทุน)
30862506,สวนลุมพินี(สุขภาพ)
30866696,สวนลุมพินี(สุขภาพ)
30866696,ชานเรือน(ครอบครัว)
30871512,สวนลุมพินี(สุขภาพ)
30881346,รัชดา(รถยนต์)
30884548,สวนลุมพินี(สุขภาพ)
30887332,รัชดา(รถยนต์)
30894598,ศาลาประชาคม(สังคม)
30894598,รัชดา(รถยนต์)
30909596,รัชดา(รถยนต์)
30910326,รัชดา(รถยนต์)
30912927,ศาลาประชาคม(สังคม)
30912927,รัชดา(รถยนต์)
30922372,สวนลุมพินี(สุขภาพ)
30928096,ศาลาประชาคม(สังคม)
30928096,สวนลุมพินี(สุขภาพ)
30928383,รัชดา(รถยนต์)
30930394,รัชดา(รถยนต์)
30946732,ศาลาประชาคม(สังคม)
30946732,รัชดา(รถยนต์)
30947891,รัชดา(รถยนต์)
30950980,รัชดา(รถยนต์)
30968623,ศาลาประชาคม(สังคม)
30968623,รัชดา(รถยนต์)
30968722,รัชดา(รถยนต์)
30968722,ศาลาประชาคม(สังคม)
30974353,รัชดา(รถยนต์)
30974353,ศาลาประชาคม(สังคม)
30979932,รัชดา(รถยนต์)
30988837,ศาลาประชาคม(สังคม)
30988837,สวนลุมพินี(สุขภาพ)
30991350,ชานเรือน(ครอบครัว)
30991350,สวนลุมพินี(สุขภาพ)
30991949,รัชดา(รถยนต์)
30995163,รัชดา(รถยนต์)
30999993,ศาลาประชาคม(สังคม)
30999993,สวนลุมพินี(สุขภาพ)
31006210,ศาลาประชาคม(สังคม)
31006210,สินธร(การลงทุน)
31006210,รัชดา(รถยนต์)
31009208,รัชดา(รถยนต์)
31015132,สวนลุมพินี(สุขภาพ)
31016363,รัชดา(รถยนต์)
31017863,รัชดา(รถยนต์)
31026713,ศาลาประชาคม(สังคม)
31026713,รัชดา(รถยนต์)
31029953,รัชดา(รถยนต์)
31031040,ศาลาประชาคม(สังคม)
31031040,สวนลุมพินี(สุขภาพ)
31035659,ศาลาประชาคม(สังคม)
31035659,สินธร(การลงทุน)
31035659,สวนลุมพินี(สุขภาพ)
31035807,รัชดา(รถยนต์)
31041494,สวนลุมพินี(สุขภาพ)
31045320,สวนลุมพินี(สุขภาพ)
31049466,รัชดา(รถยนต์)
31051099,รัชดา(รถยนต์)
31057006,สวนลุมพินี(สุขภาพ)
31071188,รัชดา(รถยนต์)
31076666,รัชดา(รถยนต์)
31077089,สวนลุมพินี(สุขภาพ)
31083807,รัชดา(รถยนต์)
31094091,สวนลุมพินี(สุขภาพ)
31101466,สวนลุมพินี(สุขภาพ)
31103209,สวนลุมพินี(สุขภาพ)
31118516,รัชดา(รถยนต์)
31120412,ศาลาประชาคม(สังคม)
31120412,สวนลุมพินี(สุขภาพ)
31120412,สินธร(การลงทุน)
31120904,รัชดา(รถยนต์)
31123700,รัชดา(รถยนต์)
31126534,รัชดา(รถยนต์)
31135174,ศาลาประชาคม(สังคม)
31135174,สวนลุมพินี(สุขภาพ)
31138337,รัชดา(รถยนต์)
31146924,สวนลุมพินี(สุขภาพ)
31146924,ชานเรือน(ครอบครัว)
31146924,ศาลาประชาคม(สังคม)
31149820,สวนลุมพินี(สุขภาพ)
31151565,รัชดา(รถยนต์)
31155363,รัชดา(รถยนต์)
31161688,รัชดา(รถยนต์)
31166083,สินธร(การลงทุน)
31166083,สวนลุมพินี(สุขภาพ)
31167875,สวนลุมพินี(สุขภาพ)
31171408,สีลม(ธุรกิจ)
31171408,สินธร(การลงทุน)
31171408,สวนลุมพินี(สุขภาพ)
31174398,รัชดา(รถยนต์)
31174647,สินธร(การลงทุน)
31174647,สวนลุมพินี(สุขภาพ)
31175832,รัชดา(รถยนต์)
31181720,สวนลุมพินี(สุขภาพ)
31183443,รัชดา(รถยนต์)
31186037,สินธร(การลงทุน)
31186037,รัชดา(รถยนต์)
31190189,สวนลุมพินี(สุขภาพ)
31190189,ศาลาประชาคม(สังคม)
31193821,รัชดา(รถยนต์)
31195973,ศาลาประชาคม(สังคม)
31195973,สวนลุมพินี(สุขภาพ)
31196466,รัชดา(รถยนต์)
31200392,รัชดา(รถยนต์)
31203034,รัชดา(รถยนต์)
31207562,สวนลุมพินี(สุขภาพ)
31207918,ศาลาประชาคม(สังคม)
31207918,รัชดา(รถยนต์)
31211181,สวนลุมพินี(สุขภาพ)
31211181,สินธร(การลงทุน)
31232341,ศาลาประชาคม(สังคม)
31232341,สวนลุมพินี(สุขภาพ)
31232341,สินธร(การลงทุน)
31235208,ชานเรือน(ครอบครัว)
31235208,สวนลุมพินี(สุขภาพ)
31241126,ศาลาประชาคม(สังคม)
31241126,รัชดา(รถยนต์)
31243079,รัชดา(รถยนต์)
31257301,สินธร(การลงทุน)
31257301,รัชดา(รถยนต์)
31260708,รัชดา(รถยนต์)
31260708,บลูแพลนเน็ต(ท่องเที่ยว)
31260853,สินธร(การลงทุน)
31260853,ศาลาประชาคม(สังคม)
31260853,รัชดา(รถยนต์)
31261641,ศาลาประชาคม(สังคม)
31261641,สวนลุมพินี(สุขภาพ)
31261641,ชายคา(ที่อยู่อาศัย)
31262523,สวนลุมพินี(สุขภาพ)
31268663,ศาลาประชาคม(สังคม)
31268663,สวนลุมพินี(สุขภาพ)
31269552,รัชดา(รถยนต์)
31275473,รัชดา(รถยนต์)
31282722,รัชดา(รถยนต์)
31293596,สวนลุมพินี(สุขภาพ)
31294156,สวนลุมพินี(สุขภาพ)
31299418,รัชดา(รถยนต์)
31299418,สินธร(การลงทุน)
31323016,รัชดา(รถยนต์)
31324941,สวนลุมพินี(สุขภาพ)
31325996,รัชดา(รถยนต์)
31328796,รัชดา(รถยนต์)
31329951,รัชดา(รถยนต์)
31331792,รัชดา(รถยนต์)
31347414,สินธร(การลงทุน)
31347414,สวนลุมพินี(สุขภาพ)
31362660,รัชดา(รถยนต์)
31369268,รัชดา(รถยนต์)
31369758,สวนลุมพินี(สุขภาพ)
31370067,สวนลุมพินี(สุขภาพ)
31370067,ชานเรือน(ครอบครัว)
31384034,สวนลุมพินี(สุขภาพ)
31386042,รัชดา(รถยนต์)
31389826,รัชดา(รถยนต์)
31392980,สวนลุมพินี(สุขภาพ)
31394496,รัชดา(รถยนต์)
31397471,ศาลาประชาคม(สังคม)
31397471,สวนลุมพินี(สุขภาพ)
31398876,ศาลาประชาคม(สังคม)
31398876,สวนลุมพินี(สุขภาพ)
31399682,รัชดา(รถยนต์)
31406355,ศาลาประชาคม(สังคม)
31406355,สวนลุมพินี(สุขภาพ)
31428273,สวนลุมพินี(สุขภาพ)
31448478,รัชดา(รถยนต์)
31462205,รัชดา(รถยนต์)
31463995,รัชดา(รถยนต์)
31467378,ศาลาประชาคม(สังคม)
31467378,สวนลุมพินี(สุขภาพ)
31469020,ศาลาประชาคม(สังคม)
31469020,รัชดา(รถยนต์)
31471233,ศาลาประชาคม(สังคม)
31471233,รัชดา(รถยนต์)
31471780,สวนลุมพินี(สุขภาพ)
31491185,ศาลาประชาคม(สังคม)
31491185,สวนลุมพินี(สุขภาพ)
31493740,สวนลุมพินี(สุขภาพ)
31494778,รัชดา(รถยนต์)
31495714,สวนลุมพินี(สุขภาพ)
31499191,รัชดา(รถยนต์)
31520924,รัชดา(รถยนต์)
31520924,ศาลาประชาคม(สังคม)
31520924,สวนลุมพินี(สุขภาพ)
31527131,ศาลาประชาคม(สังคม)
31527131,สวนลุมพินี(สุขภาพ)
31527131,บลูแพลนเน็ต(ท่องเที่ยว)
31530183,ราชดำเนิน(การเมือง)
31530183,สวนลุมพินี(สุขภาพ)
31530183,รัชดา(รถยนต์)
31530183,สินธร(การลงทุน)
31535827,สวนลุมพินี(สุขภาพ)
31535827,สินธร(การลงทุน)
31535827,สีลม(ธุรกิจ)
31542397,รัชดา(รถยนต์)
31542765,สินธร(การลงทุน)
31542765,รัชดา(รถยนต์)
31544094,สินธร(การลงทุน)
31544094,สีลม(ธุรกิจ)
31544094,สวนลุมพินี(สุขภาพ)
31550597,ศาลาประชาคม(สังคม)
31550597,สวนลุมพินี(สุขภาพ)
31551749,รัชดา(รถยนต์)
31555206,รัชดา(รถยนต์)
31555310,สวนลุมพินี(สุขภาพ)
31560230,รัชดา(รถยนต์)
31569392,รัชดา(รถยนต์)
31572450,ศาลาประชาคม(สังคม)
31572450,รัชดา(รถยนต์)
31573569,ศาลาประชาคม(สังคม)
31573569,รัชดา(รถยนต์)
31578275,สวนลุมพินี(สุขภาพ)
31578701,รัชดา(รถยนต์)
31583044,ศาลาประชาคม(สังคม)
31583044,รัชดา(รถยนต์)
31612136,สวนลุมพินี(สุขภาพ)
31612136,สินธร(การลงทุน)
31612136,สีลม(ธุรกิจ)
31614122,ศาลาประชาคม(สังคม)
31614122,สินธร(การลงทุน)
31614122,สวนลุมพินี(สุขภาพ)
31622372,รัชดา(รถยนต์)
31631697,รัชดา(รถยนต์)
31637039,สินธร(การลงทุน)
31637039,สวนลุมพินี(สุขภาพ)
31641800,รัชดา(รถยนต์)
31641941,รัชดา(รถยนต์)
31642503,สินธร(การลงทุน)
31642503,สวนลุมพินี(สุขภาพ)
31657796,รัชดา(รถยนต์)
31662750,ชานเรือน(ครอบครัว)
31662750,สวนลุมพินี(สุขภาพ)
31670624,รัชดา(รถยนต์)
31670624,สินธร(การลงทุน)
31675022,รัชดา(รถยนต์)
31675040,รัชดา(รถยนต์)
31682877,ดิโอลด์สยาม(ผู้สูงอายุ)
31682877,สวนลุมพินี(สุขภาพ)
31696086,รัชดา(รถยนต์)
31701705,ศาลาประชาคม(สังคม)
31701705,สวนลุมพินี(สุขภาพ)
31704856,ศาลาประชาคม(สังคม)
31704856,รัชดา(รถยนต์)
31710593,รัชดา(รถยนต์)
31713848,รัชดา(รถยนต์)
31733452,ดิโอลด์สยาม(ผู้สูงอายุ)
31733452,สวนลุมพินี(สุขภาพ)
31735025,รัชดา(รถยนต์)
31736496,รัชดา(รถยนต์)
31738947,รัชดา(รถยนต์)
31743999,รัชดา(รถยนต์)
31748517,สวนลุมพินี(สุขภาพ)
31764318,รัชดา(รถยนต์)
31765338,รัชดา(รถยนต์)
31765345,รัชดา(รถยนต์)
31771321,รัชดา(รถยนต์)
31772370,รัชดา(รถยนต์)
31778317,สวนลุมพินี(สุขภาพ)
31783556,ศาลาประชาคม(สังคม)
31783556,สวนลุมพินี(สุขภาพ)
31790195,ศาลาประชาคม(สังคม)
31790195,สวนลุมพินี(สุขภาพ)
31794654,รัชดา(รถยนต์)
31801827,รัชดา(รถยนต์)
31803362,สินธร(การลงทุน)
31803362,สวนลุมพินี(สุขภาพ)
31804522,ชานเรือน(ครอบครัว)
31804522,สวนลุมพินี(สุขภาพ)
31804522,ศาลาประชาคม(สังคม)
31808576,รัชดา(รถยนต์)
31809872,สวนลุมพินี(สุขภาพ)
31823900,รัชดา(รถยนต์)
31828509,สวนลุมพินี(สุขภาพ)
31831205,สวนลุมพินี(สุขภาพ)
31836535,สวนลุมพินี(สุขภาพ)
31840362,รัชดา(รถยนต์)
31846465,ศาลาประชาคม(สังคม)
31846465,สวนลุมพินี(สุขภาพ)
31855679,ศาลาประชาคม(สังคม)
31855679,สวนลุมพินี(สุขภาพ)
31858651,รัชดา(รถยนต์)
31859792,รัชดา(รถยนต์)
31859792,สินธร(การลงทุน)
31861739,ศาลาประชาคม(สังคม)
31861739,สวนลุมพินี(สุขภาพ)
31862503,ศาลาประชาคม(สังคม)
31862503,รัชดา(รถยนต์)
31864132,สวนลุมพินี(สุขภาพ)
31864132,ศาลาประชาคม(สังคม)
31868324,สวนลุมพินี(สุขภาพ)
31873866,สวนลุมพินี(สุขภาพ)
31874454,รัชดา(รถยนต์)
31876471,ศาลาประชาคม(สังคม)
31876471,สินธร(การลงทุน)
31876471,สวนลุมพินี(สุขภาพ)
31893397,สวนลุมพินี(สุขภาพ)
31894935,รัชดา(รถยนต์)
31897201,สวนลุมพินี(สุขภาพ)
31897201,สินธร(การลงทุน)
31901255,สวนลุมพินี(สุขภาพ)
31907807,ศาลาประชาคม(สังคม)
31907807,สวนลุมพินี(สุขภาพ)
31907807,สินธร(การลงทุน)
31924021,ศาลาประชาคม(สังคม)
31924021,รัชดา(รถยนต์)
31932969,รัชดา(รถยนต์)
31933321,ศาลาประชาคม(สังคม)
31933321,รัชดา(รถยนต์)
31940402,สวนลุมพินี(สุขภาพ)
31943720,สวนลุมพินี(สุขภาพ)
31943720,ศาลาประชาคม(สังคม)
31943720,สีลม(ธุรกิจ)
31947552,รัชดา(รถยนต์)
31948143,รัชดา(รถยนต์)
31951453,ดิโอลด์สยาม(ผู้สูงอายุ)
31951453,สวนลุมพินี(สุขภาพ)
31956532,ศาลาประชาคม(สังคม)
31956532,รัชดา(รถยนต์)
31958456,สินธร(การลงทุน)
31958456,รัชดา(รถยนต์)
31962091,ศาลาประชาคม(สังคม)
31962091,สวนลุมพินี(สุขภาพ)
31968613,สวนลุมพินี(สุขภาพ)
31975367,รัชดา(รถยนต์)
31978575,สวนลุมพินี(สุขภาพ)
31982626,รัชดา(รถยนต์)
32012210,รัชดา(รถยนต์)
32018800,สวนลุมพินี(สุขภาพ)
32024132,ศาลาประชาคม(สังคม)
32024132,สวนลุมพินี(สุขภาพ)
32029519,ศาลาประชาคม(สังคม)
32029519,รัชดา(รถยนต์)
32043188,ศาลาประชาคม(สังคม)
32043188,สวนลุมพินี(สุขภาพ)
32044678,รัชดา(รถยนต์)
32051402,ศาลาประชาคม(สังคม)
32051402,รัชดา(รถยนต์)
32060191,ศาลาประชาคม(สังคม)
32060191,รัชดา(รถยนต์)
32068969,สวนลุมพินี(สุขภาพ)
32068969,สินธร(การลงทุน)
32078977,รัชดา(รถยนต์)
32085465,รัชดา(รถยนต์)
32086034,ศาลาประชาคม(สังคม)
32086034,สวนลุมพินี(สุขภาพ)
32087380,ศาลาประชาคม(สังคม)
32087380,รัชดา(รถยนต์)
32087984,รัชดา(รถยนต์)
32098917,สินธร(การลงทุน)
32098917,รัชดา(รถยนต์)
32104394,รัชดา(รถยนต์)
32110594,สวนลุมพินี(สุขภาพ)
32111327,รัชดา(รถยนต์)
32121586,สวนลุมพินี(สุขภาพ)
32126818,ชานเรือน(ครอบครัว)
32126818,สินธร(การลงทุน)
32126818,สวนลุมพินี(สุขภาพ)
32130702,สวนลุมพินี(สุขภาพ)
32130702,บลูแพลนเน็ต(ท่องเที่ยว)
32132871,รัชดา(รถยนต์)
32141069,รัชดา(รถยนต์)
32143046,รัชดา(รถยนต์)
32154903,รัชดา(รถยนต์)
32154903,ศาลาประชาคม(สังคม)
32161421,รัชดา(รถยนต์)
32161421,สินธร(การลงทุน)
32168365,สยามสแควร์(วัยรุ่น)
32168365,รัชดา(รถยนต์)
32168365,สีลม(ธุรกิจ)
32172403,รัชดา(รถยนต์)
32172413,ศาลาประชาคม(สังคม)
32172413,สวนลุมพินี(สุขภาพ)
32172413,สินธร(การลงทุน)
32178544,รัชดา(รถยนต์)
32187084,รัชดา(รถยนต์)
32188457,รัชดา(รถยนต์)
32199128,รัชดา(รถยนต์)
32204574,รัชดา(รถยนต์)
32208420,สวนลุมพินี(สุขภาพ)
32215851,รัชดา(รถยนต์)
32215851,สินธร(การลงทุน)
32217111,สวนลุมพินี(สุขภาพ)
32230649,ชานเรือน(ครอบครัว)
32230649,สวนลุมพินี(สุขภาพ)
32234539,รัชดา(รถยนต์)
32235124,สวนลุมพินี(สุขภาพ)
32240045,รัชดา(รถยนต์)
32243785,ศาลาประชาคม(สังคม)
32243785,สวนลุมพินี(สุขภาพ)
32243785,ภูมิภาค(ภูมิภาค)
32243785,สินธร(การลงทุน)
32247757,รัชดา(รถยนต์)
32252405,รัชดา(รถยนต์)
32253200,สวนลุมพินี(สุขภาพ)
32253200,สินธร(การลงทุน)
32254071,ศาลาประชาคม(สังคม)
32254071,รัชดา(รถยนต์)
32265578,ศาลาประชาคม(สังคม)
32265578,รัชดา(รถยนต์)
32274776,สินธร(การลงทุน)
32274776,รัชดา(รถยนต์)
32279062,รัชดา(รถยนต์)
32279431,รัชดา(รถยนต์)
32288524,ศาลาประชาคม(สังคม)
32288524,สวนลุมพินี(สุขภาพ)
32288771,ศาลาประชาคม(สังคม)
32288771,รัชดา(รถยนต์)
32292677,สินธร(การลงทุน)
32292677,สวนลุมพินี(สุขภาพ)
32294283,รัชดา(รถยนต์)
32297815,สวนลุมพินี(สุขภาพ)
32301158,รัชดา(รถยนต์)
32302681,สวนลุมพินี(สุขภาพ)
32305922,ศาลาประชาคม(สังคม)
32305922,รัชดา(รถยนต์)
32309159,สวนลุมพินี(สุขภาพ)
32309159,สีลม(ธุรกิจ)
32324741,ศาลาประชาคม(สังคม)
32324741,สวนลุมพินี(สุขภาพ)
32326319,สินธร(การลงทุน)
32326319,รัชดา(รถยนต์)
32330215,สวนลุมพินี(สุขภาพ)
32332553,รัชดา(รถยนต์)
32347728,สินธร(การลงทุน)
32347728,สวนลุมพินี(สุขภาพ)
32355977,สวนลุมพินี(สุขภาพ)
32356210,ศาลาประชาคม(สังคม)
32356210,สวนลุมพินี(สุขภาพ)
32367298,ศาลาประชาคม(สังคม)
32367298,รัชดา(รถยนต์)
32375570,รัชดา(รถยนต์)
32376814,รัชดา(รถยนต์)
32384486,รัชดา(รถยนต์)
32391491,ศาลาประชาคม(สังคม)
32391491,สวนลุมพินี(สุขภาพ)
32396721,รัชดา(รถยนต์)
32402010,รัชดา(รถยนต์)
32412350,ศาลาประชาคม(สังคม)
32412350,สวนลุมพินี(สุขภาพ)
32412350,สินธร(การลงทุน)
32415155,รัชดา(รถยนต์)
32415155,สวนลุมพินี(สุขภาพ)
32425433,รัชดา(รถยนต์)
32428029,สินธร(การลงทุน)
32428029,สวนลุมพินี(สุขภาพ)
32431176,ศาลาประชาคม(สังคม)
32431176,สวนลุมพินี(สุขภาพ)
32431176,สินธร(การลงทุน)
32449759,ศาลาประชาคม(สังคม)
32449759,รัชดา(รถยนต์)
32457179,รัชดา(รถยนต์)
32458018,สินธร(การลงทุน)
32458018,สวนลุมพินี(สุขภาพ)
32467591,รัชดา(รถยนต์)
32469286,ศาลาประชาคม(สังคม)
32469286,สินธร(การลงทุน)
32469286,สวนลุมพินี(สุขภาพ)
32471961,ศาลาประชาคม(สังคม)
32471961,สวนลุมพินี(สุขภาพ)
32474727,รัชดา(รถยนต์)
32475468,ศาลาประชาคม(สังคม)
32475468,รัชดา(รถยนต์)
32477485,ศาลาประชาคม(สังคม)
32477485,สวนลุมพินี(สุขภาพ)
32479426,สวนลุมพินี(สุขภาพ)
32481617,สวนลุมพินี(สุขภาพ)
32481617,สินธร(การลงทุน)
32481617,สีลม(ธุรกิจ)
32483614,ศาลาประชาคม(สังคม)
32483614,สวนลุมพินี(สุขภาพ)
32483614,บางขุนพรหม(บันเทิง)
32484773,สวนลุมพินี(สุขภาพ)
32485755,สวนลุมพินี(สุขภาพ)
32496777,ชานเรือน(ครอบครัว)
32496777,สวนลุมพินี(สุขภาพ)
32497280,รัชดา(รถยนต์)
32505976,สวนลุมพินี(สุขภาพ)
32512031,ศาลาประชาคม(สังคม)
32512031,รัชดา(รถยนต์)
32513139,ศาลาประชาคม(สังคม)
32513139,สวนลุมพินี(สุขภาพ)
32514459,ชานเรือน(ครอบครัว)
32514459,สวนลุมพินี(สุขภาพ)
32516549,ศาลาประชาคม(สังคม)
32516549,สวนลุมพินี(สุขภาพ)
32516927,ศาลาประชาคม(สังคม)
32516927,รัชดา(รถยนต์)
32518070,ศาลาประชาคม(สังคม)
32518070,สวนลุมพินี(สุขภาพ)
32525248,ศาลาประชาคม(สังคม)
32525248,รัชดา(รถยนต์)
32528502,รัชดา(รถยนต์)
32530575,รัชดา(รถยนต์)
32538813,รัชดา(รถยนต์)
32545202,รัชดา(รถยนต์)
32546543,ศาลาประชาคม(สังคม)
32546543,สวนลุมพินี(สุขภาพ)
32551730,สวนลุมพินี(สุขภาพ)
32556942,ศาลาประชาคม(สังคม)
32556942,สวนลุมพินี(สุขภาพ)
32559332,รัชดา(รถยนต์)
32566857,ศาลาประชาคม(สังคม)
32566857,สวนลุมพินี(สุขภาพ)
32566857,สินธร(การลงทุน)
32570189,รัชดา(รถยนต์)
32570202,สวนลุมพินี(สุขภาพ)
32576564,รัชดา(รถยนต์)
32580598,รัชดา(รถยนต์)
32584400,รัชดา(รถยนต์)
32586333,บลูแพลนเน็ต(ท่องเที่ยว)
32591632,ศาลาประชาคม(สังคม)
32591632,สวนลุมพินี(สุขภาพ)
32591632,สีลม(ธุรกิจ)
32592811,ศาลาประชาคม(สังคม)
32592811,สวนลุมพินี(สุขภาพ)
32597841,ศาลาประชาคม(สังคม)
32597841,สวนลุมพินี(สุขภาพ)
32597841,สินธร(การลงทุน)
32599711,สวนลุมพินี(สุขภาพ)
32601431,รัชดา(รถยนต์)
32603560,รัชดา(รถยนต์)
32604904,รัชดา(รถยนต์)
32610128,ศาลาประชาคม(สังคม)
32610128,รัชดา(รถยนต์)
32620553,รัชดา(รถยนต์)
32620553,สีลม(ธุรกิจ)
32620553,ศาลาประชาคม(สังคม)
32620553,สินธร(การลงทุน)
32622674,ศาลาประชาคม(สังคม)
32622674,รัชดา(รถยนต์)
32627973,รัชดา(รถยนต์)
32631165,รัชดา(รถยนต์)
32638311,รัชดา(รถยนต์)
32638672,สวนลุมพินี(สุขภาพ)
32638672,สินธร(การลงทุน)
32639368,รัชดา(รถยนต์)
32640310,สวนลุมพินี(สุขภาพ)
32640310,สินธร(การลงทุน)
32640310,สีลม(ธุรกิจ)
32644461,สวนลุมพินี(สุขภาพ)
32644461,ไกลบ้าน(ต่างประเทศ)
32646226,สวนลุมพินี(สุขภาพ)
32652879,สวนลุมพินี(สุขภาพ)
32656630,รัชดา(รถยนต์)
32659818,ชานเรือน(ครอบครัว)
32659818,สวนลุมพินี(สุขภาพ)
32665002,สวนลุมพินี(สุขภาพ)
32670580,รัชดา(รถยนต์)
32680596,รัชดา(รถยนต์)
32684069,ศาลาประชาคม(สังคม)
32684069,สวนลุมพินี(สุขภาพ)
32685023,ศาลาประชาคม(สังคม)
32685023,สวนลุมพินี(สุขภาพ)
32688957,ศาลาประชาคม(สังคม)
32688957,รัชดา(รถยนต์)
32693547,สวนลุมพินี(สุขภาพ)
32698786,ศาลาประชาคม(สังคม)
32698786,สวนลุมพินี(สุขภาพ)
32698786,ชานเรือน(ครอบครัว)
32705678,สวนลุมพินี(สุขภาพ)
32705678,รัชดา(รถยนต์)
32705678,สีลม(ธุรกิจ)
32714275,สวนลุมพินี(สุขภาพ)
32714275,ศาลาประชาคม(สังคม)
32724229,สวนลุมพินี(สุขภาพ)
32751363,ศาลาประชาคม(สังคม)
32751363,รัชดา(รถยนต์)
32754465,สินธร(การลงทุน)
32754465,สวนลุมพินี(สุขภาพ)
32767965,รัชดา(รถยนต์)
32773369,สวนลุมพินี(สุขภาพ)
32773369,ศาลาประชาคม(สังคม)
32773369,สินธร(การลงทุน)
32776788,ศาลาประชาคม(สังคม)
32776788,สินธร(การลงทุน)
32776788,สวนลุมพินี(สุขภาพ)
32778339,ศาลาประชาคม(สังคม)
32778339,รัชดา(รถยนต์)
32780897,สวนลุมพินี(สุขภาพ)
32780897,ชายคา(ที่อยู่อาศัย)
32780897,สินธร(การลงทุน)
32788941,รัชดา(รถยนต์)
32806330,รัชดา(รถยนต์)
32812301,สินธร(การลงทุน)
32812301,รัชดา(รถยนต์)
32821235,ศาลาประชาคม(สังคม)
32821235,รัชดา(รถยนต์)
32827491,รัชดา(รถยนต์)
32828869,ศาลาประชาคม(สังคม)
32828869,รัชดา(รถยนต์)
32835441,สวนลุมพินี(สุขภาพ)
32839463,รัชดา(รถยนต์)
32839531,รัชดา(รถยนต์)
32843340,ศาลาประชาคม(สังคม)
32843340,สวนลุมพินี(สุขภาพ)
32844362,รัชดา(รถยนต์)
32854433,สวนลุมพินี(สุขภาพ)
32854466,รัชดา(รถยนต์)
32857819,ศาลาประชาคม(สังคม)
32857819,สวนลุมพินี(สุขภาพ)
32866637,รัชดา(รถยนต์)
32866637,สินธร(การลงทุน)
32866637,สวนลุมพินี(สุขภาพ)
32870745,รัชดา(รถยนต์)
32872118,สวนลุมพินี(สุขภาพ)
32872118,ไกลบ้าน(ต่างประเทศ)
32888852,รัชดา(รถยนต์)
32892090,สวนลุมพินี(สุขภาพ)
32892090,สินธร(การลงทุน)
32892090,ศาลาประชาคม(สังคม)
32900471,ศาลาประชาคม(สังคม)
32900471,รัชดา(รถยนต์)
32905798,สวนลุมพินี(สุขภาพ)
32907202,รัชดา(รถยนต์)
32918208,รัชดา(รถยนต์)
32926740,สวนลุมพินี(สุขภาพ)
32935825,รัชดา(รถยนต์)
32937060,รัชดา(รถยนต์)
32938039,สวนลุมพินี(สุขภาพ)
32941574,รัชดา(รถยนต์)
32941902,สวนลุมพินี(สุขภาพ)
32945079,สวนลุมพินี(สุขภาพ)
32960048,ชานเรือน(ครอบครัว)
32960048,ศาลาประชาคม(สังคม)
32960048,สวนลุมพินี(สุขภาพ)
32960048,สีลม(ธุรกิจ)
32966834,สินธร(การลงทุน)
32966834,ชายคา(ที่อยู่อาศัย)
32966834,สวนลุมพินี(สุขภาพ)
32968030,สินธร(การลงทุน)
32968030,สวนลุมพินี(สุขภาพ)
32969056,สินธร(การลงทุน)
32969056,สวนลุมพินี(สุขภาพ)
32969056,สีลม(ธุรกิจ)
32976378,รัชดา(รถยนต์)
32983864,รัชดา(รถยนต์)
32998825,รัชดา(รถยนต์)
33000737,รัชดา(รถยนต์)
33012182,ศาลาประชาคม(สังคม)
33012182,รัชดา(รถยนต์)
33019535,สวนลุมพินี(สุขภาพ)
33019535,ชายคา(ที่อยู่อาศัย)
33019535,สินธร(การลงทุน)
33019590,รัชดา(รถยนต์)
33025549,ศาลาประชาคม(สังคม)
33025549,รัชดา(รถยนต์)
33026237,รัชดา(รถยนต์)
33026558,สวนลุมพินี(สุขภาพ)
33038180,รัชดา(รถยนต์)
33060143,สวนลุมพินี(สุขภาพ)
33060143,สินธร(การลงทุน)
33060698,รัชดา(รถยนต์)
33062689,สวนลุมพินี(สุขภาพ)
33062689,สินธร(การลงทุน)
33062689,สีลม(ธุรกิจ)
33062950,รัชดา(รถยนต์)
33064534,รัชดา(รถยนต์)
33064534,สินธร(การลงทุน)
33064534,สวนลุมพินี(สุขภาพ)
33066984,บลูแพลนเน็ต(ท่องเที่ยว)
33068330,ศาลาประชาคม(สังคม)
33068330,รัชดา(รถยนต์)
33073394,รัชดา(รถยนต์)
33073618,ศาลาประชาคม(สังคม)
33073618,รัชดา(รถยนต์)
33077190,ศาลาประชาคม(สังคม)
33077190,สวนลุมพินี(สุขภาพ)
33077190,สินธร(การลงทุน)
33077190,สีลม(ธุรกิจ)
33081755,ชานเรือน(ครอบครัว)
33081755,สวนลุมพินี(สุขภาพ)
33081755,สินธร(การลงทุน)
33081755,ศาลาประชาคม(สังคม)
33084181,รัชดา(รถยนต์)
33086671,รัชดา(รถยนต์)
33091338,รัชดา(รถยนต์)
33098411,รัชดา(รถยนต์)
33101428,รัชดา(รถยนต์)
33101428,ชายคา(ที่อยู่อาศัย)
33102029,รัชดา(รถยนต์)
33103879,รัชดา(รถยนต์)
33104389,สินธร(การลงทุน)
33104389,สวนลุมพินี(สุขภาพ)
33110499,รัชดา(รถยนต์)
33115908,ศาลาประชาคม(สังคม)
33115908,รัชดา(รถยนต์)
33133484,ศาลาประชาคม(สังคม)
33133484,สวนลุมพินี(สุขภาพ)
33136977,รัชดา(รถยนต์)
33138801,รัชดา(รถยนต์)
33139331,ศาลาประชาคม(สังคม)
33139331,รัชดา(รถยนต์)
33143146,ศาลาประชาคม(สังคม)
33143146,รัชดา(รถยนต์)
33151575,รัชดา(รถยนต์)
33152802,รัชดา(รถยนต์)
33191703,ศาลาประชาคม(สังคม)
33191703,รัชดา(รถยนต์)
33193754,รัชดา(รถยนต์)
33203190,ศาลาประชาคม(สังคม)
33203190,สินธร(การลงทุน)
33203190,สวนลุมพินี(สุขภาพ)
33208467,รัชดา(รถยนต์)
33216124,รัชดา(รถยนต์)
33222696,รัชดา(รถยนต์)
33234884,สินธร(การลงทุน)
33234884,สวนลุมพินี(สุขภาพ)
33248396,สวนลุมพินี(สุขภาพ)
33244948,ศาลาประชาคม(สังคม)
33244948,รัชดา(รถยนต์)
33246469,ศาลาประชาคม(สังคม)
33246469,สินธร(การลงทุน)
33246469,สวนลุมพินี(สุขภาพ)
33247383,รัชดา(รถยนต์)
33247383,ศาลาประชาคม(สังคม)
33253919,รัชดา(รถยนต์)
33263241,ศาลาประชาคม(สังคม)
33263241,สวนลุมพินี(สุขภาพ)
33265218,สวนลุมพินี(สุขภาพ)
33269967,สินธร(การลงทุน)
33269967,ศาลาประชาคม(สังคม)
33269967,สวนลุมพินี(สุขภาพ)
33270230,ศาลาประชาคม(สังคม)
33270230,รัชดา(รถยนต์)
33271280,สวนลุมพินี(สุขภาพ)
33271280,สินธร(การลงทุน)
33278992,รัชดา(รถยนต์)
33281718,สวนลุมพินี(สุขภาพ)
33284063,รัชดา(รถยนต์)
33293155,ศาลาประชาคม(สังคม)
33293155,รัชดา(รถยนต์)
33293155,บลูแพลนเน็ต(ท่องเที่ยว)
33294230,บลูแพลนเน็ต(ท่องเที่ยว)
33309043,ศาลาประชาคม(สังคม)
33309043,รัชดา(รถยนต์)
33309769,ศาลาประชาคม(สังคม)
33309769,สวนลุมพินี(สุขภาพ)
33311154,ศาลาประชาคม(สังคม)
33311154,สวนลุมพินี(สุขภาพ)
33312329,ศาลาประชาคม(สังคม)
33312329,สวนลุมพินี(สุขภาพ)
33318004,รัชดา(รถยนต์)
33321452,รัชดา(รถยนต์)
33321816,รัชดา(รถยนต์)
33324530,รัชดา(รถยนต์)
33333033,ชานเรือน(ครอบครัว)
33333033,สวนลุมพินี(สุขภาพ)
33335803,สวนลุมพินี(สุขภาพ)
33335803,ศาลาประชาคม(สังคม)
33335803,สีลม(ธุรกิจ)
33342943,สินธร(การลงทุน)
33342943,สวนลุมพินี(สุขภาพ)
33344137,ชานเรือน(ครอบครัว)
33344137,สวนลุมพินี(สุขภาพ)
33349267,ศาลาประชาคม(สังคม)
33349267,สินธร(การลงทุน)
33349267,สวนลุมพินี(สุขภาพ)
33352888,ศาลาประชาคม(สังคม)
33352888,สวนลุมพินี(สุขภาพ)
33373676,สวนลุมพินี(สุขภาพ)
33404786,สวนลุมพินี(สุขภาพ)
33404786,ชานเรือน(ครอบครัว)
33407552,รัชดา(รถยนต์)
33411055,สวนลุมพินี(สุขภาพ)
33411055,ศาลาประชาคม(สังคม)
33411055,สินธร(การลงทุน)
33411638,ศาลาประชาคม(สังคม)
33411638,สินธร(การลงทุน)
33411638,สวนลุมพินี(สุขภาพ)
33412558,รัชดา(รถยนต์)
33416800,สินธร(การลงทุน)
33417897,สวนลุมพินี(สุขภาพ)
33427107,ชานเรือน(ครอบครัว)
33427107,สวนลุมพินี(สุขภาพ)
33430265,สวนลุมพินี(สุขภาพ)
33432037,รัชดา(รถยนต์)
33433434,สวนลุมพินี(สุขภาพ)
33433434,รัชดา(รถยนต์)
33433434,สินธร(การลงทุน)
33439479,รัชดา(รถยนต์)
33443547,สวนลุมพินี(สุขภาพ)
33448343,รัชดา(รถยนต์)
33476200,สินธร(การลงทุน)
33476200,สีลม(ธุรกิจ)
33476200,สวนลุมพินี(สุขภาพ)
33476520,สวนลุมพินี(สุขภาพ)
33496475,รัชดา(รถยนต์)
33503263,รัชดา(รถยนต์)
33503263,สีลม(ธุรกิจ)
33505999,ชานเรือน(ครอบครัว)
33505999,สวนลุมพินี(สุขภาพ)
33513735,รัชดา(รถยนต์)
33522798,ศาลาประชาคม(สังคม)
33522798,รัชดา(รถยนต์)
33524638,รัชดา(รถยนต์)
33524638,สินธร(การลงทุน)
33524638,สวนลุมพินี(สุขภาพ)
33531572,สวนลุมพินี(สุขภาพ)
33541876,รัชดา(รถยนต์)
33541876,ชายคา(ที่อยู่อาศัย)
33541876,ศาลาประชาคม(สังคม)
33547271,รัชดา(รถยนต์)
33551122,ศาลาประชาคม(สังคม)
33551122,สวนลุมพินี(สุขภาพ)
33564119,ศาลาประชาคม(สังคม)
33564119,รัชดา(รถยนต์)
33574121,ไกลบ้าน(ต่างประเทศ)
33574121,บลูแพลนเน็ต(ท่องเที่ยว)
33590659,สวนลุมพินี(สุขภาพ)
33592203,รัชดา(รถยนต์)
33593259,สวนลุมพินี(สุขภาพ)
33593259,สินธร(การลงทุน)
33601364,รัชดา(รถยนต์)
33614564,รัชดา(รถยนต์)
33620460,ศาลาประชาคม(สังคม)
33620460,สินธร(การลงทุน)
33620460,สวนลุมพินี(สุขภาพ)
33628932,ศาลาประชาคม(สังคม)
33628932,สวนลุมพินี(สุขภาพ)
33631051,ชานเรือน(ครอบครัว)
33631051,สวนลุมพินี(สุขภาพ)
33637560,ศาลาประชาคม(สังคม)
33637560,สวนลุมพินี(สุขภาพ)
33639031,รัชดา(รถยนต์)
33646399,รัชดา(รถยนต์)
33651811,สวนลุมพินี(สุขภาพ)
33651986,ศาลาประชาคม(สังคม)
33651986,รัชดา(รถยนต์)
33670303,รัชดา(รถยนต์)
33676492,สวนลุมพินี(สุขภาพ)
33698724,ศาลาประชาคม(สังคม)
33698724,สวนลุมพินี(สุขภาพ)
33699431,ศาลาประชาคม(สังคม)
33699431,สวนลุมพินี(สุขภาพ)
33706173,สินธร(การลงทุน)
33706173,รัชดา(รถยนต์)
33706173,สีลม(ธุรกิจ)
33715353,ศาลาประชาคม(สังคม)
33715353,สวนลุมพินี(สุขภาพ)
33715511,ศาลาประชาคม(สังคม)
33715511,สวนลุมพินี(สุขภาพ)
33715511,สีลม(ธุรกิจ)
33722540,สวนลุมพินี(สุขภาพ)
33722540,สินธร(การลงทุน)
33723509,รัชดา(รถยนต์)
33732282,รัชดา(รถยนต์)
33732764,ศาลาประชาคม(สังคม)
33732764,สวนลุมพินี(สุขภาพ)
33735951,สวนลุมพินี(สุขภาพ)
33738671,รัชดา(รถยนต์)
33743763,รัชดา(รถยนต์)
33743763,ศาลาประชาคม(สังคม)
33743787,รัชดา(รถยนต์)
33748188,รัชดา(รถยนต์)
33755731,รัชดา(รถยนต์)
33760078,ศาลาประชาคม(สังคม)
33760078,รัชดา(รถยนต์)
33762084,สวนลุมพินี(สุขภาพ)
33769704,บลูแพลนเน็ต(ท่องเที่ยว)
33769704,ศาลาประชาคม(สังคม)
33772113,ศาลาประชาคม(สังคม)
33772113,รัชดา(รถยนต์)
33779974,สินธร(การลงทุน)
33779974,ศาลาประชาคม(สังคม)
33779974,สวนลุมพินี(สุขภาพ)
33787889,ศาลาประชาคม(สังคม)
33787889,สวนลุมพินี(สุขภาพ)
33791857,รัชดา(รถยนต์)
33794192,ศาลาประชาคม(สังคม)
33794192,สินธร(การลงทุน)
33794192,รัชดา(รถยนต์)
33796565,รัชดา(รถยนต์)
33797499,สวนลุมพินี(สุขภาพ)
33801595,รัชดา(รถยนต์)
33801595,ชายคา(ที่อยู่อาศัย)
33801595,ภูมิภาค(ภูมิภาค)
33812586,สวนลุมพินี(สุขภาพ)
33821811,ศาลาประชาคม(สังคม)
33821811,สินธร(การลงทุน)
33821811,รัชดา(รถยนต์)
33825524,สวนลุมพินี(สุขภาพ)
33842382,รัชดา(รถยนต์)
33845518,ศาลาประชาคม(สังคม)
33845518,สวนลุมพินี(สุขภาพ)
33847734,รัชดา(รถยนต์)
33852022,รัชดา(รถยนต์)
33855829,สวนลุมพินี(สุขภาพ)
33860276,รัชดา(รถยนต์)
33865475,ศาลาประชาคม(สังคม)
33865475,สวนลุมพินี(สุขภาพ)
33869005,ศาลาประชาคม(สังคม)
33869005,มาบุญครอง(มือถือ)
33869005,รัชดา(รถยนต์)
33869933,สีลม(ธุรกิจ)
33869933,สินธร(การลงทุน)
33869933,ศาลาประชาคม(สังคม)
33869933,สวนลุมพินี(สุขภาพ)
33873345,ศาลาประชาคม(สังคม)
33873345,สวนลุมพินี(สุขภาพ)
33873345,สินธร(การลงทุน)
33875216,ศาลาประชาคม(สังคม)
33875216,สวนลุมพินี(สุขภาพ)
33877106,รัชดา(รถยนต์)
33879442,สวนลุมพินี(สุขภาพ)
33884813,รัชดา(รถยนต์)
33894927,รัชดา(รถยนต์)
33896192,สวนลุมพินี(สุขภาพ)
33899733,ศาลาประชาคม(สังคม)
33899733,สวนลุมพินี(สุขภาพ)
33902756,สวนลุมพินี(สุขภาพ)
33904575,ภูมิภาค(ภูมิภาค)
33904575,รัชดา(รถยนต์)
33910910,สวนลุมพินี(สุขภาพ)
33910910,สินธร(การลงทุน)
33911652,สวนลุมพินี(สุขภาพ)
33913047,รัชดา(รถยนต์)
33933260,รัชดา(รถยนต์)
33935650,ดิโอลด์สยาม(ผู้สูงอายุ)
33935650,สวนลุมพินี(สุขภาพ)
33936548,ศาลาประชาคม(สังคม)
33936548,รัชดา(รถยนต์)
33939731,สวนลุมพินี(สุขภาพ)
33943890,สวนลุมพินี(สุขภาพ)
33953324,ศาลาประชาคม(สังคม)
33953324,สินธร(การลงทุน)
33953324,สวนลุมพินี(สุขภาพ)
33956020,สวนลุมพินี(สุขภาพ)
33956020,รัชดา(รถยนต์)
33959381,สวนลุมพินี(สุขภาพ)
33959381,สินธร(การลงทุน)
33959706,รัชดา(รถยนต์)
33960236,สวนลุมพินี(สุขภาพ)
33960677,รัชดา(รถยนต์)
33963515,รัชดา(รถยนต์)
33967395,ศาลาประชาคม(สังคม)
33967395,สวนลุมพินี(สุขภาพ)
33976020,รัชดา(รถยนต์)
33976248,สวนลุมพินี(สุขภาพ)
33982961,รัชดา(รถยนต์)
33994582,รัชดา(รถยนต์)
34006491,สินธร(การลงทุน)
34006491,สวนลุมพินี(สุขภาพ)
34006491,ศาลาประชาคม(สังคม)
34007470,สวนลุมพินี(สุขภาพ)
34007470,สินธร(การลงทุน)
34007470,ชานเรือน(ครอบครัว)
34007470,สีลม(ธุรกิจ)
34010529,รัชดา(รถยนต์)
34014324,ศาลาประชาคม(สังคม)
34014324,สวนลุมพินี(สุขภาพ)
34014324,สินธร(การลงทุน)
34018638,รัชดา(รถยนต์)
34020455,สินธร(การลงทุน)
34020455,สวนลุมพินี(สุขภาพ)
34036076,สวนลุมพินี(สุขภาพ)
34041238,ศาลาประชาคม(สังคม)
34041238,รัชดา(รถยนต์)
34041632,ศาลาประชาคม(สังคม)
34041632,สินธร(การลงทุน)
34041632,สวนลุมพินี(สุขภาพ)
34067078,บลูแพลนเน็ต(ท่องเที่ยว)
34082283,รัชดา(รถยนต์)
34096454,รัชดา(รถยนต์)
34096454,ศาลาประชาคม(สังคม)
34098087,รัชดา(รถยนต์)
34100001,สวนลุมพินี(สุขภาพ)
34100001,ศาลาประชาคม(สังคม)
34102092,ศาลาประชาคม(สังคม)
34102092,สวนลุมพินี(สุขภาพ)
34113318,สินธร(การลงทุน)
34113318,รัชดา(รถยนต์)
34113388,ศาลาประชาคม(สังคม)
34113388,สวนลุมพินี(สุขภาพ)
34113388,ไกลบ้าน(ต่างประเทศ)
34117903,สวนลุมพินี(สุขภาพ)
34121608,ศาลาประชาคม(สังคม)
34121608,รัชดา(รถยนต์)
34121608,สีลม(ธุรกิจ)
34133813,รัชดา(รถยนต์)
34134387,รัชดา(รถยนต์)
34153846,รัชดา(รถยนต์)
34155064,สินธร(การลงทุน)
34155064,สวนลุมพินี(สุขภาพ)
34162093,รัชดา(รถยนต์)
34162097,ศาลาประชาคม(สังคม)
34162097,สินธร(การลงทุน)
34162097,สวนลุมพินี(สุขภาพ)
34162097,สีลม(ธุรกิจ)
34166469,ศาลาประชาคม(สังคม)
34166469,สินธร(การลงทุน)
34166469,รัชดา(รถยนต์)
34167066,ศาลาประชาคม(สังคม)
34167066,สินธร(การลงทุน)
34167066,สวนลุมพินี(สุขภาพ)
34175845,รัชดา(รถยนต์)
34182892,รัชดา(รถยนต์)
34182892,ศาลาประชาคม(สังคม)
34182892,สินธร(การลงทุน)
34182892,สวนลุมพินี(สุขภาพ)
34192219,สวนลุมพินี(สุขภาพ)
34192219,ชานเรือน(ครอบครัว)
34192247,ศาลาประชาคม(สังคม)
34192247,สวนลุมพินี(สุขภาพ)
34192247,รัชดา(รถยนต์)
34194863,ชานเรือน(ครอบครัว)
34194863,สวนลุมพินี(สุขภาพ)
34194863,ศาลาประชาคม(สังคม)
34202288,ศาลาประชาคม(สังคม)
34202288,สวนลุมพินี(สุขภาพ)
34202288,รัชดา(รถยนต์)
34204772,ศาลาประชาคม(สังคม)
34204772,สวนลุมพินี(สุขภาพ)
34205819,ชานเรือน(ครอบครัว)
34205819,สวนลุมพินี(สุขภาพ)
34212288,ชานเรือน(ครอบครัว)
34212288,สวนลุมพินี(สุขภาพ)
34212288,ไกลบ้าน(ต่างประเทศ)
34214497,สวนลุมพินี(สุขภาพ)
34217129,สวนลุมพินี(สุขภาพ)
34217129,ศาลาประชาคม(สังคม)
34225459,ศาลาประชาคม(สังคม)
34225459,รัชดา(รถยนต์)
34229935,สวนลุมพินี(สุขภาพ)
34238136,สวนลุมพินี(สุขภาพ)
34238198,สินธร(การลงทุน)
34238198,สวนลุมพินี(สุขภาพ)
34240242,ศาลาประชาคม(สังคม)
34240242,สวนลุมพินี(สุขภาพ)
34246563,สวนลุมพินี(สุขภาพ)
34246634,สวนลุมพินี(สุขภาพ)
34267346,รัชดา(รถยนต์)
34268327,สินธร(การลงทุน)
34268327,รัชดา(รถยนต์)
34272963,สินธร(การลงทุน)
34272963,สวนลุมพินี(สุขภาพ)
34273682,สวนลุมพินี(สุขภาพ)
34277247,ศาลาประชาคม(สังคม)
34277247,รัชดา(รถยนต์)
34280846,ศาลาประชาคม(สังคม)
34280846,สวนลุมพินี(สุขภาพ)
34281184,ศาลาประชาคม(สังคม)
34281184,สวนลุมพินี(สุขภาพ)
34282072,สวนลุมพินี(สุขภาพ)
34282072,สินธร(การลงทุน)
34282072,รัชดา(รถยนต์)
34286274,รัชดา(รถยนต์)
34288624,รัชดา(รถยนต์)
34307244,ศาลาประชาคม(สังคม)
34307244,สินธร(การลงทุน)
34307244,สวนลุมพินี(สุขภาพ)
34313983,รัชดา(รถยนต์)
34315197,รัชดา(รถยนต์)
34318400,รัชดา(รถยนต์)
34327419,สินธร(การลงทุน)
34327419,สวนลุมพินี(สุขภาพ)
34332826,รัชดา(รถยนต์)
34332826,สินธร(การลงทุน)
34332826,สวนลุมพินี(สุขภาพ)
34336249,สวนลุมพินี(สุขภาพ)
34336249,ศาลาประชาคม(สังคม)
34357375,ศาลาประชาคม(สังคม)
34357375,สวนลุมพินี(สุขภาพ)
34357375,สินธร(การลงทุน)
34366062,รัชดา(รถยนต์)
34366603,สวนลุมพินี(สุขภาพ)
34366603,สินธร(การลงทุน)
34377036,ศาลาประชาคม(สังคม)
34377036,สวนลุมพินี(สุขภาพ)
34377036,สีลม(ธุรกิจ)
34385155,ศาลาประชาคม(สังคม)
34385155,สวนลุมพินี(สุขภาพ)
34385155,รัชดา(รถยนต์)
34393127,ศาลาประชาคม(สังคม)
34393127,สวนลุมพินี(สุขภาพ)
34393127,สินธร(การลงทุน)
34396483,รัชดา(รถยนต์)
34407451,ศาลาประชาคม(สังคม)
34407451,รัชดา(รถยนต์)
34442194,ศาลาประชาคม(สังคม)
34442194,สวนลุมพินี(สุขภาพ)
34442194,สยามสแควร์(วัยรุ่น)
34446380,ศาลาประชาคม(สังคม)
34446380,รัชดา(รถยนต์)
34447139,สินธร(การลงทุน)
34447139,สวนลุมพินี(สุขภาพ)
34452100,สินธร(การลงทุน)
34452100,สวนลุมพินี(สุขภาพ)
34452100,สีลม(ธุรกิจ)
34455330,รัชดา(รถยนต์)
34456850,ศาลาประชาคม(สังคม)
34456850,สวนลุมพินี(สุขภาพ)
34459525,รัชดา(รถยนต์)
34464012,สวนลุมพินี(สุขภาพ)
34468122,รัชดา(รถยนต์)
34469810,สวนลุมพินี(สุขภาพ)
34469810,สีลม(ธุรกิจ)
34472068,ศาลาประชาคม(สังคม)
34472068,สินธร(การลงทุน)
34472068,สวนลุมพินี(สุขภาพ)
34475817,สวนลุมพินี(สุขภาพ)
34476854,ศาลาประชาคม(สังคม)
34476854,รัชดา(รถยนต์)
34480401,สวนลุมพินี(สุขภาพ)
34482926,รัชดา(รถยนต์)
34485269,รัชดา(รถยนต์)
34492282,สวนลุมพินี(สุขภาพ)
34495100,สวนลุมพินี(สุขภาพ)
34496240,ศาลาประชาคม(สังคม)
34496240,สวนลุมพินี(สุขภาพ)
34499258,ศาลาประชาคม(สังคม)
34499258,สวนลุมพินี(สุขภาพ)
34507073,ศาลาประชาคม(สังคม)
34507073,สินธร(การลงทุน)
34507073,สวนลุมพินี(สุขภาพ)
34507975,สวนลุมพินี(สุขภาพ)
34509135,สวนลุมพินี(สุขภาพ)
34514870,ศาลาประชาคม(สังคม)
34514870,สินธร(การลงทุน)
34514870,สวนลุมพินี(สุขภาพ)
34525201,สวนลุมพินี(สุขภาพ)
34525927,รัชดา(รถยนต์)
34539074,สินธร(การลงทุน)
34539074,สวนลุมพินี(สุขภาพ)
34539074,สีลม(ธุรกิจ)
34544911,ศาลาประชาคม(สังคม)
34545673,ชานเรือน(ครอบครัว)
34545673,สวนลุมพินี(สุขภาพ)
34547199,สวนลุมพินี(สุขภาพ)
34554075,ศาลาประชาคม(สังคม)
34554075,สินธร(การลงทุน)
34554075,สวนลุมพินี(สุขภาพ)
34554075,สีลม(ธุรกิจ)
34558798,รัชดา(รถยนต์)
34558920,ศาลาประชาคม(สังคม)
34558920,สวนลุมพินี(สุขภาพ)
34559477,สวนลุมพินี(สุขภาพ)
34559477,สินธร(การลงทุน)
34560766,บลูแพลนเน็ต(ท่องเที่ยว)
34566824,ชานเรือน(ครอบครัว)
34566824,สวนลุมพินี(สุขภาพ)
34566918,สวนลุมพินี(สุขภาพ)
34566923,ศาลาประชาคม(สังคม)
34566923,รัชดา(รถยนต์)
34567477,ศาลาประชาคม(สังคม)
34567477,สินธร(การลงทุน)
34567477,รัชดา(รถยนต์)
34576940,สีลม(ธุรกิจ)
34576940,ศาลาประชาคม(สังคม)
34576940,สวนลุมพินี(สุขภาพ)
34583765,สินธร(การลงทุน)
34583765,สวนลุมพินี(สุขภาพ)
34590961,ศาลาประชาคม(สังคม)
34590961,รัชดา(รถยนต์)
34599098,ศาลาประชาคม(สังคม)
34599098,รัชดา(รถยนต์)
34599101,สวนลุมพินี(สุขภาพ)
34599101,สินธร(การลงทุน)
34599101,ศาลาประชาคม(สังคม)
34600167,สินธร(การลงทุน)
34600167,รัชดา(รถยนต์)
34600167,สีลม(ธุรกิจ)
34606005,รัชดา(รถยนต์)
34607186,ชานเรือน(ครอบครัว)
34607186,สินธร(การลงทุน)
34607186,สวนลุมพินี(สุขภาพ)
34609699,รัชดา(รถยนต์)
34610857,สวนลุมพินี(สุขภาพ)
34612009,สวนลุมพินี(สุขภาพ)
34612009,สินธร(การลงทุน)
34619210,รัชดา(รถยนต์)
34621470,สวนลุมพินี(สุขภาพ)
34624471,สวนลุมพินี(สุขภาพ)
34636870,รัชดา(รถยนต์)
34636870,สีลม(ธุรกิจ)
34650475,สวนลุมพินี(สุขภาพ)
34650978,รัชดา(รถยนต์)
34656581,สวนลุมพินี(สุขภาพ)
34659184,ชานเรือน(ครอบครัว)
34659184,สวนลุมพินี(สุขภาพ)
34666635,รัชดา(รถยนต์)
34670142,สินธร(การลงทุน)
34670142,สวนลุมพินี(สุขภาพ)
34676201,สวนลุมพินี(สุขภาพ)
34676201,สินธร(การลงทุน)
34678511,สวนลุมพินี(สุขภาพ)
34685287,สวนลุมพินี(สุขภาพ)
34685287,สินธร(การลงทุน)
34693531,สวนลุมพินี(สุขภาพ)
34693531,รัชดา(รถยนต์)
34696848,ศาลาประชาคม(สังคม)
34696848,รัชดา(รถยนต์)
34700093,รัชดา(รถยนต์)
34708740,สวนลุมพินี(สุขภาพ)
34708740,ไกลบ้าน(ต่างประเทศ)
34711807,สีลม(ธุรกิจ)
34711807,สวนลุมพินี(สุขภาพ)
34711807,สินธร(การลงทุน)
34713100,ศาลาประชาคม(สังคม)
34713100,สินธร(การลงทุน)
34713100,สวนลุมพินี(สุขภาพ)
34713474,สวนลุมพินี(สุขภาพ)
34722348,รัชดา(รถยนต์)
34728408,บลูแพลนเน็ต(ท่องเที่ยว)
34734348,รัชดา(รถยนต์)
34742763,รัชดา(รถยนต์)
34751594,รัชดา(รถยนต์)
34757301,รัชดา(รถยนต์)
34761006,สวนลุมพินี(สุขภาพ)
34789895,รัชดา(รถยนต์)
34800246,รัชดา(รถยนต์)
34811027,รัชดา(รถยนต์)
34811885,สินธร(การลงทุน)
34811885,สวนลุมพินี(สุขภาพ)
34815940,ศาลาประชาคม(สังคม)
34815940,รัชดา(รถยนต์)
34816981,รัชดา(รถยนต์)
34878413,สวนลุมพินี(สุขภาพ)
34878413,สินธร(การลงทุน)
34886295,ศาลาประชาคม(สังคม)
34886295,สินธร(การลงทุน)
34886295,สวนลุมพินี(สุขภาพ)
34886495,ศาลาประชาคม(สังคม)
34886495,รัชดา(รถยนต์)
34896021,สวนลุมพินี(สุขภาพ)
34899477,รัชดา(รถยนต์)
34902690,ศาลาประชาคม(สังคม)
34902690,รัชดา(รถยนต์)
34903913,รัชดา(รถยนต์)
34906010,สินธร(การลงทุน)
34906010,รัชดา(รถยนต์)
34910199,ศาลาประชาคม(สังคม)
34910199,สวนลุมพินี(สุขภาพ)
34910413,ศาลาประชาคม(สังคม)
34910413,สินธร(การลงทุน)
34910413,รัชดา(รถยนต์)
34910413,บางรัก(ความรัก)
34919048,บลูแพลนเน็ต(ท่องเที่ยว)
34923981,สินธร(การลงทุน)
34923981,สวนลุมพินี(สุขภาพ)
34923981,สีลม(ธุรกิจ)
34924073,ศาลาประชาคม(สังคม)
34924073,สวนลุมพินี(สุขภาพ)
34925591,รัชดา(รถยนต์)
34933419,สวนลุมพินี(สุขภาพ)
34933419,รัชดา(รถยนต์)
34933419,สินธร(การลงทุน)
34936889,สวนลุมพินี(สุขภาพ)
34942934,สินธร(การลงทุน)
34942934,ชายคา(ที่อยู่อาศัย)
34942934,สวนลุมพินี(สุขภาพ)
34945840,ศาลาประชาคม(สังคม)
34945840,สินธร(การลงทุน)
34945840,สวนลุมพินี(สุขภาพ)
34956775,ศาลาประชาคม(สังคม)
34956775,รัชดา(รถยนต์)
34959636,ศาลาประชาคม(สังคม)
34959636,สวนลุมพินี(สุขภาพ)
34962915,สวนลุมพินี(สุขภาพ)
34967815,สวนลุมพินี(สุขภาพ)
34971910,ศาลาประชาคม(สังคม)
34971910,สวนลุมพินี(สุขภาพ)
34975765,รัชดา(รถยนต์)
34979084,รัชดา(รถยนต์)
34984334,รัชดา(รถยนต์)
34987352,สินธร(การลงทุน)
34987352,สวนลุมพินี(สุขภาพ)
34988815,ศาลาประชาคม(สังคม)
34988815,สวนลุมพินี(สุขภาพ)
34988815,สินธร(การลงทุน)
34999267,สวนลุมพินี(สุขภาพ)
34999267,สินธร(การลงทุน)
34999824,ศาลาประชาคม(สังคม)
34999824,สวนลุมพินี(สุขภาพ)
35004920,รัชดา(รถยนต์)
35017103,ศาลาประชาคม(สังคม)
35017103,สวนลุมพินี(สุขภาพ)
35018430,ศาลาประชาคม(สังคม)
35018430,รัชดา(รถยนต์)
35024353,รัชดา(รถยนต์)
35027808,สวนลุมพินี(สุขภาพ)
35033047,ศาลาประชาคม(สังคม)
35033047,สวนลุมพินี(สุขภาพ)
35035466,สวนลุมพินี(สุขภาพ)
35050689,รัชดา(รถยนต์)
35063029,สวนลุมพินี(สุขภาพ)
35063029,สินธร(การลงทุน)
35065452,สวนลุมพินี(สุขภาพ)
35066064,รัชดา(รถยนต์)
35071226,สินธร(การลงทุน)
35071226,ศาลาประชาคม(สังคม)
35071226,สวนลุมพินี(สุขภาพ)
35073836,รัชดา(รถยนต์)
35082188,รัชดา(รถยนต์)
35082639,ศาลาประชาคม(สังคม)
35082639,รัชดา(รถยนต์)
35083187,รัชดา(รถยนต์)
35086724,รัชดา(รถยนต์)
35090810,ศาลาประชาคม(สังคม)
35090810,สวนลุมพินี(สุขภาพ)
35097111,สินธร(การลงทุน)
35097111,สวนลุมพินี(สุขภาพ)
35112911,ศาลาประชาคม(สังคม)
35112911,สวนลุมพินี(สุขภาพ)
35113022,ศาลาประชาคม(สังคม)
35113022,รัชดา(รถยนต์)
35117788,ศาลาประชาคม(สังคม)
35117788,รัชดา(รถยนต์)
35122133,รัชดา(รถยนต์)
35123017,รัชดา(รถยนต์)
35124014,รัชดา(รถยนต์)
35129364,รัชดา(รถยนต์)
35136984,สินธร(การลงทุน)
35136984,สวนลุมพินี(สุขภาพ)
35136984,สีลม(ธุรกิจ)
35137085,รัชดา(รถยนต์)
35141003,ศาลาประชาคม(สังคม)
35141003,สวนลุมพินี(สุขภาพ)
35143165,ศาลาประชาคม(สังคม)
35143165,สวนลุมพินี(สุขภาพ)
35143165,สินธร(การลงทุน)
35144514,รัชดา(รถยนต์)
35148219,ศาลาประชาคม(สังคม)
35148219,สวนลุมพินี(สุขภาพ)
35148554,สวนลุมพินี(สุขภาพ)
35149837,ศาลาประชาคม(สังคม)
35149837,สวนลุมพินี(สุขภาพ)
35154713,ศาลาประชาคม(สังคม)
35154713,สินธร(การลงทุน)
35154713,สวนลุมพินี(สุขภาพ)
35159556,สวนลุมพินี(สุขภาพ)
35161398,ศาลาประชาคม(สังคม)
35161398,รัชดา(รถยนต์)
35166160,รัชดา(รถยนต์)
35166160,ศาลาประชาคม(สังคม)
35174817,ศาลาประชาคม(สังคม)
35174817,สวนลุมพินี(สุขภาพ)
35174817,สินธร(การลงทุน)
35184147,สินธร(การลงทุน)
35184147,บลูแพลนเน็ต(ท่องเที่ยว)
35186199,รัชดา(รถยนต์)
35186940,สวนลุมพินี(สุขภาพ)
35189356,ศาลาประชาคม(สังคม)
35189356,รัชดา(รถยนต์)
35190097,สวนลุมพินี(สุขภาพ)
35191631,รัชดา(รถยนต์)
35199087,สวนลุมพินี(สุขภาพ)
35199252,ศาลาประชาคม(สังคม)
35199252,รัชดา(รถยนต์)
35200963,ศาลาประชาคม(สังคม)
35200963,บลูแพลนเน็ต(ท่องเที่ยว)
35202106,ศาลาประชาคม(สังคม)
35202106,รัชดา(รถยนต์)
35204718,ชานเรือน(ครอบครัว)
35204718,สวนลุมพินี(สุขภาพ)
35217572,ศาลาประชาคม(สังคม)
35217572,สวนลุมพินี(สุขภาพ)
35217572,รัชดา(รถยนต์)
35227915,สวนลุมพินี(สุขภาพ)
35227915,สินธร(การลงทุน)
35242480,ศาลาประชาคม(สังคม)
35242480,สินธร(การลงทุน)
35242480,สวนลุมพินี(สุขภาพ)
35243817,รัชดา(รถยนต์)
35248353,รัชดา(รถยนต์)
35249655,ศาลาประชาคม(สังคม)
35249655,สวนลุมพินี(สุขภาพ)
35251152,ศาลาประชาคม(สังคม)
35251152,สวนลุมพินี(สุขภาพ)
35251152,สินธร(การลงทุน)
35251180,ศาลาประชาคม(สังคม)
35251180,สวนลุมพินี(สุขภาพ)
35254112,สวนลุมพินี(สุขภาพ)
35254112,สินธร(การลงทุน)
35255802,ศาลาประชาคม(สังคม)
35255802,สวนลุมพินี(สุขภาพ)
35256952,รัชดา(รถยนต์)
35260674,สวนลุมพินี(สุขภาพ)
35264015,รัชดา(รถยนต์)
35269098,ศาลาประชาคม(สังคม)
35269098,สินธร(การลงทุน)
35269098,สวนลุมพินี(สุขภาพ)
35270703,ศาลาประชาคม(สังคม)
35270703,รัชดา(รถยนต์)
35270959,บลูแพลนเน็ต(ท่องเที่ยว)
35271594,ศาลาประชาคม(สังคม)
35271594,รัชดา(รถยนต์)
35273427,รัชดา(รถยนต์)
35274104,ศาลาประชาคม(สังคม)
35274104,สวนลุมพินี(สุขภาพ)
35278737,ศาลาประชาคม(สังคม)
35278737,สินธร(การลงทุน)
35278737,รัชดา(รถยนต์)
35280527,รัชดา(รถยนต์)
35281614,สวนลุมพินี(สุขภาพ)
35283423,ชานเรือน(ครอบครัว)
35283423,สวนลุมพินี(สุขภาพ)
35283423,ศาลาประชาคม(สังคม)
35284859,รัชดา(รถยนต์)
35292044,สินธร(การลงทุน)
35292044,สวนลุมพินี(สุขภาพ)
35292044,สีลม(ธุรกิจ)
35296867,ศาลาประชาคม(สังคม)
35296867,สวนลุมพินี(สุขภาพ)
35300270,ชานเรือน(ครอบครัว)
35300270,สวนลุมพินี(สุขภาพ)
35300270,สยามสแควร์(วัยรุ่น)
35307441,ศาลาประชาคม(สังคม)
35307441,สินธร(การลงทุน)
35307441,รัชดา(รถยนต์)
35310849,สวนลุมพินี(สุขภาพ)
35311199,ศาลาประชาคม(สังคม)
35311199,สวนลุมพินี(สุขภาพ)
35311199,สินธร(การลงทุน)
35317480,ชานเรือน(ครอบครัว)
35317480,สวนลุมพินี(สุขภาพ)
35318203,สวนลุมพินี(สุขภาพ)
35318203,สินธร(การลงทุน)
35319467,รัชดา(รถยนต์)
35328832,ศาลาประชาคม(สังคม)
35328832,สวนลุมพินี(สุขภาพ)
35333106,รัชดา(รถยนต์)
35333106,ศาลาประชาคม(สังคม)
35338072,สวนลุมพินี(สุขภาพ)
35338072,ศาลาประชาคม(สังคม)
35343542,ศาลาประชาคม(สังคม)
35343542,สวนลุมพินี(สุขภาพ)
35345029,สวนลุมพินี(สุขภาพ)
35346651,ศาลาประชาคม(สังคม)
35346651,สินธร(การลงทุน)
35346651,สวนลุมพินี(สุขภาพ)
35346948,สวนลุมพินี(สุขภาพ)
35348326,ศาลาประชาคม(สังคม)
35348326,สวนลุมพินี(สุขภาพ)
35348326,สินธร(การลงทุน)
35348531,สวนลุมพินี(สุขภาพ)
35363217,ศาลาประชาคม(สังคม)
35363217,สินธร(การลงทุน)
35363217,สวนลุมพินี(สุขภาพ)
35368153,รัชดา(รถยนต์)
35368153,ศาลาประชาคม(สังคม)
35368434,รัชดา(รถยนต์)
35369539,รัชดา(รถยนต์)
35369539,ศาลาประชาคม(สังคม)
35372502,รัชดา(รถยนต์)
35374672,ศาลาประชาคม(สังคม)
35374672,รัชดา(รถยนต์)
35378320,สวนลุมพินี(สุขภาพ)
35378320,ศาลาประชาคม(สังคม)
35392757,ศาลาประชาคม(สังคม)
35392757,สวนลุมพินี(สุขภาพ)
35392757,สินธร(การลงทุน)
35392757,สีลม(ธุรกิจ)
35393750,สวนลุมพินี(สุขภาพ)
35401594,รัชดา(รถยนต์)
35404384,ศาลาประชาคม(สังคม)
35404384,สวนลุมพินี(สุขภาพ)
35405363,รัชดา(รถยนต์)
35407704,ศาลาประชาคม(สังคม)
35407704,สวนลุมพินี(สุขภาพ)
35407704,สินธร(การลงทุน)
35408278,รัชดา(รถยนต์)
35409186,รัชดา(รถยนต์)
35409483,ศาลาประชาคม(สังคม)
35410299,สวนลุมพินี(สุขภาพ)
35418730,สินธร(การลงทุน)
35418730,สวนลุมพินี(สุขภาพ)
35418730,ศาลาประชาคม(สังคม)
35428658,ศาลาประชาคม(สังคม)
35428658,สินธร(การลงทุน)
35428658,สวนลุมพินี(สุขภาพ)
35437441,ศาลาประชาคม(สังคม)
35437441,สวนลุมพินี(สุขภาพ)
35443105,ศาลาประชาคม(สังคม)
35443105,สวนลุมพินี(สุขภาพ)
35443105,สินธร(การลงทุน)
35455270,รัชดา(รถยนต์)
35455270,ศาลาประชาคม(สังคม)
35458629,รัชดา(รถยนต์)
35461932,สวนลุมพินี(สุขภาพ)
35467809,สวนลุมพินี(สุขภาพ)
35471228,ศาลาประชาคม(สังคม)
35471228,สวนลุมพินี(สุขภาพ)
35471228,สินธร(การลงทุน)
35473761,สวนลุมพินี(สุขภาพ)
35473761,สินธร(การลงทุน)
35476082,ดิโอลด์สยาม(ผู้สูงอายุ)
35476082,ศาลาประชาคม(สังคม)
35476082,สวนลุมพินี(สุขภาพ)
35476321,สวนลุมพินี(สุขภาพ)
35479291,รัชดา(รถยนต์)
35491321,รัชดา(รถยนต์)
35496987,สวนลุมพินี(สุขภาพ)
35504756,รัชดา(รถยนต์)
35512062,ศาลาประชาคม(สังคม)
35512062,สินธร(การลงทุน)
35512062,สวนลุมพินี(สุขภาพ)
35513106,รัชดา(รถยนต์)
35517065,สวนลุมพินี(สุขภาพ)
35518627,ศาลาประชาคม(สังคม)
35518627,รัชดา(รถยนต์)
35518712,ชานเรือน(ครอบครัว)
35518712,สินธร(การลงทุน)
35518712,สวนลุมพินี(สุขภาพ)
35518712,สีลม(ธุรกิจ)
35520732,ศาลาประชาคม(สังคม)
35520732,สวนลุมพินี(สุขภาพ)
35520732,สินธร(การลงทุน)
35528747,รัชดา(รถยนต์)
35528978,รัชดา(รถยนต์)
35539769,ศาลาประชาคม(สังคม)
35539769,สวนลุมพินี(สุขภาพ)
35540355,รัชดา(รถยนต์)
35543767,ศาลาประชาคม(สังคม)
35543767,รัชดา(รถยนต์)
35549100,รัชดา(รถยนต์)
35549100,ศาลาประชาคม(สังคม)
35549462,สินธร(การลงทุน)
35549462,รัชดา(รถยนต์)
35552383,ศาลาประชาคม(สังคม)
35552383,สวนลุมพินี(สุขภาพ)
35552383,สินธร(การลงทุน)
35563914,ศาลาประชาคม(สังคม)
35563914,สวนลุมพินี(สุขภาพ)
35567380,ศาลาประชาคม(สังคม)
35567380,รัชดา(รถยนต์)
35568758,ศาลาประชาคม(สังคม)
35568758,รัชดา(รถยนต์)
35574580,สวนลุมพินี(สุขภาพ)
35578845,รัชดา(รถยนต์)
35578926,สินธร(การลงทุน)
35578926,สวนลุมพินี(สุขภาพ)
35578926,ชานเรือน(ครอบครัว)
35583283,สวนลุมพินี(สุขภาพ)
35583283,สินธร(การลงทุน)
35583283,ศาลาประชาคม(สังคม)
35589036,สีลม(ธุรกิจ)
35589036,สินธร(การลงทุน)
35589036,สวนลุมพินี(สุขภาพ)
35589330,ศาลาประชาคม(สังคม)
35589330,สวนลุมพินี(สุขภาพ)
35601674,สวนลุมพินี(สุขภาพ)
35601956,ศาลาประชาคม(สังคม)
35601956,สินธร(การลงทุน)
35601956,สวนลุมพินี(สุขภาพ)
35603690,ศาลาประชาคม(สังคม)
35603690,สวนลุมพินี(สุขภาพ)
35603690,ชายคา(ที่อยู่อาศัย)
35603690,สินธร(การลงทุน)
35609694,รัชดา(รถยนต์)
35611471,ศาลาประชาคม(สังคม)
35611471,สวนลุมพินี(สุขภาพ)
35616583,รัชดา(รถยนต์)
35622467,สินธร(การลงทุน)
35622467,สวนลุมพินี(สุขภาพ)
35628071,สวนลุมพินี(สุขภาพ)
35629386,ศาลาประชาคม(สังคม)
35629386,สินธร(การลงทุน)
35629386,รัชดา(รถยนต์)
35635425,ดิโอลด์สยาม(ผู้สูงอายุ)
35635425,สวนลุมพินี(สุขภาพ)
35640800,ศาลาประชาคม(สังคม)
35640800,รัชดา(รถยนต์)
35649609,ศาลาประชาคม(สังคม)
35649609,สินธร(การลงทุน)
35649609,สวนลุมพินี(สุขภาพ)
35658963,สวนลุมพินี(สุขภาพ)
35663653,รัชดา(รถยนต์)
35663684,สินธร(การลงทุน)
35663684,ศาลาประชาคม(สังคม)
35663684,สวนลุมพินี(สุขภาพ)
35666751,ศาลาประชาคม(สังคม)
35666751,รัชดา(รถยนต์)
35667409,ศาลาประชาคม(สังคม)
35667409,สวนลุมพินี(สุขภาพ)
35667994,รัชดา(รถยนต์)
35670495,รัชดา(รถยนต์)
35673140,ศาลาประชาคม(สังคม)
35673140,สินธร(การลงทุน)
35673140,สวนลุมพินี(สุขภาพ)
35675762,ศาลาประชาคม(สังคม)
35675762,สวนลุมพินี(สุขภาพ)
35678315,ศาลาประชาคม(สังคม)
35678315,สวนลุมพินี(สุขภาพ)
35681040,รัชดา(รถยนต์)
35685848,ศาลาประชาคม(สังคม)
35685848,รัชดา(รถยนต์)
35689952,สวนลุมพินี(สุขภาพ)
35690428,ศาลาประชาคม(สังคม)
35690428,สวนลุมพินี(สุขภาพ)
35690428,สินธร(การลงทุน)
35694906,สวนลุมพินี(สุขภาพ)
35694906,สินธร(การลงทุน)
35695941,รัชดา(รถยนต์)
35700487,สวนลุมพินี(สุขภาพ)
35703583,ศาลาประชาคม(สังคม)
35703583,สวนลุมพินี(สุขภาพ)
35703583,รัชดา(รถยนต์)
35705321,สวนลุมพินี(สุขภาพ)
35723008,สวนลุมพินี(สุขภาพ)
35726993,ศาลาประชาคม(สังคม)
35726993,สวนลุมพินี(สุขภาพ)
35726993,สินธร(การลงทุน)
35737942,รัชดา(รถยนต์)
35740757,สวนลุมพินี(สุขภาพ)
35740757,สินธร(การลงทุน)
35740757,สีลม(ธุรกิจ)
35744470,ศาลาประชาคม(สังคม)
35744470,สวนลุมพินี(สุขภาพ)
35758081,ศาลาประชาคม(สังคม)
35758081,รัชดา(รถยนต์)
35760864,สวนลุมพินี(สุขภาพ)
35770786,ศาลาประชาคม(สังคม)
35770786,สวนลุมพินี(สุขภาพ)
35770786,สินธร(การลงทุน)
35772965,ศาลาประชาคม(สังคม)
35772965,สินธร(การลงทุน)
35772965,รัชดา(รถยนต์)
35774759,สวนลุมพินี(สุขภาพ)
35776543,สวนลุมพินี(สุขภาพ)
35776543,ศาลาประชาคม(สังคม)
35780037,ศาลาประชาคม(สังคม)
35780037,สวนลุมพินี(สุขภาพ)
35789696,สินธร(การลงทุน)
35789696,สวนลุมพินี(สุขภาพ)
35789696,ศาลาประชาคม(สังคม)
35799824,รัชดา(รถยนต์)
35799982,บลูแพลนเน็ต(ท่องเที่ยว)
35803453,ศาลาประชาคม(สังคม)
35803453,สวนลุมพินี(สุขภาพ)
35808503,ศาลาประชาคม(สังคม)
35808503,สวนลุมพินี(สุขภาพ)
35808503,สินธร(การลงทุน)
35808503,สีลม(ธุรกิจ)
35809141,ศาลาประชาคม(สังคม)
35809141,สวนลุมพินี(สุขภาพ)
35810734,สวนลุมพินี(สุขภาพ)
35810734,สินธร(การลงทุน)
35810734,ศาลาประชาคม(สังคม)
35814697,ศาลาประชาคม(สังคม)
35814697,สวนลุมพินี(สุขภาพ)
35823057,สวนลุมพินี(สุขภาพ)
35824128,ศาลาประชาคม(สังคม)
35824128,สวนลุมพินี(สุขภาพ)
35824128,รัชดา(รถยนต์)
35832838,รัชดา(รถยนต์)
35836284,ชานเรือน(ครอบครัว)
35836284,สวนลุมพินี(สุขภาพ)
35844252,สวนลุมพินี(สุขภาพ)
35844402,สินธร(การลงทุน)
35844402,ชายคา(ที่อยู่อาศัย)
35844402,สวนลุมพินี(สุขภาพ)
35844484,ชานเรือน(ครอบครัว)
35844484,สินธร(การลงทุน)
35844484,สวนลุมพินี(สุขภาพ)
35844545,รัชดา(รถยนต์)
35846861,รัชดา(รถยนต์)
35848435,สวนลุมพินี(สุขภาพ)
35848435,ศาลาประชาคม(สังคม)
35861058,ศาลาประชาคม(สังคม)
35861058,สวนลุมพินี(สุขภาพ)
35861058,สินธร(การลงทุน)
35861136,สวนลุมพินี(สุขภาพ)
35861683,ศาลาประชาคม(สังคม)
35861683,สินธร(การลงทุน)
35866078,สวนลุมพินี(สุขภาพ)
35866078,สินธร(การลงทุน)
35867039,สวนลุมพินี(สุขภาพ)
35870625,รัชดา(รถยนต์)
35886275,รัชดา(รถยนต์)
35886812,ศาลาประชาคม(สังคม)
35886812,รัชดา(รถยนต์)
35887581,ศาลาประชาคม(สังคม)
35887581,สวนลุมพินี(สุขภาพ)
35887581,สินธร(การลงทุน)
35887756,ศาลาประชาคม(สังคม)
35887756,สวนลุมพินี(สุขภาพ)
35892359,รัชดา(รถยนต์)
35894199,ศาลาประชาคม(สังคม)
35894199,รัชดา(รถยนต์)
35899308,สวนลุมพินี(สุขภาพ)
35899308,สินธร(การลงทุน)
35907449,ศาลาประชาคม(สังคม)
35907449,สวนลุมพินี(สุขภาพ)
35907449,สินธร(การลงทุน)
35913899,ศาลาประชาคม(สังคม)
35913899,สวนลุมพินี(สุขภาพ)
35918500,สวนลุมพินี(สุขภาพ)
35918500,สีลม(ธุรกิจ)
35918854,ศาลาประชาคม(สังคม)
35918854,สวนลุมพินี(สุขภาพ)
35919130,ศาลาประชาคม(สังคม)
35919130,สินธร(การลงทุน)
35919130,สวนลุมพินี(สุขภาพ)
35920347,ศาลาประชาคม(สังคม)
35920347,สวนลุมพินี(สุขภาพ)
35928379,ศาลาประชาคม(สังคม)
35928379,รัชดา(รถยนต์)
35930445,สวนลุมพินี(สุขภาพ)
35930445,สินธร(การลงทุน)
35930468,สวนลุมพินี(สุขภาพ)
35930468,สินธร(การลงทุน)
35936157,สวนลุมพินี(สุขภาพ)
35937006,ศาลาประชาคม(สังคม)
35937006,รัชดา(รถยนต์)
35939222,บลูแพลนเน็ต(ท่องเที่ยว)
35946606,ศาลาประชาคม(สังคม)
35946606,สวนลุมพินี(สุขภาพ)
35946606,สินธร(การลงทุน)
35950765,ศาลาประชาคม(สังคม)
35950765,สวนลุมพินี(สุขภาพ)
35952262,ชานเรือน(ครอบครัว)
35952262,สวนลุมพินี(สุขภาพ)
35952262,ศาลาประชาคม(สังคม)
35954423,ศาลาประชาคม(สังคม)
35954423,สินธร(การลงทุน)
35954423,ชายคา(ที่อยู่อาศัย)
35954423,สวนลุมพินี(สุขภาพ)
35963421,ศาลาประชาคม(สังคม)
35963421,สวนลุมพินี(สุขภาพ)
35963832,รัชดา(รถยนต์)
35967031,สินธร(การลงทุน)
35967031,รัชดา(รถยนต์)
35971190,ศาลาประชาคม(สังคม)
35971190,รัชดา(รถยนต์)
35971626,รัชดา(รถยนต์)
35975941,รัชดา(รถยนต์)
35976803,รัชดา(รถยนต์)
35982511,สวนลุมพินี(สุขภาพ)
35984158,ศาลาประชาคม(สังคม)
35984158,สินธร(การลงทุน)
35984158,สวนลุมพินี(สุขภาพ)
35985080,ศาลาประชาคม(สังคม)
35985080,รัชดา(รถยนต์)
35993757,ศาลาประชาคม(สังคม)
35993757,รัชดา(รถยนต์)
35997156,สวนลุมพินี(สุขภาพ)
36001082,สวนลุมพินี(สุขภาพ)
36002318,สวนลุมพินี(สุขภาพ)
36008946,ดิโอลด์สยาม(ผู้สูงอายุ)
36008946,สวนลุมพินี(สุขภาพ)
36012541,บลูแพลนเน็ต(ท่องเที่ยว)
36022968,ศาลาประชาคม(สังคม)
36022968,รัชดา(รถยนต์)
36026477,สวนลุมพินี(สุขภาพ)
36026477,สินธร(การลงทุน)
36026826,ชานเรือน(ครอบครัว)
36026826,สวนลุมพินี(สุขภาพ)
36029666,สวนลุมพินี(สุขภาพ)
36030792,รัชดา(รถยนต์)
36032254,รัชดา(รถยนต์)
36032474,รัชดา(รถยนต์)
36033869,สีลม(ธุรกิจ)
36033869,สวนลุมพินี(สุขภาพ)
36034529,ศาลาประชาคม(สังคม)
36034529,สวนลุมพินี(สุขภาพ)
36034529,สินธร(การลงทุน)
36036797,รัชดา(รถยนต์)
36039146,ศาลาประชาคม(สังคม)
36039146,สวนลุมพินี(สุขภาพ)
36042169,ศาลาประชาคม(สังคม)
36042169,สวนลุมพินี(สุขภาพ)
36044909,รัชดา(รถยนต์)
36045758,ศาลาประชาคม(สังคม)
36045758,สินธร(การลงทุน)
36045758,สวนลุมพินี(สุขภาพ)
36048156,รัชดา(รถยนต์)
36050093,สวนลุมพินี(สุขภาพ)
36050093,สินธร(การลงทุน)
36050093,ศาลาประชาคม(สังคม)
36050809,สินธร(การลงทุน)
36050809,สวนลุมพินี(สุขภาพ)
36052333,สวนลุมพินี(สุขภาพ)
36053817,ศาลาประชาคม(สังคม)
36053817,สวนลุมพินี(สุขภาพ)
36053817,สินธร(การลงทุน)
36055385,สวนลุมพินี(สุขภาพ)
36055385,ศาลาประชาคม(สังคม)
36058585,ศาลาประชาคม(สังคม)
36058585,รัชดา(รถยนต์)
36075056,สวนลุมพินี(สุขภาพ)
36075056,สินธร(การลงทุน)
36075811,ศาลาประชาคม(สังคม)
36075811,สวนลุมพินี(สุขภาพ)
36075812,รัชดา(รถยนต์)
36085106,ชานเรือน(ครอบครัว)
36085106,สวนลุมพินี(สุขภาพ)
36085743,รัชดา(รถยนต์)
36089308,รัชดา(รถยนต์)
36089308,ศาลาประชาคม(สังคม)
36098265,สวนลุมพินี(สุขภาพ)
36111757,สินธร(การลงทุน)
36111757,สวนลุมพินี(สุขภาพ)
36112288,บลูแพลนเน็ต(ท่องเที่ยว)
36112288,สวนลุมพินี(สุขภาพ)
36113102,สวนลุมพินี(สุขภาพ)
36113102,สินธร(การลงทุน)
36113102,ศาลาประชาคม(สังคม)
36115159,รัชดา(รถยนต์)
36120202,รัชดา(รถยนต์)
36130670,ศาลาประชาคม(สังคม)
36130670,สินธร(การลงทุน)
36130670,สวนลุมพินี(สุขภาพ)
36131227,บลูแพลนเน็ต(ท่องเที่ยว)
36137076,ศาลาประชาคม(สังคม)
36137076,สวนลุมพินี(สุขภาพ)
36141881,ศาลาประชาคม(สังคม)
36141881,รัชดา(รถยนต์)
36144827,สวนลุมพินี(สุขภาพ)
36144827,ศาลาประชาคม(สังคม)
36146736,สวนลุมพินี(สุขภาพ)
36146736,สินธร(การลงทุน)
36146736,สีลม(ธุรกิจ)
36147208,รัชดา(รถยนต์)
36149488,ศาลาประชาคม(สังคม)
36149488,รัชดา(รถยนต์)
36149905,รัชดา(รถยนต์)
36150400,รัชดา(รถยนต์)
36158102,ศาลาประชาคม(สังคม)
36158102,รัชดา(รถยนต์)
36161551,สวนลุมพินี(สุขภาพ)
36163415,ศาลาประชาคม(สังคม)
36163415,สวนลุมพินี(สุขภาพ)
36164054,สวนลุมพินี(สุขภาพ)
36164666,รัชดา(รถยนต์)
36167068,รัชดา(รถยนต์)
36177640,สวนลุมพินี(สุขภาพ)
36177640,ศาลาประชาคม(สังคม)
36183617,รัชดา(รถยนต์)
36183751,ศาลาประชาคม(สังคม)
36183751,รัชดา(รถยนต์)
36193723,สินธร(การลงทุน)
36193723,รัชดา(รถยนต์)
36193723,ศาลาประชาคม(สังคม)
36196771,สวนลุมพินี(สุขภาพ)
36198142,สวนลุมพินี(สุขภาพ)
36200522,ศาลาประชาคม(สังคม)
36200522,สวนลุมพินี(สุขภาพ)
36200728,ศาลาประชาคม(สังคม)
36200728,สวนลุมพินี(สุขภาพ)
36200728,สินธร(การลงทุน)
36217699,ศาลาประชาคม(สังคม)
36217699,รัชดา(รถยนต์)
36225217,สีลม(ธุรกิจ)
36225217,สินธร(การลงทุน)
36225217,สวนลุมพินี(สุขภาพ)
36226589,รัชดา(รถยนต์)
36229327,บลูแพลนเน็ต(ท่องเที่ยว)
36232680,สวนลุมพินี(สุขภาพ)
36234151,สวนลุมพินี(สุขภาพ)
36237715,รัชดา(รถยนต์)
36245480,ศาลาประชาคม(สังคม)
36245480,สวนลุมพินี(สุขภาพ)
36247387,รัชดา(รถยนต์)
36248534,รัชดา(รถยนต์)
36252546,ศาลาประชาคม(สังคม)
36252546,สวนลุมพินี(สุขภาพ)
36252546,สินธร(การลงทุน)
36254246,ศาลาประชาคม(สังคม)
36254246,รัชดา(รถยนต์)
36256078,สวนลุมพินี(สุขภาพ)
36256578,ศาลาประชาคม(สังคม)
36256578,รัชดา(รถยนต์)
36271351,ศาลาประชาคม(สังคม)
36271351,สวนลุมพินี(สุขภาพ)
36271784,สวนลุมพินี(สุขภาพ)
36271784,ศาลาประชาคม(สังคม)
36279110,ศาลาประชาคม(สังคม)
36279110,รัชดา(รถยนต์)
36280939,สวนลุมพินี(สุขภาพ)
36288574,รัชดา(รถยนต์)
36292904,สวนลุมพินี(สุขภาพ)
36292904,สินธร(การลงทุน)
36293682,ไกลบ้าน(ต่างประเทศ)
36293682,บลูแพลนเน็ต(ท่องเที่ยว)
36313949,รัชดา(รถยนต์)
36314281,สินธร(การลงทุน)
36314281,รัชดา(รถยนต์)
36314281,ศาลาประชาคม(สังคม)
36320511,สวนลุมพินี(สุขภาพ)
36324345,ศาลาประชาคม(สังคม)
36324345,สวนลุมพินี(สุขภาพ)
36329139,สวนลุมพินี(สุขภาพ)
36329139,สีลม(ธุรกิจ)
36337492,ศาลาประชาคม(สังคม)
36337492,หว้ากอ(วิทยาศาสตร์)
36337492,รัชดา(รถยนต์)
36346476,รัชดา(รถยนต์)
36348522,บลูแพลนเน็ต(ท่องเที่ยว)
36351063,ดิโอลด์สยาม(ผู้สูงอายุ)
36351063,ชานเรือน(ครอบครัว)
36351072,สวนลุมพินี(สุขภาพ)
36352588,สวนลุมพินี(สุขภาพ)
36352588,ศาลาประชาคม(สังคม)
36358663,รัชดา(รถยนต์)
36358812,สินธร(การลงทุน)
36365766,ศาลาประชาคม(สังคม)
36365766,รัชดา(รถยนต์)
36369465,บลูแพลนเน็ต(ท่องเที่ยว)
36372426,ศาลาประชาคม(สังคม)
36372426,รัชดา(รถยนต์)
36386366,รัชดา(รถยนต์)
36389129,ศาลาประชาคม(สังคม)
36389129,สวนลุมพินี(สุขภาพ)
36389184,ศาลาประชาคม(สังคม)
36389184,รัชดา(รถยนต์)
36389893,ศาลาประชาคม(สังคม)
36389893,สินธร(การลงทุน)
36389893,สวนลุมพินี(สุขภาพ)
36393284,สวนลุมพินี(สุขภาพ)
36393433,สวนลุมพินี(สุขภาพ)
36393433,ไกลบ้าน(ต่างประเทศ)
36393433,บลูแพลนเน็ต(ท่องเที่ยว)
36401629,ศาลาประชาคม(สังคม)
36401629,สินธร(การลงทุน)
36413254,ศาลาประชาคม(สังคม)
36413254,รัชดา(รถยนต์)
36445720,ศาลาประชาคม(สังคม)
36445720,สินธร(การลงทุน)
36445720,สวนลุมพินี(สุขภาพ)
36447687,ศาลาประชาคม(สังคม)
36447687,รัชดา(รถยนต์)
36455708,รัชดา(รถยนต์)
36460218,รัชดา(รถยนต์)
36460447,ศาลาประชาคม(สังคม)
36460447,รัชดา(รถยนต์)
36463041,รัชดา(รถยนต์)
36463041,ศาลาประชาคม(สังคม)
36466896,สวนลุมพินี(สุขภาพ)
36466896,สินธร(การลงทุน)
36476816,รัชดา(รถยนต์)
36479477,ศาลาประชาคม(สังคม)
36479477,รัชดา(รถยนต์)
36481909,รัชดา(รถยนต์)
36485996,รัชดา(รถยนต์)
36485996,ศาลาประชาคม(สังคม)
36487853,ศาลาประชาคม(สังคม)
36487853,สวนลุมพินี(สุขภาพ)
36496198,ดิโอลด์สยาม(ผู้สูงอายุ)
36496198,สวนลุมพินี(สุขภาพ)
36504867,ศาลาประชาคม(สังคม)
36504867,รัชดา(รถยนต์)
36508298,รัชดา(รถยนต์)
36508298,สินธร(การลงทุน)
36510613,ศาลาประชาคม(สังคม)
36510613,สินธร(การลงทุน)
36510613,สวนลุมพินี(สุขภาพ)
36511205,ศาลาประชาคม(สังคม)
36511205,สวนลุมพินี(สุขภาพ)
36520227,ศาลาประชาคม(สังคม)
36520227,สวนลุมพินี(สุขภาพ)
36520227,รัชดา(รถยนต์)
36522329,สวนลุมพินี(สุขภาพ)
36532686,ศาลาประชาคม(สังคม)
36532686,รัชดา(รถยนต์)
36540202,รัชดา(รถยนต์)
36540421,รัชดา(รถยนต์)
36540691,ดิโอลด์สยาม(ผู้สูงอายุ)
36540691,สวนลุมพินี(สุขภาพ)
36541135,ชานเรือน(ครอบครัว)
36541135,สวนลุมพินี(สุขภาพ)
36541566,ศาลาประชาคม(สังคม)
36541566,สวนลุมพินี(สุขภาพ)
36543284,รัชดา(รถยนต์)
36546977,รัชดา(รถยนต์)
36546977,สินธร(การลงทุน)
36547446,ศาลาประชาคม(สังคม)
36547446,รัชดา(รถยนต์)
36547726,สวนลุมพินี(สุขภาพ)
36548004,สวนลุมพินี(สุขภาพ)
36548524,บลูแพลนเน็ต(ท่องเที่ยว)
36548524,ศาลาประชาคม(สังคม)
36553101,ศาลาประชาคม(สังคม)
36553101,สวนลุมพินี(สุขภาพ)
36554848,สวนลุมพินี(สุขภาพ)
36559994,ศาลาประชาคม(สังคม)
36559994,สวนลุมพินี(สุขภาพ)
36565723,สินธร(การลงทุน)
36565723,ชายคา(ที่อยู่อาศัย)
36571400,ศาลาประชาคม(สังคม)
36571400,สวนลุมพินี(สุขภาพ)
36572211,ศาลาประชาคม(สังคม)
36572211,รัชดา(รถยนต์)
36575498,รัชดา(รถยนต์)
36579390,ศาลาประชาคม(สังคม)
36579390,รัชดา(รถยนต์)
36582784,ศาลาประชาคม(สังคม)
36582784,รัชดา(รถยนต์)
36582833,สวนลุมพินี(สุขภาพ)
36582833,สินธร(การลงทุน)
36582833,สีลม(ธุรกิจ)
36583498,ศาลาประชาคม(สังคม)
36583498,สวนลุมพินี(สุขภาพ)
36583498,สินธร(การลงทุน)
36585102,สวนลุมพินี(สุขภาพ)
36585102,สินธร(การลงทุน)
36586818,ไกลบ้าน(ต่างประเทศ)
36586818,รัชดา(รถยนต์)
36588220,รัชดา(รถยนต์)
36588220,ศาลาประชาคม(สังคม)
36588906,รัชดา(รถยนต์)
36593124,สินธร(การลงทุน)
36593124,ศาลาประชาคม(สังคม)
36593124,สวนลุมพินี(สุขภาพ)
36594689,ศาลาประชาคม(สังคม)
36594689,สินธร(การลงทุน)
36594689,สวนลุมพินี(สุขภาพ)
36602402,ศาลาประชาคม(สังคม)
36602402,ดิโอลด์สยาม(ผู้สูงอายุ)
36602402,สินธร(การลงทุน)
36609328,ศาลาประชาคม(สังคม)
36609328,รัชดา(รถยนต์)
36610954,สวนลุมพินี(สุขภาพ)
36615793,ศาลาประชาคม(สังคม)
36615793,รัชดา(รถยนต์)
36616537,สวนลุมพินี(สุขภาพ)
36627447,ศาลาประชาคม(สังคม)
36627447,รัชดา(รถยนต์)
36632085,ศาลาประชาคม(สังคม)
36632085,บลูแพลนเน็ต(ท่องเที่ยว)
36634418,บลูแพลนเน็ต(ท่องเที่ยว)
36635702,ศาลาประชาคม(สังคม)
36635702,สวนลุมพินี(สุขภาพ)
36636644,ศาลาประชาคม(สังคม)
36636644,รัชดา(รถยนต์)
36638012,สีลม(ธุรกิจ)
36638012,สินธร(การลงทุน)
36638012,สวนลุมพินี(สุขภาพ)
36638012,ศาลาประชาคม(สังคม)
36639563,สวนลุมพินี(สุขภาพ)
36639563,ศาลาประชาคม(สังคม)
36641471,รัชดา(รถยนต์)
36642938,สวนลุมพินี(สุขภาพ)
36644689,ดิโอลด์สยาม(ผู้สูงอายุ)
36644689,สวนลุมพินี(สุขภาพ)
36656808,ศาลาประชาคม(สังคม)
36656808,สวนลุมพินี(สุขภาพ)
36656861,สวนลุมพินี(สุขภาพ)
36661401,สวนลุมพินี(สุขภาพ)
36663241,ศาลาประชาคม(สังคม)
36663241,รัชดา(รถยนต์)
36670691,ศาลาประชาคม(สังคม)
36670691,สวนลุมพินี(สุขภาพ)
36674323,สวนลุมพินี(สุขภาพ)
36674323,ศาลาประชาคม(สังคม)
36674323,สินธร(การลงทุน)
36675031,รัชดา(รถยนต์)
36677594,ศาลาประชาคม(สังคม)
36677594,สวนลุมพินี(สุขภาพ)
36677594,สินธร(การลงทุน)
36679941,สวนลุมพินี(สุขภาพ)
36689418,ชานเรือน(ครอบครัว)
36689418,สวนลุมพินี(สุขภาพ)
36691193,สวนลุมพินี(สุขภาพ)
36691193,สินธร(การลงทุน)
36704803,รัชดา(รถยนต์)
36704928,รัชดา(รถยนต์)
36706598,ศาลาประชาคม(สังคม)
36706598,สวนลุมพินี(สุขภาพ)
36707687,ชานเรือน(ครอบครัว)
36707687,สินธร(การลงทุน)
36707687,สวนลุมพินี(สุขภาพ)
36709047,สวนลุมพินี(สุขภาพ)
36717813,รัชดา(รถยนต์)
36717813,ศาลาประชาคม(สังคม)
36717813,สินธร(การลงทุน)
36718877,ชายคา(ที่อยู่อาศัย)
36718877,สวนลุมพินี(สุขภาพ)
36718877,สินธร(การลงทุน)
36719083,ศาลาประชาคม(สังคม)
36719083,รัชดา(รถยนต์)
36720228,สวนลุมพินี(สุขภาพ)
36723394,บลูแพลนเน็ต(ท่องเที่ยว)
36723394,กรุงโซล(เกาหลี)
36723409,สวนลุมพินี(สุขภาพ)
36726782,ศาลาประชาคม(สังคม)
36726782,สวนลุมพินี(สุขภาพ)
36726822,สวนลุมพินี(สุขภาพ)
36726822,ศาลาประชาคม(สังคม)
36726822,ชานเรือน(ครอบครัว)
36726954,สวนลุมพินี(สุขภาพ)
36726954,ศาลาประชาคม(สังคม)
36727280,สวนลุมพินี(สุขภาพ)
36730902,ศาลาประชาคม(สังคม)
36730902,สวนลุมพินี(สุขภาพ)
36733603,รัชดา(รถยนต์)
36737661,รัชดา(รถยนต์)
36737720,สวนลุมพินี(สุขภาพ)
36737720,สินธร(การลงทุน)
36737720,ศาลาประชาคม(สังคม)
36738002,ศาลาประชาคม(สังคม)
36738002,สวนลุมพินี(สุขภาพ)
36738401,รัชดา(รถยนต์)
36739052,ศาลาประชาคม(สังคม)
36739052,สวนลุมพินี(สุขภาพ)
36739052,สินธร(การลงทุน)
36739052,สีลม(ธุรกิจ)
36739514,ศาลาประชาคม(สังคม)
36739514,สินธร(การลงทุน)
36739514,สวนลุมพินี(สุขภาพ)
36744086,รัชดา(รถยนต์)
36744337,สีลม(ธุรกิจ)
36744337,สวนลุมพินี(สุขภาพ)
36744337,สินธร(การลงทุน)
36750219,สวนลุมพินี(สุขภาพ)
36750219,ศาลาประชาคม(สังคม)
36756245,สวนลุมพินี(สุขภาพ)
36762657,สวนลุมพินี(สุขภาพ)
36762657,ชานเรือน(ครอบครัว)
36762880,รัชดา(รถยนต์)
36764428,ศาลาประชาคม(สังคม)
36764428,สวนลุมพินี(สุขภาพ)
36770280,ศาลาประชาคม(สังคม)
36770280,รัชดา(รถยนต์)
36773741,สวนลุมพินี(สุขภาพ)
36773741,ศาลาประชาคม(สังคม)
36776124,สวนลุมพินี(สุขภาพ)
36776124,ศาลาประชาคม(สังคม)
36781404,บลูแพลนเน็ต(ท่องเที่ยว)
36788459,สินธร(การลงทุน)
36788459,สวนลุมพินี(สุขภาพ)
36790625,สวนลุมพินี(สุขภาพ)
36790625,ศาลาประชาคม(สังคม)
36791928,สินธร(การลงทุน)
36791928,สวนลุมพินี(สุขภาพ)
36793737,สวนลุมพินี(สุขภาพ)
36796515,รัชดา(รถยนต์)
36797206,ศาลาประชาคม(สังคม)
36797206,สวนลุมพินี(สุขภาพ)
36797893,บลูแพลนเน็ต(ท่องเที่ยว)
36798853,ดิโอลด์สยาม(ผู้สูงอายุ)
36798853,สวนลุมพินี(สุขภาพ)
36800410,ไกลบ้าน(ต่างประเทศ)
36800410,บลูแพลนเน็ต(ท่องเที่ยว)
36801558,ศาลาประชาคม(สังคม)
36801558,รัชดา(รถยนต์)
36801848,ศาลาประชาคม(สังคม)
36801848,รัชดา(รถยนต์)
36801871,สวนลุมพินี(สุขภาพ)
36801871,สินธร(การลงทุน)
36811932,ศาลาประชาคม(สังคม)
36811932,สวนลุมพินี(สุขภาพ)
36811932,สินธร(การลงทุน)
36814812,รัชดา(รถยนต์)
36817977,สวนลุมพินี(สุขภาพ)
36817977,ศาลาประชาคม(สังคม)
36823806,ศาลาประชาคม(สังคม)
36823806,รัชดา(รถยนต์)
36829282,รัชดา(รถยนต์)
36829848,สวนลุมพินี(สุขภาพ)
36841547,สินธร(การลงทุน)
36841547,รัชดา(รถยนต์)
36845847,ศาลาประชาคม(สังคม)
36845847,รัชดา(รถยนต์)
36846418,ศาลาประชาคม(สังคม)
36846418,รัชดา(รถยนต์)
36850037,ศาลาประชาคม(สังคม)
36850037,สวนลุมพินี(สุขภาพ)
36865090,สวนลุมพินี(สุขภาพ)
36868446,สินธร(การลงทุน)
36868446,สวนลุมพินี(สุขภาพ)
36869206,สวนลุมพินี(สุขภาพ)
36869206,สินธร(การลงทุน)
36873885,สวนลุมพินี(สุขภาพ)
36873885,ศาลาประชาคม(สังคม)
36882971,รัชดา(รถยนต์)
36887000,ศาลาประชาคม(สังคม)
36887000,สวนลุมพินี(สุขภาพ)
36891147,รัชดา(รถยนต์)
36891147,สวนลุมพินี(สุขภาพ)
36893141,สวนลุมพินี(สุขภาพ)
36894575,ดิโอลด์สยาม(ผู้สูงอายุ)
36894575,ศาลาประชาคม(สังคม)
36894575,สวนลุมพินี(สุขภาพ)
36894575,สินธร(การลงทุน)
36894575,สีลม(ธุรกิจ)
36897949,ชายคา(ที่อยู่อาศัย)
36899908,สวนลุมพินี(สุขภาพ)
36899908,สินธร(การลงทุน)
36899908,สีลม(ธุรกิจ)
36901888,สวนลุมพินี(สุขภาพ)
36902112,สวนลุมพินี(สุขภาพ)
36904903,ศาลาประชาคม(สังคม)
36904903,รัชดา(รถยนต์)
36906900,ดิโอลด์สยาม(ผู้สูงอายุ)
36906900,สินธร(การลงทุน)
36906900,สวนลุมพินี(สุขภาพ)
36912160,สินธร(การลงทุน)
36912160,รัชดา(รถยนต์)
36916589,สวนลุมพินี(สุขภาพ)
36923935,ศาลาประชาคม(สังคม)
36923935,รัชดา(รถยนต์)
36929751,ศาลาประชาคม(สังคม)
36929751,สินธร(การลงทุน)
36929751,สวนลุมพินี(สุขภาพ)
36934167,ศาลาประชาคม(สังคม)
36934167,สวนลุมพินี(สุขภาพ)
36936821,ศาลาประชาคม(สังคม)
36936821,ดิโอลด์สยาม(ผู้สูงอายุ)
36937572,ศาลาประชาคม(สังคม)
36937572,สวนลุมพินี(สุขภาพ)
36939151,รัชดา(รถยนต์)
36940565,สินธร(การลงทุน)
36940565,ศาลาประชาคม(สังคม)
36940565,สวนลุมพินี(สุขภาพ)
36947466,รัชดา(รถยนต์)
36950833,สวนลุมพินี(สุขภาพ)
36952453,สวนลุมพินี(สุขภาพ)
36958229,สวนลุมพินี(สุขภาพ)
36958229,สินธร(การลงทุน)
36958229,ศาลาประชาคม(สังคม)
36959053,สวนลุมพินี(สุขภาพ)
36959354,ศาลาประชาคม(สังคม)
36959354,รัชดา(รถยนต์)
36959365,สินธร(การลงทุน)
36959365,สวนลุมพินี(สุขภาพ)
36960532,สวนลุมพินี(สุขภาพ)
36960532,สินธร(การลงทุน)
36960532,ศาลาประชาคม(สังคม)
36962200,สวนลุมพินี(สุขภาพ)
36962200,ศาลาประชาคม(สังคม)
36965746,สินธร(การลงทุน)
36965746,สวนลุมพินี(สุขภาพ)
36965746,ศาลาประชาคม(สังคม)
36968387,สวนลุมพินี(สุขภาพ)
36981093,สินธร(การลงทุน)
36981093,สวนลุมพินี(สุขภาพ)
36981093,ศาลาประชาคม(สังคม)
36981334,สินธร(การลงทุน)
36981334,รัชดา(รถยนต์)
36987288,สินธร(การลงทุน)
36987288,สวนลุมพินี(สุขภาพ)
36987288,ศาลาประชาคม(สังคม)
36997821,สวนลุมพินี(สุขภาพ)
37030252,สวนลุมพินี(สุขภาพ)
37036626,สวนลุมพินี(สุขภาพ)
37039885,สวนลุมพินี(สุขภาพ)
37040221,ศาลาประชาคม(สังคม)
37040221,รัชดา(รถยนต์)
37046913,ศาลาประชาคม(สังคม)
37046913,รัชดา(รถยนต์)
37050171,ศาลาประชาคม(สังคม)
37050171,สินธร(การลงทุน)
37051289,ไกลบ้าน(ต่างประเทศ)
37051289,หว้ากอ(วิทยาศาสตร์)
37051289,สวนลุมพินี(สุขภาพ)
37051289,สินธร(การลงทุน)
37051340,ดิโอลด์สยาม(ผู้สูงอายุ)
37051340,ศาลาประชาคม(สังคม)
37051340,สวนลุมพินี(สุขภาพ)
37054197,สีลม(ธุรกิจ)
37054197,สวนลุมพินี(สุขภาพ)
37054197,ศาลาประชาคม(สังคม)
37058621,สวนลุมพินี(สุขภาพ)
37063081,ศาลาประชาคม(สังคม)
37063081,สวนลุมพินี(สุขภาพ)
37063081,ดิโอลด์สยาม(ผู้สูงอายุ)
37067448,รัชดา(รถยนต์)
37083823,ชานเรือน(ครอบครัว)
37083823,สวนลุมพินี(สุขภาพ)
37083823,ศาลาประชาคม(สังคม)
37084704,รัชดา(รถยนต์)
37086935,สินธร(การลงทุน)
37086935,สวนลุมพินี(สุขภาพ)
37095944,สวนลุมพินี(สุขภาพ)
37095944,สินธร(การลงทุน)
37096331,ศาลาประชาคม(สังคม)
37096331,รัชดา(รถยนต์)
37100357,ศาลาประชาคม(สังคม)
37100357,สินธร(การลงทุน)
37100357,สวนลุมพินี(สุขภาพ)
37102342,ชานเรือน(ครอบครัว)
37102342,สวนลุมพินี(สุขภาพ)
37107464,รัชดา(รถยนต์)
37107674,สินธร(การลงทุน)
37107674,ศาลาประชาคม(สังคม)
37107674,สวนลุมพินี(สุขภาพ)
37109800,รัชดา(รถยนต์)
37121925,รัชดา(รถยนต์)
37121925,ศาลาประชาคม(สังคม)
37124072,ศาลาประชาคม(สังคม)
37124072,สวนลุมพินี(สุขภาพ)
37126369,สวนลุมพินี(สุขภาพ)
37126369,สีลม(ธุรกิจ)
37126369,ศาลาประชาคม(สังคม)
37127932,ศาลาประชาคม(สังคม)
37127932,บลูแพลนเน็ต(ท่องเที่ยว)
37129650,บลูแพลนเน็ต(ท่องเที่ยว)
37130333,สวนลุมพินี(สุขภาพ)
37130333,สินธร(การลงทุน)
37135827,สวนลุมพินี(สุขภาพ)
37135827,รัชดา(รถยนต์)
37137179,ศาลาประชาคม(สังคม)
37137179,ดิโอลด์สยาม(ผู้สูงอายุ)
37139129,สวนลุมพินี(สุขภาพ)
37140099,รัชดา(รถยนต์)
37141269,ศาลาประชาคม(สังคม)
37141269,บลูแพลนเน็ต(ท่องเที่ยว)
37166302,สวนลุมพินี(สุขภาพ)
37166302,สินธร(การลงทุน)
37166302,ศาลาประชาคม(สังคม)
37166302,สีลม(ธุรกิจ)
37167879,รัชดา(รถยนต์)
37170404,รัชดา(รถยนต์)
37171242,สวนลุมพินี(สุขภาพ)
37172960,สวนลุมพินี(สุขภาพ)
37179178,รัชดา(รถยนต์)
37179180,ศาลาประชาคม(สังคม)
37179180,สวนลุมพินี(สุขภาพ)
37179232,รัชดา(รถยนต์)
37182113,รัชดา(รถยนต์)
37182135,สินธร(การลงทุน)
37182135,ชายคา(ที่อยู่อาศัย)
37182135,ศาลาประชาคม(สังคม)
37183018,ชานเรือน(ครอบครัว)
37183018,สวนลุมพินี(สุขภาพ)
37189243,ศาลาประชาคม(สังคม)
37189243,สวนลุมพินี(สุขภาพ)
37191435,ศาลาประชาคม(สังคม)
37191435,บลูแพลนเน็ต(ท่องเที่ยว)
37195657,ศาลาประชาคม(สังคม)
37195657,สินธร(การลงทุน)
37195657,รัชดา(รถยนต์)
37209142,รัชดา(รถยนต์)
37210898,สินธร(การลงทุน)
37210898,รัชดา(รถยนต์)
37217301,ดิโอลด์สยาม(ผู้สูงอายุ)
37217301,สวนลุมพินี(สุขภาพ)
37217881,สินธร(การลงทุน)
37217881,รัชดา(รถยนต์)
37217881,ศาลาประชาคม(สังคม)
37224312,สวนลุมพินี(สุขภาพ)
37224312,ดิโอลด์สยาม(ผู้สูงอายุ)
37224517,ศาลาประชาคม(สังคม)
37224517,ดิโอลด์สยาม(ผู้สูงอายุ)
37226547,สวนลุมพินี(สุขภาพ)
37227155,รัชดา(รถยนต์)
37230010,รัชดา(รถยนต์)
37230010,สีลม(ธุรกิจ)
37233060,สวนลุมพินี(สุขภาพ)
37233060,สินธร(การลงทุน)
37233060,ศาลาประชาคม(สังคม)
37233060,ชายคา(ที่อยู่อาศัย)
37243906,รัชดา(รถยนต์)
37258133,รัชดา(รถยนต์)
37258673,บลูแพลนเน็ต(ท่องเที่ยว)
37261661,ชานเรือน(ครอบครัว)
37261661,สวนลุมพินี(สุขภาพ)
37261699,สวนลุมพินี(สุขภาพ)
37272597,รัชดา(รถยนต์)
37273555,ศาลาประชาคม(สังคม)
37273555,รัชดา(รถยนต์)
37274781,รัชดา(รถยนต์)
37277535,สวนลุมพินี(สุขภาพ)
37281020,ดิโอลด์สยาม(ผู้สูงอายุ)
37281020,ศาลาประชาคม(สังคม)
37281020,สวนลุมพินี(สุขภาพ)
37286245,สินธร(การลงทุน)
37290863,ศาลาประชาคม(สังคม)
37290863,สวนลุมพินี(สุขภาพ)
37291037,รัชดา(รถยนต์)
37291738,สวนลุมพินี(สุขภาพ)
37291738,ศาลาประชาคม(สังคม)
37301756,รัชดา(รถยนต์)
37301756,ศาลาประชาคม(สังคม)
37333050,ศาลาประชาคม(สังคม)
37333050,ดิโอลด์สยาม(ผู้สูงอายุ)
37333050,สวนลุมพินี(สุขภาพ)
37354554,รัชดา(รถยนต์)
37354554,ศาลาประชาคม(สังคม)
37356453,สวนลุมพินี(สุขภาพ)
37356453,ชานเรือน(ครอบครัว)
37362685,รัชดา(รถยนต์)
37362849,รัชดา(รถยนต์)
37363968,ศาลาประชาคม(สังคม)
37363968,สวนลุมพินี(สุขภาพ)
37379207,ชานเรือน(ครอบครัว)
37379207,สวนลุมพินี(สุขภาพ)
37384808,สวนลุมพินี(สุขภาพ)
37384808,ศาลาประชาคม(สังคม)
37384808,ดิโอลด์สยาม(ผู้สูงอายุ)
37389359,สวนลุมพินี(สุขภาพ)
37389359,ศาลาประชาคม(สังคม)
37396068,สีลม(ธุรกิจ)
37396068,สวนลุมพินี(สุขภาพ)
37396068,ศาลาประชาคม(สังคม)
37396672,รัชดา(รถยนต์)
37396672,ศาลาประชาคม(สังคม)
37412581,ศาลาประชาคม(สังคม)
37412581,สวนลุมพินี(สุขภาพ)
37414350,สวนลุมพินี(สุขภาพ)
37416951,รัชดา(รถยนต์)
37417864,รัชดา(รถยนต์)
37420829,สวนลุมพินี(สุขภาพ)
37423701,สวนลุมพินี(สุขภาพ)
37425348,ชายคา(ที่อยู่อาศัย)
37425348,สินธร(การลงทุน)
37426750,รัชดา(รถยนต์)
37433436,รัชดา(รถยนต์)
37442705,รัชดา(รถยนต์)
37447185,สินธร(การลงทุน)
37447185,รัชดา(รถยนต์)
37450690,สินธร(การลงทุน)
37450690,ศาลาประชาคม(สังคม)
37450690,สวนลุมพินี(สุขภาพ)
37452114,สีลม(ธุรกิจ)
37452114,ศาลาประชาคม(สังคม)
37452114,สวนลุมพินี(สุขภาพ)
37456287,รัชดา(รถยนต์)
37456287,ศาลาประชาคม(สังคม)
37456783,สวนลุมพินี(สุขภาพ)
37456783,รัชดา(รถยนต์)
37456783,สินธร(การลงทุน)
37461614,รัชดา(รถยนต์)
37462724,ศาลาประชาคม(สังคม)
37462724,รัชดา(รถยนต์)
37462779,รัชดา(รถยนต์)
37466890,รัชดา(รถยนต์)
37470065,สวนลุมพินี(สุขภาพ)
37470603,สินธร(การลงทุน)
37470603,ชายคา(ที่อยู่อาศัย)
37483693,สวนลุมพินี(สุขภาพ)
37483693,สินธร(การลงทุน)
37483693,ศาลาประชาคม(สังคม)
37483693,สีลม(ธุรกิจ)
37491602,ภูมิภาค(ภูมิภาค)
37491602,สินธร(การลงทุน)
37491602,สวนลุมพินี(สุขภาพ)
37499101,รัชดา(รถยนต์)
37501498,รัชดา(รถยนต์)
37507957,รัชดา(รถยนต์)
37518126,สวนลุมพินี(สุขภาพ)
37524225,สวนลุมพินี(สุขภาพ)
37524225,สินธร(การลงทุน)
37530134,สินธร(การลงทุน)
37530134,รัชดา(รถยนต์)
37532644,รัชดา(รถยนต์)
37533511,ภูมิภาค(ภูมิภาค)
37533511,รัชดา(รถยนต์)
37533616,บลูแพลนเน็ต(ท่องเที่ยว)
37534792,สีลม(ธุรกิจ)
37534792,ศาลาประชาคม(สังคม)
37534792,สินธร(การลงทุน)
37536046,สวนลุมพินี(สุขภาพ)
37536046,ดิโอลด์สยาม(ผู้สูงอายุ)
37537506,สวนลุมพินี(สุขภาพ)
37537506,ดิโอลด์สยาม(ผู้สูงอายุ)
37548212,สวนลุมพินี(สุขภาพ)
37548212,ศาลาประชาคม(สังคม)
37548212,สินธร(การลงทุน)
37548212,รัชดา(รถยนต์)
37553637,สวนลุมพินี(สุขภาพ)
37553637,ศาลาประชาคม(สังคม)
37553637,สินธร(การลงทุน)
37557104,ศาลาประชาคม(สังคม)
37557104,สวนลุมพินี(สุขภาพ)
37566531,สวนลุมพินี(สุขภาพ)
37566531,ศาลาประชาคม(สังคม)
37570703,สวนลุมพินี(สุขภาพ)
37571797,สวนลุมพินี(สุขภาพ)
37575365,ศาลาประชาคม(สังคม)
37575365,สวนลุมพินี(สุขภาพ)
37575365,ชานเรือน(ครอบครัว)
37576470,ศาลาประชาคม(สังคม)
37576470,สีลม(ธุรกิจ)
37576470,สวนลุมพินี(สุขภาพ)
37576628,รัชดา(รถยนต์)
37576628,สวนลุมพินี(สุขภาพ)
37577788,ดิโอลด์สยาม(ผู้สูงอายุ)
37577788,สวนลุมพินี(สุขภาพ)
37579900,สวนลุมพินี(สุขภาพ)
37579900,ดิโอลด์สยาม(ผู้สูงอายุ)
37584308,สวนลุมพินี(สุขภาพ)
37584372,รัชดา(รถยนต์)
37584372,ศาลาประชาคม(สังคม)
37585239,ศาลาประชาคม(สังคม)
37585239,สวนลุมพินี(สุขภาพ)
37585472,สวนลุมพินี(สุขภาพ)
37595837,สวนลุมพินี(สุขภาพ)
37595837,รัชดา(รถยนต์)
37595837,ศาลาประชาคม(สังคม)
37605267,รัชดา(รถยนต์)
37610888,ศาลาประชาคม(สังคม)
37610888,สวนลุมพินี(สุขภาพ)
37613721,รัชดา(รถยนต์)
37629076,ศาลาประชาคม(สังคม)
37629076,สวนลุมพินี(สุขภาพ)
37629478,ศาลาประชาคม(สังคม)
37629478,สินธร(การลงทุน)
37637839,สวนลุมพินี(สุขภาพ)
37640420,สวนลุมพินี(สุขภาพ)
37640420,สินธร(การลงทุน)
37642128,รัชดา(รถยนต์)
37643195,ชานเรือน(ครอบครัว)
37643195,สวนลุมพินี(สุขภาพ)
37643195,ศาลาประชาคม(สังคม)
37644134,รัชดา(รถยนต์)
37649224,รัชดา(รถยนต์)
37649649,รัชดา(รถยนต์)
37650341,ชายคา(ที่อยู่อาศัย)
37650341,สินธร(การลงทุน)
37653170,สวนลุมพินี(สุขภาพ)
37653170,สินธร(การลงทุน)
37654159,รัชดา(รถยนต์)
37662821,ศาลาประชาคม(สังคม)
37662821,สวนลุมพินี(สุขภาพ)
37665591,ศาลาประชาคม(สังคม)
37665591,ดิโอลด์สยาม(ผู้สูงอายุ)
37665591,สินธร(การลงทุน)
37665591,สวนลุมพินี(สุขภาพ)
37669194,สวนลุมพินี(สุขภาพ)
37672150,ศาลาประชาคม(สังคม)
37672150,รัชดา(รถยนต์)
37672391,รัชดา(รถยนต์)
37677325,สวนลุมพินี(สุขภาพ)
37680246,รัชดา(รถยนต์)
37686059,สวนลุมพินี(สุขภาพ)
37690307,สวนลุมพินี(สุขภาพ)
37706395,สวนลุมพินี(สุขภาพ)
37706596,รัชดา(รถยนต์)
37706891,สินธร(การลงทุน)
37706891,ศาลาประชาคม(สังคม)
37706891,สวนลุมพินี(สุขภาพ)
37706891,สีลม(ธุรกิจ)
37713021,ศาลาประชาคม(สังคม)
37713021,สวนลุมพินี(สุขภาพ)
37713443,สวนลุมพินี(สุขภาพ)
37713443,ศาลาประชาคม(สังคม)
37722764,สวนลุมพินี(สุขภาพ)
37722764,ศาลาประชาคม(สังคม)
37727976,รัชดา(รถยนต์)
37728443,ศาลาประชาคม(สังคม)
37728443,ดิโอลด์สยาม(ผู้สูงอายุ)
37728443,สวนลุมพินี(สุขภาพ)
37729484,ชานเรือน(ครอบครัว)
37729484,สวนลุมพินี(สุขภาพ)
37735513,สวนลุมพินี(สุขภาพ)
37738177,ศาลาประชาคม(สังคม)
37738177,สวนลุมพินี(สุขภาพ)
37741760,สินธร(การลงทุน)
37741760,สวนลุมพินี(สุขภาพ)
37742234,ศาลาประชาคม(สังคม)
37742234,รัชดา(รถยนต์)
37743887,ศาลาประชาคม(สังคม)
37743887,รัชดา(รถยนต์)
37744945,สวนลุมพินี(สุขภาพ)
37752328,สวนลุมพินี(สุขภาพ)
37752328,บลูแพลนเน็ต(ท่องเที่ยว)
37753214,สวนลุมพินี(สุขภาพ)
37753214,สินธร(การลงทุน)
37759534,รัชดา(รถยนต์)
37762625,ศาลาประชาคม(สังคม)
37762625,รัชดา(รถยนต์)
37764473,ศาลาประชาคม(สังคม)
37764473,สวนลุมพินี(สุขภาพ)
37767757,รัชดา(รถยนต์)
37770555,ศาลาประชาคม(สังคม)
37770555,สวนลุมพินี(สุขภาพ)
37772051,รัชดา(รถยนต์)
37773718,สวนลุมพินี(สุขภาพ)
37773718,สินธร(การลงทุน)
37773857,สีลม(ธุรกิจ)
37773857,สวนลุมพินี(สุขภาพ)
37780298,รัชดา(รถยนต์)
37780636,รัชดา(รถยนต์)
37780636,ศาลาประชาคม(สังคม)
37782556,สีลม(ธุรกิจ)
37782556,สวนลุมพินี(สุขภาพ)
37792263,สวนลุมพินี(สุขภาพ)
37792263,ศาลาประชาคม(สังคม)
37798567,สวนลุมพินี(สุขภาพ)
37806811,สวนลุมพินี(สุขภาพ)
37812229,สวนลุมพินี(สุขภาพ)
37812229,ศาลาประชาคม(สังคม)
37813961,สีลม(ธุรกิจ)
37813961,สินธร(การลงทุน)
37813961,สวนลุมพินี(สุขภาพ)
37813961,ศาลาประชาคม(สังคม)
37815882,สวนลุมพินี(สุขภาพ)
37816501,ศาลาประชาคม(สังคม)
37816501,สวนลุมพินี(สุขภาพ)
37818699,บลูแพลนเน็ต(ท่องเที่ยว)
37824571,สินธร(การลงทุน)
37824571,สวนลุมพินี(สุขภาพ)
37825503,รัชดา(รถยนต์)
37830227,รัชดา(รถยนต์)
37835005,ศาลาประชาคม(สังคม)
37835005,รัชดา(รถยนต์)
37858016,รัชดา(รถยนต์)
37862130,ศาลาประชาคม(สังคม)
37862130,สวนลุมพินี(สุขภาพ)
37873368,สินธร(การลงทุน)
37873368,สีลม(ธุรกิจ)
37874830,สวนลุมพินี(สุขภาพ)
37874830,สินธร(การลงทุน)
37882286,ศาลาประชาคม(สังคม)
37882286,สวนลุมพินี(สุขภาพ)
37884291,ศาลาประชาคม(สังคม)
37884291,สวนลุมพินี(สุขภาพ)
37885245,ศาลาประชาคม(สังคม)
37885245,สินธร(การลงทุน)
37885245,ชายคา(ที่อยู่อาศัย)
37886130,ศาลาประชาคม(สังคม)
37886130,สวนลุมพินี(สุขภาพ)
37891313,ศาลาประชาคม(สังคม)
37893013,สินธร(การลงทุน)
37893013,ศาลาประชาคม(สังคม)
37893013,รัชดา(รถยนต์)
37894239,สวนลุมพินี(สุขภาพ)
37913038,รัชดา(รถยนต์)
37915560,สวนลุมพินี(สุขภาพ)
37915560,ศาลาประชาคม(สังคม)
37924896,รัชดา(รถยนต์)
37924896,ศาลาประชาคม(สังคม)
37925033,รัชดา(รถยนต์)
37927327,รัชดา(รถยนต์)
37929609,สวนลุมพินี(สุขภาพ)
37931387,ศาลาประชาคม(สังคม)
37931387,สวนลุมพินี(สุขภาพ)
37932272,ชานเรือน(ครอบครัว)
37932272,ภูมิภาค(ภูมิภาค)
37932272,สวนลุมพินี(สุขภาพ)
37933246,รัชดา(รถยนต์)
37938455,สวนลุมพินี(สุขภาพ)
37944236,ศาลาประชาคม(สังคม)
37944236,สวนลุมพินี(สุขภาพ)
37948741,รัชดา(รถยนต์)
37948912,ศาลาประชาคม(สังคม)
37948912,สวนลุมพินี(สุขภาพ)
37965284,รัชดา(รถยนต์)
37966024,รัชดา(รถยนต์)
37966262,รัชดา(รถยนต์)
37966914,ศาลาประชาคม(สังคม)
37966914,สวนลุมพินี(สุขภาพ)
37970158,โต๊ะเครื่องแป้ง(ความงาม)
37970158,สวนลุมพินี(สุขภาพ)
37970158,พรหมชาติ(ความเชื่อ)
37970158,รัชดา(รถยนต์)
37978144,ศาลาประชาคม(สังคม)
37978144,รัชดา(รถยนต์)
37980036,สินธร(การลงทุน)
37980036,สวนลุมพินี(สุขภาพ)
37980036,ศาลาประชาคม(สังคม)
37981733,ศาลาประชาคม(สังคม)
37981733,รัชดา(รถยนต์)
37984715,สินธร(การลงทุน)
37984715,สวนลุมพินี(สุขภาพ)
37984715,ศาลาประชาคม(สังคม)
37989128,สวนลุมพินี(สุขภาพ)
37989128,ศาลาประชาคม(สังคม)
37989192,ชานเรือน(ครอบครัว)
37989192,สวนลุมพินี(สุขภาพ)
37992699,สวนลุมพินี(สุขภาพ)
37992699,ศาลาประชาคม(สังคม)
37994703,สวนลุมพินี(สุขภาพ)
37997956,รัชดา(รถยนต์)
38002825,รัชดา(รถยนต์)
38007681,ศาลาประชาคม(สังคม)
38007681,สวนลุมพินี(สุขภาพ)
38010077,สินธร(การลงทุน)
38010077,ศาลาประชาคม(สังคม)
38010077,สวนลุมพินี(สุขภาพ)
38018311,รัชดา(รถยนต์)
38029171,รัชดา(รถยนต์)
38029850,รัชดา(รถยนต์)
38029891,สวนลุมพินี(สุขภาพ)
38032303,บลูแพลนเน็ต(ท่องเที่ยว)
38033344,ดิโอลด์สยาม(ผู้สูงอายุ)
38033344,สวนลุมพินี(สุขภาพ)
38033344,ศาลาประชาคม(สังคม)
38035763,รัชดา(รถยนต์)
38038631,สีลม(ธุรกิจ)
38038631,สวนลุมพินี(สุขภาพ)
38039504,ชายคา(ที่อยู่อาศัย)
38039504,สินธร(การลงทุน)
38042078,ชานเรือน(ครอบครัว)
38042078,สวนลุมพินี(สุขภาพ)
38043061,ศาลาประชาคม(สังคม)
38043061,สวนลุมพินี(สุขภาพ)
38043061,สินธร(การลงทุน)
38047530,รัชดา(รถยนต์)
38050468,รัชดา(รถยนต์)
38052060,ศาลาประชาคม(สังคม)
38055193,ศาลาประชาคม(สังคม)
38055193,สวนลุมพินี(สุขภาพ)
38055445,ศาลาประชาคม(สังคม)
38055445,บลูแพลนเน็ต(ท่องเที่ยว)
38056427,ชายคา(ที่อยู่อาศัย)
38056427,สินธร(การลงทุน)
38063319,รัชดา(รถยนต์)
38066054,บลูแพลนเน็ต(ท่องเที่ยว)
38068431,สินธร(การลงทุน)
38068431,ชายคา(ที่อยู่อาศัย)
38068778,ชานเรือน(ครอบครัว)
38068778,สวนลุมพินี(สุขภาพ)
38071673,สินธร(การลงทุน)
38071673,ศาลาประชาคม(สังคม)
38071673,สวนลุมพินี(สุขภาพ)
38072423,ศาลาประชาคม(สังคม)
38072423,รัชดา(รถยนต์)
38078184,สวนลุมพินี(สุขภาพ)
38080217,รัชดา(รถยนต์)
38080217,ศาลาประชาคม(สังคม)
38084104,ศาลาประชาคม(สังคม)
38084104,ชานเรือน(ครอบครัว)
38084104,สวนลุมพินี(สุขภาพ)
38102699,รัชดา(รถยนต์)
38113877,รัชดา(รถยนต์)
38114836,ศาลาประชาคม(สังคม)
38114836,สวนลุมพินี(สุขภาพ)
38114836,ชานเรือน(ครอบครัว)
38116807,สวนลุมพินี(สุขภาพ)
38116807,ศาลาประชาคม(สังคม)
38116807,สินธร(การลงทุน)
38126325,รัชดา(รถยนต์)
38126609,รัชดา(รถยนต์)
38126609,สวนลุมพินี(สุขภาพ)
38133056,สวนลุมพินี(สุขภาพ)
38133056,สีลม(ธุรกิจ)
38133056,ศาลาประชาคม(สังคม)
38141739,ศาลาประชาคม(สังคม)
38141739,สวนลุมพินี(สุขภาพ)
38144455,สินธร(การลงทุน)
38144455,รัชดา(รถยนต์)
38145023,สินธร(การลงทุน)
38145023,ศาลาประชาคม(สังคม)
38145023,สวนลุมพินี(สุขภาพ)
38150630,ศาลาประชาคม(สังคม)
38150630,รัชดา(รถยนต์)
38151746,รัชดา(รถยนต์)
38153721,สินธร(การลงทุน)
38157623,ศาลาประชาคม(สังคม)
38157623,สวนลุมพินี(สุขภาพ)
38160658,ศาลาประชาคม(สังคม)
38162068,สินธร(การลงทุน)
38162068,สวนลุมพินี(สุขภาพ)
38177927,ศาลาประชาคม(สังคม)
38177927,สวนลุมพินี(สุขภาพ)
38177927,สินธร(การลงทุน)
38182504,รัชดา(รถยนต์)
38192957,สวนลุมพินี(สุขภาพ)
38200217,รัชดา(รถยนต์)
38201202,ชานเรือน(ครอบครัว)
38209514,สินธร(การลงทุน)
38209514,สวนลุมพินี(สุขภาพ)
38218615,สีลม(ธุรกิจ)
38218615,ศาลาประชาคม(สังคม)
38218615,สวนลุมพินี(สุขภาพ)
38224617,สวนลุมพินี(สุขภาพ)
38224617,ศาลาประชาคม(สังคม)
38238117,รัชดา(รถยนต์)
38239623,รัชดา(รถยนต์)
38239680,บลูแพลนเน็ต(ท่องเที่ยว)
38245188,ดิโอลด์สยาม(ผู้สูงอายุ)
38245188,สวนลุมพินี(สุขภาพ)
38245382,รัชดา(รถยนต์)
38245382,ศาลาประชาคม(สังคม)
38250442,สินธร(การลงทุน)
38250442,ศาลาประชาคม(สังคม)
38250596,สวนลุมพินี(สุขภาพ)
38250596,ดิโอลด์สยาม(ผู้สูงอายุ)
38255321,รัชดา(รถยนต์)
38256001,บลูแพลนเน็ต(ท่องเที่ยว)
38268040,รัชดา(รถยนต์)
38277596,รัชดา(รถยนต์)
38278431,สวนลุมพินี(สุขภาพ)
38278431,ศาลาประชาคม(สังคม)
38278431,สินธร(การลงทุน)
38278431,ดิโอลด์สยาม(ผู้สูงอายุ)
38285237,ศาลาประชาคม(สังคม)
38285237,รัชดา(รถยนต์)
38295101,ไกลบ้าน(ต่างประเทศ)
38295101,บลูแพลนเน็ต(ท่องเที่ยว)
38298748,สวนลุมพินี(สุขภาพ)
38306235,ศาลาประชาคม(สังคม)
38306235,สวนลุมพินี(สุขภาพ)
38314852,สวนลุมพินี(สุขภาพ)
38317892,สินธร(การลงทุน)
38324032,รัชดา(รถยนต์)
38324225,ชานเรือน(ครอบครัว)
38324225,ศาลาประชาคม(สังคม)
38324225,สวนลุมพินี(สุขภาพ)
38324225,สินธร(การลงทุน)
38325616,ศาลาประชาคม(สังคม)
38325616,รัชดา(รถยนต์)
38329389,ศาลาประชาคม(สังคม)
38330232,สวนลุมพินี(สุขภาพ)
38335808,รัชดา(รถยนต์)
38349430,สวนลุมพินี(สุขภาพ)
38357545,รัชดา(รถยนต์)
38364633,ศาลาประชาคม(สังคม)
38364633,รัชดา(รถยนต์)
38368345,รัชดา(รถยนต์)
38368775,สวนลุมพินี(สุขภาพ)
38372139,ศาลาประชาคม(สังคม)
38372139,รัชดา(รถยนต์)
38374260,รัชดา(รถยนต์)
38376571,ศาลาประชาคม(สังคม)
38378258,สวนลุมพินี(สุขภาพ)
38378258,ศาลาประชาคม(สังคม)
38379601,สินธร(การลงทุน)
38379601,สวนลุมพินี(สุขภาพ)
38379601,ศาลาประชาคม(สังคม)
38385154,รัชดา(รถยนต์)
38385844,สวนลุมพินี(สุขภาพ)
38388586,ศาลาประชาคม(สังคม)
38388586,รัชดา(รถยนต์)
38394661,รัชดา(รถยนต์)
38394838,รัชดา(รถยนต์)
38397840,สินธร(การลงทุน)
38397840,สวนลุมพินี(สุขภาพ)
38402862,ชานเรือน(ครอบครัว)
38402862,สวนลุมพินี(สุขภาพ)
38406750,สวนลุมพินี(สุขภาพ)
38406750,ศาลาประชาคม(สังคม)
38414156,สินธร(การลงทุน)
38414156,สวนลุมพินี(สุขภาพ)
38424984,สินธร(การลงทุน)
38424984,ชายคา(ที่อยู่อาศัย)
38424984,ศาลาประชาคม(สังคม)
38425324,รัชดา(รถยนต์)
38431275,สวนลุมพินี(สุขภาพ)
38434244,สวนลุมพินี(สุขภาพ)
38434244,ศาลาประชาคม(สังคม)
38437965,สวนลุมพินี(สุขภาพ)
38437965,ชานเรือน(ครอบครัว)
38439308,ศาลาประชาคม(สังคม)
38442564,ชานเรือน(ครอบครัว)
38442564,สวนลุมพินี(สุขภาพ)
38464584,สวนลุมพินี(สุขภาพ)
38465715,สินธร(การลงทุน)
38465715,ชายคา(ที่อยู่อาศัย)
38469109,สวนลุมพินี(สุขภาพ)
38469109,สีลม(ธุรกิจ)
38469109,ศาลาประชาคม(สังคม)
38469283,ชานเรือน(ครอบครัว)
38469283,สวนลุมพินี(สุขภาพ)
38470312,ศาลาประชาคม(สังคม)
38470312,สวนลุมพินี(สุขภาพ)
38473837,รัชดา(รถยนต์)
38484642,รัชดา(รถยนต์)
38484776,รัชดา(รถยนต์)
38486550,สวนลุมพินี(สุขภาพ)
38491416,บลูแพลนเน็ต(ท่องเที่ยว)
38497359,สวนลุมพินี(สุขภาพ)
38497359,ศาลาประชาคม(สังคม)
38497359,สินธร(การลงทุน)
38497882,ศาลาประชาคม(สังคม)
38497882,สวนลุมพินี(สุขภาพ)
38499519,รัชดา(รถยนต์)
38499578,สวนลุมพินี(สุขภาพ)
38499578,ศาลาประชาคม(สังคม)
38500769,บลูแพลนเน็ต(ท่องเที่ยว)
38500769,ชานเรือน(ครอบครัว)
38501895,รัชดา(รถยนต์)
38502266,สวนลุมพินี(สุขภาพ)
38502266,ชานเรือน(ครอบครัว)
38502266,ศาลาประชาคม(สังคม)
38504776,สินธร(การลงทุน)
38504776,ศาลาประชาคม(สังคม)
38504776,สวนลุมพินี(สุขภาพ)
38506962,ศาลาประชาคม(สังคม)
38506962,สินธร(การลงทุน)
38506962,สวนลุมพินี(สุขภาพ)
38508069,รัชดา(รถยนต์)
38512193,ศาลาประชาคม(สังคม)
38512371,สวนลุมพินี(สุขภาพ)
38512371,ศาลาประชาคม(สังคม)
38521124,รัชดา(รถยนต์)
38521124,ศาลาประชาคม(สังคม)
38523119,สวนลุมพินี(สุขภาพ)
38523119,สีลม(ธุรกิจ)
38536614,รัชดา(รถยนต์)
38537222,ศาลาประชาคม(สังคม)
38537222,รัชดา(รถยนต์)
38543145,สินธร(การลงทุน)
38543145,ศาลาประชาคม(สังคม)
38545181,สวนลุมพินี(สุขภาพ)
38545617,รัชดา(รถยนต์)
38549255,ศาลาประชาคม(สังคม)
38549255,ภูมิภาค(ภูมิภาค)
38549255,สวนลุมพินี(สุขภาพ)
38549255,สีลม(ธุรกิจ)
38549778,ศาลาประชาคม(สังคม)
38549778,สวนลุมพินี(สุขภาพ)
38553161,บลูแพลนเน็ต(ท่องเที่ยว)
38555231,รัชดา(รถยนต์)
38558571,ศาลาประชาคม(สังคม)
38558571,สวนลุมพินี(สุขภาพ)
38558571,ดิโอลด์สยาม(ผู้สูงอายุ)
38558664,ศาลาประชาคม(สังคม)
38558664,รัชดา(รถยนต์)
38558664,สินธร(การลงทุน)
38561159,ชานเรือน(ครอบครัว)
38561159,ศาลาประชาคม(สังคม)
38561159,สวนลุมพินี(สุขภาพ)
38565160,ศาลาประชาคม(สังคม)
38565160,สวนลุมพินี(สุขภาพ)
38565160,ชานเรือน(ครอบครัว)
38573708,ศาลาประชาคม(สังคม)
38573708,สวนลุมพินี(สุขภาพ)
38574937,สวนลุมพินี(สุขภาพ)
38576471,สินธร(การลงทุน)
38576471,ศาลาประชาคม(สังคม)
38576471,สวนลุมพินี(สุขภาพ)
38577935,ศาลาประชาคม(สังคม)
38577935,รัชดา(รถยนต์)
38577935,สวนลุมพินี(สุขภาพ)
38578009,รัชดา(รถยนต์)
38578009,ศาลาประชาคม(สังคม)
38584051,ศาลาประชาคม(สังคม)
38584051,สวนลุมพินี(สุขภาพ)
38586676,ศาลาประชาคม(สังคม)
38586676,สวนลุมพินี(สุขภาพ)
38587268,สินธร(การลงทุน)
38587268,ศาลาประชาคม(สังคม)
38587268,สวนลุมพินี(สุขภาพ)
38592423,รัชดา(รถยนต์)
38594800,ศาลาประชาคม(สังคม)
38594800,สินธร(การลงทุน)
38594800,สวนลุมพินี(สุขภาพ)
38595411,สินธร(การลงทุน)
38595411,รัชดา(รถยนต์)
38595583,บลูแพลนเน็ต(ท่องเที่ยว)
38599298,ราชดำเนิน(การเมือง)
38599298,สวนลุมพินี(สุขภาพ)
38602351,รัชดา(รถยนต์)
38602847,สินธร(การลงทุน)
38602847,สวนลุมพินี(สุขภาพ)
38616875,รัชดา(รถยนต์)
38618891,สวนลุมพินี(สุขภาพ)
38618891,สินธร(การลงทุน)
38630671,สวนลุมพินี(สุขภาพ)
38633426,ศาลาประชาคม(สังคม)
38633426,สวนลุมพินี(สุขภาพ)
38634852,รัชดา(รถยนต์)
38635906,ดิโอลด์สยาม(ผู้สูงอายุ)
38638441,ดิโอลด์สยาม(ผู้สูงอายุ)
38638441,สวนลุมพินี(สุขภาพ)
38639793,สวนลุมพินี(สุขภาพ)
38639793,ดิโอลด์สยาม(ผู้สูงอายุ)
38648065,บลูแพลนเน็ต(ท่องเที่ยว)
38651243,ศาลาประชาคม(สังคม)
38651498,สวนลุมพินี(สุขภาพ)
38651656,สินธร(การลงทุน)
38651656,สวนลุมพินี(สุขภาพ)
38651770,ชานเรือน(ครอบครัว)
38655074,สินธร(การลงทุน)
38655074,ศาลาประชาคม(สังคม)
38660016,ศาลาประชาคม(สังคม)
38660016,ชานเรือน(ครอบครัว)
38660016,ดิโอลด์สยาม(ผู้สูงอายุ)
38660016,สวนลุมพินี(สุขภาพ)
38669914,ชานเรือน(ครอบครัว)
38672140,สวนลุมพินี(สุขภาพ)
38675001,สวนลุมพินี(สุขภาพ)
38677823,สินธร(การลงทุน)
38677823,ศาลาประชาคม(สังคม)
38678494,สวนลุมพินี(สุขภาพ)
38679476,สวนลุมพินี(สุขภาพ)
38683571,รัชดา(รถยนต์)
38695395,รัชดา(รถยนต์)
38700523,สวนลุมพินี(สุขภาพ)
38700523,สินธร(การลงทุน)
38701954,สินธร(การลงทุน)
38701954,สวนลุมพินี(สุขภาพ)
38712441,รัชดา(รถยนต์)
38712441,ศาลาประชาคม(สังคม)
38715646,รัชดา(รถยนต์)
38722707,สวนลุมพินี(สุขภาพ)
38730970,ศาลาประชาคม(สังคม)
38730970,บลูแพลนเน็ต(ท่องเที่ยว)
38731758,ชายคา(ที่อยู่อาศัย)
38732225,สินธร(การลงทุน)
38732225,สีลม(ธุรกิจ)
38732225,ดิโอลด์สยาม(ผู้สูงอายุ)
38740817,ดิโอลด์สยาม(ผู้สูงอายุ)
38740817,บลูแพลนเน็ต(ท่องเที่ยว)
38747163,สวนลุมพินี(สุขภาพ)
38748493,ศาลาประชาคม(สังคม)
38748493,สวนลุมพินี(สุขภาพ)
38753277,ชานเรือน(ครอบครัว)
38753277,สวนลุมพินี(สุขภาพ)
38754149,รัชดา(รถยนต์)
38758141,สวนลุมพินี(สุขภาพ)
38766013,สวนลุมพินี(สุขภาพ)
38774961,จตุจักร(สัตว์เลี้ยง)
38774961,รัชดา(รถยนต์)
38774961,สินธร(การลงทุน)
38774961,ศาลาประชาคม(สังคม)
38779169,รัชดา(รถยนต์)
38779169,ศาลาประชาคม(สังคม)
38783245,รัชดา(รถยนต์)
38783691,สวนลุมพินี(สุขภาพ)
38783691,ศาลาประชาคม(สังคม)
38783691,สีลม(ธุรกิจ)
38798911,ชานเรือน(ครอบครัว)
38798911,สวนลุมพินี(สุขภาพ)
38799059,ศาลาประชาคม(สังคม)
38809138,สวนลุมพินี(สุขภาพ)
38809138,สินธร(การลงทุน)
38809138,สีลม(ธุรกิจ)
38814699,รัชดา(รถยนต์)
38816831,ดิโอลด์สยาม(ผู้สูงอายุ)
38816831,สวนลุมพินี(สุขภาพ)
38824797,สวนลุมพินี(สุขภาพ)
38824797,สินธร(การลงทุน)
38824812,รัชดา(รถยนต์)
38826557,รัชดา(รถยนต์)
38827600,สินธร(การลงทุน)
38827600,ศาลาประชาคม(สังคม)
38830352,ศาลาประชาคม(สังคม)
38830352,สินธร(การลงทุน)
38834223,สวนลุมพินี(สุขภาพ)
38834223,สินธร(การลงทุน)
38839052,สวนลุมพินี(สุขภาพ)
38840304,ศาลาประชาคม(สังคม)
38840304,สวนลุมพินี(สุขภาพ)
38858104,สินธร(การลงทุน)
38858104,ศาลาประชาคม(สังคม)
38858104,สวนลุมพินี(สุขภาพ)
38860149,สวนลุมพินี(สุขภาพ)
38865658,ศาลาประชาคม(สังคม)
38865658,รัชดา(รถยนต์)
38871300,ศาลาประชาคม(สังคม)
38871300,สวนลุมพินี(สุขภาพ)
38871618,สวนลุมพินี(สุขภาพ)
38875137,สวนลุมพินี(สุขภาพ)
38875137,ดิโอลด์สยาม(ผู้สูงอายุ)
38886359,รัชดา(รถยนต์)
38888814,สวนลุมพินี(สุขภาพ)
38892603,ศาลาประชาคม(สังคม)
38901493,รัชดา(รถยนต์)
38902306,สวนลุมพินี(สุขภาพ)
38905666,สวนลุมพินี(สุขภาพ)
38905666,ศาลาประชาคม(สังคม)
38910961,สินธร(การลงทุน)
38910961,สีลม(ธุรกิจ)
38911505,สวนลุมพินี(สุขภาพ)
38916572,รัชดา(รถยนต์)
38921383,รัชดา(รถยนต์)
38921383,ศาลาประชาคม(สังคม)
38937724,รัชดา(รถยนต์)
38937906,สวนลุมพินี(สุขภาพ)
38941826,รัชดา(รถยนต์)
38941826,ศาลาประชาคม(สังคม)
38943140,สวนลุมพินี(สุขภาพ)
38943140,ศาลาประชาคม(สังคม)
38943140,สินธร(การลงทุน)
38943360,ศาลาประชาคม(สังคม)
38943360,สินธร(การลงทุน)
38943360,สวนลุมพินี(สุขภาพ)
38951746,ศาลาประชาคม(สังคม)
38952895,ศาลาประชาคม(สังคม)
38952895,รัชดา(รถยนต์)
38953594,รัชดา(รถยนต์)
38959296,รัชดา(รถยนต์)
38959631,สวนลุมพินี(สุขภาพ)
38963100,รัชดา(รถยนต์)
38965153,รัชดา(รถยนต์)
38967216,สวนลุมพินี(สุขภาพ)
38967216,ศาลาประชาคม(สังคม)
38984334,รัชดา(รถยนต์)
38988660,รัชดา(รถยนต์)
38988877,สินธร(การลงทุน)
38988877,สวนลุมพินี(สุขภาพ)
38988877,ศาลาประชาคม(สังคม)
38993650,รัชดา(รถยนต์)
38994831,รัชดา(รถยนต์)
38994831,ศาลาประชาคม(สังคม)
39000604,สินธร(การลงทุน)
39000604,สวนลุมพินี(สุขภาพ)
39006769,ชายคา(ที่อยู่อาศัย)
39006769,สินธร(การลงทุน)
39006769,สีลม(ธุรกิจ)
39007591,ศาลาประชาคม(สังคม)
39007591,รัชดา(รถยนต์)
39009891,สินธร(การลงทุน)
39009891,สวนลุมพินี(สุขภาพ)
39009891,ศาลาประชาคม(สังคม)
39015549,ศาลาประชาคม(สังคม)
39015549,สวนลุมพินี(สุขภาพ)
39020180,สวนลุมพินี(สุขภาพ)
39020180,สินธร(การลงทุน)
39024679,สินธร(การลงทุน)
39024679,สีลม(ธุรกิจ)
39024679,ชายคา(ที่อยู่อาศัย)
39029395,ศาลาประชาคม(สังคม)
39035229,รัชดา(รถยนต์)
39040555,ศาลาประชาคม(สังคม)
39040555,สวนลุมพินี(สุขภาพ)
39043158,รัชดา(รถยนต์)
39047835,รัชดา(รถยนต์)
39054907,สวนลุมพินี(สุขภาพ)
39058408,ศาลาประชาคม(สังคม)
39058408,สินธร(การลงทุน)
39058408,สวนลุมพินี(สุขภาพ)
39058679,สวนลุมพินี(สุขภาพ)
39062642,รัชดา(รถยนต์)
39066935,สวนลุมพินี(สุขภาพ)
39066935,ศาลาประชาคม(สังคม)
39072870,ชานเรือน(ครอบครัว)
39072870,สวนลุมพินี(สุขภาพ)
39075868,สินธร(การลงทุน)
39075868,สวนลุมพินี(สุขภาพ)
39075868,ศาลาประชาคม(สังคม)
39081248,สวนลุมพินี(สุขภาพ)
39081248,สินธร(การลงทุน)
39083629,สินธร(การลงทุน)
39083629,สวนลุมพินี(สุขภาพ)
39083629,ศาลาประชาคม(สังคม)
39087922,สินธร(การลงทุน)
39087922,สวนลุมพินี(สุขภาพ)
39089379,ศาลาประชาคม(สังคม)
39089379,สวนลุมพินี(สุขภาพ)
39090497,ชานเรือน(ครอบครัว)
39090497,สวนลุมพินี(สุขภาพ)
39094816,ศาลาประชาคม(สังคม)
39094816,บลูแพลนเน็ต(ท่องเที่ยว)
39099707,สวนลุมพินี(สุขภาพ)
39099707,ศาลาประชาคม(สังคม)
39101866,ศาลาประชาคม(สังคม)
39101866,สวนลุมพินี(สุขภาพ)
39107813,รัชดา(รถยนต์)
39107813,สินธร(การลงทุน)
39108098,ศาลาประชาคม(สังคม)
39108098,รัชดา(รถยนต์)
39110846,บลูแพลนเน็ต(ท่องเที่ยว)
39115896,สินธร(การลงทุน)
39115896,สวนลุมพินี(สุขภาพ)
39116094,สวนลุมพินี(สุขภาพ)
39116393,สวนลุมพินี(สุขภาพ)
39116393,สีลม(ธุรกิจ)
39122077,รัชดา(รถยนต์)
39122459,สินธร(การลงทุน)
39122459,ศาลาประชาคม(สังคม)
39124417,รัชดา(รถยนต์)
39125400,รัชดา(รถยนต์)
39125892,รัชดา(รถยนต์)
39125892,สินธร(การลงทุน)
39125892,สวนลุมพินี(สุขภาพ)
39132109,ดิโอลด์สยาม(ผู้สูงอายุ)
39132109,ศาลาประชาคม(สังคม)
39140981,บลูแพลนเน็ต(ท่องเที่ยว)
39140981,รัชดา(รถยนต์)
39142646,รัชดา(รถยนต์)
39142646,กล้อง(การถ่ายภาพ)
39149555,ศาลาประชาคม(สังคม)
39149555,สวนลุมพินี(สุขภาพ)
39158221,สวนลุมพินี(สุขภาพ)
39158221,สินธร(การลงทุน)
39158221,ศาลาประชาคม(สังคม)
39158358,สวนลุมพินี(สุขภาพ)
39158358,ดิโอลด์สยาม(ผู้สูงอายุ)
39158358,ชานเรือน(ครอบครัว)
39162201,รัชดา(รถยนต์)
39162657,สีลม(ธุรกิจ)
39162657,สินธร(การลงทุน)
39165328,รัชดา(รถยนต์)
39165328,ศาลาประชาคม(สังคม)
39167623,ศาลาประชาคม(สังคม)
39167623,สีลม(ธุรกิจ)
39167623,สวนลุมพินี(สุขภาพ)
39169236,รัชดา(รถยนต์)
39169236,ศาลาประชาคม(สังคม)
39169723,สินธร(การลงทุน)
39169908,สินธร(การลงทุน)
39169908,สวนลุมพินี(สุขภาพ)
39170017,รัชดา(รถยนต์)
39170017,ศาลาประชาคม(สังคม)
39171712,สวนลุมพินี(สุขภาพ)
39178268,รัชดา(รถยนต์)
39178268,ศาลาประชาคม(สังคม)
39178379,สวนลุมพินี(สุขภาพ)
39178379,ศาลาประชาคม(สังคม)
39178379,ชานเรือน(ครอบครัว)
39179112,สวนลุมพินี(สุขภาพ)
39182207,ศาลาประชาคม(สังคม)
39182207,สวนลุมพินี(สุขภาพ)
39182627,ศาลาประชาคม(สังคม)
39182627,รัชดา(รถยนต์)
39183416,รัชดา(รถยนต์)
39183416,ศาลาประชาคม(สังคม)
39184464,รัชดา(รถยนต์)
39184501,ชายคา(ที่อยู่อาศัย)
39184501,สินธร(การลงทุน)
39185614,สินธร(การลงทุน)
39185614,รัชดา(รถยนต์)
39187212,สวนลุมพินี(สุขภาพ)
39187212,รัชดา(รถยนต์)
39188551,สวนลุมพินี(สุขภาพ)
39188551,ศาลาประชาคม(สังคม)
39189331,ศาลาประชาคม(สังคม)
39189331,สวนลุมพินี(สุขภาพ)
39189331,สินธร(การลงทุน)
39190982,สวนลุมพินี(สุขภาพ)
39190982,ศาลาประชาคม(สังคม)
39190982,สีลม(ธุรกิจ)
39195120,รัชดา(รถยนต์)
39200362,สวนลุมพินี(สุขภาพ)
39200362,ห้องสมุด(หนังสือ)
39200362,สยามสแควร์(วัยรุ่น)
39200362,รัชดา(รถยนต์)
39200872,ชานเรือน(ครอบครัว)
39200872,สวนลุมพินี(สุขภาพ)
39200917,รัชดา(รถยนต์)
39202418,สวนลุมพินี(สุขภาพ)
39204055,รัชดา(รถยนต์)
39206822,สินธร(การลงทุน)
39206822,สวนลุมพินี(สุขภาพ)
39207214,สินธร(การลงทุน)
39207214,สวนลุมพินี(สุขภาพ)
39207214,ศาลาประชาคม(สังคม)
39215150,สวนลุมพินี(สุขภาพ)
39216368,สวนลุมพินี(สุขภาพ)
39216368,ดิโอลด์สยาม(ผู้สูงอายุ)
39216875,สวนลุมพินี(สุขภาพ)
39217193,รัชดา(รถยนต์)
39218090,รัชดา(รถยนต์)
39220601,รัชดา(รถยนต์)
39221225,ศาลาประชาคม(สังคม)
39221225,สวนลุมพินี(สุขภาพ)
39224501,รัชดา(รถยนต์)
39228902,สวนลุมพินี(สุขภาพ)
39229007,ชานเรือน(ครอบครัว)
39229030,สวนลุมพินี(สุขภาพ)
39231273,บลูแพลนเน็ต(ท่องเที่ยว)
39232792,รัชดา(รถยนต์)
39237002,รัชดา(รถยนต์)
39237484,ศาลาประชาคม(สังคม)
39237484,รัชดา(รถยนต์)
39237484,สวนลุมพินี(สุขภาพ)
39240439,รัชดา(รถยนต์)
39243038,รัชดา(รถยนต์)
39243821,รัชดา(รถยนต์)
39244493,ศาลาประชาคม(สังคม)
39244493,สวนลุมพินี(สุขภาพ)
39246190,ศาลาประชาคม(สังคม)
39246190,รัชดา(รถยนต์)
39246795,สวนลุมพินี(สุขภาพ)
39246795,ดิโอลด์สยาม(ผู้สูงอายุ)
39247597,สวนลุมพินี(สุขภาพ)
39247597,ศาลาประชาคม(สังคม)
39247597,ชานเรือน(ครอบครัว)
39256165,สินธร(การลงทุน)
39256165,รัชดา(รถยนต์)
39256165,ศาลาประชาคม(สังคม)
39257219,สวนลุมพินี(สุขภาพ)
39257219,ศาลาประชาคม(สังคม)
39257908,บลูแพลนเน็ต(ท่องเที่ยว)
39257975,สินธร(การลงทุน)
39257975,ศาลาประชาคม(สังคม)
39257975,สวนลุมพินี(สุขภาพ)
39258924,รัชดา(รถยนต์)
39261311,สวนลุมพินี(สุขภาพ)
39262237,สวนลุมพินี(สุขภาพ)
39262502,ศาลาประชาคม(สังคม)
39262502,รัชดา(รถยนต์)
39273991,บลูแพลนเน็ต(ท่องเที่ยว)
39276939,รัชดา(รถยนต์)
39278196,รัชดา(รถยนต์)
39278548,ศาลาประชาคม(สังคม)
39278548,สวนลุมพินี(สุขภาพ)
39281872,สินธร(การลงทุน)
39281872,สวนลุมพินี(สุขภาพ)
39282576,รัชดา(รถยนต์)
39287439,สวนลุมพินี(สุขภาพ)
39287439,สินธร(การลงทุน)
39287451,ดิโอลด์สยาม(ผู้สูงอายุ)
39287451,สินธร(การลงทุน)
39288336,รัชดา(รถยนต์)
39288621,สินธร(การลงทุน)
39300386,ศาลาประชาคม(สังคม)
39300386,สวนลุมพินี(สุขภาพ)
39300386,สินธร(การลงทุน)
39304277,สวนลุมพินี(สุขภาพ)
39304277,ศาลาประชาคม(สังคม)
39304717,สินธร(การลงทุน)
39304717,สวนลุมพินี(สุขภาพ)
39304717,ศาลาประชาคม(สังคม)
39308310,ชายคา(ที่อยู่อาศัย)
39308310,สินธร(การลงทุน)
39310637,สินธร(การลงทุน)
39310637,สวนลุมพินี(สุขภาพ)
39311129,สินธร(การลงทุน)
39311129,รัชดา(รถยนต์)
39313735,สวนลุมพินี(สุขภาพ)
39313735,สินธร(การลงทุน)
39314596,สวนลุมพินี(สุขภาพ)
39314596,ดิโอลด์สยาม(ผู้สูงอายุ)
39314913,สวนลุมพินี(สุขภาพ)
39314913,ดิโอลด์สยาม(ผู้สูงอายุ)
39317821,แก็ดเจ็ต(แก็ดเจ็ต)
39317821,โต๊ะเครื่องแป้ง(ความงาม)
39317821,สวนลุมพินี(สุขภาพ)
39319878,รัชดา(รถยนต์)
39325685,สีลม(ธุรกิจ)
39325685,สวนลุมพินี(สุขภาพ)
39326053,สวนลุมพินี(สุขภาพ)
39326053,ศาลาประชาคม(สังคม)
39330280,สวนลุมพินี(สุขภาพ)
39331978,รัชดา(รถยนต์)
39342036,สวนลุมพินี(สุขภาพ)
39342036,ศาลาประชาคม(สังคม)
39345657,ไกลบ้าน(ต่างประเทศ)
39345657,สวนลุมพินี(สุขภาพ)
39359144,สวนลุมพินี(สุขภาพ)
39359144,ศาลาประชาคม(สังคม)
39359144,สีลม(ธุรกิจ)
39361342,รัชดา(รถยนต์)
39361721,สวนลุมพินี(สุขภาพ)
39364773,รัชดา(รถยนต์)
39364821,สินธร(การลงทุน)
39364821,สวนลุมพินี(สุขภาพ)
39364827,สวนลุมพินี(สุขภาพ)
39365784,สินธร(การลงทุน)
39365784,ศาลาประชาคม(สังคม)
39365784,สวนลุมพินี(สุขภาพ)
39369570,สวนลุมพินี(สุขภาพ)
39380399,สินธร(การลงทุน)
39380399,ศาลาประชาคม(สังคม)
39380399,รัชดา(รถยนต์)
39384735,สวนลุมพินี(สุขภาพ)
39384735,สินธร(การลงทุน)
39384735,ศาลาประชาคม(สังคม)
39386748,รัชดา(รถยนต์)
39386748,ศาลาประชาคม(สังคม)
39389622,ดิโอลด์สยาม(ผู้สูงอายุ)
39389622,ศาลาประชาคม(สังคม)
39389622,สวนลุมพินี(สุขภาพ)
39392094,สวนลุมพินี(สุขภาพ)
39394587,สวนลุมพินี(สุขภาพ)
39394839,ชานเรือน(ครอบครัว)
39396741,สวนลุมพินี(สุขภาพ)
39396741,ชานเรือน(ครอบครัว)
39398042,รัชดา(รถยนต์)
39401938,รัชดา(รถยนต์)
39409550,สินธร(การลงทุน)
39423357,สวนลุมพินี(สุขภาพ)
39425389,สวนลุมพินี(สุขภาพ)
39425389,ศาลาประชาคม(สังคม)
39425389,สินธร(การลงทุน)
39425747,สินธร(การลงทุน)
39425747,ศาลาประชาคม(สังคม)
39425747,สวนลุมพินี(สุขภาพ)
39429154,สินธร(การลงทุน)
39429154,รัชดา(รถยนต์)
39435710,ศาลาประชาคม(สังคม)
39435710,รัชดา(รถยนต์)
39439506,สินธร(การลงทุน)
39439506,รัชดา(รถยนต์)
39439506,ศาลาประชาคม(สังคม)
39440760,ศาลาประชาคม(สังคม)
39440760,สวนลุมพินี(สุขภาพ)
39440760,รัชดา(รถยนต์)
39442088,สินธร(การลงทุน)
39442088,ชายคา(ที่อยู่อาศัย)
39444127,สินธร(การลงทุน)
39445508,รัชดา(รถยนต์)
39465589,ศาลาประชาคม(สังคม)
39465589,สินธร(การลงทุน)
39474214,สวนลุมพินี(สุขภาพ)
39475850,สวนลุมพินี(สุขภาพ)
39478487,สินธร(การลงทุน)
39478487,สวนลุมพินี(สุขภาพ)
39478487,ศาลาประชาคม(สังคม)
39480826,สวนลุมพินี(สุขภาพ)
39484289,ศาลาประชาคม(สังคม)
39490393,ศาลาประชาคม(สังคม)
39490393,สวนลุมพินี(สุขภาพ)
39492960,สวนลุมพินี(สุขภาพ)
39492960,ดิโอลด์สยาม(ผู้สูงอายุ)
39494646,สีลม(ธุรกิจ)
39494646,ดิโอลด์สยาม(ผู้สูงอายุ)
39494646,สวนลุมพินี(สุขภาพ)
39494646,สินธร(การลงทุน)
39500044,สวนลุมพินี(สุขภาพ)
39500044,ศาลาประชาคม(สังคม)
39500732,ชานเรือน(ครอบครัว)
39500732,ดิโอลด์สยาม(ผู้สูงอายุ)
39500732,สวนลุมพินี(สุขภาพ)
39501024,สินธร(การลงทุน)
39501024,สีลม(ธุรกิจ)
39501024,สวนลุมพินี(สุขภาพ)
39505181,สินธร(การลงทุน)
39505181,สวนลุมพินี(สุขภาพ)
39505181,ดิโอลด์สยาม(ผู้สูงอายุ)
39507181,สินธร(การลงทุน)
39507181,สวนลุมพินี(สุขภาพ)
39510481,สินธร(การลงทุน)
39510481,สีลม(ธุรกิจ)
39512453,รัชดา(รถยนต์)
39512453,ศาลาประชาคม(สังคม)
39532930,รัชดา(รถยนต์)
39535565,สินธร(การลงทุน)
39535565,สวนลุมพินี(สุขภาพ)
39535565,ศาลาประชาคม(สังคม)
39541205,ดิโอลด์สยาม(ผู้สูงอายุ)
39541205,รัชดา(รถยนต์)
39541205,สวนลุมพินี(สุขภาพ)
39542639,สวนลุมพินี(สุขภาพ)
39542639,ศาลาประชาคม(สังคม)
39549272,ศาลาประชาคม(สังคม)
39549272,สวนลุมพินี(สุขภาพ)
39550402,ศาลาประชาคม(สังคม)
39550402,สวนลุมพินี(สุขภาพ)
39550446,สินธร(การลงทุน)
39550446,ชายคา(ที่อยู่อาศัย)
39550446,ศาลาประชาคม(สังคม)
39551560,รัชดา(รถยนต์)
39553736,สวนลุมพินี(สุขภาพ)
39560653,ศาลาประชาคม(สังคม)
39560653,สวนลุมพินี(สุขภาพ)
39560994,รัชดา(รถยนต์)
39561754,สินธร(การลงทุน)
39561754,สวนลุมพินี(สุขภาพ)
39561754,ศาลาประชาคม(สังคม)
39562537,รัชดา(รถยนต์)
39562814,ศาลาประชาคม(สังคม)
39562814,สวนลุมพินี(สุขภาพ)
39562814,สินธร(การลงทุน)
39563275,สินธร(การลงทุน)
39563275,สวนลุมพินี(สุขภาพ)
39567317,สินธร(การลงทุน)
39567317,รัชดา(รถยนต์)
39569041,สวนลุมพินี(สุขภาพ)
39569041,สินธร(การลงทุน)
39569041,สีลม(ธุรกิจ)
39569103,รัชดา(รถยนต์)
39573752,สีลม(ธุรกิจ)
39573752,สวนลุมพินี(สุขภาพ)
39578614,ชานเรือน(ครอบครัว)
39584616,สวนลุมพินี(สุขภาพ)
39585101,สวนลุมพินี(สุขภาพ)
39587074,ศาลาประชาคม(สังคม)
39587074,สวนลุมพินี(สุขภาพ)
39594574,ศาลาประชาคม(สังคม)
39594574,สวนลุมพินี(สุขภาพ)
39595467,รัชดา(รถยนต์)
39595467,ศาลาประชาคม(สังคม)
39596905,สีลม(ธุรกิจ)
39596905,สินธร(การลงทุน)
39597325,สวนลุมพินี(สุขภาพ)
39597359,สวนลุมพินี(สุขภาพ)
39597359,ศาลาประชาคม(สังคม)
39597359,สินธร(การลงทุน)
39598879,รัชดา(รถยนต์)
39599133,รัชดา(รถยนต์)
39599408,บลูแพลนเน็ต(ท่องเที่ยว)
39602414,สวนลุมพินี(สุขภาพ)
39602414,สินธร(การลงทุน)
39603399,รัชดา(รถยนต์)
39604350,สวนลุมพินี(สุขภาพ)
39604350,ศาลาประชาคม(สังคม)
39613461,ศาลาประชาคม(สังคม)
39613461,รัชดา(รถยนต์)
39617085,สวนลุมพินี(สุขภาพ)
39617085,สินธร(การลงทุน)
39617691,ชานเรือน(ครอบครัว)
39617691,สวนลุมพินี(สุขภาพ)
39620084,ศาลาประชาคม(สังคม)
39620084,สวนลุมพินี(สุขภาพ)
39622528,สวนลุมพินี(สุขภาพ)
39625284,รัชดา(รถยนต์)
39625284,ศาลาประชาคม(สังคม)
39625312,รัชดา(รถยนต์)
39625312,สีลม(ธุรกิจ)
39626269,สวนลุมพินี(สุขภาพ)
39626269,ดิโอลด์สยาม(ผู้สูงอายุ)
39629614,ศาลาประชาคม(สังคม)
39629614,รัชดา(รถยนต์)
39630283,รัชดา(รถยนต์)
39630662,ศาลาประชาคม(สังคม)
39630662,รัชดา(รถยนต์)
39631201,รัชดา(รถยนต์)
39632766,สวนลุมพินี(สุขภาพ)
39632766,ศาลาประชาคม(สังคม)
39633461,ศาลาประชาคม(สังคม)
39633461,สินธร(การลงทุน)
39634397,สวนลุมพินี(สุขภาพ)
39636639,รัชดา(รถยนต์)
39636639,สวนลุมพินี(สุขภาพ)
39638281,สวนลุมพินี(สุขภาพ)
39641735,รัชดา(รถยนต์)
39642735,โต๊ะเครื่องแป้ง(ความงาม)
39642735,สวนลุมพินี(สุขภาพ)
39643130,สวนลุมพินี(สุขภาพ)
39643130,สินธร(การลงทุน)
39645290,ศาลาประชาคม(สังคม)
39645290,สวนลุมพินี(สุขภาพ)
39649936,รัชดา(รถยนต์)
39651499,รัชดา(รถยนต์)
39653375,บลูแพลนเน็ต(ท่องเที่ยว)
39658591,รัชดา(รถยนต์)
39658591,สวนลุมพินี(สุขภาพ)
39664476,ชานเรือน(ครอบครัว)
39664476,สวนลุมพินี(สุขภาพ)
39664476,ศาลาประชาคม(สังคม)
39667117,สวนลุมพินี(สุขภาพ)
39667754,ศาลาประชาคม(สังคม)
39667754,สวนลุมพินี(สุขภาพ)
39668041,รัชดา(รถยนต์)
39668388,สวนลุมพินี(สุขภาพ)
39668388,บลูแพลนเน็ต(ท่องเที่ยว)
39670677,ศาลาประชาคม(สังคม)
39670677,รัชดา(รถยนต์)
39670793,ชานเรือน(ครอบครัว)
39670793,สินธร(การลงทุน)
39670793,สวนลุมพินี(สุขภาพ)
39671005,สวนลุมพินี(สุขภาพ)
39673932,สวนลุมพินี(สุขภาพ)
39675789,สินธร(การลงทุน)
39675789,สวนลุมพินี(สุขภาพ)
39681204,สวนลุมพินี(สุขภาพ)
39681453,ศาลาประชาคม(สังคม)
39681453,สวนลุมพินี(สุขภาพ)
39682587,ชานเรือน(ครอบครัว)
39682587,สีลม(ธุรกิจ)
39682587,สวนลุมพินี(สุขภาพ)
39682587,สินธร(การลงทุน)
39683241,รัชดา(รถยนต์)
39683241,สวนลุมพินี(สุขภาพ)
39683558,สวนลุมพินี(สุขภาพ)
39687002,รัชดา(รถยนต์)
39687002,ศาลาประชาคม(สังคม)
39687286,รัชดา(รถยนต์)
39689302,สวนลุมพินี(สุขภาพ)
39691858,สวนลุมพินี(สุขภาพ)
39691858,รัชดา(รถยนต์)
39700580,สินธร(การลงทุน)
39700580,ศาลาประชาคม(สังคม)
39700580,สวนลุมพินี(สุขภาพ)
39703989,ไกลบ้าน(ต่างประเทศ)
39703989,สวนลุมพินี(สุขภาพ)
39703989,บลูแพลนเน็ต(ท่องเที่ยว)
39705778,ศาลาประชาคม(สังคม)
39709205,สวนลุมพินี(สุขภาพ)
39711734,สวนลุมพินี(สุขภาพ)
39712067,สวนลุมพินี(สุขภาพ)
39713735,สวนลุมพินี(สุขภาพ)
39713735,บางขุนพรหม(บันเทิง)
39714490,สวนลุมพินี(สุขภาพ)
39714523,ศาลาประชาคม(สังคม)
39714523,สวนลุมพินี(สุขภาพ)
39714714,สวนลุมพินี(สุขภาพ)
39715854,ศาลาประชาคม(สังคม)
39715854,สวนลุมพินี(สุขภาพ)
39716973,สวนลุมพินี(สุขภาพ)
39717514,สวนลุมพินี(สุขภาพ)
39717514,ดิโอลด์สยาม(ผู้สูงอายุ)
39719016,สวนลุมพินี(สุขภาพ)
39720578,ดิโอลด์สยาม(ผู้สูงอายุ)
39720578,สวนลุมพินี(สุขภาพ)
39721672,ศาลาประชาคม(สังคม)
39721672,สวนลุมพินี(สุขภาพ)
39721672,สินธร(การลงทุน)
39721806,สวนลุมพินี(สุขภาพ)
39722083,ศาลาประชาคม(สังคม)
39722259,ศาลาประชาคม(สังคม)
39722259,รัชดา(รถยนต์)
39722456,สวนลุมพินี(สุขภาพ)
39723506,สวนลุมพินี(สุขภาพ)
39723837,สวนลุมพินี(สุขภาพ)
39723979,สวนลุมพินี(สุขภาพ)
39724056,สวนลุมพินี(สุขภาพ)
39724348,สวนลุมพินี(สุขภาพ)
39724348,สินธร(การลงทุน)
39725099,สวนลุมพินี(สุขภาพ)
39725207,สวนลุมพินี(สุขภาพ)
39725207,ศาลาประชาคม(สังคม)
39725469,สินธร(การลงทุน)
39725469,สวนลุมพินี(สุขภาพ)
39725660,สวนลุมพินี(สุขภาพ)
39726369,สวนลุมพินี(สุขภาพ)
39726369,สินธร(การลงทุน)
39727230,สวนลุมพินี(สุขภาพ)
39727758,สวนลุมพินี(สุขภาพ)
39728071,สวนลุมพินี(สุขภาพ)
39728071,สีลม(ธุรกิจ)
39728145,ดิโอลด์สยาม(ผู้สูงอายุ)
39728340,สวนลุมพินี(สุขภาพ)
39728859,สวนลุมพินี(สุขภาพ)
39728859,สินธร(การลงทุน)
39728915,สวนลุมพินี(สุขภาพ)
39728934,สินธร(การลงทุน)
39728934,สวนลุมพินี(สุขภาพ)
39728934,สีลม(ธุรกิจ)
39729174,รัชดา(รถยนต์)
39729389,สวนลุมพินี(สุขภาพ)
39729689,รัชดา(รถยนต์)
39730098,สินธร(การลงทุน)
39730098,รัชดา(รถยนต์)
39730193,สวนลุมพินี(สุขภาพ)
39730193,ศาลาประชาคม(สังคม)
39731131,รัชดา(รถยนต์)
39731219,สวนลุมพินี(สุขภาพ)
39731259,ศาลาประชาคม(สังคม)
39731259,สวนลุมพินี(สุขภาพ)
39732608,สวนลุมพินี(สุขภาพ)
39733637,สวนลุมพินี(สุขภาพ)
39734053,สวนลุมพินี(สุขภาพ)
39734053,ศาลาประชาคม(สังคม)
39735218,สวนลุมพินี(สุขภาพ)
39735437,สวนลุมพินี(สุขภาพ)
39735437,สีลม(ธุรกิจ)
39736495,ศาลาประชาคม(สังคม)
39736495,สวนลุมพินี(สุขภาพ)
39736520,สวนลุมพินี(สุขภาพ)
39737221,สวนลุมพินี(สุขภาพ)
39738085,รัชดา(รถยนต์)
39738085,ศาลาประชาคม(สังคม)
39738410,สวนลุมพินี(สุขภาพ)
39738588,สวนลุมพินี(สุขภาพ)
39740516,ศาลาประชาคม(สังคม)
39740877,สวนลุมพินี(สุขภาพ)
39741031,สวนลุมพินี(สุขภาพ)
39741031,ดิโอลด์สยาม(ผู้สูงอายุ)
39742184,ศาลาประชาคม(สังคม)
39742184,สินธร(การลงทุน)
39742862,ศาลาประชาคม(สังคม)
39742862,สินธร(การลงทุน)
39742862,สวนลุมพินี(สุขภาพ)
39747367,สวนลุมพินี(สุขภาพ)
39748347,สวนลุมพินี(สุขภาพ)
39750322,สวนลุมพินี(สุขภาพ)
39751025,สวนลุมพินี(สุขภาพ)
39751153,สวนลุมพินี(สุขภาพ)
39751153,ศาลาประชาคม(สังคม)
39751153,สินธร(การลงทุน)
39751461,สวนลุมพินี(สุขภาพ)
39751461,ดิโอลด์สยาม(ผู้สูงอายุ)
39752157,สวนลุมพินี(สุขภาพ)
39752157,ศาลาประชาคม(สังคม)
39753753,สวนลุมพินี(สุขภาพ)
39755538,ดิโอลด์สยาม(ผู้สูงอายุ)
39755538,ศาลาประชาคม(สังคม)
39755538,สวนลุมพินี(สุขภาพ)
39757314,รัชดา(รถยนต์)
39758890,สวนลุมพินี(สุขภาพ)
39759883,สวนลุมพินี(สุขภาพ)
39759883,ศาลาประชาคม(สังคม)
39760536,ศาลาประชาคม(สังคม)
39760536,สวนลุมพินี(สุขภาพ)
39760536,สินธร(การลงทุน)
39760613,สวนลุมพินี(สุขภาพ)
39760613,ศาลาประชาคม(สังคม)
39765173,สวนลุมพินี(สุขภาพ)
39765173,ศาลาประชาคม(สังคม)
39765313,ศาลาประชาคม(สังคม)
39765313,สินธร(การลงทุน)
39765313,สวนลุมพินี(สุขภาพ)
39765670,รัชดา(รถยนต์)
39767094,ชานเรือน(ครอบครัว)
39767094,สวนลุมพินี(สุขภาพ)
39767765,รัชดา(รถยนต์)
39767765,สวนลุมพินี(สุขภาพ)
39767765,ศาลาประชาคม(สังคม)
39768146,รัชดา(รถยนต์)
39768146,สินธร(การลงทุน)
39768146,สวนลุมพินี(สุขภาพ)
39768513,สวนลุมพินี(สุขภาพ)
39768846,รัชดา(รถยนต์)
39769026,สวนลุมพินี(สุขภาพ)
39769026,สินธร(การลงทุน)
39770964,สวนลุมพินี(สุขภาพ)
39771189,ศาลาประชาคม(สังคม)
39771189,สวนลุมพินี(สุขภาพ)
39771302,สวนลุมพินี(สุขภาพ)
39771302,ดิโอลด์สยาม(ผู้สูงอายุ)
39771447,สินธร(การลงทุน)
39771447,สวนลุมพินี(สุขภาพ)
39771447,ศาลาประชาคม(สังคม)
39771942,ศาลาประชาคม(สังคม)
39771942,สินธร(การลงทุน)
39771942,สวนลุมพินี(สุขภาพ)
39771957,สวนลุมพินี(สุขภาพ)
39773043,ศาลาประชาคม(สังคม)
39774375,สวนลุมพินี(สุขภาพ)
39774961,สวนลุมพินี(สุขภาพ)
39778787,สวนลุมพินี(สุขภาพ)
39778787,ชานเรือน(ครอบครัว)
39780767,ศาลาประชาคม(สังคม)
39780767,สวนลุมพินี(สุขภาพ)
39784300,สวนลุมพินี(สุขภาพ)
39784300,ศาลาประชาคม(สังคม)
39785658,สวนลุมพินี(สุขภาพ)
39789998,ศาลาประชาคม(สังคม)
39789998,ดิโอลด์สยาม(ผู้สูงอายุ)
39789998,สวนลุมพินี(สุขภาพ)
39791995,สินธร(การลงทุน)
39791995,สวนลุมพินี(สุขภาพ)
39792668,สวนลุมพินี(สุขภาพ)
39792668,ศาลาประชาคม(สังคม)
39796112,ศาลาประชาคม(สังคม)
39796112,สินธร(การลงทุน)
39796112,สวนลุมพินี(สุขภาพ)
39801091,สวนลุมพินี(สุขภาพ)
39802881,สวนลุมพินี(สุขภาพ)
39808829,รัชดา(รถยนต์)
39808849,รัชดา(รถยนต์)
39813570,ศาลาประชาคม(สังคม)
39813570,รัชดา(รถยนต์)
39817782,สวนลุมพินี(สุขภาพ)
39818281,ศาลาประชาคม(สังคม)
39818281,ดิโอลด์สยาม(ผู้สูงอายุ)
39818281,สวนลุมพินี(สุขภาพ)
39820989,สวนลุมพินี(สุขภาพ)
39826119,สวนลุมพินี(สุขภาพ)
39830232,ศาลาประชาคม(สังคม)
39830232,สวนลุมพินี(สุขภาพ)
39830586,สีลม(ธุรกิจ)
39830586,สวนลุมพินี(สุขภาพ)
39830586,สินธร(การลงทุน)
39830586,ศาลาประชาคม(สังคม)
39831394,สวนลุมพินี(สุขภาพ)
39831394,ศาลาประชาคม(สังคม)
39832199,สวนลุมพินี(สุขภาพ)
39832199,ศาลาประชาคม(สังคม)
39832359,สวนลุมพินี(สุขภาพ)
39832359,ศาลาประชาคม(สังคม)
39833681,สวนลุมพินี(สุขภาพ)
39837655,รัชดา(รถยนต์)
39838874,ศาลาประชาคม(สังคม)
39838874,สวนลุมพินี(สุขภาพ)
39838874,สีลม(ธุรกิจ)
39846198,สวนลุมพินี(สุขภาพ)
39850756,สินธร(การลงทุน)
39850756,สวนลุมพินี(สุขภาพ)
39854403,สินธร(การลงทุน)
39854403,สวนลุมพินี(สุขภาพ)
39859016,รัชดา(รถยนต์)
39859016,สวนลุมพินี(สุขภาพ)
39864995,สวนลุมพินี(สุขภาพ)
39864995,สินธร(การลงทุน)
39867307,ดิโอลด์สยาม(ผู้สูงอายุ)
39867307,สวนลุมพินี(สุขภาพ)
39868832,ศาลาประชาคม(สังคม)
39868832,สวนลุมพินี(สุขภาพ)
39868832,สินธร(การลงทุน)
39869240,สินธร(การลงทุน)
39869240,สวนลุมพินี(สุขภาพ)
39869240,ศาลาประชาคม(สังคม)
39869631,สินธร(การลงทุน)
39869631,ศาลาประชาคม(สังคม)
39869832,รัชดา(รถยนต์)
39869832,ศาลาประชาคม(สังคม)
39870204,บลูแพลนเน็ต(ท่องเที่ยว)
39874516,สวนลุมพินี(สุขภาพ)
39874516,ศาลาประชาคม(สังคม)
39876568,สวนลุมพินี(สุขภาพ)
39882263,สวนลุมพินี(สุขภาพ)
39882263,ศาลาประชาคม(สังคม)
39886108,รัชดา(รถยนต์)
39887944,รัชดา(รถยนต์)
39890122,สวนลุมพินี(สุขภาพ)
39897335,สินธร(การลงทุน)
39897335,รัชดา(รถยนต์)
39904255,สวนลุมพินี(สุขภาพ)
39908350,สินธร(การลงทุน)
39908350,สวนลุมพินี(สุขภาพ)
39908350,สีลม(ธุรกิจ)
39908350,ศาลาประชาคม(สังคม)
39909873,สวนลุมพินี(สุขภาพ)
39911969,สวนลุมพินี(สุขภาพ)
39912142,สวนลุมพินี(สุขภาพ)
39913698,รัชดา(รถยนต์)
39915127,สวนลุมพินี(สุขภาพ)
39916555,สวนลุมพินี(สุขภาพ)
39916951,สยามสแควร์(วัยรุ่น)
39916951,สวนลุมพินี(สุขภาพ)
39918074,สวนลุมพินี(สุขภาพ)
39922584,สวนลุมพินี(สุขภาพ)
39922584,ศาลาประชาคม(สังคม)
39926666,สวนลุมพินี(สุขภาพ)
39927094,สินธร(การลงทุน)
39927094,ชายคา(ที่อยู่อาศัย)
39929994,รัชดา(รถยนต์)
39929994,ศาลาประชาคม(สังคม)
39932569,สวนลุมพินี(สุขภาพ)
39932733,รัชดา(รถยนต์)
39932733,ศาลาประชาคม(สังคม)
39934059,สวนลุมพินี(สุขภาพ)
39934059,ศาลาประชาคม(สังคม)
39937394,สินธร(การลงทุน)
39937394,ศาลาประชาคม(สังคม)
39937394,สวนลุมพินี(สุขภาพ)
39937542,ศาลาประชาคม(สังคม)
39937542,สวนลุมพินี(สุขภาพ)
39937542,สินธร(การลงทุน)
39941750,สวนลุมพินี(สุขภาพ)
39949381,รัชดา(รถยนต์)
39950002,ชานเรือน(ครอบครัว)
39950002,สินธร(การลงทุน)
39950002,ศาลาประชาคม(สังคม)
39955970,รัชดา(รถยนต์)
39957329,สินธร(การลงทุน)
39957329,ศาลาประชาคม(สังคม)
39958981,ศาลาประชาคม(สังคม)
39958981,สวนลุมพินี(สุขภาพ)
39960044,สวนลุมพินี(สุขภาพ)
39960044,สินธร(การลงทุน)
39961028,รัชดา(รถยนต์)
39961028,ศาลาประชาคม(สังคม)
39963738,รัชดา(รถยนต์)
39963738,สวนลุมพินี(สุขภาพ)
39964496,สวนลุมพินี(สุขภาพ)
39964496,ศาลาประชาคม(สังคม)
39966792,สวนลุมพินี(สุขภาพ)
39970045,รัชดา(รถยนต์)
39972814,ชานเรือน(ครอบครัว)
39972814,สวนลุมพินี(สุขภาพ)
39972814,ดิโอลด์สยาม(ผู้สูงอายุ)
39974772,สวนลุมพินี(สุขภาพ)
39974772,มาบุญครอง(มือถือ)
39976894,ศาลาประชาคม(สังคม)
39976894,สวนลุมพินี(สุขภาพ)
39978595,ดิโอลด์สยาม(ผู้สูงอายุ)
39978595,สินธร(การลงทุน)
39978948,สวนลุมพินี(สุขภาพ)
39978948,ศาลาประชาคม(สังคม)
39978948,สินธร(การลงทุน)
39979629,สวนลุมพินี(สุขภาพ)
39982056,ศาลาประชาคม(สังคม)
39982056,สวนลุมพินี(สุขภาพ)
39984783,สินธร(การลงทุน)
39984783,สวนลุมพินี(สุขภาพ)
39984915,รัชดา(รถยนต์)
39998540,สวนลุมพินี(สุขภาพ)
39998540,ศาลาประชาคม(สังคม)
39998540,ดิโอลด์สยาม(ผู้สูงอายุ)
39998540,สินธร(การลงทุน)
40000967,สวนลุมพินี(สุขภาพ)
40000967,ชานเรือน(ครอบครัว)
40002208,ศาลาประชาคม(สังคม)
40002208,สินธร(การลงทุน)
40002208,สวนลุมพินี(สุขภาพ)
40009367,สวนลุมพินี(สุขภาพ)
40010108,สวนลุมพินี(สุขภาพ)
40010560,รัชดา(รถยนต์)
40013434,ดิโอลด์สยาม(ผู้สูงอายุ)
40013434,ชานเรือน(ครอบครัว)
40021965,รัชดา(รถยนต์)
40021965,ศาลาประชาคม(สังคม)
40029660,สวนลุมพินี(สุขภาพ)
40031393,สวนลุมพินี(สุขภาพ)
40031495,สวนลุมพินี(สุขภาพ)
40034592,ไกลบ้าน(ต่างประเทศ)
40034592,สวนลุมพินี(สุขภาพ)
40035580,สวนลุมพินี(สุขภาพ)
40039364,สวนลุมพินี(สุขภาพ)
40040922,รัชดา(รถยนต์)
40045593,สวนลุมพินี(สุขภาพ)
40051907,รัชดา(รถยนต์)
40054275,ศาลาประชาคม(สังคม)
40055051,ศาลาประชาคม(สังคม)
40055051,ดิโอลด์สยาม(ผู้สูงอายุ)
40056263,สวนลุมพินี(สุขภาพ)
40056263,ชานเรือน(ครอบครัว)
40057997,สินธร(การลงทุน)
40057997,สวนลุมพินี(สุขภาพ)
40058640,รัชดา(รถยนต์)
40058640,ศาลาประชาคม(สังคม)
40058640,สินธร(การลงทุน)
40062630,รัชดา(รถยนต์)
40071938,ชานเรือน(ครอบครัว)
40071938,สวนลุมพินี(สุขภาพ)
40071971,ศาลาประชาคม(สังคม)
40071971,สินธร(การลงทุน)
40071971,สวนลุมพินี(สุขภาพ)
40073689,สวนลุมพินี(สุขภาพ)
40073689,สินธร(การลงทุน)
40077121,สวนลุมพินี(สุขภาพ)
40080473,ศาลาประชาคม(สังคม)
40080473,บลูแพลนเน็ต(ท่องเที่ยว)
40085703,สวนลุมพินี(สุขภาพ)
40085703,ศาลาประชาคม(สังคม)
40088622,รัชดา(รถยนต์)
40088622,ศาลาประชาคม(สังคม)
40090950,สวนลุมพินี(สุขภาพ)
40090950,ศาลาประชาคม(สังคม)
40094440,ศาลาประชาคม(สังคม)
40094440,สวนลุมพินี(สุขภาพ)
40095367,ดิโอลด์สยาม(ผู้สูงอายุ)
40095367,ชานเรือน(ครอบครัว)
40095367,สวนลุมพินี(สุขภาพ)
40096565,สินธร(การลงทุน)
40096565,ศาลาประชาคม(สังคม)
40099733,รัชดา(รถยนต์)
40101242,ไกลบ้าน(ต่างประเทศ)
40101242,สวนลุมพินี(สุขภาพ)
40105543,ดิโอลด์สยาม(ผู้สูงอายุ)
40105543,สวนลุมพินี(สุขภาพ)
40110621,สวนลุมพินี(สุขภาพ)
40110621,ดิโอลด์สยาม(ผู้สูงอายุ)
40110621,ชานเรือน(ครอบครัว)
40111078,รัชดา(รถยนต์)
40111665,ศาลาประชาคม(สังคม)
40111665,สินธร(การลงทุน)
40112890,ดิโอลด์สยาม(ผู้สูงอายุ)
40112890,สวนลุมพินี(สุขภาพ)
40113034,สวนลุมพินี(สุขภาพ)
40113501,สวนลุมพินี(สุขภาพ)
40113501,สินธร(การลงทุน)
40122741,สวนลุมพินี(สุขภาพ)
40122741,สินธร(การลงทุน)
40123755,ชายคา(ที่อยู่อาศัย)
40123755,สินธร(การลงทุน)
40125247,สวนลุมพินี(สุขภาพ)
40126980,รัชดา(รถยนต์)
40129075,ศาลาประชาคม(สังคม)
40129075,สวนลุมพินี(สุขภาพ)
40129203,สวนลุมพินี(สุขภาพ)
40132795,ศาลาประชาคม(สังคม)
40132795,รัชดา(รถยนต์)
40134945,รัชดา(รถยนต์)
40137438,รัชดา(รถยนต์)
40137438,ศาลาประชาคม(สังคม)
40138076,สวนลุมพินี(สุขภาพ)
40139610,สวนลุมพินี(สุขภาพ)
40139610,ศาลาประชาคม(สังคม)
40139610,สินธร(การลงทุน)
40140102,ศาลาประชาคม(สังคม)
40140102,สวนลุมพินี(สุขภาพ)
40142449,รัชดา(รถยนต์)
40144967,สวนลุมพินี(สุขภาพ)
40145885,ศาลาประชาคม(สังคม)
40145885,สวนลุมพินี(สุขภาพ)
40151109,สวนลุมพินี(สุขภาพ)
40151109,ศาลาประชาคม(สังคม)
40151109,สินธร(การลงทุน)
40152401,รัชดา(รถยนต์)
40156234,ศาลาประชาคม(สังคม)
40156234,สวนลุมพินี(สุขภาพ)
40156234,สีลม(ธุรกิจ)
40156789,สวนลุมพินี(สุขภาพ)
40156789,ศาลาประชาคม(สังคม)
40157221,รัชดา(รถยนต์)
40157456,ศาลาประชาคม(สังคม)
40157456,สวนลุมพินี(สุขภาพ)
40160472,สวนลุมพินี(สุขภาพ)
40160472,ชานเรือน(ครอบครัว)
40160986,สวนลุมพินี(สุขภาพ)
40169553,สวนลุมพินี(สุขภาพ)
40169553,ศาลาประชาคม(สังคม)
40171497,สวนลุมพินี(สุขภาพ)
40171497,ศาลาประชาคม(สังคม)
40172544,ศาลาประชาคม(สังคม)
40172544,สวนลุมพินี(สุขภาพ)
40172745,รัชดา(รถยนต์)
40173536,สวนลุมพินี(สุขภาพ)
40178497,รัชดา(รถยนต์)
40179293,รัชดา(รถยนต์)
40179333,สวนลุมพินี(สุขภาพ)
40184408,รัชดา(รถยนต์)
40185888,สวนลุมพินี(สุขภาพ)
40186798,รัชดา(รถยนต์)
40188313,รัชดา(รถยนต์)
40188313,ศาลาประชาคม(สังคม)
40191909,ศาลาประชาคม(สังคม)
40191909,รัชดา(รถยนต์)
40196492,รัชดา(รถยนต์)
40197457,รัชดา(รถยนต์)
40199005,ดิโอลด์สยาม(ผู้สูงอายุ)
40199005,สวนลุมพินี(สุขภาพ)
40205190,รัชดา(รถยนต์)
40206275,สวนลุมพินี(สุขภาพ)
40206275,ดิโอลด์สยาม(ผู้สูงอายุ)
40208628,สวนลุมพินี(สุขภาพ)
40208628,ศาลาประชาคม(สังคม)
40210006,รัชดา(รถยนต์)
40212176,สินธร(การลงทุน)
40212176,สวนลุมพินี(สุขภาพ)
40212176,ดิโอลด์สยาม(ผู้สูงอายุ)
40212685,รัชดา(รถยนต์)
40216938,สวนลุมพินี(สุขภาพ)
40216938,ศาลาประชาคม(สังคม)
40217014,สินธร(การลงทุน)
40217014,สวนลุมพินี(สุขภาพ)
40219489,รัชดา(รถยนต์)
40222266,ศาลาประชาคม(สังคม)
40222266,รัชดา(รถยนต์)
40231293,ศาลาประชาคม(สังคม)
40231293,สวนลุมพินี(สุขภาพ)
40231293,สินธร(การลงทุน)
40234285,ศาลาประชาคม(สังคม)
40234285,สินธร(การลงทุน)
40237285,สวนลุมพินี(สุขภาพ)
40237285,สินธร(การลงทุน)
40237285,ศาลาประชาคม(สังคม)
40239879,ศาลาประชาคม(สังคม)
40239879,สวนลุมพินี(สุขภาพ)
40241736,สวนลุมพินี(สุขภาพ)
40241736,ชานเรือน(ครอบครัว)
40243023,ศาลาประชาคม(สังคม)
40244967,สินธร(การลงทุน)
40244967,ชานเรือน(ครอบครัว)
40246239,สวนลุมพินี(สุขภาพ)
40246239,ศาลาประชาคม(สังคม)
40246239,สินธร(การลงทุน)
40246582,ดิโอลด์สยาม(ผู้สูงอายุ)
40246582,สินธร(การลงทุน)
40249711,รัชดา(รถยนต์)
40249711,สินธร(การลงทุน)
40255045,ศาลาประชาคม(สังคม)
40255045,สินธร(การลงทุน)
40255045,ดิโอลด์สยาม(ผู้สูงอายุ)
40258153,สินธร(การลงทุน)
40258153,รัชดา(รถยนต์)
40258343,รัชดา(รถยนต์)
40264289,สวนลุมพินี(สุขภาพ)
40269787,สวนลุมพินี(สุขภาพ)
40270685,สวนลุมพินี(สุขภาพ)
40274299,ศาลาประชาคม(สังคม)
40277964,รัชดา(รถยนต์)
40277964,สวนลุมพินี(สุขภาพ)
40277964,ดิโอลด์สยาม(ผู้สูงอายุ)
40287481,ศาลาประชาคม(สังคม)
40287481,สวนลุมพินี(สุขภาพ)
40290801,สวนลุมพินี(สุขภาพ)
40298442,ศาลาประชาคม(สังคม)
40298442,สวนลุมพินี(สุขภาพ)
40298478,รัชดา(รถยนต์)
40302612,ศาลาประชาคม(สังคม)
40302612,สินธร(การลงทุน)
40302612,สวนลุมพินี(สุขภาพ)
40305666,รัชดา(รถยนต์)
40308116,สวนลุมพินี(สุขภาพ)
40308946,ศาลาประชาคม(สังคม)
40309055,สินธร(การลงทุน)
40309055,ศาลาประชาคม(สังคม)
40309055,สวนลุมพินี(สุขภาพ)
40313417,ดิโอลด์สยาม(ผู้สูงอายุ)
40318287,สินธร(การลงทุน)
40318287,สวนลุมพินี(สุขภาพ)
40321297,รัชดา(รถยนต์)
40321297,ศาลาประชาคม(สังคม)
40325151,รัชดา(รถยนต์)
40325151,สินธร(การลงทุน)
40325151,ศาลาประชาคม(สังคม)
40327791,สวนลุมพินี(สุขภาพ)
40334490,ดิโอลด์สยาม(ผู้สูงอายุ)
40334490,ศาลาประชาคม(สังคม)
40334490,สินธร(การลงทุน)
40335600,สวนลุมพินี(สุขภาพ)
40335600,ศาลาประชาคม(สังคม)
40335977,รัชดา(รถยนต์)
40343884,สวนลุมพินี(สุขภาพ)
40345271,รัชดา(รถยนต์)
40345271,ศาลาประชาคม(สังคม)
40360224,ดิโอลด์สยาม(ผู้สูงอายุ)
40360224,สวนลุมพินี(สุขภาพ)
40360529,ศาลาประชาคม(สังคม)
40360529,สวนลุมพินี(สุขภาพ)
40360583,สินธร(การลงทุน)
40360583,สวนลุมพินี(สุขภาพ)
40360583,ศาลาประชาคม(สังคม)
40360735,สวนลุมพินี(สุขภาพ)
40361146,สวนลุมพินี(สุขภาพ)
40362118,ศาลาประชาคม(สังคม)
40362118,รัชดา(รถยนต์)
40362991,สินธร(การลงทุน)
40362991,สวนลุมพินี(สุขภาพ)
40368958,สินธร(การลงทุน)
40368958,สวนลุมพินี(สุขภาพ)
40368958,ศาลาประชาคม(สังคม)
40370533,รัชดา(รถยนต์)
40371000,สินธร(การลงทุน)
40371000,ชายคา(ที่อยู่อาศัย)
40373624,ศาลาประชาคม(สังคม)
40373624,ชายคา(ที่อยู่อาศัย)
40373624,สินธร(การลงทุน)
40374507,สินธร(การลงทุน)
40374507,ศาลาประชาคม(สังคม)
40378213,ชานเรือน(ครอบครัว)
40379954,ศาลาประชาคม(สังคม)
40379954,สวนลุมพินี(สุขภาพ)
40380846,ศาลาประชาคม(สังคม)
40380846,สวนลุมพินี(สุขภาพ)
40383202,รัชดา(รถยนต์)
40383202,ศาลาประชาคม(สังคม)
40384265,สินธร(การลงทุน)
40385709,รัชดา(รถยนต์)
40385709,ศาลาประชาคม(สังคม)
40390117,ศาลาประชาคม(สังคม)
40390117,รัชดา(รถยนต์)
40390616,ศาลาประชาคม(สังคม)
40390616,สินธร(การลงทุน)
40395205,สวนลุมพินี(สุขภาพ)
40395205,รัชดา(รถยนต์)
40395774,รัชดา(รถยนต์)
40395774,สินธร(การลงทุน)
40396307,รัชดา(รถยนต์)
40398777,สวนลุมพินี(สุขภาพ)
40399115,รัชดา(รถยนต์)
40400172,ชานเรือน(ครอบครัว)
40400505,ศาลาประชาคม(สังคม)
40400505,รัชดา(รถยนต์)
40400699,สวนลุมพินี(สุขภาพ)
40402046,รัชดา(รถยนต์)
40404202,สวนลุมพินี(สุขภาพ)
40404922,สวนลุมพินี(สุขภาพ)
40404922,ศาลาประชาคม(สังคม)
40406064,สวนลุมพินี(สุขภาพ)
40406064,ศาลาประชาคม(สังคม)
40407445,รัชดา(รถยนต์)
40413419,สวนลุมพินี(สุขภาพ)
40413419,ศาลาประชาคม(สังคม)
40413520,สวนลุมพินี(สุขภาพ)
40418157,สวนลุมพินี(สุขภาพ)
40423013,สินธร(การลงทุน)
40423013,ศาลาประชาคม(สังคม)
40426446,สวนลุมพินี(สุขภาพ)
40426446,ศาลาประชาคม(สังคม)
40426669,สวนลุมพินี(สุขภาพ)
40427142,สีลม(ธุรกิจ)
40427142,สวนลุมพินี(สุขภาพ)
40428526,รัชดา(รถยนต์)
40429077,สวนลุมพินี(สุขภาพ)
40430240,สวนลุมพินี(สุขภาพ)
40430240,สินธร(การลงทุน)
40430240,ศาลาประชาคม(สังคม)
40431341,บลูแพลนเน็ต(ท่องเที่ยว)
40431341,ศาลาประชาคม(สังคม)
40431664,รัชดา(รถยนต์)
40432590,สินธร(การลงทุน)
40432590,สวนลุมพินี(สุขภาพ)
40437343,ศาลาประชาคม(สังคม)
40437456,สวนลุมพินี(สุขภาพ)
40437456,ศาลาประชาคม(สังคม)
40440440,สวนลุมพินี(สุขภาพ)
40442020,สินธร(การลงทุน)
40442020,ศาลาประชาคม(สังคม)
40442020,สวนลุมพินี(สุขภาพ)
40442211,รัชดา(รถยนต์)
40443492,สวนลุมพินี(สุขภาพ)
40444104,สวนลุมพินี(สุขภาพ)
40444104,ศาลาประชาคม(สังคม)
40444506,รัชดา(รถยนต์)
40445527,ศาลาประชาคม(สังคม)
40445527,สวนลุมพินี(สุขภาพ)
40446887,สวนลุมพินี(สุขภาพ)
40447909,สวนลุมพินี(สุขภาพ)
40448965,สวนลุมพินี(สุขภาพ)
40449496,ศาลาประชาคม(สังคม)
40449496,สวนลุมพินี(สุขภาพ)
40449725,รัชดา(รถยนต์)
40450511,สวนลุมพินี(สุขภาพ)
40457691,สวนลุมพินี(สุขภาพ)
40457691,ศาลาประชาคม(สังคม)
40460828,ดิโอลด์สยาม(ผู้สูงอายุ)
40460828,สวนลุมพินี(สุขภาพ)
40462649,สวนลุมพินี(สุขภาพ)
40462867,ศาลาประชาคม(สังคม)
40462867,สินธร(การลงทุน)
40462867,สวนลุมพินี(สุขภาพ)
40465043,ศาลาประชาคม(สังคม)
40465043,สวนลุมพินี(สุขภาพ)
40465043,สินธร(การลงทุน)
40465106,รัชดา(รถยนต์)
40465849,สินธร(การลงทุน)
40465849,สีลม(ธุรกิจ)
40465849,ชานเรือน(ครอบครัว)
40467677,รัชดา(รถยนต์)
40468112,สวนลุมพินี(สุขภาพ)
40468400,สวนลุมพินี(สุขภาพ)
40470912,สวนลุมพินี(สุขภาพ)
40474353,สวนลุมพินี(สุขภาพ)
40474906,สินธร(การลงทุน)
40474906,ศาลาประชาคม(สังคม)
40477225,ชานเรือน(ครอบครัว)
40477225,สวนลุมพินี(สุขภาพ)
40479206,สวนลุมพินี(สุขภาพ)
40479206,สินธร(การลงทุน)
40479206,ศาลาประชาคม(สังคม)
40479622,รัชดา(รถยนต์)
40481432,ศาลาประชาคม(สังคม)
40481432,สวนลุมพินี(สุขภาพ)
40481908,ศาลาประชาคม(สังคม)
40481908,สวนลุมพินี(สุขภาพ)
40483080,ศาลาประชาคม(สังคม)
40483080,สวนลุมพินี(สุขภาพ)
40484403,รัชดา(รถยนต์)
40485666,สวนลุมพินี(สุขภาพ)
40491064,สินธร(การลงทุน)
40491064,ศาลาประชาคม(สังคม)
40491949,ศาลาประชาคม(สังคม)
40491949,รัชดา(รถยนต์)
40494728,ศาลาประชาคม(สังคม)
40494728,สวนลุมพินี(สุขภาพ)
40497642,ศาลาประชาคม(สังคม)
40497642,รัชดา(รถยนต์)
40498042,ชานเรือน(ครอบครัว)
40498042,ศาลาประชาคม(สังคม)
40498042,สวนลุมพินี(สุขภาพ)
40500025,สวนลุมพินี(สุขภาพ)
40500742,รัชดา(รถยนต์)
40500742,ศาลาประชาคม(สังคม)
40507366,สินธร(การลงทุน)
40509273,สวนลุมพินี(สุขภาพ)
40510985,สวนลุมพินี(สุขภาพ)
40510985,ศาลาประชาคม(สังคม)
40512204,รัชดา(รถยนต์)
40512754,สวนลุมพินี(สุขภาพ)
40522143,สวนลุมพินี(สุขภาพ)
40522143,สินธร(การลงทุน)
40522837,สวนลุมพินี(สุขภาพ)
40522837,สินธร(การลงทุน)
40524604,สวนลุมพินี(สุขภาพ)
40524604,ศาลาประชาคม(สังคม)
40528706,ศาลาประชาคม(สังคม)
40528706,สวนลุมพินี(สุขภาพ)
40528839,สวนลุมพินี(สุขภาพ)
40532743,ชายคา(ที่อยู่อาศัย)
40532743,สินธร(การลงทุน)
40532743,ศาลาประชาคม(สังคม)
40536363,รัชดา(รถยนต์)
40537406,สวนลุมพินี(สุขภาพ)
40537406,ศาลาประชาคม(สังคม)
40538822,ศาลาประชาคม(สังคม)
40538822,สินธร(การลงทุน)
40544109,ไกลบ้าน(ต่างประเทศ)
40544109,สวนลุมพินี(สุขภาพ)
40544109,ศาลาประชาคม(สังคม)
40548266,รัชดา(รถยนต์)
40548626,รัชดา(รถยนต์)
40552109,สวนลุมพินี(สุขภาพ)
40553520,สินธร(การลงทุน)
40553520,สวนลุมพินี(สุขภาพ)
40554405,รัชดา(รถยนต์)
40559103,ศาลาประชาคม(สังคม)
40559103,รัชดา(รถยนต์)
40559748,ศาลาประชาคม(สังคม)
40559748,สวนลุมพินี(สุขภาพ)
40559748,ชานเรือน(ครอบครัว)
40559751,ศาลาประชาคม(สังคม)
40559751,รัชดา(รถยนต์)
40560194,รัชดา(รถยนต์)
40560883,สวนลุมพินี(สุขภาพ)
40564020,สวนลุมพินี(สุขภาพ)
40564722,สวนลุมพินี(สุขภาพ)
40565568,สวนลุมพินี(สุขภาพ)
40565568,ศาลาประชาคม(สังคม)
40565946,รัชดา(รถยนต์)
40567568,สวนลุมพินี(สุขภาพ)
40568142,สวนลุมพินี(สุขภาพ)
40568142,สินธร(การลงทุน)
40568142,ศาลาประชาคม(สังคม)
40569561,สวนลุมพินี(สุขภาพ)
40571059,รัชดา(รถยนต์)
40571059,สวนลุมพินี(สุขภาพ)
40572982,สวนลุมพินี(สุขภาพ)
40572982,ศาลาประชาคม(สังคม)
40579824,สวนลุมพินี(สุขภาพ)
40580343,สวนลุมพินี(สุขภาพ)
40581856,รัชดา(รถยนต์)
40586456,รัชดา(รถยนต์)
40591062,สวนลุมพินี(สุขภาพ)
40591062,ศาลาประชาคม(สังคม)
40591062,สินธร(การลงทุน)
40591878,รัชดา(รถยนต์)
40592962,รัชดา(รถยนต์)
40593078,สวนลุมพินี(สุขภาพ)
40594902,สวนลุมพินี(สุขภาพ)
40594902,ศาลาประชาคม(สังคม)
40603147,สีลม(ธุรกิจ)
40606101,รัชดา(รถยนต์)
40606101,ดิโอลด์สยาม(ผู้สูงอายุ)
40606222,ดิโอลด์สยาม(ผู้สูงอายุ)
40606222,สวนลุมพินี(สุขภาพ)
40606623,ดิโอลด์สยาม(ผู้สูงอายุ)
40606623,ศาลาประชาคม(สังคม)
40608117,สวนลุมพินี(สุขภาพ)
40608117,ศาลาประชาคม(สังคม)
40609216,สวนลุมพินี(สุขภาพ)
40609324,สินธร(การลงทุน)
40609324,สวนลุมพินี(สุขภาพ)
40615593,สวนลุมพินี(สุขภาพ)
40615593,สินธร(การลงทุน)
40615593,ศาลาประชาคม(สังคม)
40615593,สีลม(ธุรกิจ)
40617003,สินธร(การลงทุน)
40617003,สวนลุมพินี(สุขภาพ)
40623999,รัชดา(รถยนต์)
40626498,ศาลาประชาคม(สังคม)
40626498,สินธร(การลงทุน)
40626664,รัชดา(รถยนต์)
40628340,สวนลุมพินี(สุขภาพ)
40630119,สวนลุมพินี(สุขภาพ)
40630119,ศาลาประชาคม(สังคม)
40630586,สวนลุมพินี(สุขภาพ)
40630586,ศาลาประชาคม(สังคม)
40631115,สวนลุมพินี(สุขภาพ)
40631115,ศาลาประชาคม(สังคม)
40631772,สวนลุมพินี(สุขภาพ)
40632709,สวนลุมพินี(สุขภาพ)
40632709,ศาลาประชาคม(สังคม)
40632819,สวนลุมพินี(สุขภาพ)
40632819,สินธร(การลงทุน)
40633886,สวนลุมพินี(สุขภาพ)
40633886,ไกลบ้าน(ต่างประเทศ)
40633886,สินธร(การลงทุน)
40634094,สวนลุมพินี(สุขภาพ)
40634094,ศาลาประชาคม(สังคม)
40635037,ศาลาประชาคม(สังคม)
40635037,สวนลุมพินี(สุขภาพ)
40637125,สวนลุมพินี(สุขภาพ)
40638124,สวนลุมพินี(สุขภาพ)
40638457,สวนลุมพินี(สุขภาพ)
40638457,ศาลาประชาคม(สังคม)
40638554,ศาลาประชาคม(สังคม)
40638554,สวนลุมพินี(สุขภาพ)
40638597,สวนลุมพินี(สุขภาพ)
40638597,ศาลาประชาคม(สังคม)
40639249,สวนลุมพินี(สุขภาพ)
40640108,ศาลาประชาคม(สังคม)
40640108,สวนลุมพินี(สุขภาพ)
40644204,สวนลุมพินี(สุขภาพ)
40645018,สวนลุมพินี(สุขภาพ)
40645018,ดิโอลด์สยาม(ผู้สูงอายุ)
40645193,สวนลุมพินี(สุขภาพ)
40645193,ศาลาประชาคม(สังคม)
40645464,สวนลุมพินี(สุขภาพ)
40648574,สวนลุมพินี(สุขภาพ)
40650659,สวนลุมพินี(สุขภาพ)
40651110,ดิโอลด์สยาม(ผู้สูงอายุ)
40651110,สวนลุมพินี(สุขภาพ)
40651444,ศาลาประชาคม(สังคม)
40651444,ราชดำเนิน(การเมือง)
40651444,สินธร(การลงทุน)
40651779,ศาลาประชาคม(สังคม)
40651779,รัชดา(รถยนต์)
40654200,สวนลุมพินี(สุขภาพ)
40654496,สวนลุมพินี(สุขภาพ)
40654496,ดิโอลด์สยาม(ผู้สูงอายุ)
40654510,สวนลุมพินี(สุขภาพ)
40654510,ศาลาประชาคม(สังคม)
40654640,สวนลุมพินี(สุขภาพ)
40654828,สวนลุมพินี(สุขภาพ)
40655999,สวนลุมพินี(สุขภาพ)
40656197,ศาลาประชาคม(สังคม)
40656492,สวนลุมพินี(สุขภาพ)
40657272,สวนลุมพินี(สุขภาพ)
40658295,สวนลุมพินี(สุขภาพ)
40658295,ศาลาประชาคม(สังคม)
40658373,สวนลุมพินี(สุขภาพ)
40658373,ศาลาประชาคม(สังคม)
40658860,สวนลุมพินี(สุขภาพ)
40659747,สวนลุมพินี(สุขภาพ)
40659820,สวนลุมพินี(สุขภาพ)
40659832,สวนลุมพินี(สุขภาพ)
40659994,สีลม(ธุรกิจ)
40659994,สวนลุมพินี(สุขภาพ)
40660151,สวนลุมพินี(สุขภาพ)
40660333,สวนลุมพินี(สุขภาพ)
40660339,สวนลุมพินี(สุขภาพ)
40660744,สวนลุมพินี(สุขภาพ)
40662384,สวนลุมพินี(สุขภาพ)
40663386,สวนลุมพินี(สุขภาพ)
40664811,รัชดา(รถยนต์)
40664892,สวนลุมพินี(สุขภาพ)
40665615,สวนลุมพินี(สุขภาพ)
40666101,ชานเรือน(ครอบครัว)
40666872,สินธร(การลงทุน)
40666872,ชานเรือน(ครอบครัว)
40666928,สวนลุมพินี(สุขภาพ)
40667418,สวนลุมพินี(สุขภาพ)
40668778,สวนลุมพินี(สุขภาพ)
40669250,รัชดา(รถยนต์)
40670449,สวนลุมพินี(สุขภาพ)
40671275,สวนลุมพินี(สุขภาพ)
40671480,สวนลุมพินี(สุขภาพ)
40672144,สวนลุมพินี(สุขภาพ)
40673249,ชานเรือน(ครอบครัว)
40673249,สวนลุมพินี(สุขภาพ)
40673249,สินธร(การลงทุน)
40673324,สวนลุมพินี(สุขภาพ)
40673706,สวนลุมพินี(สุขภาพ)
40674202,ศาลาประชาคม(สังคม)
40674805,ศาลาประชาคม(สังคม)
40675937,สวนลุมพินี(สุขภาพ)
40675937,สินธร(การลงทุน)
40676695,รัชดา(รถยนต์)
40676695,สวนลุมพินี(สุขภาพ)
40677682,สวนลุมพินี(สุขภาพ)
40679754,สวนลุมพินี(สุขภาพ)
40679881,สินธร(การลงทุน)
40679881,รัชดา(รถยนต์)
40679881,ศาลาประชาคม(สังคม)
40680543,สวนลุมพินี(สุขภาพ)
40680904,ศาลาประชาคม(สังคม)
40680904,สวนลุมพินี(สุขภาพ)
40683110,รัชดา(รถยนต์)
40684727,รัชดา(รถยนต์)
40684727,ศาลาประชาคม(สังคม)
40687183,สวนลุมพินี(สุขภาพ)
40689121,ศาลาประชาคม(สังคม)
40689121,สินธร(การลงทุน)
40689121,สวนลุมพินี(สุขภาพ)
40689340,รัชดา(รถยนต์)
40689340,สินธร(การลงทุน)
40689781,รัชดา(รถยนต์)
40690104,สวนลุมพินี(สุขภาพ)
40693940,รัชดา(รถยนต์)
40693940,ศาลาประชาคม(สังคม)
40694386,สวนลุมพินี(สุขภาพ)
40694386,ศาลาประชาคม(สังคม)
40694510,ศาลาประชาคม(สังคม)
40694510,สวนลุมพินี(สุขภาพ)
40695037,สวนลุมพินี(สุขภาพ)
40695727,รัชดา(รถยนต์)
40696914,รัชดา(รถยนต์)
40696914,ศาลาประชาคม(สังคม)
40697354,สวนลุมพินี(สุขภาพ)
40698395,ดิโอลด์สยาม(ผู้สูงอายุ)
40698395,สินธร(การลงทุน)
40698395,สวนลุมพินี(สุขภาพ)
40699055,รัชดา(รถยนต์)
40699055,ศาลาประชาคม(สังคม)
40699366,สินธร(การลงทุน)
40699366,สวนลุมพินี(สุขภาพ)
40699366,ศาลาประชาคม(สังคม)
40699380,ศาลาประชาคม(สังคม)
40699380,สวนลุมพินี(สุขภาพ)
40699846,สวนลุมพินี(สุขภาพ)
40700556,สวนลุมพินี(สุขภาพ)
40700556,สินธร(การลงทุน)
40700556,ศาลาประชาคม(สังคม)
40702823,สวนลุมพินี(สุขภาพ)
40703422,ดิโอลด์สยาม(ผู้สูงอายุ)
40703422,สวนลุมพินี(สุขภาพ)
40703508,ศาลาประชาคม(สังคม)
40703508,สวนลุมพินี(สุขภาพ)
40704702,สินธร(การลงทุน)
40704702,ศาลาประชาคม(สังคม)
40707260,สวนลุมพินี(สุขภาพ)
40708062,สวนลุมพินี(สุขภาพ)
40709928,สวนลุมพินี(สุขภาพ)
40710057,สินธร(การลงทุน)
40710877,สวนลุมพินี(สุขภาพ)
40711522,สวนลุมพินี(สุขภาพ)
40712165,สวนลุมพินี(สุขภาพ)
40712509,ศาลาประชาคม(สังคม)
40712509,สวนลุมพินี(สุขภาพ)
40714525,สวนลุมพินี(สุขภาพ)
40714525,ศาลาประชาคม(สังคม)
40716112,สวนลุมพินี(สุขภาพ)
40716502,สวนลุมพินี(สุขภาพ)
40716502,ศาลาประชาคม(สังคม)
40717402,สินธร(การลงทุน)
40719210,สวนลุมพินี(สุขภาพ)
40719811,สวนลุมพินี(สุขภาพ)
40721588,สินธร(การลงทุน)
40721588,สวนลุมพินี(สุขภาพ)
40721588,ชายคา(ที่อยู่อาศัย)
40721588,ศาลาประชาคม(สังคม)
40721664,ดิโอลด์สยาม(ผู้สูงอายุ)
40721664,สวนลุมพินี(สุขภาพ)
40721664,ศาลาประชาคม(สังคม)
40721758,ศาลาประชาคม(สังคม)
40721758,ชานเรือน(ครอบครัว)
40721758,ดิโอลด์สยาม(ผู้สูงอายุ)
40721986,สวนลุมพินี(สุขภาพ)
40721986,ศาลาประชาคม(สังคม)
40722637,ศาลาประชาคม(สังคม)
40723782,สวนลุมพินี(สุขภาพ)
40724095,สวนลุมพินี(สุขภาพ)
40724095,รัชดา(รถยนต์)
40724095,ดิโอลด์สยาม(ผู้สูงอายุ)
40724096,สวนลุมพินี(สุขภาพ)
40726540,สวนลุมพินี(สุขภาพ)
40728083,ดิโอลด์สยาม(ผู้สูงอายุ)
40728083,สวนลุมพินี(สุขภาพ)
40728791,สวนลุมพินี(สุขภาพ)
40729016,รัชดา(รถยนต์)
40730207,ศาลาประชาคม(สังคม)
40730274,ศาลาประชาคม(สังคม)
40730274,สวนลุมพินี(สุขภาพ)
40730274,ดิโอลด์สยาม(ผู้สูงอายุ)
40731779,สินธร(การลงทุน)
40731779,ศาลาประชาคม(สังคม)
40731779,สวนลุมพินี(สุขภาพ)
40732434,ศาลาประชาคม(สังคม)
40732434,สวนลุมพินี(สุขภาพ)
40732884,ศาลาประชาคม(สังคม)
40733096,สวนลุมพินี(สุขภาพ)
40733397,ชานเรือน(ครอบครัว)
40733397,สวนลุมพินี(สุขภาพ)
40738945,ศาลาประชาคม(สังคม)
40738945,สวนลุมพินี(สุขภาพ)
40740189,รัชดา(รถยนต์)
40743172,สวนลุมพินี(สุขภาพ)
40745818,ศาลาประชาคม(สังคม)
40745818,สวนลุมพินี(สุขภาพ)
40746111,ศาลาประชาคม(สังคม)
40746111,สวนลุมพินี(สุขภาพ)
40746111,สีลม(ธุรกิจ)
40752610,ศาลาประชาคม(สังคม)
40752610,สินธร(การลงทุน)
40752610,สวนลุมพินี(สุขภาพ)
40753209,รัชดา(รถยนต์)
40753209,ศาลาประชาคม(สังคม)
40755085,ชานเรือน(ครอบครัว)
40755085,รัชดา(รถยนต์)
40759512,ศาลาประชาคม(สังคม)
40759512,สวนลุมพินี(สุขภาพ)
40760411,สวนลุมพินี(สุขภาพ)
40762658,รัชดา(รถยนต์)
40762658,ศาลาประชาคม(สังคม)
40763520,ศาลาประชาคม(สังคม)
40763520,สวนลุมพินี(สุขภาพ)
40763997,สวนลุมพินี(สุขภาพ)
40765309,สวนลุมพินี(สุขภาพ)
40765309,ศาลาประชาคม(สังคม)
40766982,ชานเรือน(ครอบครัว)
40766982,สวนลุมพินี(สุขภาพ)
40767457,ศาลาประชาคม(สังคม)
40769645,สินธร(การลงทุน)
40769645,ศาลาประชาคม(สังคม)
40769676,รัชดา(รถยนต์)
40769863,สวนลุมพินี(สุขภาพ)
40769863,ศาลาประชาคม(สังคม)
40770162,ศาลาประชาคม(สังคม)
40770162,รัชดา(รถยนต์)
40771755,รัชดา(รถยนต์)
40777302,ศาลาประชาคม(สังคม)
40777302,สวนลุมพินี(สุขภาพ)
40780433,สวนลุมพินี(สุขภาพ)
40780433,ชานเรือน(ครอบครัว)
40785381,สวนลุมพินี(สุขภาพ)
40785381,ศาลาประชาคม(สังคม)
40785672,สวนลุมพินี(สุขภาพ)
40787582,ศาลาประชาคม(สังคม)
40787582,สวนลุมพินี(สุขภาพ)
40791962,สวนลุมพินี(สุขภาพ)
40793174,สวนลุมพินี(สุขภาพ)
40800372,ชายคา(ที่อยู่อาศัย)
40800372,สินธร(การลงทุน)
40800625,ศาลาประชาคม(สังคม)
40800625,รัชดา(รถยนต์)
40800805,ศาลาประชาคม(สังคม)
40800805,สินธร(การลงทุน)
40800805,สวนลุมพินี(สุขภาพ)
40800805,ห้องสมุด(หนังสือ)
40801447,สวนลุมพินี(สุขภาพ)
40801447,ศาลาประชาคม(สังคม)
40805223,รัชดา(รถยนต์)
40805397,รัชดา(รถยนต์)
40806216,สวนลุมพินี(สุขภาพ)
40806216,ศาลาประชาคม(สังคม)
40806919,รัชดา(รถยนต์)
40808926,สวนลุมพินี(สุขภาพ)
40809499,รัชดา(รถยนต์)
40811629,สวนลุมพินี(สุขภาพ)
40811629,ศาลาประชาคม(สังคม)
40811844,สวนลุมพินี(สุขภาพ)
40812096,ศาลาประชาคม(สังคม)
40812096,สินธร(การลงทุน)
40814266,ดิโอลด์สยาม(ผู้สูงอายุ)
40814266,สวนลุมพินี(สุขภาพ)
40817832,สวนลุมพินี(สุขภาพ)
40818061,สวนลุมพินี(สุขภาพ)
40818061,ศาลาประชาคม(สังคม)
40818109,สวนลุมพินี(สุขภาพ)
40819680,สวนลุมพินี(สุขภาพ)
40819780,สวนลุมพินี(สุขภาพ)
40819837,สวนลุมพินี(สุขภาพ)
40820856,สวนลุมพินี(สุขภาพ)
40821586,สวนลุมพินี(สุขภาพ)
40821586,สินธร(การลงทุน)
40821586,ศาลาประชาคม(สังคม)
40824134,สวนลุมพินี(สุขภาพ)
40824134,ศาลาประชาคม(สังคม)
40824471,สวนลุมพินี(สุขภาพ)
40824471,ศาลาประชาคม(สังคม)
40825381,สวนลุมพินี(สุขภาพ)
40825381,ศาลาประชาคม(สังคม)
40825394,สวนลุมพินี(สุขภาพ)
40826941,สวนลุมพินี(สุขภาพ)
40827306,สวนลุมพินี(สุขภาพ)
40827306,ศาลาประชาคม(สังคม)
40827306,สินธร(การลงทุน)
40828489,ชานเรือน(ครอบครัว)
40828489,สวนลุมพินี(สุขภาพ)
40828761,สวนลุมพินี(สุขภาพ)
40828761,ดิโอลด์สยาม(ผู้สูงอายุ)
40828761,ศาลาประชาคม(สังคม)
40829875,ศาลาประชาคม(สังคม)
40831704,สวนลุมพินี(สุขภาพ)
40832666,สวนลุมพินี(สุขภาพ)
40832985,สวนลุมพินี(สุขภาพ)
40834494,สวนลุมพินี(สุขภาพ)
40835047,สวนลุมพินี(สุขภาพ)
40835586,สวนลุมพินี(สุขภาพ)
40835586,ศาลาประชาคม(สังคม)
40836103,สวนลุมพินี(สุขภาพ)
40838274,สวนลุมพินี(สุขภาพ)
40840363,สวนลุมพินี(สุขภาพ)
40842623,สวนลุมพินี(สุขภาพ)
40844480,สวนลุมพินี(สุขภาพ)
40844647,ดิโอลด์สยาม(ผู้สูงอายุ)
40844647,ศาลาประชาคม(สังคม)
40844647,สวนลุมพินี(สุขภาพ)
40844701,สวนลุมพินี(สุขภาพ)
40844701,ศาลาประชาคม(สังคม)
40844762,สินธร(การลงทุน)
40844762,สวนลุมพินี(สุขภาพ)
40844792,สวนลุมพินี(สุขภาพ)
40844792,ศาลาประชาคม(สังคม)
40844876,ศาลาประชาคม(สังคม)
40844876,สินธร(การลงทุน)
40844895,สวนลุมพินี(สุขภาพ)
40844940,สวนลุมพินี(สุขภาพ)
40844940,ศาลาประชาคม(สังคม)
40844952,สวนลุมพินี(สุขภาพ)
40844952,สินธร(การลงทุน)
40845213,สวนลุมพินี(สุขภาพ)
40845213,สินธร(การลงทุน)
40845590,สวนลุมพินี(สุขภาพ)
40845590,สินธร(การลงทุน)
40845621,สวนลุมพินี(สุขภาพ)
40845656,ศาลาประชาคม(สังคม)
40845656,สวนลุมพินี(สุขภาพ)
40845766,สวนลุมพินี(สุขภาพ)
40845766,ศาลาประชาคม(สังคม)
40847349,ศาลาประชาคม(สังคม)
40847349,สวนลุมพินี(สุขภาพ)
40847432,สวนลุมพินี(สุขภาพ)
40847707,สวนลุมพินี(สุขภาพ)
40847969,สวนลุมพินี(สุขภาพ)
40848315,รัชดา(รถยนต์)
40848479,สวนลุมพินี(สุขภาพ)
40848479,ศาลาประชาคม(สังคม)
40849004,ดิโอลด์สยาม(ผู้สูงอายุ)
40849004,บลูแพลนเน็ต(ท่องเที่ยว)
40849112,รัชดา(รถยนต์)
40849112,ศาลาประชาคม(สังคม)
40850556,สวนลุมพินี(สุขภาพ)
40851023,รัชดา(รถยนต์)
40853015,ศาลาประชาคม(สังคม)
40853015,สวนลุมพินี(สุขภาพ)
40853734,สวนลุมพินี(สุขภาพ)
40854594,ชายคา(ที่อยู่อาศัย)
40854594,สินธร(การลงทุน)
40856492,สวนลุมพินี(สุขภาพ)
40858158,สวนลุมพินี(สุขภาพ)
40858513,ศาลาประชาคม(สังคม)
40858513,สวนลุมพินี(สุขภาพ)
40860962,ศาลาประชาคม(สังคม)
40860962,สินธร(การลงทุน)
40861397,ศาลาประชาคม(สังคม)
40861397,สวนลุมพินี(สุขภาพ)
40861397,สินธร(การลงทุน)
40862218,รัชดา(รถยนต์)
40862218,ศาลาประชาคม(สังคม)
40865030,สวนลุมพินี(สุขภาพ)
40865262,สวนลุมพินี(สุขภาพ)
40865262,ราชดำเนิน(การเมือง)
40865486,ศาลาประชาคม(สังคม)
40865486,สวนลุมพินี(สุขภาพ)
40866730,สวนลุมพินี(สุขภาพ)
40871728,สวนลุมพินี(สุขภาพ)
40872679,รัชดา(รถยนต์)
40873540,สวนลุมพินี(สุขภาพ)
40873850,รัชดา(รถยนต์)
40873850,สวนลุมพินี(สุขภาพ)
40874287,สวนลุมพินี(สุขภาพ)
40874479,ศาลาประชาคม(สังคม)
40874479,ชายคา(ที่อยู่อาศัย)
40874479,สินธร(การลงทุน)
40875704,สวนลุมพินี(สุขภาพ)
40875923,สวนลุมพินี(สุขภาพ)
40876152,สวนลุมพินี(สุขภาพ)
40876156,สวนลุมพินี(สุขภาพ)
40876232,ชานเรือน(ครอบครัว)
40876232,สวนลุมพินี(สุขภาพ)
40876385,สวนลุมพินี(สุขภาพ)
40876937,ศาลาประชาคม(สังคม)
40876937,สวนลุมพินี(สุขภาพ)
40877563,สวนลุมพินี(สุขภาพ)
40877835,รัชดา(รถยนต์)
40879432,สวนลุมพินี(สุขภาพ)
40879741,ศาลาประชาคม(สังคม)
40879741,สวนลุมพินี(สุขภาพ)
40880482,มาบุญครอง(มือถือ)
40880482,สวนลุมพินี(สุขภาพ)
40880666,ศาลาประชาคม(สังคม)
40880666,สวนลุมพินี(สุขภาพ)
40880676,สวนลุมพินี(สุขภาพ)
40882271,สวนลุมพินี(สุขภาพ)
40882699,สวนลุมพินี(สุขภาพ)
40882862,สวนลุมพินี(สุขภาพ)
40883390,สวนลุมพินี(สุขภาพ)
40883390,ศาลาประชาคม(สังคม)
40883618,สวนลุมพินี(สุขภาพ)
40885014,สวนลุมพินี(สุขภาพ)
40885844,ชานเรือน(ครอบครัว)
40887170,ศาลาประชาคม(สังคม)
40888666,สวนลุมพินี(สุขภาพ)
40889193,สวนลุมพินี(สุขภาพ)
40889193,ศาลาประชาคม(สังคม)
40889288,ศาลาประชาคม(สังคม)
40891824,ศาลาประชาคม(สังคม)
40891824,รัชดา(รถยนต์)
40891896,สวนลุมพินี(สุขภาพ)
40892096,สวนลุมพินี(สุขภาพ)
40892194,ศาลาประชาคม(สังคม)
40892194,สวนลุมพินี(สุขภาพ)
40893396,สวนลุมพินี(สุขภาพ)
40893531,สวนลุมพินี(สุขภาพ)
40894497,ศาลาประชาคม(สังคม)
40894497,สวนลุมพินี(สุขภาพ)
40894497,สินธร(การลงทุน)
40894529,สวนลุมพินี(สุขภาพ)
40894563,สวนลุมพินี(สุขภาพ)
40897934,สวนลุมพินี(สุขภาพ)
40897934,ศาลาประชาคม(สังคม)
40899155,สวนลุมพินี(สุขภาพ)
40899155,ศาลาประชาคม(สังคม)
40899474,ศาลาประชาคม(สังคม)
40899474,สวนลุมพินี(สุขภาพ)
40899483,สวนลุมพินี(สุขภาพ)
40899686,สวนลุมพินี(สุขภาพ)
40899785,ศาลาประชาคม(สังคม)
40899785,รัชดา(รถยนต์)
40899916,สวนลุมพินี(สุขภาพ)
40899916,รัชดา(รถยนต์)
40900656,สวนลุมพินี(สุขภาพ)
40900656,ศาลาประชาคม(สังคม)
40901313,รัชดา(รถยนต์)
40903111,สวนลุมพินี(สุขภาพ)
40904060,สวนลุมพินี(สุขภาพ)
40904390,สวนลุมพินี(สุขภาพ)
40904646,สวนลุมพินี(สุขภาพ)
40904872,สวนลุมพินี(สุขภาพ)
40905465,รัชดา(รถยนต์)
40905713,สวนลุมพินี(สุขภาพ)
40906190,ดิโอลด์สยาม(ผู้สูงอายุ)
40906190,สวนลุมพินี(สุขภาพ)
40906289,สวนลุมพินี(สุขภาพ)
40907267,สวนลุมพินี(สุขภาพ)
40907677,สวนลุมพินี(สุขภาพ)
40908387,สวนลุมพินี(สุขภาพ)
40909015,ศาลาประชาคม(สังคม)
40909015,สวนลุมพินี(สุขภาพ)
40909041,ศาลาประชาคม(สังคม)
40909041,สวนลุมพินี(สุขภาพ)
40910283,ศาลาประชาคม(สังคม)
40910283,สวนลุมพินี(สุขภาพ)
40912377,ศาลาประชาคม(สังคม)
40912377,สวนลุมพินี(สุขภาพ)
40912478,สวนลุมพินี(สุขภาพ)
40912655,สวนลุมพินี(สุขภาพ)
40913424,สวนลุมพินี(สุขภาพ)
40913726,สวนลุมพินี(สุขภาพ)
40913726,รัชดา(รถยนต์)
40913814,สวนลุมพินี(สุขภาพ)
40914610,สวนลุมพินี(สุขภาพ)
40915984,สวนลุมพินี(สุขภาพ)
40916608,สวนลุมพินี(สุขภาพ)
40917344,รัชดา(รถยนต์)
40917904,สวนลุมพินี(สุขภาพ)
40918139,ศาลาประชาคม(สังคม)
40918139,สวนลุมพินี(สุขภาพ)
40918332,สวนลุมพินี(สุขภาพ)
40918332,ศาลาประชาคม(สังคม)
40919033,ศาลาประชาคม(สังคม)
40919033,สวนลุมพินี(สุขภาพ)
40920226,ศาลาประชาคม(สังคม)
40922747,ศาลาประชาคม(สังคม)
40922747,รัชดา(รถยนต์)
40922869,ศาลาประชาคม(สังคม)
40922869,สวนลุมพินี(สุขภาพ)
40922971,รัชดา(รถยนต์)
40923275,สวนลุมพินี(สุขภาพ)
40923373,ศาลาประชาคม(สังคม)
40923373,สวนลุมพินี(สุขภาพ)
40924023,สวนลุมพินี(สุขภาพ)
40925376,สวนลุมพินี(สุขภาพ)
40927713,ศาลาประชาคม(สังคม)
40927713,สวนลุมพินี(สุขภาพ)
40929115,รัชดา(รถยนต์)
40929310,สวนลุมพินี(สุขภาพ)
40929766,สวนลุมพินี(สุขภาพ)
40929807,สวนลุมพินี(สุขภาพ)
40929807,ศาลาประชาคม(สังคม)
40931078,สวนลุมพินี(สุขภาพ)
40931397,สินธร(การลงทุน)
40931397,สวนลุมพินี(สุขภาพ)
40932215,สวนลุมพินี(สุขภาพ)
40935556,รัชดา(รถยนต์)
40935915,ดิโอลด์สยาม(ผู้สูงอายุ)
40935976,ชายคา(ที่อยู่อาศัย)
40935976,สินธร(การลงทุน)
40936137,สวนลุมพินี(สุขภาพ)
40937204,สวนลุมพินี(สุขภาพ)
40937519,สวนลุมพินี(สุขภาพ)
40938175,ศาลาประชาคม(สังคม)
40938175,สวนลุมพินี(สุขภาพ)
40938408,สวนลุมพินี(สุขภาพ)
40938823,สวนลุมพินี(สุขภาพ)
40938974,รัชดา(รถยนต์)
40938974,สวนลุมพินี(สุขภาพ)
40939522,ศาลาประชาคม(สังคม)
40939522,สวนลุมพินี(สุขภาพ)
40939961,สวนลุมพินี(สุขภาพ)
40941602,สวนลุมพินี(สุขภาพ)
40942708,สวนลุมพินี(สุขภาพ)
40942908,รัชดา(รถยนต์)
40943279,สวนลุมพินี(สุขภาพ)
40944832,ศาลาประชาคม(สังคม)
40944832,สวนลุมพินี(สุขภาพ)
40944884,สวนลุมพินี(สุขภาพ)
40944884,สินธร(การลงทุน)
40944902,ศาลาประชาคม(สังคม)
40944902,สวนลุมพินี(สุขภาพ)
40944902,สินธร(การลงทุน)
40945852,สวนลุมพินี(สุขภาพ)
40946602,ศาลาประชาคม(สังคม)
40946602,สวนลุมพินี(สุขภาพ)
40946604,ศาลาประชาคม(สังคม)
40946604,สวนลุมพินี(สุขภาพ)
40946823,ศาลาประชาคม(สังคม)
40946823,สวนลุมพินี(สุขภาพ)
40947548,ศาลาประชาคม(สังคม)
40947548,รัชดา(รถยนต์)
40950654,ศาลาประชาคม(สังคม)
40950654,สวนลุมพินี(สุขภาพ)
40951689,ศาลาประชาคม(สังคม)
40951689,สวนลุมพินี(สุขภาพ)
40951911,สวนลุมพินี(สุขภาพ)
40952506,สวนลุมพินี(สุขภาพ)
40952752,ดิโอลด์สยาม(ผู้สูงอายุ)
40952752,สวนลุมพินี(สุขภาพ)
40952832,สวนลุมพินี(สุขภาพ)
40953464,สินธร(การลงทุน)
40953464,ศาลาประชาคม(สังคม)
40953464,ดิโอลด์สยาม(ผู้สูงอายุ)
40953464,สวนลุมพินี(สุขภาพ)
40953464,ชานเรือน(ครอบครัว)
40954108,สวนลุมพินี(สุขภาพ)
40954187,สวนลุมพินี(สุขภาพ)
40955089,สวนลุมพินี(สุขภาพ)
40957862,สวนลุมพินี(สุขภาพ)
40957892,สวนลุมพินี(สุขภาพ)
40957892,สินธร(การลงทุน)
40962363,สวนลุมพินี(สุขภาพ)
40962428,ดิโอลด์สยาม(ผู้สูงอายุ)
40962428,สวนลุมพินี(สุขภาพ)
40962539,ศาลาประชาคม(สังคม)
40962610,สวนลุมพินี(สุขภาพ)
40963154,ภูมิภาค(ภูมิภาค)
40963154,สวนลุมพินี(สุขภาพ)
40964474,ศาลาประชาคม(สังคม)
40964474,สวนลุมพินี(สุขภาพ)
40965228,สวนลุมพินี(สุขภาพ)
40965228,ศาลาประชาคม(สังคม)
40966816,สวนลุมพินี(สุขภาพ)
40967387,สินธร(การลงทุน)
40967387,สวนลุมพินี(สุขภาพ)
40967387,ศาลาประชาคม(สังคม)
40968792,ศาลาประชาคม(สังคม)
40968792,สวนลุมพินี(สุขภาพ)
40969576,สวนลุมพินี(สุขภาพ)
40969576,ศาลาประชาคม(สังคม)
40972031,สวนลุมพินี(สุขภาพ)
40974521,สวนลุมพินี(สุขภาพ)
40974736,สวนลุมพินี(สุขภาพ)
40974782,รัชดา(รถยนต์)
40976508,สวนลุมพินี(สุขภาพ)
40976508,ศาลาประชาคม(สังคม)
40976681,ซิลิคอนวัลเลย์(เทคโนโลยี)
40976681,ศาลาประชาคม(สังคม)
40976681,สวนลุมพินี(สุขภาพ)
40976990,ดิโอลด์สยาม(ผู้สูงอายุ)
40976990,สวนลุมพินี(สุขภาพ)
40978630,รัชดา(รถยนต์)
40978630,ศาลาประชาคม(สังคม)
40979305,ชานเรือน(ครอบครัว)
40979305,สวนลุมพินี(สุขภาพ)
40979608,รัชดา(รถยนต์)
40980016,สวนลุมพินี(สุขภาพ)
40981143,ศาลาประชาคม(สังคม)
40982763,สวนลุมพินี(สุขภาพ)
40982763,สินธร(การลงทุน)
40983172,สวนลุมพินี(สุขภาพ)
40983172,ศาลาประชาคม(สังคม)
40983973,สวนลุมพินี(สุขภาพ)
40984433,รัชดา(รถยนต์)
40984723,สวนลุมพินี(สุขภาพ)
40985031,สวนลุมพินี(สุขภาพ)
40985363,สวนลุมพินี(สุขภาพ)
40989016,ศาลาประชาคม(สังคม)
40989673,ศาลาประชาคม(สังคม)
40991665,รัชดา(รถยนต์)
40991933,สวนลุมพินี(สุขภาพ)
40993201,รัชดา(รถยนต์)
40994069,สวนลุมพินี(สุขภาพ)
40994069,ศาลาประชาคม(สังคม)
40994269,สวนลุมพินี(สุขภาพ)
40996384,สวนลุมพินี(สุขภาพ)
40996384,ศาลาประชาคม(สังคม)
41004598,สวนลุมพินี(สุขภาพ)
41005944,สินธร(การลงทุน)
41005944,สวนลุมพินี(สุขภาพ)
41006470,สวนลุมพินี(สุขภาพ)
41008765,ศาลาประชาคม(สังคม)
41008765,สวนลุมพินี(สุขภาพ)
41010656,สวนลุมพินี(สุขภาพ)
41011714,ชานเรือน(ครอบครัว)
41011714,สวนลุมพินี(สุขภาพ)
41011876,สินธร(การลงทุน)
41013009,รัชดา(รถยนต์)
41014139,สวนลุมพินี(สุขภาพ)
41014139,ศาลาประชาคม(สังคม)
41017761,สวนลุมพินี(สุขภาพ)
41017761,ศาลาประชาคม(สังคม)
41019177,สวนลุมพินี(สุขภาพ)
41019177,ดิโอลด์สยาม(ผู้สูงอายุ)
41019926,สวนลุมพินี(สุขภาพ)
41021243,สวนลุมพินี(สุขภาพ)
41021243,ศาลาประชาคม(สังคม)
41023728,สวนลุมพินี(สุขภาพ)
41023872,ชานเรือน(ครอบครัว)
41023872,สวนลุมพินี(สุขภาพ)
41024891,ศาลาประชาคม(สังคม)
41025252,รัชดา(รถยนต์)
41025374,รัชดา(รถยนต์)
41025908,สวนลุมพินี(สุขภาพ)
41026679,สวนลุมพินี(สุขภาพ)
41026679,ชานเรือน(ครอบครัว)
41027599,ดิโอลด์สยาม(ผู้สูงอายุ)
41027599,รัชดา(รถยนต์)
41027599,สวนลุมพินี(สุขภาพ)
41028337,สวนลุมพินี(สุขภาพ)
41028337,สินธร(การลงทุน)
41030266,สวนลุมพินี(สุขภาพ)
41030266,สีลม(ธุรกิจ)
41031960,สวนลุมพินี(สุขภาพ)
41031960,ศาลาประชาคม(สังคม)
41031999,สินธร(การลงทุน)
41031999,สวนลุมพินี(สุขภาพ)
41032087,ศาลาประชาคม(สังคม)
41034699,สวนลุมพินี(สุขภาพ)
41035865,สวนลุมพินี(สุขภาพ)
41035865,ศาลาประชาคม(สังคม)
41035872,สวนลุมพินี(สุขภาพ)
41037568,รัชดา(รถยนต์)
41038043,สวนลุมพินี(สุขภาพ)
41038526,สวนลุมพินี(สุขภาพ)
41038931,สวนลุมพินี(สุขภาพ)
41040439,ศาลาประชาคม(สังคม)
41040439,สินธร(การลงทุน)
41040439,สวนลุมพินี(สุขภาพ)
41043151,รัชดา(รถยนต์)
41045280,ศาลาประชาคม(สังคม)
41045280,รัชดา(รถยนต์)
41046681,สวนลุมพินี(สุขภาพ)
41047131,สวนลุมพินี(สุขภาพ)
41047131,สินธร(การลงทุน)
41048502,สวนลุมพินี(สุขภาพ)
41048502,ศาลาประชาคม(สังคม)
41048590,สวนลุมพินี(สุขภาพ)
41050494,รัชดา(รถยนต์)
41052821,สวนลุมพินี(สุขภาพ)
41052821,ศาลาประชาคม(สังคม)
41053408,ศาลาประชาคม(สังคม)
41053408,สวนลุมพินี(สุขภาพ)
41053408,สินธร(การลงทุน)
41053592,ดิโอลด์สยาม(ผู้สูงอายุ)
41053592,สวนลุมพินี(สุขภาพ)
41054353,สินธร(การลงทุน)
41054353,ศาลาประชาคม(สังคม)
41054353,สวนลุมพินี(สุขภาพ)
41055205,สวนลุมพินี(สุขภาพ)
41055205,รัชดา(รถยนต์)
41055338,รัชดา(รถยนต์)
41055338,ศาลาประชาคม(สังคม)
41055408,สวนลุมพินี(สุขภาพ)
41055408,ศาลาประชาคม(สังคม)
41055688,สีลม(ธุรกิจ)
41055688,ศาลาประชาคม(สังคม)
41057194,สวนลุมพินี(สุขภาพ)
41057769,สวนลุมพินี(สุขภาพ)
41057769,ศาลาประชาคม(สังคม)
41060829,สวนลุมพินี(สุขภาพ)
41060829,ศาลาประชาคม(สังคม)
41061936,รัชดา(รถยนต์)
41061936,ศาลาประชาคม(สังคม)
41063911,รัชดา(รถยนต์)
41064018,สวนลุมพินี(สุขภาพ)
41064064,สวนลุมพินี(สุขภาพ)
41064116,สวนลุมพินี(สุขภาพ)
41065477,สินธร(การลงทุน)
41065477,สวนลุมพินี(สุขภาพ)
41068344,สวนลุมพินี(สุขภาพ)
41069923,รัชดา(รถยนต์)
41070560,รัชดา(รถยนต์)
41070741,ศาลาประชาคม(สังคม)
41070741,สวนลุมพินี(สุขภาพ)
41071046,สวนลุมพินี(สุขภาพ)
41073582,สวนลุมพินี(สุขภาพ)
41075940,สวนลุมพินี(สุขภาพ)
41078317,สวนลุมพินี(สุขภาพ)
41078317,ศาลาประชาคม(สังคม)
41079252,สวนลุมพินี(สุขภาพ)
41079252,ศาลาประชาคม(สังคม)
41081026,ศาลาประชาคม(สังคม)
41081026,สวนลุมพินี(สุขภาพ)
41081026,รัชดา(รถยนต์)
41081733,สวนลุมพินี(สุขภาพ)
41081733,สินธร(การลงทุน)
41083399,สวนลุมพินี(สุขภาพ)
41084364,สีลม(ธุรกิจ)
41084364,สวนลุมพินี(สุขภาพ)
41085977,สวนลุมพินี(สุขภาพ)
41085977,ศาลาประชาคม(สังคม)
41085977,สินธร(การลงทุน)
41089815,รัชดา(รถยนต์)
41090880,ศาลาประชาคม(สังคม)
41090942,สวนลุมพินี(สุขภาพ)
41091247,สวนลุมพินี(สุขภาพ)
41093383,สวนลุมพินี(สุขภาพ)
41093465,สินธร(การลงทุน)
41093465,สวนลุมพินี(สุขภาพ)
41096655,สวนลุมพินี(สุขภาพ)
41097600,ศาลาประชาคม(สังคม)
41097600,สวนลุมพินี(สุขภาพ)
41097600,สินธร(การลงทุน)
41098284,สวนลุมพินี(สุขภาพ)
41098355,สวนลุมพินี(สุขภาพ)
41098392,ศาลาประชาคม(สังคม)
41098408,ศาลาประชาคม(สังคม)
41098408,สวนลุมพินี(สุขภาพ)
41098419,สวนลุมพินี(สุขภาพ)
41098419,ศาลาประชาคม(สังคม)
41098419,สินธร(การลงทุน)
41098938,รัชดา(รถยนต์)
41098938,สินธร(การลงทุน)
41098981,สวนลุมพินี(สุขภาพ)
41098981,ศาลาประชาคม(สังคม)
41099026,รัชดา(รถยนต์)
41099026,สินธร(การลงทุน)
41099272,สีลม(ธุรกิจ)
41099272,ศาลาประชาคม(สังคม)
41099519,ศาลาประชาคม(สังคม)
41099519,สวนลุมพินี(สุขภาพ)
41099775,สวนลุมพินี(สุขภาพ)
41099922,รัชดา(รถยนต์)
41099922,สินธร(การลงทุน)
41100027,สินธร(การลงทุน)
41100027,รัชดา(รถยนต์)
41101609,สวนลุมพินี(สุขภาพ)
41101609,สินธร(การลงทุน)
41101609,สีลม(ธุรกิจ)
41101609,ศาลาประชาคม(สังคม)
41101843,ศาลาประชาคม(สังคม)
41101843,สวนลุมพินี(สุขภาพ)
41104973,สวนลุมพินี(สุขภาพ)
41107476,สวนลุมพินี(สุขภาพ)
41110132,สวนลุมพินี(สุขภาพ)
41110132,ศาลาประชาคม(สังคม)
41110132,ดิโอลด์สยาม(ผู้สูงอายุ)
41110541,สวนลุมพินี(สุขภาพ)
41111807,สีลม(ธุรกิจ)
41111807,สยามสแควร์(วัยรุ่น)
41111807,สวนลุมพินี(สุขภาพ)
41112839,สวนลุมพินี(สุขภาพ)
41117519,สินธร(การลงทุน)
41117689,สวนลุมพินี(สุขภาพ)
41117952,สวนลุมพินี(สุขภาพ)
41118833,สวนลุมพินี(สุขภาพ)
41119005,สวนลุมพินี(สุขภาพ)
41120417,สวนลุมพินี(สุขภาพ)
41122373,สวนลุมพินี(สุขภาพ)
41123175,ดิโอลด์สยาม(ผู้สูงอายุ)
41123175,สวนลุมพินี(สุขภาพ)
41125838,สวนลุมพินี(สุขภาพ)
41128562,รัชดา(รถยนต์)
41128562,ศาลาประชาคม(สังคม)
41131965,ศาลาประชาคม(สังคม)
41131965,สวนลุมพินี(สุขภาพ)
41131965,สินธร(การลงทุน)
41140236,รัชดา(รถยนต์)
41142103,สวนลุมพินี(สุขภาพ)
41142103,ศาลาประชาคม(สังคม)
41142818,รัชดา(รถยนต์)
41142818,ศาลาประชาคม(สังคม)
41143439,รัชดา(รถยนต์)
41143439,ศาลาประชาคม(สังคม)
41143819,สวนลุมพินี(สุขภาพ)
41143819,รัชดา(รถยนต์)
41147138,รัชดา(รถยนต์)
41147474,ศาลาประชาคม(สังคม)
41147474,สวนลุมพินี(สุขภาพ)
41147474,สินธร(การลงทุน)
41147620,สวนลุมพินี(สุขภาพ)
41148323,ศาลาประชาคม(สังคม)
41154877,รัชดา(รถยนต์)
41155300,สวนลุมพินี(สุขภาพ)
41155735,ศาลาประชาคม(สังคม)
41155735,สวนลุมพินี(สุขภาพ)
41155760,รัชดา(รถยนต์)
41155760,ศาลาประชาคม(สังคม)
41155901,ศาลาประชาคม(สังคม)
41155901,สวนลุมพินี(สุขภาพ)
41157731,ชายคา(ที่อยู่อาศัย)
41157731,สินธร(การลงทุน)
41158120,สวนลุมพินี(สุขภาพ)
41158120,รัชดา(รถยนต์)
41158120,สินธร(การลงทุน)
41164510,ศาลาประชาคม(สังคม)
41164510,ชายคา(ที่อยู่อาศัย)
41164510,สินธร(การลงทุน)
41164643,ศาลาประชาคม(สังคม)
41164643,รัชดา(รถยนต์)
41165375,ศาลาประชาคม(สังคม)
41165375,รัชดา(รถยนต์)
41167621,สวนลุมพินี(สุขภาพ)
41168685,รัชดา(รถยนต์)
41171861,ศาลาประชาคม(สังคม)
41171861,สวนลุมพินี(สุขภาพ)
41172896,สวนลุมพินี(สุขภาพ)
41172896,สีลม(ธุรกิจ)
41174050,รัชดา(รถยนต์)
41177788,ศาลาประชาคม(สังคม)
41177788,สวนลุมพินี(สุขภาพ)
41178283,ชายคา(ที่อยู่อาศัย)
41178283,สินธร(การลงทุน)
41179200,ศาลาประชาคม(สังคม)
41179200,สวนลุมพินี(สุขภาพ)
41179688,สวนลุมพินี(สุขภาพ)
41179688,ศาลาประชาคม(สังคม)
41179768,สวนลุมพินี(สุขภาพ)
41188645,สวนลุมพินี(สุขภาพ)
41190185,สวนลุมพินี(สุขภาพ)
41191770,ศาลาประชาคม(สังคม)
41191770,สวนลุมพินี(สุขภาพ)
41193356,สวนลุมพินี(สุขภาพ)
41193667,สวนลุมพินี(สุขภาพ)
41196134,สวนลุมพินี(สุขภาพ)
41196134,ชานเรือน(ครอบครัว)
41196964,สวนลุมพินี(สุขภาพ)
41197582,สวนลุมพินี(สุขภาพ)
41200918,สวนลุมพินี(สุขภาพ)
41202185,สวนลุมพินี(สุขภาพ)
41202185,ศาลาประชาคม(สังคม)
41203115,รัชดา(รถยนต์)
41203302,ศาลาประชาคม(สังคม)
41203302,สวนลุมพินี(สุขภาพ)
41203727,ศาลาประชาคม(สังคม)
41203727,สวนลุมพินี(สุขภาพ)
41205101,ศาลาประชาคม(สังคม)
41205101,สวนลุมพินี(สุขภาพ)
41207667,สินธร(การลงทุน)
41208024,สวนลุมพินี(สุขภาพ)
41208195,สวนลุมพินี(สุขภาพ)
41208195,ศาลาประชาคม(สังคม)
41208721,สินธร(การลงทุน)
41208721,สีลม(ธุรกิจ)
41208953,สินธร(การลงทุน)
41208953,สวนลุมพินี(สุขภาพ)
41208953,ศาลาประชาคม(สังคม)
41209370,ศาลาประชาคม(สังคม)
41209370,สวนลุมพินี(สุขภาพ)
41210666,ศาลาประชาคม(สังคม)
41214502,สวนลุมพินี(สุขภาพ)
41216447,รัชดา(รถยนต์)
41218299,สวนลุมพินี(สุขภาพ)
41219410,ศาลาประชาคม(สังคม)
41219410,สินธร(การลงทุน)
41221449,สวนลุมพินี(สุขภาพ)
41224409,ศาลาประชาคม(สังคม)
41224409,รัชดา(รถยนต์)
41225129,ศาลาประชาคม(สังคม)
41225129,สินธร(การลงทุน)
41225129,สวนลุมพินี(สุขภาพ)
41225906,สินธร(การลงทุน)
41225906,ศาลาประชาคม(สังคม)
41227910,สวนลุมพินี(สุขภาพ)
41228050,รัชดา(รถยนต์)
41228050,ศาลาประชาคม(สังคม)
41228497,สินธร(การลงทุน)
41230349,สวนลุมพินี(สุขภาพ)
41230349,ศาลาประชาคม(สังคม)
41231309,สวนลุมพินี(สุขภาพ)
41231784,สวนลุมพินี(สุขภาพ)
41231784,สีลม(ธุรกิจ)
41231909,ศาลาประชาคม(สังคม)
41233646,สวนลุมพินี(สุขภาพ)
41234054,ศาลาประชาคม(สังคม)
41234054,สวนลุมพินี(สุขภาพ)
41234224,ศาลาประชาคม(สังคม)
41234224,สวนลุมพินี(สุขภาพ)
41235080,สวนลุมพินี(สุขภาพ)
41235080,ศาลาประชาคม(สังคม)
41236602,สวนลุมพินี(สุขภาพ)
41238075,สินธร(การลงทุน)
41238075,ศาลาประชาคม(สังคม)
41238075,สวนลุมพินี(สุขภาพ)
41241371,สวนลุมพินี(สุขภาพ)
41241371,ศาลาประชาคม(สังคม)
41241608,รัชดา(รถยนต์)
41242403,ชานเรือน(ครอบครัว)
41242403,สวนลุมพินี(สุขภาพ)
41243381,รัชดา(รถยนต์)
41245144,สวนลุมพินี(สุขภาพ)
41246253,ศาลาประชาคม(สังคม)
41246253,สวนลุมพินี(สุขภาพ)
41247585,สวนลุมพินี(สุขภาพ)
41248111,สวนลุมพินี(สุขภาพ)
41248851,รัชดา(รถยนต์)
41248851,ศาลาประชาคม(สังคม)
41248961,สินธร(การลงทุน)
41251197,สินธร(การลงทุน)
41252285,ศาลาประชาคม(สังคม)
41252285,สวนลุมพินี(สุขภาพ)
41255025,รัชดา(รถยนต์)
41255882,ศาลาประชาคม(สังคม)
41255882,สวนลุมพินี(สุขภาพ)
41257517,รัชดา(รถยนต์)
41259559,สวนลุมพินี(สุขภาพ)
41261300,สวนลุมพินี(สุขภาพ)
41262164,สินธร(การลงทุน)
41262164,รัชดา(รถยนต์)
41262174,สวนลุมพินี(สุขภาพ)
41262174,ดิโอลด์สยาม(ผู้สูงอายุ)
41262174,ศาลาประชาคม(สังคม)
41262282,สินธร(การลงทุน)
41262282,รัชดา(รถยนต์)
41262724,สวนลุมพินี(สุขภาพ)
41263558,ศาลาประชาคม(สังคม)
41263558,สินธร(การลงทุน)
41263558,ชายคา(ที่อยู่อาศัย)
41263809,สินธร(การลงทุน)
41263809,สวนลุมพินี(สุขภาพ)
41263809,ศาลาประชาคม(สังคม)
41266971,ศาลาประชาคม(สังคม)
41266971,สวนลุมพินี(สุขภาพ)
41267299,ศาลาประชาคม(สังคม)
41267299,ดิโอลด์สยาม(ผู้สูงอายุ)
41267299,สวนลุมพินี(สุขภาพ)
41268621,รัชดา(รถยนต์)
41268804,สวนลุมพินี(สุขภาพ)
41272114,ศาลาประชาคม(สังคม)
41272114,สวนลุมพินี(สุขภาพ)
41273971,สินธร(การลงทุน)
41273971,ศาลาประชาคม(สังคม)
41273971,สวนลุมพินี(สุขภาพ)
41275693,ศาลาประชาคม(สังคม)
41275693,รัชดา(รถยนต์)
41275725,สวนลุมพินี(สุขภาพ)
41276617,สวนลุมพินี(สุขภาพ)
41276617,ชานเรือน(ครอบครัว)
41276791,สวนลุมพินี(สุขภาพ)
41277001,สวนลุมพินี(สุขภาพ)
41278811,สวนลุมพินี(สุขภาพ)
41279568,สวนลุมพินี(สุขภาพ)
41281196,รัชดา(รถยนต์)
41281226,สวนลุมพินี(สุขภาพ)
41281226,ศาลาประชาคม(สังคม)
41282429,สวนลุมพินี(สุขภาพ)
41282429,ศาลาประชาคม(สังคม)
41282503,ชานเรือน(ครอบครัว)
41282503,สวนลุมพินี(สุขภาพ)
41282503,ศาลาประชาคม(สังคม)
41282577,สวนลุมพินี(สุขภาพ)
41283097,สวนลุมพินี(สุขภาพ)
41283750,สวนลุมพินี(สุขภาพ)
41284053,รัชดา(รถยนต์)
41284433,ศาลาประชาคม(สังคม)
41284433,สวนลุมพินี(สุขภาพ)
41284700,สวนลุมพินี(สุขภาพ)
41284700,ดิโอลด์สยาม(ผู้สูงอายุ)
41285886,สวนลุมพินี(สุขภาพ)
41287928,ชานเรือน(ครอบครัว)
41287928,สวนลุมพินี(สุขภาพ)
41288530,สวนลุมพินี(สุขภาพ)
41289485,สวนลุมพินี(สุขภาพ)
41289485,ศาลาประชาคม(สังคม)
41290442,ศาลาประชาคม(สังคม)
41290442,สวนลุมพินี(สุขภาพ)
41291438,รัชดา(รถยนต์)
41291555,สินธร(การลงทุน)
41292386,สวนลุมพินี(สุขภาพ)
41292840,รัชดา(รถยนต์)
41292840,ศาลาประชาคม(สังคม)
41292857,สวนลุมพินี(สุขภาพ)
41295072,สวนลุมพินี(สุขภาพ)
41295134,ศาลาประชาคม(สังคม)
41295134,สวนลุมพินี(สุขภาพ)
41295165,สวนลุมพินี(สุขภาพ)
41295165,ศาลาประชาคม(สังคม)
41295236,สวนลุมพินี(สุขภาพ)
41295808,สวนลุมพินี(สุขภาพ)
41295808,ศาลาประชาคม(สังคม)
41295893,สวนลุมพินี(สุขภาพ)
41296266,สวนลุมพินี(สุขภาพ)
41296484,สวนลุมพินี(สุขภาพ)
41296863,สวนลุมพินี(สุขภาพ)
41296863,ศาลาประชาคม(สังคม)
41297020,สวนลุมพินี(สุขภาพ)
41297020,ศาลาประชาคม(สังคม)
41297477,ศาลาประชาคม(สังคม)
41297477,สวนลุมพินี(สุขภาพ)
41297746,สวนลุมพินี(สุขภาพ)
41297746,ศาลาประชาคม(สังคม)
41298309,สวนลุมพินี(สุขภาพ)
41298353,สวนลุมพินี(สุขภาพ)
41298353,ศาลาประชาคม(สังคม)
41298584,สวนลุมพินี(สุขภาพ)
41298584,รัชดา(รถยนต์)
41299191,รัชดา(รถยนต์)
41299674,รัชดา(รถยนต์)
41299689,ศาลาประชาคม(สังคม)
41299689,สวนลุมพินี(สุขภาพ)
41299738,สวนลุมพินี(สุขภาพ)
41299925,สวนลุมพินี(สุขภาพ)
41299925,ศาลาประชาคม(สังคม)
41300710,สวนลุมพินี(สุขภาพ)
41300710,ศาลาประชาคม(สังคม)
41301486,สวนลุมพินี(สุขภาพ)
41301611,สวนลุมพินี(สุขภาพ)
41301611,สินธร(การลงทุน)
41301672,สวนลุมพินี(สุขภาพ)
41302738,สวนลุมพินี(สุขภาพ)
41303131,สวนลุมพินี(สุขภาพ)
41303344,สวนลุมพินี(สุขภาพ)
41303344,ศาลาประชาคม(สังคม)
41303703,สวนลุมพินี(สุขภาพ)
41304017,สวนลุมพินี(สุขภาพ)
41304117,ศาลาประชาคม(สังคม)
41304117,สวนลุมพินี(สุขภาพ)
41304383,ศาลาประชาคม(สังคม)
41304383,สวนลุมพินี(สุขภาพ)
41305424,สวนลุมพินี(สุขภาพ)
41305928,สวนลุมพินี(สุขภาพ)
41305928,ศาลาประชาคม(สังคม)
41305949,ศาลาประชาคม(สังคม)
41305949,สวนลุมพินี(สุขภาพ)
41306049,สวนลุมพินี(สุขภาพ)
41306130,สวนลุมพินี(สุขภาพ)
41306659,สวนลุมพินี(สุขภาพ)
41306659,ศาลาประชาคม(สังคม)
41307109,สวนลุมพินี(สุขภาพ)
41307226,ศาลาประชาคม(สังคม)
41307226,สินธร(การลงทุน)
41307226,สีลม(ธุรกิจ)
41307226,รัชดา(รถยนต์)
41307959,รัชดา(รถยนต์)
41307959,สวนลุมพินี(สุขภาพ)
41307989,ศาลาประชาคม(สังคม)
41307989,สวนลุมพินี(สุขภาพ)
41308600,สวนลุมพินี(สุขภาพ)
41308904,สวนลุมพินี(สุขภาพ)
41309783,สวนลุมพินี(สุขภาพ)
41309783,ศาลาประชาคม(สังคม)
41309907,รัชดา(รถยนต์)
41310126,สวนลุมพินี(สุขภาพ)
41310137,สวนลุมพินี(สุขภาพ)
41310137,ศาลาประชาคม(สังคม)
41310752,ศาลาประชาคม(สังคม)
41310752,สวนลุมพินี(สุขภาพ)
41310828,สวนลุมพินี(สุขภาพ)
41310828,ศาลาประชาคม(สังคม)
41311145,สวนลุมพินี(สุขภาพ)
41311150,สวนลุมพินี(สุขภาพ)
41311177,สวนลุมพินี(สุขภาพ)
41311325,สวนลุมพินี(สุขภาพ)
41311325,รัชดา(รถยนต์)
41312479,สวนลุมพินี(สุขภาพ)
41312974,สวนลุมพินี(สุขภาพ)
41312974,สีลม(ธุรกิจ)
41313009,สวนลุมพินี(สุขภาพ)
41313009,ศาลาประชาคม(สังคม)
41313336,สวนลุมพินี(สุขภาพ)
41313713,สีลม(ธุรกิจ)
41313713,สวนลุมพินี(สุขภาพ)
41313885,สวนลุมพินี(สุขภาพ)
41313993,สวนลุมพินี(สุขภาพ)
41314054,สวนลุมพินี(สุขภาพ)
41314609,สวนลุมพินี(สุขภาพ)
41314812,ศาลาประชาคม(สังคม)
41314812,สวนลุมพินี(สุขภาพ)
41315730,สวนลุมพินี(สุขภาพ)
41316780,ศาลาประชาคม(สังคม)
41316780,สวนลุมพินี(สุขภาพ)
41316931,สวนลุมพินี(สุขภาพ)
41316931,ศาลาประชาคม(สังคม)
41317313,สวนลุมพินี(สุขภาพ)
41317722,สวนลุมพินี(สุขภาพ)
41317722,สินธร(การลงทุน)
41317722,ศาลาประชาคม(สังคม)
41318397,สวนลุมพินี(สุขภาพ)
41318548,สวนลุมพินี(สุขภาพ)
41319090,ศาลาประชาคม(สังคม)
41319090,สวนลุมพินี(สุขภาพ)
41320407,สวนลุมพินี(สุขภาพ)
41320407,ศาลาประชาคม(สังคม)
41320517,สวนลุมพินี(สุขภาพ)
41320647,รัชดา(รถยนต์)
41321311,สวนลุมพินี(สุขภาพ)
41321384,สวนลุมพินี(สุขภาพ)
41321384,ศาลาประชาคม(สังคม)
41322210,รัชดา(รถยนต์)
41322543,รัชดา(รถยนต์)
41322976,สวนลุมพินี(สุขภาพ)
41324281,สวนลุมพินี(สุขภาพ)
41324506,สวนลุมพินี(สุขภาพ)
41324622,สวนลุมพินี(สุขภาพ)
41324824,สวนลุมพินี(สุขภาพ)
41325076,สวนลุมพินี(สุขภาพ)
41325368,สวนลุมพินี(สุขภาพ)
41325950,สวนลุมพินี(สุขภาพ)
41325950,ศาลาประชาคม(สังคม)
41326100,สวนลุมพินี(สุขภาพ)
41326100,รัชดา(รถยนต์)
41326100,สินธร(การลงทุน)
41326143,ศาลาประชาคม(สังคม)
41326143,สวนลุมพินี(สุขภาพ)
41326803,สวนลุมพินี(สุขภาพ)
41326996,สวนลุมพินี(สุขภาพ)
41327205,ศาลาประชาคม(สังคม)
41327205,สวนลุมพินี(สุขภาพ)
41327233,สวนลุมพินี(สุขภาพ)
41327332,ศาลาประชาคม(สังคม)
41327332,สวนลุมพินี(สุขภาพ)
41327507,ศาลาประชาคม(สังคม)
41327507,รัชดา(รถยนต์)
41328197,สวนลุมพินี(สุขภาพ)
41328239,สวนลุมพินี(สุขภาพ)
41328610,สวนลุมพินี(สุขภาพ)
41329361,สวนลุมพินี(สุขภาพ)
41329887,ศาลาประชาคม(สังคม)
41329887,สวนลุมพินี(สุขภาพ)
41330366,สวนลุมพินี(สุขภาพ)
41330435,สวนลุมพินี(สุขภาพ)
41330531,ศาลาประชาคม(สังคม)
41330531,รัชดา(รถยนต์)
41330749,สวนลุมพินี(สุขภาพ)
41330903,รัชดา(รถยนต์)
41330966,สวนลุมพินี(สุขภาพ)
41331164,รัชดา(รถยนต์)
41331959,สวนลุมพินี(สุขภาพ)
41331989,ศาลาประชาคม(สังคม)
41331989,สวนลุมพินี(สุขภาพ)
41332955,สวนลุมพินี(สุขภาพ)
41333589,สวนลุมพินี(สุขภาพ)
41334656,สวนลุมพินี(สุขภาพ)
41334691,ศาลาประชาคม(สังคม)
41334691,สวนลุมพินี(สุขภาพ)
41334806,สวนลุมพินี(สุขภาพ)
41335352,สินธร(การลงทุน)
41335352,ศาลาประชาคม(สังคม)
41335352,สวนลุมพินี(สุขภาพ)
41335782,สวนลุมพินี(สุขภาพ)
41335828,ศาลาประชาคม(สังคม)
41335828,สวนลุมพินี(สุขภาพ)
41335878,สวนลุมพินี(สุขภาพ)
41335878,ชานเรือน(ครอบครัว)
41335923,ศาลาประชาคม(สังคม)
41335923,สวนลุมพินี(สุขภาพ)
41336024,สวนลุมพินี(สุขภาพ)
41336085,สวนลุมพินี(สุขภาพ)
41336137,ศาลาประชาคม(สังคม)
41336137,สวนลุมพินี(สุขภาพ)
41336362,ศาลาประชาคม(สังคม)
41336362,สวนลุมพินี(สุขภาพ)
41336404,สวนลุมพินี(สุขภาพ)
41336575,สวนลุมพินี(สุขภาพ)
41336734,สวนลุมพินี(สุขภาพ)
41337831,ภูมิภาค(ภูมิภาค)
41337831,สวนลุมพินี(สุขภาพ)
41338275,สวนลุมพินี(สุขภาพ)
41338275,ศาลาประชาคม(สังคม)
41338314,สวนลุมพินี(สุขภาพ)
41338314,ศาลาประชาคม(สังคม)
41339382,สวนลุมพินี(สุขภาพ)
41339986,ศาลาประชาคม(สังคม)
41339986,สวนลุมพินี(สุขภาพ)
41341859,สวนลุมพินี(สุขภาพ)
41342624,ศาลาประชาคม(สังคม)
41342624,สวนลุมพินี(สุขภาพ)
41343531,สวนลุมพินี(สุขภาพ)
41343531,ศาลาประชาคม(สังคม)
41343663,สวนลุมพินี(สุขภาพ)
41343771,สวนลุมพินี(สุขภาพ)
41343864,ศาลาประชาคม(สังคม)
41343864,สวนลุมพินี(สุขภาพ)
41344933,สวนลุมพินี(สุขภาพ)
41345253,สวนลุมพินี(สุขภาพ)
41345265,สวนลุมพินี(สุขภาพ)
41345346,สวนลุมพินี(สุขภาพ)
41345346,ศาลาประชาคม(สังคม)
41345346,สินธร(การลงทุน)
41345518,ศาลาประชาคม(สังคม)
41345518,สวนลุมพินี(สุขภาพ)
41345565,สวนลุมพินี(สุขภาพ)
41345565,ศาลาประชาคม(สังคม)
41346240,สวนลุมพินี(สุขภาพ)
41346962,สวนลุมพินี(สุขภาพ)
41346962,ศาลาประชาคม(สังคม)
41347154,ศาลาประชาคม(สังคม)
41347539,สวนลุมพินี(สุขภาพ)
41347539,ศาลาประชาคม(สังคม)
41347674,ศาลาประชาคม(สังคม)
41347674,สวนลุมพินี(สุขภาพ)
41347720,ศาลาประชาคม(สังคม)
41347720,สวนลุมพินี(สุขภาพ)
41347742,สวนลุมพินี(สุขภาพ)
41347742,ศาลาประชาคม(สังคม)
41347872,สวนลุมพินี(สุขภาพ)
41349031,สวนลุมพินี(สุขภาพ)
41349031,ศาลาประชาคม(สังคม)
41349061,ศาลาประชาคม(สังคม)
41349204,ศาลาประชาคม(สังคม)
41349204,สวนลุมพินี(สุขภาพ)
41349210,สวนลุมพินี(สุขภาพ)
41349210,รัชดา(รถยนต์)
41349489,สวนลุมพินี(สุขภาพ)
41349489,สินธร(การลงทุน)
41349710,สวนลุมพินี(สุขภาพ)
41349969,สวนลุมพินี(สุขภาพ)
41350043,สวนลุมพินี(สุขภาพ)
41350050,สยามสแควร์(วัยรุ่น)
41350050,ศาลาประชาคม(สังคม)
41350050,สวนลุมพินี(สุขภาพ)
41350050,สินธร(การลงทุน)
41350272,สวนลุมพินี(สุขภาพ)
41350272,ศาลาประชาคม(สังคม)
41350559,สวนลุมพินี(สุขภาพ)
41350996,สวนลุมพินี(สุขภาพ)
41351014,สวนลุมพินี(สุขภาพ)
41351014,ชานเรือน(ครอบครัว)
41351065,สวนลุมพินี(สุขภาพ)
41351101,สวนลุมพินี(สุขภาพ)
41351433,สวนลุมพินี(สุขภาพ)
41351433,ศาลาประชาคม(สังคม)
41351924,สวนลุมพินี(สุขภาพ)
41351952,สวนลุมพินี(สุขภาพ)
41352201,รัชดา(รถยนต์)
41352389,สวนลุมพินี(สุขภาพ)
41352450,ศาลาประชาคม(สังคม)
41352450,สวนลุมพินี(สุขภาพ)
41352638,สวนลุมพินี(สุขภาพ)
41353053,สวนลุมพินี(สุขภาพ)
41353518,สวนลุมพินี(สุขภาพ)
41355310,สวนลุมพินี(สุขภาพ)
41355310,ศาลาประชาคม(สังคม)
41356064,สวนลุมพินี(สุขภาพ)
41356106,สวนลุมพินี(สุขภาพ)
41356596,สินธร(การลงทุน)
41356596,สวนลุมพินี(สุขภาพ)
41356830,สวนลุมพินี(สุขภาพ)
41356831,สวนลุมพินี(สุขภาพ)
41357880,สวนลุมพินี(สุขภาพ)
41357880,รัชดา(รถยนต์)
41357880,ศาลาประชาคม(สังคม)
41358375,สวนลุมพินี(สุขภาพ)
41358429,สวนลุมพินี(สุขภาพ)
41358591,สวนลุมพินี(สุขภาพ)
41359190,สวนลุมพินี(สุขภาพ)
41359853,ดิโอลด์สยาม(ผู้สูงอายุ)
41359853,ศาลาประชาคม(สังคม)
41359853,สวนลุมพินี(สุขภาพ)
41359901,สวนลุมพินี(สุขภาพ)
41360000,ศาลาประชาคม(สังคม)
41360000,สวนลุมพินี(สุขภาพ)
41360048,สวนลุมพินี(สุขภาพ)
41360132,ศาลาประชาคม(สังคม)
41360132,สวนลุมพินี(สุขภาพ)
41360695,ศาลาประชาคม(สังคม)
41360695,สวนลุมพินี(สุขภาพ)
41360820,สวนลุมพินี(สุขภาพ)
41360820,ศาลาประชาคม(สังคม)
41360959,ศาลาประชาคม(สังคม)
41360959,สวนลุมพินี(สุขภาพ)
41361292,สินธร(การลงทุน)
41361292,สวนลุมพินี(สุขภาพ)
41362016,สวนลุมพินี(สุขภาพ)
41362435,สวนลุมพินี(สุขภาพ)
41363507,สวนลุมพินี(สุขภาพ)
41363952,สวนลุมพินี(สุขภาพ)
41364959,สวนลุมพินี(สุขภาพ)
41365920,สวนลุมพินี(สุขภาพ)
41367187,ศาลาประชาคม(สังคม)
41367187,บางรัก(ความรัก)
41367187,สวนลุมพินี(สุขภาพ)
41367666,สวนลุมพินี(สุขภาพ)
41368651,ศาลาประชาคม(สังคม)
41368651,สวนลุมพินี(สุขภาพ)
41369038,ศาลาประชาคม(สังคม)
41369038,สวนลุมพินี(สุขภาพ)
41369132,สวนลุมพินี(สุขภาพ)
41369507,ศาลาประชาคม(สังคม)
41370755,สวนลุมพินี(สุขภาพ)
41370905,สวนลุมพินี(สุขภาพ)
41371092,สวนลุมพินี(สุขภาพ)
41371565,สวนลุมพินี(สุขภาพ)
41371981,สวนลุมพินี(สุขภาพ)
41372293,สวนลุมพินี(สุขภาพ)
41372339,รัชดา(รถยนต์)
41372368,ศาลาประชาคม(สังคม)
41372368,สวนลุมพินี(สุขภาพ)
41372582,สวนลุมพินี(สุขภาพ)
41372666,สวนลุมพินี(สุขภาพ)
41372710,สวนลุมพินี(สุขภาพ)
41373853,สวนลุมพินี(สุขภาพ)
41373991,ศาลาประชาคม(สังคม)
41373991,สวนลุมพินี(สุขภาพ)
41376126,สินธร(การลงทุน)
41376126,สวนลุมพินี(สุขภาพ)
41378334,สวนลุมพินี(สุขภาพ)
41379421,สวนลุมพินี(สุขภาพ)
41379479,ศาลาประชาคม(สังคม)
41379479,สวนลุมพินี(สุขภาพ)
41380185,สวนลุมพินี(สุขภาพ)
41380239,ศาลาประชาคม(สังคม)
41380239,สวนลุมพินี(สุขภาพ)
41380657,สวนลุมพินี(สุขภาพ)
41380657,ศาลาประชาคม(สังคม)
41381131,สวนลุมพินี(สุขภาพ)
41382166,สวนลุมพินี(สุขภาพ)
41382166,ศาลาประชาคม(สังคม)
41382455,สวนลุมพินี(สุขภาพ)
41382455,ศาลาประชาคม(สังคม)
41382461,สวนลุมพินี(สุขภาพ)
41382462,สวนลุมพินี(สุขภาพ)
41382479,ศาลาประชาคม(สังคม)
41382479,สวนลุมพินี(สุขภาพ)
41382552,สวนลุมพินี(สุขภาพ)
41382552,รัชดา(รถยนต์)
41383324,รัชดา(รถยนต์)
41383324,ศาลาประชาคม(สังคม)
41383410,รัชดา(รถยนต์)
41383677,ศาลาประชาคม(สังคม)
41383677,สวนลุมพินี(สุขภาพ)
41384549,สวนลุมพินี(สุขภาพ)
41384549,ศาลาประชาคม(สังคม)
41385355,สวนลุมพินี(สุขภาพ)
41385704,รัชดา(รถยนต์)
41386448,สวนลุมพินี(สุขภาพ)
41386510,สวนลุมพินี(สุขภาพ)
41387054,ศาลาประชาคม(สังคม)
41387054,สวนลุมพินี(สุขภาพ)
41387058,สวนลุมพินี(สุขภาพ)
41387346,ศาลาประชาคม(สังคม)
41387346,สวนลุมพินี(สุขภาพ)
41387702,สวนลุมพินี(สุขภาพ)
41387859,สวนลุมพินี(สุขภาพ)
41387884,สวนลุมพินี(สุขภาพ)
41388500,สวนลุมพินี(สุขภาพ)
41388947,สวนลุมพินี(สุขภาพ)
41389137,สวนลุมพินี(สุขภาพ)
41389137,ศาลาประชาคม(สังคม)
41389773,รัชดา(รถยนต์)
41390183,สวนลุมพินี(สุขภาพ)
41390183,ดิโอลด์สยาม(ผู้สูงอายุ)
41390183,ศาลาประชาคม(สังคม)
41390213,สวนลุมพินี(สุขภาพ)
41390753,สวนลุมพินี(สุขภาพ)
41391454,ศาลาประชาคม(สังคม)
41391454,สวนลุมพินี(สุขภาพ)
41391574,รัชดา(รถยนต์)
41392245,สวนลุมพินี(สุขภาพ)
41392645,สวนลุมพินี(สุขภาพ)
41393043,ศาลาประชาคม(สังคม)
41393661,ศาลาประชาคม(สังคม)
41393661,สวนลุมพินี(สุขภาพ)
41394196,สวนลุมพินี(สุขภาพ)
41395901,ศาลาประชาคม(สังคม)
41395901,สวนลุมพินี(สุขภาพ)
41397156,สวนลุมพินี(สุขภาพ)
41397283,สวนลุมพินี(สุขภาพ)
41397453,รัชดา(รถยนต์)
41397626,ศาลาประชาคม(สังคม)
41397626,สวนลุมพินี(สุขภาพ)
41398063,สวนลุมพินี(สุขภาพ)
41398063,ศาลาประชาคม(สังคม)
41399727,สวนลุมพินี(สุขภาพ)
41399803,สวนลุมพินี(สุขภาพ)
41399803,ศาลาประชาคม(สังคม)
41401366,สวนลุมพินี(สุขภาพ)
41401366,ศาลาประชาคม(สังคม)
41401826,ศาลาประชาคม(สังคม)
41401826,สวนลุมพินี(สุขภาพ)
41402031,สวนลุมพินี(สุขภาพ)
41402280,ศาลาประชาคม(สังคม)
41402280,สวนลุมพินี(สุขภาพ)
41402554,สวนลุมพินี(สุขภาพ)
41402554,ศาลาประชาคม(สังคม)
41403670,รัชดา(รถยนต์)
41404780,สวนลุมพินี(สุขภาพ)
41404844,ศาลาประชาคม(สังคม)
41404844,สวนลุมพินี(สุขภาพ)
41404962,ศาลาประชาคม(สังคม)
41406774,สวนลุมพินี(สุขภาพ)
41407558,สวนลุมพินี(สุขภาพ)
41408235,ศาลาประชาคม(สังคม)
41408236,ชานเรือน(ครอบครัว)
41408236,ศาลาประชาคม(สังคม)
41408236,ดิโอลด์สยาม(ผู้สูงอายุ)
41408304,ศาลาประชาคม(สังคม)
41408304,สวนลุมพินี(สุขภาพ)
41408371,ดิโอลด์สยาม(ผู้สูงอายุ)
41408371,สวนลุมพินี(สุขภาพ)
41409257,สวนลุมพินี(สุขภาพ)
41410057,สวนลุมพินี(สุขภาพ)
41410767,สวนลุมพินี(สุขภาพ)
41410792,สวนลุมพินี(สุขภาพ)
41412940,สวนลุมพินี(สุขภาพ)
41412940,ศาลาประชาคม(สังคม)
41413009,สวนลุมพินี(สุขภาพ)
41413009,ศาลาประชาคม(สังคม)
41413672,ศาลาประชาคม(สังคม)
41413672,สวนลุมพินี(สุขภาพ)
41413782,ศาลาประชาคม(สังคม)
41413782,สวนลุมพินี(สุขภาพ)
41413794,สวนลุมพินี(สุขภาพ)
41413794,ศาลาประชาคม(สังคม)
41415167,ศาลาประชาคม(สังคม)
41415167,สวนลุมพินี(สุขภาพ)
41415508,ศาลาประชาคม(สังคม)
41415508,ชานเรือน(ครอบครัว)
41415508,สวนลุมพินี(สุขภาพ)
41415509,สวนลุมพินี(สุขภาพ)
41415509,ศาลาประชาคม(สังคม)
41416453,สวนลุมพินี(สุขภาพ)
41416453,ดิโอลด์สยาม(ผู้สูงอายุ)
41416453,ศาลาประชาคม(สังคม)
41416453,สินธร(การลงทุน)
41416924,สวนลุมพินี(สุขภาพ)
41417742,ศาลาประชาคม(สังคม)
41417742,สวนลุมพินี(สุขภาพ)
41419016,ดิโอลด์สยาม(ผู้สูงอายุ)
41419016,สวนลุมพินี(สุขภาพ)
41419016,สินธร(การลงทุน)
41419597,ศาลาประชาคม(สังคม)
41419614,สวนลุมพินี(สุขภาพ)
41419639,สวนลุมพินี(สุขภาพ)
41419639,ศาลาประชาคม(สังคม)
41419810,ศาลาประชาคม(สังคม)
41419810,สวนลุมพินี(สุขภาพ)
41420053,สวนลุมพินี(สุขภาพ)
41420053,ศาลาประชาคม(สังคม)
41420927,สวนลุมพินี(สุขภาพ)
41421030,สวนลุมพินี(สุขภาพ)
41421450,สวนลุมพินี(สุขภาพ)
41421450,ศาลาประชาคม(สังคม)
41421762,สวนลุมพินี(สุขภาพ)
41422005,สวนลุมพินี(สุขภาพ)
41423316,สินธร(การลงทุน)
41423316,ดิโอลด์สยาม(ผู้สูงอายุ)
41424194,สวนลุมพินี(สุขภาพ)
41424700,สวนลุมพินี(สุขภาพ)
41424700,ศาลาประชาคม(สังคม)
41425212,ชายคา(ที่อยู่อาศัย)
41425365,สวนลุมพินี(สุขภาพ)
41425893,สวนลุมพินี(สุขภาพ)
41427677,สวนลุมพินี(สุขภาพ)
41427677,ศาลาประชาคม(สังคม)
41427743,ชานเรือน(ครอบครัว)
41429575,รัชดา(รถยนต์)
41430808,ศาลาประชาคม(สังคม)
41430808,สวนลุมพินี(สุขภาพ)
41432320,สวนลุมพินี(สุขภาพ)
41434695,สวนลุมพินี(สุขภาพ)
41434737,ศาลาประชาคม(สังคม)
41434737,สวนลุมพินี(สุขภาพ)
41434749,สวนลุมพินี(สุขภาพ)
41434749,ศาลาประชาคม(สังคม)
41435392,สินธร(การลงทุน)
41435392,รัชดา(รถยนต์)
41436274,สวนลุมพินี(สุขภาพ)
41436678,สวนลุมพินี(สุขภาพ)
41436702,สวนลุมพินี(สุขภาพ)
41436702,ศาลาประชาคม(สังคม)
41436972,ศาลาประชาคม(สังคม)
41436972,สวนลุมพินี(สุขภาพ)
41437378,ศาลาประชาคม(สังคม)
41437378,สวนลุมพินี(สุขภาพ)
41437698,ศาลาประชาคม(สังคม)
41437698,สวนลุมพินี(สุขภาพ)
41439022,สินธร(การลงทุน)
41439022,สวนลุมพินี(สุขภาพ)
41439034,ศาลาประชาคม(สังคม)
41439034,สวนลุมพินี(สุขภาพ)
41439137,สวนลุมพินี(สุขภาพ)
41439768,สวนลุมพินี(สุขภาพ)
41439938,สวนลุมพินี(สุขภาพ)
41441005,สวนลุมพินี(สุขภาพ)
41442179,สวนลุมพินี(สุขภาพ)
41442179,สินธร(การลงทุน)
41442295,สวนลุมพินี(สุขภาพ)
41442295,ไกลบ้าน(ต่างประเทศ)
41442856,รัชดา(รถยนต์)
41443895,สวนลุมพินี(สุขภาพ)
41443895,ศาลาประชาคม(สังคม)
41446537,สวนลุมพินี(สุขภาพ)
41446537,สินธร(การลงทุน)
41447039,ชานเรือน(ครอบครัว)
41447398,สวนลุมพินี(สุขภาพ)
41447405,สวนลุมพินี(สุขภาพ)
41447405,ศาลาประชาคม(สังคม)
41447555,ศาลาประชาคม(สังคม)
41447555,สวนลุมพินี(สุขภาพ)
41449615,สวนลุมพินี(สุขภาพ)
41449615,ศาลาประชาคม(สังคม)
41449617,สวนลุมพินี(สุขภาพ)
41449617,ศาลาประชาคม(สังคม)
41449650,ศาลาประชาคม(สังคม)
41449650,สวนลุมพินี(สุขภาพ)
41451376,สินธร(การลงทุน)
41451376,สวนลุมพินี(สุขภาพ)
41451376,ศาลาประชาคม(สังคม)
41452471,ศาลาประชาคม(สังคม)
41452471,สวนลุมพินี(สุขภาพ)
41452816,รัชดา(รถยนต์)
41454819,สินธร(การลงทุน)
41454819,ศาลาประชาคม(สังคม)
41454819,สวนลุมพินี(สุขภาพ)
41455109,สวนลุมพินี(สุขภาพ)
41455974,สวนลุมพินี(สุขภาพ)
41458821,สวนลุมพินี(สุขภาพ)
41458841,สวนลุมพินี(สุขภาพ)
41458841,ศาลาประชาคม(สังคม)
41460205,สวนลุมพินี(สุขภาพ)
41460331,รัชดา(รถยนต์)
41461463,ศาลาประชาคม(สังคม)
41461463,สวนลุมพินี(สุขภาพ)
41461463,สินธร(การลงทุน)
41463146,สวนลุมพินี(สุขภาพ)
41463569,สินธร(การลงทุน)
41463569,สวนลุมพินี(สุขภาพ)
41463579,รัชดา(รถยนต์)
41465910,ศาลาประชาคม(สังคม)
41465910,รัชดา(รถยนต์)
41468853,สวนลุมพินี(สุขภาพ)
41468906,สวนลุมพินี(สุขภาพ)
41470526,ศาลาประชาคม(สังคม)
41470719,สวนลุมพินี(สุขภาพ)
41470961,สวนลุมพินี(สุขภาพ)
41470961,ศาลาประชาคม(สังคม)
41471099,ศาลาประชาคม(สังคม)
41471099,สวนลุมพินี(สุขภาพ)
41471471,สวนลุมพินี(สุขภาพ)
41472598,ศาลาประชาคม(สังคม)
41472598,สวนลุมพินี(สุขภาพ)
41472901,สวนลุมพินี(สุขภาพ)
41473153,สวนลุมพินี(สุขภาพ)
41473532,สวนลุมพินี(สุขภาพ)
41476368,สวนลุมพินี(สุขภาพ)
41477306,ศาลาประชาคม(สังคม)
41478225,ศาลาประชาคม(สังคม)
41478225,สวนลุมพินี(สุขภาพ)
41478286,ศาลาประชาคม(สังคม)
41478286,สวนลุมพินี(สุขภาพ)
41478526,ศาลาประชาคม(สังคม)
41478526,ดิโอลด์สยาม(ผู้สูงอายุ)
41478526,สวนลุมพินี(สุขภาพ)
41481836,สวนลุมพินี(สุขภาพ)
41482515,สวนลุมพินี(สุขภาพ)
41482515,ศาลาประชาคม(สังคม)
41483280,สวนลุมพินี(สุขภาพ)
41483550,ศาลาประชาคม(สังคม)
41484950,สวนลุมพินี(สุขภาพ)
41484950,ศาลาประชาคม(สังคม)
41485275,สวนลุมพินี(สุขภาพ)
41485275,ศาลาประชาคม(สังคม)
41485497,ศาลาประชาคม(สังคม)
41485497,สวนลุมพินี(สุขภาพ)
41485558,รัชดา(รถยนต์)
41486344,ศาลาประชาคม(สังคม)
41486344,สินธร(การลงทุน)
41486632,รัชดา(รถยนต์)
41488061,ศาลาประชาคม(สังคม)
41488061,สวนลุมพินี(สุขภาพ)
41490913,สวนลุมพินี(สุขภาพ)
41491987,สวนลุมพินี(สุขภาพ)
41492403,สวนลุมพินี(สุขภาพ)
41492700,สวนลุมพินี(สุขภาพ)
41494765,ดิโอลด์สยาม(ผู้สูงอายุ)
41494765,สวนลุมพินี(สุขภาพ)
41494765,ชานเรือน(ครอบครัว)
41497970,สินธร(การลงทุน)
41497970,ศาลาประชาคม(สังคม)
41497970,สวนลุมพินี(สุขภาพ)
41498064,สวนลุมพินี(สุขภาพ)
41498842,สวนลุมพินี(สุขภาพ)
41498842,ศาลาประชาคม(สังคม)
41498842,ดิโอลด์สยาม(ผู้สูงอายุ)
41498897,รัชดา(รถยนต์)
41500347,สวนลุมพินี(สุขภาพ)
41500347,ศาลาประชาคม(สังคม)
41500893,ศาลาประชาคม(สังคม)
41500893,สวนลุมพินี(สุขภาพ)
41501433,สวนลุมพินี(สุขภาพ)
41502309,สวนลุมพินี(สุขภาพ)
41502763,สวนลุมพินี(สุขภาพ)
41504758,สวนลุมพินี(สุขภาพ)
41504758,ศาลาประชาคม(สังคม)
41504758,สินธร(การลงทุน)
41504897,ศาลาประชาคม(สังคม)
41504897,สวนลุมพินี(สุขภาพ)
41505141,ศาลาประชาคม(สังคม)
41505141,สวนลุมพินี(สุขภาพ)
41507081,ศาลาประชาคม(สังคม)
41507081,สวนลุมพินี(สุขภาพ)
41507459,สวนลุมพินี(สุขภาพ)
41507459,ศาลาประชาคม(สังคม)
41508233,สวนลุมพินี(สุขภาพ)
41508233,ศาลาประชาคม(สังคม)
41509431,สวนลุมพินี(สุขภาพ)
41509723,สวนลุมพินี(สุขภาพ)
41509855,หว้ากอ(วิทยาศาสตร์)
41509855,สวนลุมพินี(สุขภาพ)
41509855,ซิลิคอนวัลเลย์(เทคโนโลยี)
41510041,ศาลาประชาคม(สังคม)
41510041,สินธร(การลงทุน)
41510041,สวนลุมพินี(สุขภาพ)
41510065,สวนลุมพินี(สุขภาพ)
41510065,ศาลาประชาคม(สังคม)
41511717,สีลม(ธุรกิจ)
41511717,สวนลุมพินี(สุขภาพ)
41511819,สวนลุมพินี(สุขภาพ)
41512024,สวนลุมพินี(สุขภาพ)
41512024,ศาลาประชาคม(สังคม)
41512495,รัชดา(รถยนต์)
41512651,รัชดา(รถยนต์)
41512651,สินธร(การลงทุน)
41513647,สวนลุมพินี(สุขภาพ)
41513647,ศาลาประชาคม(สังคม)
41513647,รัชดา(รถยนต์)
41516606,สวนลุมพินี(สุขภาพ)
41519808,สวนลุมพินี(สุขภาพ)
41519808,รัชดา(รถยนต์)
41519822,สวนลุมพินี(สุขภาพ)
41519822,ศาลาประชาคม(สังคม)
41521279,ดิโอลด์สยาม(ผู้สูงอายุ)
41521279,ศาลาประชาคม(สังคม)
41521279,สวนลุมพินี(สุขภาพ)
41523337,สินธร(การลงทุน)
41523337,สวนลุมพินี(สุขภาพ)
41525347,สวนลุมพินี(สุขภาพ)
41527731,สวนลุมพินี(สุขภาพ)
41529150,สวนลุมพินี(สุขภาพ)
41529795,สวนลุมพินี(สุขภาพ)
41529795,ศาลาประชาคม(สังคม)
41529795,ดิโอลด์สยาม(ผู้สูงอายุ)
41532535,สวนลุมพินี(สุขภาพ)
41535729,ศาลาประชาคม(สังคม)
41542807,รัชดา(รถยนต์)
41544264,ศาลาประชาคม(สังคม)
41544264,สวนลุมพินี(สุขภาพ)
41544264,สินธร(การลงทุน)
41544283,สวนลุมพินี(สุขภาพ)
41545125,สวนลุมพินี(สุขภาพ)
41546083,รัชดา(รถยนต์)
41548626,สวนลุมพินี(สุขภาพ)
41549220,ศาลาประชาคม(สังคม)
41549220,สวนลุมพินี(สุขภาพ)
41552448,สวนลุมพินี(สุขภาพ)
41552448,ชานเรือน(ครอบครัว)
41553033,สวนลุมพินี(สุขภาพ)
41553094,รัชดา(รถยนต์)
41554963,สวนลุมพินี(สุขภาพ)
41554963,ดิโอลด์สยาม(ผู้สูงอายุ)
41555317,สวนลุมพินี(สุขภาพ)
41555317,ศาลาประชาคม(สังคม)
41556091,ศาลาประชาคม(สังคม)
41558820,ศาลาประชาคม(สังคม)
41558820,พันทิป(ชุมชน)
41558820,สวนลุมพินี(สุขภาพ)
41559735,ศาลาประชาคม(สังคม)
41559735,สินธร(การลงทุน)
41560394,สินธร(การลงทุน)
41560394,ศาลาประชาคม(สังคม)
41560394,สวนลุมพินี(สุขภาพ)
41563613,รัชดา(รถยนต์)
41563613,สวนลุมพินี(สุขภาพ)
41563632,สวนลุมพินี(สุขภาพ)
41565413,ศาลาประชาคม(สังคม)
41565413,สวนลุมพินี(สุขภาพ)
41565632,ศาลาประชาคม(สังคม)
41565632,สวนลุมพินี(สุขภาพ)
41565953,สวนลุมพินี(สุขภาพ)
41565953,ศาลาประชาคม(สังคม)
41567883,สวนลุมพินี(สุขภาพ)
41568956,สวนลุมพินี(สุขภาพ)
41569127,รัชดา(รถยนต์)
41570486,สวนลุมพินี(สุขภาพ)
41571241,รัชดา(รถยนต์)
41573959,สวนลุมพินี(สุขภาพ)
41573959,ภูมิภาค(ภูมิภาค)
41574842,สวนลุมพินี(สุขภาพ)
41576965,ห้องสมุด(หนังสือ)
41576965,สวนลุมพินี(สุขภาพ)
41576965,ศาลาประชาคม(สังคม)
41577900,สวนลุมพินี(สุขภาพ)
41577900,ศาลาประชาคม(สังคม)
41578855,บลูแพลนเน็ต(ท่องเที่ยว)
41585349,รัชดา(รถยนต์)
41586714,สวนลุมพินี(สุขภาพ)
41589483,สวนลุมพินี(สุขภาพ)
41591083,บลูแพลนเน็ต(ท่องเที่ยว)
41591083,สวนลุมพินี(สุขภาพ)
41596765,ศาลาประชาคม(สังคม)
41597731,สวนลุมพินี(สุขภาพ)
41597731,ศาลาประชาคม(สังคม)
41597731,สินธร(การลงทุน)
41600295,สวนลุมพินี(สุขภาพ)
41600295,ดิโอลด์สยาม(ผู้สูงอายุ)
41600402,ชานเรือน(ครอบครัว)
41600402,สวนลุมพินี(สุขภาพ)
41603702,ศาลาประชาคม(สังคม)
41603702,สวนลุมพินี(สุขภาพ)
41606760,สวนลุมพินี(สุขภาพ)
41607856,สวนลุมพินี(สุขภาพ)
41608375,สวนลุมพินี(สุขภาพ)
41609617,รัชดา(รถยนต์)
41611340,ศาลาประชาคม(สังคม)
41611340,สวนลุมพินี(สุขภาพ)
41611741,สวนลุมพินี(สุขภาพ)
41613970,ศาลาประชาคม(สังคม)
41613970,สินธร(การลงทุน)
41613970,สวนลุมพินี(สุขภาพ)
41615803,สวนลุมพินี(สุขภาพ)
41615803,ศาลาประชาคม(สังคม)
41621085,รัชดา(รถยนต์)
41621085,ศาลาประชาคม(สังคม)
41621225,รัชดา(รถยนต์)
41624784,รัชดา(รถยนต์)
41624784,สวนลุมพินี(สุขภาพ)
41624784,ศาลาประชาคม(สังคม)
41627855,บลูแพลนเน็ต(ท่องเที่ยว)
41630440,รัชดา(รถยนต์)
41630440,ศาลาประชาคม(สังคม)
41630440,สินธร(การลงทุน)
41630495,สวนลุมพินี(สุขภาพ)
41631969,รัชดา(รถยนต์)
41631969,สินธร(การลงทุน)
41634305,สวนลุมพินี(สุขภาพ)
41634305,ศาลาประชาคม(สังคม)
41634600,สวนลุมพินี(สุขภาพ)
41634885,สวนลุมพินี(สุขภาพ)
41635651,สวนลุมพินี(สุขภาพ)
41635749,ศาลาประชาคม(สังคม)
41635749,รัชดา(รถยนต์)
41636605,สวนลุมพินี(สุขภาพ)
41637453,สวนลุมพินี(สุขภาพ)
41637817,สวนลุมพินี(สุขภาพ)
41638142,รัชดา(รถยนต์)
41638582,สวนลุมพินี(สุขภาพ)
41638621,สวนลุมพินี(สุขภาพ)
41641041,รัชดา(รถยนต์)
41641208,สวนลุมพินี(สุขภาพ)
41641208,ศาลาประชาคม(สังคม)
41641289,รัชดา(รถยนต์)
41641289,ศาลาประชาคม(สังคม)
41642654,สวนลุมพินี(สุขภาพ)
41642654,ศาลาประชาคม(สังคม)
41644238,สวนลุมพินี(สุขภาพ)
41644238,ศาลาประชาคม(สังคม)
41644238,ชานเรือน(ครอบครัว)
41645762,ศาลาประชาคม(สังคม)
41645762,สวนลุมพินี(สุขภาพ)
41647457,รัชดา(รถยนต์)
41647457,ศาลาประชาคม(สังคม)
41647457,สินธร(การลงทุน)
41648637,สวนลุมพินี(สุขภาพ)
41648637,ศาลาประชาคม(สังคม)
41651805,สวนลุมพินี(สุขภาพ)
41654375,ศาลาประชาคม(สังคม)
41654375,สวนลุมพินี(สุขภาพ)
41654375,สินธร(การลงทุน)
41656174,สวนลุมพินี(สุขภาพ)
41656174,ศาลาประชาคม(สังคม)
41656767,ชานเรือน(ครอบครัว)
41656767,สินธร(การลงทุน)
41657000,ศาลาประชาคม(สังคม)
41657000,สวนลุมพินี(สุขภาพ)
41659219,สวนลุมพินี(สุขภาพ)
41659630,รัชดา(รถยนต์)
41664001,สินธร(การลงทุน)
41664001,ศาลาประชาคม(สังคม)
41665998,รัชดา(รถยนต์)
41670710,สินธร(การลงทุน)
41670988,สวนลุมพินี(สุขภาพ)
41675226,สวนลุมพินี(สุขภาพ)
41675262,ศาลาประชาคม(สังคม)
41675262,สวนลุมพินี(สุขภาพ)
41677335,สวนลุมพินี(สุขภาพ)
41678374,ศาลาประชาคม(สังคม)
41678374,สินธร(การลงทุน)
41678374,ชายคา(ที่อยู่อาศัย)
41680036,รัชดา(รถยนต์)
41680509,สวนลุมพินี(สุขภาพ)
41680639,รัชดา(รถยนต์)
41680639,ศาลาประชาคม(สังคม)
41681209,ศาลาประชาคม(สังคม)
41681209,สวนลุมพินี(สุขภาพ)
41689267,ศาลาประชาคม(สังคม)
41691383,ศาลาประชาคม(สังคม)
41691383,สวนลุมพินี(สุขภาพ)
41692538,สวนลุมพินี(สุขภาพ)
41692538,สินธร(การลงทุน)
41692538,รัชดา(รถยนต์)
41693353,ศาลาประชาคม(สังคม)
41693353,รัชดา(รถยนต์)
41694314,ศาลาประชาคม(สังคม)
41694314,สวนลุมพินี(สุขภาพ)
41694518,สวนลุมพินี(สุขภาพ)
41694518,โต๊ะเครื่องแป้ง(ความงาม)
41694893,สวนลุมพินี(สุขภาพ)
41696394,สวนลุมพินี(สุขภาพ)
41696394,สินธร(การลงทุน)
41696659,ศาลาประชาคม(สังคม)
41696659,สินธร(การลงทุน)
41698069,สวนลุมพินี(สุขภาพ)
41698069,ดิโอลด์สยาม(ผู้สูงอายุ)
41698870,สวนลุมพินี(สุขภาพ)
41698870,สีลม(ธุรกิจ)
41699884,สีลม(ธุรกิจ)
41699884,สวนลุมพินี(สุขภาพ)
41700959,สวนลุมพินี(สุขภาพ)
41701956,สวนลุมพินี(สุขภาพ)
41701956,ศาลาประชาคม(สังคม)
41702787,ศาลาประชาคม(สังคม)
41702787,สินธร(การลงทุน)
41702787,รัชดา(รถยนต์)
41704002,ศาลาประชาคม(สังคม)
41704002,สวนลุมพินี(สุขภาพ)
41705813,สินธร(การลงทุน)
41705813,ศาลาประชาคม(สังคม)
41709325,สวนลุมพินี(สุขภาพ)
41710673,รัชดา(รถยนต์)
41711651,สวนลุมพินี(สุขภาพ)
41711651,ศาลาประชาคม(สังคม)
41711716,สินธร(การลงทุน)
41711716,ศาลาประชาคม(สังคม)
41711716,สวนลุมพินี(สุขภาพ)
41711720,สวนลุมพินี(สุขภาพ)
41712758,สวนลุมพินี(สุขภาพ)
41714461,สวนลุมพินี(สุขภาพ)
41714461,ศาลาประชาคม(สังคม)
41720688,ศาลาประชาคม(สังคม)
41720688,สวนลุมพินี(สุขภาพ)
41724806,รัชดา(รถยนต์)
41729875,สวนลุมพินี(สุขภาพ)
41731674,สวนลุมพินี(สุขภาพ)
41731812,รัชดา(รถยนต์)
41733452,ศาลาประชาคม(สังคม)
41733452,รัชดา(รถยนต์)
41735587,รัชดา(รถยนต์)
41736252,รัชดา(รถยนต์)
41737513,ชานเรือน(ครอบครัว)
41737513,สวนลุมพินี(สุขภาพ)
41737933,ศาลาประชาคม(สังคม)
41738133,สวนลุมพินี(สุขภาพ)
41738133,สีลม(ธุรกิจ)
41738133,สินธร(การลงทุน)
41738196,สินธร(การลงทุน)
41738196,สีลม(ธุรกิจ)
41738196,สวนลุมพินี(สุขภาพ)
41739213,รัชดา(รถยนต์)
41742856,ศาลาประชาคม(สังคม)
41742856,รัชดา(รถยนต์)
41743635,สินธร(การลงทุน)
41743635,ศาลาประชาคม(สังคม)
41744097,รัชดา(รถยนต์)
41746546,สวนลุมพินี(สุขภาพ)
41748731,รัชดา(รถยนต์)
41748931,ศาลาประชาคม(สังคม)
41748931,สินธร(การลงทุน)
41751418,สวนลุมพินี(สุขภาพ)
41751924,สินธร(การลงทุน)
41751924,สวนลุมพินี(สุขภาพ)
41755229,ศาลาประชาคม(สังคม)
41756155,สวนลุมพินี(สุขภาพ)
41756155,ศาลาประชาคม(สังคม)
41758386,ศาลาประชาคม(สังคม)
41758386,สินธร(การลงทุน)
41759097,สวนลุมพินี(สุขภาพ)
41759797,สวนลุมพินี(สุขภาพ)
41761460,สวนลุมพินี(สุขภาพ)
41761460,ศาลาประชาคม(สังคม)
41761460,สินธร(การลงทุน)
41764933,สินธร(การลงทุน)
41764933,ศาลาประชาคม(สังคม)
41765587,สวนลุมพินี(สุขภาพ)
41768900,สวนลุมพินี(สุขภาพ)
41768907,รัชดา(รถยนต์)
41769003,ชานเรือน(ครอบครัว)
41769003,สวนลุมพินี(สุขภาพ)
41769068,สวนลุมพินี(สุขภาพ)
41769068,ศาลาประชาคม(สังคม)
41774910,สวนลุมพินี(สุขภาพ)
41774910,ศาลาประชาคม(สังคม)
41777909,สวนลุมพินี(สุขภาพ)
41777909,ศาลาประชาคม(สังคม)
41778216,ศาลาประชาคม(สังคม)
41778216,สวนลุมพินี(สุขภาพ)
41778216,สินธร(การลงทุน)
41778216,สีลม(ธุรกิจ)
41779311,สวนลุมพินี(สุขภาพ)
41779311,ชานเรือน(ครอบครัว)
41781683,รัชดา(รถยนต์)
41782094,สวนลุมพินี(สุขภาพ)
41782094,สินธร(การลงทุน)
41782094,ศาลาประชาคม(สังคม)
41782881,สวนลุมพินี(สุขภาพ)
41782881,สินธร(การลงทุน)
41782881,สีลม(ธุรกิจ)
41797999,ศาลาประชาคม(สังคม)
41797999,สวนลุมพินี(สุขภาพ)
41798245,รัชดา(รถยนต์)
41799249,ดิโอลด์สยาม(ผู้สูงอายุ)
41799249,สินธร(การลงทุน)
41799249,สวนลุมพินี(สุขภาพ)
41799249,ศาลาประชาคม(สังคม)
41800118,สวนลุมพินี(สุขภาพ)
41800118,ศาลาประชาคม(สังคม)
41806329,สวนลุมพินี(สุขภาพ)
41806329,สีลม(ธุรกิจ)
41806329,สยามสแควร์(วัยรุ่น)
41806391,สวนลุมพินี(สุขภาพ)
41806391,สินธร(การลงทุน)
41806391,ศาลาประชาคม(สังคม)
41807784,สวนลุมพินี(สุขภาพ)
41808685,สวนลุมพินี(สุขภาพ)
41808685,สีลม(ธุรกิจ)
41808896,สวนลุมพินี(สุขภาพ)
41808896,ศาลาประชาคม(สังคม)
41810286,ศาลาประชาคม(สังคม)
41810286,รัชดา(รถยนต์)
41814838,สวนลุมพินี(สุขภาพ)
41814838,ศาลาประชาคม(สังคม)
41814838,สินธร(การลงทุน)
41816075,รัชดา(รถยนต์)
41818325,ศาลาประชาคม(สังคม)
41818325,ชานเรือน(ครอบครัว)
41818631,ศาลาประชาคม(สังคม)
41818631,สวนลุมพินี(สุขภาพ)
41819672,สวนลุมพินี(สุขภาพ)
41821011,สวนลุมพินี(สุขภาพ)
41822109,สวนลุมพินี(สุขภาพ)
41822109,สินธร(การลงทุน)
41822109,ศาลาประชาคม(สังคม)
41823564,สวนลุมพินี(สุขภาพ)
41823564,จตุจักร(สัตว์เลี้ยง)
41825613,ศาลาประชาคม(สังคม)
41827288,สวนลุมพินี(สุขภาพ)
41827415,รัชดา(รถยนต์)
41829677,สวนลุมพินี(สุขภาพ)
41833329,รัชดา(รถยนต์)
41833329,ศาลาประชาคม(สังคม)
41834556,รัชดา(รถยนต์)
41834792,รัชดา(รถยนต์)
41836107,มาบุญครอง(มือถือ)
41836107,สวนลุมพินี(สุขภาพ)
41836700,ศาลาประชาคม(สังคม)
41836700,สวนลุมพินี(สุขภาพ)
41836825,สวนลุมพินี(สุขภาพ)
41838051,สวนลุมพินี(สุขภาพ)
41838051,ศาลาประชาคม(สังคม)
41840421,ศาลาประชาคม(สังคม)
41840421,สวนลุมพินี(สุขภาพ)
41841360,สวนลุมพินี(สุขภาพ)
41841360,ศาลาประชาคม(สังคม)
41845874,รัชดา(รถยนต์)
41848065,สวนลุมพินี(สุขภาพ)
41849784,สินธร(การลงทุน)
41849784,รัชดา(รถยนต์)
41852350,สินธร(การลงทุน)
41852494,สินธร(การลงทุน)
41852494,ศาลาประชาคม(สังคม)
41852621,รัชดา(รถยนต์)
41852621,สินธร(การลงทุน)
41853434,ศาลาประชาคม(สังคม)
41853434,สวนลุมพินี(สุขภาพ)
41853979,ชายคา(ที่อยู่อาศัย)
41853979,สินธร(การลงทุน)
41854211,สินธร(การลงทุน)
41854211,ศาลาประชาคม(สังคม)
41854647,รัชดา(รถยนต์)
41854887,รัชดา(รถยนต์)
41855707,สวนลุมพินี(สุขภาพ)
41855707,ศาลาประชาคม(สังคม)
41856423,สวนลุมพินี(สุขภาพ)
41857856,สวนลุมพินี(สุขภาพ)
41857856,ชานเรือน(ครอบครัว)
41863365,สินธร(การลงทุน)
41863365,ชายคา(ที่อยู่อาศัย)
41863365,สีลม(ธุรกิจ)
41863953,ศาลาประชาคม(สังคม)
41864459,รัชดา(รถยนต์)
41864459,ศาลาประชาคม(สังคม)
41864853,บลูแพลนเน็ต(ท่องเที่ยว)
41864853,ดิโอลด์สยาม(ผู้สูงอายุ)
41864853,ศาลาประชาคม(สังคม)
41865425,ศาลาประชาคม(สังคม)
41865425,สวนลุมพินี(สุขภาพ)
41868941,สวนลุมพินี(สุขภาพ)
41869358,ศาลาประชาคม(สังคม)
41869358,สวนลุมพินี(สุขภาพ)
41871405,สินธร(การลงทุน)
41871405,ศาลาประชาคม(สังคม)
41873330,สวนลุมพินี(สุขภาพ)
41874048,สินธร(การลงทุน)
41874048,ศาลาประชาคม(สังคม)
41875312,ศาลาประชาคม(สังคม)
41876123,รัชดา(รถยนต์)
41879699,สวนลุมพินี(สุขภาพ)
41881390,ศาลาประชาคม(สังคม)
41881390,สวนลุมพินี(สุขภาพ)
41884153,สวนลุมพินี(สุขภาพ)
41885927,สินธร(การลงทุน)
41885927,สวนลุมพินี(สุขภาพ)
41886995,รัชดา(รถยนต์)
41886995,ศาลาประชาคม(สังคม)
41888683,สวนลุมพินี(สุขภาพ)
41895579,ไกลบ้าน(ต่างประเทศ)
41895579,ศาลาประชาคม(สังคม)
41895579,สวนลุมพินี(สุขภาพ)
41899019,ศาลาประชาคม(สังคม)
41899019,สินธร(การลงทุน)
41899260,สวนลุมพินี(สุขภาพ)
41903246,รัชดา(รถยนต์)
41903407,สวนลุมพินี(สุขภาพ)
41903407,ดิโอลด์สยาม(ผู้สูงอายุ)
41903787,สีลม(ธุรกิจ)
41903789,รัชดา(รถยนต์)
41904452,สีลม(ธุรกิจ)
41904452,สวนลุมพินี(สุขภาพ)
41904809,ศาลาประชาคม(สังคม)
41904809,รัชดา(รถยนต์)
41905186,ศาลาประชาคม(สังคม)
41905186,รัชดา(รถยนต์)
41907143,ศาลาประชาคม(สังคม)
41907143,สวนลุมพินี(สุขภาพ)
41907143,สินธร(การลงทุน)
41909562,รัชดา(รถยนต์)
41909562,ศาลาประชาคม(สังคม)
41909562,สินธร(การลงทุน)
41911093,สีลม(ธุรกิจ)
41911093,สวนลุมพินี(สุขภาพ)
41912792,สินธร(การลงทุน)
41915958,สวนลุมพินี(สุขภาพ)
41915958,ศาลาประชาคม(สังคม)
41916983,สวนลุมพินี(สุขภาพ)
41916983,ศาลาประชาคม(สังคม)
41917604,ศาลาประชาคม(สังคม)
41917604,สวนลุมพินี(สุขภาพ)
41918571,สวนลุมพินี(สุขภาพ)
41921432,รัชดา(รถยนต์)
41922312,สวนลุมพินี(สุขภาพ)
41922312,ศาลาประชาคม(สังคม)
41924346,สวนลุมพินี(สุขภาพ)
41924346,สินธร(การลงทุน)
41924346,ศาลาประชาคม(สังคม)
41924618,รัชดา(รถยนต์)
41926725,ศาลาประชาคม(สังคม)
41927101,รัชดา(รถยนต์)
41929776,ศาลาประชาคม(สังคม)
41929776,รัชดา(รถยนต์)
41931296,สวนลุมพินี(สุขภาพ)
41932440,สินธร(การลงทุน)
41932440,ชายคา(ที่อยู่อาศัย)
41933366,สวนลุมพินี(สุขภาพ)
41933366,ศาลาประชาคม(สังคม)
41939355,รัชดา(รถยนต์)
41940221,สินธร(การลงทุน)
41940221,สวนลุมพินี(สุขภาพ)
41941432,สวนลุมพินี(สุขภาพ)
41941632,สวนลุมพินี(สุขภาพ)
41943826,สวนลุมพินี(สุขภาพ)
41943826,ศาลาประชาคม(สังคม)
41944230,สินธร(การลงทุน)
41944327,สวนลุมพินี(สุขภาพ)
41944327,ศาลาประชาคม(สังคม)
41944954,รัชดา(รถยนต์)
41946796,สีลม(ธุรกิจ)
41946796,สินธร(การลงทุน)
41951431,รัชดา(รถยนต์)
41951697,สวนลุมพินี(สุขภาพ)
41952340,ศาลาประชาคม(สังคม)
41952340,สินธร(การลงทุน)
41955181,ศาลาประชาคม(สังคม)
41955181,รัชดา(รถยนต์)
41955181,สวนลุมพินี(สุขภาพ)
41955181,สินธร(การลงทุน)
41959876,สวนลุมพินี(สุขภาพ)
41959876,ศาลาประชาคม(สังคม)
41962963,ชานเรือน(ครอบครัว)
41962963,สวนลุมพินี(สุขภาพ)
41966593,สินธร(การลงทุน)
41970454,ศาลาประชาคม(สังคม)
41970454,รัชดา(รถยนต์)
41970979,สวนลุมพินี(สุขภาพ)
41972028,สินธร(การลงทุน)
41972028,สวนลุมพินี(สุขภาพ)
41972082,สินธร(การลงทุน)
41972082,สวนลุมพินี(สุขภาพ)
41972139,สวนลุมพินี(สุขภาพ)
41972979,รัชดา(รถยนต์)
41976847,สวนลุมพินี(สุขภาพ)
41980289,ศาลาประชาคม(สังคม)
41980289,รัชดา(รถยนต์)
41980468,รัชดา(รถยนต์)
41980879,บลูแพลนเน็ต(ท่องเที่ยว)
41980879,ไกลบ้าน(ต่างประเทศ)
41983571,สินธร(การลงทุน)
41983571,ดิโอลด์สยาม(ผู้สูงอายุ)
41983571,สวนลุมพินี(สุขภาพ)
41984360,สวนลุมพินี(สุขภาพ)
41986430,สวนลุมพินี(สุขภาพ)
41987555,สวนลุมพินี(สุขภาพ)
41988334,สินธร(การลงทุน)
41991382,สินธร(การลงทุน)
41991382,ศาลาประชาคม(สังคม)
41992288,รัชดา(รถยนต์)
41995688,สินธร(การลงทุน)
41995688,ศาลาประชาคม(สังคม)
41995671,รัชดา(รถยนต์)
41995800,สวนลุมพินี(สุขภาพ)
41995800,ศาลาประชาคม(สังคม)
41995932,สวนลุมพินี(สุขภาพ)
41996183,รัชดา(รถยนต์)
41996183,ศาลาประชาคม(สังคม)
41996411,รัชดา(รถยนต์)
41996411,ศาลาประชาคม(สังคม)
41997041,สวนลุมพินี(สุขภาพ)
41997861,รัชดา(รถยนต์)
41997861,ศาลาประชาคม(สังคม)
42001005,ดิโอลด์สยาม(ผู้สูงอายุ)
42001005,สวนลุมพินี(สุขภาพ)
42001005,สินธร(การลงทุน)
42001823,สวนลุมพินี(สุขภาพ)
42004708,สวนลุมพินี(สุขภาพ)
42004780,บลูแพลนเน็ต(ท่องเที่ยว)
42005117,สวนลุมพินี(สุขภาพ)
42005980,สวนลุมพินี(สุขภาพ)
42005980,ศาลาประชาคม(สังคม)
42007404,สินธร(การลงทุน)
42009308,ศาลาประชาคม(สังคม)
42009308,สวนลุมพินี(สุขภาพ)
42009308,สินธร(การลงทุน)
42014337,สวนลุมพินี(สุขภาพ)
42016690,สวนลุมพินี(สุขภาพ)
42022083,สินธร(การลงทุน)
42022083,ชายคา(ที่อยู่อาศัย)
42023525,สินธร(การลงทุน)
42023679,ศาลาประชาคม(สังคม)
42024939,ศาลาประชาคม(สังคม)
42024939,รัชดา(รถยนต์)
42029556,สวนลุมพินี(สุขภาพ)
42030888,สวนลุมพินี(สุขภาพ)
42030888,รัชดา(รถยนต์)
42031974,ศาลาประชาคม(สังคม)
42031974,สวนลุมพินี(สุขภาพ)
42036067,สินธร(การลงทุน)
42036471,สวนลุมพินี(สุขภาพ)
42037340,สวนลุมพินี(สุขภาพ)
42037340,ศาลาประชาคม(สังคม)
42037431,รัชดา(รถยนต์)
42040709,ศาลาประชาคม(สังคม)
42040709,สินธร(การลงทุน)
42040709,สวนลุมพินี(สุขภาพ)
42041039,สินธร(การลงทุน)
42041039,รัชดา(รถยนต์)
42041419,สวนลุมพินี(สุขภาพ)
42044786,ศาลาประชาคม(สังคม)
42044833,สวนลุมพินี(สุขภาพ)
42045097,ศาลาประชาคม(สังคม)
42045097,บลูแพลนเน็ต(ท่องเที่ยว)
42050361,ศาลาประชาคม(สังคม)
42050361,สวนลุมพินี(สุขภาพ)
42052048,รัชดา(รถยนต์)
42053356,ศาลาประชาคม(สังคม)
42053356,สวนลุมพินี(สุขภาพ)
42054477,รัชดา(รถยนต์)
42055989,รัชดา(รถยนต์)
42056749,รัชดา(รถยนต์)
42057775,สวนลุมพินี(สุขภาพ)
42059891,สวนลุมพินี(สุขภาพ)
42059891,สินธร(การลงทุน)
42061050,สวนลุมพินี(สุขภาพ)
42062097,สวนลุมพินี(สุขภาพ)
42062097,สินธร(การลงทุน)
42062097,ศาลาประชาคม(สังคม)
42064222,รัชดา(รถยนต์)
42064222,ศาลาประชาคม(สังคม)
42065168,ศาลาประชาคม(สังคม)
42066684,สวนลุมพินี(สุขภาพ)
42068194,ศาลาประชาคม(สังคม)
42068194,รัชดา(รถยนต์)
42068271,ศาลาประชาคม(สังคม)
42068433,ศาลาประชาคม(สังคม)
42068433,สวนลุมพินี(สุขภาพ)
42069385,ชายคา(ที่อยู่อาศัย)
42069385,สินธร(การลงทุน)
42070548,สวนลุมพินี(สุขภาพ)
42070548,สินธร(การลงทุน)
42071151,ชานเรือน(ครอบครัว)
42071151,สวนลุมพินี(สุขภาพ)
42071375,สวนลุมพินี(สุขภาพ)
42072717,สวนลุมพินี(สุขภาพ)
42073830,รัชดา(รถยนต์)
42077906,ศาลาประชาคม(สังคม)
42077906,รัชดา(รถยนต์)
42078373,สวนลุมพินี(สุขภาพ)
42078373,ศาลาประชาคม(สังคม)
42079137,สวนลุมพินี(สุขภาพ)
42081457,สวนลุมพินี(สุขภาพ)
42083133,สวนลุมพินี(สุขภาพ)
42084104,ศาลาประชาคม(สังคม)
42087957,สีลม(ธุรกิจ)
42087957,สวนลุมพินี(สุขภาพ)
42089515,สวนลุมพินี(สุขภาพ)
42089515,สินธร(การลงทุน)
42090243,สวนลุมพินี(สุขภาพ)
42090243,ศาลาประชาคม(สังคม)
42091825,ศาลาประชาคม(สังคม)
42091825,สินธร(การลงทุน)
42093338,รัชดา(รถยนต์)
42093468,สวนลุมพินี(สุขภาพ)
42093468,ดิโอลด์สยาม(ผู้สูงอายุ)
42093679,รัชดา(รถยนต์)
42095173,สวนลุมพินี(สุขภาพ)
42096546,รัชดา(รถยนต์)
42097410,สวนลุมพินี(สุขภาพ)
42097410,สินธร(การลงทุน)
42097523,สินธร(การลงทุน)
42099956,ศาลาประชาคม(สังคม)
42099956,สวนลุมพินี(สุขภาพ)
42100386,สวนลุมพินี(สุขภาพ)
42101471,สินธร(การลงทุน)
42102622,สวนลุมพินี(สุขภาพ)
42102622,ศาลาประชาคม(สังคม)
42109454,รัชดา(รถยนต์)
42110025,สวนลุมพินี(สุขภาพ)
42110025,ศาลาประชาคม(สังคม)
42110367,สวนลุมพินี(สุขภาพ)
42110972,สวนลุมพินี(สุขภาพ)
42114718,ศาลาประชาคม(สังคม)
42114718,สินธร(การลงทุน)
42117263,รัชดา(รถยนต์)
42121247,สินธร(การลงทุน)
42121247,ศาลาประชาคม(สังคม)
42121247,สวนลุมพินี(สุขภาพ)
42123443,สินธร(การลงทุน)
42123443,ศาลาประชาคม(สังคม)
42123443,สวนลุมพินี(สุขภาพ)
42123478,ศาลาประชาคม(สังคม)
42124313,สวนลุมพินี(สุขภาพ)
42125028,ศาลาประชาคม(สังคม)
42125711,ชานเรือน(ครอบครัว)
42125711,สวนลุมพินี(สุขภาพ)
42135579,สวนลุมพินี(สุขภาพ)
42135579,ดิโอลด์สยาม(ผู้สูงอายุ)
42135854,สินธร(การลงทุน)
42135854,ศาลาประชาคม(สังคม)
42136513,ศาลาประชาคม(สังคม)
42136513,สวนลุมพินี(สุขภาพ)
42137374,สวนลุมพินี(สุขภาพ)
42137824,สวนลุมพินี(สุขภาพ)
42138857,สวนลุมพินี(สุขภาพ)
42139425,รัชดา(รถยนต์)
42139425,สินธร(การลงทุน)
42141294,สวนลุมพินี(สุขภาพ)
42144766,ชานเรือน(ครอบครัว)
42147945,สวนลุมพินี(สุขภาพ)
42148722,ศาลาประชาคม(สังคม)
42148722,สวนลุมพินี(สุขภาพ)
42148722,ชานเรือน(ครอบครัว)
42149187,รัชดา(รถยนต์)
42150912,สวนลุมพินี(สุขภาพ)
42151649,สวนลุมพินี(สุขภาพ)
42151649,ศาลาประชาคม(สังคม)
42157487,รัชดา(รถยนต์)
42158390,รัชดา(รถยนต์)
42160316,สินธร(การลงทุน)
42160316,ศาลาประชาคม(สังคม)
42161095,สวนลุมพินี(สุขภาพ)
42161095,ศาลาประชาคม(สังคม)
42162601,ศาลาประชาคม(สังคม)
42162601,สินธร(การลงทุน)
42162601,สวนลุมพินี(สุขภาพ)
42164690,รัชดา(รถยนต์)
42167489,สวนลุมพินี(สุขภาพ)
42169732,สวนลุมพินี(สุขภาพ)
42169732,สินธร(การลงทุน)
42169878,รัชดา(รถยนต์)
42171448,ภูมิภาค(ภูมิภาค)
42171448,รัชดา(รถยนต์)
42172172,รัชดา(รถยนต์)
42172709,รัชดา(รถยนต์)
42172739,รัชดา(รถยนต์)
42174194,สินธร(การลงทุน)
42174194,รัชดา(รถยนต์)
42174236,รัชดา(รถยนต์)
42174544,สวนลุมพินี(สุขภาพ)
42174544,ศาลาประชาคม(สังคม)
42175694,สวนลุมพินี(สุขภาพ)
42175694,สีลม(ธุรกิจ)
42176570,สวนลุมพินี(สุขภาพ)
42176570,สินธร(การลงทุน)
42176570,ดิโอลด์สยาม(ผู้สูงอายุ)
42176577,สวนลุมพินี(สุขภาพ)
42176577,สินธร(การลงทุน)
42176577,ศาลาประชาคม(สังคม)
42178285,สวนลุมพินี(สุขภาพ)
42179585,รัชดา(รถยนต์)
42180029,สินธร(การลงทุน)
42180029,ศาลาประชาคม(สังคม)
42180129,ดิโอลด์สยาม(ผู้สูงอายุ)
42180129,ศาลาประชาคม(สังคม)
42180129,สวนลุมพินี(สุขภาพ)
42181473,รัชดา(รถยนต์)
42182763,ศาลาประชาคม(สังคม)
42183444,รัชดา(รถยนต์)
42183444,ศาลาประชาคม(สังคม)
42184837,ศาลาประชาคม(สังคม)
42184837,สวนลุมพินี(สุขภาพ)
42186861,ดิโอลด์สยาม(ผู้สูงอายุ)
42186861,สวนลุมพินี(สุขภาพ)
42190305,ศาลาประชาคม(สังคม)
42190660,สวนลุมพินี(สุขภาพ)
42191904,สวนลุมพินี(สุขภาพ)
42191904,ศาลาประชาคม(สังคม)
42191904,สินธร(การลงทุน)
42193376,สินธร(การลงทุน)
42194034,ศาลาประชาคม(สังคม)
42195687,ศาลาประชาคม(สังคม)
42195687,สวนลุมพินี(สุขภาพ)
42195828,ศาลาประชาคม(สังคม)
42195828,สินธร(การลงทุน)
42195828,สวนลุมพินี(สุขภาพ)
42197004,รัชดา(รถยนต์)
42197004,ศาลาประชาคม(สังคม)
42197004,สวนลุมพินี(สุขภาพ)
42199532,สวนลุมพินี(สุขภาพ)
42199550,รัชดา(รถยนต์)
42203269,สวนลุมพินี(สุขภาพ)
42203269,ศาลาประชาคม(สังคม)
42206442,สวนลุมพินี(สุขภาพ)
42207084,ศาลาประชาคม(สังคม)
42207084,สีลม(ธุรกิจ)
42210322,รัชดา(รถยนต์)
42210322,ศาลาประชาคม(สังคม)
42210322,สวนลุมพินี(สุขภาพ)
42212869,ดิโอลด์สยาม(ผู้สูงอายุ)
42212869,สวนลุมพินี(สุขภาพ)
42213122,สีลม(ธุรกิจ)
42216220,สวนลุมพินี(สุขภาพ)
42216220,ศาลาประชาคม(สังคม)
42217153,ศาลาประชาคม(สังคม)
42217153,สวนลุมพินี(สุขภาพ)
42217533,สวนลุมพินี(สุขภาพ)
42223748,ศาลาประชาคม(สังคม)
42227842,รัชดา(รถยนต์)
42227869,ศาลาประชาคม(สังคม)
42227869,สวนลุมพินี(สุขภาพ)
42228640,สินธร(การลงทุน)
42228640,ศาลาประชาคม(สังคม)
42229647,ชานเรือน(ครอบครัว)
42229647,ศาลาประชาคม(สังคม)
42233366,ศาลาประชาคม(สังคม)
42233366,สวนลุมพินี(สุขภาพ)
42239175,ดิโอลด์สยาม(ผู้สูงอายุ)
42243277,ศาลาประชาคม(สังคม)
42243277,สวนลุมพินี(สุขภาพ)
42243437,ศาลาประชาคม(สังคม)
42244659,สวนลุมพินี(สุขภาพ)
42249037,สวนลุมพินี(สุขภาพ)
42249037,ศาลาประชาคม(สังคม)
42249906,ศาลาประชาคม(สังคม)
42250077,ชายคา(ที่อยู่อาศัย)
42250077,สินธร(การลงทุน)
42253135,ดิโอลด์สยาม(ผู้สูงอายุ)
42253585,สวนลุมพินี(สุขภาพ)
42253589,สินธร(การลงทุน)
42254555,สวนลุมพินี(สุขภาพ)
42257755,ศาลาประชาคม(สังคม)
42257755,รัชดา(รถยนต์)
42260666,ศาลาประชาคม(สังคม)
42261223,บลูแพลนเน็ต(ท่องเที่ยว)
42261223,ศาลาประชาคม(สังคม)
42262731,ศาลาประชาคม(สังคม)
42262997,รัชดา(รถยนต์)
42266919,ศาลาประชาคม(สังคม)
42267902,ศาลาประชาคม(สังคม)
42271087,ศาลาประชาคม(สังคม)
42271126,รัชดา(รถยนต์)
42271585,สวนลุมพินี(สุขภาพ)
42271585,ศาลาประชาคม(สังคม)
42271846,สวนลุมพินี(สุขภาพ)
42272624,สวนลุมพินี(สุขภาพ)
42280709,สวนลุมพินี(สุขภาพ)
42280839,รัชดา(รถยนต์)
42280839,ศาลาประชาคม(สังคม)
42280874,ชานเรือน(ครอบครัว)
42280874,ศาลาประชาคม(สังคม)
42280874,สวนลุมพินี(สุขภาพ)
42281925,รัชดา(รถยนต์)
42281925,สวนลุมพินี(สุขภาพ)
42282102,สวนลุมพินี(สุขภาพ)
42286924,ดิโอลด์สยาม(ผู้สูงอายุ)
42290590,สวนลุมพินี(สุขภาพ)
42290590,ศาลาประชาคม(สังคม)
42290696,สวนลุมพินี(สุขภาพ)
42291344,สวนลุมพินี(สุขภาพ)
42296691,สวนลุมพินี(สุขภาพ)
42297235,รัชดา(รถยนต์)
42297594,สวนลุมพินี(สุขภาพ)
42299716,สวนลุมพินี(สุขภาพ)
42299732,สวนลุมพินี(สุขภาพ)
42299732,ศาลาประชาคม(สังคม)
42299929,สวนลุมพินี(สุขภาพ)
42299929,ศาลาประชาคม(สังคม)
42301249,ศาลาประชาคม(สังคม)
42301249,สวนลุมพินี(สุขภาพ)
42301830,รัชดา(รถยนต์)
42303502,สวนลุมพินี(สุขภาพ)
42304801,สินธร(การลงทุน)
42304801,ศาลาประชาคม(สังคม)
42304801,สวนลุมพินี(สุขภาพ)
42305675,สวนลุมพินี(สุขภาพ)
42306390,สินธร(การลงทุน)
42306390,ชานเรือน(ครอบครัว)
42306390,สีลม(ธุรกิจ)
42310351,รัชดา(รถยนต์)
42311135,สวนลุมพินี(สุขภาพ)
42312453,สวนลุมพินี(สุขภาพ)
42313529,สวนลุมพินี(สุขภาพ)
42315139,ศาลาประชาคม(สังคม)
42315139,รัชดา(รถยนต์)
42315831,สวนลุมพินี(สุขภาพ)
42315831,ศาลาประชาคม(สังคม)
42319248,สวนลุมพินี(สุขภาพ)
42319248,ดิโอลด์สยาม(ผู้สูงอายุ)
42319518,สินธร(การลงทุน)
42320208,สินธร(การลงทุน)
42320208,รัชดา(รถยนต์)
42320967,ศาลาประชาคม(สังคม)
42324833,รัชดา(รถยนต์)
42326683,สวนลุมพินี(สุขภาพ)
42327691,สวนลุมพินี(สุขภาพ)
42328071,สินธร(การลงทุน)
42330160,สวนลุมพินี(สุขภาพ)
42330160,ศาลาประชาคม(สังคม)
42330476,สวนลุมพินี(สุขภาพ)
42333847,ศาลาประชาคม(สังคม)
42333847,รัชดา(รถยนต์)
42340782,สวนลุมพินี(สุขภาพ)
42341709,สีลม(ธุรกิจ)
42341709,ดิโอลด์สยาม(ผู้สูงอายุ)
42341965,สวนลุมพินี(สุขภาพ)
42341965,ดิโอลด์สยาม(ผู้สูงอายุ)
42342271,รัชดา(รถยนต์)
42342888,ศาลาประชาคม(สังคม)
42342888,สวนลุมพินี(สุขภาพ)
42342888,ดิโอลด์สยาม(ผู้สูงอายุ)
42346198,โต๊ะเครื่องแป้ง(ความงาม)
42346198,สวนลุมพินี(สุขภาพ)
42349740,สวนลุมพินี(สุขภาพ)
42350101,สวนลุมพินี(สุขภาพ)
42351317,สินธร(การลงทุน)
42351317,ชายคา(ที่อยู่อาศัย)
42352510,สวนลุมพินี(สุขภาพ)
42354562,ศาลาประชาคม(สังคม)
42354562,สวนลุมพินี(สุขภาพ)
42355598,ศาลาประชาคม(สังคม)
42355653,สวนลุมพินี(สุขภาพ)
42355685,สินธร(การลงทุน)
42355685,รัชดา(รถยนต์)
42356119,รัชดา(รถยนต์)
42360479,รัชดา(รถยนต์)
42360826,รัชดา(รถยนต์)
42361362,ศาลาประชาคม(สังคม)
42361362,รัชดา(รถยนต์)
42363657,ศาลาประชาคม(สังคม)
42363764,สินธร(การลงทุน)
42363764,สวนลุมพินี(สุขภาพ)
42363764,ศาลาประชาคม(สังคม)
42365666,สวนลุมพินี(สุขภาพ)
42365666,ดิโอลด์สยาม(ผู้สูงอายุ)
42367144,สวนลุมพินี(สุขภาพ)
42369854,สินธร(การลงทุน)
42369854,ศาลาประชาคม(สังคม)
42370652,ชานเรือน(ครอบครัว)
42371039,ศาลาประชาคม(สังคม)
42371514,รัชดา(รถยนต์)
42371647,รัชดา(รถยนต์)
42371857,สวนลุมพินี(สุขภาพ)
42372161,ศาลาประชาคม(สังคม)
42373772,รัชดา(รถยนต์)
42375738,สวนลุมพินี(สุขภาพ)
42375871,รัชดา(รถยนต์)
42376161,ศาลาประชาคม(สังคม)
42376161,รัชดา(รถยนต์)
42376690,สวนลุมพินี(สุขภาพ)
42377372,สินธร(การลงทุน)
42377372,ศาลาประชาคม(สังคม)
42377372,สวนลุมพินี(สุขภาพ)
42381417,สวนลุมพินี(สุขภาพ)
42383607,ศาลาประชาคม(สังคม)
42383607,สวนลุมพินี(สุขภาพ)
42383708,ศาลาประชาคม(สังคม)
42383936,รัชดา(รถยนต์)
42385398,สวนลุมพินี(สุขภาพ)
42386781,สวนลุมพินี(สุขภาพ)
42387566,รัชดา(รถยนต์)
42387566,สินธร(การลงทุน)
42387566,สวนลุมพินี(สุขภาพ)
42390463,สวนลุมพินี(สุขภาพ)
42392234,รัชดา(รถยนต์)
42392920,รัชดา(รถยนต์)
42393715,รัชดา(รถยนต์)
42399782,สวนลุมพินี(สุขภาพ)
42399782,ศาลาประชาคม(สังคม)
42400294,รัชดา(รถยนต์)
42406426,รัชดา(รถยนต์)
42406426,ศาลาประชาคม(สังคม)
42410305,สวนลุมพินี(สุขภาพ)
42410305,สินธร(การลงทุน)
42411499,รัชดา(รถยนต์)
42411499,ศาลาประชาคม(สังคม)
42415271,สวนลุมพินี(สุขภาพ)
42417934,รัชดา(รถยนต์)
42419034,สินธร(การลงทุน)
42419034,สวนลุมพินี(สุขภาพ)
42423713,รัชดา(รถยนต์)
42423758,รัชดา(รถยนต์)
42424476,สวนลุมพินี(สุขภาพ)
42424476,ดิโอลด์สยาม(ผู้สูงอายุ)
42426853,สวนลุมพินี(สุขภาพ)
42426997,สีลม(ธุรกิจ)
42428120,รัชดา(รถยนต์)
42429184,รัชดา(รถยนต์)
42432573,สวนลุมพินี(สุขภาพ)
42432586,ศาลาประชาคม(สังคม)
42432586,สวนลุมพินี(สุขภาพ)
42434168,สวนลุมพินี(สุขภาพ)
42436459,สวนลุมพินี(สุขภาพ)
42437662,สินธร(การลงทุน)
42437662,ศาลาประชาคม(สังคม)
42437880,สินธร(การลงทุน)
42437880,ศาลาประชาคม(สังคม)
42438941,บลูแพลนเน็ต(ท่องเที่ยว)
42440170,สวนลุมพินี(สุขภาพ)
42440695,สวนลุมพินี(สุขภาพ)
42440695,สินธร(การลงทุน)
42440695,ศาลาประชาคม(สังคม)
42440716,สวนลุมพินี(สุขภาพ)
42440881,ศาลาประชาคม(สังคม)
42442397,สินธร(การลงทุน)
42449116,ศาลาประชาคม(สังคม)
42449116,บลูแพลนเน็ต(ท่องเที่ยว)
42449611,รัชดา(รถยนต์)
42449611,ศาลาประชาคม(สังคม)
42451162,สินธร(การลงทุน)
42451162,สวนลุมพินี(สุขภาพ)
42451688,สินธร(การลงทุน)
42451688,ศาลาประชาคม(สังคม)
42452116,สวนลุมพินี(สุขภาพ)
42452862,สินธร(การลงทุน)
42453267,สวนลุมพินี(สุขภาพ)
42453649,บลูแพลนเน็ต(ท่องเที่ยว)
42460485,ศาลาประชาคม(สังคม)
42460485,สวนลุมพินี(สุขภาพ)
42463009,สวนลุมพินี(สุขภาพ)
42464034,สินธร(การลงทุน)
42464893,สวนลุมพินี(สุขภาพ)
42468097,รัชดา(รถยนต์)
42471523,รัชดา(รถยนต์)
42474274,สวนลุมพินี(สุขภาพ)
42474274,ศาลาประชาคม(สังคม)
42474697,ศาลาประชาคม(สังคม)
42474697,สินธร(การลงทุน)
42475413,สวนลุมพินี(สุขภาพ)
42476416,สวนลุมพินี(สุขภาพ)
42476416,ศาลาประชาคม(สังคม)
42478663,รัชดา(รถยนต์)
42479184,สวนลุมพินี(สุขภาพ)
42479184,ศาลาประชาคม(สังคม)
42479831,ศาลาประชาคม(สังคม)
42479831,สวนลุมพินี(สุขภาพ)
42481947,ศาลาประชาคม(สังคม)
42481947,รัชดา(รถยนต์)
42481947,สินธร(การลงทุน)
42482284,ศาลาประชาคม(สังคม)
42483836,สวนลุมพินี(สุขภาพ)
42483836,ศาลาประชาคม(สังคม)
42488672,สวนลุมพินี(สุขภาพ)
42488672,ศาลาประชาคม(สังคม)
42490767,สวนลุมพินี(สุขภาพ)
42491459,สินธร(การลงทุน)
42491865,สวนลุมพินี(สุขภาพ)
42494871,สวนลุมพินี(สุขภาพ)
42497289,รัชดา(รถยนต์)
42500130,ชานเรือน(ครอบครัว)
42504921,สวนลุมพินี(สุขภาพ)
42504921,ไกลบ้าน(ต่างประเทศ)
42506433,ศาลาประชาคม(สังคม)
42506433,สินธร(การลงทุน)
42506433,สวนลุมพินี(สุขภาพ)
42507531,สวนลุมพินี(สุขภาพ)
42508087,ชานเรือน(ครอบครัว)
42508087,สวนลุมพินี(สุขภาพ)
42508658,ศาลาประชาคม(สังคม)
42514824,สวนลุมพินี(สุขภาพ)
42514824,สินธร(การลงทุน)
42514824,รัชดา(รถยนต์)
42515484,สวนลุมพินี(สุขภาพ)
42515484,ชานเรือน(ครอบครัว)
42515484,ศาลาประชาคม(สังคม)
42516432,สวนลุมพินี(สุขภาพ)
42516432,สินธร(การลงทุน)
42516957,ศาลาประชาคม(สังคม)
42517498,สวนลุมพินี(สุขภาพ)
42518764,รัชดา(รถยนต์)
42519842,สวนลุมพินี(สุขภาพ)
42519842,ศาลาประชาคม(สังคม)
42520754,ศาลาประชาคม(สังคม)
42524371,สินธร(การลงทุน)
42527236,สวนลุมพินี(สุขภาพ)
42527236,รัชดา(รถยนต์)
42527605,ศาลาประชาคม(สังคม)
42527605,สวนลุมพินี(สุขภาพ)
42530329,สวนลุมพินี(สุขภาพ)
42530329,ศาลาประชาคม(สังคม)
42531681,สวนลุมพินี(สุขภาพ)
42531681,ศาลาประชาคม(สังคม)
42532298,สวนลุมพินี(สุขภาพ)
42532298,ชานเรือน(ครอบครัว)
42534289,รัชดา(รถยนต์)
42534457,รัชดา(รถยนต์)
42536943,สินธร(การลงทุน)
42539173,สวนลุมพินี(สุขภาพ)
42543120,สวนลุมพินี(สุขภาพ)
42543628,สินธร(การลงทุน)
42543628,สวนลุมพินี(สุขภาพ)
42545273,ศาลาประชาคม(สังคม)
42545273,รัชดา(รถยนต์)
42545276,รัชดา(รถยนต์)
42546160,สวนลุมพินี(สุขภาพ)
42548769,สินธร(การลงทุน)
42548769,สวนลุมพินี(สุขภาพ)
42549006,สินธร(การลงทุน)
42549006,สวนลุมพินี(สุขภาพ)
42550188,สินธร(การลงทุน)
42550188,ศาลาประชาคม(สังคม)
42557592,สวนลุมพินี(สุขภาพ)
42557592,ศาลาประชาคม(สังคม)
42559110,รัชดา(รถยนต์)
42559552,รัชดา(รถยนต์)
42563841,ศาลาประชาคม(สังคม)
42564728,สวนลุมพินี(สุขภาพ)
42564728,ศาลาประชาคม(สังคม)
42564993,สวนลุมพินี(สุขภาพ)
42564993,ชานเรือน(ครอบครัว)
42565215,สวนลุมพินี(สุขภาพ)
42565358,รัชดา(รถยนต์)
42569235,สวนลุมพินี(สุขภาพ)
42572138,สินธร(การลงทุน)
42573561,สวนลุมพินี(สุขภาพ)
42573561,ศาลาประชาคม(สังคม)
42574190,สวนลุมพินี(สุขภาพ)
42574411,ศาลาประชาคม(สังคม)
42574411,สินธร(การลงทุน)
42575184,สินธร(การลงทุน)
42575184,ศาลาประชาคม(สังคม)
42575184,สวนลุมพินี(สุขภาพ)
42576704,ศาลาประชาคม(สังคม)
42577224,สวนลุมพินี(สุขภาพ)
42586323,สวนลุมพินี(สุขภาพ)
42587684,ศาลาประชาคม(สังคม)
42589691,รัชดา(รถยนต์)
42597265,สินธร(การลงทุน)
42597265,ศาลาประชาคม(สังคม)
42597318,สวนลุมพินี(สุขภาพ)
42597451,รัชดา(รถยนต์)
42599560,ดิโอลด์สยาม(ผู้สูงอายุ)
42599560,สวนลุมพินี(สุขภาพ)
42599560,ศาลาประชาคม(สังคม)
42601082,ศาลาประชาคม(สังคม)
42603216,สวนลุมพินี(สุขภาพ)
42603216,ศาลาประชาคม(สังคม)
42603216,ดิโอลด์สยาม(ผู้สูงอายุ)
42603752,ศาลาประชาคม(สังคม)
42606879,ศาลาประชาคม(สังคม)
42606879,สวนลุมพินี(สุขภาพ)
42609980,สวนลุมพินี(สุขภาพ)
42609980,ศาลาประชาคม(สังคม)
42616637,สวนลุมพินี(สุขภาพ)
42617898,รัชดา(รถยนต์)
42618466,สวนลุมพินี(สุขภาพ)
42619263,ศาลาประชาคม(สังคม)
42626812,สวนลุมพินี(สุขภาพ)
42627853,สวนลุมพินี(สุขภาพ)
42627853,ชานเรือน(ครอบครัว)
42634067,สวนลุมพินี(สุขภาพ)
42634067,สินธร(การลงทุน)
42634067,ศาลาประชาคม(สังคม)
42634201,รัชดา(รถยนต์)
42634201,สินธร(การลงทุน)
42638362,สวนลุมพินี(สุขภาพ)
42638362,ชานเรือน(ครอบครัว)
42638362,ศาลาประชาคม(สังคม)
42639475,สวนลุมพินี(สุขภาพ)
42639490,รัชดา(รถยนต์)
42639836,สินธร(การลงทุน)
42639836,ศาลาประชาคม(สังคม)
42643584,รัชดา(รถยนต์)
42645941,รัชดา(รถยนต์)
42652395,สวนลุมพินี(สุขภาพ)
42652395,ชานเรือน(ครอบครัว)
42652395,สีลม(ธุรกิจ)
42660160,ดิโอลด์สยาม(ผู้สูงอายุ)
42665678,สวนลุมพินี(สุขภาพ)
42670569,สวนลุมพินี(สุขภาพ)
42670569,ศาลาประชาคม(สังคม)
42671613,สวนลุมพินี(สุขภาพ)
42673675,ศาลาประชาคม(สังคม)
42673675,สวนลุมพินี(สุขภาพ)
42673675,สินธร(การลงทุน)
42677602,สินธร(การลงทุน)
42677602,สวนลุมพินี(สุขภาพ)
42677602,ศาลาประชาคม(สังคม)
42679710,ชานเรือน(ครอบครัว)
42679710,สวนลุมพินี(สุขภาพ)
42682937,รัชดา(รถยนต์)
42684045,สวนลุมพินี(สุขภาพ)
42684045,ศาลาประชาคม(สังคม)
42684081,สวนลุมพินี(สุขภาพ)
42685046,ศาลาประชาคม(สังคม)
42685046,สวนลุมพินี(สุขภาพ)
42685189,สวนลุมพินี(สุขภาพ)
42685189,ศาลาประชาคม(สังคม)
42685351,ศาลาประชาคม(สังคม)
42685351,สวนลุมพินี(สุขภาพ)
42685753,รัชดา(รถยนต์)
42685753,สินธร(การลงทุน)
42689899,รัชดา(รถยนต์)
42691241,สวนลุมพินี(สุขภาพ)
42692008,ศาลาประชาคม(สังคม)
42692008,สวนลุมพินี(สุขภาพ)
42692547,สวนลุมพินี(สุขภาพ)
42692547,ดิโอลด์สยาม(ผู้สูงอายุ)
42693275,รัชดา(รถยนต์)
42695803,สวนลุมพินี(สุขภาพ)
42697307,ศาลาประชาคม(สังคม)
42697307,สวนลุมพินี(สุขภาพ)
42698797,ศาลาประชาคม(สังคม)
42698797,สวนลุมพินี(สุขภาพ)
42701580,รัชดา(รถยนต์)
42702155,สวนลุมพินี(สุขภาพ)
42708519,บลูแพลนเน็ต(ท่องเที่ยว)
42710228,รัชดา(รถยนต์)
42710662,ศาลาประชาคม(สังคม)
42710662,บลูแพลนเน็ต(ท่องเที่ยว)
42711901,ศาลาประชาคม(สังคม)
42711901,สวนลุมพินี(สุขภาพ)
42712100,สวนลุมพินี(สุขภาพ)
42712545,ศาลาประชาคม(สังคม)
42712545,รัชดา(รถยนต์)
42712950,ศาลาประชาคม(สังคม)
42712950,รัชดา(รถยนต์)
42712963,ศาลาประชาคม(สังคม)
42713194,สินธร(การลงทุน)
42713194,รัชดา(รถยนต์)
42717891,รัชดา(รถยนต์)
42717891,สินธร(การลงทุน)
42722231,สวนลุมพินี(สุขภาพ)
42722392,ศาลาประชาคม(สังคม)
42724115,สวนลุมพินี(สุขภาพ)
42725575,สวนลุมพินี(สุขภาพ)
42725704,สวนลุมพินี(สุขภาพ)
42727708,สวนลุมพินี(สุขภาพ)
42728648,รัชดา(รถยนต์)
42730527,สวนลุมพินี(สุขภาพ)
42732349,ศาลาประชาคม(สังคม)
42732349,สวนลุมพินี(สุขภาพ)
42732976,สวนลุมพินี(สุขภาพ)
42732976,สินธร(การลงทุน)
42732976,ศาลาประชาคม(สังคม)
42734190,ชานเรือน(ครอบครัว)
42734190,ศาลาประชาคม(สังคม)
42734190,สวนลุมพินี(สุขภาพ)
42737431,ศาลาประชาคม(สังคม)
42737431,สวนลุมพินี(สุขภาพ)
42740719,สวนลุมพินี(สุขภาพ)
42740719,ศาลาประชาคม(สังคม)
42741616,สวนลุมพินี(สุขภาพ)
42741616,สินธร(การลงทุน)
42741616,ศาลาประชาคม(สังคม)
42741946,สินธร(การลงทุน)
42741946,สวนลุมพินี(สุขภาพ)
42746481,ศาลาประชาคม(สังคม)
42753081,ศาลาประชาคม(สังคม)
42753081,สวนลุมพินี(สุขภาพ)
42756698,สวนลุมพินี(สุขภาพ)
42756698,ศาลาประชาคม(สังคม)
42758720,ศาลาประชาคม(สังคม)
42764888,สวนลุมพินี(สุขภาพ)
42770205,ชานเรือน(ครอบครัว)
42770967,ศาลาประชาคม(สังคม)
42770967,สวนลุมพินี(สุขภาพ)
42771369,รัชดา(รถยนต์)
42773408,สินธร(การลงทุน)
42776083,รัชดา(รถยนต์)
42776679,ศาลาประชาคม(สังคม)
42776679,รัชดา(รถยนต์)
42780357,รัชดา(รถยนต์)
42783453,สวนลุมพินี(สุขภาพ)
42783453,ศาลาประชาคม(สังคม)
42788674,รัชดา(รถยนต์)
42791041,ชานเรือน(ครอบครัว)
42791041,สวนลุมพินี(สุขภาพ)
42793487,รัชดา(รถยนต์)
42797188,สวนลุมพินี(สุขภาพ)
42798710,สวนลุมพินี(สุขภาพ)
42801158,สินธร(การลงทุน)
42801543,สวนลุมพินี(สุขภาพ)
42801543,ศาลาประชาคม(สังคม)
42803077,สินธร(การลงทุน)
42803832,สวนลุมพินี(สุขภาพ)
42803832,ชานเรือน(ครอบครัว)
42809643,รัชดา(รถยนต์)
42809662,ศาลาประชาคม(สังคม)
42809662,สินธร(การลงทุน)
42811716,ศาลาประชาคม(สังคม)
42812214,สวนลุมพินี(สุขภาพ)
42813787,รัชดา(รถยนต์)
42815155,สวนลุมพินี(สุขภาพ)
42817118,รัชดา(รถยนต์)
42819116,สวนลุมพินี(สุขภาพ)
42819116,ศาลาประชาคม(สังคม)
42820859,สวนลุมพินี(สุขภาพ)
42823638,รัชดา(รถยนต์)
42824196,รัชดา(รถยนต์)
42824196,ศาลาประชาคม(สังคม)
42824196,สินธร(การลงทุน)
42824552,รัชดา(รถยนต์)
42824552,ศาลาประชาคม(สังคม)
42826319,สวนลุมพินี(สุขภาพ)
42831011,สวนลุมพินี(สุขภาพ)
42831099,สินธร(การลงทุน)
42831977,ศาลาประชาคม(สังคม)
42834653,ศาลาประชาคม(สังคม)
42839016,บลูแพลนเน็ต(ท่องเที่ยว)
42839060,สินธร(การลงทุน)
42839060,รัชดา(รถยนต์)
42839969,ศาลาประชาคม(สังคม)
42840605,สวนลุมพินี(สุขภาพ)
42840987,สวนลุมพินี(สุขภาพ)
42840987,สินธร(การลงทุน)
42843301,สวนลุมพินี(สุขภาพ)
42843301,ชานเรือน(ครอบครัว)
42843582,บลูแพลนเน็ต(ท่องเที่ยว)
42844078,สวนลุมพินี(สุขภาพ)
42844078,ศาลาประชาคม(สังคม)
42846169,สวนลุมพินี(สุขภาพ)
42849253,ศาลาประชาคม(สังคม)
42849633,ศาลาประชาคม(สังคม)
42849633,รัชดา(รถยนต์)
42849803,ศาลาประชาคม(สังคม)
42851573,ศาลาประชาคม(สังคม)
42851573,สีลม(ธุรกิจ)
42851580,สีลม(ธุรกิจ)
42851580,สวนลุมพินี(สุขภาพ)
42851580,ศาลาประชาคม(สังคม)
42853885,สวนลุมพินี(สุขภาพ)
42854741,ชานเรือน(ครอบครัว)
42854741,ศาลาประชาคม(สังคม)
42854741,สวนลุมพินี(สุขภาพ)
42858677,สวนลุมพินี(สุขภาพ)
42858677,ศาลาประชาคม(สังคม)
42858761,รัชดา(รถยนต์)
42860581,สวนลุมพินี(สุขภาพ)
42860581,ศาลาประชาคม(สังคม)
42862854,ศาลาประชาคม(สังคม)
42863404,สวนลุมพินี(สุขภาพ)
42863708,สวนลุมพินี(สุขภาพ)
42867094,สินธร(การลงทุน)
42867094,ศาลาประชาคม(สังคม)
42867100,สวนลุมพินี(สุขภาพ)
42872953,สวนลุมพินี(สุขภาพ)
42875593,รัชดา(รถยนต์)
42876465,สวนลุมพินี(สุขภาพ)
42876465,ศาลาประชาคม(สังคม)
42876465,สินธร(การลงทุน)
42877765,รัชดา(รถยนต์)
42878864,สวนลุมพินี(สุขภาพ)
42878864,ศาลาประชาคม(สังคม)
42879603,สวนลุมพินี(สุขภาพ)
42879603,ศาลาประชาคม(สังคม)
42882748,สวนลุมพินี(สุขภาพ)
42885573,สวนลุมพินี(สุขภาพ)
42888845,สวนลุมพินี(สุขภาพ)
42888845,สีลม(ธุรกิจ)
42889372,รัชดา(รถยนต์)
42890377,รัชดา(รถยนต์)
42894496,สวนลุมพินี(สุขภาพ)
42894496,ศาลาประชาคม(สังคม)
42895203,สินธร(การลงทุน)
42895203,รัชดา(รถยนต์)
42895398,รัชดา(รถยนต์)
42895401,สินธร(การลงทุน)
42895401,ศาลาประชาคม(สังคม)
42899519,สวนลุมพินี(สุขภาพ)
42900932,รัชดา(รถยนต์)
42903158,สวนลุมพินี(สุขภาพ)
42903158,ดิโอลด์สยาม(ผู้สูงอายุ)
42904168,รัชดา(รถยนต์)
42904827,สินธร(การลงทุน)
42904827,ศาลาประชาคม(สังคม)
42904945,สวนลุมพินี(สุขภาพ)
42904945,ศาลาประชาคม(สังคม)
42905179,รัชดา(รถยนต์)
42905745,สวนลุมพินี(สุขภาพ)
42906675,ศาลาประชาคม(สังคม)
42906675,สวนลุมพินี(สุขภาพ)
42911299,รัชดา(รถยนต์)
42914838,สวนลุมพินี(สุขภาพ)
42914838,ศาลาประชาคม(สังคม)
42915042,สวนลุมพินี(สุขภาพ)
42915042,ศาลาประชาคม(สังคม)
42916460,บลูแพลนเน็ต(ท่องเที่ยว)
42916460,ศาลาประชาคม(สังคม)
42916460,สวนลุมพินี(สุขภาพ)
42918233,รัชดา(รถยนต์)
42918574,สวนลุมพินี(สุขภาพ)
42918682,สวนลุมพินี(สุขภาพ)
42918966,สวนลุมพินี(สุขภาพ)
42918966,ศาลาประชาคม(สังคม)
42919337,สวนลุมพินี(สุขภาพ)
42920420,สวนลุมพินี(สุขภาพ)
42920420,ศาลาประชาคม(สังคม)
42920874,ศาลาประชาคม(สังคม)
42920877,รัชดา(รถยนต์)
42921893,สวนลุมพินี(สุขภาพ)
42921893,ดิโอลด์สยาม(ผู้สูงอายุ)
42924534,สวนลุมพินี(สุขภาพ)
42924892,ศาลาประชาคม(สังคม)
42924929,สีลม(ธุรกิจ)
42924929,สวนลุมพินี(สุขภาพ)
42924929,ศาลาประชาคม(สังคม)
42925931,สินธร(การลงทุน)
42925931,สวนลุมพินี(สุขภาพ)
42926202,สวนลุมพินี(สุขภาพ)
42926294,สวนลุมพินี(สุขภาพ)
42926294,ศาลาประชาคม(สังคม)
42926314,รัชดา(รถยนต์)
42926343,สินธร(การลงทุน)
42926343,ศาลาประชาคม(สังคม)
42928564,ศาลาประชาคม(สังคม)
42928949,สวนลุมพินี(สุขภาพ)
42928949,ศาลาประชาคม(สังคม)
42929222,สินธร(การลงทุน)
42929222,ชายคา(ที่อยู่อาศัย)
42929531,สวนลุมพินี(สุขภาพ)
42929531,ชานเรือน(ครอบครัว)
42930302,สวนลุมพินี(สุขภาพ)
42934151,สวนลุมพินี(สุขภาพ)
42934151,ศาลาประชาคม(สังคม)
42937731,สวนลุมพินี(สุขภาพ)
42940861,ชานเรือน(ครอบครัว)
42940861,สวนลุมพินี(สุขภาพ)
42941482,รัชดา(รถยนต์)
42941581,ศาลาประชาคม(สังคม)
42941581,สวนลุมพินี(สุขภาพ)
42943237,สวนลุมพินี(สุขภาพ)
42943261,รัชดา(รถยนต์)
42944039,ศาลาประชาคม(สังคม)
42944039,สวนลุมพินี(สุขภาพ)
42945055,ศาลาประชาคม(สังคม)
42946217,รัชดา(รถยนต์)
42946217,ศาลาประชาคม(สังคม)
42947170,สินธร(การลงทุน)
42947170,รัชดา(รถยนต์)
42949921,สีลม(ธุรกิจ)
42955224,รัชดา(รถยนต์)
42955224,ศาลาประชาคม(สังคม)
42955575,สินธร(การลงทุน)
42955575,ศาลาประชาคม(สังคม)
42955947,สวนลุมพินี(สุขภาพ)
42957340,สวนลุมพินี(สุขภาพ)
42959510,สวนลุมพินี(สุขภาพ)
42959634,สวนลุมพินี(สุขภาพ)
42959634,ศาลาประชาคม(สังคม)
42959858,สินธร(การลงทุน)
42959858,สวนลุมพินี(สุขภาพ)
42959858,ศาลาประชาคม(สังคม)
42960431,ดิโอลด์สยาม(ผู้สูงอายุ)
42960985,สวนลุมพินี(สุขภาพ)
42960990,สวนลุมพินี(สุขภาพ)
42960990,ชานเรือน(ครอบครัว)
42962510,ดิโอลด์สยาม(ผู้สูงอายุ)
42962510,สวนลุมพินี(สุขภาพ)
42963679,สวนลุมพินี(สุขภาพ)
42963679,ชานเรือน(ครอบครัว)
42966662,สวนลุมพินี(สุขภาพ)
42967323,ชานเรือน(ครอบครัว)
42969073,สินธร(การลงทุน)
42969073,ศาลาประชาคม(สังคม)
42971334,รัชดา(รถยนต์)
42973160,รัชดา(รถยนต์)
42974922,รัชดา(รถยนต์)
42975087,ชายคา(ที่อยู่อาศัย)
42975087,สินธร(การลงทุน)
42978215,สวนลุมพินี(สุขภาพ)
42978215,ศาลาประชาคม(สังคม)
42983528,รัชดา(รถยนต์)
42984183,บลูแพลนเน็ต(ท่องเที่ยว)
42986768,ศาลาประชาคม(สังคม)
42986768,สวนลุมพินี(สุขภาพ)
42988284,สวนลุมพินี(สุขภาพ)
42988342,ศาลาประชาคม(สังคม)
42988342,สวนลุมพินี(สุขภาพ)
42989467,สวนลุมพินี(สุขภาพ)
42989467,สินธร(การลงทุน)
42990065,สวนลุมพินี(สุขภาพ)
42993920,สินธร(การลงทุน)
42994338,ศาลาประชาคม(สังคม)
42994338,สวนลุมพินี(สุขภาพ)
42994525,สีลม(ธุรกิจ)
42994525,สวนลุมพินี(สุขภาพ)
42999957,รัชดา(รถยนต์)
43001411,สวนลุมพินี(สุขภาพ)
43003836,ศาลาประชาคม(สังคม)
43003836,สวนลุมพินี(สุขภาพ)
43004602,ศาลาประชาคม(สังคม)
43004602,รัชดา(รถยนต์)
43013670,สวนลุมพินี(สุขภาพ)
43013670,สินธร(การลงทุน)
43013755,ศาลาประชาคม(สังคม)
43013755,สินธร(การลงทุน)
43016858,ศาลาประชาคม(สังคม)
43016858,รัชดา(รถยนต์)
43020381,ศาลาประชาคม(สังคม)
43023841,สวนลุมพินี(สุขภาพ)
43023841,ศาลาประชาคม(สังคม)
43024381,สวนลุมพินี(สุขภาพ)
43025268,สวนลุมพินี(สุขภาพ)
43028827,รัชดา(รถยนต์)
43031542,สินธร(การลงทุน)
43031542,สวนลุมพินี(สุขภาพ)
43032583,ศาลาประชาคม(สังคม)
43034751,ศาลาประชาคม(สังคม)
43034889,ศาลาประชาคม(สังคม)
43034889,สวนลุมพินี(สุขภาพ)
43036153,รัชดา(รถยนต์)
43037233,สินธร(การลงทุน)
43037233,สวนลุมพินี(สุขภาพ)
43039081,สินธร(การลงทุน)
43039081,สีลม(ธุรกิจ)
43039081,สวนลุมพินี(สุขภาพ)
43040655,สวนลุมพินี(สุขภาพ)
43043499,รัชดา(รถยนต์)
43044586,สินธร(การลงทุน)
43045381,สวนลุมพินี(สุขภาพ)
43045381,ศาลาประชาคม(สังคม)
43045575,ศาลาประชาคม(สังคม)
43045575,สวนลุมพินี(สุขภาพ)
43045900,ชานเรือน(ครอบครัว)
43045900,สวนลุมพินี(สุขภาพ)
43047029,สวนลุมพินี(สุขภาพ)
43047029,ศาลาประชาคม(สังคม)
43047694,สวนลุมพินี(สุขภาพ)
43047694,สีลม(ธุรกิจ)
43047694,ศาลาประชาคม(สังคม)
43049754,สวนลุมพินี(สุขภาพ)
43049754,ศาลาประชาคม(สังคม)
43050278,สวนลุมพินี(สุขภาพ)
43050278,ศาลาประชาคม(สังคม)
43051074,รัชดา(รถยนต์)
43051493,ศาลาประชาคม(สังคม)
43051493,สวนลุมพินี(สุขภาพ)
43051499,รัชดา(รถยนต์)
43051527,ศาลาประชาคม(สังคม)
43051527,สวนลุมพินี(สุขภาพ)
43051906,สีลม(ธุรกิจ)
43051906,สินธร(การลงทุน)
43051906,รัชดา(รถยนต์)
43052280,ศาลาประชาคม(สังคม)
43052280,สวนลุมพินี(สุขภาพ)
43053042,รัชดา(รถยนต์)
43053154,สวนลุมพินี(สุขภาพ)
43053154,ศาลาประชาคม(สังคม)
43053197,รัชดา(รถยนต์)
43053975,ชานเรือน(ครอบครัว)
43053975,ศาลาประชาคม(สังคม)
43054648,รัชดา(รถยนต์)
43054648,ศาลาประชาคม(สังคม)
43055281,ศาลาประชาคม(สังคม)
43055281,รัชดา(รถยนต์)
43057277,สวนลุมพินี(สุขภาพ)
43057496,รัชดา(รถยนต์)
43058269,ศาลาประชาคม(สังคม)
43058269,สวนลุมพินี(สุขภาพ)
43059559,ชานเรือน(ครอบครัว)
43059559,สวนลุมพินี(สุขภาพ)
43059710,สวนลุมพินี(สุขภาพ)
43059710,สินธร(การลงทุน)
43060927,สวนลุมพินี(สุขภาพ)
43061113,สวนลุมพินี(สุขภาพ)
43061622,รัชดา(รถยนต์)
43061742,สวนลุมพินี(สุขภาพ)
43064431,รัชดา(รถยนต์)
43066456,ศาลาประชาคม(สังคม)
43066456,สวนลุมพินี(สุขภาพ)
43066520,สวนลุมพินี(สุขภาพ)
43066774,ศาลาประชาคม(สังคม)
43068226,ศาลาประชาคม(สังคม)
43068226,สวนลุมพินี(สุขภาพ)
43069223,สินธร(การลงทุน)
43069223,สวนลุมพินี(สุขภาพ)
43072029,สวนลุมพินี(สุขภาพ)
43072737,สวนลุมพินี(สุขภาพ)
43072737,ศาลาประชาคม(สังคม)
43072737,สินธร(การลงทุน)
43072913,สวนลุมพินี(สุขภาพ)
43075527,สวนลุมพินี(สุขภาพ)
43075945,รัชดา(รถยนต์)
43078711,สวนลุมพินี(สุขภาพ)
43078896,รัชดา(รถยนต์)
43079556,สวนลุมพินี(สุขภาพ)
43079779,สวนลุมพินี(สุขภาพ)
43080586,สินธร(การลงทุน)
43081256,สีลม(ธุรกิจ)
43081256,สวนลุมพินี(สุขภาพ)
43083838,ศาลาประชาคม(สังคม)
43084659,สวนลุมพินี(สุขภาพ)
43084659,ศาลาประชาคม(สังคม)
43085661,สินธร(การลงทุน)
43087128,สวนลุมพินี(สุขภาพ)
43089458,สวนลุมพินี(สุขภาพ)
43089458,ศาลาประชาคม(สังคม)
43092878,ศาลาประชาคม(สังคม)
43092878,สวนลุมพินี(สุขภาพ)
43093136,สินธร(การลงทุน)
43093136,สวนลุมพินี(สุขภาพ)
43093136,ศาลาประชาคม(สังคม)
43093170,รัชดา(รถยนต์)
43093170,ศาลาประชาคม(สังคม)
43095923,สวนลุมพินี(สุขภาพ)
43097160,ศาลาประชาคม(สังคม)
43097160,รัชดา(รถยนต์)
43097681,สวนลุมพินี(สุขภาพ)
43099334,ศาลาประชาคม(สังคม)
43104638,ศาลาประชาคม(สังคม)
43104638,สินธร(การลงทุน)
43104638,สีลม(ธุรกิจ)
43105377,สวนลุมพินี(สุขภาพ)
43105793,สวนลุมพินี(สุขภาพ)
43108355,ศาลาประชาคม(สังคม)
43108355,รัชดา(รถยนต์)
43108513,สินธร(การลงทุน)
43108513,สีลม(ธุรกิจ)
43108513,สวนลุมพินี(สุขภาพ)
43109049,สวนลุมพินี(สุขภาพ)
43113054,สินธร(การลงทุน)
43117911,ศาลาประชาคม(สังคม)
43117911,บลูแพลนเน็ต(ท่องเที่ยว)
43118337,สวนลุมพินี(สุขภาพ)
43120154,รัชดา(รถยนต์)
43120154,ศาลาประชาคม(สังคม)
43121553,สวนลุมพินี(สุขภาพ)
43124940,ศาลาประชาคม(สังคม)
43124940,สวนลุมพินี(สุขภาพ)
43126294,สวนลุมพินี(สุขภาพ)
43126375,สวนลุมพินี(สุขภาพ)
43126375,ศาลาประชาคม(สังคม)
43128086,รัชดา(รถยนต์)
43128086,ศาลาประชาคม(สังคม)
43128150,สินธร(การลงทุน)
43128150,ศาลาประชาคม(สังคม)
43129747,ศาลาประชาคม(สังคม)
43131032,รัชดา(รถยนต์)
43131263,ดิโอลด์สยาม(ผู้สูงอายุ)
43131263,สวนลุมพินี(สุขภาพ)
43132014,สวนลุมพินี(สุขภาพ)
43135463,สินธร(การลงทุน)
43135463,ศาลาประชาคม(สังคม)
43136603,ศาลาประชาคม(สังคม)
43136603,สวนลุมพินี(สุขภาพ)
43137634,สวนลุมพินี(สุขภาพ)
43138796,สินธร(การลงทุน)
43139633,สินธร(การลงทุน)
43139633,สวนลุมพินี(สุขภาพ)
43141372,รัชดา(รถยนต์)
43144366,สวนลุมพินี(สุขภาพ)
43147079,ศาลาประชาคม(สังคม)
43147079,สินธร(การลงทุน)
43148209,รัชดา(รถยนต์)
43148850,สวนลุมพินี(สุขภาพ)
43148850,ศาลาประชาคม(สังคม)
43149646,สวนลุมพินี(สุขภาพ)
43150224,สินธร(การลงทุน)
43150224,ศาลาประชาคม(สังคม)
43151283,ศาลาประชาคม(สังคม)
43151534,สวนลุมพินี(สุขภาพ)
43151534,ศาลาประชาคม(สังคม)
43153691,สินธร(การลงทุน)
43153691,สวนลุมพินี(สุขภาพ)
43153691,ศาลาประชาคม(สังคม)
43156837,ศาลาประชาคม(สังคม)
43156837,สวนลุมพินี(สุขภาพ)
43157572,สวนลุมพินี(สุขภาพ)
43160461,ศาลาประชาคม(สังคม)
43160461,สวนลุมพินี(สุขภาพ)
43161155,สินธร(การลงทุน)
43161155,ศาลาประชาคม(สังคม)
43161596,รัชดา(รถยนต์)
43161653,สวนลุมพินี(สุขภาพ)
43162805,ศาลาประชาคม(สังคม)
43164506,ชานเรือน(ครอบครัว)
43164506,สวนลุมพินี(สุขภาพ)
43164943,สินธร(การลงทุน)
43164943,สวนลุมพินี(สุขภาพ)
43165004,สวนลุมพินี(สุขภาพ)
43168169,สวนลุมพินี(สุขภาพ)
43168169,ศาลาประชาคม(สังคม)
43169875,ศาลาประชาคม(สังคม)
43172944,ดิโอลด์สยาม(ผู้สูงอายุ)
43172944,ศาลาประชาคม(สังคม)
43176944,ชายคา(ที่อยู่อาศัย)
43176944,สินธร(การลงทุน)
43178432,สวนลุมพินี(สุขภาพ)
43179366,รัชดา(รถยนต์)
43179366,ศาลาประชาคม(สังคม)
43184971,รัชดา(รถยนต์)
43186019,สวนลุมพินี(สุขภาพ)
43186516,ศาลาประชาคม(สังคม)
43186914,สวนลุมพินี(สุขภาพ)
43187058,รัชดา(รถยนต์)
43187532,ศาลาประชาคม(สังคม)
43187532,สวนลุมพินี(สุขภาพ)
43193579,ศาลาประชาคม(สังคม)
43194977,รัชดา(รถยนต์)
43199030,รัชดา(รถยนต์)
43199183,สวนลุมพินี(สุขภาพ)
43199183,สินธร(การลงทุน)
43202743,รัชดา(รถยนต์)
43202759,สินธร(การลงทุน)
43202759,สวนลุมพินี(สุขภาพ)
43204289,ศาลาประชาคม(สังคม)
43205360,รัชดา(รถยนต์)
43205360,ศาลาประชาคม(สังคม)
43208413,รัชดา(รถยนต์)
43214627,ศาลาประชาคม(สังคม)
43214627,สวนลุมพินี(สุขภาพ)
43215909,สินธร(การลงทุน)
43222763,ศาลาประชาคม(สังคม)
43222763,สวนลุมพินี(สุขภาพ)
43225193,สินธร(การลงทุน)
43225193,ศาลาประชาคม(สังคม)
43225193,สวนลุมพินี(สุขภาพ)
43225329,รัชดา(รถยนต์)
43225638,รัชดา(รถยนต์)
43227722,สวนลุมพินี(สุขภาพ)
43227722,ศาลาประชาคม(สังคม)
43229615,ศาลาประชาคม(สังคม)
43229615,รัชดา(รถยนต์)
43238644,รัชดา(รถยนต์)
43238948,ศาลาประชาคม(สังคม)
43238948,ชายคา(ที่อยู่อาศัย)
43238998,สวนลุมพินี(สุขภาพ)
43239182,ศาลาประชาคม(สังคม)
43239589,รัชดา(รถยนต์)
43240646,สวนลุมพินี(สุขภาพ)
43244260,ศาลาประชาคม(สังคม)
43244260,สินธร(การลงทุน)
43244287,รัชดา(รถยนต์)
43248193,สวนลุมพินี(สุขภาพ)
43248193,สินธร(การลงทุน)
43250816,ศาลาประชาคม(สังคม)
43250816,รัชดา(รถยนต์)
43250880,สวนลุมพินี(สุขภาพ)
43252167,สวนลุมพินี(สุขภาพ)
43252167,สินธร(การลงทุน)
43254571,ชายคา(ที่อยู่อาศัย)
43254571,สินธร(การลงทุน)
43255445,สวนลุมพินี(สุขภาพ)
43255445,ศาลาประชาคม(สังคม)
43257090,ศาลาประชาคม(สังคม)
43257090,สวนลุมพินี(สุขภาพ)
43257295,สวนลุมพินี(สุขภาพ)
43259958,ศาลาประชาคม(สังคม)
43259958,รัชดา(รถยนต์)
43262796,สวนลุมพินี(สุขภาพ)
43264849,สวนลุมพินี(สุขภาพ)
43267970,สีลม(ธุรกิจ)
43267970,ศาลาประชาคม(สังคม)
43271179,สวนลุมพินี(สุขภาพ)
43271392,รัชดา(รถยนต์)
43272202,สวนลุมพินี(สุขภาพ)
43275921,ศาลาประชาคม(สังคม)
43275921,รัชดา(รถยนต์)
43277231,ศาลาประชาคม(สังคม)
43277231,สินธร(การลงทุน)
43278587,สวนลุมพินี(สุขภาพ)
43278665,สินธร(การลงทุน)
43278665,สวนลุมพินี(สุขภาพ)
43279116,ศาลาประชาคม(สังคม)
43279116,รัชดา(รถยนต์)
43279836,สวนลุมพินี(สุขภาพ)
43279836,ศาลาประชาคม(สังคม)
43281926,สวนลุมพินี(สุขภาพ)
43281932,สวนลุมพินี(สุขภาพ)
43282181,สวนลุมพินี(สุขภาพ)
43287357,ศาลาประชาคม(สังคม)
43287634,รัชดา(รถยนต์)
43287634,ศาลาประชาคม(สังคม)
43291182,รัชดา(รถยนต์)
43291307,รัชดา(รถยนต์)
43293863,สวนลุมพินี(สุขภาพ)
43294053,รัชดา(รถยนต์)
43297950,สวนลุมพินี(สุขภาพ)
43297950,สินธร(การลงทุน)
43299505,สวนลุมพินี(สุขภาพ)
43299647,ศาลาประชาคม(สังคม)
43299647,สวนลุมพินี(สุขภาพ)
43306251,สวนลุมพินี(สุขภาพ)
43308617,สินธร(การลงทุน)
43308617,สวนลุมพินี(สุขภาพ)
43309460,ศาลาประชาคม(สังคม)
43309460,สวนลุมพินี(สุขภาพ)
43311835,รัชดา(รถยนต์)
43316704,รัชดา(รถยนต์)
43320463,สวนลุมพินี(สุขภาพ)
43323040,ศาลาประชาคม(สังคม)
43323294,ศาลาประชาคม(สังคม)
43323294,สินธร(การลงทุน)
43330577,สวนลุมพินี(สุขภาพ)
43330577,ชานเรือน(ครอบครัว)
43341437,สวนลุมพินี(สุขภาพ)
43341437,ดิโอลด์สยาม(ผู้สูงอายุ)
43341689,รัชดา(รถยนต์)
43341689,สวนลุมพินี(สุขภาพ)
43341689,สินธร(การลงทุน)
43346645,สินธร(การลงทุน)
43352694,ดิโอลด์สยาม(ผู้สูงอายุ)
43352694,รัชดา(รถยนต์)
43354897,ชายคา(ที่อยู่อาศัย)
43356379,สวนลุมพินี(สุขภาพ)
43363994,รัชดา(รถยนต์)
43363994,ศาลาประชาคม(สังคม)
43364121,สวนลุมพินี(สุขภาพ)
43366069,ศาลาประชาคม(สังคม)
43378053,รัชดา(รถยนต์)
43380270,ศาลาประชาคม(สังคม)
43382629,ชายคา(ที่อยู่อาศัย)
43385780,รัชดา(รถยนต์)
43385780,สินธร(การลงทุน)
43386620,สวนลุมพินี(สุขภาพ)
43386620,สีลม(ธุรกิจ)
43397129,สวนลุมพินี(สุขภาพ)
43397472,สวนลุมพินี(สุขภาพ)
43397472,ศาลาประชาคม(สังคม)
43399207,ดิโอลด์สยาม(ผู้สูงอายุ)
43399207,สวนลุมพินี(สุขภาพ)
43399207,ชานเรือน(ครอบครัว)
43404078,สวนลุมพินี(สุขภาพ)
43406541,สวนลุมพินี(สุขภาพ)
43408192,ศาลาประชาคม(สังคม)
43410347,สวนลุมพินี(สุขภาพ)
43410991,ศาลาประชาคม(สังคม)
43412917,รัชดา(รถยนต์)
43412994,สินธร(การลงทุน)
43412994,รัชดา(รถยนต์)
43415086,สวนลุมพินี(สุขภาพ)
43417809,รัชดา(รถยนต์)
43418049,สวนลุมพินี(สุขภาพ)
43418519,สวนลุมพินี(สุขภาพ)
43425497,สวนลุมพินี(สุขภาพ)
43425497,สินธร(การลงทุน)
43429585,ศาลาประชาคม(สังคม)
43429585,สวนลุมพินี(สุขภาพ)
43434663,ศาลาประชาคม(สังคม)
43438037,สวนลุมพินี(สุขภาพ)
43444878,ศาลาประชาคม(สังคม)
43444878,สวนลุมพินี(สุขภาพ)
43447055,ศาลาประชาคม(สังคม)
43447055,สวนลุมพินี(สุขภาพ)
43447662,บลูแพลนเน็ต(ท่องเที่ยว)
43448523,ศาลาประชาคม(สังคม)
43448523,ชายคา(ที่อยู่อาศัย)
43448869,ศาลาประชาคม(สังคม)
43450528,สินธร(การลงทุน)
43450528,ศาลาประชาคม(สังคม)
43450528,สวนลุมพินี(สุขภาพ)
43450952,ชายคา(ที่อยู่อาศัย)
43450952,ศาลาประชาคม(สังคม)
43450952,สินธร(การลงทุน)
43455344,รัชดา(รถยนต์)
43460735,สินธร(การลงทุน)
43466229,สวนลุมพินี(สุขภาพ)
43467624,รัชดา(รถยนต์)
43472340,สินธร(การลงทุน)
43473477,สวนลุมพินี(สุขภาพ)
43474256,ศาลาประชาคม(สังคม)
43474256,สวนลุมพินี(สุขภาพ)
43480273,ศาลาประชาคม(สังคม)
43480273,สวนลุมพินี(สุขภาพ)
43480893,ศาลาประชาคม(สังคม)
43485337,ศาลาประชาคม(สังคม)
43485337,ชายคา(ที่อยู่อาศัย)
43488551,ศาลาประชาคม(สังคม)
43492572,รัชดา(รถยนต์)
43492572,ศาลาประชาคม(สังคม)
43493141,ศาลาประชาคม(สังคม)
43493141,สวนลุมพินี(สุขภาพ)
43496799,ชายคา(ที่อยู่อาศัย)
43496882,ศาลาประชาคม(สังคม)
43497472,สวนลุมพินี(สุขภาพ)
43497619,สวนลุมพินี(สุขภาพ)
43498767,สวนลุมพินี(สุขภาพ)
43499684,สินธร(การลงทุน)
43499684,สวนลุมพินี(สุขภาพ)
43503584,สวนลุมพินี(สุขภาพ)
43503584,ศาลาประชาคม(สังคม)
43511478,สวนลุมพินี(สุขภาพ)
43511478,ดิโอลด์สยาม(ผู้สูงอายุ)
43511585,ชายคา(ที่อยู่อาศัย)
43511585,ศาลาประชาคม(สังคม)
43511653,รัชดา(รถยนต์)
43515739,สินธร(การลงทุน)
43515739,รัชดา(รถยนต์)
43516196,สินธร(การลงทุน)
43516196,ชายคา(ที่อยู่อาศัย)
43517850,ศาลาประชาคม(สังคม)
43526988,รัชดา(รถยนต์)
43527917,ศาลาประชาคม(สังคม)
43527917,สวนลุมพินี(สุขภาพ)
43532646,สวนลุมพินี(สุขภาพ)
43535241,สวนลุมพินี(สุขภาพ)
43535241,ศาลาประชาคม(สังคม)
43536635,สวนลุมพินี(สุขภาพ)
43539880,สวนลุมพินี(สุขภาพ)
43539880,ศาลาประชาคม(สังคม)
43541300,สวนลุมพินี(สุขภาพ)
43543520,รัชดา(รถยนต์)
43544071,สินธร(การลงทุน)
43544071,สวนลุมพินี(สุขภาพ)
43544071,ศาลาประชาคม(สังคม)
43545783,สวนลุมพินี(สุขภาพ)
43545783,ศาลาประชาคม(สังคม)
43547615,สวนลุมพินี(สุขภาพ)
43548499,ศาลาประชาคม(สังคม)
43549439,สวนลุมพินี(สุขภาพ)
43549439,ศาลาประชาคม(สังคม)
43550264,รัชดา(รถยนต์)
43550377,ศาลาประชาคม(สังคม)
43551214,รัชดา(รถยนต์)
43552364,ชายคา(ที่อยู่อาศัย)
43552957,ศาลาประชาคม(สังคม)
43552957,สวนลุมพินี(สุขภาพ)
43554730,สินธร(การลงทุน)
43554730,ชายคา(ที่อยู่อาศัย)
43554912,สินธร(การลงทุน)
43555630,สวนลุมพินี(สุขภาพ)
43557730,สวนลุมพินี(สุขภาพ)
43559299,ศาลาประชาคม(สังคม)
43559299,สวนลุมพินี(สุขภาพ)
43560286,ศาลาประชาคม(สังคม)
43560286,สวนลุมพินี(สุขภาพ)
43560286,ชานเรือน(ครอบครัว)
43560334,ศาลาประชาคม(สังคม)
43560334,สินธร(การลงทุน)
43561108,สวนลุมพินี(สุขภาพ)
43562088,สวนลุมพินี(สุขภาพ)
43562088,ศาลาประชาคม(สังคม)
43562964,สินธร(การลงทุน)
43562964,สวนลุมพินี(สุขภาพ)
43563758,ศาลาประชาคม(สังคม)
43563758,รัชดา(รถยนต์)
43564917,ศาลาประชาคม(สังคม)
43565167,สวนลุมพินี(สุขภาพ)
43566597,สวนลุมพินี(สุขภาพ)
43566776,รัชดา(รถยนต์)
43566776,สวนลุมพินี(สุขภาพ)
43568247,ศาลาประชาคม(สังคม)
43568247,รัชดา(รถยนต์)
43568247,สินธร(การลงทุน)
43570094,ชายคา(ที่อยู่อาศัย)
43570201,สวนลุมพินี(สุขภาพ)
43570661,ศาลาประชาคม(สังคม)
43572292,ศาลาประชาคม(สังคม)
43572723,ศาลาประชาคม(สังคม)
43573866,ศาลาประชาคม(สังคม)
43574951,รัชดา(รถยนต์)
43575449,ศาลาประชาคม(สังคม)
43575449,สวนลุมพินี(สุขภาพ)
43578117,สวนลุมพินี(สุขภาพ)
43580523,สินธร(การลงทุน)
43580523,ชายคา(ที่อยู่อาศัย)
43581105,ศาลาประชาคม(สังคม)
43581587,ศาลาประชาคม(สังคม)
43581587,สวนลุมพินี(สุขภาพ)
43581714,ศาลาประชาคม(สังคม)
43581714,สวนลุมพินี(สุขภาพ)
43582204,สวนลุมพินี(สุขภาพ)
43582204,ดิโอลด์สยาม(ผู้สูงอายุ)
43582204,ศาลาประชาคม(สังคม)
43582228,รัชดา(รถยนต์)
43582237,สวนลุมพินี(สุขภาพ)
43582237,ศาลาประชาคม(สังคม)
43582769,สวนลุมพินี(สุขภาพ)
43582769,ศาลาประชาคม(สังคม)
43583134,สวนลุมพินี(สุขภาพ)
43583191,ศาลาประชาคม(สังคม)
43583481,สวนลุมพินี(สุขภาพ)
43583600,สีลม(ธุรกิจ)
43583818,รัชดา(รถยนต์)
43584619,ชานเรือน(ครอบครัว)
43584619,สวนลุมพินี(สุขภาพ)
43585779,ศาลาประชาคม(สังคม)
43586185,สวนลุมพินี(สุขภาพ)
43588334,ศาลาประชาคม(สังคม)
43588414,รัชดา(รถยนต์)
43588414,สินธร(การลงทุน)
43590570,ศาลาประชาคม(สังคม)
43590570,สวนลุมพินี(สุขภาพ)
43590570,สินธร(การลงทุน)
43592013,รัชดา(รถยนต์)
43593359,ศาลาประชาคม(สังคม)
43593359,มาบุญครอง(มือถือ)
43593359,สินธร(การลงทุน)
43593891,ศาลาประชาคม(สังคม)
43593891,รัชดา(รถยนต์)
43594889,สินธร(การลงทุน)
43594889,ศาลาประชาคม(สังคม)
43595337,รัชดา(รถยนต์)
43597857,ศาลาประชาคม(สังคม)
43597857,ชายคา(ที่อยู่อาศัย)
43599086,สวนลุมพินี(สุขภาพ)
43599891,สวนลุมพินี(สุขภาพ)
43602042,สวนลุมพินี(สุขภาพ)
43604578,สวนลุมพินี(สุขภาพ)
43609143,ศาลาประชาคม(สังคม)
43609439,สวนลุมพินี(สุขภาพ)
43609630,ศาลาประชาคม(สังคม)
43609747,ศาลาประชาคม(สังคม)
43614844,รัชดา(รถยนต์)
43616503,สวนลุมพินี(สุขภาพ)
43616873,สวนลุมพินี(สุขภาพ)
43618373,สวนลุมพินี(สุขภาพ)
43618615,ศาลาประชาคม(สังคม)
43618773,รัชดา(รถยนต์)
43618950,ศาลาประชาคม(สังคม)
43625454,รัชดา(รถยนต์)
43625513,รัชดา(รถยนต์)
43626907,รัชดา(รถยนต์)
43627009,รัชดา(รถยนต์)
43628652,ศาลาประชาคม(สังคม)
43630218,สวนลุมพินี(สุขภาพ)
43630218,ศาลาประชาคม(สังคม)
43632531,รัชดา(รถยนต์)
43634018,สวนลุมพินี(สุขภาพ)
43634018,ชานเรือน(ครอบครัว)
43634466,สวนลุมพินี(สุขภาพ)
43634466,สินธร(การลงทุน)
43634811,สวนลุมพินี(สุขภาพ)
43635186,ศาลาประชาคม(สังคม)
43635925,สวนลุมพินี(สุขภาพ)
43636031,ชายคา(ที่อยู่อาศัย)
43640167,รัชดา(รถยนต์)
43643127,ศาลาประชาคม(สังคม)
43643127,สินธร(การลงทุน)
43643693,สวนลุมพินี(สุขภาพ)
43643693,สินธร(การลงทุน)
43643739,สวนลุมพินี(สุขภาพ)
43643739,ศาลาประชาคม(สังคม)
43643739,สีลม(ธุรกิจ)
43643909,สวนลุมพินี(สุขภาพ)
43643973,ศาลาประชาคม(สังคม)
43643973,รัชดา(รถยนต์)
43644673,ศาลาประชาคม(สังคม)
43644673,สินธร(การลงทุน)
43646425,สินธร(การลงทุน)
43648245,ศาลาประชาคม(สังคม)
43648245,รัชดา(รถยนต์)
43648686,สวนลุมพินี(สุขภาพ)
43648686,ศาลาประชาคม(สังคม)
43648710,สีลม(ธุรกิจ)
43649966,รัชดา(รถยนต์)
43649966,หว้ากอ(วิทยาศาสตร์)
43651251,สวนลุมพินี(สุขภาพ)
43651747,สวนลุมพินี(สุขภาพ)
43651747,ศาลาประชาคม(สังคม)
43651918,สวนลุมพินี(สุขภาพ)
43651918,ดิโอลด์สยาม(ผู้สูงอายุ)
43652575,สวนลุมพินี(สุขภาพ)
43652575,ศาลาประชาคม(สังคม)
43659461,สวนลุมพินี(สุขภาพ)
43659461,ศาลาประชาคม(สังคม)
43663355,ศาลาประชาคม(สังคม)
43663656,รัชดา(รถยนต์)
43665682,รัชดา(รถยนต์)
43666205,สินธร(การลงทุน)
43666205,รัชดา(รถยนต์)
43666226,สวนลุมพินี(สุขภาพ)
43666226,ศาลาประชาคม(สังคม)
43666983,ศาลาประชาคม(สังคม)
43668832,สินธร(การลงทุน)
43668832,สีลม(ธุรกิจ)
43668832,รัชดา(รถยนต์)
43670007,สวนลุมพินี(สุขภาพ)
43671253,รัชดา(รถยนต์)
43671253,สวนลุมพินี(สุขภาพ)
43671424,สวนลุมพินี(สุขภาพ)
43671424,สินธร(การลงทุน)
43672582,รัชดา(รถยนต์)
43673090,ศาลาประชาคม(สังคม)
43673090,สินธร(การลงทุน)
43673090,สวนลุมพินี(สุขภาพ)
43673093,ศาลาประชาคม(สังคม)
43673122,สวนลุมพินี(สุขภาพ)
43673122,ศาลาประชาคม(สังคม)
43673491,สวนลุมพินี(สุขภาพ)
43673992,สวนลุมพินี(สุขภาพ)
43675596,สวนลุมพินี(สุขภาพ)
43677528,สวนลุมพินี(สุขภาพ)
43677528,ดิโอลด์สยาม(ผู้สูงอายุ)
43679795,สวนลุมพินี(สุขภาพ)
43679795,สีลม(ธุรกิจ)
43682338,สินธร(การลงทุน)
43682338,ศาลาประชาคม(สังคม)
43685408,ศาลาประชาคม(สังคม)
43685408,รัชดา(รถยนต์)
43687059,สวนลุมพินี(สุขภาพ)
43687059,ศาลาประชาคม(สังคม)
43690175,รัชดา(รถยนต์)
43690175,ศาลาประชาคม(สังคม)
43690388,ศาลาประชาคม(สังคม)
43691323,ศาลาประชาคม(สังคม)
43691323,สวนลุมพินี(สุขภาพ)
43691434,รัชดา(รถยนต์)
43691938,ศาลาประชาคม(สังคม)
43691938,รัชดา(รถยนต์)
43693388,รัชดา(รถยนต์)
43693508,รัชดา(รถยนต์)
43694338,สวนลุมพินี(สุขภาพ)
43696280,รัชดา(รถยนต์)
43698223,สวนลุมพินี(สุขภาพ)
43699157,ศาลาประชาคม(สังคม)
43699658,รัชดา(รถยนต์)
43705867,สวนลุมพินี(สุขภาพ)
43706270,สวนลุมพินี(สุขภาพ)
43706270,ศาลาประชาคม(สังคม)
43708929,ศาลาประชาคม(สังคม)
43708929,สวนลุมพินี(สุขภาพ)
43711619,รัชดา(รถยนต์)
