id,tags
30043043,ประกันภัยรถ
30043043,รถยนต์
30043043,อุบัติเหตุบนท้องถนน
30043098,สินเชื่อรถยนต์
30043098,อุบัติเหตุบนท้องถนน
30043098,อู่ซ่อมรถ
30043098,ประกันภัยรถ
30043098,รถยนต์
30049687,ประกันภัยรถ
30049687,กฎหมายชาวบ้าน
30055843,อุบัติเหตุบนท้องถนน
30055843,มอเตอร์ไซค์
30055843,ประกันภัยรถ
30055843,honda (รถยนต์)
30055843,รถยนต์
30081108,ประกันภัยรถ
30089403,อุบัติเหตุบนท้องถนน
30089403,ประกันภัยรถ
30089403,รถยนต์
30089403,honda (รถยนต์)
30095215,ประกันภัยรถ
30102981,ประกันภัยรถ
30102981,กฎหมายชาวบ้าน
30102981,คุ้มครองผู้บริโภค
30123346,ประกันภัยรถ
30124841,ประกันภัยรถ
30124841,อุบัติเหตุบนท้องถนน
30124841,อู่ซ่อมรถ
30124841,toyota
30125668,ประกันสุขภาพ
30125983,ประกันภัยรถ
30125983,รถยนต์
30125983,อู่ซ่อมรถ
30125983,อะไหล่รถ
30134871,ประกันภัยรถ
30163990,ประกันภัยรถ
30163990,มอเตอร์ไซค์
30168920,ปัญหาชีวิต
30168920,ประกันภัยรถ
30168920,รถยนต์
30168920,อุบัติเหตุบนท้องถนน
30183302,อุบัติเหตุบนท้องถนน
30183302,ประกันภัยรถ
30183302,รถยนต์ไฮบริด
30183302,รถกระบะ
30183302,รถยนต์
30190568,ประกันภัยรถ
30190568,รถยนต์
30191812,อู่ซ่อมรถ
30191812,ประกันภัยรถ
30191812,รถกระบะ
30191812,mazda
30191812,รถยนต์
30198542,ประกันสุขภาพ
30210077,ประกันภัยรถ
30211343,ประกันภัยรถ
30216660,ประกันภัยรถ
30216660,อุบัติเหตุบนท้องถนน
30217636,ประกันภัยรถ
30217636,รถยนต์
30217636,อุบัติเหตุบนท้องถนน
30217941,ประกันภัยรถ
30217941,รถยนต์
30219146,ประกันสุขภาพ
30220162,ประกันภัยรถ
30220162,อุบัติเหตุบนท้องถนน
30220162,อู่ซ่อมรถ
30220162,คุ้มครองผู้บริโภค
30222377,ประกันภัยรถ
30222377,รถยนต์
30222377,ใบขับขี่
30241507,ประกันภัยรถ
30242343,ประกันภัยรถ
30242343,อู่ซ่อมรถ
30288943,ประกันภัยรถ
30307093,การออมเงิน
30307093,ประกันสุขภาพ
30307846,ประกันภัยรถ
30313188,ประกันภัยรถ
30313188,อุบัติเหตุบนท้องถนน
30313188,อู่ซ่อมรถ
30313188,อะไหล่รถ
30319241,ประกันภัยรถ
30319241,อุบัติเหตุบนท้องถนน
30324287,ประกันภัยรถ
30329609,ประกันภัยรถ
30329609,mitsubishi (รถยนต์)
30329609,อู่ซ่อมรถ
30329609,อะไหล่รถ
30353942,honda (รถยนต์)
30353942,ประกันภัยรถ
30355254,ธนาคารไทยพาณิชย์
30355254,ประกันสุขภาพ
30355423,ประกันภัยรถ
30355423,สินเชื่อรถยนต์
30355423,honda (รถยนต์)
30367867,ประกันสุขภาพ
30387784,ประกันภัยรถ
30398955,การออมเงิน
30398955,ประกันสังคม
30398955,ธนาคาร
30398955,ประกันสุขภาพ
30403908,ประกันภัยรถ
30403908,อุบัติเหตุบนท้องถนน
30403908,อู่ซ่อมรถ
30403908,suzuki (รถยนต์)
30420776,ประกันภัยรถ
30423413,ประกันภัยรถ
30423413,รถยนต์
30442875,ประกันภัยรถ
30442875,รถยนต์
30442875,suzuki (รถยนต์)
30459023,ประกันภัยรถ
30459023,รถยนต์
30459023,รถกระบะ
30460231,ประกันสุขภาพ
30460231,คุ้มครองผู้บริโภค
30466838,ประกันภัยรถ
30466838,รถยนต์
30466838,สินเชื่อรถยนต์
30468199,ประกันภัยรถ
30468199,รถยนต์
30477831,ฟิล์มรถยนต์
30477831,อู่ซ่อมรถ
30477831,ประกันภัยรถ
30477831,รถยนต์ไฮบริด
30477831,รถยนต์
30478160,ประกันภัยรถ
30481090,ฟิล์มรถยนต์
30481090,honda (รถยนต์)
30481090,ประกันภัยรถ
30488038,ประกันสุขภาพ
30495546,ประกันภัยรถ
30495546,ซ่อมบำรุงรถยนต์
30495546,คุ้มครองผู้บริโภค
30516216,การออมเงิน
30516216,ประกันสังคม
30516216,มนุษย์เงินเดือน
30516216,ประกันสุขภาพ
30516983,ประกันภัยรถ
30517303,ประกันภัยรถ
30522867,ประกันภัยรถ
30522867,คุ้มครองผู้บริโภค
30523383,ประกันภัยรถ
30523383,รถยนต์
30523383,ฟิล์มรถยนต์
30523383,ford
30523677,ประกันสุขภาพ
30533608,กายภาพบำบัด
30533608,แพทย์
30533608,สุขภาพกาย
30533608,ประกันสุขภาพ
30554940,ประกันภัยรถ
30554940,รถยนต์
30554940,อู่ซ่อมรถ
30556623,ประกันภัยรถ
30556623,รถยนต์
30556623,อุบัติเหตุบนท้องถนน
30556623,งานแสดงรถยนต์
30557674,ประกันภัยรถ
30560517,ประกันภัยรถ
30560517,รถยนต์
30560517,อู่ซ่อมรถ
30562987,ประกันสังคม
30562987,โรงพยาบาล
30562987,สุขภาพกาย
30562987,ประกันสุขภาพ
30568559,อู่ซ่อมรถ
30568559,ประกันภัยรถ
30568559,ซ่อมบำรุงรถยนต์
30568559,honda (รถยนต์)
30568559,รถยนต์
30578030,ประกันภัยรถ
30578030,รถยนต์
30578030,อู่ซ่อมรถ
30578816,คุ้มครองผู้บริโภค
30578816,ประกันภัยรถ
30578816,อุบัติเหตุบนท้องถนน
30578816,กฎหมายชาวบ้าน
30581444,ประกันภัยรถ
30581444,อู่ซ่อมรถ
30581444,คุ้มครองผู้บริโภค
30585467,ประกันภัยรถ
30585661,ประกันภัยรถ
30585661,รถยนต์
30585661,อุบัติเหตุบนท้องถนน
30588768,ร้องทุกข์
30588768,สุขภาพกาย
30588768,ประกันสุขภาพ
30590547,ประกันภัยรถ
30592421,ประกันภัยรถ
30593779,ประกันสังคม
30593779,บัตรเครดิต
30593779,ธนาคาร
30593779,ประกันสุขภาพ
30598882,งานขาย
30598882,ประกันภัยรถ
30616977,ประกันภัยรถ
30616977,อู่ซ่อมรถ
30616977,ซ่อมบำรุงรถยนต์
30616977,toyota
30619452,ประกันภัยรถ
30619452,รถยนต์
30619452,mitsubishi (รถยนต์)
30620339,สุขภาพกาย
30620339,ประกันสุขภาพ
30628046,บัตรเครดิต
30628046,ประกันสุขภาพ
30647882,ธนาคาร
30647882,ประกันสุขภาพ
30655054,ร้องทุกข์
30655054,ประกันสุขภาพ
30655054,คุ้มครองผู้บริโภค
30664016,ประกันภัยรถ
30664016,รถยนต์
30674225,อู่ซ่อมรถ
30674225,ประกันภัยรถ
30674225,ซ่อมบำรุงรถยนต์
30674225,รถกระบะ
30674225,อะไหล่รถ
30677636,สังคมคุณแม่
30677636,ประกันสุขภาพ
30680636,ประกันภัยรถ
30688100,ประกันภัยรถ
30704717,ประกันภัยรถ
30704717,อุบัติเหตุบนท้องถนน
30704717,อู่ซ่อมรถ
30705206,ประกันภัยรถ
30714836,ประกันภัยรถ
30722934,ประกันภัยรถ
30723381,ประกันภัยรถ
30731743,ประกันภัยรถ
30731743,อุบัติเหตุบนท้องถนน
30731743,มอเตอร์ไซค์
30733923,ประกันสุขภาพ
30733923,คุ้มครองผู้บริโภค
30740299,ประกันภัยรถ
30740809,ประกันภัยรถ
30740809,รถยนต์
30745748,ประกันภัยรถ
30750222,ประกันภัยรถ
30750222,รถยนต์
30750222,อู่ซ่อมรถ
30761574,กฎหมายชาวบ้าน
30761574,บัตรเครดิต
30761574,ธนาคาร
30761574,ประกันสุขภาพ
30764097,mazda
30764097,ประกันภัยรถ
30764097,รถยนต์
30764097,อู่ซ่อมรถ
30764107,honda (รถยนต์)
30764107,รถยนต์
30764107,ซ่อมบำรุงรถยนต์
30764107,ประกันภัยรถ
30764825,ประกันภัยรถ
30764825,รถยนต์
30765320,ประกันสุขภาพ
30767196,สินเชื่อรถยนต์
30767196,ประกันภัยรถ
30767196,น้ำมันเชื้อเพลิง
30767196,honda (รถยนต์)
30767196,รถยนต์
30769283,honda city
30769283,ประกันภัยรถ
30769283,รถยนต์
30773640,ประกันภัยรถ
30773640,รถยนต์
30778154,ประกันภัยรถ
30778154,กฎหมายชาวบ้าน
30789856,ประกันภัยรถ
30789856,อุบัติเหตุบนท้องถนน
30789856,ร้องทุกข์
30789856,คุ้มครองผู้บริโภค
30796665,toyota
30796665,ประกันภัยรถ
30796665,จังหวัดเชียงใหม่
30796665,รถยนต์
30796665,ร้องทุกข์
30807646,ประกันภัยรถ
30807646,รถยนต์
30807646,ซ่อมบำรุงรถยนต์
30807646,toyota
30815036,central department store
30815036,ประกันสุขภาพ
30815036,คุ้มครองผู้บริโภค
30817603,ประกันสุขภาพ
30822622,ประกันภัยรถ
30822622,อุบัติเหตุบนท้องถนน
30822622,อู่ซ่อมรถ
30822622,กฎหมายชาวบ้าน
30822973,โรงพยาบาล
30822973,แพทย์
30822973,สุขภาพกาย
30822973,ประกันสุขภาพ
30833145,ประกันภัยรถ
30837777,ภาษีเงินได้บุคคลธรรมดา
30837777,มนุษย์เงินเดือน
30837777,การออมเงิน
30837777,ประกันสุขภาพ
30839025,ครอบครัว
30839025,ประกันสุขภาพ
30841887,ประกันภัยรถ
30841887,รถยนต์
30841887,อู่ซ่อมรถ
30843416,โรงพยาบาล
30843416,ประกันสุขภาพ
30859449,ประกันภัยรถ
30859510,อุบัติเหตุบนท้องถนน
30859510,ประกันภัยรถ
30859510,รถยนต์
30859510,อู่ซ่อมรถ
30861609,ประกันภัยรถ
30861609,รถยนต์
30861609,honda (รถยนต์)
30862506,การออมเงิน
30862506,สุขภาพกาย
30862506,ประกันสุขภาพ
30866696,การเลี้ยงลูก
30866696,ประกันสุขภาพ
30871512,ประกันสุขภาพ
30881346,อุบัติเหตุบนท้องถนน
30881346,อู่ซ่อมรถ
30881346,ประกันภัยรถ
30881346,รถยนต์
30881346,อะไหล่รถ
30884548,ประกันสุขภาพ
30887332,รถยนต์
30887332,ประกันภัยรถ
30887332,อุบัติเหตุบนท้องถนน
30887332,รถกระบะ
30894598,รถยนต์
30894598,ประกันภัยรถ
30894598,อุบัติเหตุบนท้องถนน
30894598,ปัญหาชีวิต
30909596,ประกันภัยรถ
30909596,รถยนต์
30909596,suzuki (รถยนต์)
30910326,ประกันภัยรถ
30912927,คุ้มครองผู้บริโภค
30912927,ประกันภัยรถ
30912927,กฎหมายชาวบ้าน
30922372,ประกันสังคม
30922372,สุขภาพกาย
30922372,ประกันสุขภาพ
30928096,ประกันสุขภาพ
30928096,คุ้มครองผู้บริโภค
30928383,อุบัติเหตุบนท้องถนน
30928383,toyota
30928383,ประกันภัยรถ
30928383,ซ่อมบำรุงรถยนต์
30928383,รถยนต์
30930394,ประกันภัยรถ
30946732,อู่ซ่อมรถ
30946732,ประกันภัยรถ
30946732,คุ้มครองผู้บริโภค
30946732,รถกระบะ
30946732,ร้องทุกข์
30947891,ประกันภัยรถ
30947891,อุบัติเหตุบนท้องถนน
30950980,ประกันภัยรถ
30950980,อุบัติเหตุบนท้องถนน
30968623,ประกันภัยรถ
30968623,อุบัติเหตุบนท้องถนน
30968623,กฎหมายชาวบ้าน
30968722,อุบัติเหตุบนท้องถนน
30968722,ประกันภัยรถ
30968722,ซ่อมบำรุงรถยนต์
30968722,กฎหมายชาวบ้าน
30968722,ปัญหาชีวิต
30974353,อุบัติเหตุบนท้องถนน
30974353,มอเตอร์ไซค์
30974353,ประกันภัยรถ
30974353,กฎหมายชาวบ้าน
30974353,รถยนต์
30979932,ประกันภัยรถ
30988837,ร้องทุกข์
30988837,ประกันสุขภาพ
30988837,คุ้มครองผู้บริโภค
30991350,สังคมคุณแม่
30991350,ประกันสุขภาพ
30991949,อู่ซ่อมรถ
30991949,toyota
30991949,ประกันภัยรถ
30991949,รถยนต์
30991949,อะไหล่รถ
30995163,ประกันภัยรถ
30999993,ประกันสุขภาพ
30999993,คุ้มครองผู้บริโภค
31006210,สินเชื่อรถยนต์
31006210,เมาไม่ขับ
31006210,ประกันภัยรถ
31006210,คุ้มครองผู้บริโภค
31006210,ร้องทุกข์
31009208,ประกันภัยรถ
31009208,รถยนต์
31015132,ประกันสุขภาพ
31016363,ประกันภัยรถ
31016363,อุบัติเหตุบนท้องถนน
31017863,ประกันภัยรถ
31026713,ปัญหาชีวิต
31026713,ประกันภัยรถ
31026713,อุบัติเหตุบนท้องถนน
31029953,ประกันภัยรถ
31029953,อู่ซ่อมรถ
31029953,อะไหล่รถ
31031040,คุ้มครองผู้บริโภค
31031040,กฎหมายชาวบ้าน
31031040,ประกันสุขภาพ
31035659,ร้องทุกข์
31035659,ธนาคาร
31035659,ประกันสุขภาพ
31035807,ฟิล์มรถยนต์
31035807,อู่ซ่อมรถ
31035807,ประกันภัยรถ
31035807,รถกระบะ
31035807,รถยนต์
31041494,ประกันสุขภาพ
31045320,ประกันสุขภาพ
31049466,ประกันภัยรถ
31051099,ประกันภัยรถ
31051099,แต่งรถ
31057006,ประกันสุขภาพ
31071188,ประกันภัยรถ
31071188,น้ำมันเครื่อง
31071188,ซ่อมบำรุงรถยนต์
31071188,honda (รถยนต์)
31071188,รถยนต์
31076666,ประกันภัยรถ
31076666,isuzu
31076666,รถกระบะ
31077089,ประกันสุขภาพ
31083807,รถยนต์
31083807,ประกันภัยรถ
31083807,อุบัติเหตุบนท้องถนน
31083807,ซ่อมบำรุงรถยนต์
31094091,ประกันสุขภาพ
31101466,ประกันสุขภาพ
31103209,ประกันสุขภาพ
31118516,ประกันภัยรถ
31118516,รถยนต์
31118516,toyota
31120412,ธนาคารกสิกรไทย
31120412,คุ้มครองผู้บริโภค
31120412,ประกันสุขภาพ
31120412,ร้องทุกข์
31120412,ธนาคาร
31120904,อุบัติเหตุบนท้องถนน
31120904,อู่ซ่อมรถ
31120904,ประกันภัยรถ
31120904,honda (รถยนต์)
31120904,รถยนต์
31123700,ประกันภัยรถ
31126534,ประกันภัยรถ
31126534,อู่ซ่อมรถ
31135174,คุ้มครองผู้บริโภค
31135174,ประกันสุขภาพ
31135174,กฎหมายชาวบ้าน
31138337,ประกันภัยรถ
31138337,อุบัติเหตุบนท้องถนน
31146924,สังคมคุณแม่
31146924,ประกันสุขภาพ
31146924,คุ้มครองผู้บริโภค
31146924,กฎหมายชาวบ้าน
31146924,ปัญหาชีวิต
31149820,ประกันสุขภาพ
31151565,ประกันภัยรถ
31155363,อุบัติเหตุบนท้องถนน
31155363,อู่ซ่อมรถ
31155363,ngv
31155363,ประกันภัยรถ
31155363,honda (รถยนต์)
31161688,รถยนต์
31161688,ประกันภัยรถ
31161688,อุบัติเหตุบนท้องถนน
31161688,toyota
31166083,การออมเงิน
31166083,การลงทุน
31166083,ประกันสุขภาพ
31167875,โรงพยาบาล
31167875,ประกันสุขภาพ
31167875,สุขภาพกาย
31167875,โรคมะเร็ง
31167875,แพทย์
31171408,การเงิน
31171408,ประกันสุขภาพ
31171408,การออมเงิน
31171408,มนุษย์เงินเดือน
31171408,ธนาคาร
31174398,ประกันภัยรถ
31174398,รถยนต์
31174398,toyota
31174647,ธนาคารกรุงศรีอยุธยา
31174647,ธนาคาร
31174647,ประกันสุขภาพ
31175832,ประกันภัยรถ
31181720,ประกันสุขภาพ
31183443,ประกันภัยรถ
31183443,รถยนต์
31183443,อุบัติเหตุบนท้องถนน
31186037,ประกันภัยรถ
31186037,การเงิน
31190189,คุ้มครองผู้บริโภค
31190189,ประกันสุขภาพ
31193821,ประกันภัยรถ
31193821,รถยนต์
31195973,คุ้มครองผู้บริโภค
31195973,ร้องทุกข์
31195973,ประกันสุขภาพ
31196466,ประกันภัยรถ
31196466,รถยนต์
31200392,ประกันภัยรถ
31203034,ประกันภัยรถ
31203034,รถยนต์
31203034,อู่ซ่อมรถ
31203034,รถกระบะ
31207562,ประกันสุขภาพ
31207918,ประกันภัยรถ
31207918,คุ้มครองผู้บริโภค
31211181,การเงิน
31211181,ประกันสุขภาพ
31232341,ธนาคารไทยพาณิชย์
31232341,คุ้มครองผู้บริโภค
31232341,การออมเงิน
31232341,ประกันสุขภาพ
31232341,ธนาคาร
31235208,สังคมคุณแม่
31235208,ประกันสุขภาพ
31241126,ประกันภัยรถ
31241126,กฎหมายชาวบ้าน
31241126,คุ้มครองผู้บริโภค
31243079,ประกันภัยรถ
31257301,ประกันภัยรถ
31257301,สินเชื่อรถยนต์
31260708,ประกันภัยรถ
31260708,online travel agency
31260708,สายการบิน
31260853,ประกันภัยรถ
31260853,สินเชื่อรถยนต์
31260853,ร้องทุกข์
31260853,คุ้มครองผู้บริโภค
31261641,เพื่อนบ้าน
31261641,บ้าน
31261641,ร้องทุกข์
31261641,ประกันสุขภาพ
31262523,สุขภาพกาย
31262523,ประกันสุขภาพ
31268663,ปัญหาชีวิต
31268663,คุ้มครองผู้บริโภค
31268663,ประกันสุขภาพ
31269552,ประกันภัยรถ
31269552,อุบัติเหตุบนท้องถนน
31269552,อู่ซ่อมรถ
31275473,ใบขับขี่
31275473,อู่ซ่อมรถ
31275473,ประกันภัยรถ
31275473,รถกระบะ
31275473,รถยนต์
31282722,ประกันภัยรถ
31282722,รถยนต์
31282722,ซ่อมบำรุงรถยนต์
31293596,ประกันสุขภาพ
31294156,ประกันสุขภาพ
31299418,รถยนต์
31299418,honda (รถยนต์)
31299418,สินเชื่อรถยนต์
31299418,ประกันภัยรถ
31323016,อุบัติเหตุบนท้องถนน
31323016,toyota
31323016,ประกันภัยรถ
31323016,รถยนต์
31323016,อะไหล่รถ
31324941,ประกันสุขภาพ
31325996,รถยนต์
31325996,ประกันภัยรถ
31325996,อุบัติเหตุบนท้องถนน
31328796,ประกันภัยรถ
31328796,อุบัติเหตุบนท้องถนน
31328796,ใบขับขี่
31328796,เมาไม่ขับ
31329951,ประกันภัยรถ
31329951,toyota
31331792,ประกันภัยรถ
31331792,รถยนต์
31331792,อู่ซ่อมรถ
31331792,nissan
31347414,บัตรเครดิต
31347414,ธนาคาร
31347414,ประกันสุขภาพ
31362660,ประกันภัยรถ
31369268,ประกันภัยรถ
31369758,กายภาพบำบัด
31369758,โรงพยาบาล
31369758,ประกันสังคม
31369758,ประกันสุขภาพ
31370067,สังคมคุณแม่
31370067,ประกันสุขภาพ
31384034,ประกันสุขภาพ
31386042,ประกันภัยรถ
31386042,รถยนต์
31386042,อุบัติเหตุบนท้องถนน
31389826,ประกันภัยรถ
31389826,รถยนต์
31392980,ประกันสุขภาพ
31394496,ประกันภัยรถ
31397471,ร้องทุกข์
31397471,ประกันสุขภาพ
31398876,ประกันสุขภาพ
31398876,คุ้มครองผู้บริโภค
31399682,ประกันภัยรถ
31399682,รถยนต์
31406355,ร้องทุกข์
31406355,ประกันสุขภาพ
31406355,คุ้มครองผู้บริโภค
31428273,ประกันสุขภาพ
31448478,อู่ซ่อมรถ
31448478,ประกันภัยรถ
31448478,ซ่อมบำรุงรถยนต์
31448478,honda (รถยนต์)
31448478,รถยนต์
31462205,ประกันภัยรถ
31463995,ประกันภัยรถ
31463995,อุบัติเหตุบนท้องถนน
31467378,กฎหมายชาวบ้าน
31467378,ประกันสุขภาพ
31467378,คุ้มครองผู้บริโภค
31469020,มอเตอร์ไซค์
31469020,ประกันภัยรถ
31469020,คุ้มครองผู้บริโภค
31469020,การจราจร
31469020,กฎหมายชาวบ้าน
31471233,ประกันภัยรถ
31471233,อุบัติเหตุบนท้องถนน
31471233,กฎหมายชาวบ้าน
31471780,ประกันสุขภาพ
31491185,ร้องทุกข์
31491185,ประกันสุขภาพ
31493740,โรงพยาบาล
31493740,สุขภาพกาย
31493740,ประกันสุขภาพ
31493740,ยา
31494778,อู่ซ่อมรถ
31494778,ประกันภัยรถ
31494778,ซ่อมบำรุงรถยนต์
31494778,แต่งรถ
31494778,อะไหล่รถ
31495714,แพทย์
31495714,สุขภาพกาย
31495714,ประกันสุขภาพ
31499191,ประกันภัยรถ
31520924,คุ้มครองผู้บริโภค
31520924,ประกันภัยรถ
31520924,กฎหมายชาวบ้าน
31520924,ประกันสุขภาพ
31527131,backpack
31527131,คุ้มครองผู้บริโภค
31527131,ประกันสุขภาพ
31527131,สายการบิน
31527131,เที่ยวต่างประเทศ
31530183,ประกันภัยรถ
31530183,การเงิน
31530183,การเมือง
31530183,ประกันสุขภาพ
31535827,มนุษย์เงินเดือน
31535827,ธนาคาร
31535827,ประกันสุขภาพ
31542397,ประกันภัยรถ
31542765,ประกันภัยรถ
31542765,สินเชื่อรถยนต์
31544094,ประกันสุขภาพ
31544094,ธนาคาร
31544094,แพทย์
31544094,มนุษย์เงินเดือน
31544094,สุขภาพกาย
31550597,กฎหมายชาวบ้าน
31550597,ประกันสุขภาพ
31551749,รถยนต์
31551749,ประกันภัยรถ
31551749,อุบัติเหตุบนท้องถนน
31551749,อู่ซ่อมรถ
31555206,ประกันภัยรถ
31555310,โรงพยาบาล
31555310,ครอบครัว
31555310,สุขภาพกาย
31555310,ประกันสุขภาพ
31560230,ประกันภัยรถ
31560230,รถยนต์
31569392,ประกันภัยรถ
31569392,มอเตอร์ไซค์
31572450,อุบัติเหตุบนท้องถนน
31572450,ใบขับขี่
31572450,อู่ซ่อมรถ
31572450,ประกันภัยรถ
31572450,ปัญหาชีวิต
31573569,ประกันภัยรถ
31573569,คุ้มครองผู้บริโภค
31578275,ประกันสังคม
31578275,สุขภาพจิต
31578275,โรงพยาบาล
31578275,ประกันสุขภาพ
31578275,สุขภาพกาย
31578701,ประกันภัยรถ
31583044,คุ้มครองผู้บริโภค
31583044,ประกันภัยรถ
31583044,กฎหมายชาวบ้าน
31612136,การออมเงิน
31612136,มนุษย์เงินเดือน
31612136,ธนาคาร
31612136,ประกันสุขภาพ
31614122,ปัญหาชีวิต
31614122,ธนาคาร
31614122,ประกันสุขภาพ
31622372,ประกันภัยรถ
31622372,อุบัติเหตุบนท้องถนน
31622372,ซ่อมบำรุงรถยนต์
31622372,อู่ซ่อมรถ
31631697,รถยนต์
31631697,ประกันภัยรถ
31631697,อุบัติเหตุบนท้องถนน
31637039,ธนาคาร
31637039,ประกันสุขภาพ
31641800,รถยนต์
31641800,ประกันภัยรถ
31641800,อุบัติเหตุบนท้องถนน
31641800,ใบขับขี่
31641941,ประกันภัยรถ
31641941,รถยนต์
31642503,ธนาคาร
31642503,ประกันสุขภาพ
31657796,ประกันภัยรถ
31657796,อู่ซ่อมรถ
31662750,ตั้งครรภ์
31662750,ประกันสุขภาพ
31670624,ประกันภัยรถ
31670624,สินเชื่อรถยนต์
31675022,ประกันภัยรถ
31675022,มอเตอร์ไซค์
31675040,ประกันภัยรถ
31682877,จังหวัดอุดรธานี
31682877,โรคในผู้สูงอายุ
31682877,ประกันสุขภาพ
31696086,อู่ซ่อมรถ
31696086,ประกันภัยรถ
31696086,mazda
31696086,รถยนต์
31696086,อะไหล่รถ
31701705,ร้องทุกข์
31701705,ประกันสุขภาพ
31701705,คุ้มครองผู้บริโภค
31704856,ประกันภัยรถ
31704856,ร้องทุกข์
31710593,ประกันภัยรถ
31710593,nissan
31713848,ประกันภัยรถ
31713848,รถยนต์
31733452,โรคเบาหวาน
31733452,โรคในผู้สูงอายุ
31733452,ประกันสุขภาพ
31735025,ประกันภัยรถ
31735025,รถยนต์
31735025,อุบัติเหตุบนท้องถนน
31736496,อุบัติเหตุบนท้องถนน
31736496,อู่ซ่อมรถ
31736496,มอเตอร์ไซค์
31736496,ประกันภัยรถ
31736496,รถยนต์
31738947,อู่ซ่อมรถ
31738947,ประกันภัยรถ
31738947,ซ่อมบำรุงรถยนต์
31738947,honda (รถยนต์)
31738947,honda jazz
31743999,ประกันภัยรถ
31743999,รถยนต์
31748517,ประกันสุขภาพ
31764318,ประกันภัยรถ
31765338,ประกันภัยรถ
31765338,ซ่อมบำรุงรถยนต์
31765338,อู่ซ่อมรถ
31765345,ประกันภัยรถ
31765345,รถยนต์
31765345,อู่ซ่อมรถ
31771321,ประกันภัยรถ
31771321,honda (รถยนต์)
31771321,รถยนต์
31771321,แต่งรถ
31771321,อะไหล่รถ
31772370,ประกันภัยรถ
31778317,สุขภาพกาย
31778317,ประกันสุขภาพ
31783556,ร้องทุกข์
31783556,ประกันสุขภาพ
31783556,คุ้มครองผู้บริโภค
31790195,ปัญหาชีวิต
31790195,โรงพยาบาล
31790195,ประกันสุขภาพ
31790195,คุ้มครองผู้บริโภค
31794654,ประกันภัยรถ
31794654,รถยนต์
31794654,อู่ซ่อมรถ
31794654,toyota
31801827,ประกันภัยรถ
31803362,ธนาคารกสิกรไทย
31803362,ธนาคาร
31803362,ประกันสุขภาพ
31804522,สังคมคุณแม่
31804522,คุ้มครองผู้บริโภค
31804522,ประกันสุขภาพ
31804522,ร้องทุกข์
31804522,สุขภาพกาย
31808576,อู่ซ่อมรถ
31808576,ประกันภัยรถ
31808576,ซ่อมบำรุงรถยนต์
31808576,รถยนต์
31808576,อะไหล่รถ
31809872,สุขภาพกาย
31809872,แพทย์
31809872,ประกันสุขภาพ
31823900,ประกันภัยรถ
31823900,รถยนต์
31828509,ประกันสุขภาพ
31831205,ประกันสุขภาพ
31836535,โรงพยาบาล
31836535,ประกันสุขภาพ
31840362,ประกันภัยรถ
31846465,ร้องทุกข์
31846465,ประกันสุขภาพ
31846465,คุ้มครองผู้บริโภค
31855679,คุ้มครองผู้บริโภค
31855679,โรคมะเร็ง
31855679,ประกันสุขภาพ
31858651,อุบัติเหตุบนท้องถนน
31858651,อู่ซ่อมรถ
31858651,ประกันภัยรถ
31858651,ซ่อมบำรุงรถยนต์
31858651,รถยนต์
31859792,ประกันภัยรถ
31859792,สินเชื่อรถยนต์
31861739,คุ้มครองผู้บริโภค
31861739,โรงพยาบาล
31861739,ประกันสุขภาพ
31862503,ประกันภัยรถ
31862503,กฎหมายชาวบ้าน
31864132,ประกันสุขภาพ
31864132,คุ้มครองผู้บริโภค
31868324,ประกันสุขภาพ
31873866,ประกันสุขภาพ
31874454,ประกันภัยรถ
31876471,การออมเงิน
31876471,ประกันสุขภาพ
31876471,คุ้มครองผู้บริโภค
31893397,ประกันสุขภาพ
31894935,ประกันภัยรถ
31894935,อุบัติเหตุบนท้องถนน
31894935,อะไหล่รถ
31897201,การลงทุน
31897201,ประกันสุขภาพ
31901255,ประกันสังคม
31901255,ธนาคารไทยพาณิชย์
31901255,ประกันสุขภาพ
31907807,ประกันสุขภาพ
31907807,การออมเงิน
31907807,คุ้มครองผู้บริโภค
31907807,การลงทุน
31907807,ร้องทุกข์
31924021,ประกันภัยรถ
31924021,รถยนต์
31924021,ร้องทุกข์
31924021,คุ้มครองผู้บริโภค
31932969,ประกันภัยรถ
31933321,ประกันภัยรถ
31933321,อุบัติเหตุบนท้องถนน
31933321,กฎหมายชาวบ้าน
31933321,คุ้มครองผู้บริโภค
31940402,ประกันสังคม
31940402,โรคภูมิแพ้
31940402,ไข้หวัด
31940402,ประกันสุขภาพ
31940402,สุขภาพกาย
31943720,งานขาย
31943720,จังหวัดสกลนคร
31943720,ประกันสุขภาพ
31943720,คุ้มครองผู้บริโภค
31947552,ประกันภัยรถ
31948143,mazda
31948143,ประกันภัยรถ
31948143,รถยนต์
31948143,อู่ซ่อมรถ
31951453,โรคในผู้สูงอายุ
31951453,สินเชื่อส่วนบุคคล
31951453,โรงพยาบาล
31951453,ประกันสุขภาพ
31951453,สุขภาพกาย
31956532,ประกันภัยรถ
31956532,มอเตอร์ไซค์
31956532,คุ้มครองผู้บริโภค
31958456,รถยนต์
31958456,ประกันภัยรถ
31958456,สินเชื่อรถยนต์
31962091,ร้องทุกข์
31962091,กฎหมายชาวบ้าน
31962091,ประกันสุขภาพ
31962091,คุ้มครองผู้บริโภค
31968613,ประกันสุขภาพ
31975367,ประกันภัยรถ
31975367,อู่ซ่อมรถ
31975367,รถกระบะ
31978575,ประกันสุขภาพ
31982626,honda city
31982626,honda (รถยนต์)
31982626,ซ่อมบำรุงรถยนต์
31982626,ประกันภัยรถ
32012210,ประกันภัยรถ
32012210,รถยนต์
32018800,ประกันสุขภาพ
32024132,ประกันสังคม
32024132,โรงพยาบาล
32024132,ประกันสุขภาพ
32024132,คุ้มครองผู้บริโภค
32024132,ร้องทุกข์
32029519,ประกันภัยรถ
32029519,รถยนต์
32029519,กฎหมายชาวบ้าน
32043188,โรงพยาบาล
32043188,ประกันสุขภาพ
32043188,คุ้มครองผู้บริโภค
32043188,ปัญหาชีวิต
32043188,สุขภาพกาย
32044678,รถยนต์
32044678,ประกันภัยรถ
32044678,อุบัติเหตุบนท้องถนน
32044678,ซ่อมบำรุงรถยนต์
32051402,อุบัติเหตุบนท้องถนน
32051402,อู่ซ่อมรถ
32051402,มอเตอร์ไซค์
32051402,ประกันภัยรถ
32051402,กฎหมายชาวบ้าน
32060191,ประกันภัยรถ
32060191,รถยนต์
32060191,คุ้มครองผู้บริโภค
32068969,การลงทุน
32068969,การเงิน
32068969,ประกันสุขภาพ
32078977,ประกันภัยรถ
32078977,ซ่อมบำรุงรถยนต์
32078977,honda (รถยนต์)
32078977,รถยนต์
32078977,แต่งรถ
32085465,honda (รถยนต์)
32085465,รถยนต์
32085465,ngv
32085465,ประกันภัยรถ
32086034,ร้องทุกข์
32086034,กฎหมายชาวบ้าน
32086034,ประกันสุขภาพ
32086034,คุ้มครองผู้บริโภค
32087380,ประกันภัยรถ
32087380,คุ้มครองผู้บริโภค
32087984,อู่ซ่อมรถ
32087984,toyota
32087984,ประกันภัยรถ
32087984,ซ่อมบำรุงรถยนต์
32087984,รถยนต์
32098917,สินเชื่อรถยนต์
32098917,อู่ซ่อมรถ
32098917,ประกันภัยรถ
32098917,แต่งรถ
32098917,อะไหล่รถ
32104394,ประกันภัยรถ
32104394,รถยนต์
32110594,ประกันสุขภาพ
32111327,ประกันภัยรถ
32121586,ประกันสุขภาพ
32126818,การออมเงิน
32126818,การลงทุน
32126818,ครอบครัว
32126818,ประกันสุขภาพ
32130702,เที่ยวต่างประเทศ
32130702,schengen visa
32130702,ประกันสุขภาพ
32132871,ประกันภัยรถ
32141069,ประกันภัยรถ
32141069,big bike
32143046,อู่ซ่อมรถ
32143046,ประกันภัยรถ
32143046,ซ่อมบำรุงรถยนต์
32143046,รถยนต์
32143046,อะไหล่รถ
32154903,ประกันภัยรถ
32154903,กฎหมายชาวบ้าน
32161421,ประกันภัยรถ
32161421,การเงิน
32161421,อุบัติเหตุบนท้องถนน
32161421,ธนาคาร
32168365,เพื่อนวัยเรียน
32168365,ประกันภัยรถ
32168365,หาเพื่อน
32168365,รถยนต์
32168365,มนุษย์เงินเดือน
32172403,อู่ซ่อมรถ
32172403,toyota
32172403,ประกันภัยรถ
32172403,ซ่อมบำรุงรถยนต์
32172403,รถยนต์
32172413,การออมเงิน
32172413,การลงทุน
32172413,คุ้มครองผู้บริโภค
32172413,ประกันสุขภาพ
32178544,ประกันภัยรถ
32178544,รถยนต์
32187084,อู่ซ่อมรถ
32187084,ประกันภัยรถ
32187084,ซ่อมบำรุงรถยนต์
32187084,รถกระบะ
32187084,รถยนต์
32188457,รถยนต์
32188457,ประกันภัยรถ
32188457,อุบัติเหตุบนท้องถนน
32188457,ใบขับขี่
32199128,ประกันภัยรถ
32204574,อู่ซ่อมรถ
32204574,ประกันภัยรถ
32204574,ซ่อมบำรุงรถยนต์
32204574,mazda
32204574,อะไหล่รถ
32208420,สุขภาพกาย
32208420,ประกันสุขภาพ
32215851,รถยนต์
32215851,ประกันภัยรถ
32215851,สินเชื่อรถยนต์
32217111,ประกันสุขภาพ
32230649,โรงพยาบาล
32230649,ประกันสุขภาพ
32230649,โรคเบาหวาน
32230649,ฝากครรภ์
32230649,สุขภาพกาย
32234539,ประกันภัยรถ
32234539,อู่ซ่อมรถ
32234539,suzuki (รถยนต์)
32235124,ประกันสุขภาพ
32240045,ประกันภัยรถ
32240045,รถยนต์
32240045,honda (รถยนต์)
32243785,คุ้มครองผู้บริโภค
32243785,ประกันสุขภาพ
32243785,จังหวัดเชียงใหม่
32243785,การลงทุน
32243785,ภาคเหนือ
32247757,ประกันภัยรถ
32247757,รถยนต์
32252405,ประกันภัยรถ
32252405,อุบัติเหตุบนท้องถนน
32253200,การลงทุน
32253200,ประกันสุขภาพ
32254071,อุบัติเหตุบนท้องถนน
32254071,มอเตอร์ไซค์
32254071,ประกันภัยรถ
32254071,ปัญหาชีวิต
32254071,รถยนต์
32265578,อุบัติเหตุบนท้องถนน
32265578,ประกันภัยรถ
32265578,คุ้มครองผู้บริโภค
32265578,nissan
32265578,กฎหมายชาวบ้าน
32274776,สินเชื่อรถยนต์
32274776,รถยนต์
32274776,ประกันภัยรถ
32279062,อุบัติเหตุบนท้องถนน
32279062,ประกันภัยรถ
32279431,รถยนต์
32279431,ประกันภัยรถ
32288524,ประกันสุขภาพ
32288524,ประกันสังคม
32288524,คุ้มครองผู้บริโภค
32288771,อุบัติเหตุบนท้องถนน
32288771,มอเตอร์ไซค์
32288771,ประกันภัยรถ
32288771,กฎหมายชาวบ้าน
32288771,ร้องทุกข์
32292677,บัตรเครดิต
32292677,ประกันสุขภาพ
32294283,ประกันภัยรถ
32297815,ประกันสุขภาพ
32297815,โรคเบาหวาน
32301158,การจราจร
32301158,รถยนต์
32301158,ประกันภัยรถ
32301158,ซ่อมบำรุงรถยนต์
32301158,เมาไม่ขับ
32302681,ประกันสุขภาพ
32302681,คลับสุขภาพ
32305922,กฎหมายชาวบ้าน
32305922,อุบัติเหตุบนท้องถนน
32305922,ประกันภัยรถ
32309159,การบริหารจัดการ
32309159,ประกันสุขภาพ
32309159,สุขภาพกาย
32309159,เจ้าของธุรกิจ
32309159,บัญชี
32324741,คุ้มครองผู้บริโภค
32324741,ประกันสุขภาพ
32324741,ปัญหาสังคม
32326319,สินเชื่อรถยนต์
32326319,รถยนต์
32326319,ประกันภัยรถ
32330215,ประกันสุขภาพ
32332553,อุบัติเหตุบนท้องถนน
32332553,อู่ซ่อมรถ
32332553,ประกันภัยรถ
32347728,การออมเงิน
32347728,ประกันสุขภาพ
32355977,ประกันสุขภาพ
32356210,ประกันสุขภาพ
32356210,คุ้มครองผู้บริโภค
32367298,ประกันภัยรถ
32367298,อุบัติเหตุบนท้องถนน
32367298,คุ้มครองผู้บริโภค
32375570,nissan
32375570,ประกันภัยรถ
32376814,รถยนต์
32376814,ประกันภัยรถ
32384486,รถกระบะ
32384486,อุบัติเหตุบนท้องถนน
32384486,ประกันภัยรถ
32384486,มอเตอร์ไซค์
32391491,ธนาคารกสิกรไทย
32391491,ประกันสุขภาพ
32391491,คุ้มครองผู้บริโภค
32391491,ร้องทุกข์
32396721,รถยนต์
32396721,ประกันภัยรถ
32402010,อุบัติเหตุบนท้องถนน
32402010,ประกันภัยรถ
32412350,บัตรเครดิต
32412350,ปัญหาชีวิต
32412350,ประกันสุขภาพ
32412350,ปัญหาสังคม
32415155,ประกันสุขภาพ
32415155,ประกันสังคม
32415155,ประกันภัยรถ
32425433,อุบัติเหตุบนท้องถนน
32425433,อู่ซ่อมรถ
32425433,ประกันภัยรถ
32428029,บัตรเครดิต
32428029,ประกันสุขภาพ
32431176,ประกันสุขภาพ
32431176,คุ้มครองผู้บริโภค
32431176,การลงทุน
32431176,ธนาคารกรุงไทย
32431176,ร้องทุกข์
32449759,อุบัติเหตุบนท้องถนน
32449759,อู่ซ่อมรถ
32449759,คุ้มครองผู้บริโภค
32449759,ประกันภัยรถ
32449759,ร้องทุกข์
32457179,อุบัติเหตุบนท้องถนน
32457179,การจราจร
32457179,ประกันภัยรถ
32458018,การออมเงิน
32458018,ประกันสุขภาพ
32458018,การลงทุน
32467591,อุบัติเหตุบนท้องถนน
32467591,รถยนต์
32467591,ประกันภัยรถ
32469286,ประกันสุขภาพ
32469286,คุ้มครองผู้บริโภค
32469286,บัตรเครดิต
32469286,กฎหมายชาวบ้าน
32469286,ร้องทุกข์
32471961,กายภาพบำบัด
32471961,ประกันสุขภาพ
32471961,คุ้มครองผู้บริโภค
32471961,สุขภาพกาย
32471961,กฎหมายชาวบ้าน
32474727,ประกันภัยรถ
32474727,honda accord
32474727,รถยนต์
32475468,ประกันภัยรถ
32475468,รถยนต์
32475468,ร้องทุกข์
32475468,คุ้มครองผู้บริโภค
32477485,โรงพยาบาล
32477485,ประกันสังคม
32477485,ร้องทุกข์
32477485,ประกันสุขภาพ
32477485,คุ้มครองผู้บริโภค
32479426,สุขภาพกาย
32479426,ประกันสุขภาพ
32479426,ประกันสังคม
32479426,โรงพยาบาล
32481617,ltf
32481617,ประกันสุขภาพ
32481617,การออมเงิน
32481617,rmf
32481617,ภาษีเงินได้บุคคลธรรมดา
32483614,ประกันสุขภาพ
32483614,โฆษณาโทรทัศน์ (tvc)
32483614,คุ้มครองผู้บริโภค
32484773,ประกันสุขภาพ
32484773,โรคมะเร็ง
32484773,สุขภาพกาย
32485755,ประกันสุขภาพ
32496777,ประกันสุขภาพ
32496777,ครอบครัว
32497280,ford
32497280,ประกันภัยรถ
32497280,รถกระบะ
32505976,ประกันสุขภาพ
32512031,คุ้มครองผู้บริโภค
32512031,honda (รถยนต์)
32512031,รถยนต์
32512031,ประกันภัยรถ
32512031,ซ่อมบำรุงรถยนต์
32513139,ประกันสุขภาพ
32513139,คุ้มครองผู้บริโภค
32514459,ปัญหาครอบครัว
32514459,สังคมคุณแม่
32514459,ประกันสุขภาพ
32516549,ประกันสุขภาพ
32516549,ประกันสังคม
32516549,คุ้มครองผู้บริโภค
32516549,โรงพยาบาล
32516927,ประกันภัยรถ
32516927,คุ้มครองผู้บริโภค
32518070,ประกันสุขภาพ
32518070,คุ้มครองผู้บริโภค
32525248,อู่ซ่อมรถ
32525248,ร้องทุกข์
32525248,รถยนต์
32525248,ประกันภัยรถ
32525248,mazda
32528502,ประกันภัยรถ
32530575,ประกันภัยรถ
32530575,อุบัติเหตุบนท้องถนน
32538813,ประกันภัยรถ
32545202,ประกันภัยรถ
32545202,อุบัติเหตุบนท้องถนน
32545202,รถยนต์
32546543,ประกันสุขภาพ
32546543,คุ้มครองผู้บริโภค
32551730,ประกันสุขภาพ
32556942,ประกันสุขภาพ
32556942,ร้องทุกข์
32556942,คุ้มครองผู้บริโภค
32556942,โรงพยาบาล
32559332,ประกันภัยรถ
32566857,บัตรเครดิต
32566857,ประกันสุขภาพ
32566857,คุ้มครองผู้บริโภค
32566857,การออมเงิน
32566857,ธนาคาร
32570189,ประกันภัยรถ
32570189,toyota
32570189,การ์ตูนญี่ปุ่น
32570189,จีทีโอ คุณครูพันธุ์หายาก
32570202,ประกันสุขภาพ
32576564,ประกันภัยรถ
32580598,อู่ซ่อมรถ
32580598,ประกันภัยรถ
32580598,isuzu
32584400,ประกันภัยรถ
32584400,รถยนต์
32586333,ประกันภัยการเดินทาง
32586333,เที่ยวไทย
32586333,backpack
32591632,ทรัพยากรบุคคล
32591632,ประกันสุขภาพ
32591632,คุ้มครองผู้บริโภค
32592811,ประกันสุขภาพ
32592811,คุ้มครองผู้บริโภค
32592811,โรงพยาบาล
32597841,บัตรเครดิต
32597841,ร้องทุกข์
32597841,ประกันสุขภาพ
32597841,คุ้มครองผู้บริโภค
32597841,ปัญหาสังคม
32599711,พยาบาล
32599711,โรงพยาบาล
32599711,ประกันสุขภาพ
32599711,สุขภาพกาย
32599711,แพทย์
32601431,อู่ซ่อมรถ
32601431,ประกันภัยรถ
32601431,รถยนต์
32601431,ซ่อมบำรุงรถยนต์
32603560,ประกันภัยรถ
32603560,อุบัติเหตุบนท้องถนน
32603560,รถยนต์
32604904,ประกันภัยรถ
32610128,ประกันภัยรถ
32610128,อุบัติเหตุบนท้องถนน
32610128,กฎหมายชาวบ้าน
32610128,คุ้มครองผู้บริโภค
32620553,งานขาย
32620553,คุ้มครองผู้บริโภค
32620553,รถยนต์
32620553,ประกันภัยรถ
32620553,สินเชื่อรถยนต์
32622674,ประกันภัยรถ
32622674,คุ้มครองผู้บริโภค
32627973,ประกันภัยรถ
32627973,รถยนต์
32631165,ประกันภัยรถ
32638311,อู่ซ่อมรถ
32638311,toyota
32638311,อะไหล่รถ
32638311,ประกันภัยรถ
32638311,ซ่อมบำรุงรถยนต์
32638672,การลงทุน
32638672,การเงิน
32638672,ประกันสุขภาพ
32638672,การออมเงิน
32639368,ประกันภัยรถ
32640310,งานขาย
32640310,การเงิน
32640310,มนุษย์เงินเดือน
32640310,ประกันสุขภาพ
32640310,การออมเงิน
32644461,แพทย์
32644461,ประกันสุขภาพ
32644461,ชีวิตในต่างแดน
32646226,ประกันสุขภาพ
32652879,แพทย์
32652879,โรงพยาบาล
32652879,ประกันสุขภาพ
32656630,ประกันภัยรถ
32659818,โรงพยาบาล
32659818,ประกันสุขภาพ
32659818,สุขภาพกาย
32659818,การเลี้ยงลูก
32659818,แพทย์
32665002,ประกันสุขภาพ
32670580,ประกันภัยรถ
32670580,รถยนต์
32680596,มอเตอร์ไซค์
32680596,ประกันภัยรถ
32680596,อุบัติเหตุบนท้องถนน
32680596,รถยนต์
32684069,ประกันสุขภาพ
32684069,คุ้มครองผู้บริโภค
32685023,ร้องทุกข์
32685023,ประกันสุขภาพ
32685023,คุ้มครองผู้บริโภค
32685023,ครอบครัว
32685023,ปัญหาสังคม
32688957,ประกันภัยรถ
32688957,ร้องทุกข์
32693547,คลับสุขภาพ
32693547,ประกันสุขภาพ
32698786,ร้องทุกข์
32698786,ประกันสุขภาพ
32698786,คุ้มครองผู้บริโภค
32698786,ปัญหาสังคม
32698786,ปัญหาครอบครัว
32705678,ประกันสังคม
32705678,มนุษย์เงินเดือน
32705678,ประกันสุขภาพ
32705678,ประกันภัยการเดินทาง
32705678,ประกันภัยรถ
32714275,ร้องทุกข์
32714275,ประกันสุขภาพ
32714275,คุ้มครองผู้บริโภค
32714275,ปัญหาสังคม
32714275,กฎหมายชาวบ้าน
32724229,ประกันสุขภาพ
32751363,ประกันภัยรถ
32751363,ร้องทุกข์
32751363,คุ้มครองผู้บริโภค
32751363,isuzu
32754465,ประกันสุขภาพ
32754465,การออมเงิน
32754465,สุขภาพกาย
32767965,ประกันภัยรถ
32767965,รถยนต์
32773369,การเงิน
32773369,สินเชื่อส่วนบุคคล
32773369,ประกันสุขภาพ
32773369,คุ้มครองผู้บริโภค
32776788,การเงิน
32776788,สินเชื่อส่วนบุคคล
32776788,ประกันสุขภาพ
32776788,คุ้มครองผู้บริโภค
32778339,ประกันภัยรถ
32778339,อุบัติเหตุบนท้องถนน
32778339,กฎหมายชาวบ้าน
32780897,ธนาคาร
32780897,ประกันสุขภาพ
32780897,สินเชื่อเพื่อที่อยู่อาศัย
32788941,ประกันภัยรถ
32806330,ซ่อมบำรุงรถยนต์
32806330,อู่ซ่อมรถ
32806330,อุบัติเหตุบนท้องถนน
32806330,ประกันภัยรถ
32806330,รถยนต์
32812301,ประกันภัยรถ
32812301,รถยนต์
32812301,สินเชื่อรถยนต์
32821235,คุ้มครองผู้บริโภค
32821235,ประกันภัยรถ
32821235,กฎหมายชาวบ้าน
32821235,อุบัติเหตุบนท้องถนน
32827491,ประกันภัยรถ
32827491,รถยนต์
32827491,อุบัติเหตุบนท้องถนน
32827491,ซ่อมบำรุงรถยนต์
32828869,กรุงเทพมหานคร
32828869,กฎหมายชาวบ้าน
32828869,อุบัติเหตุบนท้องถนน
32828869,ประกันภัยรถ
32835441,ประกันสุขภาพ
32839463,ประกันภัยรถ
32839463,รถยนต์
32839463,honda (รถยนต์)
32839531,ประกันภัยรถ
32843340,ร้องทุกข์
32843340,ปัญหาชีวิต
32843340,กฎหมายชาวบ้าน
32843340,คุ้มครองผู้บริโภค
32843340,ประกันสุขภาพ
32844362,ประกันภัยรถ
32844362,รถยนต์
32854433,ประกันสังคม
32854433,ประกันสุขภาพ
32854466,ประกันภัยรถ
32854466,อุบัติเหตุบนท้องถนน
32857819,ประกันสุขภาพ
32857819,คุ้มครองผู้บริโภค
32857819,ร้องทุกข์
32866637,ประกันสุขภาพ
32866637,แพทย์
32866637,ประกันภัยรถ
32866637,การเงิน
32866637,โรงพยาบาล
32870745,อู่ซ่อมรถ
32870745,อะไหล่รถ
32870745,ประกันภัยรถ
32870745,รถยนต์
32870745,รถกระบะ
32872118,คนไทยในญี่ปุ่น
32872118,ประเทศญี่ปุ่น
32872118,ประกันสุขภาพ
32872118,แพทย์
32872118,โรงพยาบาล
32888852,ประกันภัยรถ
32892090,บัตรเครดิต
32892090,คุ้มครองผู้บริโภค
32892090,ประกันสุขภาพ
32900471,ประกันภัยรถ
32900471,รถยนต์
32900471,ร้องทุกข์
32905798,ประกันสุขภาพ
32907202,ประกันภัยรถ
32907202,รถยนต์
32918208,ประกันภัยรถ
32918208,อุบัติเหตุบนท้องถนน
32926740,โรงพยาบาล
32926740,ประกันสุขภาพ
32935825,ประกันภัยรถ
32937060,ซ่อมบำรุงรถยนต์
32937060,แต่งรถ
32937060,รถยนต์ไฮบริด
32937060,อู่ซ่อมรถ
32937060,ประกันภัยรถ
32938039,ประกันสุขภาพ
32941574,ประกันภัยรถ
32941574,รถยนต์
32941574,อุบัติเหตุบนท้องถนน
32941574,honda (รถยนต์)
32941902,ประกันสังคม
32941902,ประกันสุขภาพ
32941902,โรงพยาบาล
32945079,สุขภาพจิต
32945079,ประกันสุขภาพ
32945079,โรงพยาบาล
32960048,สังคมคุณแม่
32960048,ร้องทุกข์
32960048,งานขาย
32960048,คุ้มครองผู้บริโภค
32960048,ประกันสุขภาพ
32966834,ธนาคาร
32966834,ประกันสุขภาพ
32966834,สินเชื่อเพื่อที่อยู่อาศัย
32968030,ธนาคาร
32968030,ธนาคารกสิกรไทย
32968030,ประกันสุขภาพ
32969056,บัญชี
32969056,ltf
32969056,rmf
32969056,ภาษีเงินได้บุคคลธรรมดา
32969056,ประกันสุขภาพ
32976378,ประกันภัยรถ
32983864,ประกันภัยรถ
32998825,ประกันภัยรถ
33000737,ประกันภัยรถ
33012182,ประกันภัยรถ
33012182,คุ้มครองผู้บริโภค
33019535,ธนาคารไทยพาณิชย์
33019535,สินเชื่อเพื่อที่อยู่อาศัย
33019535,ประกันสุขภาพ
33019590,toyota
33019590,ประกันภัยรถ
33019590,ซ่อมบำรุงรถยนต์
33025549,ประกันภัยการเดินทาง
33025549,ประกันภัยรถ
33025549,คุ้มครองผู้บริโภค
33026237,ประกันภัยรถ
33026558,ประกันสุขภาพ
33038180,ประกันภัยรถ
33060143,การลงทุน
33060143,ltf
33060143,ประกันสุขภาพ
33060698,ประกันภัยรถ
33062689,มนุษย์เงินเดือน
33062689,การเงิน
33062689,ประกันสุขภาพ
33062950,suv
33062950,ฟิล์มรถยนต์
33062950,ประกันภัยรถ
33062950,honda (รถยนต์)
33064534,บัตรเครดิต
33064534,ประกันสังคม
33064534,ประกันภัยการเดินทาง
33064534,ประกันภัยรถ
33064534,ประกันสุขภาพ
33066984,ประกันภัยการเดินทาง
33066984,เที่ยวต่างประเทศ
33066984,ประเทศปากีสถาน
33068330,ประกันภัยรถ
33068330,คุ้มครองผู้บริโภค
33068330,รถกระบะ
33073394,ประกันภัยรถ
33073618,อู่ซ่อมรถ
33073618,รถยนต์
33073618,ประกันภัยรถ
33073618,ร้องทุกข์
33077190,บัตรเครดิต
33077190,ร้องทุกข์
33077190,สินเชื่อธุรกิจ
33077190,การเงิน
33077190,ประกันสุขภาพ
33081755,สังคมคุณแม่
33081755,บัตรเครดิต
33081755,ร้องทุกข์
33081755,คุ้มครองผู้บริโภค
33081755,ประกันสุขภาพ
33084181,ประกันภัยรถ
33086671,toyota
33086671,ซ่อมบำรุงรถยนต์
33086671,สุนัข
33086671,อุบัติเหตุบนท้องถนน
33086671,ประกันภัยรถ
33091338,ประกันภัยรถ
33091338,big bike
33091338,มอเตอร์ไซค์
33091338,honda (มอเตอร์ไซค์)
33098411,อู่ซ่อมรถ
33098411,มอเตอร์ไซค์
33098411,ประกันภัยรถ
33101428,ประกันภัยรถ
33101428,ระบบรักษาความปลอดภัยในบ้าน
33102029,ประกันภัยรถ
33102029,มอเตอร์ไซค์
33103879,อะไหล่รถ
33103879,honda (รถยนต์)
33103879,อู่ซ่อมรถ
33103879,ประกันภัยรถ
33103879,รถยนต์
33104389,การลงทุน
33104389,เศรษฐกิจ
33104389,ประกันสุขภาพ
33110499,ประกันภัยรถ
33110499,อุบัติเหตุบนท้องถนน
33115908,กฎหมายชาวบ้าน
33115908,ประกันภัยรถ
33115908,รถยนต์
33115908,ปัญหาสังคม
33115908,คุ้มครองผู้บริโภค
33133484,ประกันสุขภาพ
33133484,คุ้มครองผู้บริโภค
33133484,ร้องทุกข์
33136977,toyota
33136977,ประกันภัยรถ
33136977,รถยนต์
33138801,ประกันภัยรถ
33138801,รถยนต์
33139331,ซ่อมบำรุงรถยนต์
33139331,ร้องทุกข์
33139331,อุบัติเหตุบนท้องถนน
33139331,ประกันภัยรถ
33139331,รถยนต์
33143146,ประกันภัยรถ
33143146,คุ้มครองผู้บริโภค
33151575,ประกันภัยรถ
33152802,ประกันภัยรถ
33152802,รถยนต์
33152802,toyota fortuner
33191703,ประกันภัยรถ
33191703,กฎหมายชาวบ้าน
33191703,คุ้มครองผู้บริโภค
33191703,ร้องทุกข์
33193754,อุบัติเหตุบนท้องถนน
33193754,ประกันภัยรถ
33193754,รถยนต์
33193754,ซ่อมบำรุงรถยนต์
33203190,การเงิน
33203190,ปัญหาชีวิต
33203190,ประกันสุขภาพ
33208467,ประกันภัยรถ
33216124,ประกันภัยรถ
33216124,ซ่อมบำรุงรถยนต์
33222696,ประกันภัยรถ
33222696,อุบัติเหตุบนท้องถนน
33234884,บัตรเครดิต
33234884,การเงิน
33234884,ประกันสุขภาพ
33248396,ประกันสังคม
33248396,ประกันสุขภาพ
33244948,รถยนต์
33244948,ประกันภัยรถ
33244948,กฎหมายชาวบ้าน
33244948,อุบัติเหตุบนท้องถนน
33246469,บัตรเครดิต
33246469,ร้องทุกข์
33246469,ปัญหาสังคม
33246469,คุ้มครองผู้บริโภค
33246469,ประกันสุขภาพ
33247383,อู่ซ่อมรถ
33247383,ประกันภัยรถ
33247383,ปัญหาชีวิต
33253919,toyota
33253919,ประกันภัยรถ
33253919,ซ่อมบำรุงรถยนต์
33263241,คุ้มครองผู้บริโภค
33263241,ประกันสุขภาพ
33265218,สุขภาพกาย
33265218,ประกันสุขภาพ
33269967,ธนาคาร
33269967,กฎหมายชาวบ้าน
33269967,คุ้มครองผู้บริโภค
33269967,ประกันสุขภาพ
33270230,ซ่อมบำรุงรถยนต์
33270230,ใบขับขี่
33270230,กฎหมายชาวบ้าน
33270230,อุบัติเหตุบนท้องถนน
33270230,ประกันภัยรถ
33271280,การลงทุน
33271280,ประกันสุขภาพ
33278992,ประกันภัยรถ
33278992,รถยนต์
33278992,ซ่อมบำรุงรถยนต์
33278992,อะไหล่รถ
33281718,ประกันสุขภาพ
33284063,ประกันภัยรถ
33284063,รถยนต์
33293155,ประกันภัยรถ
33293155,บันทึกนักเดินทาง
33293155,กฎหมายชาวบ้าน
33293155,มอเตอร์ไซค์
33294230,ประกันภัยการเดินทาง
33294230,เที่ยวต่างประเทศ
33294230,backpack
33294230,สายการบิน
33309043,ร้องทุกข์
33309043,กฎหมายชาวบ้าน
33309043,ประกันภัยรถ
33309043,ปัญหาสังคม
33309043,คุ้มครองผู้บริโภค
33309769,คุ้มครองผู้บริโภค
33309769,ประกันสุขภาพ
33311154,สุขภาพกาย
33311154,คุ้มครองผู้บริโภค
33311154,ประกันสุขภาพ
33312329,โรงพยาบาล
33312329,กฎหมายชาวบ้าน
33312329,ประกันสุขภาพ
33318004,ประกันภัยรถ
33318004,รถยนต์
33318004,อู่ซ่อมรถ
33321452,toyota
33321452,ประกันภัยรถ
33321452,อู่ซ่อมรถ
33321816,ซ่อมบำรุงรถยนต์
33321816,isuzu
33321816,อู่ซ่อมรถ
33321816,ประกันภัยรถ
33321816,รถยนต์
33324530,ประกันภัยรถ
33333033,สังคมคุณแม่
33333033,สุขภาพกาย
33333033,ประกันสุขภาพ
33335803,มนุษย์เงินเดือน
33335803,ร้องทุกข์
33335803,ประกันสุขภาพ
33342943,บัตรเครดิต
33342943,ประกันสุขภาพ
33344137,ครอบครัว
33344137,ประกันสุขภาพ
33349267,การออมเงิน
33349267,ปัญหาสังคม
33349267,คุ้มครองผู้บริโภค
33349267,ประกันสุขภาพ
33352888,กฎหมายชาวบ้าน
33352888,คุ้มครองผู้บริโภค
33352888,ประกันสุขภาพ
33373676,ประกันสุขภาพ
33404786,สังคมคุณแม่
33404786,สุขภาพกาย
33404786,ประกันสุขภาพ
33407552,ประกันภัยรถ
33411055,หุ้น
33411055,การออมเงิน
33411055,เศรษฐกิจ
33411055,คุ้มครองผู้บริโภค
33411055,ประกันสุขภาพ
33411638,การลงทุน
33411638,ร้องทุกข์
33411638,กฎหมายชาวบ้าน
33411638,คุ้มครองผู้บริโภค
33411638,ประกันสุขภาพ
33412558,ประกันภัยรถ
33412558,การจราจร
33416800,ประกันภัยการเดินทาง
33416800,การออมเงิน
33416800,ธนาคารกรุงเทพ
33417897,โรงพยาบาล
33417897,ประกันสุขภาพ
33427107,การเลี้ยงลูก
33427107,ประกันสุขภาพ
33430265,ประกันสุขภาพ
33432037,อู่ซ่อมรถ
33432037,ประกันภัยรถ
33432037,อะไหล่รถ
33432037,mazda
33433434,ประกันภัยรถ
33433434,การออมเงิน
33433434,การลงทุน
33433434,ประกันสุขภาพ
33439479,ประกันภัยรถ
33439479,รถยนต์
33439479,อุบัติเหตุบนท้องถนน
33439479,มอเตอร์ไซค์
33443547,ประกันสุขภาพ
33448343,ประกันภัยรถ
33448343,อุบัติเหตุบนท้องถนน
33448343,การจราจร
33448343,ซ่อมบำรุงรถยนต์
33476200,การลงทุน
33476200,การออมเงิน
33476200,มนุษย์เงินเดือน
33476200,ประกันสุขภาพ
33476520,ประกันสุขภาพ
33496475,ประกันภัยรถ
33496475,honda (รถยนต์)
33496475,honda civic
33503263,ประกันภัยรถ
33503263,มนุษย์เงินเดือน
33503263,honda (รถยนต์)
33505999,สังคมคุณแม่
33505999,ประกันสุขภาพ
33513735,ซ่อมบำรุงรถยนต์
33513735,ประกันภัยรถ
33513735,อู่ซ่อมรถ
33513735,รถยนต์
33513735,mitsubishi (รถยนต์)
33522798,ประกันภัยรถ
33522798,รถยนต์
33522798,อุบัติเหตุบนท้องถนน
33522798,ปัญหาชีวิต
33524638,ประกันภัยรถ
33524638,การเงิน
33524638,ประกันสุขภาพ
33531572,ประกันสุขภาพ
33541876,ประกันภัยรถ
33541876,กฎหมายชาวบ้าน
33541876,อุบัติเหตุบนท้องถนน
33541876,ดูแลและซ่อมแซมบ้าน
33547271,ประกันภัยรถ
33551122,คุ้มครองผู้บริโภค
33551122,ร้องทุกข์
33551122,ประกันสุขภาพ
33564119,toyota
33564119,ประกันภัยรถ
33564119,รถยนต์
33564119,กฎหมายชาวบ้าน
33574121,ประกันภัยการเดินทาง
33574121,เที่ยวต่างประเทศ
33574121,คนไทยในฝรั่งเศส
33574121,เรียนต่อต่างประเทศ
33590659,ประกันสุขภาพ
33592203,ประกันภัยรถ
33592203,รถยนต์
33592203,อุบัติเหตุบนท้องถนน
33593259,การออมเงิน
33593259,การลงทุน
33593259,ประกันสุขภาพ
33601364,ประกันภัยรถ
33601364,อุบัติเหตุบนท้องถนน
33614564,ประกันภัยรถ
33620460,ร้องทุกข์
33620460,ธนาคาร
33620460,ธนาคารกสิกรไทย
33620460,คุ้มครองผู้บริโภค
33620460,ประกันสุขภาพ
33628932,คุ้มครองผู้บริโภค
33628932,ประกันสุขภาพ
33631051,สังคมคุณแม่
33631051,โรงพยาบาล
33631051,การเลี้ยงลูก
33631051,ประกันสุขภาพ
33637560,ร้องทุกข์
33637560,ปัญหาชีวิต
33637560,สุขภาพกาย
33637560,ประกันสุขภาพ
33637560,โรงพยาบาล
33639031,อะไหล่รถ
33639031,อู่ซ่อมรถ
33639031,อุบัติเหตุบนท้องถนน
33639031,ประกันภัยรถ
33639031,รถยนต์
33646399,ประกันภัยรถ
33646399,รถกระบะ
33651811,โรงพยาบาล
33651811,พยาบาล
33651811,สุขภาพกาย
33651811,แพทย์
33651811,ประกันสุขภาพ
33651986,จักรยาน
33651986,กฎหมายชาวบ้าน
33651986,อุบัติเหตุบนท้องถนน
33651986,ประกันภัยรถ
33651986,คุ้มครองผู้บริโภค
33670303,ไปรษณีย์ไทย
33670303,ประกันภัยรถ
33670303,รถยนต์
33670303,อุบัติเหตุบนท้องถนน
33676492,ประกันสุขภาพ
33698724,คุ้มครองผู้บริโภค
33698724,ประกันสุขภาพ
33699431,กฎหมายชาวบ้าน
33699431,ประกันสุขภาพ
33706173,value investment
33706173,การบริหารจัดการ
33706173,ประกันภัยรถ
33706173,อู่ซ่อมรถ
33706173,รถยนต์
33715353,ประกันสุขภาพ
33715353,คุ้มครองผู้บริโภค
33715353,ร้องทุกข์
33715511,โรงพยาบาล
33715511,สุขภาพกาย
33715511,มนุษย์เงินเดือน
33715511,คุ้มครองผู้บริโภค
33715511,ประกันสุขภาพ
33722540,การออมเงิน
33722540,ประกันสุขภาพ
33723509,ประกันภัยรถ
33723509,รถยนต์
33732282,อู่ซ่อมรถ
33732282,รถยนต์
33732282,ซ่อมบำรุงรถยนต์
33732282,ประกันภัยรถ
33732764,โรงพยาบาล
33732764,ร้องทุกข์
33732764,สุขภาพกาย
33732764,คุ้มครองผู้บริโภค
33732764,ประกันสุขภาพ
33735951,ประกันสังคม
33735951,ประกันสุขภาพ
33738671,อู่ซ่อมรถ
33738671,ซ่อมบำรุงรถยนต์
33738671,ประกันภัยรถ
33743763,toyota
33743763,ประกันภัยรถ
33743763,คุ้มครองผู้บริโภค
33743763,อุบัติเหตุบนท้องถนน
33743787,ประกันภัยรถ
33743787,รถยนต์
33743787,mitsubishi (รถยนต์)
33748188,อะไหล่รถ
33748188,อุบัติเหตุบนท้องถนน
33748188,ประกันภัยรถ
33748188,อู่ซ่อมรถ
33748188,รถยนต์
33755731,toyota
33755731,อู่ซ่อมรถ
33755731,ใบขับขี่
33755731,อุบัติเหตุบนท้องถนน
33755731,ประกันภัยรถ
33760078,กฎหมายชาวบ้าน
33760078,ประกันภัยรถ
33760078,ปัญหาสังคม
33760078,คุ้มครองผู้บริโภค
33760078,รถกระบะ
33762084,ประกันสุขภาพ
33769704,บันทึกนักเดินทาง
33769704,ประกันภัยการเดินทาง
33769704,เที่ยวต่างประเทศ
33769704,backpack
33769704,คุ้มครองผู้บริโภค
33772113,ซ่อมบำรุงรถยนต์
33772113,กฎหมายชาวบ้าน
33772113,อุบัติเหตุบนท้องถนน
33772113,ประกันภัยรถ
33772113,รถยนต์
33779974,ร้องทุกข์
33779974,ประกันสุขภาพ
33779974,การเงิน
33779974,คุ้มครองผู้บริโภค
33779974,โรงพยาบาล
33787889,คุ้มครองผู้บริโภค
33787889,ประกันสุขภาพ
33787889,ปัญหาชีวิต
33791857,ประกันภัยรถ
33791857,อุบัติเหตุบนท้องถนน
33791857,ซ่อมบำรุงรถยนต์
33794192,ร้องทุกข์
33794192,ประกันภัยรถ
33794192,สินเชื่อรถยนต์
33794192,อู่ซ่อมรถ
33794192,คุ้มครองผู้บริโภค
33796565,ซ่อมบำรุงรถยนต์
33796565,honda (รถยนต์)
33796565,อู่ซ่อมรถ
33796565,ประกันภัยรถ
33796565,รถยนต์
33797499,ประกันสุขภาพ
33801595,ภาคอีสาน
33801595,อสังหาริมทรัพย์
33801595,อุบัติเหตุบนท้องถนน
33801595,การจราจร
33801595,ประกันภัยรถ
33812586,ประกันสุขภาพ
33821811,ประกันภัยรถ
33821811,คุ้มครองผู้บริโภค
33821811,สินเชื่อรถยนต์
33825524,สุขภาพกาย
33825524,ประกันสุขภาพ
33842382,suzuki (รถยนต์)
33842382,อู่ซ่อมรถ
33842382,รถยนต์
33842382,ประกันภัยรถ
33845518,คุ้มครองผู้บริโภค
33845518,ร้องทุกข์
33845518,ประกันสุขภาพ
33847734,chevrolet
33847734,อุบัติเหตุบนท้องถนน
33847734,ประกันภัยรถ
33847734,รถยนต์
33847734,chevrolet trailblazer
33852022,ประกันภัยรถ
33852022,รถยนต์
33855829,สุขภาพกาย
33855829,ประกันสุขภาพ
33860276,ประกันภัยรถ
33865475,คุ้มครองผู้บริโภค
33865475,ประกันสุขภาพ
33869005,ประกันภัยรถ
33869005,โทรศัพท์มือถือ
33869005,ร้องทุกข์
33869933,ธนาคาร
33869933,งานขาย
33869933,คุ้มครองผู้บริโภค
33869933,ประกันสุขภาพ
33873345,โรงพยาบาล
33873345,เศรษฐกิจ
33873345,แพทย์
33873345,คุ้มครองผู้บริโภค
33873345,ประกันสุขภาพ
33875216,เตือนภัย
33875216,ร้องทุกข์
33875216,กฎหมายชาวบ้าน
33875216,คุ้มครองผู้บริโภค
33875216,ประกันสุขภาพ
33877106,ประกันภัยรถ
33879442,ประกันสุขภาพ
33884813,ซ่อมบำรุงรถยนต์
33884813,อะไหล่รถ
33884813,mazda
33884813,ประกันภัยรถ
33884813,รถยนต์
33894927,ซ่อมบำรุงรถยนต์
33894927,อู่ซ่อมรถ
33894927,อุบัติเหตุบนท้องถนน
33894927,ประกันภัยรถ
33894927,รถยนต์
33896192,ครอบครัว
33896192,ประกันสังคม
33896192,ปัญหาครอบครัว
33896192,ประกันสุขภาพ
33899733,คุ้มครองผู้บริโภค
33899733,ประกันสุขภาพ
33902756,ประกันสุขภาพ
33904575,ภาคใต้
33904575,จังหวัดสุราษฎร์ธานี
33904575,ประกันภัยรถ
33904575,รถยนต์
33904575,ford
33910910,การออมเงิน
33910910,ประกันสุขภาพ
33911652,โรงพยาบาล
33911652,อุบัติเหตุ
33911652,ประกันสุขภาพ
33913047,ประกันภัยรถ
33913047,รถยนต์
33913047,honda (รถยนต์)
33933260,mazda
33933260,ประกันภัยรถ
33933260,อะไหล่รถ
33933260,อู่ซ่อมรถ
33935650,สุขภาพกาย
33935650,โรคในผู้สูงอายุ
33935650,ประกันสุขภาพ
33936548,ประกันภัยรถ
33936548,คุ้มครองผู้บริโภค
33939731,ประกันสุขภาพ
33943890,ประกันสุขภาพ
33953324,เตือนภัย
33953324,ร้องทุกข์
33953324,ธนาคาร
33953324,คุ้มครองผู้บริโภค
33953324,ประกันสุขภาพ
33956020,ประกันภัยการเดินทาง
33956020,ประกันภัยรถ
33956020,ประกันสังคม
33956020,ประกันสุขภาพ
33959381,ธนาคาร
33959381,ธนาคารกรุงศรีอยุธยา
33959381,ประกันสุขภาพ
33959706,ประกันภัยรถ
33959706,รถยนต์
33959706,อู่ซ่อมรถ
33959706,honda (รถยนต์)
33960236,ประกันสังคม
33960236,ประกันสุขภาพ
33960677,ประกันภัยรถ
33960677,รถยนต์
33960677,รถกระบะ
33963515,ประกันภัยรถ
33963515,อุบัติเหตุบนท้องถนน
33963515,ซ่อมบำรุงรถยนต์
33967395,ประกันสุขภาพ
33967395,คุ้มครองผู้บริโภค
33967395,เตือนภัย
33967395,ร้องทุกข์
33976020,ประกันภัยรถ
33976020,อุบัติเหตุบนท้องถนน
33976248,ประกันสุขภาพ
33982961,suzuki (รถยนต์)
33982961,ประกันภัยรถ
33982961,รถยนต์
33994582,อู่ซ่อมรถ
33994582,อุบัติเหตุบนท้องถนน
33994582,ประกันภัยรถ
34006491,บัตรเครดิต
34006491,คุ้มครองผู้บริโภค
34006491,ประกันสุขภาพ
34007470,สังคมคุณแม่
34007470,เจ้าของธุรกิจ
34007470,การออมเงิน
34007470,ปัญหาครอบครัว
34007470,ประกันสุขภาพ
34010529,ประกันภัยรถ
34010529,รถกระบะ
34014324,บัตรเครดิต
34014324,คุ้มครองผู้บริโภค
34014324,ทันตกรรม
34014324,ประกันสุขภาพ
34018638,ประกันภัยรถ
34018638,รถยนต์
34018638,อุบัติเหตุบนท้องถนน
34018638,อู่ซ่อมรถ
34020455,บัตรเครดิต
34020455,ประกันภัยการเดินทาง
34020455,ธนาคาร
34020455,การเงิน
34020455,ประกันสุขภาพ
34036076,ประกันสุขภาพ
34041238,ประกันภัยรถ
34041238,รถยนต์
34041238,ปัญหาสังคม
34041632,บัตรเครดิต
34041632,กฎหมายชาวบ้าน
34041632,คุ้มครองผู้บริโภค
34041632,ประกันสุขภาพ
34067078,ประกันภัยการเดินทาง
34067078,เที่ยวต่างประเทศ
34067078,backpack
34082283,ประกันภัยรถ
34082283,รถยนต์
34082283,อุบัติเหตุบนท้องถนน
34096454,ประกันภัยรถ
34096454,อุบัติเหตุบนท้องถนน
34096454,ร้องทุกข์
34098087,toyota
34098087,อุบัติเหตุบนท้องถนน
34098087,การจราจร
34098087,ประกันภัยรถ
34098087,ford
34100001,คุ้มครองผู้บริโภค
34100001,ประกันสุขภาพ
34102092,คุ้มครองผู้บริโภค
34102092,ประกันสุขภาพ
34113318,ซ่อมบำรุงรถยนต์
34113318,อู่ซ่อมรถ
34113318,สินเชื่อรถยนต์
34113318,ประกันภัยรถ
34113318,รถยนต์
34113388,โรงพยาบาล
34113388,ร้องทุกข์
34113388,ชีวิตในต่างแดน
34113388,คุ้มครองผู้บริโภค
34113388,ประกันสุขภาพ
34117903,สุขภาพกาย
34117903,ประกันสุขภาพ
34121608,ประกันภัยรถ
34121608,เจ้าของธุรกิจ
34121608,คุ้มครองผู้บริโภค
34133813,ประกันภัยรถ
34134387,ประกันภัยรถ
34134387,รถยนต์
34134387,อุบัติเหตุบนท้องถนน
34153846,ประกันภัยรถ
34153846,อะไหล่รถ
34153846,ซ่อมบำรุงรถยนต์
34153846,อู่ซ่อมรถ
34155064,ธนาคาร
34155064,การออมเงิน
34155064,ประกันสุขภาพ
34162093,ประกันภัยรถ
34162097,มนุษย์เงินเดือน
34162097,การเงิน
34162097,คุ้มครองผู้บริโภค
34162097,ประกันสุขภาพ
34166469,ประกันภัยรถ
34166469,รถยนต์
34166469,กฎหมายชาวบ้าน
34166469,สินเชื่อรถยนต์
34167066,การเงิน
34167066,คุ้มครองผู้บริโภค
34167066,ประกันสุขภาพ
34175845,ประกันภัยรถ
34175845,รถยนต์
34175845,อู่ซ่อมรถ
34182892,บัตรเครดิต
34182892,ประกันภัยรถ
34182892,คุ้มครองผู้บริโภค
34182892,ประกันสุขภาพ
34192219,สังคมคุณแม่
34192219,ครอบครัว
34192219,โรงพยาบาล
34192219,ประกันสุขภาพ
34192247,ประกันภัยการเดินทาง
34192247,ประกันภัยรถ
34192247,คุ้มครองผู้บริโภค
34192247,ประกันสุขภาพ
34194863,ร้องทุกข์
34194863,กฎหมายชาวบ้าน
34194863,การเลี้ยงลูก
34194863,คุ้มครองผู้บริโภค
34194863,ประกันสุขภาพ
34202288,ประกันสังคม
34202288,ปัญหาชีวิต
34202288,ประกันภัยการเดินทาง
34202288,ประกันภัยรถ
34202288,ประกันสุขภาพ
34204772,ประกันสุขภาพ
34204772,สุขภาพกาย
34204772,คุ้มครองผู้บริโภค
34204772,โรงพยาบาล
34205819,สังคมคุณแม่
34205819,ครอบครัว
34205819,การเลี้ยงลูก
34205819,ประกันสุขภาพ
34212288,ชีวิตในต่างแดน
34212288,ครอบครัว
34212288,ประกันสุขภาพ
34214497,สุขภาพกาย
34214497,ประกันสุขภาพ
34217129,คุ้มครองผู้บริโภค
34217129,ร้องทุกข์
34217129,ประกันสุขภาพ
34225459,รถยนต์
34225459,ประกันภัยรถ
34225459,กฎหมายชาวบ้าน
34225459,คุ้มครองผู้บริโภค
34229935,ประกันสังคม
34229935,ประกันสุขภาพ
34238136,ประกันสุขภาพ
34238198,บัตรเครดิต
34238198,ประกันสุขภาพ
34240242,ปัญหาสังคม
34240242,คุ้มครองผู้บริโภค
34240242,ประกันสุขภาพ
34246563,โรงพยาบาล
34246563,ประกันสุขภาพ
34246634,ประกันสุขภาพ
34267346,ประกันภัยรถ
34268327,toyota
34268327,อู่ซ่อมรถ
34268327,สินเชื่อรถยนต์
34268327,ประกันภัยรถ
34268327,รถยนต์
34272963,ธนาคาร
34272963,ธนาคารกรุงไทย
34272963,ประกันสุขภาพ
34273682,ประกันสุขภาพ
34273682,โรงพยาบาล
34277247,ประกันภัยรถ
34277247,คุ้มครองผู้บริโภค
34280846,ประกันสุขภาพ
34280846,ร้องทุกข์
34281184,ประกันสุขภาพ
34281184,กฎหมายชาวบ้าน
34281184,คุ้มครองผู้บริโภค
34281184,โรงพยาบาล
34282072,ธนาคาร
34282072,ประกันภัยรถ
34282072,ประกันสุขภาพ
34282072,สินเชื่อรถยนต์
34286274,ประกันภัยรถ
34286274,รถยนต์
34288624,ประกันภัยรถ
34307244,บัตรเครดิต
34307244,ธนาคารกสิกรไทย
34307244,คุ้มครองผู้บริโภค
34307244,ประกันสุขภาพ
34313983,ประกันภัยรถ
34313983,รถยนต์
34315197,ประกันภัยรถ
34315197,รถยนต์
34318400,ประกันภัยรถ
34318400,รถยนต์
34318400,อุบัติเหตุบนท้องถนน
34327419,การออมเงิน
34327419,การเงิน
34327419,ประกันสุขภาพ
34332826,บัตรเครดิต
34332826,ประกันภัยรถ
34332826,เครดิตบูโร
34332826,ประกันสุขภาพ
34336249,คุ้มครองผู้บริโภค
34336249,ประกันสุขภาพ
34357375,บัตรเครดิต
34357375,การลงทุน
34357375,ปัญหาชีวิต
34357375,ประกันสุขภาพ
34366062,ประกันภัยรถ
34366603,ธนาคาร
34366603,ประกันสุขภาพ
34377036,พยาบาล
34377036,เจ้าของธุรกิจ
34377036,ประกันสุขภาพ
34377036,ปัญหาสังคม
34377036,โรงพยาบาล
34385155,ประกันภัยรถ
34385155,คุ้มครองผู้บริโภค
34385155,ประกันสุขภาพ
34393127,ร้องทุกข์
34393127,ธนาคาร
34393127,ปัญหาสังคม
34393127,คุ้มครองผู้บริโภค
34393127,ประกันสุขภาพ
34396483,ประกันภัยรถ
34407451,ประกันภัยรถ
34407451,อุบัติเหตุบนท้องถนน
34407451,เตือนภัย
34442194,ปัญหาสังคม
34442194,ประกันสุขภาพ
34442194,ชีวิตวัยรุ่น
34442194,ปัญหาชีวิต
34446380,ร้องทุกข์
34446380,อุบัติเหตุบนท้องถนน
34446380,ประกันภัยรถ
34446380,รถยนต์
34446380,คุ้มครองผู้บริโภค
34447139,บัตรเครดิต
34447139,ธนาคาร
34447139,ประกันสุขภาพ
34452100,ธนาคาร
34452100,การออมเงิน
34452100,สินเชื่อธุรกิจ
34452100,การเงิน
34452100,ประกันสุขภาพ
34455330,ประกันภัยรถ
34455330,มอเตอร์ไซค์
34456850,ร้องทุกข์
34456850,ประกันสุขภาพ
34459525,toyota
34459525,ประกันภัยรถ
34459525,รถยนต์
34464012,ประกันสุขภาพ
34468122,chevrolet
34468122,ประกันภัยรถ
34468122,รถยนต์
34469810,สุขภาพกาย
34469810,งานขาย
34469810,ประกันสุขภาพ
34472068,ร้องทุกข์
34472068,ประกันสุขภาพ
34472068,การเงิน
34472068,คุ้มครองผู้บริโภค
34472068,ธุรกรรมทางการเงิน
34475817,ประกันสุขภาพ
34476854,ประกันภัยรถ
34476854,กฎหมายชาวบ้าน
34476854,อุบัติเหตุบนท้องถนน
34480401,ประกันสุขภาพ
34480401,โรงพยาบาล
34482926,ประกันภัยรถ
34482926,ford focus
34482926,ford
34485269,อู่ซ่อมรถ
34485269,ประกันภัยรถ
34492282,ประกันสุขภาพ
34495100,ประกันสุขภาพ
34496240,คุ้มครองผู้บริโภค
34496240,ประกันสุขภาพ
34499258,เตือนภัย
34499258,กฎหมายชาวบ้าน
34499258,ปัญหาสังคม
34499258,คุ้มครองผู้บริโภค
34499258,ประกันสุขภาพ
34507073,การเงิน
34507073,ปัญหาสังคม
34507073,ประกันสุขภาพ
34507975,ประกันสุขภาพ
34509135,แพทย์
34509135,โรงพยาบาล
34509135,ทันตกรรม
34509135,ประกันสุขภาพ
34514870,การออมเงิน
34514870,การเงิน
34514870,กฎหมายชาวบ้าน
34514870,ประกันสุขภาพ
34525201,แพทย์
34525201,โรงพยาบาล
34525201,ประกันสุขภาพ
34525927,อู่ซ่อมรถ
34525927,ประกันภัยรถ
34539074,การลงทุน
34539074,สุขภาพกาย
34539074,มนุษย์เงินเดือน
34539074,สินเชื่อธุรกิจ
34539074,ประกันสุขภาพ
34544911,ประกันภัยการเดินทาง
34544911,อุบัติเหตุ
34544911,คุ้มครองผู้บริโภค
34545673,ครอบครัว
34545673,สุขภาพกาย
34545673,ประกันสุขภาพ
34545673,ปัญหาครอบครัว
34545673,โรงพยาบาล
34547199,ประกันสุขภาพ
34554075,ประกันสุขภาพ
34554075,การเงิน
34554075,คุ้มครองผู้บริโภค
34554075,มนุษย์เงินเดือน
34558798,ประกันภัยรถ
34558798,อุบัติเหตุบนท้องถนน
34558920,ร้องทุกข์
34558920,คุ้มครองผู้บริโภค
34558920,ปัญหาชีวิต
34558920,ประกันสุขภาพ
34559477,บัตรเครดิต
34559477,การลงทุน
34559477,ธนาคาร
34559477,การออมเงิน
34559477,ประกันสุขภาพ
34560766,ประกันภัยการเดินทาง
34560766,เที่ยวต่างประเทศ
34560766,สายการบิน
34566824,สังคมคุณแม่
34566824,ประกันสุขภาพ
34566918,ประกันสุขภาพ
34566923,มอเตอร์ไซค์
34566923,น้ำมันเครื่อง
34566923,ร้องทุกข์
34566923,ประกันภัยรถ
34566923,อู่ซ่อมรถ
34567477,ประกันภัยรถ
34567477,ร้องทุกข์
34567477,สินเชื่อรถยนต์
34576940,กฎหมายชาวบ้าน
34576940,มนุษย์เงินเดือน
34576940,สุขภาพกาย
34576940,คุ้มครองผู้บริโภค
34576940,ประกันสุขภาพ
34583765,บัตรเครดิต
34583765,โทรศัพท์
34583765,ประกันสุขภาพ
34590961,อู่ซ่อมรถ
34590961,คุ้มครองผู้บริโภค
34590961,ประกันภัยรถ
34590961,ร้องทุกข์
34599098,ร้องทุกข์
34599098,กฎหมายชาวบ้าน
34599098,จังหวัดเชียงใหม่
34599098,ประกันภัยรถ
34599098,คุ้มครองผู้บริโภค
34599101,ธนาคาร
34599101,บัตรเครดิต
34599101,คุ้มครองผู้บริโภค
34599101,ประกันสุขภาพ
34600167,มนุษย์เงินเดือน
34600167,สินเชื่อรถยนต์
34600167,ประกันภัยรถ
34600167,รถยนต์
34600167,การเงิน
34606005,มอเตอร์ไซค์
34606005,แต่งรถ
34606005,อุบัติเหตุบนท้องถนน
34606005,ประกันภัยรถ
34606005,รถยนต์
34607186,ธนาคาร
34607186,การเงิน
34607186,ปัญหาครอบครัว
34607186,ประกันสุขภาพ
34609699,ประกันภัยรถ
34610857,ประกันสังคม
34610857,หลักประกันสุขภาพถ้วนหน้า (บัตรทอง)
34610857,ประกันสุขภาพ
34612009,การเงิน
34612009,ประกันสุขภาพ
34619210,ประกันภัยรถ
34619210,อะไหล่รถ
34621470,แพทย์
34621470,โรงพยาบาล
34621470,สุขภาพกาย
34621470,ประกันสุขภาพ
34624471,ประกันสุขภาพ
34636870,ประกันภัยรถ
34636870,รถยนต์
34636870,งานขาย
34636870,รถกระบะ
34650475,สุขภาพกาย
34650475,ประกันสุขภาพ
34650978,toyota
34650978,ประกันภัยรถ
34650978,อู่ซ่อมรถ
34656581,ประกันสุขภาพ
34659184,โรคเบาหวาน
34659184,สุขภาพกาย
34659184,ฝากครรภ์
34659184,ประกันสุขภาพ
34666635,ประกันภัยรถ
34670142,ธนาคาร
34670142,ธนาคารกรุงไทย
34670142,ประกันสุขภาพ
34676201,บัตรเครดิต
34676201,ประกันสุขภาพ
34678511,โรงพยาบาล
34678511,ประกันสุขภาพ
34685287,การลงทุน
34685287,สุขภาพกาย
34685287,ประกันสุขภาพ
34693531,ประกันภัยการเดินทาง
34693531,ประกันภัยรถ
34693531,ประกันสังคม
34693531,ประกันสุขภาพ
34696848,ประกันภัยรถ
34696848,รถยนต์
34696848,คุ้มครองผู้บริโภค
34696848,สังคมชาวพันทิป
34700093,ประกันภัยรถ
34700093,รถกระบะ
34708740,ประกันภัยการเดินทาง
34708740,work & study
34708740,คนไทยในอเมริกา
34708740,ชีวิตในต่างแดน
34708740,ประกันสุขภาพ
34711807,สินเชื่อส่วนบุคคล
34711807,ธนาคาร
34711807,มนุษย์เงินเดือน
34711807,ธนาคารกรุงไทย
34711807,ประกันสุขภาพ
34713100,ธนาคาร
34713100,คุ้มครองผู้บริโภค
34713100,ประกันสุขภาพ
34713474,สุขภาพกาย
34713474,ประกันสุขภาพ
34722348,ประกันภัยรถ
34722348,อุบัติเหตุบนท้องถนน
34722348,อู่ซ่อมรถ
34728408,ประกันภัยการเดินทาง
34728408,เที่ยวต่างประเทศ
34734348,ภาษีรถยนต์
34734348,ประกันภัยรถ
34734348,รถยนต์
34742763,ประกันภัยรถ
34751594,ประกันภัยรถ
34757301,ประกันภัยรถ
34761006,ธนาคารกสิกรไทย
34761006,สุขภาพจิต
34761006,สุขภาพกาย
34761006,ประกันสุขภาพ
34761006,โรงพยาบาล
34789895,ประกันภัยรถ
34800246,ประกันภัยรถ
34800246,มอเตอร์ไซค์
34800246,อุบัติเหตุบนท้องถนน
34811027,ซ่อมบำรุงรถยนต์
34811027,อะไหล่รถ
34811027,อุบัติเหตุบนท้องถนน
34811027,ประกันภัยรถ
34811027,รถยนต์
34811885,ธนาคาร
34811885,ธนาคารทหารไทย
34811885,ประกันสุขภาพ
34815940,ประกันภัยรถ
34815940,เตือนภัย
34815940,ร้องทุกข์
34816981,ประกันภัยรถ
34816981,รถกระบะ
34878413,ธนาคาร
34878413,ประกันสุขภาพ
34886295,ร้องทุกข์
34886295,กฎหมายชาวบ้าน
34886295,การเงิน
34886295,คุ้มครองผู้บริโภค
34886295,ประกันสุขภาพ
34886495,ประกันภัยรถ
34886495,กฎหมายชาวบ้าน
34886495,ปัญหาชีวิต
34896021,ประกันสุขภาพ
34899477,ประกันภัยรถ
34902690,ซ่อมบำรุงรถยนต์
34902690,ร้องทุกข์
34902690,ประกันภัยรถ
34902690,อู่ซ่อมรถ
34902690,คุ้มครองผู้บริโภค
34903913,อะไหล่รถ
34903913,อู่ซ่อมรถ
34903913,รถยนต์
34903913,ประกันภัยรถ
34906010,สินเชื่อรถยนต์
34906010,ประกันภัยรถ
34906010,รถยนต์
34906010,รถกระบะ
34910199,คุ้มครองผู้บริโภค
34910199,ร้องทุกข์
34910199,ประกันสุขภาพ
34910413,ประสบการณ์ชีวิตคู่
34910413,ปัญหาชีวิต
34910413,mazda
34910413,สินเชื่อรถยนต์
34910413,ประกันภัยรถ
34919048,สนามบิน
34919048,ประกันภัยการเดินทาง
34919048,เที่ยวต่างประเทศ
34919048,สายการบิน
34919048,nokscoot (สายการบิน)
34923981,บัตรเครดิต
34923981,สินเชื่อส่วนบุคคล
34923981,power buy
34923981,สินเชื่อธุรกิจ
34923981,ประกันสุขภาพ
34924073,คุ้มครองผู้บริโภค
34924073,สุขภาพกาย
34924073,ประกันสุขภาพ
34924073,ร้องทุกข์
34925591,ประกันภัยรถ
34925591,รถยนต์
34925591,อุบัติเหตุบนท้องถนน
34925591,อู่ซ่อมรถ
34933419,สินเชื่อรถยนต์
34933419,ประกันภัยรถ
34933419,รถยนต์
34933419,ประกันสุขภาพ
34936889,ประกันสุขภาพ
34942934,บ้าน
34942934,ธนาคาร
34942934,อสังหาริมทรัพย์
34942934,สินเชื่อเพื่อที่อยู่อาศัย
34942934,ประกันสุขภาพ
34945840,บัตรเครดิต
34945840,ร้องทุกข์
34945840,การเงิน
34945840,คุ้มครองผู้บริโภค
34945840,ประกันสุขภาพ
34956775,อุบัติเหตุบนท้องถนน
34956775,ประกันภัยรถ
34956775,คุ้มครองผู้บริโภค
34956775,ร้องทุกข์
34959636,ประกันสังคม
34959636,ปัญหาชีวิต
34959636,ร้องทุกข์
34959636,คุ้มครองผู้บริโภค
34959636,ประกันสุขภาพ
34962915,ประกันสุขภาพ
34967815,ประกันสุขภาพ
34971910,ร้องทุกข์
34971910,ประกันสุขภาพ
34971910,โรคมะเร็ง
34971910,คุ้มครองผู้บริโภค
34971910,โรงพยาบาล
34975765,ประกันภัยรถ
34975765,รถยนต์
34975765,อุบัติเหตุบนท้องถนน
34975765,พ.ร.บ. คุ้มครองผู้ประสบภัยจากรถ
34979084,อุบัติเหตุบนท้องถนน
34979084,งานแสดงรถยนต์
34979084,ประกันภัยรถ
34979084,รถยนต์
34979084,รถกระบะ
34984334,ประกันภัยรถ
34984334,รถยนต์
34984334,honda (รถยนต์)
34987352,การออมเงิน
34987352,ประกันสุขภาพ
34988815,บัตรเครดิต
34988815,เตือนภัย
34988815,คุ้มครองผู้บริโภค
34988815,ธนาคารกรุงศรีอยุธยา
34988815,ประกันสุขภาพ
34999267,ธุรกรรมทางการเงิน
34999267,การเงิน
34999267,ประกันสุขภาพ
34999824,คุ้มครองผู้บริโภค
34999824,ประกันสุขภาพ
35004920,ประกันภัยรถ
35004920,มอเตอร์ไซค์
35004920,ใบขับขี่
35017103,คุ้มครองผู้บริโภค
35017103,ประกันสุขภาพ
35018430,อู่ซ่อมรถ
35018430,คุ้มครองผู้บริโภค
35018430,ประกันภัยรถ
35018430,ร้องทุกข์
35024353,ประกันภัยรถ
35027808,ประกันสุขภาพ
35033047,วางแผนครอบครัว
35033047,ปัญหาชีวิต
35033047,ประกันสุขภาพ
35035466,ประกันสังคม
35035466,ประกันสุขภาพ
35050689,อู่ซ่อมรถ
35050689,honda (รถยนต์)
35050689,mazda
35050689,อุบัติเหตุบนท้องถนน
35050689,ประกันภัยรถ
35063029,ธนาคาร
35063029,ธนาคารออมสิน
35063029,การหักลดหย่อน
35063029,ประกันสุขภาพ
35065452,ประกันสุขภาพ
35066064,nissan
35066064,ประกันภัยรถ
35066064,รถยนต์
35066064,nissan march
35071226,การออมเงิน
35071226,คุ้มครองผู้บริโภค
35071226,ร้องทุกข์
35071226,ประกันสุขภาพ
35073836,ประกันภัยรถ
35082188,ประกันภัยรถ
35082188,รถยนต์
35082188,honda (รถยนต์)
35082639,อู่ซ่อมรถ
35082639,ร้องทุกข์
35082639,ประกันภัยรถ
35082639,รถยนต์
35082639,คุ้มครองผู้บริโภค
35083187,ประกันภัยรถ
35086724,ประกันภัยรถ
35086724,รถยนต์
35090810,ธุรกรรมทางการเงิน
35090810,กฎหมายชาวบ้าน
35090810,คุ้มครองผู้บริโภค
35090810,ประกันสุขภาพ
35097111,บัตรเครดิต
35097111,ธนาคาร
35097111,ประกันสุขภาพ
35112911,โรงพยาบาล
35112911,ร้องทุกข์
35112911,แพทย์
35112911,คุ้มครองผู้บริโภค
35112911,ประกันสุขภาพ
35113022,อุบัติเหตุ
35113022,กฎหมายชาวบ้าน
35113022,ประกันภัยรถ
35113022,รถยนต์
35113022,คุ้มครองผู้บริโภค
35117788,อุบัติเหตุ
35117788,กฎหมายชาวบ้าน
35117788,อุบัติเหตุบนท้องถนน
35117788,ประกันภัยรถ
35117788,รถยนต์
35122133,พ.ร.บ. คุ้มครองผู้ประสบภัยจากรถ
35122133,mitsubishi pajero sport
35122133,ประกันภัยรถ
35122133,รถยนต์
35122133,mitsubishi (รถยนต์)
35123017,ประกันภัยการเดินทาง
35123017,รถยนต์
35123017,อุบัติเหตุบนท้องถนน
35123017,อุบัติเหตุ
35124014,อู่ซ่อมรถ
35124014,ประกันภัยรถ
35129364,ประกันภัยรถ
35136984,การออมเงิน
35136984,มนุษย์เงินเดือน
35136984,ธนาคารไทยพาณิชย์
35136984,การเงิน
35136984,ประกันสุขภาพ
35137085,ซ่อมบำรุงรถยนต์
35137085,อู่ซ่อมรถ
35137085,mazda
35137085,อุบัติเหตุบนท้องถนน
35137085,ประกันภัยรถ
35141003,ร้องทุกข์
35141003,กฎหมายชาวบ้าน
35141003,ktc (หุ้น)
35141003,คุ้มครองผู้บริโภค
35141003,ประกันสุขภาพ
35143165,ธนาคาร
35143165,ธนาคารกรุงไทย
35143165,คุ้มครองผู้บริโภค
35143165,ประกันสุขภาพ
35144514,ซ่อมบำรุงรถยนต์
35144514,ประกันภัยรถ
35144514,อู่ซ่อมรถ
35144514,รถยนต์
35144514,bmw
35148219,ประกันสุขภาพ
35148219,โรงพยาบาล
35148219,คุ้มครองผู้บริโภค
35148219,ร้องทุกข์
35148554,คลับสุขภาพ
35148554,ประกันสุขภาพ
35148554,หลักประกันสุขภาพถ้วนหน้า (บัตรทอง)
35148554,โรคมะเร็ง
35148554,โรงพยาบาล
35149837,โรคมะเร็ง
35149837,คุ้มครองผู้บริโภค
35149837,ร้องทุกข์
35149837,ประกันสุขภาพ
35154713,การเงิน
35154713,คุ้มครองผู้บริโภค
35154713,ร้องทุกข์
35154713,ประกันสุขภาพ
35159556,แพทย์
35159556,โรงพยาบาล
35159556,ประกันสุขภาพ
35161398,มอเตอร์ไซค์
35161398,อู่ซ่อมรถ
35161398,ร้องทุกข์
35161398,ประกันภัยรถ
35161398,คุ้มครองผู้บริโภค
35166160,พ.ร.บ. คุ้มครองผู้ประสบภัยจากรถ
35166160,ร้องทุกข์
35166160,อุบัติเหตุบนท้องถนน
35166160,ประกันภัยรถ
35166160,คุ้มครองผู้บริโภค
35174817,บัตรเครดิต
35174817,เตือนภัย
35174817,ร้องทุกข์
35174817,คุ้มครองผู้บริโภค
35174817,ประกันสุขภาพ
35184147,บัตรเครดิต
35184147,air asia
35184147,ประกันภัยการเดินทาง
35184147,เที่ยวต่างประเทศ
35184147,สายการบิน
35186199,ประกันภัยรถ
35186199,อุบัติเหตุบนท้องถนน
35186940,ประกันสุขภาพ
35189356,ประกันภัยรถ
35189356,คุ้มครองผู้บริโภค
35189356,ร้องทุกข์
35189356,ธุรกรรมทางการเงิน
35190097,ประกันสุขภาพ
35191631,ประกันภัยรถ
35199087,ประกันสังคม
35199087,ไข้หวัด
35199087,สุขภาพกาย
35199087,ประกันสุขภาพ
35199087,โรงพยาบาล
35199252,ประกันภัยรถ
35199252,ร้องทุกข์
35199252,เตือนภัย
35199252,ธุรกรรมทางการเงิน
35200963,ประกันภัยการเดินทาง
35200963,เที่ยวต่างประเทศ
35200963,คุ้มครองผู้บริโภค
35202106,ร้องทุกข์
35202106,กฎหมายชาวบ้าน
35202106,อุบัติเหตุบนท้องถนน
35202106,ประกันภัยรถ
35202106,คุ้มครองผู้บริโภค
35204718,สังคมคุณแม่
35204718,ประกันสุขภาพ
35217572,ประกันสังคม
35217572,ประกันภัยการเดินทาง
35217572,ประกันภัยรถ
35217572,ปัญหาสังคม
35217572,ประกันสุขภาพ
35227915,บัตรเครดิต
35227915,ธนาคารกสิกรไทย
35227915,ธนาคาร
35227915,ประกันสุขภาพ
35242480,บัตรเครดิต
35242480,เตือนภัย
35242480,ร้องทุกข์
35242480,คุ้มครองผู้บริโภค
35242480,ประกันสุขภาพ
35243817,ประกันภัยรถ
35243817,อุบัติเหตุบนท้องถนน
35243817,อะไหล่รถ
35248353,ประกันภัยการเดินทาง
35248353,อุบัติเหตุบนท้องถนน
35248353,ประกันภัยรถ
35248353,อู่ซ่อมรถ
35248353,รถยนต์
35249655,ธนาคารกรุงไทย
35249655,กฎหมายชาวบ้าน
35249655,คุ้มครองผู้บริโภค
35249655,ประกันสุขภาพ
35251152,กฎหมายชาวบ้าน
35251152,การเงิน
35251152,ประกันสุขภาพ
35251180,ธนาคารกรุงไทย
35251180,คุ้มครองผู้บริโภค
35251180,ประกันสุขภาพ
35254112,บัตรเครดิต
35254112,บัตรเอทีเอ็ม
35254112,บัตรเดบิต
35254112,ธนาคาร
35254112,ประกันสุขภาพ
35255802,กฎหมายชาวบ้าน
35255802,คุ้มครองผู้บริโภค
35255802,ประกันสุขภาพ
35256952,ประกันภัยรถ
35256952,รถยนต์
35256952,อู่ซ่อมรถ
35260674,ยา
35260674,ประกันสุขภาพ
35260674,โรงพยาบาล
35264015,ประกันภัยรถ
35264015,รถยนต์
35269098,บัตรเครดิต
35269098,ร้องทุกข์
35269098,ธนาคารกรุงไทย
35269098,คุ้มครองผู้บริโภค
35269098,ประกันสุขภาพ
35270703,ซ่อมบำรุงรถยนต์
35270703,อู่ซ่อมรถ
35270703,ประกันภัยรถ
35270703,รถยนต์
35270703,คุ้มครองผู้บริโภค
35270959,ประกันภัยการเดินทาง
35270959,เที่ยวต่างประเทศ
35270959,backpack
35270959,สายการบิน
35271594,มอเตอร์ไซค์
35271594,กฎหมายชาวบ้าน
35271594,อุบัติเหตุบนท้องถนน
35271594,ประกันภัยรถ
35271594,รถกระบะ
35273427,ประกันภัยรถ
35273427,อะไหล่รถ
35273427,ซ่อมบำรุงรถยนต์
35273427,honda (รถยนต์)
35274104,คุ้มครองผู้บริโภค
35274104,ร้องทุกข์
35274104,ประกันสุขภาพ
35278737,ร้องทุกข์
35278737,อุบัติเหตุบนท้องถนน
35278737,สินเชื่อรถยนต์
35278737,ประกันภัยรถ
35278737,คุ้มครองผู้บริโภค
35280527,ประกันภัยรถ
35281614,ประกันสุขภาพ
35283423,ครอบครัว
35283423,single mom
35283423,ประกันสุขภาพ
35283423,คุ้มครองผู้บริโภค
35283423,โรงพยาบาล
35284859,ประกันภัยรถ
35292044,บัตรเครดิต
35292044,ประกันภัยการเดินทาง
35292044,ธนาคาร
35292044,งานขาย
35292044,ประกันสุขภาพ
35296867,คุ้มครองผู้บริโภค
35296867,ประกันสุขภาพ
35300270,สังคมคุณแม่
35300270,ครอบครัว
35300270,โรงเรียน
35300270,ประกันสุขภาพ
35307441,ประกันภัยรถ
35307441,ร้องทุกข์
35307441,สินเชื่อรถยนต์
35310849,ประกันสุขภาพ
35311199,บัตรเครดิต
35311199,คุ้มครองผู้บริโภค
35311199,หลักประกันสุขภาพถ้วนหน้า (บัตรทอง)
35311199,ประกันสุขภาพ
35317480,สังคมคุณแม่
35317480,การเลี้ยงลูก
35317480,ประกันสุขภาพ
35318203,การเงิน
35318203,ประกันสุขภาพ
35319467,อู่ซ่อมรถ
35319467,ประกันภัยรถ
35319467,honda (รถยนต์)
35319467,honda city
35328832,กสทช. (nbtc)
35328832,คุ้มครองผู้บริโภค
35328832,ประกันสุขภาพ
35333106,คุ้มครองผู้บริโภค
35333106,ประกันภัยรถ
35333106,รถยนต์
35333106,อุบัติเหตุบนท้องถนน
35338072,เตือนภัย
35338072,ร้องทุกข์
35338072,ประกันสุขภาพ
35338072,คุ้มครองผู้บริโภค
35338072,โรงพยาบาล
35343542,คุ้มครองผู้บริโภค
35343542,เตือนภัย
35343542,ประกันสุขภาพ
35345029,ไข้หวัด
35345029,สุขภาพกาย
35345029,ประกันสุขภาพ
35345029,ธนาคารกรุงไทย
35345029,โรงพยาบาล
35346651,บัตรเครดิต
35346651,ธนาคารกรุงศรีอยุธยา
35346651,ร้องทุกข์
35346651,คุ้มครองผู้บริโภค
35346651,ประกันสุขภาพ
35346948,ประกันสุขภาพ
35348326,บัตรเครดิต
35348326,กฎหมายชาวบ้าน
35348326,การเงิน
35348326,คุ้มครองผู้บริโภค
35348326,ประกันสุขภาพ
35348531,ธนาคารกรุงไทย
35348531,ประกันสุขภาพ
35363217,บัตรเครดิต
35363217,ธนาคารซิตี้แบงค์
35363217,คุ้มครองผู้บริโภค
35363217,ประกันสุขภาพ
35368153,นักมวย
35368153,ประกันภัยรถ
35368153,อุบัติเหตุบนท้องถนน
35368153,ร้องทุกข์
35368434,toyota
35368434,ประกันภัยรถ
35368434,ซ่อมบำรุงรถยนต์
35369539,พ.ร.บ. คุ้มครองผู้ประสบภัยจากรถ
35369539,อุบัติเหตุ
35369539,ประกันภัยรถ
35369539,ปัญหาชีวิต
35372502,suv
35372502,ประกันภัยรถ
35372502,รถยนต์
35374672,มอเตอร์ไซค์
35374672,ซ่อมบำรุงรถยนต์
35374672,ร้องทุกข์
35374672,ประกันภัยรถ
35374672,คุ้มครองผู้บริโภค
35378320,ประกันสุขภาพ
35378320,คุ้มครองผู้บริโภค
35378320,ร้องทุกข์
35392757,ร้องทุกข์
35392757,มนุษย์เงินเดือน
35392757,การเงิน
35392757,คุ้มครองผู้บริโภค
35392757,ประกันสุขภาพ
35393750,ประกันสุขภาพ
35401594,ประกันภัยรถ
35401594,รถยนต์
35401594,honda (รถยนต์)
35404384,เตือนภัย
35404384,ร้องทุกข์
35404384,กฎหมายชาวบ้าน
35404384,คุ้มครองผู้บริโภค
35404384,ประกันสุขภาพ
35405363,ซ่อมบำรุงรถยนต์
35405363,อะไหล่รถ
35405363,ประกันภัยรถ
35405363,อู่ซ่อมรถ
35405363,รถยนต์
35407704,ธนาคาร
35407704,ธนาคารกสิกรไทย
35407704,ประกันสุขภาพ
35407704,คุ้มครองผู้บริโภค
35407704,ธุรกรรมทางการเงิน
35408278,ประกันภัยรถ
35408278,อุบัติเหตุบนท้องถนน
35409186,พ.ร.บ. คุ้มครองผู้ประสบภัยจากรถ
35409186,honda (รถยนต์)
35409186,อุบัติเหตุบนท้องถนน
35409186,ประกันภัยรถ
35409186,รถยนต์
35409483,ประกันภัยการเดินทาง
35409483,คุ้มครองผู้บริโภค
35410299,ประกันภัยการเดินทาง
35410299,ประกันสุขภาพ
35418730,บัตรเครดิต
35418730,เตือนภัย
35418730,หลักประกันสุขภาพถ้วนหน้า (บัตรทอง)
35418730,คุ้มครองผู้บริโภค
35418730,ประกันสุขภาพ
35428658,ธนาคาร
35428658,การออมเงิน
35428658,ธนาคารไทยพาณิชย์
35428658,คุ้มครองผู้บริโภค
35428658,ประกันสุขภาพ
35437441,ธนาคารกรุงไทย
35437441,สุขภาพกาย
35437441,ประกันสุขภาพ
35437441,ร้องทุกข์
35443105,การลงทุน
35443105,กฎหมายชาวบ้าน
35443105,การออมเงิน
35443105,คุ้มครองผู้บริโภค
35443105,ประกันสุขภาพ
35455270,ประกันภัยรถ
35455270,คุ้มครองผู้บริโภค
35455270,อะไหล่รถ
35455270,อู่ซ่อมรถ
35458629,ประกันภัยรถ
35458629,รถยนต์
35458629,พ.ร.บ. คุ้มครองผู้ประสบภัยจากรถ
35461932,อุบัติเหตุ
35461932,บัตรเดบิต
35461932,สุนัข
35461932,ธนาคารกรุงไทย
35461932,ประกันสุขภาพ
35467809,พยาบาล
35467809,สุขภาพกาย
35467809,ประกันสุขภาพ
35467809,แพทย์
35467809,โรงพยาบาล
35471228,ร้องทุกข์
35471228,ธนาคาร
35471228,ธนาคารกสิกรไทย
35471228,คุ้มครองผู้บริโภค
35471228,ประกันสุขภาพ
35473761,ประกันภัยการเดินทาง
35473761,บัตรเครดิต
35473761,การเงิน
35473761,ประกันสุขภาพ
35476082,โรคในผู้สูงอายุ
35476082,คุ้มครองผู้บริโภค
35476082,ร้องทุกข์
35476082,ประกันสุขภาพ
35476321,ประกันสุขภาพ
35479291,ประกันภัยรถ
35491321,มอเตอร์ไซค์
35491321,อุบัติเหตุบนท้องถนน
35491321,การจราจร
35491321,ประกันภัยรถ
35491321,รถยนต์
35496987,ประกันสุขภาพ
35504756,ประกันภัยรถ
35512062,บัตรเครดิต
35512062,คุ้มครองผู้บริโภค
35512062,เตือนภัย
35512062,ประกันสุขภาพ
35513106,ซ่อมบำรุงรถยนต์
35513106,ธนาคารธนชาติ
35513106,อู่ซ่อมรถ
35513106,ประกันภัยรถ
35513106,รถยนต์
35517065,คลับสุขภาพ
35517065,ประกันสุขภาพ
35518627,พ.ร.บ. คุ้มครองผู้ประสบภัยจากรถ
35518627,ประกันภัยการเดินทาง
35518627,ประกันภัยรถ
35518627,รถยนต์
35518627,ปัญหาสังคม
35518712,ครอบครัว
35518712,วางแผนครอบครัว
35518712,การออมเงิน
35518712,มนุษย์เงินเดือน
35518712,ประกันสุขภาพ
35520732,การออมเงิน
35520732,กฎหมายชาวบ้าน
35520732,คุ้มครองผู้บริโภค
35520732,ประกันสุขภาพ
35528747,อู่ซ่อมรถ
35528747,มอเตอร์ไซค์
35528747,ประกันภัยรถ
35528747,ใบขับขี่
35528978,ประกันภัยรถ
35528978,อุบัติเหตุบนท้องถนน
35539769,โรงพยาบาล
35539769,กฎหมายชาวบ้าน
35539769,แพทย์
35539769,คุ้มครองผู้บริโภค
35539769,ประกันสุขภาพ
35540355,ประกันภัยรถ
35540355,ธุรกรรมออนไลน์
35540355,ธุรกรรมทางการเงิน
35543767,ประกันภัยรถ
35543767,รถยนต์
35543767,ร้องทุกข์
35549100,เตือนภัย
35549100,ร้องทุกข์
35549100,ประกันภัยรถ
35549100,รถยนต์
35549100,คุ้มครองผู้บริโภค
35549462,ซ่อมบำรุงรถยนต์
35549462,ประกันภัยรถ
35549462,สินเชื่อรถยนต์
35549462,อู่ซ่อมรถ
35549462,รถยนต์
35552383,กฎหมายชาวบ้าน
35552383,การเงิน
35552383,ประกันสุขภาพ
35563914,เตือนภัย
35563914,ประกันสุขภาพ
35563914,ร้องทุกข์
35567380,การจราจร
35567380,อุบัติเหตุบนท้องถนน
35567380,กฎหมายชาวบ้าน
35567380,อุบัติเหตุ
35567380,ประกันภัยรถ
35568758,คุ้มครองผู้บริโภค
35568758,พ.ร.บ. คุ้มครองผู้ประสบภัยจากรถ
35568758,ประกันภัยรถ
35568758,กฎหมายชาวบ้าน
35574580,ประกันสุขภาพ
35578845,อุบัติเหตุบนท้องถนน
35578845,อู่ซ่อมรถ
35578845,ประกันภัยรถ
35578845,พ.ร.บ. คุ้มครองผู้ประสบภัยจากรถ
35578845,ซ่อมบำรุงรถยนต์
35578926,ประกันสุขภาพ
35578926,สังคมคุณแม่
35578926,การออมเงิน
35578926,หลักประกันสุขภาพถ้วนหน้า (บัตรทอง)
35578926,ครอบครัว
35583283,ประกันสุขภาพ
35583283,ธนาคารไทยพาณิชย์
35583283,คุ้มครองผู้บริโภค
35583283,ธนาคาร
35583283,การออมเงิน
35589036,ภาษีเงินได้บุคคลธรรมดา
35589036,ประกันสุขภาพ
35589036,การลงทุน
35589036,การออมเงิน
35589036,การเงิน
35589330,คุ้มครองผู้บริโภค
35589330,ประกันสุขภาพ
35589330,ร้องทุกข์
35589330,เตือนภัย
35601674,ประกันสุขภาพ
35601674,สุขภาพกาย
35601674,โรคมะเร็ง
35601674,โรงพยาบาล
35601674,แพทย์
35601956,เตือนภัย
35601956,ประกันสุขภาพ
35601956,ธนาคาร
35601956,การเงิน
35603690,ประกันสุขภาพ
35603690,สินเชื่อเพื่อที่อยู่อาศัย
35603690,คุ้มครองผู้บริโภค
35603690,ธนาคาร
35603690,การเงิน
35609694,รถยนต์
35609694,ซ่อมบำรุงรถยนต์
35609694,อู่ซ่อมรถ
35609694,ประกันภัยรถ
35611471,คุ้มครองผู้บริโภค
35611471,ประกันสุขภาพ
35611471,ร้องทุกข์
35616583,ประกันภัยรถ
35622467,การหักลดหย่อน
35622467,การลงทุน
35622467,ประกันสุขภาพ
35622467,การออมเงิน
35628071,ประกันสุขภาพ
35629386,คุ้มครองผู้บริโภค
35629386,บัตรเครดิต
35629386,ประกันภัยรถ
35635425,ประกันสุขภาพ
35635425,ประกันสังคม
35635425,โรงพยาบาล
35635425,แพทย์
35635425,โรคในผู้สูงอายุ
35640800,คุ้มครองผู้บริโภค
35640800,เตือนภัย
35640800,ประกันภัยรถ
35640800,ร้องทุกข์
35640800,ปัญหาชีวิต
35649609,ประกันสุขภาพ
35649609,คุ้มครองผู้บริโภค
35649609,บัตรกดเงินสด
35649609,ธนาคารกรุงไทย
35649609,บัตรเครดิต
35658963,ประกันสุขภาพ
35658963,โรงพยาบาล
35658963,พยาบาล
35663653,รถยนต์
35663653,อู่ซ่อมรถ
35663653,suzuki swift
35663653,ประกันภัยรถ
35663653,ซ่อมบำรุงรถยนต์
35663684,ประกันสุขภาพ
35663684,คุ้มครองผู้บริโภค
35663684,ธุรกรรมออนไลน์
35663684,บัตรเครดิต
35663684,ธนาคารกรุงศรีอยุธยา
35666751,ประกันภัยการเดินทาง
35666751,คุ้มครองผู้บริโภค
35666751,ประกันภัยรถ
35666751,พ.ร.บ. คุ้มครองผู้ประสบภัยจากรถ
35666751,ร้องทุกข์
35667409,คุ้มครองผู้บริโภค
35667409,ประกันสุขภาพ
35667409,ร้องทุกข์
35667994,ประกันภัยรถ
35670495,รถยนต์
35670495,nissan
35670495,อู่ซ่อมรถ
35670495,ประกันภัยรถ
35670495,อะไหล่รถ
35673140,เตือนภัย
35673140,ประกันสุขภาพ
35673140,บัตรเครดิต
35673140,ร้องทุกข์
35675762,คุ้มครองผู้บริโภค
35675762,ประกันภัยการเดินทาง
35675762,ประกันสุขภาพ
35678315,คุ้มครองผู้บริโภค
35678315,ประกันสุขภาพ
35681040,รถยนต์
35681040,อู่ซ่อมรถ
35681040,ซ่อมบำรุงรถยนต์
35681040,ประกันภัยรถ
35685848,รถยนต์
35685848,คุ้มครองผู้บริโภค
35685848,อุบัติเหตุ
35685848,ประกันภัยรถ
35685848,ร้องทุกข์
35689952,ประกันสุขภาพ
35690428,ประกันสุขภาพ
35690428,ธนาคาร
35690428,ร้องทุกข์
35694906,การวางแผนการเงิน
35694906,ประกันสุขภาพ
35694906,การเงิน
35694906,ธุรกรรมทางการเงิน
35695941,รถยนต์
35695941,ประกันภัยรถ
35700487,ธุรกรรมทางการเงิน
35700487,ประกันสุขภาพ
35703583,ประกันสุขภาพ
35703583,คุ้มครองผู้บริโภค
35703583,เตือนภัย
35703583,ประกันภัยรถ
35703583,ร้องทุกข์
35705321,ประกันสุขภาพ
35723008,ประกันสุขภาพ
35726993,คุ้มครองผู้บริโภค
35726993,ประกันสุขภาพ
35726993,บัตรเครดิต
35726993,โรงพยาบาล
35737942,ประกันภัยรถ
35740757,ภาษีเงินได้บุคคลธรรมดา
35740757,ประกันสุขภาพ
35740757,การหักลดหย่อน
35740757,การเงิน
35740757,ภาษีนิติบุคคล
35744470,ประกันสุขภาพ
35744470,คุ้มครองผู้บริโภค
35744470,เตือนภัย
35744470,ปัญหาสังคม
35744470,ร้องทุกข์
35758081,อุบัติเหตุบนท้องถนน
35758081,กฎหมายชาวบ้าน
35758081,ประกันภัยรถ
35758081,พ.ร.บ. คุ้มครองผู้ประสบภัยจากรถ
35758081,ซ่อมบำรุงรถยนต์
35760864,ประกันสุขภาพ
35760864,โรงพยาบาล
35770786,คุ้มครองผู้บริโภค
35770786,ประกันสุขภาพ
35770786,บัตรเครดิต
35772965,คุ้มครองผู้บริโภค
35772965,สินเชื่อรถยนต์
35772965,เครดิตบูโร
35772965,มอเตอร์ไซค์
35772965,ประกันภัยรถ
35774759,งานโรงพยาบาล
35774759,ประกันสุขภาพ
35774759,โรงพยาบาล
35776543,ประกันสุขภาพ
35776543,คุ้มครองผู้บริโภค
35776543,โรงพยาบาล
35776543,แพทย์
35776543,ร้องทุกข์
35780037,ประกันสุขภาพ
35780037,ธนาคารไทยพาณิชย์
35780037,คุ้มครองผู้บริโภค
35780037,โรงพยาบาล
35780037,ร้องทุกข์
35789696,ประกันสุขภาพ
35789696,ธนาคาร
35789696,ร้องทุกข์
35789696,ธนาคารทหารไทย
35799824,รถยนต์
35799824,อู่ซ่อมรถ
35799824,ซ่อมบำรุงรถยนต์
35799824,ประกันภัยรถ
35799982,ประกันภัยการเดินทาง
35799982,สายการบิน
35799982,เที่ยวต่างประเทศ
35803453,คุ้มครองผู้บริโภค
35803453,ประกันสุขภาพ
35803453,ร้องทุกข์
35808503,ประกันสุขภาพ
35808503,การบริหารจัดการ
35808503,คุ้มครองผู้บริโภค
35808503,เตือนภัย
35808503,บัตรเครดิต
35809141,ประกันสุขภาพ
35809141,ร้องทุกข์
35810734,ประกันสุขภาพ
35810734,ปัญหาสังคม
35810734,ธนาคาร
35814697,คุ้มครองผู้บริโภค
35814697,ประกันสุขภาพ
35814697,ร้องทุกข์
35823057,ประกันสุขภาพ
35823057,โรงพยาบาล
35823057,คลับสุขภาพ
35824128,ประกันสุขภาพ
35824128,คุ้มครองผู้บริโภค
35824128,กฎหมายชาวบ้าน
35824128,ประกันภัยรถ
35824128,ธนาคารกรุงศรีอยุธยา
35832838,big bike
35832838,มอเตอร์ไซค์
35832838,ประกันภัยรถ
35832838,kawasaki
35836284,สังคมคุณแม่
35836284,สุขภาพเด็กและทารก
35836284,rsv (respiratory syncytial virus)
35836284,โรงพยาบาล
35836284,ประกันสำหรับเด็กและทารก
35844252,ประกันสุขภาพ
35844402,ประกันสุขภาพ
35844402,สินเชื่อเพื่อที่อยู่อาศัย
35844402,ธนาคาร
35844484,ประกันสุขภาพ
35844484,การลงทุน
35844484,การออมเงิน
35844484,การเงิน
35844484,ครอบครัว
35844545,รถยนต์
35844545,honda (รถยนต์)
35844545,ประกันภัยรถ
35846861,รถยนต์
35846861,ประกันภัยรถ
35848435,คุ้มครองผู้บริโภค
35848435,ประกันสุขภาพ
35848435,ร้องทุกข์
35848435,เตือนภัย
35861058,ประกันสุขภาพ
35861058,เตือนภัย
35861058,คุ้มครองผู้บริโภค
35861058,ธนาคาร
35861058,ร้องทุกข์
35861136,ประกันสุขภาพ
35861683,ประกันภัยการเดินทาง
35861683,คุ้มครองผู้บริโภค
35861683,ธนาคาร
35861683,บัตรเครดิต
35861683,ธนาคารกรุงศรีอยุธยา
35866078,เศรษฐศาสตร์
35866078,ประกันสุขภาพ
35867039,ประกันสุขภาพ
35870625,toyota
35870625,รถยนต์
35870625,ซ่อมบำรุงรถยนต์
35870625,ประกันภัยรถ
35886275,ประกันภัยการเดินทาง
35886275,พ.ร.บ. คุ้มครองผู้ประสบภัยจากรถ
35886275,อุบัติเหตุ
35886275,ประกันภัยรถ
35886812,รถยนต์
35886812,คุ้มครองผู้บริโภค
35886812,อู่ซ่อมรถ
35886812,ประกันภัยรถ
35886812,ร้องทุกข์
35887581,คุ้มครองผู้บริโภค
35887581,ประกันสุขภาพ
35887581,การเงิน
35887581,ธุรกรรมทางการเงิน
35887756,ประกันสุขภาพ
35887756,คุ้มครองผู้บริโภค
35887756,กฎหมายชาวบ้าน
35887756,ร้องทุกข์
35887756,ธนาคารกสิกรไทย
35892359,honda (รถยนต์)
35892359,อุบัติเหตุบนท้องถนน
35892359,honda city
35892359,ประกันภัยรถ
35892359,ซ่อมบำรุงรถยนต์
35894199,mazda 2 elegance
35894199,ร้องทุกข์
35894199,ประกันภัยรถ
35899308,หุ้น
35899308,ประกันสุขภาพ
35899308,การลงทุน
35899308,ธนาคาร
35899308,การเงิน
35907449,ประกันสุขภาพ
35907449,คุ้มครองผู้บริโภค
35907449,การเงิน
35907449,บัตรเครดิต
35907449,ร้องทุกข์
35913899,ประกันสุขภาพ
35913899,คุ้มครองผู้บริโภค
35913899,เตือนภัย
35913899,ธุรกรรมทางการเงิน
35913899,ร้องทุกข์
35918500,ประกันสุขภาพ
35918500,มนุษย์เงินเดือน
35918500,สุขภาพกาย
35918500,งานขาย
35918854,ประกันสุขภาพ
35918854,คุ้มครองผู้บริโภค
35918854,เตือนภัย
35918854,กฎหมายชาวบ้าน
35918854,ธนาคารกรุงไทย
35919130,คุ้มครองผู้บริโภค
35919130,ประกันสุขภาพ
35919130,ธนาคารกรุงไทย
35919130,ธนาคาร
35920347,คุ้มครองผู้บริโภค
35920347,ประกันภัยการเดินทาง
35920347,ประกันสุขภาพ
35928379,คุ้มครองผู้บริโภค
35928379,รถยนต์
35928379,ประกันภัยรถ
35928379,กฎหมายชาวบ้าน
35930445,ประกันสุขภาพ
35930445,การออมเงิน
35930445,พนักงานบริษัท
35930468,ประกันสุขภาพ
35930468,การออมเงิน
35930468,พนักงานบริษัท
35936157,ประกันสุขภาพ
35936157,โรงพยาบาล
35936157,แพทย์
35936157,สุขภาพกาย
35937006,คุ้มครองผู้บริโภค
35937006,ประกันภัยรถ
35939222,ประกันภัยการเดินทาง
35939222,เที่ยวต่างประเทศ
35939222,ครอบครัว
35946606,ประกันสุขภาพ
35946606,คุ้มครองผู้บริโภค
35946606,ธนาคาร
35946606,ธุรกรรมทางการเงิน
35946606,การเงิน
35950765,คุ้มครองผู้บริโภค
35950765,ประกันสุขภาพ
35952262,คุ้มครองผู้บริโภค
35952262,ประกันสุขภาพ
35952262,ร้องทุกข์
35952262,สังคมคุณแม่
35954423,ประกันสุขภาพ
35954423,สินเชื่อเพื่อที่อยู่อาศัย
35954423,ธนาคารไทยพาณิชย์
35954423,คุ้มครองผู้บริโภค
35954423,ร้องทุกข์
35963421,ประกันสุขภาพ
35963421,ร้องทุกข์
35963832,ประกันภัยรถ
35967031,รถยนต์
35967031,สินเชื่อรถยนต์
35967031,ประกันภัยรถ
35967031,พ.ร.บ. คุ้มครองผู้ประสบภัยจากรถ
35967031,ใบขับขี่
35971190,รถยนต์
35971190,คุ้มครองผู้บริโภค
35971190,อุบัติเหตุบนท้องถนน
35971190,ประกันภัยรถ
35971190,พ.ร.บ. คุ้มครองผู้ประสบภัยจากรถ
35971626,ประกันภัยรถ
35975941,รถยนต์
35975941,อู่ซ่อมรถ
35975941,toyota
35975941,ประกันภัยรถ
35975941,พ.ร.บ. คุ้มครองผู้ประสบภัยจากรถ
35976803,big bike
35976803,ประกันภัยรถ
35982511,ประกันสุขภาพ
35982511,ประกันสังคม
35984158,ประกันสุขภาพ
35984158,ธนาคารไทยพาณิชย์
35984158,เตือนภัย
35984158,ธนาคาร
35984158,บัตรเครดิต
35985080,อุบัติเหตุบนท้องถนน
35985080,อู่ซ่อมรถ
35985080,ประกันภัยรถ
35985080,พ.ร.บ. คุ้มครองผู้ประสบภัยจากรถ
35985080,ร้องทุกข์
35993757,อุบัติเหตุบนท้องถนน
35993757,คุ้มครองผู้บริโภค
35993757,กฎหมายชาวบ้าน
35993757,ประกันภัยรถ
35993757,รถบรรทุก
35997156,ประกันสุขภาพ
35997156,โรงพยาบาล
35997156,ธนาคารกสิกรไทย
36001082,ปวดประจำเดือน
36001082,ประกันสังคม
36001082,ประกันสุขภาพ
36002318,งานโรงพยาบาล
36002318,ประกันสุขภาพ
36002318,โรงพยาบาล
36002318,ประกันสังคม
36008946,โรคในผู้สูงอายุ
36008946,ประกันสุขภาพ
36008946,หลักประกันสุขภาพถ้วนหน้า (บัตรทอง)
36012541,ประกันภัยการเดินทาง
36012541,เที่ยวต่างประเทศ
36022968,อุทกภัย
36022968,รถยนต์
36022968,ภาษีรถยนต์
36022968,กฎหมายชาวบ้าน
36022968,ประกันภัยรถ
36026477,การวางแผนการเงิน
36026477,ประกันสุขภาพ
36026477,การหักลดหย่อน
36026477,การออมเงิน
36026826,ประกันสุขภาพ
36026826,สังคมคุณแม่
36026826,ครอบครัว
36029666,ประกันสุขภาพ
36029666,ประกันสินเชื่อบ้าน
36030792,รถยนต์
36030792,อุบัติเหตุ
36030792,ประกันภัยรถ
36032254,อะไหล่รถ
36032254,มอเตอร์ไซค์
36032254,honda (มอเตอร์ไซค์)
36032254,ประกันภัยรถ
36032474,มอเตอร์ไซค์
36032474,ประกันภัยรถ
36033869,ทรัพยากรบุคคล
36033869,ประกันสุขภาพ
36033869,มนุษย์เงินเดือน
36033869,พนักงานบริษัท
36034529,คุ้มครองผู้บริโภค
36034529,ประกันสุขภาพ
36034529,การออมเงิน
36034529,บัตรเครดิต
36036797,รถยนต์
36036797,อุบัติเหตุบนท้องถนน
36036797,อู่ซ่อมรถ
36036797,ประกันภัยรถ
36036797,อะไหล่รถ
36039146,คุ้มครองผู้บริโภค
36039146,ประกันสุขภาพ
36039146,ร้องทุกข์
36042169,คุ้มครองผู้บริโภค
36042169,ประกันสุขภาพ
36042169,ร้องทุกข์
36042169,เตือนภัย
36044909,รถยนต์
36044909,toyota
36044909,ประกันภัยรถ
36044909,toyota fortuner
36045758,ประกันสุขภาพ
36045758,คุ้มครองผู้บริโภค
36045758,aeon
36045758,บัตรเครดิต
36045758,ร้องทุกข์
36048156,อู่ซ่อมรถ
36048156,toyota yaris
36048156,toyota
36048156,ประกันภัยรถ
36048156,อะไหล่รถ
36050093,ธนาคารธนชาต
36050093,ประกันสุขภาพ
36050093,คุ้มครองผู้บริโภค
36050093,เตือนภัย
36050093,บัตรเครดิต
36050809,ประกันสุขภาพ
36050809,ธนาคารกรุงไทย
36050809,ธนาคาร
36052333,ประกันวินาศภัย
36052333,ประกันสุขภาพ
36053817,ประกันสุขภาพ
36053817,สุขภาพกาย
36053817,คุ้มครองผู้บริโภค
36053817,การออมเงิน
36053817,ร้องทุกข์
36055385,คุ้มครองผู้บริโภค
36055385,ประกันสุขภาพ
36058585,คุ้มครองผู้บริโภค
36058585,มอเตอร์ไซค์
36058585,ประกันภัยรถ
36058585,กฎหมายชาวบ้าน
36075056,ประกันสุขภาพ
36075056,การออมเงิน
36075811,คุ้มครองผู้บริโภค
36075811,ประกันสุขภาพ
36075811,เตือนภัย
36075812,พ.ร.บ. คุ้มครองผู้ประสบภัยจากรถ
36075812,ประกันภัยรถ
36085106,การเลี้ยงลูก
36085106,ประกันสุขภาพ
36085106,ครอบครัว
36085743,ประกันภัยรถ
36089308,nissan
36089308,nissan almera
36089308,ประกันภัยรถ
36089308,พ.ร.บ. คุ้มครองผู้ประสบภัยจากรถ
36089308,ร้องทุกข์
36098265,ประกันสุขภาพ
36111757,ประกันสุขภาพ
36111757,บัตรเครดิต
36112288,ประกันภัยการเดินทาง
36112288,ประกันสุขภาพ
36112288,backpack
36112288,เที่ยวต่างประเทศ
36112288,เที่ยวญี่ปุ่น
36113102,ประกันสุขภาพ
36113102,เตือนภัย
36113102,คุ้มครองผู้บริโภค
36113102,ปัญหาสังคม
36113102,บัตรเครดิต
36115159,ประกันภัยรถ
36120202,รถยนต์
36120202,ซ่อมบำรุงรถยนต์
36120202,ประกันภัยรถ
36130670,ประกันภัยการเดินทาง
36130670,ประกันสุขภาพ
36130670,คุ้มครองผู้บริโภค
36130670,บัตรเครดิต
36130670,ธนาคารกรุงศรีอยุธยา
36131227,ประกันภัยการเดินทาง
36131227,สายการบิน
36131227,เที่ยวต่างประเทศ
36137076,คุ้มครองผู้บริโภค
36137076,ประกันสุขภาพ
36137076,ธนาคารกรุงไทย
36141881,ประกันภัยการเดินทาง
36141881,รถยนต์
36141881,รถเช่า
36141881,ประกันภัยรถ
36141881,ร้องทุกข์
36144827,เตือนภัย
36144827,คุ้มครองผู้บริโภค
36144827,ประกันสุขภาพ
36146736,ประกันสุขภาพ
36146736,มนุษย์เงินเดือน
36146736,ประกันสังคม
36146736,การออมเงิน
36146736,พนักงานบริษัท
36147208,ประกันภัยรถ
36149488,รถยนต์
36149488,คุ้มครองผู้บริโภค
36149488,อู่ซ่อมรถ
36149488,ประกันภัยรถ
36149488,ซ่อมบำรุงรถยนต์
36149905,รถยนต์
36149905,ประกันภัยรถ
36150400,ประกันภัยรถ
36158102,อู่ซ่อมรถ
36158102,อุบัติเหตุ
36158102,มอเตอร์ไซค์
36158102,ประกันภัยรถ
36158102,ร้องทุกข์
36161551,ประกันสุขภาพ
36161551,โรงพยาบาล
36163415,ประกันสุขภาพ
36163415,คุ้มครองผู้บริโภค
36163415,โรงพยาบาล
36163415,แพทย์
36163415,โรคตับแข็ง
36164054,ประกันสุขภาพ
36164666,รถยนต์
36164666,ประกันภัยรถ
36167068,ประกันภัยรถ
36177640,คุ้มครองผู้บริโภค
36177640,ประกันสุขภาพ
36183617,รถยนต์
36183617,อู่ซ่อมรถ
36183617,แต่งรถ
36183617,ประกันภัยรถ
36183617,ซ่อมบำรุงรถยนต์
36183751,อุบัติเหตุบนท้องถนน
36183751,ประกันภัยรถ
36183751,กฎหมายชาวบ้าน
36193723,ธนาคารธนชาต
36193723,รีไฟแนนซ์
36193723,สินเชื่อรถยนต์
36193723,ประกันภัยรถ
36193723,ร้องทุกข์
36196771,ประกันสุขภาพ
36198142,ประกันสุขภาพ
36198142,ประกันสังคม
36200522,ประกันสุขภาพ
36200522,ร้องทุกข์
36200728,คุ้มครองผู้บริโภค
36200728,ประกันสุขภาพ
36200728,การออมเงิน
36200728,ธนาคาร
36217699,คุ้มครองผู้บริโภค
36217699,รถยนต์
36217699,ร้องทุกข์
36217699,ประกันภัยรถ
36225217,ธุรกรรมทางการเงิน
36225217,ประกันสุขภาพ
36225217,การออมเงิน
36225217,การบริหารจัดการ
36226589,พ.ร.บ. คุ้มครองผู้ประสบภัยจากรถ
36226589,ประกันภัยรถ
36229327,ประกันภัยการเดินทาง
36229327,สายการบิน
36229327,สนามบิน
36229327,บันทึกนักเดินทาง
36232680,ประกันสุขภาพ
36234151,ประกันวินาศภัย
36234151,ประกันสุขภาพ
36237715,big bike
36237715,มอเตอร์ไซค์
36237715,ประกันภัยรถ
36245480,คุ้มครองผู้บริโภค
36245480,ประกันสุขภาพ
36245480,ร้องทุกข์
36245480,เตือนภัย
36247387,บัตรเอทีเอ็ม
36247387,ธนาคารกรุงไทย
36247387,ประกันภัยรถ
36248534,อุบัติเหตุบนท้องถนน
36248534,เมาไม่ขับ
36248534,ใบขับขี่
36248534,ประกันภัยรถ
36252546,ประกันสุขภาพ
36252546,ธนาคารไทยพาณิชย์
36252546,คุ้มครองผู้บริโภค
36252546,เตือนภัย
36252546,บัตรเครดิต
36254246,คุ้มครองผู้บริโภค
36254246,กฎหมายชาวบ้าน
36254246,ประกันภัยรถ
36254246,พ.ร.บ. คุ้มครองผู้ประสบภัยจากรถ
36254246,ร้องทุกข์
36256078,ประกันสุขภาพ
36256578,คุ้มครองผู้บริโภค
36256578,รถยนต์
36256578,ร้องทุกข์
36256578,ประกันภัยรถ
36271351,สุขภาพจิต
36271351,ประกันสุขภาพ
36271351,ปัญหาชีวิต
36271784,ประกันสุขภาพ
36271784,คุ้มครองผู้บริโภค
36271784,ธนาคารเพื่อการเกษตรและสหกรณ์
36271784,ร้องทุกข์
36271784,ปัญหาชีวิต
36279110,คุ้มครองผู้บริโภค
36279110,ร้องทุกข์
36279110,ประกันภัยรถ
36280939,ประกันสุขภาพ
36288574,ประกันภัยรถ
36292904,ประกันสุขภาพ
36292904,การเงิน
36293682,ประกันภัยการเดินทาง
36293682,backpack
36293682,ชีวิตในต่างแดน
36293682,เที่ยวต่างประเทศ
36313949,รถยนต์
36313949,ประกันภัยรถ
36314281,สินเชื่อรถยนต์
36314281,คุ้มครองผู้บริโภค
36314281,ประกันภัยรถ
36320511,ประกันสุขภาพ
36324345,คุ้มครองผู้บริโภค
36324345,ประกันสุขภาพ
36324345,โรงพยาบาล
36329139,เพื่อนร่วมงาน
36329139,ประกันสุขภาพ
36329139,งานขาย
36337492,อุบัติเหตุบนท้องถนน
36337492,กฎหมายชาวบ้าน
36337492,ภาพยนตร์แอ็คชั่น
36337492,ประกันภัยรถ
36337492,อาวุธยุทโธปกรณ์
36346476,ประกันภัยรถ
36348522,สถานที่ท่องเที่ยวต่างประเทศ
36348522,ประกันภัยการเดินทาง
36348522,เที่ยวต่างประเทศ
36348522,online travel agency
36351063,โรคในผู้สูงอายุ
36351063,ประกันสุขภาพสำหรับผู้สูงอายุ
36351063,ครอบครัว
36351072,ประกันสุขภาพ
36351072,โรงพยาบาล
36352588,คุ้มครองผู้บริโภค
36352588,ประกันสุขภาพ
36352588,ร้องทุกข์
36352588,กฎหมายชาวบ้าน
36358663,ประกันภัยรถ
36358812,ประกันภัยการเดินทาง
36358812,ธนาคารไทยพาณิชย์
36358812,ธนาคาร
36358812,ธุรกรรมทางการเงิน
36358812,การเงิน
36365766,เตือนภัย
36365766,อุบัติเหตุบนท้องถนน
36365766,ประกันภัยรถ
36369465,ประกันภัยการเดินทาง
36369465,สายการบิน
36369465,เที่ยวต่างประเทศ
36372426,รถยนต์
36372426,honda (มอเตอร์ไซค์)
36372426,อู่ซ่อมรถ
36372426,ประกันภัยรถ
36372426,ร้องทุกข์
36386366,ประกันภัยรถ
36389129,คุ้มครองผู้บริโภค
36389129,ประกันสุขภาพ
36389129,ร้องทุกข์
36389184,ธนาคารธนชาต
36389184,เตือนภัย
36389184,ประกันภัยรถ
36389184,อะไหล่รถ
36389184,ร้องทุกข์
36389893,คุ้มครองผู้บริโภค
36389893,ประกันสุขภาพ
36389893,บัตรเครดิต
36389893,ร้องทุกข์
36393284,ประกันสุขภาพสำหรับผู้สูงอายุ
36393284,ประกันสุขภาพ
36393433,วีซ่า
36393433,ประกันสุขภาพ
36393433,คนไทยในญี่ปุ่น
36401629,ประกันภัยการเดินทาง
36401629,คุ้มครองผู้บริโภค
36401629,เตือนภัย
36401629,บัตรเครดิต
36401629,ร้องทุกข์
36413254,คุ้มครองผู้บริโภค
36413254,ร้องทุกข์
36413254,ประกันภัยรถ
36413254,กฎหมายพาณิชย์ (commercial law)
36445720,ประกันสุขภาพ
36445720,คุ้มครองผู้บริโภค
36445720,เตือนภัย
36445720,บัตรเครดิต
36445720,ร้องทุกข์
36447687,อุบัติเหตุบนท้องถนน
36447687,ประกันภัยรถ
36447687,กฎหมายชาวบ้าน
36455708,การจราจร
36455708,ประกันภัยการเดินทาง
36455708,อุบัติเหตุบนท้องถนน
36455708,อุบัติเหตุ
36455708,ประกันภัยรถ
36460218,รถยนต์
36460218,ประกันภัยรถ
36460447,chevrolet
36460447,รถยนต์
36460447,คุ้มครองผู้บริโภค
36460447,ประกันภัยรถ
36460447,ร้องทุกข์
36463041,รถยนต์
36463041,คุ้มครองผู้บริโภค
36463041,อู่ซ่อมรถ
36463041,ประกันภัยรถ
36463041,ซ่อมบำรุงรถยนต์
36466896,ประกันสุขภาพ
36466896,บัตรเครดิต
36466896,การเงิน
36476816,กล้องติดรถยนต์
36476816,ประกันภัยรถ
36479477,คุ้มครองผู้บริโภค
36479477,เตือนภัย
36479477,กฎหมายชาวบ้าน
36479477,ประกันภัยรถ
36479477,ร้องทุกข์
36481909,ประกันภัยรถ
36485996,เตือนภัย
36485996,ร้องทุกข์
36485996,ประกันภัยรถ
36487853,คุ้มครองผู้บริโภค
36487853,ประกันสุขภาพ
36487853,กฎหมายชาวบ้าน
36496198,โรคในผู้สูงอายุ
36496198,ประกันสุขภาพ
36496198,โรงพยาบาล
36504867,รถยนต์
36504867,คุ้มครองผู้บริโภค
36504867,อู่ซ่อมรถ
36504867,ประกันภัยรถ
36504867,ร้องทุกข์
36508298,สินเชื่อรถยนต์
36508298,รถยนต์
36508298,ประกันภัยรถ
36508298,ธนาคารธนชาต
36510613,ประกันสุขภาพ
36510613,คุ้มครองผู้บริโภค
36510613,กฎหมายชาวบ้าน
36510613,บัตรเครดิต
36510613,ร้องทุกข์
36511205,คุ้มครองผู้บริโภค
36511205,ประกันสุขภาพ
36520227,คุ้มครองผู้บริโภค
36520227,ประกันสังคม
36520227,กฎหมายชาวบ้าน
36520227,เมาไม่ขับ
36520227,หลักประกันสุขภาพถ้วนหน้า (บัตรทอง)
36522329,ประกันสุขภาพ
36532686,คุ้มครองผู้บริโภค
36532686,อุบัติเหตุบนท้องถนน
36532686,อู่ซ่อมรถ
36532686,กฎหมายชาวบ้าน
36532686,ประกันภัยรถ
36540202,พ.ร.บ. คุ้มครองผู้ประสบภัยจากรถ
36540202,ประกันภัยรถ
36540421,รถยนต์
36540421,ประกันภัยรถ
36540691,ประกันสุขภาพสำหรับผู้สูงอายุ
36540691,ประกันสุขภาพ
36540691,ประกันสำหรับผู้สูงอายุ
36541135,หลักประกันสุขภาพถ้วนหน้า (บัตรทอง)
36541135,สังคมคุณแม่
36541135,โรงพยาบาล
36541135,งานโรงพยาบาล
36541135,กระทรวงสาธารณสุข
36541566,คุ้มครองผู้บริโภค
36541566,ประกันสุขภาพ
36543284,พ.ร.บ. คุ้มครองผู้ประสบภัยจากรถ
36543284,รถยนต์
36543284,อุบัติเหตุ
36543284,ประกันภัยรถ
36543284,เมาไม่ขับ
36546977,บัตรเครดิต
36546977,ธนาคารกรุงศรีอยุธยา
36546977,ประกันภัยรถ
36547446,พ.ร.บ. คุ้มครองผู้ประสบภัยจากรถ
36547446,อุบัติเหตุบนท้องถนน
36547446,กฎหมายชาวบ้าน
36547446,ประกันภัยรถ
36547446,กฎหมายแพ่ง (civil law)
36547726,ประกันสุขภาพ
36548004,ประกันสุขภาพ
36548524,ประกันภัยการเดินทาง
36548524,คุ้มครองผู้บริโภค
36548524,สายการบิน
36548524,เที่ยวต่างประเทศ
36548524,online travel agency
36553101,คุ้มครองผู้บริโภค
36553101,ประกันสุขภาพ
36554848,ประกันสุขภาพ
36559994,คุ้มครองผู้บริโภค
36559994,ประกันสุขภาพ
36559994,โรงพยาบาล
36559994,ร้องทุกข์
36565723,สินเชื่อเพื่อที่อยู่อาศัย
36565723,ธนาคาร
36565723,ประกันสินเชื่อบ้าน
36571400,คุ้มครองผู้บริโภค
36571400,ประกันสุขภาพ
36572211,อุบัติเหตุ
36572211,ร้องทุกข์
36572211,ประกันภัยรถ
36572211,กฎหมายชาวบ้าน
36575498,ประกันภัยรถ
36579390,อุบัติเหตุบนท้องถนน
36579390,ประกันภัยรถ
36579390,กฎหมายชาวบ้าน
36582784,รถยนต์
36582784,คุ้มครองผู้บริโภค
36582784,ซ่อมบำรุงรถยนต์
36582784,ประกันภัยรถ
36582784,ร้องทุกข์
36582833,ประกันสุขภาพ
36582833,มนุษย์เงินเดือน
36582833,ธนาคารซิตี้แบงค์
36582833,บัตรเครดิต
36583498,คุ้มครองผู้บริโภค
36583498,ประกันสุขภาพ
36583498,บัตรเครดิต
36585102,ประกันสุขภาพ
36585102,การหักลดหย่อน
36585102,ธนาคาร
36585102,ธุรกรรมทางการเงิน
36585102,ธนาคารกรุงไทย
36586818,รถยนต์
36586818,คนไทยในญี่ปุ่น
36586818,ภาษาญี่ปุ่น
36586818,ประกันภัยรถ
36586818,อะไหล่รถ
36588220,อุบัติเหตุบนท้องถนน
36588220,คุ้มครองผู้บริโภค
36588220,ประกันภัยรถ
36588220,ซ่อมบำรุงรถยนต์
36588220,ร้องทุกข์
36588906,อุบัติเหตุบนท้องถนน
36588906,รถยนต์
36588906,อู่ซ่อมรถ
36588906,ประกันภัยรถ
36593124,ประกันสุขภาพ
36593124,คุ้มครองผู้บริโภค
36593124,โรงพยาบาล
36593124,การเงิน
36593124,ร้องทุกข์
36594689,ประกันสุขภาพ
36594689,คุ้มครองผู้บริโภค
36594689,กฎหมายชาวบ้าน
36594689,บัตรเครดิต
36594689,การเงิน
36602402,คุ้มครองผู้บริโภค
36602402,ประกันสำหรับผู้สูงอายุ
36602402,การเงิน
36602402,ครอบครัว
36609328,คุ้มครองผู้บริโภค
36609328,ร้องทุกข์
36609328,ประกันภัยรถ
36610954,ประกันสุขภาพ
36615793,คุ้มครองผู้บริโภค
36615793,อุบัติเหตุบนท้องถนน
36615793,กฎหมายชาวบ้าน
36615793,ประกันภัยรถ
36615793,ร้องทุกข์
36616537,ประกันสุขภาพ
36627447,ประกันภัยรถ
36627447,กฎหมายชาวบ้าน
36632085,ประกันภัยการเดินทาง
36632085,สนามบิน
36632085,คุ้มครองผู้บริโภค
36632085,เตือนภัย
36632085,ร้องทุกข์
36634418,ประกันภัยการเดินทาง
36634418,เที่ยวต่างประเทศ
36635702,ประกันสุขภาพ
36635702,คุ้มครองผู้บริโภค
36635702,ประกันสังคม
36635702,ธนาคารกรุงไทย
36635702,ร้องทุกข์
36636644,อุบัติเหตุบนท้องถนน
36636644,อู่ซ่อมรถ
36636644,ประกันภัยรถ
36636644,พ.ร.บ. คุ้มครองผู้ประสบภัยจากรถ
36636644,ร้องทุกข์
36638012,ประกันสุขภาพ
36638012,มนุษย์เงินเดือน
36638012,คุ้มครองผู้บริโภค
36638012,บัตรเครดิต
36638012,ร้องทุกข์
36639563,คุ้มครองผู้บริโภค
36639563,ประกันสุขภาพ
36639563,ร้องทุกข์
36641471,ประกันภัยการเดินทาง
36641471,รถยนต์
36641471,ประกันภัยรถ
36642938,ประกันสุขภาพ
36644689,ประกันสุขภาพสำหรับผู้สูงอายุ
36644689,ประกันสุขภาพ
36644689,หลักประกันสุขภาพถ้วนหน้า (บัตรทอง)
36656808,คุ้มครองผู้บริโภค
36656808,ประกันสุขภาพ
36656808,ร้องทุกข์
36656861,ประกันสุขภาพ
36661401,ประกันสุขภาพ
36661401,ประกันสังคม
36663241,รถยนต์
36663241,เตือนภัย
36663241,คุ้มครองผู้บริโภค
36663241,ประกันภัยรถ
36663241,ร้องทุกข์
36670691,คุ้มครองผู้บริโภค
36670691,ประกันสุขภาพ
36674323,คุ้มครองผู้บริโภค
36674323,ประกันสุขภาพ
36674323,บัตรเครดิต
36675031,อะไหล่รถ
36675031,big bike
36675031,มอเตอร์ไซค์
36675031,ประกันภัยรถ
36677594,คุ้มครองผู้บริโภค
36677594,ประกันสุขภาพ
36677594,การเงิน
36677594,ร้องทุกข์
36679941,ประกันสุขภาพ
36689418,ประกันสุขภาพ
36689418,สุขภาพกาย
36689418,สังคมคุณแม่
36689418,สุขภาพเด็กและทารก
36689418,ครอบครัว
36691193,ประกันสุขภาพ
36691193,การออมเงิน
36704803,พ.ร.บ. คุ้มครองผู้ประสบภัยจากรถ
36704803,tesco lotus
36704803,มอเตอร์ไซค์
36704803,ประกันภัยรถ
36704928,ประกันภัยรถ
36706598,ประกันภัยการเดินทาง
36706598,ประกันสุขภาพ
36706598,คุ้มครองผู้บริโภค
36706598,ประกันสังคม
36706598,งานโรงพยาบาล
36707687,ประกันสุขภาพ
36707687,การวางแผนการเงิน
36707687,การออมเงิน
36707687,วางแผนครอบครัว
36707687,ครอบครัว
36709047,ประกันสุขภาพ
36717813,เตือนภัย
36717813,คุ้มครองผู้บริโภค
36717813,ประกันภัยรถ
36717813,บัตรเครดิต
36717813,การเงิน
36718877,ประกันสุขภาพ
36718877,การเงิน
36718877,บ้าน
36719083,อุบัติเหตุบนท้องถนน
36719083,คุ้มครองผู้บริโภค
36719083,ประกันภัยรถ
36719083,พ.ร.บ. คุ้มครองผู้ประสบภัยจากรถ
36719083,ร้องทุกข์
36720228,ประกันสุขภาพ
36720228,แพทย์
36720228,สุขภาพกาย
36723394,ประกันภัยการเดินทาง
36723394,ประเทศเกาหลีใต้
36723394,เที่ยวต่างประเทศ
36723409,ประกันสุขภาพ
36726782,คุ้มครองผู้บริโภค
36726782,ประกันสุขภาพ
36726782,ธนาคารกรุงไทย
36726782,กฎหมายชาวบ้าน
36726822,พัฒนาการเด็ก
36726822,คุ้มครองผู้บริโภค
36726822,ประกันสุขภาพ
36726822,สังคมคุณแม่
36726954,คุ้มครองผู้บริโภค
36726954,ประกันสุขภาพ
36726954,ร้องทุกข์
36726954,กฎหมายชาวบ้าน
36727280,ประกันสุขภาพ
36730902,ประกันสุขภาพ
36730902,นักกฎหมาย
36730902,กฎหมายชาวบ้าน
36730902,อุบัติเหตุ
36730902,ทนายความ
36733603,แต่งรถ
36733603,รถยนต์
36733603,อะไหล่รถ
36733603,ประกันภัยรถ
36737661,พ.ร.บ. คุ้มครองผู้ประสบภัยจากรถ
36737661,ซ่อมบำรุงรถยนต์
36737661,อู่ซ่อมรถ
36737661,ประกันภัยรถ
36737720,ประกันสุขภาพ
36737720,คุ้มครองผู้บริโภค
36737720,ธนาคาร
36737720,ธนาคารทหารไทย
36737720,ร้องทุกข์
36738002,คุ้มครองผู้บริโภค
36738002,ประกันสุขภาพ
36738401,รถยนต์
36738401,อู่ซ่อมรถ
36738401,ซ่อมบำรุงรถยนต์
36738401,ประกันภัยรถ
36739052,คุ้มครองผู้บริโภค
36739052,ประกันสุขภาพ
36739052,มนุษย์เงินเดือน
36739052,การเงิน
36739514,ประกันสุขภาพ
36739514,คุ้มครองผู้บริโภค
36739514,ธุรกรรมทางการเงิน
36739514,บัตรเครดิต
36739514,ร้องทุกข์
36744086,ประกันภัยรถ
36744337,ประกันสุขภาพ
36744337,ธนาคาร
36744337,บัญชี
36744337,การออมเงิน
36744337,ธนาคารกรุงไทย
36750219,คุ้มครองผู้บริโภค
36750219,ประกันสุขภาพ
36756245,ประกันสุขภาพสำหรับผู้สูงอายุ
36756245,ประกันสุขภาพ
36762657,ประกันสุขภาพ
36762657,ตั้งครรภ์
36762880,รถยนต์
36762880,ประกันภัยรถ
36764428,ประกันสุขภาพ
36764428,กฎหมายชาวบ้าน
36764428,ปัญหาสังคม
36764428,ร้องทุกข์
36764428,ปัญหาชีวิต
36770280,เตือนภัย
36770280,ธุรกรรมออนไลน์
36770280,คุ้มครองผู้บริโภค
36770280,กฎหมายชาวบ้าน
36770280,ประกันภัยรถ
36773741,คุ้มครองผู้บริโภค
36773741,ประกันสุขภาพ
36773741,ร้องทุกข์
36773741,ธนาคารทหารไทย
36776124,คุ้มครองผู้บริโภค
36776124,ประกันสุขภาพ
36776124,ร้องทุกข์
36776124,กฎหมายชาวบ้าน
36781404,สหรัฐอเมริกา
36781404,ประกันภัยการเดินทาง
36781404,เที่ยวต่างประเทศ
36781404,online travel agency
36788459,ประกันสุขภาพ
36788459,การลงทุน
36788459,fundamental analysis
36788459,การเงิน
36788459,เศรษฐกิจ
36790625,คุ้มครองผู้บริโภค
36790625,ประกันสุขภาพ
36790625,โรงพยาบาล
36790625,ประกันสังคม
36791928,ธนาคารซิตี้แบงค์
36791928,บัตรเครดิต
36791928,ธนาคารกรุงศรีอยุธยา
36791928,ประกันสุขภาพ
36793737,ประกันภัยการเดินทาง
36793737,รายการข่าว
36793737,ประกันสุขภาพ
36793737,ประเทศญี่ปุ่น
36793737,เที่ยวญี่ปุ่น
36796515,ford all-new ranger
36796515,อะไหล่รถ
36796515,ford
36796515,ประกันภัยรถ
36797206,คุ้มครองผู้บริโภค
36797206,ประกันสุขภาพ
36797893,ประกันภัยการเดินทาง
36797893,สายการบิน
36797893,ฮ่องกง
36797893,backpack
36797893,เที่ยวต่างประเทศ
36798853,ประกันสุขภาพ
36798853,ไข้หวัด
36798853,โรงพยาบาล
36798853,แพทย์
36798853,ประกันสุขภาพสำหรับผู้สูงอายุ
36800410,ประกันภัยการเดินทาง
36800410,คนไทยในญี่ปุ่น
36800410,ชีวิตในต่างแดน
36800410,เที่ยวต่างประเทศ
36800410,ทวีปยุโรป
36801558,รถยนต์
36801558,คุ้มครองผู้บริโภค
36801558,อู่ซ่อมรถ
36801558,ประกันภัยรถ
36801558,ร้องทุกข์
36801848,รถยนต์
36801848,อุบัติเหตุ
36801848,ร้องทุกข์
36801848,ประกันภัยรถ
36801871,ประกันสุขภาพ
36801871,ธนาคาร
36801871,การออมเงิน
36801871,ธนาคารกรุงไทย
36801871,การเงิน
36811932,ประกันสุขภาพ
36811932,คุ้มครองผู้บริโภค
36811932,ธนาคาร
36811932,กฎหมายชาวบ้าน
36811932,สินเชื่อส่วนบุคคล
36814812,suzuki (รถยนต์)
36814812,อู่ซ่อมรถ
36814812,ประกันภัยรถ
36814812,ซ่อมบำรุงรถยนต์
36814812,suzuki ciaz
36817977,คุ้มครองผู้บริโภค
36817977,ประกันสุขภาพ
36817977,ร้องทุกข์
36823806,อุบัติเหตุบนท้องถนน
36823806,คุ้มครองผู้บริโภค
36823806,อู่ซ่อมรถ
36823806,ประกันภัยรถ
36823806,ร้องทุกข์
36829282,จักรยานเสือหมอบ
36829282,พ.ร.บ. คุ้มครองผู้ประสบภัยจากรถ
36829282,จักรยาน
36829282,ประกันภัยรถ
36829848,ประกันสุขภาพ
36841547,รถยนต์
36841547,รถกระบะ
36841547,สินเชื่อรถยนต์
36841547,อู่ซ่อมรถ
36841547,ประกันภัยรถ
36845847,คุ้มครองผู้บริโภค
36845847,พ.ร.บ. คุ้มครองผู้ประสบภัยจากรถ
36845847,รถยนต์
36845847,ประกันภัยรถ
36846418,อุบัติเหตุบนท้องถนน
36846418,เตือนภัย
36846418,อุบัติเหตุ
36846418,ประกันภัยรถ
36846418,ปัญหาชีวิต
36850037,ประกันสุขภาพ
36850037,คุ้มครองผู้บริโภค
36850037,เตือนภัย
36850037,ธุรกรรมทางการเงิน
36850037,ร้องทุกข์
36865090,ประกันสุขภาพ
36865090,ธนาคารกรุงไทย
36868446,ประกันสุขภาพ
36868446,การออมเงิน
36869206,ประกันสุขภาพ
36869206,การเงิน
36873885,คุ้มครองผู้บริโภค
36873885,ประกันสุขภาพ
36882971,รถยนต์
36882971,mazda
36882971,ประกันภัยรถ
36882971,ซ่อมบำรุงรถยนต์
36882971,mazda 2 sports
36887000,ประกันสุขภาพ
36887000,คุ้มครองผู้บริโภค
36887000,เตือนภัย
36887000,กฎหมายชาวบ้าน
36887000,ร้องทุกข์
36891147,ประกันวินาศภัย
36891147,ประกันสุขภาพ
36891147,ประกันภัยรถ
36893141,งานโรงพยาบาล
36893141,ประกันสุขภาพ
36893141,โรงพยาบาล
36894575,ประกันสุขภาพ
36894575,คุ้มครองผู้บริโภค
36894575,การโฆษณา
36894575,การออมเงิน
36894575,ประกันชีวิตสำหรับผู้สูงอายุ
36897949,ประกันวินาศภัย
36897949,ป้องกันน้ำท่วมบ้าน
36897949,อสังหาริมทรัพย์
36897949,บ้าน
36897949,ดูแลและซ่อมแซมบ้าน
36899908,ภาษีเงินได้บุคคลธรรมดา
36899908,ประกันสุขภาพ
36899908,มนุษย์เงินเดือน
36899908,การวางแผนการเงิน
36899908,การเงิน
36901888,ประกันสุขภาพ
36902112,ประกันสุขภาพ
36904903,คุ้มครองผู้บริโภค
36904903,ประกันภัยรถ
36906900,ประกันสุขภาพ
36906900,การออมเงิน
36906900,บัตรเครดิต
36906900,ประกันชีวิตสำหรับผู้สูงอายุ
36912160,รถยนต์
36912160,รีไฟแนนซ์
36912160,อุบัติเหตุบนท้องถนน
36912160,สินเชื่อรถยนต์
36912160,ประกันภัยรถ
36916589,ประกันสุขภาพ
36923935,honda (รถยนต์)
36923935,คุ้มครองผู้บริโภค
36923935,ศูนย์บริการรถยนต์
36923935,ประกันภัยรถ
36923935,ร้องทุกข์
36929751,ธนาคารซิตี้แบงค์
36929751,ประกันสุขภาพ
36929751,คุ้มครองผู้บริโภค
36929751,ธนาคาร
36929751,บัตรเครดิต
36934167,ประกันสุขภาพ
36934167,คุ้มครองผู้บริโภค
36934167,เตือนภัย
36934167,กฎหมายชาวบ้าน
36934167,ร้องทุกข์
36936821,คุ้มครองผู้บริโภค
36936821,ร้องทุกข์
36936821,ประกันชีวิตสำหรับผู้สูงอายุ
36937572,คุ้มครองผู้บริโภค
36937572,ประกันสุขภาพ
36939151,รถยนต์
36939151,อู่ซ่อมรถ
36939151,ประกันภัยรถ
36940565,คุ้มครองผู้บริโภค
36940565,ประกันวินาศภัย
36940565,ธนาคาร
36940565,ประกันสุขภาพ
36947466,รถยนต์
36947466,ประกันภัยรถ
36950833,การวางแผนการเงิน
36950833,ประกันสุขภาพสำหรับผู้สูงอายุ
36950833,ประกันสุขภาพ
36952453,ประกันสุขภาพ
36958229,คุ้มครองผู้บริโภค
36958229,ประกันสุขภาพ
36958229,การเงิน
36958229,ธุรกรรมทางการเงิน
36959053,การวางแผนการเงิน
36959053,ประกันสุขภาพ
36959053,หลักประกันสุขภาพถ้วนหน้า (บัตรทอง)
36959354,ประกันวินาศภัย
36959354,คุ้มครองผู้บริโภค
36959354,กฎหมายชาวบ้าน
36959354,ประกันภัยรถ
36959354,กฎหมายแพ่ง (civil law)
36959365,ประกันสุขภาพ
36959365,บัตรเครดิต
36959365,ธนาคารกรุงศรีอยุธยา
36960532,ประกันสุขภาพ
36960532,เตือนภัย
36960532,ธนาคาร
36960532,ธนาคารทหารไทย
36960532,ประกันชีวิตสำหรับผู้สูงอายุ
36962200,คุ้มครองผู้บริโภค
36962200,ประกันสุขภาพ
36962200,โรงพยาบาล
36962200,สุขภาพกาย
36965746,ประกันสุขภาพ
36965746,คุ้มครองผู้บริโภค
36965746,เตือนภัย
36965746,บัตรเครดิต
36965746,ธนาคารกสิกรไทย
36968387,ประกันสุขภาพ
36981093,ประกันสุขภาพ
36981093,เตือนภัย
36981093,ธนาคาร
36981093,ร้องทุกข์
36981093,ธนาคารกสิกรไทย
36981334,รถยนต์
36981334,รีไฟแนนซ์
36981334,สินเชื่อรถยนต์
36981334,อู่ซ่อมรถ
36981334,ประกันภัยรถ
36987288,ประกันสุขภาพ
36987288,คุ้มครองผู้บริโภค
36987288,เตือนภัย
36987288,กฎหมายชาวบ้าน
36987288,บัตรเครดิต
36997821,ประกันสุขภาพ
37030252,ประกันสุขภาพ
37036626,ประกันสุขภาพสำหรับผู้สูงอายุ
37036626,ประกันสุขภาพ
37036626,ประกันสังคม
37036626,สุขภาพกาย
37039885,ประกันสุขภาพ
37040221,คุ้มครองผู้บริโภค
37040221,รถยนต์
37040221,ประกันภัยรถ
37040221,กฎหมายชาวบ้าน
37046913,คุ้มครองผู้บริโภค
37046913,ร้องทุกข์
37046913,ประกันภัยรถ
37050171,คุ้มครองผู้บริโภค
37050171,ประกันวินาศภัย
37050171,ธนาคาร
37050171,รีไฟแนนซ์
37051289,สุขภาพกาย
37051289,เศรษฐศาสตร์
37051289,ชีวิตในต่างแดน
37051289,ประกันชีวิตสำหรับผู้สูงอายุ
37051289,ชีววิทยา
37051340,คุ้มครองผู้บริโภค
37051340,ประกันสุขภาพสำหรับผู้สูงอายุ
37051340,ประกันสุขภาพ
37051340,ร้องทุกข์
37054197,ประกันสุขภาพ
37054197,มนุษย์เงินเดือน
37054197,กฎหมายชาวบ้าน
37058621,ประกันสุขภาพ
37058621,โรงพยาบาล
37063081,ประกันสุขภาพ
37063081,คุ้มครองผู้บริโภค
37063081,ชีวิตหลังเกษียณ
37063081,ธนาคารกรุงไทย
37063081,ร้องทุกข์
37067448,ประกันภัยรถ
37083823,โรงเรียนอนุบาล
37083823,ประกันสุขภาพ
37083823,กระทรวงสาธารณสุข
37083823,สุขภาพเด็กและทารก
37083823,ร้องทุกข์
37084704,ประกันภัยรถ
37086935,ประกันสุขภาพ
37086935,krungsri mobile app
37086935,บัตรกดเงินสด
37086935,บัตรเครดิต
37086935,ธนาคารกรุงศรีอยุธยา
37095944,ประกันสุขภาพ
37095944,บัตรเอทีเอ็ม
37095944,ธนาคาร
37096331,อุบัติเหตุบนท้องถนน
37096331,อุบัติเหตุ
37096331,ประกันภัยรถ
37096331,ซ่อมบำรุงรถยนต์
37096331,ปัญหาชีวิต
37100357,ประกันสุขภาพ
37100357,คุ้มครองผู้บริโภค
37100357,ธนาคาร
37100357,ธนาคารทหารไทย
37100357,การเงิน
37102342,ประกันสุขภาพ
37102342,สุขภาพเด็กและทารก
37102342,แพทย์
37107464,ทนายความ
37107464,อุบัติเหตุ
37107464,ประกันภัยรถ
37107674,ประกันสุขภาพ
37107674,คุ้มครองผู้บริโภค
37107674,การออมเงิน
37107674,ธุรกรรมทางการเงิน
37107674,ธนาคารกรุงไทย
37109800,ประกันภัยรถ
37121925,คุ้มครองผู้บริโภค
37121925,ร้องทุกข์
37121925,ประกันภัยรถ
37124072,ประกันสุขภาพ
37124072,คุ้มครองผู้บริโภค
37124072,เตือนภัย
37124072,กฎหมายชาวบ้าน
37124072,ร้องทุกข์
37126369,ประกันสุขภาพ
37126369,การบริหารจัดการ
37126369,เตือนภัย
37126369,คุ้มครองผู้บริโภค
37126369,ปัญหาชีวิต
37127932,คุ้มครองผู้บริโภค
37127932,ประกันภัยการเดินทาง
37127932,นักท่องเที่ยว
37127932,เที่ยวต่างประเทศ
37129650,ประกันวินาศภัย
37129650,ประเทศอินโดนีเซีย
37129650,บาหลี
37129650,สถานที่ท่องเที่ยวต่างประเทศ
37129650,เที่ยวต่างประเทศ
37130333,ประกันสุขภาพ
37130333,ธนาคาร
37135827,อุบัติเหตุบนท้องถนน
37135827,ประกันสุขภาพ
37137179,คุ้มครองผู้บริโภค
37137179,ทนายความ
37137179,ประกันชีวิตสำหรับผู้สูงอายุ
37139129,งานราชการ
37139129,โรงพยาบาล
37139129,ประกันสุขภาพ
37140099,ประกันภัยรถ
37141269,ประกันภัยการเดินทาง
37141269,กระเป๋าเดินทาง
37141269,บันทึกนักเดินทาง
37141269,เตือนภัย
37141269,สายการบิน
37166302,ประกันสุขภาพ
37166302,สินเชื่อธุรกิจ
37166302,คุ้มครองผู้บริโภค
37166302,ธนาคาร
37166302,การเงิน
37167879,honda (รถยนต์)
37167879,ศูนย์บริการรถยนต์
37167879,แต่งรถ
37167879,ประกันภัยรถ
37167879,ซ่อมบำรุงรถยนต์
37170404,ประกันภัยรถ
37171242,ประกันสุขภาพ
37172960,ประกันสุขภาพ
37179178,ประกันภัยการเดินทาง
37179178,พ.ร.บ. คุ้มครองผู้ประสบภัยจากรถ
37179178,ประกันภัยรถ
37179180,ประกันสุขภาพ
37179180,คุ้มครองผู้บริโภค
37179180,กฎหมายชาวบ้าน
37179180,ประกันชีวิตสำหรับผู้สูงอายุ
37179180,ร้องทุกข์
37179232,ประกันภัยรถ
37182113,ประกันภัยรถ
37182135,ธนาคารออมสิน
37182135,สินเชื่อเพื่อที่อยู่อาศัย
37182135,คุ้มครองผู้บริโภค
37182135,ธนาคาร
37182135,ประกันสินเชื่อบ้าน
37183018,สุขภาพเด็กและทารก
37183018,ประกันสุขภาพ
37189243,เตือนภัย
37189243,คุ้มครองผู้บริโภค
37189243,ประกันสุขภาพ
37189243,ร้องทุกข์
37191435,คุ้มครองผู้บริโภค
37191435,ประกันภัยการเดินทาง
37191435,สายการบิน
37191435,thai smile (สายการบิน)
37195657,สินเชื่อรถยนต์
37195657,คุ้มครองผู้บริโภค
37195657,ประกันภัยรถ
37195657,ทนายความ
37195657,กฎหมายแพ่ง (civil law)
37209142,ฟิล์มรถยนต์
37209142,honda (รถยนต์)
37209142,ศูนย์บริการรถยนต์
37209142,ประกันภัยรถ
37209142,honda cr-v
37210898,รถยนต์
37210898,รถกระบะ
37210898,สินเชื่อรถยนต์
37210898,suzuki (รถยนต์)
37210898,ประกันภัยรถ
37217301,ประกันสุขภาพสำหรับผู้สูงอายุ
37217301,ประกันสุขภาพ
37217301,สุขภาพผู้สูงอายุ
37217301,ประกันชีวิตสำหรับผู้สูงอายุ
37217881,สินเชื่อรถยนต์
37217881,คุ้มครองผู้บริโภค
37217881,รถยนต์
37217881,ประกันภัยรถ
37224312,ประกันภัยการเดินทาง
37224312,ประกันวินาศภัย
37224312,ประกันสุขภาพ
37224312,ประกันสำหรับผู้สูงอายุ
37224312,ประกันชีวิตสำหรับผู้สูงอายุ
37224517,การวางแผนการเงิน
37224517,ปัญหาชีวิต
37224517,ประกันสำหรับผู้สูงอายุ
37226547,ประกันสุขภาพ
37227155,อุบัติเหตุบนท้องถนน
37227155,อู่ซ่อมรถ
37227155,ประกันภัยรถ
37230010,รถยนต์
37230010,ดูแลรักษารถยนต์
37230010,การบริหารจัดการ
37230010,ประกันภัยรถ
37233060,คุ้มครองผู้บริโภค
37233060,ประกันสุขภาพ
37233060,สินเชื่อเพื่อที่อยู่อาศัย
37233060,ประกันสินเชื่อบ้าน
37243906,รถยนต์
37243906,ประกันภัยรถ
37258133,ประกันภัยรถ
37258673,ประกันภัยการเดินทาง
37258673,สายการบิน
37258673,qatar airways
37261661,สุขภาพเด็กและทารก
37261661,ประกันสุขภาพ
37261699,ประกันสุขภาพ
37261699,โรงพยาบาล
37261699,สุขภาพกาย
37272597,อู่ซ่อมรถ
37272597,รถกระบะ
37272597,ซ่อมบำรุงรถยนต์
37272597,ประกันภัยรถ
37273555,เตือนภัย
37273555,ประกันภัยรถ
37274781,อุบัติเหตุบนท้องถนน
37274781,อุบัติเหตุ
37274781,ประกันภัยรถ
37277535,ประกันสุขภาพ
37281020,ประกันสุขภาพ
37281020,ประกันสำหรับผู้สูงอายุ
37281020,คุ้มครองผู้บริโภค
37281020,คลับสุขภาพ
37281020,ประกันสุขภาพสำหรับผู้สูงอายุ
37286245,การเงิน
37286245,ประกันชีวิตสำหรับผู้สูงอายุ
37286245,ธนาคาร
37290863,ประกันสุขภาพ
37290863,ปัญหาชีวิต
37291037,รถยนต์
37291037,อู่ซ่อมรถ
37291037,ซ่อมบำรุงรถยนต์
37291037,ประกันภัยรถ
37291738,ประกันสุขภาพ
37291738,คุ้มครองผู้บริโภค
37291738,โรงพยาบาล
37291738,งานโรงพยาบาล
37291738,ร้องทุกข์
37301756,คุ้มครองผู้บริโภค
37301756,แต่งรถ
37301756,ประกันภัยรถ
37333050,ประกันสุขภาพ
37333050,ประกันสำหรับผู้สูงอายุ
37333050,คุ้มครองผู้บริโภค
37333050,ประกันชีวิตสำหรับผู้สูงอายุ
37333050,ประกันสุขภาพสำหรับผู้สูงอายุ
37354554,คุ้มครองผู้บริโภค
37354554,รถยนต์
37354554,ประกันภัยรถ
37354554,กฎหมายชาวบ้าน
37356453,การเลี้ยงลูก
37356453,สุขภาพเด็กและทารก
37356453,ธนาคารกรุงไทย
37356453,ประกันสุขภาพ
37362685,รถยนต์
37362685,ศูนย์บริการรถยนต์
37362685,toyota yaris
37362685,ประกันภัยรถ
37362685,พ.ร.บ. คุ้มครองผู้ประสบภัยจากรถ
37362849,อู่ซ่อมรถ
37362849,แต่งรถ
37362849,toyota camry
37362849,ประกันภัยรถ
37362849,ซ่อมบำรุงรถยนต์
37363968,ประกันสุขภาพ
37363968,สุขภาพกาย
37363968,คลับสุขภาพ
37363968,ร้องทุกข์
37363968,ปัญหาชีวิต
37379207,ประกันสุขภาพ
37379207,สุขภาพเด็กและทารก
37379207,คลินิกแม่และเด็ก
37379207,โรงพยาบาล
37379207,แพทย์
37384808,ประกันสุขภาพ
37384808,ประกันสำหรับผู้สูงอายุ
37384808,คุ้มครองผู้บริโภค
37384808,ประกันชีวิตสำหรับผู้สูงอายุ
37384808,ร้องทุกข์
37389359,คุ้มครองผู้บริโภค
37389359,ประกันสุขภาพ
37389359,ร้องทุกข์
37389359,เตือนภัย
37396068,เตือนภัย
37396068,การบริหารจัดการ
37396068,ประกันสุขภาพ
37396068,ร้องทุกข์
37396672,คุ้มครองผู้บริโภค
37396672,ศูนย์บริการรถยนต์
37396672,ร้องทุกข์
37396672,ประกันภัยรถ
37412581,ประกันสุขภาพ
37412581,คุ้มครองผู้บริโภค
37412581,เตือนภัย
37412581,ร้องทุกข์
37412581,ครอบครัว
37414350,งานโรงพยาบาล
37414350,ประกันสุขภาพ
37414350,โรคติดต่อ
37416951,รถยนต์
37416951,ดูแลรักษารถยนต์
37416951,ศูนย์บริการรถยนต์
37416951,mitsubishi (รถยนต์)
37416951,ประกันภัยรถ
37417864,ประกันภัยรถ
37420829,ประกันสุขภาพ
37423701,ประกันสุขภาพ
37425348,สินเชื่อเพื่อที่อยู่อาศัย
37425348,ธนาคารกรุงไทย
37425348,ประกันสินเชื่อบ้าน
37426750,รถยนต์
37426750,honda (รถยนต์)
37426750,honda jazz
37426750,ประกันภัยรถ
37433436,ประกันภัยรถ
37442705,honda (รถยนต์)
37442705,ประกันภัยรถ
37447185,อุบัติเหตุบนท้องถนน
37447185,รถยนต์
37447185,สินเชื่อรถยนต์
37447185,ประกันภัยรถ
37450690,คุ้มครองผู้บริโภค
37450690,ประกันสุขภาพ
37450690,บัตรเครดิต
37450690,ร้องทุกข์
37452114,ประกันสุขภาพ
37452114,มนุษย์เงินเดือน
37452114,สุขภาพกาย
37452114,คุ้มครองผู้บริโภค
37452114,กฎหมายชาวบ้าน
37456287,ภาษีรถยนต์
37456287,รถยนต์
37456287,ซ่อมบำรุงรถยนต์
37456287,ประกันภัยรถ
37456287,ร้องทุกข์
37456783,ประกันสุขภาพ
37456783,บัตรเครดิต
37456783,ธนาคารกรุงศรีอยุธยา
37456783,ประกันภัยรถ
37461614,ประกันภัยรถ
37462724,เตือนภัย
37462724,ประกันภัยรถ
37462779,รถยนต์
37462779,อุบัติเหตุบนท้องถนน
37462779,อุบัติเหตุ
37462779,ประกันภัยรถ
37462779,รถบรรทุก
37466890,honda (รถยนต์)
37466890,ดูแลรักษารถยนต์
37466890,ซ่อมบำรุงรถยนต์
37466890,ประกันภัยรถ
37470065,พินัยกรรม
37470065,นักกฎหมาย
37470065,ประกันสุขภาพ
37470603,สินเชื่อเพื่อที่อยู่อาศัย
37470603,รีไฟแนนซ์
37470603,ธนาคารยูโอบี
37470603,ประกันสินเชื่อบ้าน
37470603,การเงิน
37483693,ประกันสุขภาพ
37483693,คุ้มครองผู้บริโภค
37483693,e-commerce
37483693,บัตรเครดิต
37483693,ธนาคารกรุงศรีอยุธยา
37491602,ประกันสุขภาพ
37491602,บัตรเดบิต
37491602,ภาคกลาง
37491602,บัตรเครดิต
37491602,การเงิน
37499101,ประกันภัยรถ
37501498,อุบัติเหตุ
37501498,ประกันภัยรถ
37501498,รถเช่า
37507957,ศูนย์บริการรถยนต์
37507957,ประกันภัยรถ
37518126,ธุรกรรมทางการเงิน
37518126,ประกันสุขภาพสำหรับผู้สูงอายุ
37518126,ประกันสุขภาพ
37524225,ประกันสุขภาพ
37524225,การเงิน
37524225,ครอบครัว
37530134,สินเชื่อรถยนต์
37530134,รถยนต์
37530134,อุบัติเหตุบนท้องถนน
37530134,ประกันภัยรถ
37532644,อุบัติเหตุบนท้องถนน
37532644,รถยนต์
37532644,อุบัติเหตุ
37532644,ประกันภัยรถ
37533511,รถยนต์
37533511,ศูนย์บริการรถยนต์
37533511,อู่ซ่อมรถ
37533511,ภาคกลาง
37533511,ประกันภัยรถ
37533616,ประกันภัยการเดินทาง
37533616,สนามบิน
37533616,airasia x
37533616,เที่ยวต่างประเทศ
37533616,ประเทศจีน
37534792,สินเชื่อธุรกิจ
37534792,คุ้มครองผู้บริโภค
37534792,ประกันสินเชื่อธุรกิจ
37534792,สินเชื่อส่วนบุคคล
37534792,ธนาคารกสิกรไทย
37536046,ประกันสุขภาพ
37536046,ประกันสำหรับผู้สูงอายุ
37536046,ผู้สูงอายุ
37536046,ประกันชีวิตสำหรับผู้สูงอายุ
37536046,สิทธิผู้สูงอายุ
37537506,ประกันสุขภาพสำหรับผู้สูงอายุ
37537506,ประกันสุขภาพ
37537506,ประกันชีวิตสำหรับผู้สูงอายุ
37537506,ประกันสำหรับผู้สูงอายุ
37548212,สินเชื่อรถยนต์
37548212,คุ้มครองผู้บริโภค
37548212,ประกันสุขภาพ
37553637,ประกันสุขภาพ
37553637,คุ้มครองผู้บริโภค
37553637,เตือนภัย
37553637,บัตรเครดิต
37553637,ร้องทุกข์
37557104,ประกันสุขภาพ
37557104,ร้องทุกข์
37566531,เตือนภัย
37566531,คุ้มครองผู้บริโภค
37566531,ประกันสุขภาพ
37566531,ร้องทุกข์
37570703,ประกันสุขภาพ
37570703,โรคหัวใจ
37571797,ประกันสุขภาพ
37575365,คุ้มครองผู้บริโภค
37575365,ประกันสุขภาพ
37575365,ร้องทุกข์
37575365,สังคมคุณแม่
37576470,ประกันสุขภาพ
37576470,มนุษย์เงินเดือน
37576470,คุ้มครองผู้บริโภค
37576470,ธุรกรรมทางการเงิน
37576470,ร้องทุกข์
37576628,ประกันสุขภาพ
37576628,อุบัติเหตุบนท้องถนน
37576628,อุบัติเหตุ
37576628,big bike
37576628,มอเตอร์ไซค์
37577788,ประกันสุขภาพ
37577788,ประกันสำหรับผู้สูงอายุ
37577788,โรงพยาบาล
37577788,ประกันชีวิตสำหรับผู้สูงอายุ
37577788,ประกันสุขภาพสำหรับผู้สูงอายุ
37579900,ประกันสุขภาพสำหรับผู้สูงอายุ
37579900,ประกันสุขภาพ
37579900,ประกันชีวิตสำหรับผู้สูงอายุ
37579900,ประกันสำหรับผู้สูงอายุ
37584308,ประกันสุขภาพ
37584308,โรงพยาบาล
37584372,คุ้มครองผู้บริโภค
37584372,เตือนภัย
37584372,นักกฎหมาย
37584372,ประกันภัยรถ
37584372,ร้องทุกข์
37585239,เตือนภัย
37585239,ประกันสุขภาพ
37585239,ธุรกิจบริการ
37585239,ร้องทุกข์
37585472,ประกันสุขภาพ
37585472,สุขภาพกาย
37585472,คลับสุขภาพ
37585472,สังคมชาวพันทิป
37585472,office syndrome
37595837,คุ้มครองผู้บริโภค
37595837,ประกันสุขภาพ
37595837,ร้องทุกข์
37595837,ประกันภัยรถ
37605267,รถยนต์
37605267,นักกฎหมาย
37605267,อู่ซ่อมรถ
37605267,อุบัติเหตุ
37605267,ประกันภัยรถ
37610888,คุ้มครองผู้บริโภค
37610888,ประกันสุขภาพ
37613721,ประกันภัยรถ
37629076,คุ้มครองผู้บริโภค
37629076,ประกันสุขภาพ
37629076,ร้องทุกข์
37629076,เตือนภัย
37629478,คุ้มครองผู้บริโภค
37629478,เตือนภัย
37629478,ธนาคาร
37629478,ประกันชีวิตสำหรับผู้สูงอายุ
37629478,ธุรกรรมทางการเงิน
37637839,ประกันสุขภาพ
37637839,สุขภาพกาย
37640420,การวางแผนการเงิน
37640420,ประกันสุขภาพ
37640420,การเงิน
37642128,รถยนต์
37642128,ประกันภัยรถ
37643195,ประกันสุขภาพ
37643195,คุ้มครองผู้บริโภค
37643195,สังคมคุณแม่
37643195,กฎหมายชาวบ้าน
37643195,ร้องทุกข์
37644134,รถยนต์
37644134,honda (รถยนต์)
37644134,ศูนย์บริการรถยนต์
37644134,อู่ซ่อมรถ
37644134,ประกันภัยรถ
37649224,อุบัติเหตุบนท้องถนน
37649224,ประกันภัยรถ
37649649,ศูนย์บริการรถยนต์
37649649,ซ่อมบำรุงรถยนต์
37649649,ประกันภัยรถ
37650341,สินเชื่อเพื่อที่อยู่อาศัย
37650341,บ้าน
37650341,ธนาคาร
37650341,ประกันสินเชื่อบ้าน
37650341,คอนโดมิเนียม
37653170,ธนาคารไทยพาณิชย์
37653170,ประกันสุขภาพ
37653170,บัตรเครดิต
37653170,ธนาคาร
37654159,honda (รถยนต์)
37654159,ประกันภัยรถ
37662821,คุ้มครองผู้บริโภค
37662821,ประกันสุขภาพ
37662821,ร้องทุกข์
37665591,ประกันสุขภาพ
37665591,ประกันสำหรับผู้สูงอายุ
37665591,เตือนภัย
37665591,การลงทุน
37665591,คุ้มครองผู้บริโภค
37669194,ประกันสุขภาพ
37672150,คุ้มครองผู้บริโภค
37672150,ร้องทุกข์
37672150,ประกันภัยรถ
37672391,อู่ซ่อมรถ
37672391,ประกันภัยรถ
37677325,ประกันสุขภาพ
37680246,รถยนต์
37680246,ดูแลรักษารถยนต์
37680246,อู่ซ่อมรถ
37680246,ประกันภัยรถ
37680246,ซ่อมบำรุงรถยนต์
37686059,ประกันสุขภาพ
37690307,ประกันสุขภาพ
37690307,คลับสุขภาพ
37690307,แพทย์
37690307,โรงพยาบาล
37690307,งานโรงพยาบาล
37706395,ประกันสุขภาพ
37706596,รถยนต์
37706596,ประกันภัยรถ
37706891,ประกันสุขภาพ
37706891,การตลาด
37706891,คุ้มครองผู้บริโภค
37706891,การเงิน
37706891,ร้องทุกข์
37713021,คุ้มครองผู้บริโภค
37713021,ประกันสุขภาพ
37713443,คุ้มครองผู้บริโภค
37713443,ทนายความ
37713443,ประกันสุขภาพ
37713443,ร้องทุกข์
37722764,ประกันสุขภาพ
37722764,คุ้มครองผู้บริโภค
37722764,กฎหมายชาวบ้าน
37722764,ทนายความ
37722764,ร้องทุกข์
37727976,อู่ซ่อมรถ
37727976,ซ่อมบำรุงรถยนต์
37727976,ประกันภัยรถ
37728443,ประกันสุขภาพ
37728443,ประกันสำหรับผู้สูงอายุ
37728443,คุ้มครองผู้บริโภค
37728443,ประกันชีวิตสำหรับผู้สูงอายุ
37728443,ประกันสุขภาพสำหรับผู้สูงอายุ
37729484,งานโรงพยาบาล
37729484,สุขภาพเด็กและทารก
37729484,โรงพยาบาล
37729484,ประกันสุขภาพ
37735513,ประกันสุขภาพ
37735513,คลับสุขภาพ
37735513,โรงพยาบาล
37738177,คุ้มครองผู้บริโภค
37738177,ประกันสุขภาพ
37741760,ประกันสุขภาพ
37741760,ธนาคาร
37742234,คุ้มครองผู้บริโภค
37742234,ประกันภัยรถ
37742234,พ.ร.บ. คุ้มครองผู้ประสบภัยจากรถ
37742234,การขนส่งทางรถยนต์ (motor transportation)
37742234,ซ่อมบำรุงรถยนต์
37743887,คุ้มครองผู้บริโภค
37743887,ร้องทุกข์
37743887,ประกันภัยรถ
37744945,ประกันสุขภาพ
37752328,ประกันภัยการเดินทาง
37752328,ประกันสุขภาพ
37752328,บันทึกนักเดินทาง
37752328,เที่ยวต่างประเทศ
37753214,ประกันสุขภาพ
37753214,บัตรเครดิต
37753214,ธนาคารกรุงศรีอยุธยา
37759534,อุบัติเหตุบนท้องถนน
37759534,ศูนย์บริการรถยนต์
37759534,ประกันภัยรถ
37762625,อุบัติเหตุบนท้องถนน
37762625,คุ้มครองผู้บริโภค
37762625,รถยนต์
37762625,ประกันภัยรถ
37764473,คุ้มครองผู้บริโภค
37764473,ประกันสุขภาพ
37764473,ร้องทุกข์
37764473,ธุรกรรมทางการเงิน
37767757,รถยนต์
37767757,honda (รถยนต์)
37767757,ดูแลรักษารถยนต์
37767757,ประกันภัยรถ
37767757,ซ่อมบำรุงรถยนต์
37770555,ประกันสุขภาพ
37770555,การวางแผนการเงิน
37770555,คุ้มครองผู้บริโภค
37770555,เตือนภัย
37770555,ร้องทุกข์
37772051,พ.ร.บ. คุ้มครองผู้ประสบภัยจากรถ
37772051,ธนาคารกรุงศรีอยุธยา
37772051,ประกันภัยรถ
37773718,ประกันสุขภาพ
37773718,บัตรเครดิต
37773718,aeon
37773857,ภาษีเงินได้บุคคลธรรมดา
37773857,ประกันสุขภาพ
37773857,การหักลดหย่อน
37780298,รถยนต์
37780298,ford
37780298,ประกันภัยรถ
37780636,คุ้มครองผู้บริโภค
37780636,อู่ซ่อมรถ
37780636,อุบัติเหตุ
37780636,ประกันภัยรถ
37780636,ทนายความ
37782556,ประกันภัยการเดินทาง
37782556,ประกันสุขภาพ
37782556,มนุษย์เงินเดือน
37782556,อุบัติเหตุ
37792263,คุ้มครองผู้บริโภค
37792263,ประกันสุขภาพ
37798567,ประกันสุขภาพ
37806811,ประกันสุขภาพ
37806811,โรงพยาบาล
37806811,คลับสุขภาพ
37812229,ประกันสุขภาพ
37812229,คุ้มครองผู้บริโภค
37812229,เตือนภัย
37812229,งานโรงพยาบาล
37812229,ร้องทุกข์
37813961,คุ้มครองผู้บริโภค
37813961,ภาษีเงินได้บุคคลธรรมดา
37813961,ประกันสุขภาพ
37813961,การเงิน
37815882,ประกันสุขภาพ
37816501,คุ้มครองผู้บริโภค
37816501,ประกันสุขภาพ
37818699,ประกันภัยการเดินทาง
37818699,เที่ยวต่างประเทศ
37824571,ประกันวินาศภัย
37824571,ประกันสุขภาพ
37824571,การวางแผนการเงิน
37824571,ธนาคาร
37824571,การเงิน
37825503,รถยนต์
37825503,ศูนย์บริการรถยนต์
37825503,ดูแลรักษารถยนต์
37825503,ประกันภัยรถ
37825503,ซ่อมบำรุงรถยนต์
37830227,ประกันภัยรถ
37835005,เตือนภัย
37835005,คุ้มครองผู้บริโภค
37835005,ร้องทุกข์
37835005,ประกันภัยรถ
37858016,รถยนต์
37858016,ประกันภัยรถ
37862130,ประกันสุขภาพ
37862130,คุ้มครองผู้บริโภค
37862130,กฎหมายชาวบ้าน
37862130,ธนาคารกรุงไทย
37862130,ร้องทุกข์
37873368,ธนาคารออมสิน
37873368,สินเชื่อธุรกิจ
37873368,ธนาคาร
37873368,ประกันสินเชื่อธุรกิจ
37873368,สินเชื่อส่วนบุคคล
37874830,ประกันสุขภาพ
37874830,บัตรเครดิต
37882286,คุ้มครองผู้บริโภค
37882286,ประกันสุขภาพ
37882286,ร้องทุกข์
37882286,ประกันชีวิตสำหรับผู้สูงอายุ
37884291,ประกันสุขภาพ
37884291,คุ้มครองผู้บริโภค
37884291,เตือนภัย
37884291,ปัญหาสังคม
37884291,ร้องทุกข์
37885245,สินเชื่อเพื่อที่อยู่อาศัย
37885245,ธนาคาร
37885245,กฎหมายชาวบ้าน
37885245,ประกันสินเชื่อบ้าน
37885245,ธนาคารกรุงไทย
37886130,คุ้มครองผู้บริโภค
37886130,ประกันสุขภาพ
37886130,ร้องทุกข์
37886130,เตือนภัย
37891313,ประกันชีวิตสำหรับเด็กและทารก
37891313,คุ้มครองผู้บริโภค
37891313,ร้องทุกข์
37891313,โรคหอบหืด
37893013,ธนาคารธนชาต
37893013,สินเชื่อรถยนต์
37893013,คุ้มครองผู้บริโภค
37893013,ธนาคาร
37893013,ประกันภัยรถ
37894239,ประกันสุขภาพ
37894239,ธนาคารกรุงไทย
37913038,รถยนต์
37913038,honda (รถยนต์)
37913038,toyota
37913038,ประกันภัยรถ
37915560,คุ้มครองผู้บริโภค
37915560,ประกันสุขภาพ
37915560,ร้องทุกข์
37915560,เตือนภัย
37924896,คุ้มครองผู้บริโภค
37924896,ประกันภัยรถ
37925033,ประกันภัยรถ
37927327,ประกันภัยรถ
37929609,ประกันสุขภาพ
37931387,ประกันสุขภาพ
37931387,คุ้มครองผู้บริโภค
37931387,กฎหมายชาวบ้าน
37931387,ธนาคารกรุงไทย
37931387,ร้องทุกข์
37932272,ประกันสุขภาพสำหรับเด็กและทารก
37932272,ประกันสุขภาพ
37932272,ภาคตะวันออก
37932272,สังคมคุณแม่
37933246,ประกันภัยรถ
37938455,ประกันสุขภาพ
37944236,ประกันสุขภาพ
37944236,คุ้มครองผู้บริโภค
37944236,เตือนภัย
37944236,ศูนย์บริการโทรศัพท์มือถือ
37944236,ร้องทุกข์
37948741,ภาษีรถยนต์
37948741,honda (รถยนต์)
37948741,ประกันภัยรถ
37948912,ประกันสุขภาพ
37948912,คุ้มครองผู้บริโภค
37948912,เตือนภัย
37948912,เงินฝากระยะยาว
37948912,ร้องทุกข์
37965284,นักกฎหมาย
37965284,ประกันภัยรถ
37966024,รถยนต์
37966024,อะไหล่รถ
37966024,อู่ซ่อมรถ
37966024,ประกันภัยรถ
37966262,ประกันภัยรถ
37966914,ประกันสุขภาพ
37966914,คุ้มครองผู้บริโภค
37966914,ประกันชีวิตสำหรับผู้สูงอายุ
37966914,ทนายความ
37966914,ร้องทุกข์
37970158,ประกันสุขภาพ
37970158,ศัลยกรรมความงาม
37970158,อุบัติเหตุบนท้องถนน
37970158,คลินิกความงาม
37970158,โหงวเฮ้ง
37978144,อุบัติเหตุบนท้องถนน
37978144,ใบขับขี่
37978144,ร้องทุกข์
37978144,ประกันภัยรถ
37980036,ประกันสุขภาพ
37980036,เตือนภัย
37980036,คุ้มครองผู้บริโภค
37980036,การวางแผนการเงิน
37980036,การออมเงิน
37981733,โชว์รูมรถยนต์
37981733,รถยนต์
37981733,ประกันภัยรถ
37981733,กฎหมายชาวบ้าน
37984715,ประกันสุขภาพ
37984715,เตือนภัย
37984715,คุ้มครองผู้บริโภค
37984715,บัตรเครดิต
37984715,ร้องทุกข์
37989128,ธุรกรรมทางการเงิน
37989128,ประกันสุขภาพ
37989128,ร้องทุกข์
37989128,ประกันชีวิตสำหรับผู้สูงอายุ
37989192,ประกันชีวิตสำหรับเด็กและทารก
37989192,ประกันสุขภาพสำหรับเด็กและทารก
37989192,ประกันสำหรับเด็กและทารก
37989192,ประกันสุขภาพ
37992699,คุ้มครองผู้บริโภค
37992699,ประกันสุขภาพสำหรับผู้สูงอายุ
37992699,ประกันสุขภาพ
37994703,ประกันสุขภาพ
37994703,แพทย์
37994703,โรงพยาบาล
37997956,ศูนย์บริการรถยนต์
37997956,อู่ซ่อมรถ
37997956,ประกันภัยรถ
38002825,แต่งรถ
38002825,รถยนต์
38002825,honda (รถยนต์)
38002825,ประกันภัยรถ
38007681,ประกันสุขภาพ
38007681,ธนาคารไทยพาณิชย์
38007681,บัตรประจำตัวประชาชน
38007681,เตือนภัย
38007681,การบัญชีการเงิน (financial accounting)
38010077,ประกันสุขภาพ
38010077,คุ้มครองผู้บริโภค
38010077,aeon
38010077,บัตรเครดิต
38010077,ร้องทุกข์
38018311,รถยนต์
38018311,ประกันภัยรถ
38029171,toyota vios
38029171,ศูนย์บริการรถยนต์
38029171,อู่ซ่อมรถ
38029171,ประกันภัยรถ
38029171,ซ่อมบำรุงรถยนต์
38029850,โชว์รูมรถยนต์
38029850,อุบัติเหตุบนท้องถนน
38029850,ศูนย์บริการรถยนต์
38029850,แต่งรถ
38029850,ประกันภัยรถ
38029891,ประกันสุขภาพ
38032303,ประกันภัยการเดินทาง
38032303,เที่ยวต่างประเทศ
38033344,ประกันสุขภาพ
38033344,ประกันสำหรับผู้สูงอายุ
38033344,คุ้มครองผู้บริโภค
38033344,ประกันชีวิตสำหรับผู้สูงอายุ
38033344,ประกันสุขภาพสำหรับผู้สูงอายุ
38035763,รถยนต์
38035763,ดูแลรักษารถยนต์
38035763,ศูนย์บริการรถยนต์
38035763,อู่ซ่อมรถ
38035763,ประกันภัยรถ
38038631,ประกันสุขภาพ
38038631,มนุษย์เงินเดือน
38038631,ประกันสังคม
38039504,สินเชื่อเพื่อที่อยู่อาศัย
38039504,บ้าน
38039504,ธนาคาร
38039504,ประกันสินเชื่อบ้าน
38039504,การเงิน
38042078,ประกันสุขภาพ
38042078,ไข้หวัด
38042078,สังคมคุณแม่
38042078,ประกันสุขภาพสำหรับเด็กและทารก
38042078,rsv (respiratory syncytial virus)
38043061,คุ้มครองผู้บริโภค
38043061,ประกันสุขภาพ
38043061,การเงิน
38043061,ร้องทุกข์
38047530,อุบัติเหตุบนท้องถนน
38047530,รถยนต์
38047530,อะไหล่รถ
38047530,ประกันภัยรถ
38050468,ประกันภัยรถ
38052060,คุ้มครองผู้บริโภค
38052060,ประกันวินาศภัย
38055193,คุ้มครองผู้บริโภค
38055193,ทนายความ
38055193,ประกันสุขภาพ
38055193,ร้องทุกข์
38055445,คุ้มครองผู้บริโภค
38055445,ประกันภัยการเดินทาง
38055445,สายการบิน
38055445,เที่ยวต่างประเทศ
38056427,การเงิน
38056427,สินเชื่อเพื่อที่อยู่อาศัย
38056427,ธนาคาร
38056427,ประกันสินเชื่อบ้าน
38063319,ดูแลรักษารถยนต์
38063319,ศูนย์บริการรถยนต์
38063319,อู่ซ่อมรถ
38063319,ประกันภัยรถ
38063319,ซ่อมบำรุงรถยนต์
38066054,ประกันภัยการเดินทาง
38066054,ประกันวินาศภัย
38066054,แผนการเดินทางและท่องเที่ยว
38066054,กฎหมายพาณิชย์ (commercial law)
38066054,นักท่องเที่ยว
38068431,ธนาคารอาคารสงเคราะห์
38068431,สินเชื่อเพื่อที่อยู่อาศัย
38068431,ประกันสินเชื่อบ้าน
38068431,กองทุนเงินให้กู้ยืมเพื่อการศึกษา (กยศ.)
38068778,ประกันสุขภาพสำหรับเด็กและทารก
38068778,ประกันสุขภาพ
38068778,ประกันสำหรับเด็กและทารก
38071673,คุ้มครองผู้บริโภค
38071673,ประกันสุขภาพ
38071673,ธนาคาร
38071673,เตือนภัย
38072423,ประกันวินาศภัย
38072423,เตือนภัย
38072423,คุ้มครองผู้บริโภค
38072423,ประกันชีวิตสำหรับผู้สูงอายุ
38072423,ประกันภัยรถ
38078184,ประกันสุขภาพ
38080217,อุบัติเหตุบนท้องถนน
38080217,กฎหมายชาวบ้าน
38080217,ประกันภัยรถ
38080217,กฎหมายแพ่ง (civil law)
38080217,กฎหมายจราจร
38084104,ประกันสุขภาพ
38084104,คุ้มครองผู้บริโภค
38084104,ประกันชีวิตสำหรับเด็กและทารก
38084104,ประกันสำหรับเด็กและทารก
38084104,ร้องทุกข์
38102699,รถยนต์
38102699,อุบัติเหตุบนท้องถนน
38102699,อุบัติเหตุ
38102699,ประกันภัยรถ
38102699,พ.ร.บ. คุ้มครองผู้ประสบภัยจากรถ
38113877,อุบัติเหตุบนท้องถนน
38113877,อู่ซ่อมรถ
38113877,ประกันภัยรถ
38113877,อะไหล่รถ
38113877,ซ่อมบำรุงรถยนต์
38114836,ประกันสุขภาพ
38114836,คุ้มครองผู้บริโภค
38114836,สุขภาพเด็กและทารก
38114836,การเลี้ยงลูก
38114836,ประกันสำหรับเด็กและทารก
38116807,ประกันสุขภาพ
38116807,คุ้มครองผู้บริโภค
38116807,ธนาคาร
38116807,ร้องทุกข์
38116807,ธนาคารกสิกรไทย
38126325,ประกันภัยรถ
38126609,ประกันภัยการเดินทาง
38126609,ประกันสุขภาพ
38126609,ประกันสังคม
38126609,ประกันออนไลน์
38126609,ประกันภัยรถ
38133056,ประกันสุขภาพ
38133056,บัญชี
38133056,ประกันชีวิตสำหรับผู้สูงอายุ
38133056,ธุรกรรมทางการเงิน
38133056,ร้องทุกข์
38141739,ประกันสุขภาพ
38141739,คุ้มครองผู้บริโภค
38141739,เตือนภัย
38141739,ประกันสุขภาพสำหรับผู้สูงอายุ
38141739,ร้องทุกข์
38144455,การเงิน
38144455,ประกันภัยรถ
38145023,ธุรกรรมทางการเงิน
38145023,คุ้มครองผู้บริโภค
38145023,ประกันสุขภาพ
38145023,บัตรเครดิต
38150630,รถยนต์
38150630,เตือนภัย
38150630,อู่ซ่อมรถ
38150630,toyota
38150630,ประกันภัยรถ
38151746,honda (รถยนต์)
38151746,toyota
38151746,ประกันภัยรถ
38151746,lexus (รถยนต์)
38151746,การขนส่งทางรถยนต์ (motor transportation)
38153721,ประกันภัยการเดินทาง
38153721,บัตรเครดิต
38153721,ธนาคาร
38157623,คุ้มครองผู้บริโภค
38157623,ประกันสุขภาพ
38157623,ร้องทุกข์
38157623,ธุรกรรมทางการเงิน
38160658,คุ้มครองผู้บริโภค
38160658,ประกันสินเชื่อธุรกิจ
38160658,สินเชื่อส่วนบุคคล
38160658,aeon
38160658,ร้องทุกข์
38162068,การวางแผนการเงิน
38162068,ประกันสุขภาพ
38162068,การเงิน
38177927,ประกันสุขภาพ
38177927,คุ้มครองผู้บริโภค
38177927,ธุรกรรมทางการเงิน
38177927,การเงิน
38177927,ร้องทุกข์
38182504,ประกันภัยรถ
38192957,ประกันสุขภาพสำหรับผู้สูงอายุ
38192957,ประกันสุขภาพ
38200217,isuzu d-max
38200217,อู่ซ่อมรถ
38200217,ประกันภัยรถ
38201202,ประกันสำหรับเด็กและทารก
38201202,สุขภาพเด็กและทารก
38201202,สังคมคุณแม่
38209514,ประกันภัยการเดินทาง
38209514,ประกันสุขภาพ
38209514,การวางแผนการเงิน
38209514,การลงทุน
38209514,การเงิน
38218615,คุ้มครองผู้บริโภค
38218615,ประกันสุขภาพ
38218615,มนุษย์เงินเดือน
38218615,ธนาคารกรุงไทย
38224617,ประกันชีวิตสำหรับเด็กและทารก
38224617,ประกันสุขภาพสำหรับเด็กและทารก
38224617,ประกันสุขภาพ
38224617,คุ้มครองผู้บริโภค
38238117,อุบัติเหตุบนท้องถนน
38238117,นักกฎหมาย
38238117,ประกันภัยรถ
38238117,ทนายความ
38238117,กฎหมายแพ่ง (civil law)
38239623,ประกันออนไลน์
38239623,ซ่อมบำรุงรถยนต์
38239623,ประกันภัยรถ
38239680,ประกันภัยการเดินทาง
38239680,เที่ยวต่างประเทศ
38239680,เที่ยวญี่ปุ่น
38245188,ประกันสุขภาพ
38245188,ประกันสำหรับผู้สูงอายุ
38245188,สุขภาพผู้สูงอายุ
38245188,ประกันชีวิตสำหรับผู้สูงอายุ
38245188,ประกันสุขภาพสำหรับผู้สูงอายุ
38245382,ประกันวินาศภัย
38245382,คุ้มครองผู้บริโภค
38245382,เตือนภัย
38245382,ประกันภัยรถ
38245382,ร้องทุกข์
38250442,ประกันวินาศภัย
38250442,clickktc
38250442,ธนาคารกรุงไทย
38250442,บัตรเครดิต
38250442,ร้องทุกข์
38250596,ประกันสุขภาพสำหรับผู้สูงอายุ
38250596,ประกันสุขภาพ
38250596,ประกันสำหรับผู้สูงอายุ
38255321,ธนาคารธนชาต
38255321,mazda
38255321,ธนาคารทิสโก้
38255321,ประกันภัยรถ
38255321,mazda 2 sports
38256001,ประกันภัยการเดินทาง
38256001,การบินไทย
38256001,สายการบิน
38256001,เครื่องบิน (airplane)
38256001,เที่ยวต่างประเทศ
38268040,อุบัติเหตุบนท้องถนน
38268040,รถยนต์
38268040,อุบัติเหตุ
38268040,ประกันภัยรถ
38277596,รถยนต์
38277596,อุบัติเหตุบนท้องถนน
38277596,อู่ซ่อมรถ
38277596,ประกันภัยรถ
38277596,ใบขับขี่
38278431,ประกันสุขภาพ
38278431,ประกันสำหรับผู้สูงอายุ
38278431,คุ้มครองผู้บริโภค
38278431,ประกันสุขภาพสำหรับเด็กและทารก
38278431,การเงิน
38285237,รถยนต์
38285237,คุ้มครองผู้บริโภค
38285237,อุบัติเหตุบนท้องถนน
38285237,ศูนย์บริการรถยนต์
38285237,ประกันภัยรถ
38295101,ประกันภัยการเดินทาง
38295101,บันทึกนักเดินทาง
38295101,วีซ่า
38295101,backpack
38295101,เที่ยวต่างประเทศ
38298748,โรคหมอนรองกระดูกทับเส้นประสาท
38298748,ประกันสุขภาพ
38298748,office syndrome
38306235,คุ้มครองผู้บริโภค
38306235,ประกันสุขภาพ
38314852,ประกันสุขภาพ
38314852,สำนักงานประกันสังคม
38314852,คลับสุขภาพ
38314852,ประกันสังคม
38314852,โรงพยาบาล
38317892,ธนาคารไทยพาณิชย์
38317892,ธนาคาร
38317892,ประกันสินเชื่อบ้าน
38324032,รถยนต์
38324032,อุบัติเหตุบนท้องถนน
38324032,ประกันภัยรถ
38324032,ทนายความ
38324032,กฎหมายแพ่ง (civil law)
38324225,ประกันสุขภาพ
38324225,ประกันออนไลน์
38324225,ประกันสำหรับเด็กและทารก
38324225,การเงิน
38324225,ปัญหาชีวิต
38325616,รถยนต์
38325616,อุบัติเหตุบนท้องถนน
38325616,กฎหมายชาวบ้าน
38325616,อุบัติเหตุ
38325616,ประกันภัยรถ
38329389,คุ้มครองผู้บริโภค
38329389,ประกันชีวิตสำหรับผู้สูงอายุ
38329389,กฎหมายชาวบ้าน
38330232,ประกันสุขภาพ
38330232,ประกันสังคม
38330232,ประกันชีวิตสำหรับผู้สูงอายุ
38330232,ประกันสุขภาพสำหรับผู้สูงอายุ
38330232,หลักประกันสุขภาพถ้วนหน้า (บัตรทอง)
38335808,รถยนต์
38335808,ประกันภัยรถ
38349430,ประกันภัยการเดินทาง
38349430,ประกันสุขภาพ
38349430,ประเทศญี่ปุ่น
38357545,ประกันภัยรถ
38364633,ทนายความ
38364633,ร้องทุกข์
38364633,ประกันภัยรถ
38368345,ประกันภัยรถ
38368775,ประกันสุขภาพ
38372139,เตือนภัย
38372139,คุ้มครองผู้บริโภค
38372139,ร้องทุกข์
38372139,ประกันภัยรถ
38374260,ประกันภัยรถ
38376571,คุ้มครองผู้บริโภค
38376571,ประกันออนไลน์
38378258,คุ้มครองผู้บริโภค
38378258,ประกันสุขภาพ
38378258,ปัญหาสังคม
38378258,ร้องทุกข์
38379601,ประกันสุขภาพ
38379601,บัตรเครดิต
38379601,ร้องทุกข์
38385154,ประกันภัยรถ
38385844,ประกันสุขภาพ
38388586,อุบัติเหตุบนท้องถนน
38388586,ทะเบียนรถ
38388586,กฎหมายชาวบ้าน
38388586,ประกันภัยรถ
38388586,ทนายความ
38394661,ประกันภัยรถ
38394838,อุบัติเหตุบนท้องถนน
38394838,นักกฎหมาย
38394838,ประกันภัยรถ
38394838,ทนายความ
38394838,กฎหมายแพ่ง (civil law)
38397840,ประกันสุขภาพ
38397840,การออมเงิน
38397840,ธนาคารกรุงศรีอยุธยา
38402862,ประกันสุขภาพ
38402862,ประกันชีวิตสำหรับเด็กและทารก
38402862,ประกันสุขภาพสำหรับเด็กและทารก
38402862,ระบบหายใจ (respiratory system)
38402862,ประกันสำหรับเด็กและทารก
38406750,คุ้มครองผู้บริโภค
38406750,ประกันสุขภาพ
38406750,ร้องทุกข์
38406750,กฎหมายชาวบ้าน
38414156,ประกันสุขภาพ
38414156,ธนาคาร
38424984,สินเชื่อเพื่อที่อยู่อาศัย
38424984,คุ้มครองผู้บริโภค
38424984,ประกันสินเชื่อบ้าน
38424984,ประกันชีวิตสำหรับผู้สูงอายุ
38424984,ร้องทุกข์
38425324,ประกันภัยรถ
38431275,ประกันสุขภาพ
38434244,ประกันสุขภาพ
38434244,คุ้มครองผู้บริโภค
38434244,ธนาคารทหารไทย
38434244,ทนายความ
38434244,ร้องทุกข์
38437965,ประกันสุขภาพ
38437965,ประกันชีวิตสำหรับเด็กและทารก
38437965,ประกันสุขภาพสำหรับเด็กและทารก
38437965,ประกันชีวิตสำหรับผู้สูงอายุ
38437965,ประกันสำหรับเด็กและทารก
38439308,คุ้มครองผู้บริโภค
38439308,กฎหมายชาวบ้าน
38439308,สังคมชาวพันทิป
38439308,ประกันออนไลน์
38439308,ร้องทุกข์
38442564,ประกันสุขภาพ
38442564,ประกันชีวิตสำหรับเด็กและทารก
38442564,ประกันสุขภาพสำหรับเด็กและทารก
38442564,โรงพยาบาล
38442564,ประกันสำหรับเด็กและทารก
38464584,ประกันสุขภาพ
38465715,สินเชื่อเพื่อที่อยู่อาศัย
38465715,ประกันสินเชื่อบ้าน
38465715,ธนาคารกรุงเทพ
38469109,ประกันสุขภาพ
38469109,มนุษย์เงินเดือน
38469109,คุ้มครองผู้บริโภค
38469109,ประกันสุขภาพสำหรับผู้สูงอายุ
38469109,การพัฒนาสังคม (social development)
38469283,ประกันสุขภาพ
38469283,สุขภาพเด็กและทารก
38469283,โรงพยาบาล
38469283,พัฒนาการเด็ก
38469283,ประกันสำหรับเด็กและทารก
38470312,ประกันสุขภาพ
38470312,คุ้มครองผู้บริโภค
38470312,เตือนภัย
38470312,ประกันออนไลน์
38470312,ร้องทุกข์
38473837,ประกันวินาศภัย
38473837,ศูนย์บริการรถยนต์
38473837,ซ่อมบำรุงรถยนต์
38473837,ประกันภัยรถ
38484642,ประกันภัยรถ
38484776,รถยนต์
38484776,honda (รถยนต์)
38484776,อุบัติเหตุบนท้องถนน
38484776,ประกันภัยรถ
38484776,กฎหมายจราจร
38486550,ประกันสุขภาพ
38491416,ประกันภัยการเดินทาง
38491416,ประกันออนไลน์
38491416,เที่ยวต่างประเทศ
38497359,ประกันสุขภาพ
38497359,สังคมไทย
38497359,ประกันออนไลน์
38497359,ปัญหาสังคม
38497359,การเงิน
38497882,คุ้มครองผู้บริโภค
38497882,ประกันสุขภาพ
38499519,รถยนต์
38499519,อู่ซ่อมรถ
38499519,ประกันออนไลน์
38499519,ประกันภัยรถ
38499519,กฎหมายจราจร
38499578,คุ้มครองผู้บริโภค
38499578,ประกันสุขภาพ
38499578,กฎหมายชาวบ้าน
38500769,ประกันสุขภาพสำหรับเด็กและทารก
38500769,ประกันภัยการเดินทาง
38500769,สุขภาพเด็กและทารก
38500769,เที่ยวต่างประเทศ
38501895,รถยนต์
38501895,อู่ซ่อมรถ
38501895,ประกันภัยรถ
38502266,ประกันสุขภาพ
38502266,คุ้มครองผู้บริโภค
38502266,กฎหมายชาวบ้าน
38502266,ประกันสุขภาพสำหรับผู้สูงอายุ
38502266,ประกันสำหรับเด็กและทารก
38504776,ประกันสุขภาพ
38504776,คุ้มครองผู้บริโภค
38504776,เตือนภัย
38504776,ประกันออนไลน์
38504776,บัตรเครดิต
38506962,ประกันสุขภาพ
38506962,คุ้มครองผู้บริโภค
38506962,ธนาคาร
38506962,บัตรเครดิต
38506962,ร้องทุกข์
38508069,ประกันภัยรถ
38512193,ประกันออนไลน์
38512193,ร้องทุกข์
38512371,คุ้มครองผู้บริโภค
38512371,ประกันสุขภาพ
38512371,ร้องทุกข์
38521124,อุบัติเหตุบนท้องถนน
38521124,ศูนย์บริการรถยนต์
38521124,กฎหมายชาวบ้าน
38521124,ประกันออนไลน์
38521124,ประกันภัยรถ
38523119,ประกันสุขภาพ
38523119,มนุษย์เงินเดือน
38523119,ชีวิตหลังเกษียณ
38523119,โรงพยาบาล
38523119,ประกันสุขภาพสำหรับผู้สูงอายุ
38536614,รถยนต์
38536614,ประกันภัยรถ
38537222,คุ้มครองผู้บริโภค
38537222,ประกันภัยรถ
38543145,คุ้มครองผู้บริโภค
38543145,ประกันออนไลน์
38543145,การเงิน
38545181,ประกันสุขภาพ
38545181,แพทย์
38545181,โรงพยาบาล
38545181,ประกันสังคม
38545617,รถยนต์
38545617,ศูนย์บริการรถยนต์
38545617,ประกันออนไลน์
38545617,ประกันภัยรถ
38545617,ซ่อมบำรุงรถยนต์
38549255,ประกันสุขภาพ
38549255,มนุษย์เงินเดือน
38549255,การบริหารจัดการ
38549255,คุ้มครองผู้บริโภค
38549255,ภาคกลาง
38549778,คุ้มครองผู้บริโภค
38549778,ประกันสุขภาพ
38553161,ประกันภัยการเดินทาง
38553161,singapore airlines
38553161,กระเป๋าเดินทาง
38553161,เที่ยวญี่ปุ่น
38555231,รถยนต์
38555231,อู่ซ่อมรถ
38555231,ศูนย์บริการรถยนต์
38555231,ประกันภัยรถ
38558571,ประกันสุขภาพ
38558571,ประกันสำหรับผู้สูงอายุ
38558571,คุ้มครองผู้บริโภค
38558571,ประกันสังคม
38558571,ประกันชีวิตสำหรับผู้สูงอายุ
38558664,สินเชื่อรถยนต์
38558664,คุ้มครองผู้บริโภค
38558664,ร้องทุกข์
38558664,ประกันภัยรถ
38561159,ประกันสุขภาพ
38561159,เตือนภัย
38561159,ประกันสุขภาพสำหรับเด็กและทารก
38561159,สุขภาพเด็กและทารก
38561159,ประกันสำหรับเด็กและทารก
38565160,ประกันสุขภาพ
38565160,เตือนภัย
38565160,ประกันออนไลน์
38565160,ประกันชีวิตสำหรับผู้สูงอายุ
38565160,ประกันสำหรับเด็กและทารก
38573708,คุ้มครองผู้บริโภค
38573708,ประกันสุขภาพ
38573708,ร้องทุกข์
38574937,ประกันสุขภาพ
38574937,โรงพยาบาล
38574937,สุขภาพกาย
38576471,ประกันสุขภาพ
38576471,คุ้มครองผู้บริโภค
38576471,เตือนภัย
38576471,ประกันออนไลน์
38576471,บัตรเครดิต
38577935,ประกันสุขภาพ
38577935,คุ้มครองผู้บริโภค
38577935,อุบัติเหตุบนท้องถนน
38577935,ประกันภัยรถ
38577935,การพัฒนาสังคม (social development)
38578009,อุบัติเหตุบนท้องถนน
38578009,คุ้มครองผู้บริโภค
38578009,กฎหมายชาวบ้าน
38578009,ประกันภัยรถ
38578009,ทนายความ
38584051,คุ้มครองผู้บริโภค
38584051,ประกันสุขภาพ
38586676,ประกันสุขภาพ
38586676,โรงพยาบาล
38586676,ร้องทุกข์
38587268,คุ้มครองผู้บริโภค
38587268,ประกันสุขภาพ
38587268,ธนาคาร
38592423,ประกันภัยรถ
38594800,ประกันสุขภาพ
38594800,ธนาคาร
38594800,ธุรกรรมทางการเงิน
38594800,บัตรเครดิต
38594800,ร้องทุกข์
38595411,ศูนย์บริการรถยนต์
38595411,การเงิน
38595411,ประกันภัยรถ
38595583,กระเป๋าเดินทาง
38595583,ประกันออนไลน์
38595583,เที่ยวต่างประเทศ
38599298,ประกันสุขภาพ
38599298,หลักประกันสุขภาพถ้วนหน้า (บัตรทอง)
38599298,การเมือง
38602351,อุบัติเหตุบนท้องถนน
38602351,ศูนย์บริการรถยนต์
38602351,อู่ซ่อมรถ
38602351,ประกันออนไลน์
38602351,ประกันภัยรถ
38602847,ประกันสุขภาพ
38602847,บัตรเครดิต
38616875,อุบัติเหตุบนท้องถนน
38616875,อู่ซ่อมรถ
38616875,ประกันภัยรถ
38618891,ประกันสุขภาพ
38618891,บัตรเครดิต
38618891,การเงิน
38630671,ประกันสุขภาพ
38633426,ธุรกรรมทางการเงิน
38633426,คุ้มครองผู้บริโภค
38633426,ประกันสุขภาพ
38633426,ร้องทุกข์
38634852,mazda
38634852,mazda 2
38634852,ประกันภัยรถ
38635906,ประกันสำหรับผู้สูงอายุ
38638441,ประกันสุขภาพ
38638441,โรคในผู้สูงอายุ
38638441,สุขภาพผู้สูงอายุ
38638441,ประกันสุขภาพสำหรับผู้สูงอายุ
38638441,โรงพยาบาลผู้สูงอายุ
38639793,ประกันสุขภาพ
38639793,ประกันสำหรับผู้สูงอายุ
38648065,ประกันภัยการเดินทาง
38648065,ประกันออนไลน์
38648065,เที่ยวต่างประเทศ
38651243,คุ้มครองผู้บริโภค
38651243,กฎหมายชาวบ้าน
38651243,ประกันออนไลน์
38651243,ธุรกรรมทางการเงิน
38651243,ทนายความ
38651498,ทนายความ
38651498,ประกันสุขภาพ
38651498,ประกันออนไลน์
38651498,ประกันสังคม
38651656,ประกันสุขภาพ
38651656,บัตรเครดิต
38651656,ธนาคารกรุงศรีอยุธยา
38651656,ธนาคาร
38651770,ประกันชีวิตสำหรับเด็กและทารก
38651770,ประกันสำหรับเด็กและทารก
38651770,คลินิกแม่และเด็ก
38655074,คุ้มครองผู้บริโภค
38655074,ประกันออนไลน์
38655074,บัตรเครดิต
38655074,ธนาคารกรุงศรีอยุธยา
38655074,ร้องทุกข์
38660016,ประกันสุขภาพ
38660016,ประกันสำหรับผู้สูงอายุ
38660016,คุ้มครองผู้บริโภค
38660016,เตือนภัย
38660016,ประกันสำหรับเด็กและทารก
38669914,ประกันสำหรับเด็กและทารก
38669914,ธนาคารกรุงไทย
38672140,ประกันสุขภาพ
38672140,ไข้หวัด
38672140,คลับสุขภาพ
38672140,ประกันสุขภาพสำหรับผู้สูงอายุ
38672140,โรงพยาบาลผู้สูงอายุ
38675001,ประกันสุขภาพ
38677823,คุ้มครองผู้บริโภค
38677823,ธนาคาร
38677823,ประกันออนไลน์
38677823,บัตรเครดิต
38677823,ร้องทุกข์
38678494,ประกันสุขภาพ
38678494,ประกันออนไลน์
38679476,ประกันสุขภาพ
38683571,รถยนต์
38683571,ประกันออนไลน์
38683571,ประกันภัยรถ
38695395,รถยนต์
38695395,ดูแลรักษารถยนต์
38695395,ประกันภัยรถ
38700523,ประกันสุขภาพ
38700523,krungsri mobile app
38700523,ธนาคาร
38700523,บัตรเครดิต
38700523,ธนาคารกรุงศรีอยุธยา
38701954,ประกันสุขภาพ
38701954,ธนาคาร
38701954,ประกันชีวิตสำหรับผู้สูงอายุ
38701954,บัตรเครดิต
38701954,การเงิน
38712441,คุ้มครองผู้บริโภค
38712441,ประกันออนไลน์
38712441,ร้องทุกข์
38712441,ประกันภัยรถ
38715646,tapktc
38715646,honda (รถยนต์)
38715646,clickktc
38715646,ประกันภัยรถ
38722707,ประกันสุขภาพ
38722707,ประกันสังคม
38722707,โรงพยาบาล
38722707,สุขภาพกาย
38730970,ประกันภัยการเดินทาง
38730970,คุ้มครองผู้บริโภค
38730970,เตือนภัย
38730970,เที่ยวต่างประเทศ
38730970,ร้องทุกข์
38731758,ประกันวินาศภัย
38731758,คอนโดมิเนียม
38731758,ตกแต่งคอนโดมิเนียม
38732225,ประกันสำหรับผู้สูงอายุ
38732225,ธนาคาร
38732225,บัญชี
38732225,ประกันออนไลน์
38732225,การเงิน
38740817,ประกันภัยการเดินทาง
38740817,ผู้สูงอายุ
38740817,เที่ยวต่างประเทศ
38747163,ประกันสุขภาพ
38747163,ธนาคารกสิกรไทย
38748493,ประกันสุขภาพ
38748493,ประกันสังคม
38748493,ประกันชีวิตสำหรับผู้สูงอายุ
38748493,ทนายความ
38748493,ร้องทุกข์
38753277,ประกันสุขภาพ
38753277,ประกันสำหรับเด็กและทารก
38754149,ประกันภัยรถ
38758141,ประกันสุขภาพ
38766013,ประกันสุขภาพ
38774961,สุนัข
38774961,อุบัติเหตุบนท้องถนน
38774961,สินเชื่อรถยนต์
38774961,กฎหมายชาวบ้าน
38774961,ประกันภัยรถ
38779169,การจราจร
38779169,อุบัติเหตุบนท้องถนน
38779169,ทะเบียนรถ
38779169,กฎหมายชาวบ้าน
38779169,ประกันภัยรถ
38783245,อุบัติเหตุบนท้องถนน
38783245,ประกันภัยรถ
38783691,ประกันสุขภาพ
38783691,การบริหารจัดการ
38783691,เตือนภัย
38783691,คุ้มครองผู้บริโภค
38783691,ร้องทุกข์
38798911,ประกันสุขภาพ
38798911,ประกันสำหรับเด็กและทารก
38799059,คุ้มครองผู้บริโภค
38799059,ประกันวินาศภัย
38799059,ร้องทุกข์
38799059,กฎหมายชาวบ้าน
38809138,มนุษย์เงินเดือน
38809138,ประกันสุขภาพ
38809138,การออมเงิน
38814699,อุบัติเหตุบนท้องถนน
38814699,ประกันภัยรถ
38816831,ประกันสุขภาพ
38816831,ประกันชีวิตสำหรับผู้สูงอายุ
38816831,ประกันสำหรับผู้สูงอายุ
38824797,ประกันสุขภาพ
38824797,clickktc
38824797,บัตรกดเงินสด
38824797,tapktc
38824797,บัตรเครดิต
38824812,ประกันภัยรถ
38826557,รถยนต์
38826557,ประกันภัยรถ
38827600,เตือนภัย
38827600,คุ้มครองผู้บริโภค
38827600,บัตรเครดิต
38827600,ประกันออนไลน์
38830352,คุ้มครองผู้บริโภค
38830352,ธนาคาร
38830352,กฎหมายชาวบ้าน
38830352,ประกันชีวิตสำหรับผู้สูงอายุ
38830352,ครอบครัว
38834223,ประกันสุขภาพ
38834223,บัตรเครดิต
38834223,ธนาคารทหารไทย
38839052,ประกันสุขภาพ
38839052,โรงพยาบาล
38839052,แพทย์
38839052,ประกันสังคม
38840304,คุ้มครองผู้บริโภค
38840304,ประกันสุขภาพ
38840304,ประกันออนไลน์
38858104,ประกันสุขภาพ
38858104,คุ้มครองผู้บริโภค
38858104,การเงิน
38858104,ร้องทุกข์
38858104,ธนาคารกสิกรไทย
38860149,ประกันสุขภาพ
38865658,อุบัติเหตุบนท้องถนน
38865658,กฎหมายชาวบ้าน
38865658,ประกันภัยรถ
38865658,ทนายความ
38865658,กฎหมายจราจร
38871300,ประกันสุขภาพ
38871300,โรงพยาบาล
38871300,แพทย์
38871300,กฎหมายชาวบ้าน
38871618,ประกันสุขภาพ
38871618,ประกันสังคม
38871618,ประกันชีวิตสำหรับเด็กและทารก
38871618,ประกันสุขภาพสำหรับเด็กและทารก
38871618,ประกันออนไลน์
38875137,ประกันสุขภาพ
38875137,ประกันสำหรับผู้สูงอายุ
38875137,โรงพยาบาล
38875137,ประกันชีวิตสำหรับผู้สูงอายุ
38875137,ประกันสุขภาพสำหรับผู้สูงอายุ
38886359,ประกันภัยรถ
38888814,ประกันสุขภาพ
38892603,คุ้มครองผู้บริโภค
38892603,ร้องทุกข์
38892603,ประกันชีวิตสำหรับผู้สูงอายุ
38901493,รถยนต์
38901493,ธุรกิจบริการ
38901493,ประกันภัยรถ
38902306,ประกันสุขภาพ
38905666,ประกันสุขภาพ
38905666,คุ้มครองผู้บริโภค
38905666,ประกันสังคม
38905666,กฎหมายชาวบ้าน
38905666,ร้องทุกข์
38910961,การบริหารจัดการ
38910961,ธนาคาร
38910961,ประกันออนไลน์
38910961,บัตรเครดิต
38910961,การเงิน
38911505,ประกันสุขภาพสำหรับเด็กและทารก
38911505,ประกันสุขภาพสำหรับผู้สูงอายุ
38911505,ประกันสุขภาพ
38916572,รถยนต์
38916572,mg
38916572,ศูนย์บริการรถยนต์
38916572,อู่ซ่อมรถ
38916572,ประกันภัยรถ
38921383,อุบัติเหตุ
38921383,ร้องทุกข์
38921383,ประกันภัยรถ
38937724,รถยนต์
38937724,ศูนย์บริการรถยนต์
38937724,อู่ซ่อมรถ
38937724,ประกันภัยรถ
38937724,ซ่อมบำรุงรถยนต์
38937906,ประกันสุขภาพ
38941826,อุบัติเหตุบนท้องถนน
38941826,รถยนต์
38941826,ร้องทุกข์
38941826,ประกันภัยรถ
38943140,คุ้มครองผู้บริโภค
38943140,ประกันสุขภาพ
38943140,บัตรเครดิต
38943140,aeon
38943360,ประกันสุขภาพ
38943360,คุ้มครองผู้บริโภค
38943360,เตือนภัย
38943360,การเงิน
38943360,ร้องทุกข์
38951746,คุ้มครองผู้บริโภค
38951746,ประกันชีวิตสำหรับเด็กและทารก
38952895,รถยนต์
38952895,คุ้มครองผู้บริโภค
38952895,เตือนภัย
38952895,ประกันภัยรถ
38952895,ร้องทุกข์
38953594,ดูแลรักษารถยนต์
38953594,ศูนย์บริการรถยนต์
38953594,อู่ซ่อมรถ
38953594,ประกันภัยรถ
38953594,ซ่อมบำรุงรถยนต์
38959296,mazda
38959296,ศูนย์บริการรถยนต์
38959296,ประกันภัยรถ
38959296,อะไหล่รถ
38959296,ซ่อมบำรุงรถยนต์
38959631,สำนักงานประกันสังคม
38959631,ประกันสุขภาพ
38959631,ประกันออนไลน์
38963100,ประกันภัยรถ
38965153,รถยนต์
38965153,ศูนย์บริการรถยนต์
38965153,ประกันภัยรถ
38967216,ประกันชีวิตสำหรับเด็กและทารก
38967216,คุ้มครองผู้บริโภค
38967216,ประกันสุขภาพ
38967216,ประกันชีวิตสำหรับผู้สูงอายุ
38984334,อุบัติเหตุบนท้องถนน
38984334,รถยนต์
38984334,ประกันภัยรถ
38988660,รถยนต์
38988660,อู่ซ่อมรถ
38988660,ประกันภัยรถ
38988660,ทนายความ
38988660,ซ่อมบำรุงรถยนต์
38988877,ประกันสุขภาพ
38988877,ประกันออนไลน์
38988877,ประกันชีวิตสำหรับผู้สูงอายุ
38988877,บัตรเครดิต
38988877,ร้องทุกข์
38993650,ธนาคารกรุงศรีอยุธยา
38993650,ประกันภัยรถ
38994831,คุ้มครองผู้บริโภค
38994831,ร้องทุกข์
38994831,ประกันภัยรถ
39000604,เศรษฐศาสตร์
39000604,ประกันสุขภาพสำหรับผู้สูงอายุ
39000604,ประกันสุขภาพ
39006769,สินเชื่อเพื่อที่อยู่อาศัย
39006769,ประกันวินาศภัย
39006769,มนุษย์เงินเดือน
39006769,อัคคีภัย
39007591,คุ้มครองผู้บริโภค
39007591,ประกันภัยรถ
39009891,คุ้มครองผู้บริโภค
39009891,ประกันสุขภาพ
39009891,บัตรเครดิต
39009891,การเงิน
39015549,ประกันสุขภาพ
39015549,คุ้มครองผู้บริโภค
39015549,โรงพยาบาล
39015549,โรคความดัน
39015549,ร้องทุกข์
39020180,การวางแผนการเงิน
39020180,ประกันสุขภาพ
39020180,การเงิน
39024679,สินเชื่อเพื่อที่อยู่อาศัย
39024679,บัญชี
39024679,ประกันออนไลน์
39024679,ประกันสินเชื่อบ้าน
39024679,สินเชื่อระยะยาว
39029395,ประกันวินาศภัย
39029395,คุ้มครองผู้บริโภค
39029395,เตือนภัย
39029395,วิศวกร
39029395,ร้องทุกข์
39035229,รถยนต์
39035229,อุบัติเหตุบนท้องถนน
39035229,อู่ซ่อมรถ
39035229,ประกันภัยรถ
39035229,กฎหมายจราจร
39040555,คุ้มครองผู้บริโภค
39040555,คนไทยในอเมริกา
39040555,ประกันออนไลน์
39040555,ประกันสุขภาพ
39043158,ประกันภัยรถ
39047835,อุบัติเหตุบนท้องถนน
39047835,รถยนต์
39047835,ประกันภัยรถ
39054907,ประกันสุขภาพสำหรับผู้สูงอายุ
39054907,ประกันสุขภาพ
39058408,ประกันสุขภาพ
39058408,คุ้มครองผู้บริโภค
39058408,ประกันออนไลน์
39058408,การเงิน
39058408,ร้องทุกข์
39058679,ประกันสุขภาพ
39062642,อุบัติเหตุบนท้องถนน
39062642,ทนายความ
39062642,อุบัติเหตุ
39062642,ประกันภัยรถ
39066935,ประกันสุขภาพ
39066935,คุ้มครองผู้บริโภค
39066935,ais guide&go (app)
39066935,เงินฝากระยะยาว
39066935,ประกันสุขภาพสำหรับผู้สูงอายุ
39072870,สุขภาพเด็กและทารก
39072870,ประกันสุขภาพ
39072870,สังคมคุณแม่
39072870,ประกันสำหรับเด็กและทารก
39075868,ประกันสุขภาพ
39075868,เงินฝากระยะยาว
39075868,การออมเงิน
39075868,การเงิน
39075868,ร้องทุกข์
39081248,ประกันวินาศภัย
39081248,การลงทุน
39081248,ประกันสุขภาพ
39083629,ประกันสุขภาพ
39083629,คุ้มครองผู้บริโภค
39083629,เงินฝากระยะยาว
39083629,การเงิน
39083629,ร้องทุกข์
39087922,การลงทุน
39087922,ประกันสุขภาพ
39087922,การออมเงิน
39089379,คุ้มครองผู้บริโภค
39089379,ประกันสุขภาพ
39089379,โรงพยาบาลเอกชน
39089379,ร้องทุกข์
39090497,ประกันสุขภาพ
39090497,ประกันชีวิตสำหรับเด็กและทารก
39090497,ประกันสุขภาพสำหรับเด็กและทารก
39090497,สุขภาพเด็กและทารก
39090497,ประกันสำหรับเด็กและทารก
39094816,คุ้มครองผู้บริโภค
39094816,ประกันออนไลน์
39094816,สายการบิน
39099707,รายการข่าว
39099707,ประกันสุขภาพ
39099707,ประเทศญี่ปุ่น
39099707,เที่ยวญี่ปุ่น
39099707,ปัญหาชีวิต
39101866,โรคซึมเศร้า
39101866,ประกันสุขภาพ
39101866,จิตแพทย์
39101866,โรคย้ำคิดย้ำทำ
39101866,ปัญหาชีวิต
39107813,รถยนต์
39107813,โชว์รูมรถยนต์
39107813,สินเชื่อรถยนต์
39107813,ศูนย์บริการรถยนต์
39107813,ประกันภัยรถ
39108098,ประกันออนไลน์
39108098,ร้องทุกข์
39108098,ประกันภัยรถ
39110846,ประกันออนไลน์
39110846,เที่ยวต่างประเทศ
39110846,สายการบิน
39115896,ประกันสุขภาพ
39115896,ประกันออนไลน์
39115896,ธนาคาร
39116094,ประกันภัยการเดินทาง
39116094,ประกันสุขภาพ
39116094,ประกันสุขภาพสำหรับเด็กและทารก
39116094,ประกันชีวิตสำหรับผู้สูงอายุ
39116094,ประกันสุขภาพสำหรับผู้สูงอายุ
39116393,ประกันสุขภาพ
39116393,มนุษย์เงินเดือน
39116393,โรงพยาบาล
39116393,โรคไทรอยด์
39116393,พนักงานบริษัท
39122077,รถยนต์
39122077,toyota
39122077,ประกันภัยรถ
39122459,คุ้มครองผู้บริโภค
39122459,การวางแผนการเงิน
39122459,การเงิน
39122459,ประกันชีวิตสำหรับผู้สูงอายุ
39124417,รถยนต์
39124417,ประกันภัยรถ
39125400,รถยนต์
39125400,ดูแลรักษารถยนต์
39125400,ประกันภัยรถ
39125400,toyota yaris
39125892,ประกันภัยการเดินทาง
39125892,ประกันสุขภาพ
39125892,ธนาคาร
39125892,ประกันออนไลน์
39125892,ประกันภัยรถ
39132109,คุ้มครองผู้บริโภค
39132109,ประกันสำหรับผู้สูงอายุ
39140981,ประกันภัยการเดินทาง
39140981,สนามบิน
39140981,transit visa
39140981,สายการบิน
39140981,แผนที่เดินทาง
39142646,กล้องถ่ายรูป
39142646,เลนส์มือหมุน
39142646,อุปกรณ์กล้อง
39142646,ประกันภัยรถ
39149555,คุ้มครองผู้บริโภค
39149555,ประกันสุขภาพ
39149555,ประกันออนไลน์
39149555,ร้องทุกข์
39158221,ประกันสุขภาพ
39158221,บัตรเครดิต
39158221,ร้องทุกข์
39158358,ประกันสุขภาพ
39158358,ประกันสำหรับผู้สูงอายุ
39158358,ประกันออนไลน์
39158358,ประกันสุขภาพสำหรับผู้สูงอายุ
39158358,ประกันสำหรับเด็กและทารก
39162201,อุบัติเหตุบนท้องถนน
39162201,ศูนย์บริการรถยนต์
39162201,อุบัติเหตุ
39162201,ประกันภัยรถ
39162201,ซ่อมบำรุงรถยนต์
39162657,ภาษีเงินได้บุคคลธรรมดา
39162657,การออมเงิน
39162657,ประกันชีวิตสำหรับผู้สูงอายุ
39165328,คุ้มครองผู้บริโภค
39165328,อู่ซ่อมรถ
39165328,อุบัติเหตุ
39165328,ประกันภัยรถ
39165328,ร้องทุกข์
39167623,ประกันสุขภาพ
39167623,การบริหารจัดการ
39167623,กฎหมายพาณิชย์ (commercial law)
39167623,กฎหมายชาวบ้าน
39167623,ประกันสุขภาพสำหรับผู้สูงอายุ
39169236,คุ้มครองผู้บริโภค
39169236,อุบัติเหตุบนท้องถนน
39169236,อู่ซ่อมรถ
39169236,อุบัติเหตุ
39169236,ประกันภัยรถ
39169723,ธนาคารไทยพาณิชย์
39169723,ธนาคาร
39169723,ธนาคารแห่งประเทศไทย
39169723,ประกันสินเชื่อบ้าน
39169908,ประกันสุขภาพ
39169908,บัตรเครดิต
39169908,ธนาคารกรุงศรีอยุธยา
39170017,คุ้มครองผู้บริโภค
39170017,ประกันภัยการเดินทาง
39170017,ร้องทุกข์
39170017,ประกันภัยรถ
39171712,โรคติดต่อทางเพศสัมพันธ์
39171712,ประกันสุขภาพ
39171712,โรคติดต่อ
39178268,คุ้มครองผู้บริโภค
39178268,นักกฎหมาย
39178268,ประกันออนไลน์
39178268,ประกันภัยรถ
39178268,ทนายความ
39178379,ประกันสุขภาพ
39178379,คุ้มครองผู้บริโภค
39178379,ทนายความ
39178379,ประกันสำหรับเด็กและทารก
39178379,ร้องทุกข์
39179112,ประกันสุขภาพ
39182207,ประกันสุขภาพ
39182207,คุ้มครองผู้บริโภค
39182207,ใบรับรองแพทย์
39182207,โรงพยาบาล
39182207,งานโรงพยาบาล
39182627,คุ้มครองผู้บริโภค
39182627,ศูนย์บริการรถยนต์
39182627,ประกันออนไลน์
39182627,ประกันภัยรถ
39182627,ร้องทุกข์
39183416,คุ้มครองผู้บริโภค
39183416,อุบัติเหตุบนท้องถนน
39183416,นักกฎหมาย
39183416,ประกันภัยรถ
39183416,ร้องทุกข์
39184464,อุบัติเหตุบนท้องถนน
39184464,รถตู้โดยสารประจำทาง
39184464,รถตู้โดยสาร
39184464,ประกันภัยรถ
39184464,รถรับจ้าง
39184501,สินเชื่อเพื่อที่อยู่อาศัย
39184501,ประกันวินาศภัย
39184501,ธนาคารกรุงไทย
39184501,ประกันสินเชื่อบ้าน
39185614,รถยนต์
39185614,ธนาคารธนชาต
39185614,สินเชื่อรถยนต์
39185614,ศูนย์บริการรถยนต์
39185614,ประกันภัยรถ
39187212,ประกันสุขภาพ
39187212,อุบัติเหตุบนท้องถนน
39187212,ประกันชีวิตสำหรับเด็กและทารก
39187212,อุบัติเหตุ
39187212,ประกันภัยรถ
39188551,คุ้มครองผู้บริโภค
39188551,ประกันสุขภาพ
39188551,ปัญหาชีวิต
39188551,กฎหมายชาวบ้าน
39189331,คุ้มครองผู้บริโภค
39189331,ประกันสุขภาพ
39189331,บัตรเครดิต
39190982,ประกันสุขภาพ
39190982,มนุษย์เงินเดือน
39190982,สุขภาพกาย
39190982,คุ้มครองผู้บริโภค
39190982,พยาบาล
39195120,ศูนย์บริการรถยนต์
39195120,อู่ซ่อมรถ
39195120,ประกันภัยรถ
39200362,การศึกษา
39200362,ประกันสุขภาพ
39200362,ใบขับขี่
39200362,การเรียน
39200872,ประกันสุขภาพ
39200872,ประกันชีวิตสำหรับเด็กและทารก
39200872,ประกันสุขภาพสำหรับเด็กและทารก
39200872,ประกันสุขภาพสำหรับผู้สูงอายุ
39200872,ประกันสำหรับเด็กและทารก
39200917,ประกันภัยรถ
39202418,ประกันสุขภาพ
39204055,มอเตอร์ไซค์
39204055,ประกันภัยรถ
39206822,ประกันสุขภาพ
39206822,การเงิน
39206822,เงินฝากระยะยาว
39207214,ประกันสุขภาพ
39207214,คุ้มครองผู้บริโภค
39207214,ประกันออนไลน์
39207214,ธุรกรรมทางการเงิน
39207214,บัตรเครดิต
39215150,ประกันสุขภาพ
39216368,ประกันสุขภาพ
39216368,ประกันสำหรับผู้สูงอายุ
39216368,การวางแผนการเงิน
39216368,ประกันชีวิตสำหรับผู้สูงอายุ
39216368,ประกันสุขภาพสำหรับผู้สูงอายุ
39216875,ประกันสุขภาพ
39216875,สุขภาพกาย
39216875,คลับสุขภาพ
39216875,โรงพยาบาล
39216875,แพทย์
39217193,ประกันภัยรถ
39218090,อู่ซ่อมรถ
39218090,ซ่อมบำรุงรถยนต์
39218090,ประกันภัยรถ
39220601,ประกันภัยรถ
39221225,คุ้มครองผู้บริโภค
39221225,ประกันสุขภาพ
39221225,ธนาคารกรุงศรีอยุธยา
39221225,ร้องทุกข์
39224501,อุบัติเหตุบนท้องถนน
39224501,ประกันภัยรถ
39228902,ประกันสุขภาพ
39229007,ประกันสำหรับเด็กและทารก
39229030,ออกกำลังกาย
39229030,ประกันสุขภาพ
39229030,สุขภาพกาย
39231273,ประกันออนไลน์
39231273,เที่ยวต่างประเทศ
39231273,แผนการเดินทางและท่องเที่ยว
39232792,ประกันภัยรถ
39237002,ดูแลรักษารถยนต์
39237002,ประกันภัยรถ
39237484,คุ้มครองผู้บริโภค
39237484,ประกันสุขภาพ
39237484,ประกันภัยรถ
39240439,ซ่อมบำรุงรถยนต์
39240439,ประกันภัยรถ
39243038,ภาษีรถยนต์
39243038,ซ่อมบำรุงรถยนต์
39243038,ประกันภัยรถ
39243821,ประกันภัยรถ
39244493,ประกันสุขภาพ
39244493,คุ้มครองผู้บริโภค
39244493,กฎหมายชาวบ้าน
39244493,aeon
39244493,ร้องทุกข์
39246190,คุ้มครองผู้บริโภค
39246190,ประกันภัยรถ
39246795,ประกันสุขภาพสำหรับผู้สูงอายุ
39246795,ประกันสุขภาพ
39246795,ประกันสำหรับผู้สูงอายุ
39247597,ประกันสุขภาพ
39247597,คุ้มครองผู้บริโภค
39247597,ประกันสุขภาพสำหรับเด็กและทารก
39247597,ประกันสำหรับเด็กและทารก
39247597,ร้องทุกข์
39256165,ธนาคารธนชาต
39256165,สินเชื่อรถยนต์
39256165,คุ้มครองผู้บริโภค
39256165,ประกันภัยรถ
39256165,ร้องทุกข์
39257219,เตือนภัย
39257219,ประกันสุขภาพ
39257219,ร้องทุกข์
39257219,เงินฝากระยะยาว
39257908,ประกันภัยการเดินทาง
39257908,อุบัติเหตุ
39257908,เที่ยวต่างประเทศ
39257975,คุ้มครองผู้บริโภค
39257975,ประกันสุขภาพ
39257975,บัตรเครดิต
39258924,รถยนต์
39258924,ธนาคารธนชาต
39258924,รถกระบะ
39258924,thanachart connect
39258924,ประกันภัยรถ
39261311,ประกันชีวิตสำหรับเด็กและทารก
39261311,ประกันสุขภาพสำหรับเด็กและทารก
39261311,ประกันสุขภาพ
39262237,ประกันสุขภาพ
39262237,นักกฎหมาย
39262237,กฎหมายแพ่ง (civil law)
39262502,อุบัติเหตุบนท้องถนน
39262502,คุ้มครองผู้บริโภค
39262502,ร้องทุกข์
39262502,ประกันภัยรถ
39273991,ประกันภัยการเดินทาง
39273991,ท่องเที่ยว
39273991,แผนการเดินทางและท่องเที่ยว
39276939,ประกันภัยรถ
39278196,รถยนต์
39278196,อุบัติเหตุบนท้องถนน
39278196,อุบัติเหตุ
39278196,มอเตอร์ไซค์
39278196,ประกันภัยรถ
39278548,คุ้มครองผู้บริโภค
39278548,ประกันสุขภาพ
39278548,ร้องทุกข์
39278548,เตือนภัย
39281872,ประกันสุขภาพ
39281872,บัตรเอทีเอ็ม
39281872,ธนาคาร
39281872,ธุรกรรมทางการเงิน
39281872,ธนาคารกรุงไทย
39282576,ประกันภัยรถ
39287439,ประกันสุขภาพ
39287439,บัตรเครดิต
39287451,การลงทุน
39287451,ประกันชีวิตสำหรับผู้สูงอายุ
39287451,ประกันสำหรับผู้สูงอายุ
39288336,ประกันภัยรถ
39288621,ประกันออนไลน์
39288621,บัตรเครดิต
39300386,ประกันสุขภาพ
39300386,ประกันออนไลน์
39300386,บัตรเครดิต
39300386,ธนาคารกรุงศรีอยุธยา
39300386,ร้องทุกข์
39304277,คุ้มครองผู้บริโภค
39304277,ประกันสุขภาพ
39304277,ประกันออนไลน์
39304277,เตือนภัย
39304717,ประกันสุขภาพ
39304717,คุ้มครองผู้บริโภค
39304717,ประกันออนไลน์
39304717,ธุรกรรมทางการเงิน
39304717,บัตรเครดิต
39308310,สินเชื่อเพื่อที่อยู่อาศัย
39308310,ประกันสินเชื่อบ้าน
39310637,ประกันสุขภาพ
39310637,ธนาคารกรุงไทย
39310637,การออมเงิน
39311129,ประกันวินาศภัย
39311129,เครดิตบูโร
39311129,ประกันออนไลน์
39311129,ประกันภัยรถ
39311129,การเงิน
39313735,ประกันสุขภาพ
39313735,ธนาคาร
39313735,การออมเงิน
39313735,เงินปันผล
39313735,ธนาคารกรุงศรีอยุธยา
39314596,ประกันสุขภาพสำหรับผู้สูงอายุ
39314596,สุขภาพผู้สูงอายุ
39314596,ประกันสุขภาพ
39314596,ประกันสำหรับผู้สูงอายุ
39314913,ประกันสุขภาพ
39314913,ประกันสำหรับผู้สูงอายุ
39314913,ประกันออนไลน์
39314913,โรคเบาหวาน
39314913,หลักประกันสุขภาพถ้วนหน้า (บัตรทอง)
39317821,ประกันสุขภาพ
39317821,ออกกำลังกาย
39317821,smartwatch
39317821,ลดความอ้วน
39317821,gadget สำหรับออกกำลังกาย
39319878,ประกันภัยรถ
39325685,ประกันสุขภาพ
39325685,มนุษย์เงินเดือน
39326053,ประกันภัยการเดินทาง
39326053,ประกันสุขภาพ
39326053,คุ้มครองผู้บริโภค
39326053,ประกันออนไลน์
39326053,ร้องทุกข์
39330280,ประกันสุขภาพ
39331978,ประกันภัยรถ
39342036,เตือนภัย
39342036,ประกันสุขภาพ
39342036,ร้องทุกข์
39345657,ประกันสุขภาพ
39345657,สหรัฐอเมริกา
39345657,โรงพยาบาล
39345657,ชีวิตในต่างแดน
39345657,คนไทยในอเมริกา
39359144,ประกันสุขภาพ
39359144,มนุษย์เงินเดือน
39359144,นักกฎหมาย
39359144,กฎหมายชาวบ้าน
39359144,สวัสดิการแรงงาน
39361342,รถยนต์
39361342,honda (รถยนต์)
39361342,ประกันภัยรถ
39361721,ประกันสุขภาพ
39361721,ประกันออนไลน์
39361721,โรงพยาบาล
39364773,cfmoto (มอเตอร์ไซค์)
39364773,gpx (มอเตอร์ไซค์)
39364773,big bike
39364773,มอเตอร์ไซค์
39364773,ประกันภัยรถ
39364821,ประกันสุขภาพ
39364821,ธนาคารกรุงไทย
39364821,บัตรเครดิต
39364821,clickktc
39364827,การวางแผนการเงิน
39364827,ประกันสุขภาพสำหรับผู้สูงอายุ
39364827,ประกันสุขภาพ
39365784,เตือนภัย
39365784,ประกันสุขภาพ
39365784,บัตรเครดิต
39369570,ประกันสุขภาพ
39369570,ประกันออนไลน์
39380399,สินเชื่อรถยนต์
39380399,โชว์รูมรถยนต์
39380399,ธนาคารทิสโก้
39380399,ประกันภัยรถ
39380399,ร้องทุกข์
39384735,คุ้มครองผู้บริโภค
39384735,ประกันสุขภาพ
39384735,การออมเงิน
39384735,ประกันชีวิตสำหรับผู้สูงอายุ
39386748,คุ้มครองผู้บริโภค
39386748,ประกันภัยรถ
39386748,ทนายความ
39386748,รถมือสอง
39386748,ร้องทุกข์
39389622,ประกันสุขภาพ
39389622,ประกันสำหรับผู้สูงอายุ
39389622,คุ้มครองผู้บริโภค
39389622,ผู้สูงอายุ
39389622,กฎหมายชาวบ้าน
39392094,ประกันสุขภาพ
39392094,ธนาคารกรุงไทย
39394587,ประกันสุขภาพ
39394839,โรคมะเร็ง
39394839,ประกันออนไลน์
39394839,ประกันชีวิตสำหรับผู้สูงอายุ
39394839,ประกันสุขภาพสำหรับผู้สูงอายุ
39394839,ประกันสำหรับเด็กและทารก
39396741,ประกันสุขภาพ
39396741,ประกันสำหรับเด็กและทารก
39398042,ประกันภัยรถ
39401938,ประกันภัยรถ
39409550,บัตรเครดิต
39409550,ประกันออนไลน์
39409550,ประกันสินเชื่อธุรกิจ
39423357,ประกันสุขภาพ
39423357,โรงพยาบาล
39423357,โรคมะเร็ง
39425389,คุ้มครองผู้บริโภค
39425389,บัตรเดบิต
39425389,ประกันสุขภาพ
39425389,ธนาคาร
39425747,ประกันสุขภาพ
39425747,คุ้มครองผู้บริโภค
39425747,การลงทุน
39425747,อุบัติเหตุ
39425747,ประกันชีวิตสำหรับผู้สูงอายุ
39429154,สินเชื่อรถยนต์
39429154,ประกันภัยรถ
39435710,อุบัติเหตุบนท้องถนน
39435710,กฎหมายชาวบ้าน
39435710,อุบัติเหตุ
39435710,ประกันภัยรถ
39435710,ทนายความ
39439506,คุ้มครองผู้บริโภค
39439506,บัตรเครดิต
39439506,ประกันภัยรถ
39440760,รถยนต์
39440760,ประกันสุขภาพ
39440760,ประกันภัยรถ
39440760,กฎหมายชาวบ้าน
39442088,ธนาคารอาคารสงเคราะห์
39442088,สินเชื่อเพื่อที่อยู่อาศัย
39442088,ประกันสินเชื่อบ้าน
39442088,บ้าน
39444127,การเงิน
39444127,เงินฝากระยะยาว
39444127,ประกันชีวิตสำหรับผู้สูงอายุ
39445508,ประกันภัยรถ
39465589,คุ้มครองผู้บริโภค
39465589,ประกันออนไลน์
39465589,ธนาคาร
39465589,ธนาคารทหารไทย
39474214,ประกันสุขภาพ
39475850,ประกันสุขภาพ
39475850,สุขภาพกาย
39475850,การวางแผนการเงิน
39475850,ประกันชีวิตสำหรับผู้สูงอายุ
39475850,ครอบครัว
39478487,ประกันสุขภาพ
39478487,ธนาคาร
39478487,ktc (หุ้น)
39478487,บัตรเครดิต
39478487,ร้องทุกข์
39480826,ประกันสุขภาพ
39480826,ธนาคารกรุงไทย
39484289,คุ้มครองผู้บริโภค
39484289,ประกันออนไลน์
39484289,ร้องทุกข์
39490393,ประกันสุขภาพ
39490393,สุขภาพกาย
39490393,คุ้มครองผู้บริโภค
39490393,เตือนภัย
39490393,ร้องทุกข์
39492960,ประกันสุขภาพ
39492960,ประกันชีวิตสำหรับผู้สูงอายุ
39492960,ประกันสำหรับผู้สูงอายุ
39494646,ประกันสุขภาพ
39494646,มนุษย์เงินเดือน
39494646,ประกันสำหรับผู้สูงอายุ
39494646,ธนาคาร
39494646,บัตรเครดิต
39500044,ประกันสุขภาพ
39500044,คุ้มครองผู้บริโภค
39500044,เตือนภัย
39500044,ประกันออนไลน์
39500044,ร้องทุกข์
39500732,ประกันสุขภาพ
39500732,สุขภาพผู้สูงอายุ
39500732,ประกันออนไลน์
39500732,ประกันสุขภาพสำหรับผู้สูงอายุ
39500732,ประกันสำหรับเด็กและทารก
39501024,ประกันสุขภาพ
39501024,สินเชื่อธุรกิจ
39501024,ธนาคาร
39505181,ประกันสำหรับผู้สูงอายุ
39505181,ปัญหาครอบครัว
39505181,ธนาคาร
39505181,ปัญหาผู้สูงอายุ
39505181,โรงพยาบาล
39507181,การลงทุน
39507181,ประกันสุขภาพ
39510481,ภาษีเงินได้บุคคลธรรมดา
39510481,การหักลดหย่อน
39510481,ประกันออนไลน์
39510481,การออมเงิน
39512453,คุ้มครองผู้บริโภค
39512453,อู่ซ่อมรถ
39512453,อุบัติเหตุ
39512453,ประกันภัยรถ
39512453,กฎหมายจราจร
39532930,ประกันภัยรถ
39535565,บัตรเครดิต
39535565,ธุรกรรมทางการเงิน
39535565,ประกันสุขภาพ
39535565,คุ้มครองผู้บริโภค
39535565,ประกันออนไลน์
39541205,อุบัติเหตุ
39541205,ประกันสำหรับผู้สูงอายุ
39541205,ประกันภัยรถ
39541205,ประกันสังคม
39541205,พนักงานบริษัท
39542639,เตือนภัย
39542639,ประกันสุขภาพ
39542639,ร้องทุกข์
39542639,คุ้มครองผู้บริโภค
39542639,โรงพยาบาล
39549272,เตือนภัย
39549272,ประกันสุขภาพ
39549272,ร้องทุกข์
39549272,คุ้มครองผู้บริโภค
39549272,ประกันออนไลน์
39550402,ปัญหาสังคม
39550402,เตือนภัย
39550402,ประกันสุขภาพ
39550402,ธนาคารธนชาต
39550402,คุ้มครองผู้บริโภค
39550446,สินเชื่อเพื่อที่อยู่อาศัย
39550446,ประกันสินเชื่อบ้าน
39550446,บ้าน
39550446,ร้องทุกข์
39550446,คุ้มครองผู้บริโภค
39551560,ประกันภัยรถ
39553736,ประกันสุขภาพ
39553736,โรงพยาบาล
39560653,โรงพยาบาลเอกชน
39560653,ประกันสุขภาพ
39560653,คุ้มครองผู้บริโภค
39560653,โรงพยาบาล
39560994,อุบัติเหตุ
39560994,รถยนต์
39560994,อู่ซ่อมรถ
39560994,อุบัติเหตุบนท้องถนน
39560994,ประกันภัยรถ
39561754,ประกันออนไลน์
39561754,ร้องทุกข์
39561754,ประกันสุขภาพ
39561754,บัตรเครดิต
39562537,ประกันภัยรถ
39562814,การเงิน
39562814,การลงทุน
39562814,เตือนภัย
39562814,ประกันสุขภาพ
39562814,ธนาคาร
39563275,aeon
39563275,ประกันสุขภาพ
39563275,บัตรเครดิต
39563275,ประกันออนไลน์
39567317,nissan
39567317,สินเชื่อรถยนต์
39567317,อุบัติเหตุบนท้องถนน
39567317,ประกันภัยรถ
39569041,การออมเงิน
39569041,เงินฝากระยะยาว
39569041,ประกันสุขภาพ
39569041,การหักลดหย่อน
39569041,ภาษีเงินได้บุคคลธรรมดา
39569103,อะไหล่รถ
39569103,ซ่อมบำรุงรถยนต์
39569103,ประกันออนไลน์
39569103,ประกันภัยรถ
39573752,มนุษย์เงินเดือน
39573752,สุขภาพกาย
39573752,ประกันสุขภาพ
39573752,พยาบาล
39573752,โรงพยาบาล
39578614,สังคมคุณแม่
39578614,ประกันสำหรับเด็กและทารก
39584616,ประกันสุขภาพ
39585101,ประกันสุขภาพ
39587074,เงินฝากระยะยาว
39587074,ประกันสุขภาพ
39587074,คุ้มครองผู้บริโภค
39587074,ประกันวินาศภัย
39594574,คุ้มครองผู้บริโภค
39594574,ร้องทุกข์
39594574,ประกันสุขภาพ
39594574,ประกันออนไลน์
39595467,ร้องทุกข์
39595467,คุ้มครองผู้บริโภค
39595467,ยางรถยนต์
39595467,ประกันภัยรถ
39596905,การเงิน
39596905,หนี้ครัวเรือน
39596905,ประกันชีวิตสำหรับผู้สูงอายุ
39596905,การวางแผนการเงิน
39596905,สินเชื่อธุรกิจ
39597325,ประกันชีวิตสำหรับเด็กและทารก
39597325,ประกันสุขภาพสำหรับเด็กและทารก
39597325,ประกันสุขภาพ
39597325,ประกันชีวิตสำหรับผู้สูงอายุ
39597325,ประกันสุขภาพสำหรับผู้สูงอายุ
39597359,เตือนภัย
39597359,ประกันสุขภาพ
39597359,บัตรเครดิต
39598879,aeon
39598879,ประกันภัยรถ
39599133,รถยนต์
39599133,แต่งรถ
39599133,ประกันภัยรถ
39599133,อะไหล่รถ
39599133,ดูแลรักษารถยนต์
39599408,ประกันออนไลน์
39599408,กระเป๋าเดินทาง
39599408,เที่ยวต่างประเทศ
39599408,pocket wi-fi router
39602414,ประกันออนไลน์
39602414,ประกันสุขภาพ
39602414,บัตรเครดิต
39603399,อุบัติเหตุ
39603399,รถยนต์
39603399,อู่ซ่อมรถ
39603399,ศูนย์บริการรถยนต์
39603399,ประกันภัยรถ
39604350,เตือนภัย
39604350,ประกันสุขภาพ
39604350,ร้องทุกข์
39604350,ประกันออนไลน์
39604350,ธนาคารทหารไทย
39613461,อุบัติเหตุ
39613461,รถยนต์
39613461,กฎหมายชาวบ้าน
39613461,ศูนย์บริการรถยนต์
39613461,ประกันภัยรถ
39617085,ประกันสุขภาพ
39617085,บัตรเครดิต
39617691,ประกันสุขภาพสำหรับเด็กและทารก
39617691,ประกันสุขภาพ
39617691,ประกันสำหรับเด็กและทารก
39617691,ประกันชีวิตสำหรับเด็กและทารก
39620084,เตือนภัย
39620084,ประกันสุขภาพ
39620084,คุ้มครองผู้บริโภค
39622528,โรคมะเร็ง
39622528,ประกันสุขภาพ
39622528,ประกันสุขภาพสำหรับผู้สูงอายุ
39622528,โรงพยาบาล
39625284,เตือนภัย
39625284,ศูนย์บริการรถยนต์
39625284,ประกันภัยรถ
39625284,ร้องทุกข์
39625284,คุ้มครองผู้บริโภค
39625312,มนุษย์เงินเดือน
39625312,ธนาคารทิสโก้
39625312,mazda
39625312,ประกันภัยรถ
39625312,ประกันออนไลน์
39626269,ประกันสำหรับผู้สูงอายุ
39626269,โรคความดัน
39626269,ประกันวินาศภัย
39626269,ประกันสุขภาพ
39626269,ประกันออนไลน์
39629614,เตือนภัย
39629614,คุ้มครองผู้บริโภค
39629614,ปัญหาสังคม
39629614,ประกันภัยรถ
39630283,ประกันภัยรถ
39630662,ซ่อมบำรุงรถยนต์
39630662,อู่ซ่อมรถ
39630662,ศูนย์บริการรถยนต์
39630662,ประกันภัยรถ
39630662,คุ้มครองผู้บริโภค
39631201,ประกันภัยรถ
39632766,เตือนภัย
39632766,ประกันสุขภาพ
39632766,ร้องทุกข์
39632766,คุ้มครองผู้บริโภค
39632766,ประกันออนไลน์
39633461,คุ้มครองผู้บริโภค
39633461,ประกันออนไลน์
39633461,ธนาคารกรุงศรีอยุธยา
39633461,บัตรเครดิต
39634397,สุขภาพกาย
39634397,ประกันสุขภาพ
39634397,แพทย์
39634397,พยาบาล
39634397,โรงพยาบาล
39636639,ประกันสุขภาพ
39636639,ประกันภัยรถ
39638281,โรงพยาบาล
39638281,โรงพยาบาลเอกชน
39638281,ประกันสุขภาพ
39638281,ประกันสังคม
39638281,ประกันสุขภาพสำหรับผู้สูงอายุ
39641735,ซ่อมบำรุงรถยนต์
39641735,อู่ซ่อมรถ
39641735,ศูนย์บริการรถยนต์
39641735,ประกันภัยรถ
39641735,ดูแลรักษารถยนต์
39642735,ประกันสุขภาพ
39642735,คลินิกความงาม
39642735,ประกันออนไลน์
39642735,ศัลยกรรมความงาม
39643130,สุขภาพกาย
39643130,ประกันสุขภาพ
39643130,ประกันออนไลน์
39643130,การเงิน
39645290,ร้องทุกข์
39645290,ประกันสุขภาพ
39645290,คุ้มครองผู้บริโภค
39645290,ประกันสุขภาพสำหรับผู้สูงอายุ
39649936,อุบัติเหตุ
39649936,อู่ซ่อมรถ
39649936,อุบัติเหตุบนท้องถนน
39649936,ศูนย์บริการรถยนต์
39649936,ประกันภัยรถ
39651499,อุบัติเหตุ
39651499,อู่ซ่อมรถ
39651499,honda city
39651499,ประกันภัยรถ
39651499,ประกันออนไลน์
39653375,เที่ยวยุโรป
39653375,ประกันภัยการเดินทาง
39653375,เที่ยวต่างประเทศ
39653375,สนามบิน
39653375,สายการบิน
39658591,ประกันภัยการเดินทาง
39658591,ประกันสุขภาพ
39658591,ประกันภัยรถ
39658591,ประกันสังคม
39658591,ประกันออนไลน์
39664476,ประกันสุขภาพสำหรับเด็กและทารก
39664476,ประกันสุขภาพ
39664476,ประกันสำหรับเด็กและทารก
39664476,คุ้มครองผู้บริโภค
39664476,ประกันสุขภาพสำหรับผู้สูงอายุ
39667117,ประกันสุขภาพ
39667117,ธนาคารทหารไทย
39667754,ประกันออนไลน์
39667754,ร้องทุกข์
39667754,คุ้มครองผู้บริโภค
39667754,ประกันสุขภาพ
39668041,honda (รถยนต์)
39668041,ประกันภัยรถ
39668041,ดูแลรักษารถยนต์
39668041,อู่ซ่อมรถ
39668388,ประกันสุขภาพ
39668388,ปารีส
39668388,สายการบิน
39670677,ประกันภัยรถ
39670677,ธนาคารกรุงศรีอยุธยา
39670677,ทนายความ
39670677,ร้องทุกข์
39670677,คุ้มครองผู้บริโภค
39670793,การลงทุน
39670793,ประกันสำหรับเด็กและทารก
39670793,ครอบครัว
39670793,สังคมคุณแม่
39670793,โรงพยาบาล
39671005,การวางแผนการเงิน
39671005,ประกันสุขภาพ
39671005,ประกันออนไลน์
39673932,ประกันสุขภาพ
39675789,ประกันสุขภาพ
39675789,บัตรเครดิต
39675789,tapktc
39681204,ประกันสุขภาพ
39681453,ประกันสุขภาพ
39681453,คุ้มครองผู้บริโภค
39682587,มนุษย์เงินเดือน
39682587,ประกันสุขภาพ
39682587,ประกันสำหรับเด็กและทารก
39682587,ธนาคาร
39682587,ประกันสังคม
39683241,อุบัติเหตุ
39683241,การจราจร
39683241,อุบัติเหตุบนท้องถนน
39683241,ประกันสุขภาพ
39683241,ประกันภัยรถ
39683558,ประกันสุขภาพ
39687002,thaipbs
39687002,โรคติดเชื้อไวรัสโคโรนาสายพันธุ์ใหม่ 2019 (covid-19)
39687002,ประกันภัยรถ
39687002,ร้องทุกข์
39687002,คุ้มครองผู้บริโภค
39687286,รถยนต์
39687286,อู่ซ่อมรถ
39687286,ศูนย์บริการรถยนต์
39687286,ประกันภัยรถ
39687286,ดูแลรักษารถยนต์
39689302,ประกันสุขภาพ
39691858,ประกันสุขภาพ
39691858,ประกันออนไลน์
39691858,ประกันภัยรถ
39691858,หลักประกันสุขภาพถ้วนหน้า (บัตรทอง)
39700580,ประกันภัยการเดินทาง
39700580,บัตรเครดิต
39700580,ประกันสุขภาพ
39700580,ร้องทุกข์
39700580,คุ้มครองผู้บริโภค
39703989,ท่องเที่ยว
39703989,ประกันสุขภาพ
39703989,เรียนต่อต่างประเทศ
39705778,ร้องทุกข์
39705778,คุ้มครองผู้บริโภค
39705778,ประกันภัยการเดินทาง
39709205,ประกันสุขภาพ
39709205,true money wallet
39709205,โรคติดเชื้อไวรัสโคโรนาสายพันธุ์ใหม่ 2019 (covid-19)
39711734,โรคติดต่อ
39711734,ประกันสุขภาพ
39711734,ประกันออนไลน์
39711734,โรคติดเชื้อไวรัสโคโรนาสายพันธุ์ใหม่ 2019 (covid-19)
39712067,ประกันสุขภาพ
39712067,ประกันออนไลน์
39713735,พิธีกรรายการโทรทัศน์
39713735,ประเทศไทย
39713735,ประกันสุขภาพ
39713735,นักท่องเที่ยวชาวต่างชาติ
39714490,ประกันสุขภาพ
39714523,คุ้มครองผู้บริโภค
39714523,ประกันสุขภาพ
39714523,ประกันออนไลน์
39714714,ประกันสุขภาพ
39714714,โรคติดเชื้อไวรัสโคโรนาสายพันธุ์ใหม่ 2019 (covid-19)
39715854,เตือนภัย
39715854,ประกันสุขภาพ
39715854,คุ้มครองผู้บริโภค
39716973,ประกันสุขภาพ
39716973,ประกันออนไลน์
39717514,ประกันสุขภาพ
39717514,ประกันสำหรับผู้สูงอายุ
39719016,โรคติดเชื้อไวรัสโคโรนาสายพันธุ์ใหม่ 2019 (covid-19)
39719016,โรคติดต่อ
39719016,ประกันสุขภาพ
39719016,ประกันออนไลน์
39719016,โรงพยาบาล
39720578,ประกันออนไลน์
39720578,ประกันสุขภาพ
39720578,ประกันสำหรับผู้สูงอายุ
39720578,โรคติดเชื้อไวรัสโคโรนาสายพันธุ์ใหม่ 2019 (covid-19)
39721672,การออมเงิน
39721672,เงินฝากระยะยาว
39721672,ประกันสุขภาพ
39721672,ร้องทุกข์
39721672,คุ้มครองผู้บริโภค
39721806,ประกันสุขภาพ
39722083,ธนาคารกสิกรไทย
39722083,โรคเอดส์
39722083,hiv (human immunodeficiency virus)
39722083,คุ้มครองผู้บริโภค
39722083,ประกันออนไลน์
39722259,คุ้มครองผู้บริโภค
39722259,ประกันออนไลน์
39722259,ประกันภัยรถ
39722259,โรคติดเชื้อไวรัสโคโรนาสายพันธุ์ใหม่ 2019 (covid-19)
39722456,ประกันสุขภาพ
39722456,ประกันออนไลน์
39723506,ประกันสุขภาพ
39723506,ประกันออนไลน์
39723837,โรคติดเชื้อไวรัสโคโรนาสายพันธุ์ใหม่ 2019 (covid-19)
39723837,สุขภาพกาย
39723837,ประกันสุขภาพ
39723837,แพทย์
39723837,พยาบาล
39723979,ประกันสุขภาพ
39724056,โรคติดต่อ
39724056,ประกันสุขภาพ
39724348,ธนาคารกสิกรไทย
39724348,ธนาคาร
39724348,ประกันสุขภาพ
39724348,ธนาคารกรุงเทพ
39724348,ธนาคารกรุงไทย
39725099,โรคติดต่อ
39725099,ประกันสุขภาพ
39725207,โรคติดเชื้อไวรัสโคโรนาสายพันธุ์ใหม่ 2019 (covid-19)
39725207,ประกันสุขภาพ
39725207,คุ้มครองผู้บริโภค
39725207,ธนาคารไทยพาณิชย์
39725207,ประกันออนไลน์
39725469,โรคติดเชื้อไวรัสโคโรนาสายพันธุ์ใหม่ 2019 (covid-19)
39725469,ธนาคารกสิกรไทย
39725469,ธนาคาร
39725469,ประกันสุขภาพ
39725469,ประกันออนไลน์
39725660,ประกันสุขภาพ
39726369,บัตรกดเงินสด
39726369,ประกันสุขภาพ
39726369,บัตรเครดิต
39727230,ประกันสุขภาพ
39727230,โรคติดเชื้อไวรัสโคโรนาสายพันธุ์ใหม่ 2019 (covid-19)
39727758,ประกันสุขภาพ
39727758,ประกันออนไลน์
39728071,ทรัพยากรบุคคล
39728071,ประกันสุขภาพ
39728071,แพทย์
39728071,พยาบาล
39728071,ประกันสังคม
39728145,ประกันออนไลน์
39728145,ประกันสำหรับผู้สูงอายุ
39728145,โรคติดเชื้อไวรัสโคโรนาสายพันธุ์ใหม่ 2019 (covid-19)
39728145,ประกันชีวิตสำหรับผู้สูงอายุ
39728340,โรคติดต่อ
39728340,ประกันสุขภาพ
39728340,ประกันออนไลน์
39728340,โรงพยาบาล
39728859,ธนาคาร
39728859,ประกันสุขภาพ
39728859,ประกันออนไลน์
39728915,โรคติดต่อ
39728915,ประกันสุขภาพ
39728915,scb easy
39728915,ธนาคารไทยพาณิชย์
39728915,โรงพยาบาล
39728934,ประกันสังคม
39728934,ประกันสุขภาพ
39728934,มนุษย์เงินเดือน
39728934,บัตรเครดิต
39729174,รถยนต์
39729174,honda (รถยนต์)
39729174,honda city
39729174,ประกันภัยรถ
39729174,ดูแลรักษารถยนต์
39729389,โรคมะเร็ง
39729389,ประกันสุขภาพ
39729389,โรงพยาบาล
39729689,ประกันภัยรถ
39730098,leasing
39730098,สินเชื่อรถยนต์
39730098,ประกันออนไลน์
39730098,ประกันภัยรถ
39730193,คุ้มครองผู้บริโภค
39730193,ประกันสุขภาพ
39730193,ประกันออนไลน์
39730193,ประกันสุขภาพสำหรับผู้สูงอายุ
39731131,รถยนต์
39731131,ประกันภัยรถ
39731219,ประกันสุขภาพ
39731219,ประกันออนไลน์
39731219,โรคติดเชื้อไวรัสโคโรนาสายพันธุ์ใหม่ 2019 (covid-19)
39731259,ประกันสุขภาพ
39731259,scb easy
39731259,ร้องทุกข์
39731259,คุ้มครองผู้บริโภค
39731259,ประกันออนไลน์
39732608,โรคติดต่อ
39732608,ประกันสุขภาพ
39733637,ประกันสุขภาพ
39734053,ประกันสุขภาพ
39734053,ทนายความ
39734053,ร้องทุกข์
39734053,คุ้มครองผู้บริโภค
39734053,ประกันออนไลน์
39735218,ประกันสุขภาพ
39735437,โรคติดเชื้อไวรัสโคโรนาสายพันธุ์ใหม่ 2019 (covid-19)
39735437,โรคติดต่อ
39735437,ประกันสุขภาพ
39735437,การโฆษณา
39735437,ประกันออนไลน์
39736495,ประกันสุขภาพ
39736495,คุ้มครองผู้บริโภค
39736495,โรคติดเชื้อไวรัสโคโรนาสายพันธุ์ใหม่ 2019 (covid-19)
39736520,ประกันสุขภาพ
39736520,บัตรสวัสดิการแห่งรัฐ
39736520,โรคติดเชื้อไวรัสโคโรนาสายพันธุ์ใหม่ 2019 (covid-19)
39737221,ประกันสุขภาพ
39737221,ประกันออนไลน์
39737221,โรคติดเชื้อไวรัสโคโรนาสายพันธุ์ใหม่ 2019 (covid-19)
39738085,กฎหมายชาวบ้าน
39738085,อุบัติเหตุบนท้องถนน
39738085,นักกฎหมาย
39738085,ประกันภัยรถ
39738410,นักกฎหมาย
39738410,โรคติดเชื้อไวรัสโคโรนาสายพันธุ์ใหม่ 2019 (covid-19)
39738410,ประกันสุขภาพ
39738410,ทนายความ
39738410,ประกันออนไลน์
39738588,ประกันสุขภาพ
39740516,ศูนย์บริการเครือข่ายโทรศัพท์มือถือ
39740516,คุ้มครองผู้บริโภค
39740516,ais
39740516,ประกันออนไลน์
39740877,สุขภาพกาย
39740877,ประกันสุขภาพ
39741031,ประกันสำหรับผู้สูงอายุ
39741031,ประกันสุขภาพ
39741031,ประกันชีวิตสำหรับผู้สูงอายุ
39741031,ประกันสังคม
39741031,ประกันสุขภาพสำหรับผู้สูงอายุ
39742184,ปัญหาชีวิต
39742184,เงินฝากระยะยาว
39742184,การเงิน
39742184,ประกันชีวิตสำหรับผู้สูงอายุ
39742184,ประกันออนไลน์
39742862,thanachart connect
39742862,เตือนภัย
39742862,ประกันสุขภาพ
39742862,ธนาคาร
39742862,ธนาคารธนชาต
39747367,ประกันชีวิตสำหรับเด็กและทารก
39747367,ประกันสุขภาพ
39747367,ประกันชีวิตสำหรับผู้สูงอายุ
39747367,การวางแผนการเงิน
39747367,ประกันออนไลน์
39748347,ประกันสุขภาพ
39748347,ประกันสุขภาพสำหรับผู้สูงอายุ
39750322,สังคมไทย
39750322,ประกันสุขภาพ
39750322,ประกันออนไลน์
39750322,โรคติดเชื้อไวรัสโคโรนาสายพันธุ์ใหม่ 2019 (covid-19)
39751025,โรคติดต่อ
39751025,ประกันสุขภาพ
39751025,โรคติดเชื้อไวรัสโคโรนาสายพันธุ์ใหม่ 2019 (covid-19)
39751153,บัตรเครดิต
39751153,เตือนภัย
39751153,ประกันสุขภาพ
39751153,ธนาคารธนชาต
39751153,คุ้มครองผู้บริโภค
39751461,ประกันสุขภาพ
39751461,ประกันสำหรับผู้สูงอายุ
39752157,ประกันสุขภาพ
39752157,ร้องทุกข์
39752157,คุ้มครองผู้บริโภค
39752157,ประกันออนไลน์
39752157,ธนาคารกรุงไทย
39753753,ประกันสุขภาพ
39753753,ประกันออนไลน์
39753753,โรคติดเชื้อไวรัสโคโรนาสายพันธุ์ใหม่ 2019 (covid-19)
39755538,ประกันสำหรับผู้สูงอายุ
39755538,ประกันสุขภาพ
39755538,ร้องทุกข์
39755538,คุ้มครองผู้บริโภค
39755538,ประกันสุขภาพสำหรับผู้สูงอายุ
39757314,รถยนต์
39757314,ประกันภัยรถ
39758890,ประกันสุขภาพ
39758890,ธนาคารกรุงไทย
39759883,นักกฎหมาย
39759883,ธุรกิจบริการ
39759883,ประกันสุขภาพ
39759883,ร้องทุกข์
39759883,คุ้มครองผู้บริโภค
39760536,ร้องทุกข์
39760536,คุ้มครองผู้บริโภค
39760536,ประกันสุขภาพ
39760536,การเงิน
39760613,ประกันสุขภาพ
39760613,คุ้มครองผู้บริโภค
39765173,คุ้มครองผู้บริโภค
39765173,ประกันสุขภาพ
39765313,ธนาคาร
39765313,ประกันสุขภาพ
39765313,บัตรเครดิต
39765313,คุ้มครองผู้บริโภค
39765670,honda (รถยนต์)
39765670,ศูนย์บริการรถยนต์
39765670,ประกันภัยรถ
39765670,อู่ซ่อมรถ
39767094,ประกันสุขภาพ
39767094,คลอดธรรมชาติ
39767094,ผ่าคลอด
39767765,โรคติดเชื้อไวรัสโคโรนาสายพันธุ์ใหม่ 2019 (covid-19)
39767765,ประกันสุขภาพ
39767765,ประกันภัยรถ
39767765,ร้องทุกข์
39767765,คุ้มครองผู้บริโภค
39768146,งานธนาคาร
39768146,การเงิน
39768146,ธนาคาร
39768146,ประกันสุขภาพ
39768146,ประกันภัยรถ
39768513,ประกันสุขภาพ
39768513,ธนาคารไทยพาณิชย์
39768513,โรคติดเชื้อไวรัสโคโรนาสายพันธุ์ใหม่ 2019 (covid-19)
39768846,รถยนต์
39768846,ซ่อมบำรุงรถยนต์
39768846,อู่ซ่อมรถ
39768846,ศูนย์บริการรถยนต์
39768846,ประกันภัยรถ
39769026,ธนาคาร
39769026,ประกันสุขภาพ
39769026,ธนาคารไทยพาณิชย์
39770964,ประกันสุขภาพ
39771189,โรคติดต่อ
39771189,ประกันสุขภาพ
39771189,ปัญหาสังคม
39771189,โรคติดเชื้อไวรัสโคโรนาสายพันธุ์ใหม่ 2019 (covid-19)
39771302,โรคติดเชื้อไวรัสโคโรนาสายพันธุ์ใหม่ 2019 (covid-19)
39771302,โรคติดต่อ
39771302,ประกันสุขภาพสำหรับเด็กและทารก
39771302,ประกันสำหรับผู้สูงอายุ
39771302,ประกันสุขภาพ
39771447,เตือนภัย
39771447,คุ้มครองผู้บริโภค
39771447,ประกันสุขภาพ
39771447,การเงิน
39771942,ร้องทุกข์
39771942,ประกันสุขภาพ
39771942,บัตรเครดิต
39771957,โรคติดต่อ
39771957,ประกันสุขภาพ
39773043,ร้องทุกข์
39773043,ธุรกิจบริการ
39773043,ประกันวินาศภัย
39774375,ประกันสุขภาพ
39774961,ประกันสุขภาพ
39778787,ประกันสุขภาพสำหรับเด็กและทารก
39778787,ประกันสุขภาพ
39778787,ประกันสำหรับเด็กและทารก
39778787,สุขภาพเด็กและทารก
39778787,สังคมคุณแม่
39780767,คุ้มครองผู้บริโภค
39780767,ประกันสุขภาพ
39780767,ประกันออนไลน์
39784300,เตือนภัย
39784300,ประกันสุขภาพ
39784300,ร้องทุกข์
39784300,ธนาคารไทยพาณิชย์
39784300,ประกันออนไลน์
39785658,ประกันสุขภาพสำหรับผู้สูงอายุ
39785658,ประกันสุขภาพ
39785658,โรคเบาหวาน
39785658,ประกันออนไลน์
39785658,โรงพยาบาล
39789998,ประกันสำหรับผู้สูงอายุ
39789998,ประกันสุขภาพ
39789998,ประกันชีวิตสำหรับผู้สูงอายุ
39789998,ร้องทุกข์
39789998,ประกันออนไลน์
39791995,งานธนาคาร
39791995,ธนาคาร
39791995,ประกันสุขภาพ
39791995,ประกันออนไลน์
39791995,ธนาคารทหารไทย
39792668,โรคติดเชื้อไวรัสโคโรนาสายพันธุ์ใหม่ 2019 (covid-19)
39792668,โรคติดต่อ
39792668,เตือนภัย
39792668,ประกันสุขภาพ
39792668,ประกันออนไลน์
39796112,ประกันสุขภาพ
39796112,คุ้มครองผู้บริโภค
39796112,บัตรเครดิต
39801091,โรคติดต่อ
39801091,ประกันสุขภาพ
39801091,ประกันออนไลน์
39802881,โรคติดเชื้อไวรัสโคโรนาสายพันธุ์ใหม่ 2019 (covid-19)
39802881,โรคติดต่อ
39802881,ประกันสุขภาพ
39802881,ประกันออนไลน์
39802881,ประกันสุขภาพสำหรับผู้สูงอายุ
39808829,รถยนต์
39808829,ประกันออนไลน์
39808829,ประกันภัยรถ
39808849,ประกันภัยรถ
39813570,อุบัติเหตุ
39813570,พ.ร.บ. คุ้มครองผู้ประสบภัยจากรถ
39813570,ประกันภัยรถ
39813570,ทนายความ
39813570,คุ้มครองผู้บริโภค
39817782,ประกันสุขภาพ
39818281,คุ้มครองผู้บริโภค
39818281,ประกันสุขภาพ
39818281,ประกันสำหรับผู้สูงอายุ
39818281,ประกันสุขภาพสำหรับผู้สูงอายุ
39820989,อุปกรณ์ทางการแพทย์
39820989,โรงพยาบาลเอกชน
39820989,ประกันสุขภาพ
39820989,bdms (หุ้น)
39820989,โรงพยาบาล
39826119,ประกันสุขภาพ
39830232,คุ้มครองผู้บริโภค
39830232,ร้องทุกข์
39830232,ประกันสุขภาพ
39830232,ประกันออนไลน์
39830586,มนุษย์เงินเดือน
39830586,การเงิน
39830586,ประกันสุขภาพ
39830586,คุ้มครองผู้บริโภค
39830586,การวางแผนการเงิน
39831394,เตือนภัย
39831394,ประกันสุขภาพ
39831394,ทนายความ
39831394,คุ้มครองผู้บริโภค
39831394,ประกันออนไลน์
39832199,เตือนภัย
39832199,ประกันสุขภาพ
39832199,ร้องทุกข์
39832199,ประกันออนไลน์
39832199,ประกันสุขภาพสำหรับผู้สูงอายุ
39832359,ประกันออนไลน์
39832359,ประกันสุขภาพ
39832359,คุ้มครองผู้บริโภค
39833681,โรคมะเร็ง
39833681,ประกันสุขภาพ
39837655,honda (รถยนต์)
39837655,ประกันออนไลน์
39837655,ประกันภัยรถ
39838874,มนุษย์เงินเดือน
39838874,ปัญหาชีวิต
39838874,ประกันภัยการเดินทาง
39838874,ประกันสุขภาพ
39838874,ร้องทุกข์
39846198,ประกันสุขภาพ
39846198,ธนาคารไทยพาณิชย์
39850756,ธนาคาร
39850756,ธนาคารไทยพาณิชย์
39850756,บัตรเครดิต
39850756,ประกันสุขภาพ
39854403,การลงทุน
39854403,ประกันสุขภาพ
39859016,การหักลดหย่อน
39859016,ประกันสุขภาพ
39859016,อุบัติเหตุบนท้องถนน
39859016,ประกันภัยรถ
39864995,อุบัติเหตุ
39864995,การเงิน
39864995,ประกันสุขภาพ
39864995,การวางแผนการเงิน
39864995,การป้องกันอุบัติเหตุ
39867307,ประกันสำหรับผู้สูงอายุ
39867307,ประกันสุขภาพ
39867307,ประกันออนไลน์
39867307,ประกันชีวิตสำหรับผู้สูงอายุ
39868832,บัตรเครดิต
39868832,ประกันสุขภาพ
39868832,ร้องทุกข์
39868832,คุ้มครองผู้บริโภค
39868832,ประกันออนไลน์
39869240,บัตรเครดิต
39869240,เตือนภัย
39869240,ประกันสุขภาพ
39869240,ร้องทุกข์
39869240,คุ้มครองผู้บริโภค
39869631,การออมเงิน
39869631,ประกันชีวิตสำหรับเด็กและทารก
39869631,ประกันชีวิตสำหรับผู้สูงอายุ
39869631,คุ้มครองผู้บริโภค
39869631,ธนาคารกรุงไทย
39869832,เตือนภัย
39869832,ประกันออนไลน์
39869832,ประกันภัยรถ
39870204,ประกันออนไลน์
39870204,เที่ยวต่างประเทศ
39874516,ร้องทุกข์
39874516,ประกันสุขภาพ
39876568,ประกันสุขภาพ
39882263,ประกันสุขภาพ
39882263,ประกันชีวิตสำหรับผู้สูงอายุ
39882263,ร้องทุกข์
39882263,คุ้มครองผู้บริโภค
39882263,ประกันสุขภาพสำหรับผู้สูงอายุ
39886108,กรุงเทพมหานคร
39886108,อุบัติเหตุ
39886108,อุบัติเหตุบนท้องถนน
39886108,ประกันภัยรถ
39886108,กฎหมายจราจร
39887944,ประกันภัยรถ
39890122,ประกันสุขภาพ
39890122,ประกันออนไลน์
39890122,โรคติดเชื้อไวรัสโคโรนาสายพันธุ์ใหม่ 2019 (covid-19)
39897335,สินเชื่อรถยนต์
39897335,รถยนต์
39897335,ประกันภัยรถ
39904255,ประกันสุขภาพ
39904255,ธนาคารไทยพาณิชย์
39904255,scb easy
39908350,มนุษย์เงินเดือน
39908350,บัตรเครดิต
39908350,ประกันสุขภาพ
39908350,ร้องทุกข์
39908350,คุ้มครองผู้บริโภค
39909873,ประกันสุขภาพ
39911969,ประกันสุขภาพ
39911969,ประกันชีวิตสำหรับผู้สูงอายุ
39911969,ประกันสุขภาพสำหรับผู้สูงอายุ
39912142,ประกันสุขภาพ
39912142,ประกันสุขภาพสำหรับผู้สูงอายุ
39913698,honda (รถยนต์)
39913698,ประกันภัยรถ
39915127,โรคติดเชื้อไวรัสโคโรนาสายพันธุ์ใหม่ 2019 (covid-19)
39915127,โรคติดต่อ
39915127,ธุรกรรมทางการเงิน
39915127,ประกันสุขภาพ
39915127,ประกันออนไลน์
39916555,โรคติดต่อ
39916555,ประกันสุขภาพ
39916555,ประกันออนไลน์
39916555,โรคติดเชื้อไวรัสโคโรนาสายพันธุ์ใหม่ 2019 (covid-19)
39916951,ประกันสุขภาพสำหรับเด็กและทารก
39916951,ประกันสุขภาพ
39916951,กระทรวงศึกษาธิการ
39916951,โรงเรียน
39918074,กระทรวงสาธารณสุข
39918074,ประกันสุขภาพ
39918074,ธนาคารกรุงไทย
39918074,โรงพยาบาล
39922584,ประกันสุขภาพ
39922584,คุ้มครองผู้บริโภค
39926666,ประกันสุขภาพ
39926666,ประกันออนไลน์
39927094,อสังหาริมทรัพย์
39927094,สินเชื่อเพื่อที่อยู่อาศัย
39927094,บ้านเดี่ยว
39927094,ประกันสินเชื่อบ้าน
39929994,คุ้มครองผู้บริโภค
39929994,ธนาคารไทยพาณิชย์
39929994,สินเชื่อส่วนบุคคล
39929994,ประกันภัยรถ
39932569,ประกันสุขภาพ
39932569,ประกันออนไลน์
39932733,เตือนภัย
39932733,ประกันภัยรถ
39932733,ธุรกิจบริการ
39934059,เตือนภัย
39934059,ร้องทุกข์
39934059,คุ้มครองผู้บริโภค
39934059,ประกันสุขภาพ
39937394,บัตรเครดิต
39937394,เตือนภัย
39937394,ประกันสุขภาพ
39937394,ร้องทุกข์
39937394,คุ้มครองผู้บริโภค
39937542,บัตรเครดิต
39937542,ประกันสุขภาพ
39937542,กฎหมายชาวบ้าน
39937542,ร้องทุกข์
39937542,คุ้มครองผู้บริโภค
39941750,ประกันสุขภาพ
39949381,รถยนต์
39949381,ซ่อมบำรุงรถยนต์
39949381,ศูนย์บริการรถยนต์
39949381,ประกันภัยรถ
39949381,ดูแลรักษารถยนต์
39950002,ประกันภัยการเดินทาง
39950002,บัตรเครดิต
39950002,การเงิน
39950002,คุ้มครองผู้บริโภค
39950002,สังคมคุณแม่
39955970,ประกันภัยรถ
39957329,บัตรเครดิต
39957329,ธนาคารกรุงศรีอยุธยา
39957329,ร้องทุกข์
39957329,คุ้มครองผู้บริโภค
39957329,ประกันออนไลน์
39958981,เตือนภัย
39958981,ประกันสุขภาพ
39958981,ร้องทุกข์
39958981,คุ้มครองผู้บริโภค
39958981,โรงพยาบาล
39960044,บัตรเครดิต
39960044,การเงิน
39960044,ธนาคาร
39960044,ประกันสุขภาพ
39960044,บัตรกดเงินสด
39961028,คุ้มครองผู้บริโภค
39961028,ประกันภัยรถ
39963738,ประกันชีวิตสำหรับเด็กและทารก
39963738,อุบัติเหตุ
39963738,ประกันสุขภาพสำหรับเด็กและทารก
39963738,ประกันสุขภาพ
39963738,อุบัติเหตุบนท้องถนน
39964496,เตือนภัย
39964496,ประกันสุขภาพ
39964496,ร้องทุกข์
39964496,คุ้มครองผู้บริโภค
39964496,ประกันออนไลน์
39966792,ศูนย์บริการเครือข่ายโทรศัพท์มือถือ
39966792,ประกันสุขภาพ
39966792,ประกันออนไลน์
39970045,ศูนย์บริการรถยนต์
39970045,ประกันออนไลน์
39970045,ประกันภัยรถ
39972814,ประกันสำหรับผู้สูงอายุ
39972814,ประกันสุขภาพ
39972814,ประกันสำหรับเด็กและทารก
39972814,ประกันสังคม
39972814,โรงพยาบาล
39974772,mobile operator
39974772,ประกันสุขภาพ
39974772,ais
39974772,โรคติดเชื้อไวรัสโคโรนาสายพันธุ์ใหม่ 2019 (covid-19)
39976894,ร้องทุกข์
39976894,ประกันสุขภาพ
39978595,เงินฝากระยะยาว
39978595,ประกันสำหรับผู้สูงอายุ
39978595,การเงิน
39978595,ธนาคาร
39978595,ธนาคารไทยพาณิชย์
39978948,ปัญหาชีวิต
39978948,การเงิน
39978948,เตือนภัย
39978948,ประกันสุขภาพ
39978948,คุ้มครองผู้บริโภค
39979629,ประกันสุขภาพ
39982056,สินเชื่อส่วนบุคคล
39982056,คุ้มครองผู้บริโภค
39982056,ประกันสุขภาพ
39982056,ประกันสินเชื่อธุรกิจ
39984783,ประกันสุขภาพ
39984783,บัตรเครดิต
39984915,อู่ซ่อมรถ
39984915,ประกันวินาศภัย
39984915,ศูนย์บริการรถยนต์
39984915,ประกันภัยรถ
39984915,ประกันออนไลน์
39998540,ประกันสำหรับผู้สูงอายุ
39998540,ประกันวินาศภัย
39998540,การลงทุน
39998540,ประกันสุขภาพ
39998540,คุ้มครองผู้บริโภค
40000967,สังคมคุณแม่
40000967,ประกันสุขภาพ
40000967,ประกันสำหรับเด็กและทารก
40000967,โรงพยาบาล
40002208,บัตรเครดิต
40002208,ประกันสุขภาพ
40002208,tapktc
40002208,ร้องทุกข์
40002208,คุ้มครองผู้บริโภค
40009367,ประกันสุขภาพ
40009367,ais
40010108,ประกันสุขภาพ
40010560,อุบัติเหตุบนท้องถนน
40010560,ประกันภัยรถ
40013434,ประกันสำหรับผู้สูงอายุ
40013434,ประกันสำหรับเด็กและทารก
40013434,สุขภาพเด็กและทารก
40013434,ของใช้คุณแม่
40013434,สังคมคุณแม่
40021965,เตือนภัย
40021965,คุ้มครองผู้บริโภค
40021965,ประกันภัยรถ
40029660,ประกันออนไลน์
40029660,ประกันสุขภาพ
40029660,ประกันชีวิตสำหรับผู้สูงอายุ
40029660,สูตินรีเวช
40029660,โรงพยาบาล
40031393,ประกันสุขภาพ
40031495,ประกันสุขภาพ
40034592,ประกันสุขภาพ
40034592,ประกันสุขภาพสำหรับผู้สูงอายุ
40034592,คนไทยในต่างแดน
40035580,ประกันสุขภาพ
40039364,ประกันสุขภาพ
40039364,นักคณิตศาสตร์ประกันภัย
40039364,ประกันออนไลน์
40040922,ประกันภัยรถ
40045593,ประกันสุขภาพ
40045593,ประกันสุขภาพสำหรับผู้สูงอายุ
40051907,ประกันภัยรถ
40054275,ธนาคารกสิกรไทย
40054275,คุ้มครองผู้บริโภค
40054275,ประกันสินเชื่อบ้าน
40055051,ประกันสำหรับผู้สูงอายุ
40055051,กฎหมายชาวบ้าน
40055051,ทนายความ
40055051,ร้องทุกข์
40055051,คุ้มครองผู้บริโภค
40056263,โรคกระเพาะ
40056263,ประกันสุขภาพ
40056263,ประกันสำหรับเด็กและทารก
40056263,แพทย์
40056263,โรงพยาบาล
40057997,ประกันสุขภาพ
40057997,บัตรเครดิต
40057997,clickktc
40058640,บัตรเครดิต
40058640,เตือนภัย
40058640,ประกันภัยรถ
40058640,ร้องทุกข์
40058640,คุ้มครองผู้บริโภค
40062630,อุบัติเหตุบนท้องถนน
40062630,ประกันภัยรถ
40071938,ประกันสุขภาพสำหรับเด็กและทารก
40071938,ประกันสุขภาพ
40071938,ประกันสำหรับเด็กและทารก
40071938,ประกันชีวิตสำหรับเด็กและทารก
40071971,นักกฎหมาย
40071971,บัตรเครดิต
40071971,ประกันสุขภาพ
40071971,ทนายความ
40071971,คุ้มครองผู้บริโภค
40073689,การออมเงิน
40073689,ประกันสุขภาพสำหรับเด็กและทารก
40073689,ประกันสุขภาพ
40073689,ประกันชีวิตสำหรับผู้สูงอายุ
40073689,ประกันออนไลน์
40077121,ประกันสุขภาพ
40077121,ประกันออนไลน์
40077121,ประกันสุขภาพสำหรับผู้สูงอายุ
40077121,โรงพยาบาล
40080473,ประกันออนไลน์
40080473,คุ้มครองผู้บริโภค
40080473,การเดินทางทางอากาศ
40080473,สายการบิน
40085703,ปัญหาสังคม
40085703,เตือนภัย
40085703,ประกันสุขภาพ
40085703,ร้องทุกข์
40085703,คุ้มครองผู้บริโภค
40088622,คุ้มครองผู้บริโภค
40088622,ศูนย์บริการรถยนต์
40088622,ประกันภัยรถ
40090950,ร้องทุกข์
40090950,ประกันสุขภาพ
40094440,เงินปันผล
40094440,เงินฝากระยะยาว
40094440,เตือนภัย
40094440,ประกันสุขภาพ
40094440,ประกันออนไลน์
40095367,ประกันชีวิตสำหรับเด็กและทารก
40095367,ประกันสำหรับผู้สูงอายุ
40095367,ประกันสุขภาพ
40095367,ประกันสำหรับเด็กและทารก
40095367,ประกันชีวิตสำหรับผู้สูงอายุ
40096565,การเงิน
40096565,ธนาคาร
40096565,ประกันสินเชื่อธุรกิจ
40096565,ร้องทุกข์
40096565,คุ้มครองผู้บริโภค
40099733,รถยนต์
40099733,ซ่อมบำรุงรถยนต์
40099733,อู่ซ่อมรถ
40099733,อุบัติเหตุบนท้องถนน
40099733,ประกันภัยรถ
40101242,โรคติดต่อ
40101242,ประกันสุขภาพ
40101242,ประกันออนไลน์
40101242,คนไทยในต่างแดน
40105543,โรคหัวใจ
40105543,สุขภาพผู้สูงอายุ
40105543,ประกันสุขภาพ
40105543,คลับสุขภาพ
40105543,ประกันออนไลน์
40110621,ประกันสำหรับผู้สูงอายุ
40110621,ประกันสุขภาพ
40110621,ประกันสำหรับเด็กและทารก
40110621,ประกันชีวิตสำหรับผู้สูงอายุ
40110621,ประกันสุขภาพสำหรับผู้สูงอายุ
40111078,อุบัติเหตุบนท้องถนน
40111078,อุบัติเหตุ
40111078,ประกันภัยรถ
40111078,รถโดยสาร
40111665,ประกันออนไลน์
40111665,ร้องทุกข์
40111665,ธนาคาร
40111665,บัตรเครดิต
40112890,สังคมผู้สูงอายุ
40112890,ประกันสุขภาพ
40112890,สุขภาพผู้สูงอายุ
40112890,ประกันสังคม
40112890,โรคมะเร็ง
40113034,ประกันสุขภาพ
40113501,ประกันสุขภาพ
40113501,บัตรเครดิต
40122741,ประกันออนไลน์
40122741,ประกันสุขภาพ
40122741,บัตรเครดิต
40123755,สินเชื่อเพื่อที่อยู่อาศัย
40123755,ประกันสินเชื่อบ้าน
40125247,ประกันสุขภาพสำหรับเด็กและทารก
40125247,ประกันสุขภาพ
40125247,หลักประกันสุขภาพถ้วนหน้า (บัตรทอง)
40125247,ประกันสุขภาพสำหรับผู้สูงอายุ
40126980,รถยนต์
40126980,ซ่อมบำรุงรถยนต์
40126980,อู่ซ่อมรถ
40126980,ประกันภัยรถ
40126980,ดูแลรักษารถยนต์
40129075,ธุรกิจบริการ
40129075,เตือนภัย
40129075,ประกันสุขภาพ
40129075,ร้องทุกข์
40129075,คุ้มครองผู้บริโภค
40129203,ประกันสุขภาพ
40132795,เตือนภัย
40132795,ร้องทุกข์
40132795,ประกันภัยรถ
40134945,กฎจราจร
40134945,รถยนต์
40134945,อุบัติเหตุบนท้องถนน
40134945,ประกันภัยรถ
40134945,กฎหมายจราจร
40137438,นักกฎหมาย
40137438,อุบัติเหตุ
40137438,อุบัติเหตุบนท้องถนน
40137438,ประกันภัยรถ
40137438,ร้องทุกข์
40138076,ประกันสุขภาพ
40138076,ประกันออนไลน์
40138076,ประกันสุขภาพสำหรับผู้สูงอายุ
40139610,ประกันออนไลน์
40139610,คุ้มครองผู้บริโภค
40139610,ประกันสุขภาพ
40139610,บัตรเครดิต
40140102,เตือนภัย
40140102,ร้องทุกข์
40140102,ประกันสุขภาพ
40140102,คุ้มครองผู้บริโภค
40142449,ฟิล์มรถยนต์
40142449,ซ่อมบำรุงรถยนต์
40142449,ประกันภัยรถ
40144967,โรงพยาบาลเอกชน
40144967,ประกันสุขภาพ
40144967,โรงพยาบาล
40145885,เตือนภัย
40145885,คุ้มครองผู้บริโภค
40145885,ประกันสุขภาพ
40151109,การเงิน
40151109,ประกันสุขภาพ
40151109,ร้องทุกข์
40151109,คุ้มครองผู้บริโภค
40151109,โรงพยาบาล
40152401,กฎหมายแพ่ง (civil law)
40152401,นักกฎหมาย
40152401,ประกันภัยรถ
40156234,ร้องทุกข์
40156234,ประกันสุขภาพ
40156234,คุ้มครองผู้บริโภค
40156234,งานขาย
40156789,ประกันสุขภาพ
40156789,ร้องทุกข์
40156789,คุ้มครองผู้บริโภค
40156789,ธนาคารกรุงไทย
40156789,โรงพยาบาล
40157221,ประกันภัยรถ
40157456,ร้องทุกข์
40157456,ประกันสุขภาพ
40157456,ธนาคารกรุงศรีอยุธยา
40160472,ประกันสุขภาพ
40160472,ประกันสำหรับเด็กและทารก
40160472,ประกันชีวิตสำหรับเด็กและทารก
40160986,ประกันสุขภาพ
40169553,นักกฎหมาย
40169553,เตือนภัย
40169553,โรงพยาบาลเอกชน
40169553,ประกันสุขภาพ
40169553,คุ้มครองผู้บริโภค
40171497,เตือนภัย
40171497,คุ้มครองผู้บริโภค
40171497,ประกันสุขภาพ
40172544,สุขภาพจิต
40172544,ประกันสุขภาพ
40172544,ปัญหาชีวิต
40172544,คลับสุขภาพ
40172745,รถยนต์
40172745,ประกันออนไลน์
40173536,ประกันสุขภาพ
40173536,ธนาคารทหารไทย
40178497,ประกันภัยรถ
40179293,อุบัติเหตุบนท้องถนน
40179293,อุบัติเหตุ
40179293,ประกันภัยรถ
40179293,กฎหมายจราจร
40179333,สุขภาพกาย
40179333,โรงพยาบาลเอกชน
40179333,ประกันสุขภาพ
40179333,ธนาคารกรุงไทย
40179333,โรงพยาบาล
40184408,อุบัติเหตุบนท้องถนน
40184408,อุบัติเหตุ
40184408,การป้องกันอุบัติเหตุ
40184408,ประกันภัยรถ
40185888,ประกันสุขภาพสำหรับเด็กและทารก
40185888,ประกันสุขภาพ
40185888,ประกันสุขภาพสำหรับผู้สูงอายุ
40186798,ประกันภัยรถ
40188313,ร้องทุกข์
40188313,คุ้มครองผู้บริโภค
40188313,อุบัติเหตุบนท้องถนน
40188313,ประกันภัยรถ
40191909,อุบัติเหตุ
40191909,กฎหมายชาวบ้าน
40191909,อุบัติเหตุบนท้องถนน
40191909,ประกันภัยรถ
40191909,ทนายความ
40196492,รถยนต์
40196492,อู่ซ่อมรถ
40196492,ประกันภัยรถ
40196492,อะไหล่รถ
40196492,ดูแลรักษารถยนต์
40197457,อุบัติเหตุบนท้องถนน
40197457,อุบัติเหตุ
40197457,ประกันภัยรถ
40197457,อู่ซ่อมรถ
40199005,ประกันสุขภาพ
40199005,สุขภาพผู้สูงอายุ
40205190,รถยนต์
40205190,ประกันภัยรถ
40206275,ประกันชีวิตสำหรับเด็กและทารก
40206275,ประกันสุขภาพสำหรับเด็กและทารก
40206275,ประกันสำหรับผู้สูงอายุ
40206275,ประกันสุขภาพ
40206275,ประกันสุขภาพสำหรับผู้สูงอายุ
40208628,ปัญหาชีวิต
40208628,เตือนภัย
40208628,ประกันสุขภาพ
40208628,ร้องทุกข์
40208628,คุ้มครองผู้บริโภค
40210006,ประกันภัยรถ
40212176,ประกันสุขภาพ
40212176,ประกันสำหรับผู้สูงอายุ
40212176,การเงิน
40212176,ประกันสุขภาพสำหรับผู้สูงอายุ
40212685,อุบัติเหตุบนท้องถนน
40212685,ประกันภัยรถ
40216938,คุ้มครองผู้บริโภค
40216938,ประกันสุขภาพ
40216938,ประกันออนไลน์
40217014,ประกันสุขภาพ
40217014,บัตรเครดิต
40219489,ประกันภัยรถ
40222266,อุบัติเหตุ
40222266,อู่ซ่อมรถ
40222266,เตือนภัย
40222266,อุบัติเหตุบนท้องถนน
40222266,ประกันภัยรถ
40231293,ประกันสุขภาพ
40231293,คุ้มครองผู้บริโภค
40231293,บัตรเครดิต
40234285,บัตรเครดิต
40234285,เตือนภัย
40234285,ร้องทุกข์
40234285,คุ้มครองผู้บริโภค
40234285,ประกันออนไลน์
40237285,บัตรเครดิต
40237285,เตือนภัย
40237285,ประกันสุขภาพ
40237285,คุ้มครองผู้บริโภค
40237285,ประกันออนไลน์
40239879,ประกันสุขภาพ
40239879,โรงพยาบาลเอกชน
40239879,ร้องทุกข์
40239879,คุ้มครองผู้บริโภค
40239879,โรงพยาบาล
40241736,ประกันสุขภาพสำหรับเด็กและทารก
40241736,ประกันสุขภาพ
40241736,ประกันสำหรับเด็กและทารก
40243023,กฎหมายชาวบ้าน
40243023,ประกันชีวิตสำหรับผู้สูงอายุ
40243023,ทนายความ
40244967,ธนาคาร
40244967,ประกันสำหรับเด็กและทารก
40244967,me by tmb
40244967,tmb touch
40244967,ธนาคารทหารไทย
40246239,ธนาคาร
40246239,ประกันสุขภาพ
40246239,คุ้มครองผู้บริโภค
40246239,ธนาคารทหารไทย
40246239,ประกันสุขภาพสำหรับผู้สูงอายุ
40246582,ประกันสำหรับผู้สูงอายุ
40246582,ประกันออนไลน์
40246582,บัตรเครดิต
40246582,ธนาคารกรุงศรีอยุธยา
40249711,สินเชื่อส่วนบุคคล
40249711,โชว์รูมรถยนต์
40249711,ประกันภัยรถ
40249711,ธนาคารธนชาต
40249711,สินเชื่อรถยนต์
40255045,ประกันสำหรับผู้สูงอายุ
40255045,การเงิน
40255045,ร้องทุกข์
40255045,คุ้มครองผู้บริโภค
40255045,ประกันออนไลน์
40258153,การจราจร
40258153,รถยนต์
40258153,รถกระบะ
40258153,ประกันภัยรถ
40258153,สินเชื่อรถยนต์
40258343,ประกันภัยรถ
40264289,ประกันสุขภาพ
40269787,ประกันสุขภาพ
40270685,ประกันสุขภาพ
40274299,เตือนภัย
40274299,คุ้มครองผู้บริโภค
40274299,ธุรกิจบริการ
40274299,ประกันวินาศภัย
40277964,ประกันสำหรับผู้สูงอายุ
40277964,ประกันสุขภาพ
40277964,ประกันภัยรถ
40277964,ประกันออนไลน์
40277964,ประกันสุขภาพสำหรับผู้สูงอายุ
40287481,ประกันสุขภาพ
40287481,ร้องทุกข์
40287481,การหักลดหย่อน
40287481,คุ้มครองผู้บริโภค
40287481,ธนาคารไทยพาณิชย์
40290801,โรงพยาบาลเอกชน
40290801,ประกันสุขภาพ
40290801,ยา
40290801,โรงพยาบาล
40298442,ร้องทุกข์
40298442,ประกันสุขภาพ
40298442,คุ้มครองผู้บริโภค
40298478,รถยนต์
40298478,ซ่อมบำรุงรถยนต์
40298478,ประกันภัยรถ
40298478,โชว์รูมรถยนต์
40298478,ดูแลรักษารถยนต์
40302612,บัตรเครดิต
40302612,เตือนภัย
40302612,ประกันสุขภาพ
40302612,ร้องทุกข์
40302612,ประกันออนไลน์
40305666,อุบัติเหตุ
40305666,รถยนต์
40305666,อู่ซ่อมรถ
40305666,ศูนย์บริการรถยนต์
40305666,ประกันภัยรถ
40308116,ประกันสุขภาพ
40308946,เตือนภัย
40308946,ทนายความ
40308946,ร้องทุกข์
40308946,คุ้มครองผู้บริโภค
40308946,ประกันออนไลน์
40309055,การออมเงิน
40309055,เงินฝากระยะยาว
40309055,ประกันสุขภาพ
40309055,ร้องทุกข์
40309055,คุ้มครองผู้บริโภค
40313417,หลักประกันสุขภาพถ้วนหน้า (บัตรทอง)
40313417,ประกันสำหรับผู้สูงอายุ
40313417,สุขภาพผู้สูงอายุ
40313417,โรคมะเร็ง
40313417,ประกันออนไลน์
40318287,ประกันสุขภาพ
40318287,การเงิน
40321297,อุบัติเหตุบนท้องถนน
40321297,พ.ร.บ. คุ้มครองผู้ประสบภัยจากรถ
40321297,ประกันภัยรถ
40321297,ร้องทุกข์
40321297,คุ้มครองผู้บริโภค
40325151,รถยนต์
40325151,สินเชื่อรถยนต์
40325151,ประกันภัยรถ
40325151,ร้องทุกข์
40325151,คุ้มครองผู้บริโภค
40327791,โรคมะเร็ง
40327791,ประกันสุขภาพ
40327791,โรงพยาบาล
40334490,ประกันสำหรับผู้สูงอายุ
40334490,เตือนภัย
40334490,ธนาคาร
40334490,ประกันชีวิตสำหรับผู้สูงอายุ
40334490,คุ้มครองผู้บริโภค
40335600,ประกันสุขภาพสำหรับผู้สูงอายุ
40335600,โรงพยาบาลเอกชน
40335600,ประกันสุขภาพ
40335600,คุ้มครองผู้บริโภค
40335600,โรงพยาบาล
40335977,ประกันภัยรถ
40335977,อู่ซ่อมรถ
40343884,ประกันสุขภาพ
40343884,ประกันสุขภาพสำหรับผู้สูงอายุ
40345271,คุ้มครองผู้บริโภค
40345271,อุบัติเหตุ
40345271,ทะเบียนรถ
40345271,ประกันภัยรถ
40360224,ประกันสุขภาพสำหรับเด็กและทารก
40360224,ประกันสำหรับผู้สูงอายุ
40360224,ประกันสุขภาพ
40360224,ประกันออนไลน์
40360224,ประกันสุขภาพสำหรับผู้สูงอายุ
40360529,คุ้มครองผู้บริโภค
40360529,ประกันสุขภาพ
40360583,คุ้มครองผู้บริโภค
40360583,ประกันสุขภาพ
40360583,บัตรเครดิต
40360735,ประกันสุขภาพ
40361146,ประกันสุขภาพ
40362118,เตือนภัย
40362118,คุ้มครองผู้บริโภค
40362118,อุบัติเหตุบนท้องถนน
40362118,ประกันภัยรถ
40362991,บัตรเครดิต
40362991,การเงิน
40362991,ประกันสุขภาพ
40362991,ประกันสินเชื่อธุรกิจ
40362991,ประกันออนไลน์
40368958,เงินฝากระยะยาว
40368958,การเงิน
40368958,เตือนภัย
40368958,ประกันสุขภาพ
40368958,ร้องทุกข์
40370533,ศูนย์บริการรถยนต์
40370533,ประกันออนไลน์
40370533,ประกันภัยรถ
40371000,สินเชื่อเพื่อที่อยู่อาศัย
40371000,ประกันสินเชื่อบ้าน
40373624,สินเชื่อเพื่อที่อยู่อาศัย
40373624,กฎหมายชาวบ้าน
40373624,ประกันสินเชื่อบ้าน
40373624,หนี้สิน (liability)
40374507,บัตรเครดิต
40374507,ธนาคารกรุงศรีอยุธยา
40374507,ร้องทุกข์
40374507,คุ้มครองผู้บริโภค
40374507,ประกันออนไลน์
40378213,ประกันสุขภาพสำหรับเด็กและทารก
40378213,ประกันสำหรับเด็กและทารก
40379954,คุ้มครองผู้บริโภค
40379954,ประกันสุขภาพ
40379954,ประกันออนไลน์
40380846,เตือนภัย
40380846,ประกันสุขภาพ
40380846,คุ้มครองผู้บริโภค
40383202,อุบัติเหตุ
40383202,รถยนต์
40383202,ประกันภัยรถ
40383202,ร้องทุกข์
40383202,คุ้มครองผู้บริโภค
40384265,ประกันออนไลน์
40384265,ธนาคารกรุงศรีอยุธยา
40384265,บัตรเครดิต
40385709,อุบัติเหตุ
40385709,อุบัติเหตุบนท้องถนน
40385709,ประกันภัยรถ
40385709,ร้องทุกข์
40385709,คุ้มครองผู้บริโภค
40390117,เตือนภัย
40390117,อุบัติเหตุบนท้องถนน
40390117,ประกันภัยรถ
40390117,ร้องทุกข์
40390117,คุ้มครองผู้บริโภค
40390616,ประกันออนไลน์
40390616,คุ้มครองผู้บริโภค
40390616,บัตรเครดิต
40390616,ธนาคารกรุงศรีอยุธยา
40395205,ประกันวินาศภัย
40395205,อุบัติเหตุบนท้องถนน
40395205,ประกันสุขภาพ
40395205,ประกันภัยรถ
40395205,ธนาคารธนชาต
40395774,ประกันชีวิตสำหรับเด็กและทารก
40395774,ธนาคารซิตี้แบงค์
40395774,ประกันภัยรถ
40395774,บัตรเครดิต
40396307,รถยนต์
40396307,อุบัติเหตุบนท้องถนน
40396307,อุบัติเหตุ
40396307,ประกันภัยรถ
40398777,ประกันสุขภาพ
40398777,aeon
40399115,ยางรถยนต์
40399115,ประกันภัยรถ
40400172,ประกันสุขภาพสำหรับเด็กและทารก
40400172,ประกันสำหรับเด็กและทารก
40400505,รถยนต์
40400505,ศูนย์บริการรถยนต์
40400505,ประกันภัยรถ
40400505,ทนายความ
40400505,คุ้มครองผู้บริโภค
40400699,ประกันสังคม
40400699,โรคมะเร็ง
40400699,ประกันสุขภาพ
40400699,ประกันสุขภาพสำหรับผู้สูงอายุ
40402046,อุบัติเหตุ
40402046,รถยนต์
40402046,อุบัติเหตุบนท้องถนน
40402046,ประกันภัยรถ
40402046,การป้องกันอุบัติเหตุ
40404202,ประกันสุขภาพ
40404922,เงินฝากระยะยาว
40404922,ร้องทุกข์
40404922,ประกันสุขภาพ
40404922,ประกันออนไลน์
40406064,ประกันสุขภาพ
40406064,โรงพยาบาลเอกชน
40406064,ร้องทุกข์
40406064,คุ้มครองผู้บริโภค
40406064,โรงพยาบาล
40407445,ถนนนวมินทร์
40407445,ศูนย์บริการรถยนต์
40407445,ประกันภัยรถ
40407445,เขตคันนายาว
40407445,เขตคลองสามวา
40413419,ประกันสุขภาพ
40413419,คุ้มครองผู้บริโภค
40413419,ประกันวินาศภัย
40413520,ประกันสุขภาพ
40418157,สุขภาพกาย
40418157,ประกันสุขภาพ
40418157,ประกันชีวิตสำหรับผู้สูงอายุ
40418157,ประกันออนไลน์
40418157,โรงพยาบาล
40423013,krungsri mobile app
40423013,บัตรเครดิต
40423013,ธนาคารกรุงศรีอยุธยา
40423013,ร้องทุกข์
40423013,ประกันออนไลน์
40426446,สุขภาพกาย
40426446,โรคติดต่อ
40426446,ประกันสุขภาพ
40426446,คุ้มครองผู้บริโภค
40426446,ประกันออนไลน์
40426669,ประกันสุขภาพ
40427142,ประกันสุขภาพ
40427142,มนุษย์เงินเดือน
40427142,โรคติดเชื้อไวรัสโคโรนาสายพันธุ์ใหม่ 2019 (covid-19)
40428526,รถยนต์
40428526,ประกันวินาศภัย
40428526,ประกันภัยรถ
40428526,อู่ซ่อมรถ
40429077,ประกันสุขภาพ
40429077,ประกันออนไลน์
40430240,โรคติดต่อ
40430240,ประกันสุขภาพ
40430240,คุ้มครองผู้บริโภค
40430240,ธนาคาร
40431341,online travel agency
40431341,งานสายการบิน
40431341,คุ้มครองผู้บริโภค
40431341,ประกันออนไลน์
40431341,สายการบิน
40431664,ประกันภัยรถ
40432590,ธนาคาร
40432590,ธนาคารไทยพาณิชย์
40432590,ประกันสุขภาพ
40437343,ร้องทุกข์
40437343,ประกันออนไลน์
40437456,ประกันออนไลน์
40437456,ประกันสุขภาพ
40437456,คุ้มครองผู้บริโภค
40437456,เตือนภัย
40440440,ประกันสุขภาพ
40442020,บัตรเครดิต
40442020,เตือนภัย
40442020,ประกันสุขภาพ
40442020,ศูนย์บริการเครือข่ายโทรศัพท์มือถือ
40442020,ประกันออนไลน์
40442211,ซ่อมบำรุงรถยนต์
40442211,ยางรถยนต์
40442211,ประกันภัยรถ
40442211,ดูแลรักษารถยนต์
40443492,ประกันสุขภาพ
40443492,โรคติดเชื้อไวรัสโคโรนาสายพันธุ์ใหม่ 2019 (covid-19)
40444104,คุ้มครองผู้บริโภค
40444104,ประกันสุขภาพ
40444506,honda (รถยนต์)
40444506,ศูนย์บริการรถยนต์
40444506,ประกันภัยรถ
40445527,คุ้มครองผู้บริโภค
40445527,ร้องทุกข์
40445527,ประกันสุขภาพ
40445527,ประกันออนไลน์
40446887,สุขภาพกาย
40446887,โรงพยาบาลเอกชน
40446887,ประกันสุขภาพ
40446887,โรงพยาบาล
40447909,ประกันสุขภาพ
40447909,ประกันออนไลน์
40447909,โรคติดเชื้อไวรัสโคโรนาสายพันธุ์ใหม่ 2019 (covid-19)
40448965,ประกันสุขภาพ
40449496,คุ้มครองผู้บริโภค
40449496,ประกันสุขภาพ
40449496,ประกันออนไลน์
40449496,โรงพยาบาล
40449725,รถยนต์
40449725,ประกันภัยรถ
40449725,อู่ซ่อมรถ
40450511,ประกันสุขภาพ
40450511,ประกันออนไลน์
40450511,โรคติดเชื้อไวรัสโคโรนาสายพันธุ์ใหม่ 2019 (covid-19)
40457691,ร้องทุกข์
40457691,ประกันสุขภาพ
40460828,สุขภาพผู้สูงอายุ
40460828,ประกันสุขภาพ
40460828,โรคหมอนรองกระดูกทับเส้นประสาท
40460828,คลับสุขภาพ
40462649,สุขภาพกาย
40462649,ประกันสุขภาพ
40462649,โรคติดเชื้อไวรัสโคโรนาสายพันธุ์ใหม่ 2019 (covid-19)
40462867,บัตรเครดิต
40462867,ประกันสุขภาพ
40462867,ร้องทุกข์
40462867,คุ้มครองผู้บริโภค
40462867,ประกันออนไลน์
40465043,บัตรเครดิต
40465043,ประกันสุขภาพ
40465043,ธนาคารกรุงศรีอยุธยา
40465043,คุ้มครองผู้บริโภค
40465043,ประกันออนไลน์
40465106,อุบัติเหตุ
40465106,รถยนต์
40465106,อู่ซ่อมรถ
40465106,ศูนย์บริการรถยนต์
40465106,ประกันภัยรถ
40465849,ประกันสำหรับเด็กและทารก
40465849,มนุษย์เงินเดือน
40465849,การออมเงิน
40465849,ภาษีเงินได้บุคคลธรรมดา
40467677,ประกันภัยรถ
40468112,ประกันสุขภาพ
40468400,ประกันสุขภาพ
40470912,ประกันสุขภาพ
40474353,สุขภาพกาย
40474353,โรงพยาบาลเอกชน
40474353,ประกันสุขภาพ
40474353,งานโรงพยาบาล
40474906,ประกันสินเชื่อบ้าน
40474906,รีไฟแนนซ์บ้าน
40474906,ธนาคารกสิกรไทย
40474906,ธนาคาร
40474906,คุ้มครองผู้บริโภค
40477225,ประกันสุขภาพ
40477225,ประกันสำหรับเด็กและทารก
40477225,ธนาคารกรุงไทย
40479206,ร้องทุกข์
40479206,ประกันสุขภาพ
40479206,คุ้มครองผู้บริโภค
40479206,บัตรเครดิต
40479622,อุบัติเหตุ
40479622,รถยนต์
40479622,ประกันภัยรถ
40479622,ประกันออนไลน์
40479622,อุบัติภัย
40481432,ทันตกรรม
40481432,กฎหมายชาวบ้าน
40481432,ประกันสุขภาพ
40481432,ร้องทุกข์
40481432,คุ้มครองผู้บริโภค
40481908,โรคติดเชื้อไวรัสโคโรนาสายพันธุ์ใหม่ 2019 (covid-19)
40481908,ปัญหาสังคม
40481908,ประกันสุขภาพ
40481908,บทความ
40481908,ประกันออนไลน์
40483080,เตือนภัย
40483080,ร้องทุกข์
40483080,ประกันสุขภาพ
40484403,ประกันออนไลน์
40484403,ประกันภัยรถ
40484403,ธุรกิจบริการ
40485666,ประกันสุขภาพ
40485666,โรงพยาบาล
40491064,บัตรเครดิต
40491064,เตือนภัย
40491064,ร้องทุกข์
40491064,คุ้มครองผู้บริโภค
40491064,ประกันออนไลน์
40491949,รถยนต์
40491949,คุ้มครองผู้บริโภค
40491949,ประกันภัยรถ
40491949,อู่ซ่อมรถ
40494728,ประกันสุขภาพ
40494728,กฎหมายชาวบ้าน
40494728,ร้องทุกข์
40494728,คุ้มครองผู้บริโภค
40494728,ประกันออนไลน์
40497642,เตือนภัย
40497642,อุบัติเหตุบนท้องถนน
40497642,ประกันภัยรถ
40497642,ร้องทุกข์
40497642,คุ้มครองผู้บริโภค
40498042,ประกันสุขภาพ
40498042,ประกันสำหรับเด็กและทารก
40498042,พนักงานขาย
40498042,คุ้มครองผู้บริโภค
40498042,ประกันออนไลน์
40500025,ประกันสังคม
40500025,ประกันสุขภาพ
40500025,ประกันออนไลน์
40500025,โรงพยาบาล
40500742,อุบัติเหตุ
40500742,ปัญหาชีวิต
40500742,รถยนต์
40500742,อุบัติเหตุบนท้องถนน
40500742,ประกันภัยรถ
40507366,บัตรกดเงินสด
40507366,ธนาคาร
40507366,ประกันออนไลน์
40507366,บัตรเครดิต
40509273,ประกันสุขภาพ
40509273,ประกันออนไลน์
40509273,ธนาคารทหารไทย
40510985,เตือนภัย
40510985,ประกันสุขภาพ
40510985,ร้องทุกข์
40510985,คุ้มครองผู้บริโภค
40510985,ประกันออนไลน์
40512204,ประกันภัยรถ
40512754,ประกันสุขภาพสำหรับเด็กและทารก
40512754,ประกันสุขภาพ
40512754,โรงพยาบาล
40512754,ประกันสุขภาพสำหรับผู้สูงอายุ
40522143,ประกันสุขภาพ
40522143,บัตรเครดิต
40522837,ประกันสุขภาพ
40522837,บัตรเครดิต
40522837,การเงิน
40524604,ประกันสุขภาพ
40524604,บัตรเดบิต
40524604,ร้องทุกข์
40524604,คุ้มครองผู้บริโภค
40524604,ประกันออนไลน์
40528706,ร้องทุกข์
40528706,คุ้มครองผู้บริโภค
40528706,ประกันสุขภาพ
40528839,ประกันสุขภาพ
40528839,แพทย์
40532743,สินเชื่อเพื่อที่อยู่อาศัย
40532743,ประกันสินเชื่อบ้าน
40532743,ประกันสินเชื่อธุรกิจ
40532743,คุ้มครองผู้บริโภค
40532743,ธนาคารกรุงไทย
40536363,ประกันภัยรถ
40537406,โรคติดเชื้อไวรัสโคโรนาสายพันธุ์ใหม่ 2019 (covid-19)
40537406,ประกันสุขภาพ
40537406,ธนาคารกรุงศรีอยุธยา
40537406,คุ้มครองผู้บริโภค
40537406,ประกันออนไลน์
40538822,ประกันออนไลน์
40538822,คุ้มครองผู้บริโภค
40538822,การออมเงิน
40544109,ประกันสุขภาพ
40544109,คุ้มครองผู้บริโภค
40544109,โรงพยาบาล
40544109,คนไทยในต่างแดน
40548266,ซ่อมบำรุงรถยนต์
40548266,ศูนย์บริการรถยนต์
40548266,ประกันภัยรถ
40548626,nissan
40548626,อุบัติเหตุบนท้องถนน
40548626,ประกันภัยรถ
40548626,honda (รถยนต์)
40552109,ประกันสุขภาพ
40552109,aeon
40552109,ประกันสินเชื่อธุรกิจ
40553520,ประกันสุขภาพ
40553520,การเงิน
40554405,นักกฎหมาย
40554405,อุบัติเหตุบนท้องถนน
40554405,ประกันภัยรถ
40554405,กฎหมายจราจร
40554405,ทนายความ
40559103,นักกฎหมาย
40559103,อู่ซ่อมรถ
40559103,ประกันภัยรถ
40559103,ร้องทุกข์
40559103,คุ้มครองผู้บริโภค
40559748,นักกฎหมาย
40559748,ประกันสุขภาพ
40559748,ประกันสำหรับเด็กและทารก
40559748,คุ้มครองผู้บริโภค
40559751,กฎหมายชาวบ้าน
40559751,อุบัติเหตุบนท้องถนน
40559751,พระราชบัญญัติจราจรทางบก (พ.ร.บ.จราจรทางบก)
40559751,ประกันภัยรถ
40559751,คุ้มครองผู้บริโภค
40560194,ประกันภัยรถ
40560883,สุขภาพกาย
40560883,ประกันสุขภาพ
40560883,แพทย์
40560883,ประกันสังคม
40560883,โรงพยาบาล
40564020,โรงพยาบาลเอกชน
40564020,ประกันสุขภาพ
40564020,โรคมะเร็ง
40564020,สูตินรีเวช
40564020,โรงพยาบาล
40564722,ประกันสุขภาพ
40564722,โรคติดเชื้อไวรัสโคโรนาสายพันธุ์ใหม่ 2019 (covid-19)
40565568,โรงพยาบาลเอกชน
40565568,ประกันสุขภาพ
40565568,ร้องทุกข์
40565568,โรงพยาบาล
40565946,ประกันภัยรถ
40567568,ประกันสุขภาพ
40568142,ประกันออนไลน์
40568142,บัตรเครดิต
40568142,ประกันสุขภาพ
40568142,ร้องทุกข์
40568142,aeon
40569561,ประกันสุขภาพ
40571059,นักกฎหมาย
40571059,อุบัติเหตุ
40571059,รถยนต์
40571059,ประกันภัยรถ
40571059,โรงพยาบาล
40572982,คุ้มครองผู้บริโภค
40572982,ประกันสุขภาพ
40572982,ประกันออนไลน์
40579824,โรงพยาบาลเอกชน
40579824,ประกันสุขภาพ
40580343,7-eleven
40580343,ประกันสุขภาพ
40581856,อุบัติเหตุ
40581856,ศูนย์บริการรถยนต์
40581856,ประกันภัยรถ
40581856,ทนายความ
40581856,ประกันออนไลน์
40586456,ประกันภัยรถ
40591062,ธนาคาร
40591062,ร้องทุกข์
40591062,ประกันสุขภาพ
40591062,ธนาคารกรุงไทย
40591878,mercedes-benz
40591878,รถยนต์
40591878,bmw (รถยนต์)
40591878,ประกันภัยรถ
40591878,ดูแลรักษารถยนต์
40592962,อัคคีภัย
40592962,ประกันภัยรถ
40592962,ประกันวินาศภัย
40593078,ประกันสุขภาพ
40594902,ร้องทุกข์
40594902,ประกันสุขภาพ
40594902,ประกันออนไลน์
40603147,สังคมไทย
40603147,เจ้าของธุรกิจ
40603147,พนักงานขาย
40603147,ประกันชีวิตสำหรับผู้สูงอายุ
40603147,งานขาย
40606101,ประกันชีวิตสำหรับเด็กและทารก
40606101,ประกันสำหรับผู้สูงอายุ
40606101,ประกันวินาศภัย
40606101,ประกันภัยรถ
40606101,ประกันชีวิตสำหรับผู้สูงอายุ
40606222,ประกันสำหรับผู้สูงอายุ
40606222,ชีวิตหลังเกษียณ
40606222,ประกันสุขภาพ
40606222,ประกันชีวิตสำหรับผู้สูงอายุ
40606222,ประกันสุขภาพสำหรับผู้สูงอายุ
40606623,เตือนภัย
40606623,ประกันสำหรับผู้สูงอายุ
40606623,scb easy
40608117,เตือนภัย
40608117,ประกันสุขภาพ
40608117,ร้องทุกข์
40608117,คุ้มครองผู้บริโภค
40608117,tmb touch
40609216,ประกันสุขภาพ
40609324,บัตรเครดิต
40609324,ktc (หุ้น)
40609324,ประกันสุขภาพ
40609324,clickktc
40609324,tapktc
40615593,มนุษย์เงินเดือน
40615593,บัตรเครดิต
40615593,ประกันสุขภาพ
40615593,ร้องทุกข์
40615593,คุ้มครองผู้บริโภค
40617003,ประกันสุขภาพ
40617003,การออมเงิน
40617003,การเงิน
40617003,ประกันชีวิตสำหรับผู้สูงอายุ
40623999,ประกันภัยรถ
40626498,ร้องทุกข์
40626498,ประกันออนไลน์
40626498,บัตรเครดิต
40626664,ประกันภัยรถ
40628340,โรคติดต่อ
40628340,ประกันสุขภาพ
40628340,โรคติดเชื้อไวรัสโคโรนาสายพันธุ์ใหม่ 2019 (covid-19)
40630119,ธุรกรรมออนไลน์
40630119,ประกันสุขภาพ
40630119,คุ้มครองผู้บริโภค
40630586,ประกันสุขภาพ
40630586,กฎหมายชาวบ้าน
40630586,ทนายความ
40630586,ร้องทุกข์
40630586,คุ้มครองผู้บริโภค
40631115,โรคติดต่อ
40631115,ประกันสุขภาพ
40631115,ประกันออนไลน์
40631115,คุ้มครองผู้บริโภค
40631772,ประกันสุขภาพ
40632709,โรคติดเชื้อไวรัสโคโรนาสายพันธุ์ใหม่ 2019 (covid-19)
40632709,โรคติดต่อ
40632709,ประกันสุขภาพ
40632709,แพทย์
40632709,คุ้มครองผู้บริโภค
40632819,ธนาคารกสิกรไทย
40632819,ประกันสุขภาพ
40632819,บัตรเครดิต
40633886,การออมเงิน
40633886,เงินฝากระยะยาว
40633886,การเงิน
40633886,ประกันสุขภาพ
40633886,ชีวิตในต่างแดน
40634094,โรคติดเชื้อไวรัสโคโรนาสายพันธุ์ใหม่ 2019 (covid-19)
40634094,เตือนภัย
40634094,ประกันสุขภาพ
40634094,ร้องทุกข์
40634094,คุ้มครองผู้บริโภค
40635037,โรงพยาบาลเอกชน
40635037,ประกันสุขภาพ
40635037,โรคไต
40635037,คุ้มครองผู้บริโภค
40635037,โรงพยาบาล
40637125,ประกันสังคม
40637125,ประกันสุขภาพ
40637125,ประกันออนไลน์
40637125,คลับสุขภาพ
40638124,ประกันวินาศภัย
40638124,สำนักงานประกันสังคม
40638124,ประกันสุขภาพ
40638124,คลับสุขภาพ
40638124,ประกันสังคม
40638457,ธุรกรรมทางการเงิน
40638457,ประกันสุขภาพ
40638457,ร้องทุกข์
40638457,คุ้มครองผู้บริโภค
40638457,ประกันออนไลน์
40638554,เตือนภัย
40638554,ประกันสุขภาพ
40638554,ร้องทุกข์
40638554,คุ้มครองผู้บริโภค
40638554,ประกันออนไลน์
40638597,โรคติดเชื้อไวรัสโคโรนาสายพันธุ์ใหม่ 2019 (covid-19)
40638597,ประกันสุขภาพ
40638597,ร้องทุกข์
40638597,คุ้มครองผู้บริโภค
40638597,ประกันออนไลน์
40639249,โรคติดต่อ
40639249,ประกันสุขภาพ
40640108,กฎหมายแพ่ง (civil law)
40640108,ประกันสุขภาพ
40640108,คุ้มครองผู้บริโภค
40640108,โรคติดเชื้อไวรัสโคโรนาสายพันธุ์ใหม่ 2019 (covid-19)
40644204,ประกันสุขภาพ
40645018,ประกันสุขภาพ
40645018,ประกันสำหรับผู้สูงอายุ
40645018,ประกันสุขภาพสำหรับผู้สูงอายุ
40645193,ประกันสุขภาพ
40645193,ปัญหาสังคม
40645193,ปัญหาชีวิต
40645193,โรคติดเชื้อไวรัสโคโรนาสายพันธุ์ใหม่ 2019 (covid-19)
40645464,ประกันสุขภาพ
40648574,ประกันสุขภาพ
40648574,ประกันออนไลน์
40650659,ประกันสุขภาพ
40651110,ประกันสำหรับผู้สูงอายุ
40651110,ประกันสุขภาพ
40651110,สุขภาพผู้สูงอายุ
40651110,โรคไต
40651110,ประกันสุขภาพสำหรับผู้สูงอายุ
40651444,โรคติดเชื้อไวรัสโคโรนาสายพันธุ์ใหม่ 2019 (covid-19)
40651444,หุ้น
40651444,ปัญหาสังคม
40651444,รัฐบาล
40651444,ประกันออนไลน์
40651779,เตือนภัย
40651779,ประกันภัยรถ
40651779,ร้องทุกข์
40651779,คุ้มครองผู้บริโภค
40651779,ประกันออนไลน์
40654200,ประกันสุขภาพ
40654200,ประกันออนไลน์
40654200,โรคติดเชื้อไวรัสโคโรนาสายพันธุ์ใหม่ 2019 (covid-19)
40654496,ประกันสุขภาพ
40654496,work permit
40654496,ประกันสำหรับผู้สูงอายุ
40654496,ประกันสุขภาพสำหรับผู้สูงอายุ
40654510,เตือนภัย
40654510,ประกันสุขภาพ
40654510,ร้องทุกข์
40654510,คุ้มครองผู้บริโภค
40654510,ประกันออนไลน์
40654640,ประกันสุขภาพ
40654640,ประกันออนไลน์
40654828,ประกันสุขภาพ
40654828,ประกันออนไลน์
40655999,7-eleven
40655999,ประกันสุขภาพ
40655999,ประกันออนไลน์
40656197,เตือนภัย
40656197,ร้องทุกข์
40656197,คุ้มครองผู้บริโภค
40656197,ประกันออนไลน์
40656492,ประกันสุขภาพ
40656492,ประกันออนไลน์
40656492,โรคติดเชื้อไวรัสโคโรนาสายพันธุ์ใหม่ 2019 (covid-19)
40656492,ประกันสุขภาพสำหรับผู้สูงอายุ
40657272,ธนาคารกสิกรไทย
40657272,ประกันสุขภาพ
40658295,ประกันสังคม
40658295,ร้องทุกข์
40658295,คุ้มครองผู้บริโภค
40658295,ประกันสุขภาพ
40658373,โรคติดเชื้อไวรัสโคโรนาสายพันธุ์ใหม่ 2019 (covid-19)
40658373,โรคติดต่อ
40658373,ประกันสุขภาพ
40658373,คุ้มครองผู้บริโภค
40658373,ประกันออนไลน์
40658860,ประกันสุขภาพ
40658860,โรคติดเชื้อไวรัสโคโรนาสายพันธุ์ใหม่ 2019 (covid-19)
40659747,ประกันสุขภาพ
40659747,โรคติดเชื้อไวรัสโคโรนาสายพันธุ์ใหม่ 2019 (covid-19)
40659747,จังหวัดจันทบุรี
40659820,ประกันสุขภาพ
40659832,ประกันสุขภาพ
40659832,โรคติดเชื้อไวรัสโคโรนาสายพันธุ์ใหม่ 2019 (covid-19)
40659994,โรงพยาบาลเอกชน
40659994,ประกันสุขภาพ
40659994,มนุษย์เงินเดือน
40659994,โรงพยาบาล
40660151,ประกันสุขภาพ
40660151,โรคติดเชื้อไวรัสโคโรนาสายพันธุ์ใหม่ 2019 (covid-19)
40660333,ประกันสุขภาพ
40660339,โรคติดต่อ
40660339,สุขภาพกาย
40660339,ประกันสุขภาพ
40660339,ประกันออนไลน์
40660339,โรงพยาบาล
40660744,โรคติดต่อ
40660744,ประกันสุขภาพ
40660744,โรคติดเชื้อไวรัสโคโรนาสายพันธุ์ใหม่ 2019 (covid-19)
40660744,โรงพยาบาล
40662384,ประกันสุขภาพ
40662384,โรคติดเชื้อไวรัสโคโรนาสายพันธุ์ใหม่ 2019 (covid-19)
40663386,โรคติดต่อ
40663386,ประกันสุขภาพ
40663386,โรคติดเชื้อไวรัสโคโรนาสายพันธุ์ใหม่ 2019 (covid-19)
40664811,ประกันภัยรถ
40664892,ประกันสุขภาพ
40664892,โรคติดเชื้อไวรัสโคโรนาสายพันธุ์ใหม่ 2019 (covid-19)
40665615,หลักประกันสุขภาพถ้วนหน้า (บัตรทอง)
40665615,ประกันสุขภาพ
40665615,บัตรสวัสดิการแห่งรัฐ
40665615,ประกันสังคม
40665615,ประกันสุขภาพสำหรับผู้สูงอายุ
40666101,ประกันสำหรับเด็กและทารก
40666872,ประกันสำหรับเด็กและทารก
40666872,การออมเงิน
40666928,โรคติดต่อ
40666928,ประกันสุขภาพ
40667418,โรคติดต่อ
40667418,ประกันสุขภาพ
40667418,โรคติดเชื้อไวรัสโคโรนาสายพันธุ์ใหม่ 2019 (covid-19)
40668778,โรคติดเชื้อไวรัสโคโรนาสายพันธุ์ใหม่ 2019 (covid-19)
40668778,โรคติดต่อ
40668778,ประกันสุขภาพ
40668778,7-eleven
40668778,ประกันออนไลน์
40669250,รถยนต์
40669250,อุบัติเหตุ
40669250,ประกันภัยรถ
40669250,ดูแลรักษารถยนต์
40670449,ประกันสุขภาพ
40670449,โรคติดเชื้อไวรัสโคโรนาสายพันธุ์ใหม่ 2019 (covid-19)
40671275,ประกันสุขภาพ
40671480,ประกันสุขภาพ
40671480,ประกันออนไลน์
40672144,ประกันสุขภาพ
40672144,โรคติดเชื้อไวรัสโคโรนาสายพันธุ์ใหม่ 2019 (covid-19)
40673249,ประกันสุขภาพ
40673249,ประกันสำหรับเด็กและทารก
40673249,การเงิน
40673324,ประกันสุขภาพ
40673706,ประกันสุขภาพ
40673706,โรคติดเชื้อไวรัสโคโรนาสายพันธุ์ใหม่ 2019 (covid-19)
40674202,ธุรกรรมออนไลน์
40674202,ร้องทุกข์
40674202,คุ้มครองผู้บริโภค
40674202,ประกันออนไลน์
40674805,เตือนภัย
40674805,ร้องทุกข์
40674805,คุ้มครองผู้บริโภค
40674805,ประกันออนไลน์
40675937,ธนาคาร
40675937,ประกันสุขภาพ
40675937,โรคติดเชื้อไวรัสโคโรนาสายพันธุ์ใหม่ 2019 (covid-19)
40676695,ประกันสุขภาพ
40676695,ประกันออนไลน์
40676695,ประกันภัยรถ
40676695,ประกันสุขภาพสำหรับผู้สูงอายุ
40677682,ประกันสุขภาพ
40677682,ประกันออนไลน์
40677682,โรงพยาบาล
40679754,ประกันสุขภาพ
40679754,โรคติดเชื้อไวรัสโคโรนาสายพันธุ์ใหม่ 2019 (covid-19)
40679881,คุ้มครองผู้บริโภค
40679881,บัตรเครดิต
40679881,ประกันภัยรถ
40680543,ประกันสุขภาพ
40680543,ประกันออนไลน์
40680904,คุ้มครองผู้บริโภค
40680904,ประกันสุขภาพ
40680904,ประกันออนไลน์
40680904,โรคติดเชื้อไวรัสโคโรนาสายพันธุ์ใหม่ 2019 (covid-19)
40683110,ประกันภัยรถ
40684727,เตือนภัย
40684727,ประกันภัยรถ
40684727,ร้องทุกข์
40684727,คุ้มครองผู้บริโภค
40684727,ประกันออนไลน์
40687183,ประกันสุขภาพ
40687183,โรคติดเชื้อไวรัสโคโรนาสายพันธุ์ใหม่ 2019 (covid-19)
40689121,คุ้มครองผู้บริโภค
40689121,ประกันสุขภาพ
40689121,บัตรเครดิต
40689121,clickktc
40689340,รถยนต์
40689340,ประกันภัยรถ
40689340,สินเชื่อรถยนต์
40689340,ประกันออนไลน์
40689340,อะไหล่รถ
40689781,ประกันภัยรถ
40690104,โรคติดต่อ
40690104,ประกันสุขภาพ
40690104,ประกันออนไลน์
40690104,โรคติดเชื้อไวรัสโคโรนาสายพันธุ์ใหม่ 2019 (covid-19)
40693940,เตือนภัย
40693940,ร้องทุกข์
40693940,คุ้มครองผู้บริโภค
40693940,ประกันภัยรถ
40694386,สุขภาพกาย
40694386,ประกันสุขภาพ
40694386,ปัญหาชีวิต
40694510,คุ้มครองผู้บริโภค
40694510,ร้องทุกข์
40694510,ประกันสุขภาพ
40694510,ประกันออนไลน์
40695037,สุขภาพกาย
40695037,ประกันสุขภาพ
40695037,โรงพยาบาล
40695727,สินทรัพย์ (assets)
40695727,รถยนต์
40695727,ประกันภัยรถ
40696914,ร้องทุกข์
40696914,คุ้มครองผู้บริโภค
40696914,ประกันภัยรถ
40697354,ประกันสุขภาพ
40698395,การออมเงิน
40698395,โรคติดเชื้อไวรัสโคโรนาสายพันธุ์ใหม่ 2019 (covid-19)
40698395,ประกันสำหรับผู้สูงอายุ
40698395,ประกันสุขภาพ
40698395,ประกันชีวิตสำหรับผู้สูงอายุ
40699055,รถยนต์
40699055,อู่ซ่อมรถ
40699055,กฎหมายชาวบ้าน
40699055,ประกันภัยรถ
40699055,คุ้มครองผู้บริโภค
40699366,บัตรเครดิต
40699366,เตือนภัย
40699366,ประกันสุขภาพ
40699366,ร้องทุกข์
40699366,ประกันออนไลน์
40699380,ประกันสุขภาพ
40699380,ประกันออนไลน์
40699380,กฎหมายชาวบ้าน
40699846,ประกันสุขภาพ
40700556,หนี้สิน (liability)
40700556,บัตรเครดิต
40700556,ประกันสุขภาพ
40700556,ร้องทุกข์
40700556,ประกันออนไลน์
40702823,ประกันสุขภาพ
40703422,ประกันสุขภาพ
40703422,ประกันสำหรับผู้สูงอายุ
40703422,ประกันชีวิตสำหรับผู้สูงอายุ
40703422,ประกันสุขภาพสำหรับผู้สูงอายุ
40703508,ร้องทุกข์
40703508,ประกันสุขภาพ
40703508,ประกันออนไลน์
40703508,ประกันสินเชื่อธุรกิจ
40704702,ร้องทุกข์
40704702,ประกันออนไลน์
40704702,บัตรเครดิต
40707260,ประกันสุขภาพ
40707260,โรคติดเชื้อไวรัสโคโรนาสายพันธุ์ใหม่ 2019 (covid-19)
40708062,ประกันสุขภาพ
40709928,ประกันสุขภาพ
40710057,ธนาคาร
40710057,ธนาคารไทยพาณิชย์
40710057,ประกันออนไลน์
40710057,ธุรกรรมทางการเงิน
40710877,ประกันสุขภาพ
40710877,ประกันออนไลน์
40710877,สื่อโฆษณา
40711522,ประกันสุขภาพ
40711522,ประกันออนไลน์
40712165,ประกันสุขภาพ
40712509,ประกันสุขภาพ
40712509,คุ้มครองผู้บริโภค
40714525,ประกันสุขภาพ
40714525,คุ้มครองผู้บริโภค
40716112,เคมีบำบัด (chemotherapy)
40716112,ประกันสุขภาพ
40716112,โรคมะเร็ง
40716112,โรงพยาบาล
40716502,สุขภาพกาย
40716502,ประกันสุขภาพ
40716502,คุ้มครองผู้บริโภค
40716502,โรงพยาบาล
40717402,ธนาคาร
40717402,ธนาคารไทยพาณิชย์
40717402,ประกันวินาศภัย
40719210,ประกันสุขภาพ
40719210,ประกันออนไลน์
40719811,โรคติดต่อ
40719811,ประกันสุขภาพ
40719811,ประกันออนไลน์
40719811,โรคติดเชื้อไวรัสโคโรนาสายพันธุ์ใหม่ 2019 (covid-19)
40721588,สินเชื่อเพื่อที่อยู่อาศัย
40721588,ประกันสุขภาพ
40721588,ประกันสินเชื่อบ้าน
40721588,กฎหมายชาวบ้าน
40721664,นักกฎหมาย
40721664,ประกันสำหรับผู้สูงอายุ
40721664,ประกันสุขภาพ
40721664,โรงพยาบาลเอกชน
40721664,ร้องทุกข์
40721758,ประกันสำหรับผู้สูงอายุ
40721758,ประกันสำหรับเด็กและทารก
40721758,สุขภาพเด็กและทารก
40721758,คุ้มครองผู้บริโภค
40721758,สังคมคุณแม่
40721986,เตือนภัย
40721986,ประกันสุขภาพ
40721986,โรคติดเชื้อไวรัสโคโรนาสายพันธุ์ใหม่ 2019 (covid-19)
40722637,ประกันภัยการเดินทาง
40722637,เตือนภัย
40722637,กฎหมายชาวบ้าน
40722637,ร้องทุกข์
40722637,คุ้มครองผู้บริโภค
40723782,สำนักงานประกันสังคม
40723782,ประกันสุขภาพ
40723782,นักคณิตศาสตร์ประกันภัย
40723782,โรคติดเชื้อไวรัสโคโรนาสายพันธุ์ใหม่ 2019 (covid-19)
40724095,อุบัติเหตุ
40724095,ประกันสำหรับผู้สูงอายุ
40724095,ประกันสุขภาพ
40724095,อุบัติเหตุบนท้องถนน
40724095,ประกันสุขภาพสำหรับผู้สูงอายุ
40724096,ประกันสุขภาพ
40726540,ประกันสุขภาพ
40728083,ประกันสุขภาพ
40728083,ประกันสำหรับผู้สูงอายุ
40728083,ประกันชีวิตสำหรับผู้สูงอายุ
40728083,ประกันสุขภาพสำหรับผู้สูงอายุ
40728791,ประกันสุขภาพ
40728791,ประกันออนไลน์
40728791,วัคซีน (vaccine)
40729016,อุบัติเหตุ
40729016,ซ่อมบำรุงรถยนต์
40729016,อู่ซ่อมรถ
40729016,ประกันภัยรถ
40729016,มอเตอร์ไซค์
40730207,คุ้มครองผู้บริโภค
40730207,ประกันออนไลน์
40730274,ประกันสำหรับผู้สูงอายุ
40730274,คุ้มครองผู้บริโภค
40730274,ประกันสุขภาพ
40731779,เงินฝากระยะยาว
40731779,การเงิน
40731779,ประกันสุขภาพ
40731779,ประกันชีวิตสำหรับผู้สูงอายุ
40731779,ร้องทุกข์
40732434,ปัญหาสังคม
40732434,ประกันสุขภาพ
40732434,กฎหมายชาวบ้าน
40732434,ร้องทุกข์
40732434,คุ้มครองผู้บริโภค
40732884,ร้องทุกข์
40732884,ประกันชีวิตสำหรับผู้สูงอายุ
40733096,ประกันสังคม
40733096,ประกันสุขภาพ
40733397,โรงพยาบาลเอกชน
40733397,ประกันสุขภาพ
40733397,ประกันสำหรับเด็กและทารก
40733397,ประกันออนไลน์
40738945,ร้องทุกข์
40738945,ประกันสุขภาพ
40738945,คุ้มครองผู้บริโภค
40740189,ประกันภัยรถ
40743172,นักกฎหมาย
40743172,โรคติดเชื้อไวรัสโคโรนาสายพันธุ์ใหม่ 2019 (covid-19)
40743172,สุขภาพกาย
40743172,ประกันสุขภาพ
40743172,วัคซีน (vaccine)
40745818,เตือนภัย
40745818,ประกันสุขภาพ
40745818,ร้องทุกข์
40745818,คุ้มครองผู้บริโภค
40745818,จังหวัดอุตรดิตถ์
40746111,การบริหารจัดการ
40746111,ร้องทุกข์
40746111,คุ้มครองผู้บริโภค
40746111,ประกันสุขภาพ
40752610,การเงิน
40752610,ประกันสุขภาพ
40752610,ร้องทุกข์
40752610,คุ้มครองผู้บริโภค
40752610,ประกันออนไลน์
40753209,เตือนภัย
40753209,ประกันภัยรถ
40753209,ประกันชีวิตสำหรับผู้สูงอายุ
40753209,ทนายความ
40755085,ประกันชีวิตสำหรับเด็กและทารก
40755085,ประกันภัยการเดินทาง
40755085,ประกันวินาศภัย
40755085,ประกันสำหรับเด็กและทารก
40755085,ประกันภัยรถ
40759512,นักกฎหมาย
40759512,กฎหมายชาวบ้าน
40759512,แพทย์
40759512,ประกันออนไลน์
40759512,วัคซีน (vaccine)
40760411,โรคติดต่อ
40760411,วัคซีน (vaccine)
40760411,ประกันสุขภาพ
40760411,โรคติดเชื้อไวรัสโคโรนาสายพันธุ์ใหม่ 2019 (covid-19)
40762658,ธุรกิจบริการ
40762658,เตือนภัย
40762658,ประกันภัยรถ
40762658,คุ้มครองผู้บริโภค
40762658,ประกันออนไลน์
40763520,ร้องทุกข์
40763520,คุ้มครองผู้บริโภค
40763520,ประกันสุขภาพ
40763997,โรคหัวใจ
40763997,ประกันสุขภาพ
40763997,โรคเบาหวาน
40763997,โรงพยาบาล
40765309,ร้องทุกข์
40765309,คุ้มครองผู้บริโภค
40765309,ประกันสุขภาพ
40765309,กฎหมายชาวบ้าน
40766982,ประกันชีวิตสำหรับเด็กและทารก
40766982,ประกันสุขภาพ
40766982,ประกันสำหรับเด็กและทารก
40766982,ประกันชีวิตสำหรับผู้สูงอายุ
40766982,ทนายความ
40767457,คุ้มครองผู้บริโภค
40767457,ประกันออนไลน์
40767457,โรคติดเชื้อไวรัสโคโรนาสายพันธุ์ใหม่ 2019 (covid-19)
40767457,ธุรกิจบริการ
40769645,เตือนภัย
40769645,ร้องทุกข์
40769645,ธนาคาร
40769645,ประกันออนไลน์
40769676,ประกันภัยรถ
40769863,ปัญหาสังคม
40769863,เตือนภัย
40769863,ประกันสุขภาพ
40769863,ร้องทุกข์
40769863,คุ้มครองผู้บริโภค
40770162,คุ้มครองผู้บริโภค
40770162,ประกันภัยรถ
40771755,สินทรัพย์ (assets)
40771755,ประกันภัยรถ
40777302,โรงพยาบาลเอกชน
40777302,ประกันสุขภาพ
40777302,คุ้มครองผู้บริโภค
40777302,โรงพยาบาล
40780433,ประกันชีวิตสำหรับเด็กและทารก
40780433,ประกันสุขภาพสำหรับเด็กและทารก
40780433,ประกันสุขภาพ
40780433,สุขภาพเด็กและทารก
40780433,ธนาคารไทยพาณิชย์
40785381,เตือนภัย
40785381,ประกันสุขภาพ
40785381,ทนายความ
40785381,ร้องทุกข์
40785381,ประกันออนไลน์
40785672,การแพ้ยา
40785672,ประกันสุขภาพ
40785672,ประกันออนไลน์
40785672,วัคซีน (vaccine)
40787582,เตือนภัย
40787582,ประกันสุขภาพ
40787582,ร้องทุกข์
40787582,คุ้มครองผู้บริโภค
40787582,ประกันออนไลน์
40791962,สุขภาพกาย
40791962,ประกันสุขภาพ
40793174,ประกันสังคม
40793174,ประกันสุขภาพ
40793174,ทันตกรรม
40800372,สินเชื่อเพื่อที่อยู่อาศัย
40800372,ธนาคาร
40800372,ประกันสินเชื่อบ้าน
40800625,อุบัติเหตุ
40800625,รถยนต์
40800625,อุบัติเหตุบนท้องถนน
40800625,ประกันภัยรถ
40800625,คุ้มครองผู้บริโภค
40800805,ปัญหาชีวิต
40800805,โรคติดเชื้อไวรัสโคโรนาสายพันธุ์ใหม่ 2019 (covid-19)
40800805,หน้าต่างโลก
40800805,การเงิน
40800805,ประกันสุขภาพ
40801447,เตือนภัย
40801447,ประกันสุขภาพ
40801447,ร้องทุกข์
40801447,คุ้มครองผู้บริโภค
40801447,ประกันออนไลน์
40805223,ประกันภัยรถ
40805397,รถยนต์
40805397,toyota yaris
40805397,ประกันภัยรถ
40806216,ประกันสุขภาพ
40806216,ปัญหาชีวิต
40806919,อุบัติเหตุ
40806919,อู่ซ่อมรถ
40806919,อุบัติเหตุบนท้องถนน
40806919,ศูนย์บริการรถยนต์
40806919,ประกันภัยรถ
40808926,ประกันชีวิตสำหรับเด็กและทารก
40808926,ประกันภัยการเดินทาง
40808926,พนักงานขาย
40808926,ประกันสินเชื่อธุรกิจ
40808926,ประกันสังคม
40809499,รถยนต์
40809499,อู่ซ่อมรถ
40809499,พระราชบัญญัติจราจรทางบก (พ.ร.บ.จราจรทางบก)
40809499,อุบัติเหตุบนท้องถนน
40809499,ประกันภัยรถ
40811629,ประกันออนไลน์
40811629,ร้องทุกข์
40811629,ประกันสุขภาพ
40811629,คุ้มครองผู้บริโภค
40811844,ประกันสุขภาพ
40811844,ธนาคารกรุงไทย
40812096,ประกันชีวิตสำหรับเด็กและทารก
40812096,การเงิน
40812096,ประกันชีวิตสำหรับผู้สูงอายุ
40812096,คุ้มครองผู้บริโภค
40812096,ประกันออนไลน์
40814266,ประกันสำหรับผู้สูงอายุ
40814266,ประกันสุขภาพ
40814266,ประกันชีวิตสำหรับผู้สูงอายุ
40814266,ประกันออนไลน์
40814266,ประกันสุขภาพสำหรับผู้สูงอายุ
40817832,ประกันสุขภาพ
40817832,ประกันออนไลน์
40817832,โรคติดเชื้อไวรัสโคโรนาสายพันธุ์ใหม่ 2019 (covid-19)
40818061,ประกันสุขภาพ
40818061,กฎหมายชาวบ้าน
40818061,ร้องทุกข์
40818061,คุ้มครองผู้บริโภค
40818061,ประกันออนไลน์
40818109,ประกันสุขภาพ
40818109,ประกันออนไลน์
40819680,ใบรับรองแพทย์
40819680,ประกันสุขภาพ
40819680,ประกันออนไลน์
40819680,โรคติดเชื้อไวรัสโคโรนาสายพันธุ์ใหม่ 2019 (covid-19)
40819780,โรคติดต่อ
40819780,ประกันสุขภาพ
40819780,โรคติดเชื้อไวรัสโคโรนาสายพันธุ์ใหม่ 2019 (covid-19)
40819837,ประกันสุขภาพ
40819837,ธนาคารกรุงไทย
40819837,บัตรเอทีเอ็ม
40820856,ประกันสุขภาพ
40820856,ประกันออนไลน์
40821586,การเงิน
40821586,ประกันสุขภาพ
40821586,ร้องทุกข์
40821586,คุ้มครองผู้บริโภค
40821586,ประกันออนไลน์
40824134,เตือนภัย
40824134,ประกันสุขภาพ
40824134,ทนายความ
40824134,ร้องทุกข์
40824134,คุ้มครองผู้บริโภค
40824471,ร้องทุกข์
40824471,ประกันสุขภาพ
40824471,คุ้มครองผู้บริโภค
40825381,เตือนภัย
40825381,ประกันสุขภาพ
40825381,ประกันออนไลน์
40825394,ประกันสุขภาพ
40825394,ประกันออนไลน์
40825394,โรคติดเชื้อไวรัสโคโรนาสายพันธุ์ใหม่ 2019 (covid-19)
40826941,โรงพยาบาลเอกชน
40826941,ประกันสุขภาพ
40826941,ประกันออนไลน์
40826941,โรงพยาบาล
40827306,บัตรเครดิต
40827306,เตือนภัย
40827306,ประกันสุขภาพ
40827306,ธนาคาร
40827306,ประกันออนไลน์
40828489,สุขภาพเด็กและทารก
40828489,ประกันสุขภาพ
40828489,การเลี้ยงลูก
40828761,ประกันสำหรับผู้สูงอายุ
40828761,ประกันสุขภาพ
40828761,คุ้มครองผู้บริโภค
40828761,ประกันออนไลน์
40828761,ประกันสุขภาพสำหรับผู้สูงอายุ
40829875,คุ้มครองผู้บริโภค
40829875,ประกันชีวิตสำหรับผู้สูงอายุ
40831704,ประกันสุขภาพ
40831704,ประกันออนไลน์
40831704,โรงพยาบาล
40832666,ประกันสุขภาพ
40832985,ประกันสุขภาพ
40834494,ประกันสุขภาพ
40834494,ใบรับรองแพทย์
40834494,โรคติดเชื้อไวรัสโคโรนาสายพันธุ์ใหม่ 2019 (covid-19)
40835047,สุขภาพกาย
40835047,ประกันสุขภาพ
40835047,โรงพยาบาล
40835586,ประกันสุขภาพ
40835586,คุ้มครองผู้บริโภค
40835586,โรคติดเชื้อไวรัสโคโรนาสายพันธุ์ใหม่ 2019 (covid-19)
40835586,ประกันวินาศภัย
40836103,ประกันสุขภาพ
40836103,โรงพยาบาล
40838274,โรงพยาบาลเอกชน
40838274,ประกันสุขภาพ
40840363,ประกันสุขภาพ
40842623,ประกันสุขภาพ
40842623,ประกันออนไลน์
40844480,ประกันสุขภาพ
40844480,โรคติดเชื้อไวรัสโคโรนาสายพันธุ์ใหม่ 2019 (covid-19)
40844647,ประกันสำหรับผู้สูงอายุ
40844647,เตือนภัย
40844647,ประกันสุขภาพ
40844647,ร้องทุกข์
40844647,คุ้มครองผู้บริโภค
40844701,ร้องทุกข์
40844701,คุ้มครองผู้บริโภค
40844701,ประกันสุขภาพ
40844701,โรคติดเชื้อไวรัสโคโรนาสายพันธุ์ใหม่ 2019 (covid-19)
40844762,smk (หุ้น)
40844762,โรคติดเชื้อไวรัสโคโรนาสายพันธุ์ใหม่ 2019 (covid-19)
40844762,หุ้น
40844762,เศรษฐกิจ
40844762,ประกันสุขภาพ
40844792,ร้องทุกข์
40844792,ประกันสุขภาพ
40844876,ปัญหาสังคม
40844876,เศรษฐกิจ
40844876,ประกันวินาศภัย
40844895,ประกันสุขภาพ
40844895,โรคติดเชื้อไวรัสโคโรนาสายพันธุ์ใหม่ 2019 (covid-19)
40844940,ประกันสุขภาพ
40844940,คุ้มครองผู้บริโภค
40844952,ประกันสุขภาพ
40844952,หุ้น
40844952,การเงิน
40845213,โรคติดเชื้อไวรัสโคโรนาสายพันธุ์ใหม่ 2019 (covid-19)
40845213,หุ้น
40845213,เศรษฐกิจ
40845213,ประกันสุขภาพ
40845213,ประกันออนไลน์
40845590,โรคติดเชื้อไวรัสโคโรนาสายพันธุ์ใหม่ 2019 (covid-19)
40845590,โรคติดต่อ
40845590,เศรษฐกิจ
40845590,ประกันสุขภาพ
40845590,ประกันสุขภาพสำหรับผู้สูงอายุ
40845621,โรงพยาบาลเอกชน
40845621,ประกันสุขภาพ
40845621,โรคติดเชื้อไวรัสโคโรนาสายพันธุ์ใหม่ 2019 (covid-19)
40845656,ร้องทุกข์
40845656,ประกันสุขภาพ
40845656,คุ้มครองผู้บริโภค
40845656,โรคติดเชื้อไวรัสโคโรนาสายพันธุ์ใหม่ 2019 (covid-19)
40845766,ประกันสุขภาพ
40845766,ประกันออนไลน์
40845766,ปัญหาชีวิต
40847349,ร้องทุกข์
40847349,ประกันสุขภาพ
40847349,คุ้มครองผู้บริโภค
40847349,โรคติดเชื้อไวรัสโคโรนาสายพันธุ์ใหม่ 2019 (covid-19)
40847432,โรคติดต่อ
40847432,ประกันสุขภาพ
40847432,โรคติดเชื้อไวรัสโคโรนาสายพันธุ์ใหม่ 2019 (covid-19)
40847707,ประกันสุขภาพ
40847707,ประกันออนไลน์
40847707,โรคติดเชื้อไวรัสโคโรนาสายพันธุ์ใหม่ 2019 (covid-19)
40847969,ประกันสุขภาพ
40847969,โรคติดเชื้อไวรัสโคโรนาสายพันธุ์ใหม่ 2019 (covid-19)
40848315,ประกันภัยรถ
40848315,ประกันวินาศภัย
40848479,ร้องทุกข์
40848479,ประกันสุขภาพ
40848479,ประกันออนไลน์
40849004,โรคติดเชื้อไวรัสโคโรนาสายพันธุ์ใหม่ 2019 (covid-19)
40849004,ประกันภัยการเดินทาง
40849004,แผนการเดินทางและท่องเที่ยว
40849004,ประกันสำหรับผู้สูงอายุ
40849004,เที่ยวต่างประเทศ
40849112,เตือนภัย
40849112,คุ้มครองผู้บริโภค
40849112,นักคณิตศาสตร์ประกันภัย
40849112,ประกันภัยรถ
40850556,โรคติดเชื้อไวรัสโคโรนาสายพันธุ์ใหม่ 2019 (covid-19)
40850556,โรคติดต่อ
40850556,ประกันวินาศภัย
40850556,ประกันสุขภาพ
40850556,ประกันออนไลน์
40851023,ทะเบียนรถ
40851023,กรมการขนส่งทางบก
40851023,รถยนต์
40851023,ซ่อมบำรุงรถยนต์
40851023,ประกันภัยรถ
40853015,คุ้มครองผู้บริโภค
40853015,ประกันสุขภาพ
40853015,ประกันออนไลน์
40853015,กฎหมายชาวบ้าน
40853734,ประกันสุขภาพ
40854594,สินเชื่อเพื่อที่อยู่อาศัย
40854594,ธนาคาร
40854594,ประกันสินเชื่อบ้าน
40856492,สำนักงานหลักประกันสุขภาพแห่งชาติ (สปสช.)
40856492,ประกันสุขภาพ
40856492,ประกันออนไลน์
40858158,ประกันสุขภาพ
40858158,ประกันออนไลน์
40858513,ธุรกิจบริการ
40858513,ประกันสุขภาพ
40858513,ร้องทุกข์
40858513,คุ้มครองผู้บริโภค
40858513,ประกันออนไลน์
40860962,บัตรเครดิต
40860962,tapktc
40860962,ร้องทุกข์
40860962,คุ้มครองผู้บริโภค
40860962,ประกันออนไลน์
40861397,ประกันสุขภาพ
40861397,คุ้มครองผู้บริโภค
40861397,การเงิน
40862218,คุ้มครองผู้บริโภค
40862218,นักกฎหมาย
40862218,ประกันภัยรถ
40865030,ประกันสุขภาพ
40865262,การ์ตูนการเมือง
40865262,ประกันสุขภาพ
40865262,โรคติดเชื้อไวรัสโคโรนาสายพันธุ์ใหม่ 2019 (covid-19)
40865486,ประกันสุขภาพ
40865486,ร้องทุกข์
40865486,คุ้มครองผู้บริโภค
40865486,ใบรับรองแพทย์
40865486,โรงพยาบาล
40866730,ประกันสุขภาพ
40866730,โรคติดเชื้อไวรัสโคโรนาสายพันธุ์ใหม่ 2019 (covid-19)
40871728,ประกันสุขภาพ
40872679,รถยนต์
40872679,ประกันภัยรถ
40873540,โรคติดต่อ
40873540,ประกันสุขภาพ
40873540,โรงพยาบาล
40873850,ประกันสุขภาพ
40873850,ประกันภัยรถ
40873850,ประกันวินาศภัย
40874287,ประกันสุขภาพ
40874479,สินเชื่อเพื่อที่อยู่อาศัย
40874479,ประกันสินเชื่อบ้าน
40874479,กฎหมายชาวบ้าน
40874479,ร้องทุกข์
40874479,คุ้มครองผู้บริโภค
40875704,สุขภาพกาย
40875704,ประกันสุขภาพ
40875704,แพทย์
40875704,ประกันสังคม
40875704,โรงพยาบาล
40875923,ธนาคารกรุงเทพ
40875923,ประกันสุขภาพ
40876152,ประกันสุขภาพ
40876152,ประกันออนไลน์
40876156,โรคติดต่อ
40876156,ประกันสุขภาพ
40876156,โรงพยาบาล
40876232,ประกันสุขภาพ
40876232,สายอาชีพ
40876232,ประกันออนไลน์
40876232,ประกันสำหรับเด็กและทารก
40876385,ประกันสุขภาพ
40876937,ร้องทุกข์
40876937,ประกันสุขภาพ
40876937,คุ้มครองผู้บริโภค
40877563,ประกันสุขภาพ
40877563,โรคติดเชื้อไวรัสโคโรนาสายพันธุ์ใหม่ 2019 (covid-19)
40877835,ประกันภัยรถ
40879432,โรคติดต่อ
40879432,ประกันสุขภาพ
40879432,ธนาคารออมสิน
40879741,สำนักงานหลักประกันสุขภาพแห่งชาติ (สปสช.)
40879741,เตือนภัย
40879741,ประกันสุขภาพ
40879741,คุ้มครองผู้บริโภค
40879741,ประกันออนไลน์
40880482,mobile operator
40880482,ประกันสุขภาพ
40880482,truemove
40880482,truemove h
40880666,กฎหมายชาวบ้าน
40880666,ประกันสุขภาพ
40880666,ประกันออนไลน์
40880666,ใบรับรองแพทย์
40880676,โรคติดเชื้อไวรัสโคโรนาสายพันธุ์ใหม่ 2019 (covid-19)
40880676,หลักประกันสุขภาพถ้วนหน้า (บัตรทอง)
40880676,ศูนย์บริหารสถานการณ์การแพร่ระบาดของโรคติดเชื้อไวรัสโคโรนา 2019 (ศบค.)
40880676,โรงพยาบาลเอกชน
40880676,ประกันสุขภาพ
40882271,โรคติดต่อ
40882271,ประกันสุขภาพ
40882271,โรคติดเชื้อไวรัสโคโรนาสายพันธุ์ใหม่ 2019 (covid-19)
40882271,กระทรวงสาธารณสุข
40882699,ประกันสุขภาพ
40882699,โรคติดเชื้อไวรัสโคโรนาสายพันธุ์ใหม่ 2019 (covid-19)
40882699,ปัญหาครอบครัว
40882862,ประกันสุขภาพ
40883390,ประกันสุขภาพ
40883390,กฎหมายชาวบ้าน
40883390,ร้องทุกข์
40883390,คุ้มครองผู้บริโภค
40883390,ประกันออนไลน์
40883618,งานโรงพยาบาล
40883618,โรงพยาบาลเอกชน
40883618,ประกันสุขภาพ
40883618,คลับสุขภาพ
40883618,โรงพยาบาล
40885014,โรคติดเชื้อไวรัสโคโรนาสายพันธุ์ใหม่ 2019 (covid-19)
40885014,โรคติดต่อ
40885014,ประกันสุขภาพ
40885014,ประกันออนไลน์
40885014,ใบรับรองแพทย์
40885844,ประกันออนไลน์
40885844,ประกันสำหรับเด็กและทารก
40885844,โรคพร่องเอนไซม์ g-6-pd
40887170,นักกฎหมาย
40887170,เตือนภัย
40887170,ร้องทุกข์
40887170,คุ้มครองผู้บริโภค
40887170,ประกันออนไลน์
40888666,ประกันสุขภาพ
40889193,สินทรัพย์ (assets)
40889193,สำนักงานคณะกรรมการคุ้มครองผู้บริโภค (สคบ.)
40889193,ประกันสุขภาพ
40889193,ร้องทุกข์
40889193,คุ้มครองผู้บริโภค
40889288,สำนักงานคณะกรรมการคุ้มครองผู้บริโภค (สคบ.)
40889288,เตือนภัย
40889288,ร้องทุกข์
40889288,คุ้มครองผู้บริโภค
40889288,ประกันออนไลน์
40891824,ร้องทุกข์
40891824,คุ้มครองผู้บริโภค
40891824,ประกันออนไลน์
40891824,ประกันภัยรถ
40891896,โรงพยาบาลเอกชน
40891896,ประกันสุขภาพ
40892096,บัตรเอทีเอ็ม
40892096,ทันตกรรม
40892096,ประกันสุขภาพ
40892096,ใบรับรองแพทย์
40892096,ธนาคารกรุงไทย
40892194,โรคติดเชื้อไวรัสโคโรนาสายพันธุ์ใหม่ 2019 (covid-19)
40892194,โรคติดต่อ
40892194,ประกันสุขภาพ
40892194,คุ้มครองผู้บริโภค
40892194,ประกันออนไลน์
40893396,ประกันสุขภาพ
40893531,ประกันสุขภาพ
40894497,นักกฎหมาย
40894497,การเงิน
40894497,กฎหมายแพ่ง (civil law)
40894497,ประกันสุขภาพ
40894497,คุ้มครองผู้บริโภค
40894529,ประกันสุขภาพ
40894563,ประกันสุขภาพ
40897934,สินทรัพย์ (assets)
40897934,ประกันวินาศภัย
40897934,ประกันสุขภาพ
40897934,คุ้มครองผู้บริโภค
40897934,ประกันออนไลน์
40899155,คุ้มครองผู้บริโภค
40899155,ประกันสุขภาพ
40899474,ร้องทุกข์
40899474,ประกันสุขภาพ
40899474,ประกันออนไลน์
40899483,โรคติดต่อ
40899483,ประกันสุขภาพ
40899483,โรคติดเชื้อไวรัสโคโรนาสายพันธุ์ใหม่ 2019 (covid-19)
40899483,โรงพยาบาล
40899686,โรคติดเชื้อไวรัสโคโรนาสายพันธุ์ใหม่ 2019 (covid-19)
40899686,ประกันสุขภาพสำหรับผู้สูงอายุ
40899686,โรงพยาบาลเอกชน
40899686,ประกันสุขภาพ
40899686,โรงพยาบาล
40899785,ร้องทุกข์
40899785,ประกันออนไลน์
40899785,ประกันภัยรถ
40899916,ประกันสุขภาพ
40899916,ประกันออนไลน์
40899916,ประกันภัยรถ
40899916,ประกันวินาศภัย
40900656,เตือนภัย
40900656,ร้องทุกข์
40900656,ประกันสุขภาพ
40901313,ประกันออนไลน์
40901313,ประกันภัยรถ
40901313,ประกันวินาศภัย
40903111,โรคติดต่อ
40903111,ประกันสุขภาพ
40903111,ประกันออนไลน์
40904060,สินทรัพย์ (assets)
40904060,ประกันสุขภาพ
40904060,ประกันออนไลน์
40904390,ประกันสุขภาพ
40904646,ประกันสุขภาพ
40904872,ประกันสุขภาพ
40904872,โรคติดเชื้อไวรัสโคโรนาสายพันธุ์ใหม่ 2019 (covid-19)
40904872,สำนักงานคณะกรรมการคุ้มครองผู้บริโภค (สคบ.)
40904872,โรงพยาบาล
40905465,รถยนต์
40905465,ประกันภัยรถ
40905713,ประกันสุขภาพ
40905713,ประกันออนไลน์
40906190,ประกันสำหรับผู้สูงอายุ
40906190,ประกันสุขภาพ
40906190,ประกันออนไลน์
40906190,ประกันวินาศภัย
40906289,ประกันสุขภาพ
40907267,ประกันสุขภาพ
40907677,สินทรัพย์ (assets)
40907677,ประกันสุขภาพ
40908387,ประกันสุขภาพ
40909015,ร้องทุกข์
40909015,ประกันสุขภาพ
40909015,ประกันออนไลน์
40909041,ประกันวินาศภัย
40909041,เตือนภัย
40909041,ประกันสุขภาพ
40909041,ร้องทุกข์
40909041,คุ้มครองผู้บริโภค
40910283,คุ้มครองผู้บริโภค
40910283,ประกันสุขภาพ
40910283,ประกันออนไลน์
40912377,ร้องทุกข์
40912377,คุ้มครองผู้บริโภค
40912377,ประกันสุขภาพ
40912478,ประกันสุขภาพ
40912478,ประกันออนไลน์
40912655,ประกันสุขภาพ
40912655,ประกันวินาศภัย
40913424,ประกันสุขภาพ
40913726,ประกันภัยการเดินทาง
40913726,ประกันสุขภาพ
40913726,ประกันภัยรถ
40913726,ประกันออนไลน์
40913726,โรงพยาบาล
40913814,ประกันสุขภาพ
40914610,ประกันวินาศภัย
40914610,สำนักงานหลักประกันสุขภาพแห่งชาติ (สปสช.)
40914610,ประกันสุขภาพ
40914610,ประกันออนไลน์
40914610,ประกันสุขภาพสำหรับผู้สูงอายุ
40915984,ประกันสุขภาพ
40916608,ประกันสุขภาพ
40916608,ประกันออนไลน์
40916608,ประกันวินาศภัย
40917344,รถยนต์
40917344,toyota
40917344,พระราชบัญญัติจราจรทางบก (พ.ร.บ.จราจรทางบก)
40917344,ประกันภัยรถ
40917344,ประกันออนไลน์
40917904,ประกันสุขภาพสำหรับเด็กและทารก
40917904,ประกันสุขภาพ
40917904,ประกันออนไลน์
40917904,โรงพยาบาล
40918139,คุ้มครองผู้บริโภค
40918139,ประกันสุขภาพ
40918332,โรคติดต่อ
40918332,ประกันสุขภาพ
40918332,ร้องทุกข์
40918332,คุ้มครองผู้บริโภค
40918332,ประกันออนไลน์
40919033,สินทรัพย์ (assets)
40919033,สำนักงานคณะกรรมการคุ้มครองผู้บริโภค (สคบ.)
40919033,ประกันสุขภาพ
40919033,ร้องทุกข์
40919033,ประกันออนไลน์
40920226,ร้องทุกข์
40920226,คุ้มครองผู้บริโภค
40920226,ประกันออนไลน์
40920226,สำนักงานคณะกรรมการคุ้มครองผู้บริโภค (สคบ.)
40922747,คุ้มครองผู้บริโภค
40922747,ประกันภัยรถ
40922747,โรคติดเชื้อไวรัสโคโรนาสายพันธุ์ใหม่ 2019 (covid-19)
40922869,ร้องทุกข์
40922869,ประกันสุขภาพ
40922869,ประกันออนไลน์
40922971,ประกันภัยรถ
40923275,ประกันสุขภาพ
40923373,เตือนภัย
40923373,ร้องทุกข์
40923373,ประกันสุขภาพ
40923373,คุ้มครองผู้บริโภค
40924023,ประกันสังคม
40924023,ประกันสุขภาพ
40924023,โรคติดเชื้อไวรัสโคโรนาสายพันธุ์ใหม่ 2019 (covid-19)
40925376,สินทรัพย์ (assets)
40925376,ประกันสุขภาพ
40925376,ประกันออนไลน์
40927713,ร้องทุกข์
40927713,ประกันสุขภาพ
40927713,คุ้มครองผู้บริโภค
40929115,รถยนต์
40929115,ประกันภัยรถ
40929310,ประกันสุขภาพ
40929766,ประกันสุขภาพ
40929766,ประกันออนไลน์
40929807,โรคติดเชื้อไวรัสโคโรนาสายพันธุ์ใหม่ 2019 (covid-19)
40929807,ประกันสุขภาพ
40929807,ร้องทุกข์
40929807,คุ้มครองผู้บริโภค
40929807,ประกันออนไลน์
40931078,ประกันสุขภาพ
40931078,ประกันออนไลน์
40931397,ธนาคาร
40931397,ประกันสุขภาพ
40931397,ประกันออนไลน์
40931397,การเงิน
40932215,ประกันสุขภาพ
40935556,ประกันภัยรถ
40935915,ประกันออนไลน์
40935915,ประกันสำหรับผู้สูงอายุ
40935915,ประกันชีวิตสำหรับเด็กและทารก
40935915,ประกันชีวิตสำหรับผู้สูงอายุ
40935976,สินเชื่อเพื่อที่อยู่อาศัย
40935976,ธนาคารไทยพาณิชย์
40935976,ประกันสินเชื่อบ้าน
40936137,ประกันชีวิตสำหรับเด็กและทารก
40936137,ประกันสุขภาพสำหรับเด็กและทารก
40936137,ประกันสุขภาพ
40936137,ประกันชีวิตสำหรับผู้สูงอายุ
40936137,ประกันออนไลน์
40937204,การวางแผนการเงิน
40937204,โรงพยาบาลเอกชน
40937204,ประกันสุขภาพ
40937204,ประกันสุขภาพสำหรับผู้สูงอายุ
40937519,ประกันสุขภาพ
40937519,ประกันชีวิตสำหรับผู้สูงอายุ
40937519,ประกันสังคม
40937519,ประกันออนไลน์
40937519,ประกันสุขภาพสำหรับผู้สูงอายุ
40938175,ประกันออนไลน์
40938175,ประกันสุขภาพ
40938175,คุ้มครองผู้บริโภค
40938408,สำนักงานหลักประกันสุขภาพแห่งชาติ (สปสช.)
40938408,ประกันสุขภาพ
40938823,ประกันสุขภาพ
40938823,ประกันออนไลน์
40938974,ประกันภัยการเดินทาง
40938974,ประกันวินาศภัย
40938974,ประกันสุขภาพ
40938974,ประกันภัยรถ
40938974,ประกันออนไลน์
40939522,ร้องทุกข์
40939522,ประกันสุขภาพ
40939522,คุ้มครองผู้บริโภค
40939961,ประกันสุขภาพ
40941602,โรคติดต่อ
40941602,ประกันสุขภาพ
40941602,ประกันออนไลน์
40942708,ประกันสุขภาพ
40942908,รถยนต์
40942908,อุบัติเหตุบนท้องถนน
40942908,ประกันภัยรถ
40943279,สุขภาพกาย
40943279,ประกันสุขภาพ
40943279,ประกันสุขภาพสำหรับผู้สูงอายุ
40944832,ร้องทุกข์
40944832,ประกันสุขภาพ
40944832,คุ้มครองผู้บริโภค
40944884,ประกันสุขภาพ
40944884,ประกันออนไลน์
40944884,การเงิน
40944884,โรคติดเชื้อไวรัสโคโรนาสายพันธุ์ใหม่ 2019 (covid-19)
40944902,บัตรเครดิต
40944902,ประกันสุขภาพ
40944902,tapktc
40944902,คุ้มครองผู้บริโภค
40944902,ธนาคารกรุงไทย
40945852,ประกันสุขภาพ
40945852,ประกันออนไลน์
40946602,ประกันสุขภาพ
40946602,คุ้มครองผู้บริโภค
40946604,ร้องทุกข์
40946604,คุ้มครองผู้บริโภค
40946604,ประกันสุขภาพ
40946823,ประกันออนไลน์
40946823,ประกันสุขภาพ
40946823,คุ้มครองผู้บริโภค
40947548,รถยนต์
40947548,อู่ซ่อมรถ
40947548,ศูนย์บริการรถยนต์
40947548,ประกันภัยรถ
40947548,คุ้มครองผู้บริโภค
40950654,ประกันออนไลน์
40950654,ประกันสุขภาพ
40950654,คุ้มครองผู้บริโภค
40951689,โรคติดเชื้อไวรัสโคโรนาสายพันธุ์ใหม่ 2019 (covid-19)
40951689,ประกันสุขภาพ
40951689,ร้องทุกข์
40951689,คุ้มครองผู้บริโภค
40951689,ประกันออนไลน์
40951911,ประกันวินาศภัย
40951911,ประกันสุขภาพ
40951911,ประกันชีวิตสำหรับผู้สูงอายุ
40951911,ประกันออนไลน์
40951911,ประกันสุขภาพสำหรับผู้สูงอายุ
40952506,ประกันสุขภาพ
40952752,ประกันสุขภาพ
40952752,ประกันสำหรับผู้สูงอายุ
40952752,ประกันชีวิตสำหรับผู้สูงอายุ
40952752,โรงพยาบาล
40952832,ประกันสุขภาพ
40952832,ประกันออนไลน์
40953464,ประกันสำหรับผู้สูงอายุ
40953464,การเงิน
40953464,ประกันสุขภาพ
40953464,ประกันสำหรับเด็กและทารก
40953464,คุ้มครองผู้บริโภค
40954108,นักกฎหมาย
40954108,โรคติดเชื้อไวรัสโคโรนาสายพันธุ์ใหม่ 2019 (covid-19)
40954108,สำนักงานคณะกรรมการคุ้มครองผู้บริโภค (สคบ.)
40954108,ประกันสุขภาพ
40954108,ประกันออนไลน์
40954187,ประกันสุขภาพ
40954187,ประกันออนไลน์
40955089,สินทรัพย์ (assets)
40955089,สำนักงานคณะกรรมการคุ้มครองผู้บริโภค (สคบ.)
40955089,สำนักงานหลักประกันสุขภาพแห่งชาติ (สปสช.)
40955089,ประกันสุขภาพ
40955089,ประกันออนไลน์
40957862,ประกันสุขภาพ
40957892,ประกันสุขภาพ
40957892,การเงิน
40962363,ประกันสังคม
40962363,ประกันสุขภาพ
40962363,ธนาคารกรุงไทย
40962428,ประกันสุขภาพสำหรับเด็กและทารก
40962428,ประกันสำหรับผู้สูงอายุ
40962428,ประกันสุขภาพ
40962428,ประกันชีวิตสำหรับผู้สูงอายุ
40962428,ประกันสุขภาพสำหรับผู้สูงอายุ
40962539,โรคติดต่อ
40962539,คุ้มครองผู้บริโภค
40962539,ประกันออนไลน์
40962539,โรคติดเชื้อไวรัสโคโรนาสายพันธุ์ใหม่ 2019 (covid-19)
40962610,ประกันสุขภาพ
40963154,ประกันสุขภาพ
40963154,ภาคกลาง
40964474,ประกันสุขภาพ
40964474,คุ้มครองผู้บริโภค
40965228,ร้องทุกข์
40965228,ประกันสุขภาพ
40966816,โรคติดเชื้อไวรัสโคโรนาสายพันธุ์ใหม่ 2019 (covid-19)
40966816,สำนักงานหลักประกันสุขภาพแห่งชาติ (สปสช.)
40966816,ศูนย์บริหารสถานการณ์การแพร่ระบาดของโรคติดเชื้อไวรัสโคโรนา 2019 (ศบค.)
40966816,ประกันสุขภาพ
40966816,ประกันออนไลน์
40967387,ประกันสุขภาพ
40967387,คุ้มครองผู้บริโภค
40967387,การเงิน
40968792,ประกันสุขภาพ
40968792,คุ้มครองผู้บริโภค
40969576,สุขภาพกาย
40969576,ประกันสุขภาพ
40969576,คุ้มครองผู้บริโภค
40969576,กฎหมายชาวบ้าน
40972031,ประกันสุขภาพ
40972031,โรคติดเชื้อไวรัสโคโรนาสายพันธุ์ใหม่ 2019 (covid-19)
40974521,โรคติดต่อ
40974521,ประกันสุขภาพ
40974521,โรคติดเชื้อไวรัสโคโรนาสายพันธุ์ใหม่ 2019 (covid-19)
40974521,โรงพยาบาล
40974736,โรคติดเชื้อไวรัสโคโรนาสายพันธุ์ใหม่ 2019 (covid-19)
40974736,สำนักงานหลักประกันสุขภาพแห่งชาติ (สปสช.)
40974736,ประกันสุขภาพ
40974736,ประกันสังคม
40974736,ประกันออนไลน์
40974782,ประกันภัยรถ
40976508,ประกันออนไลน์
40976508,ร้องทุกข์
40976508,ประกันสุขภาพ
40976508,คุ้มครองผู้บริโภค
40976681,ประกันสุขภาพ
40976681,อินเทอร์เน็ต
40976681,คุ้มครองผู้บริโภค
40976681,โรคติดเชื้อไวรัสโคโรนาสายพันธุ์ใหม่ 2019 (covid-19)
40976990,สุขภาพกาย
40976990,ประกันสำหรับผู้สูงอายุ
40976990,ประกันชีวิตสำหรับผู้สูงอายุ
40978630,คุ้มครองผู้บริโภค
40978630,ประกันภัยรถ
40978630,สำนักงานคณะกรรมการคุ้มครองผู้บริโภค (สคบ.)
40979305,ประกันสุขภาพสำหรับเด็กและทารก
40979305,ประกันสุขภาพ
40979305,ประกันสำหรับเด็กและทารก
40979305,ประกันชีวิตสำหรับเด็กและทารก
40979608,ประกันภัยรถ
40980016,ประกันออนไลน์
40980016,การวางแผนการเงิน
40980016,ประกันสุขภาพ
40981143,ร้องทุกข์
40981143,ธนาคารไทยพาณิชย์
40981143,ประกันชีวิตสำหรับเด็กและทารก
40982763,ธนาคาร
40982763,ประกันสุขภาพ
40982763,ประกันออนไลน์
40982763,โรคติดเชื้อไวรัสโคโรนาสายพันธุ์ใหม่ 2019 (covid-19)
40983172,ร้องทุกข์
40983172,ประกันสุขภาพ
40983172,ประกันออนไลน์
40983973,ประกันสุขภาพ
40984433,อุบัติเหตุ
40984433,ประกันวินาศภัย
40984433,อุบัติเหตุบนท้องถนน
40984433,ประกันภัยรถ
40984433,ประกันออนไลน์
40984723,ประกันสุขภาพ
40985031,โรคติดต่อ
40985031,ประกันวินาศภัย
40985031,ประกันสุขภาพ
40985031,ไข้หวัด
40985031,ประกันออนไลน์
40985363,ประกันสุขภาพ
40985363,โรคติดเชื้อไวรัสโคโรนาสายพันธุ์ใหม่ 2019 (covid-19)
40989016,สำนักงานคณะกรรมการคุ้มครองผู้บริโภค (สคบ.)
40989016,line pay
40989016,ร้องทุกข์
40989016,คุ้มครองผู้บริโภค
40989016,ประกันออนไลน์
40989673,ร้องทุกข์
40989673,ประกันออนไลน์
40991665,รถยนต์
40991665,ประกันภัยรถ
40991665,ford
40991933,ประกันสุขภาพ
40991933,ประกันออนไลน์
40993201,อุบัติเหตุบนท้องถนน
40993201,อุบัติเหตุ
40993201,ประกันภัยรถ
40994069,ประกันสุขภาพ
40994069,คุ้มครองผู้บริโภค
40994069,ใบรับรองแพทย์
40994269,โรคติดต่อ
40994269,ประกันสุขภาพ
40994269,ใบรับรองแพทย์
40994269,โรงพยาบาล
40996384,เตือนภัย
40996384,ร้องทุกข์
40996384,ประกันสุขภาพ
41004598,โรงพยาบาลรัฐบาล
41004598,โรคติดเชื้อไวรัสโคโรนาสายพันธุ์ใหม่ 2019 (covid-19)
41004598,ประกันสุขภาพ
41004598,ประกันออนไลน์
41004598,โรงพยาบาล
41005944,ธนาคาร
41005944,ประกันสุขภาพ
41005944,ธนาคารกรุงศรีอยุธยา
41006470,โรคติดต่อ
41006470,ประกันสุขภาพ
41006470,ประกันสินเชื่อธุรกิจ
41006470,ประกันออนไลน์
41006470,โรงพยาบาล
41008765,สำนักงานหลักประกันสุขภาพแห่งชาติ (สปสช.)
41008765,ประกันสุขภาพ
41008765,คุ้มครองผู้บริโภค
41008765,สำนักงานคณะกรรมการคุ้มครองผู้บริโภค (สคบ.)
41010656,ประกันสุขภาพ
41010656,ประกันออนไลน์
41011714,ประกันสุขภาพ
41011714,ประกันสำหรับเด็กและทารก
41011876,ธนาคาร
41011876,ประกันออนไลน์
41011876,การเงิน
41011876,ประกันวินาศภัย
41013009,รถยนต์
41013009,ประกันภัยรถ
41014139,ประกันออนไลน์
41014139,ประกันสุขภาพ
41014139,คุ้มครองผู้บริโภค
41017761,โรคติดเชื้อไวรัสโคโรนาสายพันธุ์ใหม่ 2019 (covid-19)
41017761,ประกันสุขภาพ
41017761,ร้องทุกข์
41017761,คุ้มครองผู้บริโภค
41017761,ประกันออนไลน์
41019177,ประกันสำหรับผู้สูงอายุ
41019177,ประกันสุขภาพ
41019177,ประกันชีวิตสำหรับผู้สูงอายุ
41019177,ประกันสังคม
41019177,ประกันสุขภาพสำหรับผู้สูงอายุ
41019926,office syndrome
41019926,โรคกระเพาะ
41019926,โรงพยาบาลเอกชน
41019926,ประกันสุขภาพ
41019926,ประกันออนไลน์
41021243,เตือนภัย
41021243,ประกันสุขภาพ
41021243,กฎหมายชาวบ้าน
41021243,ร้องทุกข์
41021243,คุ้มครองผู้บริโภค
41023728,ประกันสุขภาพ
41023872,ประกันชีวิตสำหรับเด็กและทารก
41023872,ประกันสุขภาพ
41023872,ประกันสำหรับเด็กและทารก
41023872,ประกันชีวิตสำหรับผู้สูงอายุ
41023872,ประกันออนไลน์
41024891,เงินฝากระยะยาว
41024891,ร้องทุกข์
41024891,ประกันสินเชื่อธุรกิจ
41025252,ประกันออนไลน์
41025252,ประกันภัยรถ
41025252,สำนักงานคณะกรรมการคุ้มครองผู้บริโภค (สคบ.)
41025374,รถยนต์
41025374,ประกันภัยรถ
41025374,อู่ซ่อมรถ
41025908,สำนักงานหลักประกันสุขภาพแห่งชาติ (สปสช.)
41025908,โรงพยาบาลเอกชน
41025908,ประกันสุขภาพ
41026679,ประกันสุขภาพสำหรับเด็กและทารก
41026679,ประกันสุขภาพ
41026679,ประกันสำหรับเด็กและทารก
41026679,ประกันออนไลน์
41026679,ประกันสุขภาพสำหรับผู้สูงอายุ
41027599,ประกันสำหรับผู้สูงอายุ
41027599,ประกันสุขภาพ
41027599,ประกันภัยรถ
41027599,ประกันออนไลน์
41027599,ประกันสุขภาพสำหรับผู้สูงอายุ
41028337,เงินฝากออมทรัพย์
41028337,ประกันสุขภาพ
41028337,การออมเงิน
41030266,โรงพยาบาลเอกชน
41030266,ประกันสุขภาพ
41030266,การโฆษณา
41030266,ประกันออนไลน์
41030266,โรงพยาบาล
41031960,ประกันสุขภาพ
41031960,ประกันชีวิตสำหรับเด็กและทารก
41031960,คุ้มครองผู้บริโภค
41031999,ประกันสุขภาพ
41031999,การเงิน
41032087,เตือนภัย
41032087,ประกันชีวิตสำหรับผู้สูงอายุ
41032087,ร้องทุกข์
41032087,คุ้มครองผู้บริโภค
41032087,ประกันออนไลน์
41034699,ประกันสุขภาพ
41034699,ประกันออนไลน์
41035865,ร้องทุกข์
41035865,คุ้มครองผู้บริโภค
41035865,ประกันสุขภาพ
41035872,ประกันสุขภาพ
41037568,รถยนต์
41037568,อู่ซ่อมรถ
41037568,ศูนย์บริการรถยนต์
41037568,ประกันภัยรถ
41037568,ประกันออนไลน์
41038043,ประกันสุขภาพ
41038526,ประกันสุขภาพ
41038526,โรคติดเชื้อไวรัสโคโรนาสายพันธุ์ใหม่ 2019 (covid-19)
41038931,สำนักงานหลักประกันสุขภาพแห่งชาติ (สปสช.)
41038931,ประกันสุขภาพ
41038931,hiv (human immunodeficiency virus)
41038931,ประกันออนไลน์
41038931,โรงพยาบาล
41040439,บัตรเครดิต
41040439,ประกันสุขภาพ
41040439,ร้องทุกข์
41040439,คุ้มครองผู้บริโภค
41040439,ประกันออนไลน์
41043151,ประกันภัยรถ
41045280,รถยนต์
41045280,ประกันวินาศภัย
41045280,กฎหมายชาวบ้าน
41045280,ประกันภัยรถ
41045280,ร้องทุกข์
41046681,ประกันสุขภาพ
41047131,ธนาคาร
41047131,ประกันสุขภาพ
41047131,การเงิน
41047131,ธนาคารกรุงเทพ
41048502,ประกันสุขภาพ
41048502,คุ้มครองผู้บริโภค
41048590,ประกันสุขภาพ
41050494,ประกันภัยรถ
41052821,คุ้มครองผู้บริโภค
41052821,ประกันสุขภาพ
41052821,ประกันออนไลน์
41052821,กฎหมายชาวบ้าน
41053408,การเงิน
41053408,ธุรกรรมทางการเงิน
41053408,ประกันสุขภาพ
41053408,ร้องทุกข์
41053408,คุ้มครองผู้บริโภค
41053592,โรคหัวใจ
41053592,สุขภาพผู้สูงอายุ
41053592,ประกันสุขภาพ
41053592,โรงพยาบาลเอกชน
41053592,ประกันออนไลน์
41054353,บัตรเครดิต
41054353,เตือนภัย
41054353,ประกันสุขภาพ
41054353,ร้องทุกข์
41054353,คุ้มครองผู้บริโภค
41055205,โรงพยาบาลเอกชน
41055205,อุบัติเหตุบนท้องถนน
41055205,ประกันสุขภาพ
41055205,ประกันสังคม
41055205,โรงพยาบาล
41055338,อุบัติเหตุบนท้องถนน
41055338,คุ้มครองผู้บริโภค
41055338,ประกันภัยรถ
41055408,ประกันออนไลน์
41055408,ประกันสุขภาพ
41055408,คุ้มครองผู้บริโภค
41055408,โรคติดต่อ
41055688,มนุษย์เงินเดือน
41055688,โรคติดเชื้อไวรัสโคโรนาสายพันธุ์ใหม่ 2019 (covid-19)
41055688,กรมสวัสดิการและคุ้มครองแรงงาน
41055688,ร้องทุกข์
41055688,ประกันออนไลน์
41057194,โรคติดต่อ
41057194,ประกันสุขภาพ
41057194,ประกันออนไลน์
41057769,ประกันสุขภาพ
41057769,ร้องทุกข์
41057769,คุ้มครองผู้บริโภค
41057769,ใบรับรองแพทย์
41057769,โรงพยาบาล
41060829,เตือนภัย
41060829,ประกันสุขภาพ
41060829,ร้องทุกข์
41060829,คุ้มครองผู้บริโภค
41060829,โรงพยาบาล
41061936,ร้องทุกข์
41061936,คุ้มครองผู้บริโภค
41061936,ประกันออนไลน์
41061936,ประกันภัยรถ
41063911,รถตู้
41063911,รถยนต์
41063911,อุบัติเหตุบนท้องถนน
41063911,ประกันภัยรถ
41063911,อะไหล่รถ
41064018,ประกันสุขภาพ
41064064,ประกันสุขภาพ
41064064,โรคหมอนรองกระดูกทับเส้นประสาท
41064116,ประกันสังคม
41064116,ประกันสุขภาพ
41064116,โรคติดเชื้อไวรัสโคโรนาสายพันธุ์ใหม่ 2019 (covid-19)
41064116,ประกันวินาศภัย
41065477,ประกันสุขภาพ
41065477,การเงิน
41068344,ประกันสุขภาพสำหรับเด็กและทารก
41068344,ประกันสุขภาพ
41068344,ประกันชีวิตสำหรับผู้สูงอายุ
41068344,ประกันออนไลน์
41068344,ประกันสุขภาพสำหรับผู้สูงอายุ
41069923,ประกันภัยรถ
41070560,honda (รถยนต์)
41070560,รถยนต์
41070560,honda city
41070560,ศูนย์บริการรถยนต์
41070560,ประกันภัยรถ
41070741,ประกันสุขภาพ
41070741,ประกันชีวิตสำหรับผู้สูงอายุ
41070741,ร้องทุกข์
41070741,คุ้มครองผู้บริโภค
41070741,ประกันออนไลน์
41071046,ประกันสุขภาพ
41073582,ประกันสุขภาพ
41073582,ประกันออนไลน์
41075940,ประกันสุขภาพ
41078317,ประกันสังคม
41078317,ร้องทุกข์
41078317,ประกันสุขภาพ
41079252,ประกันสุขภาพ
41079252,กฎหมายชาวบ้าน
41081026,ร้องทุกข์
41081026,ประกันสุขภาพ
41081026,อุบัติเหตุบนท้องถนน
41081026,ประกันออนไลน์
41081733,การวางแผนการเงิน
41081733,ประกันสุขภาพ
41081733,การเงิน
41083399,ประกันสุขภาพสำหรับเด็กและทารก
41083399,ประกันสุขภาพ
41084364,การบริหารจัดการ
41084364,ประกันสุขภาพ
41084364,มนุษย์เงินเดือน
41084364,การวางแผนการเงิน
41085977,krungsri mobile app
41085977,บัตรเครดิต
41085977,เตือนภัย
41085977,ประกันสุขภาพ
41085977,ร้องทุกข์
41089815,ประกันภัยรถ
41090880,ประกันสินเชื่อบ้าน
41090880,ธนาคารซีไอเอ็มบีไทย
41090880,ทนายความ
41090880,คุ้มครองผู้บริโภค
41090880,ธนาคารแห่งประเทศไทย
41090942,ประกันสุขภาพ
41091247,ประกันสุขภาพ
41093383,ประกันสุขภาพ
41093383,ประกันชีวิตสำหรับผู้สูงอายุ
41093383,โรคมะเร็ง
41093383,ประกันออนไลน์
41093383,ประกันสุขภาพสำหรับผู้สูงอายุ
41093465,การออมเงิน
41093465,หลักประกันสุขภาพถ้วนหน้า (บัตรทอง)
41093465,การเงิน
41093465,ประกันสุขภาพ
41093465,ประกันสังคม
41096655,ประกันสุขภาพ
41096655,โรคติดเชื้อไวรัสโคโรนาสายพันธุ์ใหม่ 2019 (covid-19)
41097600,โรคติดเชื้อไวรัสโคโรนาสายพันธุ์ใหม่ 2019 (covid-19)
41097600,การเงิน
41097600,ประกันสุขภาพ
41097600,คุ้มครองผู้บริโภค
41097600,ประกันออนไลน์
41098284,ประกันสุขภาพ
41098355,สำนักงานคณะกรรมการคุ้มครองผู้บริโภค (สคบ.)
41098355,สำนักงานหลักประกันสุขภาพแห่งชาติ (สปสช.)
41098355,ประกันสุขภาพ
41098355,คลับสุขภาพ
41098355,ประกันออนไลน์
41098392,สินทรัพย์ (assets)
41098392,เตือนภัย
41098392,ร้องทุกข์
41098392,คุ้มครองผู้บริโภค
41098392,ประกันออนไลน์
41098408,โรคติดเชื้อไวรัสโคโรนาสายพันธุ์ใหม่ 2019 (covid-19)
41098408,โรคติดต่อ
41098408,กระทรวงสาธารณสุข
41098408,กฎหมายชาวบ้าน
41098408,ประกันสุขภาพ
41098419,การเงิน
41098419,เตือนภัย
41098419,ประกันสุขภาพ
41098419,ร้องทุกข์
41098419,คุ้มครองผู้บริโภค
41098938,สินเชื่อรถยนต์
41098938,ประกันภัยรถ
41098981,ประกันสุขภาพ
41098981,ประกันออนไลน์
41098981,กฎหมายชาวบ้าน
41099026,สินเชื่อรถยนต์
41099026,รถยนต์
41099026,ประกันภัยรถ
41099026,ประกันวินาศภัย
41099272,กฎหมายชาวบ้าน
41099272,การบริหารจัดการ
41099272,ร้องทุกข์
41099272,คุ้มครองผู้บริโภค
41099272,ประกันออนไลน์
41099519,ประกันออนไลน์
41099519,คุ้มครองผู้บริโภค
41099519,ประกันสุขภาพ
41099519,โรคติดเชื้อไวรัสโคโรนาสายพันธุ์ใหม่ 2019 (covid-19)
41099775,โรงพยาบาลรัฐบาล
41099775,โรคติดต่อ
41099775,โรงพยาบาลเอกชน
41099775,ประกันสุขภาพ
41099775,โรงพยาบาล
41099922,สินเชื่อรถยนต์
41099922,รถยนต์
41099922,ประกันภัยรถ
41099922,ภาษีรถยนต์
41100027,ประกันออนไลน์
41100027,ประกันภัยรถ
41100027,บัตรเครดิต
41101609,การบริหารจัดการ
41101609,คุ้มครองผู้บริโภค
41101609,ประกันสุขภาพ
41101609,การเงิน
41101843,คุ้มครองผู้บริโภค
41101843,ประกันสุขภาพ
41104973,นักกฎหมาย
41104973,โรคติดเชื้อไวรัสโคโรนาสายพันธุ์ใหม่ 2019 (covid-19)
41104973,กฎหมายพาณิชย์ (commercial law)
41104973,ประกันวินาศภัย
41104973,ประกันสุขภาพ
41107476,ประกันสุขภาพ
41110132,ประกันสำหรับผู้สูงอายุ
41110132,ร้องทุกข์
41110132,ประกันสุขภาพ
41110132,ประกันออนไลน์
41110541,โรคกระเพาะ
41110541,โรงพยาบาลเอกชน
41110541,ประกันสุขภาพ
41110541,ประกันสังคม
41110541,ประกันสุขภาพสำหรับผู้สูงอายุ
41111807,ปัญหาวัยรุ่น
41111807,ประกันสุขภาพ
41111807,มนุษย์เงินเดือน
41111807,หน่วยงานราชการ
41112839,ประกันสุขภาพ
41112839,ประกันออนไลน์
41117519,ประกันออนไลน์
41117519,ธนาคารกรุงศรีอยุธยา
41117519,บัตรเครดิต
41117689,ประกันสุขภาพ
41117689,ประกันออนไลน์
41117952,ประกันสุขภาพ
41118833,ประกันสุขภาพ
41119005,ประกันสุขภาพสำหรับผู้สูงอายุ
41119005,โรงพยาบาลเอกชน
41119005,ประกันสุขภาพ
41119005,ประกันออนไลน์
41119005,โรงพยาบาล
41120417,ประกันสุขภาพ
41120417,แพทย์
41120417,คลับสุขภาพ
41120417,ประกันออนไลน์
41120417,โรงพยาบาล
41122373,ประกันสุขภาพ
41122373,ประกันออนไลน์
41123175,ประกันสำหรับผู้สูงอายุ
41123175,ประกันสุขภาพ
41123175,ประกันออนไลน์
41123175,ประกันสุขภาพสำหรับผู้สูงอายุ
41125838,สำนักงานหลักประกันสุขภาพแห่งชาติ (สปสช.)
41125838,ประกันสุขภาพ
41128562,อู่ซ่อมรถ
41128562,กฎหมายชาวบ้าน
41128562,ประกันภัยรถ
41128562,ทนายความ
41128562,alfa romeo (รถยนต์)
41131965,บัตรเครดิต
41131965,เตือนภัย
41131965,ประกันสุขภาพ
41131965,ร้องทุกข์
41131965,คุ้มครองผู้บริโภค
41140236,อุบัติเหตุ
41140236,ประกันภัยรถ
41140236,ทนายความ
41142103,ร้องทุกข์
41142103,ประกันสุขภาพ
41142103,ทนายความ
41142818,ร้องทุกข์
41142818,ประกันภัยรถ
41143439,กฎหมายชาวบ้าน
41143439,อุบัติเหตุ
41143439,ประกันภัยรถ
41143439,ทนายความ
41143819,ประกันสุขภาพ
41143819,ประกันออนไลน์
41143819,ประกันภัยรถ
41147138,อุบัติเหตุบนท้องถนน
41147138,ประกันภัยรถ
41147138,อู่ซ่อมรถ
41147474,ประกันออนไลน์
41147474,ประกันสุขภาพ
41147474,คุ้มครองผู้บริโภค
41147474,การเงิน
41147620,ประกันสุขภาพ
41147620,วัยเกษียณ
41148323,คุ้มครองผู้บริโภค
41148323,ประกันออนไลน์
41148323,สำนักงานคณะกรรมการคุ้มครองผู้บริโภค (สคบ.)
41154877,ประกันภัยรถ
41155300,ประกันสุขภาพ
41155735,ร้องทุกข์
41155735,คุ้มครองผู้บริโภค
41155735,ประกันสุขภาพ
41155735,ประกันออนไลน์
41155760,ร้องทุกข์
41155760,ซ่อมบำรุงรถยนต์
41155760,ประกันภัยรถ
41155901,ร้องทุกข์
41155901,ประกันสุขภาพ
41157731,สินเชื่อเพื่อที่อยู่อาศัย
41157731,ธนาคารอาคารสงเคราะห์
41157731,ประกันสินเชื่อบ้าน
41158120,บัตรเครดิต
41158120,ธนาคารซิตี้แบงค์
41158120,ประกันสุขภาพ
41158120,ประกันภัยรถ
41158120,ประกันสังคม
41164510,สินเชื่อเพื่อที่อยู่อาศัย
41164510,ประกันสินเชื่อบ้าน
41164510,พินัยกรรม
41164510,กฎหมายชาวบ้าน
41164510,บ้าน
41164643,รถยนต์
41164643,คุ้มครองผู้บริโภค
41164643,อุบัติเหตุบนท้องถนน
41164643,ประกันภัยรถ
41165375,รถยนต์
41165375,อุบัติเหตุบนท้องถนน
41165375,ประกันภัยรถ
41165375,กฎหมายจราจร
41165375,คุ้มครองผู้บริโภค
41167621,สุขภาพกาย
41167621,สุขภาพจิต
41167621,ประกันสุขภาพ
41167621,ยา
41167621,โรงพยาบาล
41168685,ประกันภัยรถ
41171861,โรคติดเชื้อไวรัสโคโรนาสายพันธุ์ใหม่ 2019 (covid-19)
41171861,กฎหมายชาวบ้าน
41171861,ประกันสุขภาพ
41171861,ทนายความ
41171861,คุ้มครองผู้บริโภค
41172896,ประกันสุขภาพ
41172896,มนุษย์เงินเดือน
41174050,รถยนต์
41174050,ประกันภัยรถ
41177788,คุ้มครองผู้บริโภค
41177788,ประกันสุขภาพ
41178283,สินเชื่อเพื่อที่อยู่อาศัย
41178283,ประกันสินเชื่อบ้าน
41178283,บ้าน
41178283,บ้านเดี่ยว
41178283,อสังหาริมทรัพย์
41179200,ปัญหาสังคม
41179200,ประกันสุขภาพ
41179200,บัตรกดเงินสด
41179200,ร้องทุกข์
41179200,คุ้มครองผู้บริโภค
41179688,ปัญหาสังคม
41179688,ประกันสุขภาพ
41179688,ร้องทุกข์
41179688,คุ้มครองผู้บริโภค
41179688,ประกันออนไลน์
41179768,ประกันสุขภาพ
41179768,ประกันออนไลน์
41188645,โรคติดเชื้อไวรัสโคโรนาสายพันธุ์ใหม่ 2019 (covid-19)
41188645,โรงพยาบาลเอกชน
41188645,ประกันสุขภาพ
41188645,ใบรับรองแพทย์
41188645,โรงพยาบาล
41190185,ประกันสุขภาพ
41190185,ประกันภัยการเดินทาง
41191770,ร้องทุกข์
41191770,ประกันสุขภาพ
41191770,คุ้มครองผู้บริโภค
41191770,สำนักงานคณะกรรมการคุ้มครองผู้บริโภค (สคบ.)
41193356,ประกันสุขภาพ
41193667,ประกันสุขภาพสำหรับเด็กและทารก
41193667,ประกันสุขภาพ
41193667,ประกันสุขภาพสำหรับผู้สูงอายุ
41196134,ประกันสุขภาพ
41196134,ประกันสำหรับเด็กและทารก
41196134,ประกันออนไลน์
41196134,ประกันชีวิตสำหรับผู้สูงอายุ
41196964,สุขภาพกาย
41196964,ประกันสุขภาพ
41197582,ประกันสุขภาพ
41200918,โรงพยาบาลเอกชน
41200918,ประกันสุขภาพ
41200918,ประกันออนไลน์
41200918,โรคติดเชื้อไวรัสโคโรนาสายพันธุ์ใหม่ 2019 (covid-19)
41202185,โรคติดต่อ
41202185,ประกันสุขภาพ
41202185,คุ้มครองผู้บริโภค
41202185,สำนักงานคณะกรรมการคุ้มครองผู้บริโภค (สคบ.)
41203115,อุบัติเหตุบนท้องถนน
41203115,พระราชบัญญัติจราจรทางบก (พ.ร.บ.จราจรทางบก)
41203115,ประกันภัยรถ
41203302,โรคติดต่อ
41203302,ร้องทุกข์
41203302,ประกันสุขภาพ
41203302,คุ้มครองผู้บริโภค
41203727,โรคติดต่อ
41203727,คุ้มครองผู้บริโภค
41203727,ประกันสุขภาพ
41203727,ประกันชีวิตสำหรับผู้สูงอายุ
41205101,ประกันออนไลน์
41205101,ประกันสุขภาพ
41205101,คุ้มครองผู้บริโภค
41205101,ธุรกรรมทางการเงิน
41207667,ประกันออนไลน์
41207667,บัตรเครดิต
41208024,โรงพยาบาลเอกชน
41208024,ประกันสุขภาพ
41208024,สำนักงานคณะกรรมการคุ้มครองผู้บริโภค (สคบ.)
41208024,โรงพยาบาล
41208195,สุขภาพกาย
41208195,ประกันสุขภาพ
41208195,เตือนภัย
41208195,โรงพยาบาล
41208721,การบริหารจัดการ
41208721,การลงทุน
41208721,ประกันชีวิตสำหรับผู้สูงอายุ
41208953,นักกฎหมาย
41208953,การเงิน
41208953,กฎหมายชาวบ้าน
41208953,ประกันสุขภาพ
41208953,ร้องทุกข์
41209370,โรคติดเชื้อไวรัสโคโรนาสายพันธุ์ใหม่ 2019 (covid-19)
41209370,ประกันสุขภาพ
41209370,คุ้มครองผู้บริโภค
41209370,ประกันออนไลน์
41209370,โรงพยาบาล
41210666,คุ้มครองผู้บริโภค
41210666,ประกันภัยการเดินทาง
41214502,ประกันสุขภาพ
41214502,ประกันออนไลน์
41214502,วัคซีน (vaccine)
41216447,รถยนต์
41216447,honda city
41216447,ประกันภัยรถ
41218299,โรงพยาบาลเอกชน
41218299,ประกันสุขภาพ
41219410,บัตรเครดิต
41219410,ธนาคารกรุงศรีอยุธยา
41219410,ร้องทุกข์
41219410,คุ้มครองผู้บริโภค
41219410,ประกันออนไลน์
41221449,ประกันสุขภาพ
41224409,สำนักงานคณะกรรมการคุ้มครองผู้บริโภค (สคบ.)
41224409,ประกันวินาศภัย
41224409,ประกันภัยรถ
41224409,คุ้มครองผู้บริโภค
41224409,ประกันออนไลน์
41225129,ธนาคาร
41225129,ประกันสุขภาพ
41225129,บัตรเดบิต
41225129,คุ้มครองผู้บริโภค
41225129,ธนาคารกรุงไทย
41225906,บัตรเครดิต
41225906,ธนาคาร
41225906,ธนาคารกรุงศรีอยุธยา
41225906,คุ้มครองผู้บริโภค
41225906,ประกันออนไลน์
41227910,ประกันสุขภาพ
41228050,อู่ซ่อมรถ
41228050,รถกระบะ
41228050,ประกันภัยรถ
41228050,คุ้มครองผู้บริโภค
41228050,ประกันออนไลน์
41228497,บัตรเอทีเอ็ม
41228497,การเงิน
41228497,ธนาคาร
41228497,ประกันออนไลน์
41228497,ธนาคารกรุงไทย
41230349,ประกันสุขภาพ
41230349,ร้องทุกข์
41230349,คุ้มครองผู้บริโภค
41230349,ประกันออนไลน์
41230349,โรงพยาบาล
41231309,ประกันสังคม
41231309,ประกันภัยการเดินทาง
41231309,ประกันชีวิตสำหรับเด็กและทารก
41231309,ประกันวินาศภัย
41231784,ประกันสุขภาพ
41231784,มนุษย์เงินเดือน
41231784,ประกันสุขภาพสำหรับผู้สูงอายุ
41231909,ร้องทุกข์
41231909,คุ้มครองผู้บริโภค
41231909,ประกันวินาศภัย
41233646,หลักประกันสุขภาพถ้วนหน้า (บัตรทอง)
41233646,รัฐวิสาหกิจ
41233646,ประกันสุขภาพ
41233646,สมาพันธ์แรงงานรัฐวิสาหกิจสัมพันธ์ (สรส.)
41233646,โรงพยาบาล
41234054,นักกฎหมาย
41234054,เตือนภัย
41234054,ประกันสุขภาพ
41234054,ร้องทุกข์
41234054,คุ้มครองผู้บริโภค
41234224,โรคติดต่อ
41234224,ประกันสุขภาพ
41234224,คุ้มครองผู้บริโภค
41235080,ประกันสุขภาพ
41235080,กฎหมายชาวบ้าน
41235080,แพทย์
41235080,โรคมะเร็ง
41235080,คุ้มครองผู้บริโภค
41236602,สำนักงานประกันสังคม
41236602,สำนักงานหลักประกันสุขภาพแห่งชาติ (สปสช.)
41236602,ประกันสุขภาพ
41236602,ประกันสังคม
41236602,ประกันออนไลน์
41238075,บัตรเครดิต
41238075,เตือนภัย
41238075,ประกันสุขภาพ
41238075,ร้องทุกข์
41238075,ประกันออนไลน์
41241371,คุ้มครองผู้บริโภค
41241371,ร้องทุกข์
41241371,ประกันสุขภาพ
41241371,ประกันออนไลน์
41241608,อู่ซ่อมรถ
41241608,ประกันภัยรถ
41241608,ประกันวินาศภัย
41242403,ประกันสุขภาพสำหรับเด็กและทารก
41242403,ประกันสุขภาพ
41242403,ประกันสำหรับเด็กและทารก
41242403,ประกันชีวิตสำหรับเด็กและทารก
41243381,อุบัติเหตุ
41243381,รถยนต์
41243381,อู่ซ่อมรถ
41243381,ทนายความ
41243381,ประกันออนไลน์
41245144,ประกันสุขภาพ
41245144,สำนักงานคณะกรรมการคุ้มครองผู้บริโภค (สคบ.)
41245144,โรคติดเชื้อไวรัสโคโรนาสายพันธุ์ใหม่ 2019 (covid-19)
41246253,โรคติดต่อ
41246253,ประกันสุขภาพ
41246253,คุ้มครองผู้บริโภค
41246253,ประกันออนไลน์
41247585,ประกันสุขภาพ
41248111,ประกันสุขภาพ
41248111,ประกันออนไลน์
41248851,คุ้มครองผู้บริโภค
41248851,สำนักงานคณะกรรมการคุ้มครองผู้บริโภค (สคบ.)
41248851,ประกันภัยรถ
41248961,ประกันออนไลน์
41248961,บัตรเครดิต
41248961,ธนาคารกรุงศรีอยุธยา
41251197,การลงทุน
41251197,นักลงทุน
41251197,หุ้น
41251197,ประกันออนไลน์
41252285,ประกันสุขภาพ
41252285,ปัญหาสังคม
41252285,คุ้มครองผู้บริโภค
41252285,คลับสุขภาพ
41255025,มอเตอร์ไซค์
41255025,ประกันภัยรถ
41255882,สุขภาพกาย
41255882,ประกันสุขภาพ
41255882,คุ้มครองผู้บริโภค
41255882,โรคติดเชื้อไวรัสโคโรนาสายพันธุ์ใหม่ 2019 (covid-19)
41257517,อุบัติเหตุ
41257517,รถยนต์
41257517,ประกันภัยรถ
41257517,ประกันออนไลน์
41257517,ดูแลรักษารถยนต์
41259559,ประกันสุขภาพ
41261300,กระทรวงสาธารณสุข
41261300,ประกันสุขภาพ
41261300,โรคติดเชื้อไวรัสโคโรนาสายพันธุ์ใหม่ 2019 (covid-19)
41262164,รถยนต์
41262164,ประกันออนไลน์
41262164,การเงิน
41262164,ประกันภัยรถ
41262174,ประกันสำหรับผู้สูงอายุ
41262174,เตือนภัย
41262174,ประกันสุขภาพ
41262174,ร้องทุกข์
41262174,คุ้มครองผู้บริโภค
41262282,ซ่อมบำรุงรถยนต์
41262282,ศูนย์บริการรถยนต์
41262282,ประกันภัยรถ
41262282,สินเชื่อรถยนต์
41262282,เมาไม่ขับ
41262724,ประกันสุขภาพ
41262724,ประกันออนไลน์
41263558,สินเชื่อเพื่อที่อยู่อาศัย
41263558,ประกันวินาศภัย
41263558,กฎหมายชาวบ้าน
41263558,อสังหาริมทรัพย์
41263558,คุ้มครองผู้บริโภค
41263809,การเงิน
41263809,ประกันสุขภาพ
41263809,ธนาคาร
41263809,ประกันสังคม
41263809,คุ้มครองผู้บริโภค
41266971,โรคติดเชื้อไวรัสโคโรนาสายพันธุ์ใหม่ 2019 (covid-19)
41266971,ประกันสุขภาพ
41266971,ร้องทุกข์
41266971,คุ้มครองผู้บริโภค
41266971,ประกันออนไลน์
41267299,ประกันสุขภาพ
41267299,ปัญหาสังคม
41267299,ประกันสำหรับผู้สูงอายุ
41267299,ประกันสุขภาพสำหรับผู้สูงอายุ
41268621,รถยนต์
41268621,ศูนย์บริการรถยนต์
41268621,ประกันภัยรถ
41268621,อู่ซ่อมรถ
41268804,สุขภาพกาย
41268804,ประกันสุขภาพ
41268804,ประกันออนไลน์
41272114,เตือนภัย
41272114,ร้องทุกข์
41272114,ประกันสุขภาพ
41273971,ร้องทุกข์
41273971,คุ้มครองผู้บริโภค
41273971,ประกันสุขภาพ
41273971,การเงิน
41275693,อู่ซ่อมรถ
41275693,ประกันภัยรถ
41275693,ร้องทุกข์
41275693,คุ้มครองผู้บริโภค
41275693,suzuki (รถยนต์)
41275725,ประกันสุขภาพ
41275725,ประกันออนไลน์
41275725,ประกันวินาศภัย
41276617,ประกันสุขภาพ
41276617,ประกันสำหรับเด็กและทารก
41276617,ใบรับรองแพทย์
41276617,โรงพยาบาล
41276791,ประกันสุขภาพ
41277001,ประกันสุขภาพ
41277001,ประกันออนไลน์
41278811,สุขภาพกาย
41278811,ประกันสุขภาพ
41278811,โรงพยาบาล
41279568,ประกันสุขภาพ
41279568,ประกันวินาศภัย
41281196,ประกันภัยรถ
41281226,ประกันสุขภาพ
41281226,คุ้มครองผู้บริโภค
41281226,โรคติดเชื้อไวรัสโคโรนาสายพันธุ์ใหม่ 2019 (covid-19)
41282429,ปัญหาชีวิต
41282429,โรคติดเชื้อไวรัสโคโรนาสายพันธุ์ใหม่ 2019 (covid-19)
41282429,ปัญหาสังคม
41282429,ศูนย์บริหารสถานการณ์การแพร่ระบาดของโรคติดเชื้อไวรัสโคโรนา 2019 (ศบค.)
41282429,ประกันสุขภาพ
41282503,ประกันสุขภาพ
41282503,ประกันสำหรับเด็กและทารก
41282503,ร้องทุกข์
41282503,คุ้มครองผู้บริโภค
41282503,ประกันออนไลน์
41282577,ประกันสุขภาพ
41282577,ประกันออนไลน์
41283097,ประกันสุขภาพ
41283750,กระทรวงสาธารณสุข
41283750,ประกันสุขภาพ
41283750,โรคติดเชื้อไวรัสโคโรนาสายพันธุ์ใหม่ 2019 (covid-19)
41284053,ประกันภัยรถ
41284433,ร้องทุกข์
41284433,คุ้มครองผู้บริโภค
41284433,ประกันสุขภาพ
41284700,ประกันสุขภาพ
41284700,ประกันสำหรับผู้สูงอายุ
41284700,โรคติดเชื้อไวรัสโคโรนาสายพันธุ์ใหม่ 2019 (covid-19)
41285886,ประกันสุขภาพ
41285886,ประกันออนไลน์
41285886,ประกันสินเชื่อธุรกิจ
41287928,ประกันชีวิตสำหรับเด็กและทารก
41287928,ประกันสุขภาพสำหรับเด็กและทารก
41287928,ประกันสุขภาพ
41287928,ประกันสำหรับเด็กและทารก
41287928,ประกันออนไลน์
41288530,โรคติดเชื้อไวรัสโคโรนาสายพันธุ์ใหม่ 2019 (covid-19)
41288530,สุขภาพกาย
41288530,ประกันสุขภาพ
41288530,ยา
41288530,โรงพยาบาล
41289485,สำนักงานคณะกรรมการคุ้มครองผู้บริโภค (สคบ.)
41289485,โรคติดเชื้อไวรัสโคโรนาสายพันธุ์ใหม่ 2019 (covid-19)
41289485,กระทรวงสาธารณสุข
41289485,ประกันสุขภาพ
41289485,คุ้มครองผู้บริโภค
41290442,ประกันสุขภาพ
41290442,คุ้มครองผู้บริโภค
41291438,รถยนต์
41291438,ประกันภัยรถ
41291555,ประกันออนไลน์
41291555,ธนาคาร
41291555,บัตรเครดิต
41291555,การเงิน
41292386,ประกันสุขภาพ
41292840,อุบัติเหตุ
41292840,รถยนต์
41292840,เตือนภัย
41292840,อุบัติเหตุบนท้องถนน
41292840,ประกันภัยรถ
41292857,ประกันวินาศภัย
41292857,สำนักงานประกันสังคม
41292857,สำนักงานหลักประกันสุขภาพแห่งชาติ (สปสช.)
41292857,ประกันสุขภาพ
41292857,ประกันออนไลน์
41295072,ประกันสุขภาพ
41295134,โรคติดเชื้อไวรัสโคโรนาสายพันธุ์ใหม่ 2019 (covid-19)
41295134,ประกันสุขภาพ
41295134,ร้องทุกข์
41295134,คุ้มครองผู้บริโภค
41295134,ประกันออนไลน์
41295165,โรคติดเชื้อไวรัสโคโรนาสายพันธุ์ใหม่ 2019 (covid-19)
41295165,ประกันสุขภาพ
41295165,ร้องทุกข์
41295165,คุ้มครองผู้บริโภค
41295165,ประกันออนไลน์
41295236,ประกันสุขภาพ
41295236,ประกันออนไลน์
41295808,สุขภาพกาย
41295808,ประกันสุขภาพ
41295808,คุ้มครองผู้บริโภค
41295808,ประกันออนไลน์
41295893,ประกันสุขภาพ
41296266,ประกันสุขภาพ
41296266,ประกันออนไลน์
41296484,ประกันสุขภาพ
41296863,ร้องทุกข์
41296863,ประกันสุขภาพ
41296863,คุ้มครองผู้บริโภค
41296863,ประกันวินาศภัย
41297020,ร้องทุกข์
41297020,ประกันสุขภาพ
41297020,ประกันออนไลน์
41297477,ประกันสุขภาพสำหรับเด็กและทารก
41297477,ประกันสุขภาพ
41297477,ร้องทุกข์
41297477,คุ้มครองผู้บริโภค
41297477,ประกันสุขภาพสำหรับผู้สูงอายุ
41297746,ประกันสุขภาพ
41297746,ร้องทุกข์
41297746,คุ้มครองผู้บริโภค
41297746,ประกันออนไลน์
41297746,ประกันสุขภาพสำหรับผู้สูงอายุ
41298309,ประกันสุขภาพ
41298353,สำนักงานหลักประกันสุขภาพแห่งชาติ (สปสช.)
41298353,ร้องทุกข์
41298353,คุ้มครองผู้บริโภค
41298353,ประกันสุขภาพ
41298584,ประกันสุขภาพ
41298584,ประกันออนไลน์
41298584,ประกันภัยรถ
41299191,ธนาคารกรุงศรีอยุธยา
41299191,ประกันภัยรถ
41299674,อุบัติเหตุ
41299674,ซ่อมบำรุงรถยนต์
41299674,อู่ซ่อมรถ
41299674,ศูนย์บริการรถยนต์
41299674,ประกันภัยรถ
41299689,โรคติดเชื้อไวรัสโคโรนาสายพันธุ์ใหม่ 2019 (covid-19)
41299689,ประกันสุขภาพ
41299689,ร้องทุกข์
41299689,คุ้มครองผู้บริโภค
41299689,โรงพยาบาล
41299738,ประกันสุขภาพ
41299738,ประกันออนไลน์
41299925,ร้องทุกข์
41299925,ประกันสุขภาพ
41299925,คุ้มครองผู้บริโภค
41299925,โรคติดเชื้อไวรัสโคโรนาสายพันธุ์ใหม่ 2019 (covid-19)
41300710,ประกันออนไลน์
41300710,คุ้มครองผู้บริโภค
41300710,ประกันสุขภาพ
41301486,ประกันสุขภาพ
41301486,ประกันออนไลน์
41301611,ประกันสุขภาพ
41301611,ประกันออนไลน์
41301611,การเงิน
41301611,โรคติดเชื้อไวรัสโคโรนาสายพันธุ์ใหม่ 2019 (covid-19)
41301672,สุขภาพกาย
41301672,ประกันสุขภาพ
41301672,โรงพยาบาล
41302738,ประกันสุขภาพ
41303131,ประกันสุขภาพ
41303344,คุ้มครองผู้บริโภค
41303344,ประกันสุขภาพ
41303344,ประกันออนไลน์
41303703,ประกันสุขภาพ
41303703,โรคติดเชื้อไวรัสโคโรนาสายพันธุ์ใหม่ 2019 (covid-19)
41304017,ประกันสุขภาพ
41304117,คุ้มครองผู้บริโภค
41304117,ประกันสุขภาพ
41304117,ประกันออนไลน์
41304383,โรคติดต่อ
41304383,ประกันวินาศภัย
41304383,ประกันสุขภาพ
41304383,ร้องทุกข์
41304383,คุ้มครองผู้บริโภค
41305424,สุขภาพกาย
41305424,ประกันสุขภาพ
41305424,คลับสุขภาพ
41305928,สำนักงานหลักประกันสุขภาพแห่งชาติ (สปสช.)
41305928,ประกันสุขภาพ
41305928,คุ้มครองผู้บริโภค
41305949,สำนักงานหลักประกันสุขภาพแห่งชาติ (สปสช.)
41305949,ประกันสุขภาพ
41305949,คุ้มครองผู้บริโภค
41305949,สำนักงานคณะกรรมการคุ้มครองผู้บริโภค (สคบ.)
41306049,สุขภาพกาย
41306049,ประกันสุขภาพ
41306130,ประกันสุขภาพ
41306659,เตือนภัย
41306659,คุ้มครองผู้บริโภค
41306659,ประกันสุขภาพ
41306659,ประกันออนไลน์
41307109,ประกันสุขภาพ
41307109,โรคติดเชื้อไวรัสโคโรนาสายพันธุ์ใหม่ 2019 (covid-19)
41307226,การเงิน
41307226,อู่ซ่อมรถ
41307226,ประกันภัยรถ
41307226,การบริหารจัดการ
41307226,คุ้มครองผู้บริโภค
41307959,ประกันสังคม
41307959,นักคณิตศาสตร์ประกันภัย
41307959,ประกันภัยรถ
41307959,ประกันภัยการเดินทาง
41307989,ร้องทุกข์
41307989,คุ้มครองผู้บริโภค
41307989,ประกันสุขภาพ
41307989,ประกันออนไลน์
41308600,ประกันสุขภาพ
41308904,โรคติดต่อ
41308904,ประกันสุขภาพ
41308904,ใบรับรองแพทย์
41308904,โรงพยาบาล
41309783,ประกันออนไลน์
41309783,ประกันสุขภาพ
41309783,คุ้มครองผู้บริโภค
41309783,โรคติดเชื้อไวรัสโคโรนาสายพันธุ์ใหม่ 2019 (covid-19)
41309907,isuzu d-max
41309907,อู่ซ่อมรถ
41309907,รถกระบะ
41309907,ศูนย์บริการรถยนต์
41309907,ประกันภัยรถ
41310126,ประกันสุขภาพ
41310126,โรคติดเชื้อไวรัสโคโรนาสายพันธุ์ใหม่ 2019 (covid-19)
41310137,ประกันออนไลน์
41310137,ประกันสุขภาพ
41310137,คุ้มครองผู้บริโภค
41310137,โรคติดเชื้อไวรัสโคโรนาสายพันธุ์ใหม่ 2019 (covid-19)
41310752,สำนักงานคณะกรรมการคุ้มครองผู้บริโภค (สคบ.)
41310752,ประกันสุขภาพ
41310752,ร้องทุกข์
41310752,คุ้มครองผู้บริโภค
41310752,ประกันออนไลน์
41310828,ประกันสุขภาพ
41310828,ทนายความ
41310828,ร้องทุกข์
41310828,คุ้มครองผู้บริโภค
41310828,โรงพยาบาล
41311145,ประกันสุขภาพ
41311150,สุขภาพกาย
41311150,ประกันสุขภาพ
41311177,ประกันสุขภาพ
41311325,สำนักงานหลักประกันสุขภาพแห่งชาติ (สปสช.)
41311325,ประกันสุขภาพ
41311325,ประกันออนไลน์
41311325,ประกันภัยรถ
41312479,ประกันสุขภาพ
41312974,ภาษีมูลค่าเพิ่ม
41312974,ประกันสุขภาพ
41312974,ภาษีนิติบุคคล
41313009,ประกันสุขภาพ
41313009,คุ้มครองผู้บริโภค
41313009,สำนักงานคณะกรรมการคุ้มครองผู้บริโภค (สคบ.)
41313336,ประกันสุขภาพ
41313336,ประกันออนไลน์
41313713,มนุษย์เงินเดือน
41313713,ประกันสุขภาพ
41313713,งานราชการ
41313885,โรงพยาบาลเอกชน
41313885,ประกันสุขภาพ
41313885,โรงพยาบาลรัฐบาล
41313885,โรงพยาบาล
41313993,ประกันสุขภาพ
41313993,โรคติดเชื้อไวรัสโคโรนาสายพันธุ์ใหม่ 2019 (covid-19)
41314054,โรงพยาบาลเอกชน
41314054,ประกันสุขภาพ
41314054,โรงพยาบาล
41314609,ประกันสุขภาพสำหรับเด็กและทารก
41314609,ประกันสุขภาพ
41314812,ร้องทุกข์
41314812,ประกันสุขภาพ
41314812,โรคติดเชื้อไวรัสโคโรนาสายพันธุ์ใหม่ 2019 (covid-19)
41315730,โรคติดต่อ
41315730,ประกันสุขภาพ
41315730,โรคติดเชื้อไวรัสโคโรนาสายพันธุ์ใหม่ 2019 (covid-19)
41316780,ร้องทุกข์
41316780,ประกันสุขภาพ
41316780,คุ้มครองผู้บริโภค
41316931,เตือนภัย
41316931,ประกันสุขภาพ
41316931,ร้องทุกข์
41316931,คุ้มครองผู้บริโภค
41316931,โรงพยาบาล
41317313,ประกันสุขภาพ
41317313,โรงพยาบาลรัฐบาล
41317722,คุ้มครองผู้บริโภค
41317722,ประกันสุขภาพ
41317722,บัตรเครดิต
41317722,ธนาคารกรุงศรีอยุธยา
41318397,ประกันสุขภาพ
41318397,โรคติดเชื้อไวรัสโคโรนาสายพันธุ์ใหม่ 2019 (covid-19)
41318548,ประกันสุขภาพ
41319090,เตือนภัย
41319090,ประกันสุขภาพ
41319090,คุ้มครองผู้บริโภค
41319090,ประกันวินาศภัย
41320407,ร้องทุกข์
41320407,ประกันสุขภาพ
41320407,คุ้มครองผู้บริโภค
41320517,ประกันสุขภาพ
41320647,ประกันภัยรถ
41321311,ประกันสุขภาพ
41321311,โรคติดเชื้อไวรัสโคโรนาสายพันธุ์ใหม่ 2019 (covid-19)
41321384,ประกันสุขภาพ
41321384,คุ้มครองผู้บริโภค
41322210,รถยนต์
41322210,ประกันภัยรถ
41322543,ประกันภัยรถ
41322976,ประกันสุขภาพ
41322976,โรคติดเชื้อไวรัสโคโรนาสายพันธุ์ใหม่ 2019 (covid-19)
41324281,ประกันสุขภาพ
41324506,โรคติดเชื้อไวรัสโคโรนาสายพันธุ์ใหม่ 2019 (covid-19)
41324506,สุขภาพกาย
41324506,ประกันวินาศภัย
41324506,ชุดตรวจ covid-19 แบบตรวจหาแอนติเจนด้วยตนเอง (covid-19 antigen test self-test kits)
41324506,ประกันออนไลน์
41324622,ประกันสุขภาพ
41324622,ประกันออนไลน์
41324622,โรคติดเชื้อไวรัสโคโรนาสายพันธุ์ใหม่ 2019 (covid-19)
41324824,ประกันสุขภาพ
41325076,โรคติดต่อ
41325076,ประกันสุขภาพ
41325076,โรงพยาบาล
41325368,ประกันสุขภาพ
41325950,ประกันสุขภาพ
41325950,คุ้มครองผู้บริโภค
41325950,ใบรับรองแพทย์
41325950,โรงพยาบาล
41326100,สินเชื่อรถยนต์
41326100,ประกันสุขภาพ
41326143,ประกันออนไลน์
41326143,คุ้มครองผู้บริโภค
41326143,ประกันสุขภาพ
41326803,ประกันสุขภาพ
41326996,ประกันสุขภาพ
41327205,ปัญหาชีวิต
41327205,โรคติดเชื้อไวรัสโคโรนาสายพันธุ์ใหม่ 2019 (covid-19)
41327205,ประกันสุขภาพ
41327205,ร้องทุกข์
41327205,คุ้มครองผู้บริโภค
41327233,ประกันสุขภาพ
41327332,ประกันสุขภาพ
41327332,กฎหมายชาวบ้าน
41327332,ร้องทุกข์
41327332,คุ้มครองผู้บริโภค
41327332,ประกันออนไลน์
41327507,honda (รถยนต์)
41327507,ศูนย์บริการรถยนต์
41327507,ประกันภัยรถ
41327507,ร้องทุกข์
41327507,คุ้มครองผู้บริโภค
41328197,ประกันสุขภาพ
41328197,โรคติดเชื้อไวรัสโคโรนาสายพันธุ์ใหม่ 2019 (covid-19)
41328239,ประกันสุขภาพ
41328239,โรคติดเชื้อไวรัสโคโรนาสายพันธุ์ใหม่ 2019 (covid-19)
41328610,ประกันสุขภาพ
41328610,โรคติดเชื้อไวรัสโคโรนาสายพันธุ์ใหม่ 2019 (covid-19)
41329361,ประกันสุขภาพ
41329887,โรคติดต่อ
41329887,ประกันสุขภาพ
41329887,คุ้มครองผู้บริโภค
41329887,ประกันออนไลน์
41330366,ประกันสุขภาพ
41330435,ประกันสุขภาพ
41330531,อุบัติเหตุ
41330531,อุบัติเหตุบนท้องถนน
41330531,ประกันภัยรถ
41330531,ร้องทุกข์
41330531,คุ้มครองผู้บริโภค
41330749,ประกันสุขภาพ
41330903,ประกันภัยรถ
41330966,ประกันสุขภาพ
41331164,ประกันภัยรถ
41331959,ประกันสุขภาพ
41331989,ร้องทุกข์
41331989,ประกันสุขภาพ
41331989,คุ้มครองผู้บริโภค
41332955,ประกันสุขภาพ
41333589,ประกันสุขภาพ
41333589,โรคติดเชื้อไวรัสโคโรนาสายพันธุ์ใหม่ 2019 (covid-19)
41334656,ประกันสุขภาพ
41334691,เตือนภัย
41334691,ร้องทุกข์
41334691,ประกันสุขภาพ
41334691,คุ้มครองผู้บริโภค
41334806,โรคหัวใจ
41334806,สุขภาพกาย
41334806,ประกันสุขภาพ
41334806,ครอบครัว
41334806,ประกันออนไลน์
41335352,บัตรเครดิต
41335352,การเงิน
41335352,เตือนภัย
41335352,ประกันสุขภาพ
41335352,คุ้มครองผู้บริโภค
41335782,ประกันสุขภาพ
41335828,ร้องทุกข์
41335828,คุ้มครองผู้บริโภค
41335828,ประกันสุขภาพ
41335828,ประกันออนไลน์
41335878,ประกันสุขภาพ
41335878,ประกันสำหรับเด็กและทารก
41335878,ประกันออนไลน์
41335923,สำนักงานหลักประกันสุขภาพแห่งชาติ (สปสช.)
41335923,ร้องทุกข์
41335923,ประกันสุขภาพ
41335923,คุ้มครองผู้บริโภค
41336024,ประกันสุขภาพ
41336085,สำนักงานหลักประกันสุขภาพแห่งชาติ (สปสช.)
41336085,ประกันสุขภาพ
41336137,โรคติดเชื้อไวรัสโคโรนาสายพันธุ์ใหม่ 2019 (covid-19)
41336137,เตือนภัย
41336137,ประกันสุขภาพ
41336137,ร้องทุกข์
41336137,คุ้มครองผู้บริโภค
41336362,คุ้มครองผู้บริโภค
41336362,ประกันสุขภาพ
41336404,ประกันสุขภาพ
41336575,โรคติดต่อ
41336575,ประกันสุขภาพ
41336734,ประกันสุขภาพ
41337831,ประกันสุขภาพ
41337831,ภาคกลาง
41337831,แพทย์
41337831,พยาบาล
41337831,โรงพยาบาล
41338275,สำนักงานหลักประกันสุขภาพแห่งชาติ (สปสช.)
41338275,ประกันสุขภาพ
41338275,ร้องทุกข์
41338275,ประกันออนไลน์
41338275,ประกันสุขภาพสำหรับผู้สูงอายุ
41338314,คุ้มครองผู้บริโภค
41338314,ร้องทุกข์
41338314,ประกันสุขภาพ
41338314,ประกันออนไลน์
41339382,ประกันสุขภาพ
41339382,ประกันออนไลน์
41339986,ร้องทุกข์
41339986,คุ้มครองผู้บริโภค
41339986,ประกันสุขภาพ
41339986,ประกันออนไลน์
41341859,ประกันสุขภาพ
41342624,เตือนภัย
41342624,ประกันสุขภาพ
41342624,ร้องทุกข์
41342624,คุ้มครองผู้บริโภค
41342624,ประกันออนไลน์
41343531,ประกันออนไลน์
41343531,ประกันสุขภาพ
41343531,คุ้มครองผู้บริโภค
41343531,โรคติดต่อ
41343663,โรคติดต่อ
41343663,ประกันสุขภาพ
41343663,โรคติดเชื้อไวรัสโคโรนาสายพันธุ์ใหม่ 2019 (covid-19)
41343663,โรงพยาบาล
41343771,ประกันสังคม
41343771,สำนักงานประกันสังคม
41343771,ประกันสุขภาพ
41343771,ประกันสุขภาพสำหรับผู้สูงอายุ
41343864,ร้องทุกข์
41343864,ประกันสุขภาพ
41343864,คุ้มครองผู้บริโภค
41344933,ประกันสุขภาพ
41345253,ประกันสุขภาพ
41345265,ประกันสุขภาพ
41345346,เตือนภัย
41345346,ประกันสุขภาพ
41345346,ธนาคาร
41345346,ร้องทุกข์
41345346,คุ้มครองผู้บริโภค
41345518,ร้องทุกข์
41345518,คุ้มครองผู้บริโภค
41345518,ประกันสุขภาพ
41345565,เตือนภัย
41345565,ร้องทุกข์
41345565,ประกันสุขภาพ
41345565,คุ้มครองผู้บริโภค
41346240,ประกันสุขภาพ
41346962,ร้องทุกข์
41346962,ประกันสุขภาพ
41346962,คุ้มครองผู้บริโภค
41346962,สำนักงานคณะกรรมการคุ้มครองผู้บริโภค (สคบ.)
41347154,ร้องทุกข์
41347154,คุ้มครองผู้บริโภค
41347154,ประกันออนไลน์
41347154,โรคติดเชื้อไวรัสโคโรนาสายพันธุ์ใหม่ 2019 (covid-19)
41347539,ร้องทุกข์
41347539,ประกันสุขภาพ
41347674,ร้องทุกข์
41347674,คุ้มครองผู้บริโภค
41347674,ประกันสุขภาพ
41347674,ธุรกิจบริการ
41347720,ประกันออนไลน์
41347720,ประกันสุขภาพ
41347720,คุ้มครองผู้บริโภค
41347742,ร้องทุกข์
41347742,ประกันสุขภาพ
41347872,ประกันสุขภาพ
41347872,โรงพยาบาล
41347872,ประกันวินาศภัย
41349031,ประกันสุขภาพ
41349031,คุ้มครองผู้บริโภค
41349061,เตือนภัย
41349061,ร้องทุกข์
41349061,ประกันออนไลน์
41349204,ร้องทุกข์
41349204,ประกันสุขภาพ
41349210,ประกันสุขภาพ
41349210,ประกันภัยรถ
41349489,บริษัทหลักทรัพย์
41349489,สุขภาพกาย
41349489,ประกันสุขภาพ
41349489,ประกันสังคม
41349489,ประกันออนไลน์
41349710,ประกันสุขภาพ
41349710,ประกันออนไลน์
41349710,ประกันวินาศภัย
41349969,ประกันสุขภาพ
41350043,ประกันสุขภาพ
41350043,ประกันออนไลน์
41350050,ชีวิตวัยรุ่น
41350050,การเงิน
41350050,เตือนภัย
41350050,ประกันสุขภาพ
41350050,คุ้มครองผู้บริโภค
41350272,คุ้มครองผู้บริโภค
41350272,ประกันสุขภาพ
41350272,ประกันออนไลน์
41350559,ประกันสุขภาพ
41350996,ประกันสุขภาพ
41351014,หลักประกันสุขภาพถ้วนหน้า (บัตรทอง)
41351014,ประกันสุขภาพสำหรับเด็กและทารก
41351014,สำนักงานหลักประกันสุขภาพแห่งชาติ (สปสช.)
41351014,ประกันสุขภาพ
41351014,ประกันสำหรับเด็กและทารก
41351065,ประกันสุขภาพ
41351065,โรคติดเชื้อไวรัสโคโรนาสายพันธุ์ใหม่ 2019 (covid-19)
41351101,โรคติดต่อ
41351101,ประกันสุขภาพ
41351101,ประกันออนไลน์
41351101,หลักประกันสุขภาพถ้วนหน้า (บัตรทอง)
41351433,ร้องทุกข์
41351433,ประกันสุขภาพ
41351924,ประกันสุขภาพ
41351924,โรคติดเชื้อไวรัสโคโรนาสายพันธุ์ใหม่ 2019 (covid-19)
41351952,ประกันสุขภาพ
41351952,ประกันออนไลน์
41352201,นักคณิตศาสตร์ประกันภัย
41352201,ประกันภัยรถ
41352201,ประกันวินาศภัย
41352389,ประกันสุขภาพ
41352450,เตือนภัย
41352450,ประกันสุขภาพ
41352450,ร้องทุกข์
41352450,คุ้มครองผู้บริโภค
41352450,ประกันออนไลน์
41352638,ประกันสุขภาพ
41352638,ประกันออนไลน์
41353053,โรงพยาบาลเอกชน
41353053,ประกันสุขภาพ
41353518,เงินฝากระยะยาว
41353518,ประกันสุขภาพ
41353518,โรคตา
41353518,ประกันชีวิตสำหรับผู้สูงอายุ
41355310,สุขภาพกาย
41355310,ประกันสุขภาพ
41355310,ร้องทุกข์
41355310,คุ้มครองผู้บริโภค
41355310,ประกันออนไลน์
41356064,ประกันสุขภาพ
41356106,ประกันสุขภาพ
41356596,การออมเงิน
41356596,โรคติดเชื้อไวรัสโคโรนาสายพันธุ์ใหม่ 2019 (covid-19)
41356596,ประกันสุขภาพสำหรับผู้สูงอายุ
41356596,ประกันสุขภาพ
41356596,โรงพยาบาล
41356830,ประกันสุขภาพ
41356830,โรคติดเชื้อไวรัสโคโรนาสายพันธุ์ใหม่ 2019 (covid-19)
41356831,ประกันสุขภาพ
41356831,ประกันออนไลน์
41356831,ประกันวินาศภัย
41357880,ประกันภัยการเดินทาง
41357880,ประกันสุขภาพ
41357880,ประกันภัยรถ
41357880,คุ้มครองผู้บริโภค
41357880,ประกันออนไลน์
41358375,ประกันสุขภาพ
41358429,ประกันสุขภาพ
41358429,ประกันออนไลน์
41358591,ประกันสุขภาพ
41359190,ประกันสุขภาพ
41359853,ประกันสำหรับผู้สูงอายุ
41359853,ประกันสุขภาพ
41359853,คุ้มครองผู้บริโภค
41359853,ประกันออนไลน์
41359853,ประกันสุขภาพสำหรับผู้สูงอายุ
41359901,ประกันสุขภาพ
41360000,ประกันสุขภาพ
41360000,คุ้มครองผู้บริโภค
41360048,ประกันสุขภาพ
41360132,ร้องทุกข์
41360132,ประกันสุขภาพ
41360132,คุ้มครองผู้บริโภค
41360695,ประกันสุขภาพ
41360695,คุ้มครองผู้บริโภค
41360820,ปัญหาสังคม
41360820,ประกันสุขภาพ
41360820,ร้องทุกข์
41360820,คุ้มครองผู้บริโภค
41360820,ประกันออนไลน์
41360959,ร้องทุกข์
41360959,คุ้มครองผู้บริโภค
41360959,ประกันสุขภาพ
41360959,สำนักงานคณะกรรมการคุ้มครองผู้บริโภค (สคบ.)
41361292,ธนาคาร
41361292,ประกันสุขภาพ
41362016,ประกันสุขภาพ
41362435,ประกันสุขภาพ
41363507,ประกันสุขภาพ
41363507,ประกันออนไลน์
41363507,ประกันวินาศภัย
41363952,โรคติดเชื้อไวรัสโคโรนาสายพันธุ์ใหม่ 2019 (covid-19)
41363952,กระทรวงสาธารณสุข
41363952,ประกันสุขภาพ
41363952,ประกันออนไลน์
41363952,โรงพยาบาล
41364959,สำนักงานหลักประกันสุขภาพแห่งชาติ (สปสช.)
41364959,ประกันสุขภาพ
41365920,ประกันสุขภาพ
41365920,ประกันออนไลน์
41367187,ปัญหาชีวิต
41367187,ประกันสุขภาพ
41367187,ประสบการณ์ชีวิตคู่
41367187,ปัญหาครอบครัว
41367187,ประกันออนไลน์
41367666,ประกันสุขภาพ
41367666,ประกันออนไลน์
41367666,โรคติดเชื้อไวรัสโคโรนาสายพันธุ์ใหม่ 2019 (covid-19)
41368651,โรคติดเชื้อไวรัสโคโรนาสายพันธุ์ใหม่ 2019 (covid-19)
41368651,ประกันสุขภาพ
41368651,ร้องทุกข์
41368651,คุ้มครองผู้บริโภค
41368651,ประกันออนไลน์
41369038,คุ้มครองผู้บริโภค
41369038,ประกันสุขภาพ
41369132,ประกันสุขภาพ
41369132,โรคติดเชื้อไวรัสโคโรนาสายพันธุ์ใหม่ 2019 (covid-19)
41369507,เตือนภัย
41369507,ร้องทุกข์
41369507,คุ้มครองผู้บริโภค
41369507,ประกันออนไลน์
41370755,ประกันสุขภาพ
41370755,ประกันออนไลน์
41370905,ประกันสุขภาพ
41371092,ประกันวินาศภัย
41371092,โรงพยาบาลเอกชน
41371092,ประกันสุขภาพ
41371092,ประกันสังคม
41371092,ประกันออนไลน์
41371565,ประกันสุขภาพ
41371981,ประกันสุขภาพ
41372293,ประกันสุขภาพ
41372339,การจราจร
41372339,อุบัติเหตุบนท้องถนน
41372339,ประกันภัยรถ
41372339,กฎหมายจราจร
41372368,ร้องทุกข์
41372368,คุ้มครองผู้บริโภค
41372368,ประกันสุขภาพ
41372582,ประกันสุขภาพ
41372582,ประกันออนไลน์
41372582,โรคติดเชื้อไวรัสโคโรนาสายพันธุ์ใหม่ 2019 (covid-19)
41372582,พระราชบัญญัติโรคติดต่อ (พ.ร.บ.โรคติดต่อ)
41372666,ประกันสุขภาพ
41372666,ประกันออนไลน์
41372710,หลักประกันสุขภาพถ้วนหน้า (บัตรทอง)
41372710,ประกันสุขภาพสำหรับเด็กและทารก
41372710,สำนักงานหลักประกันสุขภาพแห่งชาติ (สปสช.)
41372710,ประกันสุขภาพ
41372710,ประกันสุขภาพสำหรับผู้สูงอายุ
41373853,ประกันสุขภาพ
41373991,โรคติดเชื้อไวรัสโคโรนาสายพันธุ์ใหม่ 2019 (covid-19)
41373991,โรคติดต่อ
41373991,ประกันสุขภาพ
41373991,คุ้มครองผู้บริโภค
41373991,ประกันออนไลน์
41376126,ประกันออนไลน์
41376126,ประกันสุขภาพ
41376126,การออมเงิน
41376126,ธนาคารกรุงไทย
41378334,ประกันสุขภาพ
41378334,โรคติดเชื้อไวรัสโคโรนาสายพันธุ์ใหม่ 2019 (covid-19)
41379421,ประกันสุขภาพสำหรับเด็กและทารก
41379421,ประกันสุขภาพ
41379421,ประกันออนไลน์
41379421,ประกันชีวิตสำหรับผู้สูงอายุ
41379479,ร้องทุกข์
41379479,ประกันสุขภาพ
41379479,คุ้มครองผู้บริโภค
41380185,ประกันสุขภาพ
41380185,ประกันออนไลน์
41380239,คุ้มครองผู้บริโภค
41380239,ร้องทุกข์
41380239,ประกันสุขภาพ
41380239,ประกันออนไลน์
41380657,ประกันสุขภาพ
41380657,คุ้มครองผู้บริโภค
41380657,ประกันออนไลน์
41380657,ใบรับรองแพทย์
41380657,โรงพยาบาล
41381131,งานโรงพยาบาล
41381131,โรงพยาบาลเอกชน
41381131,ประกันสุขภาพ
41381131,ประกันสังคม
41381131,ประกันออนไลน์
41382166,เตือนภัย
41382166,ประกันสุขภาพ
41382166,ประกันชีวิตสำหรับผู้สูงอายุ
41382166,ร้องทุกข์
41382166,คุ้มครองผู้บริโภค
41382455,ร้องทุกข์
41382455,ประกันสุขภาพ
41382455,คุ้มครองผู้บริโภค
41382461,ประกันสุขภาพ
41382461,ประกันออนไลน์
41382462,ประกันสุขภาพ
41382462,ประกันออนไลน์
41382479,โรคติดเชื้อไวรัสโคโรนาสายพันธุ์ใหม่ 2019 (covid-19)
41382479,โรคติดต่อ
41382479,ประกันสุขภาพ
41382479,ร้องทุกข์
41382479,ประกันออนไลน์
41382552,รถยนต์
41382552,ประกันสุขภาพ
41382552,ประกันออนไลน์
41382552,ประกันภัยรถ
41383324,พระราชบัญญัติคุ้มครองผู้ประสบภัยจากรถ (พ.ร.บ.คุ้มครองผู้ประสบภัยจากรถ)
41383324,ร้องทุกข์
41383324,คุ้มครองผู้บริโภค
41383324,ประกันภัยรถ
41383410,ประกันภัยรถ
41383677,ร้องทุกข์
41383677,คุ้มครองผู้บริโภค
41383677,ประกันสุขภาพ
41384549,ประกันสุขภาพ
41384549,หน่วยงานของรัฐ
41384549,ร้องทุกข์
41384549,คุ้มครองผู้บริโภค
41384549,ประกันออนไลน์
41385355,โรคติดต่อ
41385355,ประกันสุขภาพ
41385355,ใบรับรองแพทย์
41385355,โรงพยาบาล
41385704,รถยนต์
41385704,ประกันออนไลน์
41385704,ประกันภัยรถ
41386448,ประกันสุขภาพ
41386448,ประกันออนไลน์
41386510,ประกันสุขภาพ
41387054,สำนักงานคณะกรรมการคุ้มครองผู้บริโภค (สคบ.)
41387054,โรคติดต่อ
41387054,ประกันสุขภาพ
41387054,กฎหมายชาวบ้าน
41387054,คุ้มครองผู้บริโภค
41387058,ประกันออนไลน์
41387058,ประกันสุขภาพ
41387058,การเดินทางทางอากาศ
41387346,ธุรกิจบริการ
41387346,เตือนภัย
41387346,ประกันสุขภาพ
41387346,ร้องทุกข์
41387346,คุ้มครองผู้บริโภค
41387702,ประกันสุขภาพ
41387702,ประกันออนไลน์
41387702,โรคติดเชื้อไวรัสโคโรนาสายพันธุ์ใหม่ 2019 (covid-19)
41387859,ประกันสุขภาพ
41387884,ประกันสุขภาพ
41387884,ประกันออนไลน์
41388500,ประกันสุขภาพ
41388947,ประกันสุขภาพ
41388947,scb easy
41389137,ร้องทุกข์
41389137,ประกันสุขภาพ
41389773,ประกันภัยรถ
41390183,ปัญหาชีวิต
41390183,ประกันสำหรับผู้สูงอายุ
41390183,ประกันสุขภาพ
41390183,ประกันชีวิตสำหรับผู้สูงอายุ
41390183,ประกันสุขภาพสำหรับผู้สูงอายุ
41390213,ประกันสุขภาพ
41390753,ประกันสุขภาพ
41391454,ร้องทุกข์
41391454,ประกันสุขภาพ
41391454,คุ้มครองผู้บริโภค
41391574,อุบัติเหตุบนท้องถนน
41391574,ประกันภัยรถ
41392245,ประกันสุขภาพ
41392245,โรคติดเชื้อไวรัสโคโรนาสายพันธุ์ใหม่ 2019 (covid-19)
41392645,โรคติดต่อ
41392645,ประกันสุขภาพ
41392645,ประกันออนไลน์
41392645,ประกันสุขภาพสำหรับผู้สูงอายุ
41393043,ประกันชีวิตสำหรับเด็กและทารก
41393043,ปัญหาชีวิต
41393043,เตือนภัย
41393043,ประกันชีวิตสำหรับผู้สูงอายุ
41393043,การวางแผนการเงิน
41393661,ร้องทุกข์
41393661,ประกันสุขภาพ
41393661,ประกันออนไลน์
41394196,ประกันสุขภาพ
41395901,โรคติดต่อ
41395901,ร้องทุกข์
41395901,ประกันสุขภาพ
41395901,ประกันชีวิตสำหรับเด็กและทารก
41397156,ประกันสุขภาพ
41397283,ประกันสุขภาพ
41397453,ประกันออนไลน์
41397453,ประกันภัยรถ
41397626,คุ้มครองผู้บริโภค
41397626,ประกันสุขภาพ
41397626,สำนักงานคณะกรรมการคุ้มครองผู้บริโภค (สคบ.)
41398063,ประกันสุขภาพ
41398063,คุ้มครองผู้บริโภค
41399727,ประกันสุขภาพ
41399727,ประกันออนไลน์
41399803,ร้องทุกข์
41399803,ประกันสุขภาพ
41399803,คุ้มครองผู้บริโภค
41401366,โรคติดเชื้อไวรัสโคโรนาสายพันธุ์ใหม่ 2019 (covid-19)
41401366,ประกันสุขภาพ
41401366,ร้องทุกข์
41401366,คุ้มครองผู้บริโภค
41401366,ประกันออนไลน์
41401826,ร้องทุกข์
41401826,คุ้มครองผู้บริโภค
41401826,ประกันสุขภาพ
41402031,ประกันสุขภาพ
41402280,ร้องทุกข์
41402280,ประกันสุขภาพ
41402554,ร้องทุกข์
41402554,ประกันสุขภาพ
41402554,คุ้มครองผู้บริโภค
41403670,ประกันภัยรถ
41404780,ประกันสุขภาพ
41404844,ร้องทุกข์
41404844,ประกันสุขภาพ
41404962,คุ้มครองผู้บริโภค
41404962,ประกันออนไลน์
41406774,ประกันสุขภาพ
41406774,โรคติดเชื้อไวรัสโคโรนาสายพันธุ์ใหม่ 2019 (covid-19)
41407558,ประกันสุขภาพ
41407558,ประกันออนไลน์
41408235,คุ้มครองผู้บริโภค
41408235,ประกันออนไลน์
41408236,ประกันสำหรับผู้สูงอายุ
41408236,ประกันวินาศภัย
41408236,เตือนภัย
41408236,ประกันสำหรับเด็กและทารก
41408236,คุ้มครองผู้บริโภค
41408304,ร้องทุกข์
41408304,ประกันสุขภาพ
41408304,คุ้มครองผู้บริโภค
41408371,ประกันสำหรับผู้สูงอายุ
41408371,tip (หุ้น)
41408371,ประกันสุขภาพ
41408371,ประกันออนไลน์
41408371,ประกันสุขภาพสำหรับผู้สูงอายุ
41409257,โรคติดต่อ
41409257,ประกันสุขภาพ
41410057,ประกันสุขภาพ
41410767,กระทรวงสาธารณสุข
41410767,ประกันสุขภาพ
41410767,tip (หุ้น)
41410767,โรคติดเชื้อไวรัสโคโรนาสายพันธุ์ใหม่ 2019 (covid-19)
41410792,ประกันสุขภาพ
41410792,ประกันออนไลน์
41410792,โรคติดเชื้อไวรัสโคโรนาสายพันธุ์ใหม่ 2019 (covid-19)
41412940,บทความ
41412940,ประกันสุขภาพ
41412940,คุ้มครองผู้บริโภค
41412940,โรคติดเชื้อไวรัสโคโรนาสายพันธุ์ใหม่ 2019 (covid-19)
41413009,ร้องทุกข์
41413009,ประกันสุขภาพ
41413009,คุ้มครองผู้บริโภค
41413009,website
41413672,ปัญหาชีวิต
41413672,โรคติดเชื้อไวรัสโคโรนาสายพันธุ์ใหม่ 2019 (covid-19)
41413672,ประกันสุขภาพ
41413672,ร้องทุกข์
41413672,ประกันออนไลน์
41413782,ร้องทุกข์
41413782,ประกันสุขภาพ
41413794,ร้องทุกข์
41413794,ประกันสุขภาพ
41413794,คุ้มครองผู้บริโภค
41413794,โรคติดเชื้อไวรัสโคโรนาสายพันธุ์ใหม่ 2019 (covid-19)
41415167,ร้องทุกข์
41415167,ประกันสุขภาพ
41415508,ประกันสุขภาพ
41415508,ประกันสำหรับเด็กและทารก
41415508,แพทย์
41415508,ร้องทุกข์
41415508,คุ้มครองผู้บริโภค
41415509,ประกันออนไลน์
41415509,ร้องทุกข์
41415509,ประกันสุขภาพ
41415509,คุ้มครองผู้บริโภค
41416453,สุขภาพกาย
41416453,ประกันสำหรับผู้สูงอายุ
41416453,กองทุนรวม
41416453,เตือนภัย
41416453,คุ้มครองผู้บริโภค
41416924,ประกันสุขภาพ
41416924,ประกันออนไลน์
41417742,ประกันออนไลน์
41417742,ร้องทุกข์
41417742,ประกันสุขภาพ
41417742,คุ้มครองผู้บริโภค
41419016,สิทธิผู้สูงอายุ
41419016,ประกันสุขภาพ
41419016,การเงิน
41419597,คุ้มครองผู้บริโภค
41419597,ประกันออนไลน์
41419614,ประกันสุขภาพ
41419639,โรคติดเชื้อไวรัสโคโรนาสายพันธุ์ใหม่ 2019 (covid-19)
41419639,ประกันสุขภาพ
41419639,ร้องทุกข์
41419639,คุ้มครองผู้บริโภค
41419639,ประกันออนไลน์
41419810,ประกันสุขภาพ
41419810,คุ้มครองผู้บริโภค
41420053,ประกันสุขภาพ
41420053,คุ้มครองผู้บริโภค
41420927,ประกันสุขภาพสำหรับเด็กและทารก
41420927,ประกันสุขภาพ
41421030,ประกันสังคม
41421030,สำนักงานประกันสังคม
41421030,ประกันสุขภาพ
41421450,คุ้มครองผู้บริโภค
41421450,ประกันสุขภาพ
41421450,ประกันออนไลน์
41421762,ประกันสุขภาพ
41422005,ประกันสุขภาพ
41423316,ประกันสำหรับผู้สูงอายุ
41423316,การวางแผนการเงิน
41423316,การออมเงิน
41424194,ประกันสุขภาพ
41424700,โรคติดต่อ
41424700,กระทรวงสาธารณสุข
41424700,โรงพยาบาลเอกชน
41424700,ประกันสุขภาพ
41424700,คุ้มครองผู้บริโภค
41425212,บ้าน
41425212,ทาวน์โฮม / ทาวน์เฮ้าส์
41425212,ประกันวินาศภัย
41425365,สำนักงานหลักประกันสุขภาพแห่งชาติ (สปสช.)
41425365,ประกันสุขภาพ
41425365,ประกันออนไลน์
41425365,สำนักงานคณะกรรมการคุ้มครองผู้บริโภค (สคบ.)
41425893,ประกันสุขภาพ
41427677,ร้องทุกข์
41427677,ประกันสุขภาพ
41427743,สุขภาพเด็กและทารก
41427743,ประกันสุขภาพสำหรับเด็กและทารก
41427743,ประกันสำหรับเด็กและทารก
41427743,ประกันชีวิตสำหรับเด็กและทารก
41429575,รถยนต์
41429575,ประกันภัยรถ
41430808,ประกันสุขภาพ
41430808,คุ้มครองผู้บริโภค
41432320,ประกันสุขภาพ
41434695,ประกันสุขภาพ
41434737,เตือนภัย
41434737,ร้องทุกข์
41434737,ประกันสุขภาพ
41434737,ประกันออนไลน์
41434749,ร้องทุกข์
41434749,ประกันสุขภาพ
41434749,คุ้มครองผู้บริโภค
41435392,สินเชื่อรถยนต์
41435392,รถยนต์
41435392,ศูนย์บริการรถยนต์
41435392,ประกันภัยรถ
41436274,ประกันสุขภาพ
41436678,ประกันสุขภาพ
41436702,ร้องทุกข์
41436702,ประกันสุขภาพ
41436702,คุ้มครองผู้บริโภค
41436972,ร้องทุกข์
41436972,ประกันสุขภาพ
41436972,คุ้มครองผู้บริโภค
41436972,ธุรกิจบริการ
41437378,ธุรกรรมออนไลน์
41437378,ประกันสุขภาพ
41437378,ร้องทุกข์
41437378,คุ้มครองผู้บริโภค
41437378,ประกันออนไลน์
41437698,ร้องทุกข์
41437698,ประกันสุขภาพ
41437698,คุ้มครองผู้บริโภค
41439022,ประกันสุขภาพ
41439022,บัตรเครดิต
41439034,ประกันสุขภาพ
41439034,คุ้มครองผู้บริโภค
41439137,ประกันสุขภาพ
41439768,ประกันสุขภาพ
41439938,ประกันสุขภาพ
41441005,ประกันสุขภาพ
41442179,ประกันสุขภาพ
41442179,การเงิน
41442295,คนไทยในต่างแดน
41442295,นักท่องเที่ยวชาวต่างชาติ
41442295,แม่บ้านต่างแดน
41442295,ประกันสุขภาพ
41442295,ชีวิตในต่างแดน
41442856,ประกันภัยรถ
41443895,เตือนภัย
41443895,ประกันสุขภาพ
41443895,ร้องทุกข์
41443895,คุ้มครองผู้บริโภค
41443895,ประกันออนไลน์
41446537,ธนาคาร
41446537,ประกันสุขภาพ
41446537,บัตรเครดิต
41446537,ธนาคารกรุงศรีอยุธยา
41447039,สุขภาพเด็กและทารก
41447039,ประกันสุขภาพสำหรับเด็กและทารก
41447039,ประกันสำหรับเด็กและทารก
41447039,ประกันออนไลน์
41447398,ประกันสุขภาพสำหรับเด็กและทารก
41447398,ประกันสุขภาพ
41447398,ประกันชีวิตสำหรับเด็กและทารก
41447405,เตือนภัย
41447405,ร้องทุกข์
41447405,คุ้มครองผู้บริโภค
41447405,ประกันสุขภาพ
41447555,กฎหมายชาวบ้าน
41447555,ประกันสุขภาพ
41447555,ร้องทุกข์
41447555,ประกันออนไลน์
41447555,ใบรับรองแพทย์
41449615,เตือนภัย
41449615,ประกันสุขภาพ
41449617,ประกันออนไลน์
41449617,ร้องทุกข์
41449617,คุ้มครองผู้บริโภค
41449617,ประกันสุขภาพ
41449650,ร้องทุกข์
41449650,คุ้มครองผู้บริโภค
41449650,ประกันสุขภาพ
41449650,ทนายความ
41451376,คุ้มครองผู้บริโภค
41451376,ประกันสุขภาพ
41451376,การออมเงิน
41451376,สำนักงานคณะกรรมการคุ้มครองผู้บริโภค (สคบ.)
41452471,ประกันออนไลน์
41452471,ร้องทุกข์
41452471,คุ้มครองผู้บริโภค
41452471,ประกันสุขภาพ
41452816,ประกันภัยรถ
41454819,บัตรเครดิต
41454819,ประกันสุขภาพ
41454819,ธนาคารกรุงศรีอยุธยา
41454819,ร้องทุกข์
41454819,คุ้มครองผู้บริโภค
41455109,ประกันสุขภาพ
41455974,ประกันสุขภาพ
41458821,ประกันสุขภาพ
41458821,โรคติดเชื้อไวรัสโคโรนาสายพันธุ์ใหม่ 2019 (covid-19)
41458841,สำนักงานคณะกรรมการคุ้มครองผู้บริโภค (สคบ.)
41458841,สำนักงานหลักประกันสุขภาพแห่งชาติ (สปสช.)
41458841,ประกันสุขภาพ
41458841,คุ้มครองผู้บริโภค
41458841,ประกันออนไลน์
41460205,ประกันสุขภาพ
41460331,ซ่อมบำรุงรถยนต์
41460331,ประกันภัยรถ
41460331,อู่ซ่อมรถ
41461463,ร้องทุกข์
41461463,คุ้มครองผู้บริโภค
41461463,ประกันสุขภาพ
41461463,การเงิน
41463146,ประกันสุขภาพ
41463146,ประกันออนไลน์
41463569,หุ้น
41463569,เศรษฐกิจ
41463569,กองทุนรวม
41463569,สำนักงานหลักประกันสุขภาพแห่งชาติ (สปสช.)
41463569,ประกันสุขภาพ
41463579,ซ่อมบำรุงรถยนต์
41463579,อู่ซ่อมรถ
41463579,ประกันภัยรถ
41463579,มอเตอร์ไซค์
41463579,อะไหล่รถ
41465910,นักกฎหมาย
41465910,อุบัติเหตุ
41465910,อุบัติเหตุบนท้องถนน
41465910,ประกันภัยรถ
41465910,ร้องทุกข์
41468853,ประกันสุขภาพ
41468906,ประกันสุขภาพ
41470526,สำนักงานคณะกรรมการคุ้มครองผู้บริโภค (สคบ.)
41470526,ประกันวินาศภัย
41470526,เตือนภัย
41470526,คุ้มครองผู้บริโภค
41470526,ธนาคารกรุงเทพ
41470719,ประกันสุขภาพ
41470961,ร้องทุกข์
41470961,ประกันสุขภาพ
41470961,ประกันออนไลน์
41471099,ประกันสุขภาพ
41471099,คุ้มครองผู้บริโภค
41471471,ประกันสุขภาพ
41471471,ประกันวินาศภัย
41472598,ร้องทุกข์
41472598,ประกันสุขภาพ
41472598,คุ้มครองผู้บริโภค
41472598,กฎหมายชาวบ้าน
41472901,ประกันสุขภาพ
41473153,ประกันสุขภาพ
41473153,ประกันออนไลน์
41473532,ประกันสุขภาพ
41476368,ประกันสุขภาพ
41477306,ร้องทุกข์
41477306,คุ้มครองผู้บริโภค
41477306,ประกันออนไลน์
41478225,ร้องทุกข์
41478225,ประกันสุขภาพ
41478225,คุ้มครองผู้บริโภค
41478286,ประกันออนไลน์
41478286,ร้องทุกข์
41478286,ประกันสุขภาพ
41478286,คุ้มครองผู้บริโภค
41478526,ประกันสำหรับผู้สูงอายุ
41478526,ร้องทุกข์
41478526,ประกันสุขภาพ
41478526,คุ้มครองผู้บริโภค
41481836,ประกันสุขภาพ
41482515,โรคติดต่อ
41482515,ร้องทุกข์
41482515,ประกันสุขภาพ
41482515,คุ้มครองผู้บริโภค
41483280,ประกันสุขภาพ
41483280,โรคติดเชื้อไวรัสโคโรนาสายพันธุ์ใหม่ 2019 (covid-19)
41483550,ปัญหาสังคม
41483550,โรคติดเชื้อไวรัสโคโรนาสายพันธุ์ใหม่ 2019 (covid-19)
41483550,ประกันวินาศภัย
41484950,พันธมิตรทางธุรกิจ (business alliance)
41484950,เตือนภัย
41484950,ประกันสุขภาพ
41484950,ร้องทุกข์
41484950,คุ้มครองผู้บริโภค
41485275,คุ้มครองผู้บริโภค
41485275,ประกันสุขภาพ
41485275,ประกันออนไลน์
41485497,สำนักงานประกันสังคม
41485497,ร้องทุกข์
41485497,ประกันสุขภาพ
41485497,ปัญหาสังคม
41485558,ประกันภัยรถ
41485558,ประกันวินาศภัย
41486344,บัตรเครดิต
41486344,ประกันวินาศภัย
41486344,ร้องทุกข์
41486344,ประกันออนไลน์
41486344,ธนาคารกรุงไทย
41486632,พระราชบัญญัติคุ้มครองผู้ประสบภัยจากรถ (พ.ร.บ.คุ้มครองผู้ประสบภัยจากรถ)
41486632,รถยนต์
41486632,อุบัติเหตุบนท้องถนน
41486632,พระราชบัญญัติจราจรทางบก (พ.ร.บ.จราจรทางบก)
41486632,ประกันภัยรถ
41488061,ร้องทุกข์
41488061,ประกันสุขภาพ
41488061,คุ้มครองผู้บริโภค
41490913,ประกันสุขภาพ
41491987,ประกันสุขภาพ
41492403,ประกันชีวิตสำหรับเด็กและทารก
41492403,ประกันสุขภาพ
41492403,ประกันชีวิตสำหรับผู้สูงอายุ
41492403,ประกันออนไลน์
41492403,ประกันสุขภาพสำหรับผู้สูงอายุ
41492700,ประกันสุขภาพ
41492700,ประกันออนไลน์
41492700,ประกันวินาศภัย
41494765,ประกันสุขภาพ
41494765,ประกันสำหรับเด็กและทารก
41494765,ประกันสำหรับผู้สูงอายุ
41494765,นวลพรรณ ล่ําซํา
41497970,บัตรเครดิต
41497970,การเงิน
41497970,เตือนภัย
41497970,ประกันสุขภาพ
41497970,คุ้มครองผู้บริโภค
41498064,ประกันสุขภาพ
41498842,ประกันสำหรับผู้สูงอายุ
41498842,ศูนย์บริหารสถานการณ์การแพร่ระบาดของโรคติดเชื้อไวรัสโคโรนา 2019 (ศบค.)
41498842,ประกันสุขภาพ
41498842,คุ้มครองผู้บริโภค
41498842,ประกันสุขภาพสำหรับผู้สูงอายุ
41498897,พระราชบัญญัติคุ้มครองผู้ประสบภัยจากรถ (พ.ร.บ.คุ้มครองผู้ประสบภัยจากรถ)
41498897,อุบัติเหตุบนท้องถนน
41498897,อุบัติเหตุ
41498897,ประกันภัยรถ
41500347,สำนักงานคณะกรรมการคุ้มครองผู้บริโภค (สคบ.)
41500347,ศูนย์บริหารสถานการณ์การแพร่ระบาดของโรคติดเชื้อไวรัสโคโรนา 2019 (ศบค.)
41500347,ประกันสุขภาพ
41500347,คุ้มครองผู้บริโภค
41500347,ประกันออนไลน์
41500893,ร้องทุกข์
41500893,ประกันสุขภาพ
41500893,โรคติดเชื้อไวรัสโคโรนาสายพันธุ์ใหม่ 2019 (covid-19)
41500893,ธุรกรรมทางการเงิน
41501433,ประกันสุขภาพสำหรับเด็กและทารก
41501433,ประกันสุขภาพ
41501433,นวลพรรณ ล่ําซํา
41501433,ประกันสุขภาพสำหรับผู้สูงอายุ
41502309,ประกันสุขภาพ
41502763,ประกันสุขภาพ
41504758,บัตรเครดิต
41504758,ธนาคาร
41504758,ประกันสุขภาพ
41504758,ร้องทุกข์
41504758,คุ้มครองผู้บริโภค
41504897,ร้องทุกข์
41504897,ประกันสุขภาพ
41504897,คุ้มครองผู้บริโภค
41505141,เตือนภัย
41505141,ประกันสุขภาพ
41505141,ร้องทุกข์
41505141,คุ้มครองผู้บริโภค
41505141,aeon
41507081,ร้องทุกข์
41507081,ประกันสุขภาพ
41507459,ประกันออนไลน์
41507459,ร้องทุกข์
41507459,ประกันสุขภาพ
41507459,คุ้มครองผู้บริโภค
41508233,ร้องทุกข์
41508233,คุ้มครองผู้บริโภค
41508233,ประกันสุขภาพ
41509431,ประกันสุขภาพ
41509431,โรคติดเชื้อไวรัสโคโรนาสายพันธุ์ใหม่ 2019 (covid-19)
41509723,ประกันสุขภาพ
41509855,นักสถิติ
41509855,ประกันสุขภาพ
41509855,คณิตศาสตร์
41509855,เกม
41509855,นักคณิตศาสตร์ประกันภัย
41510041,เตือนภัย
41510041,ร้องทุกข์
41510041,ประกันสุขภาพ
41510041,การเงิน
41510065,ธุรกรรมทางการเงิน
41510065,เตือนภัย
41510065,ประกันสุขภาพ
41510065,ร้องทุกข์
41510065,ประกันออนไลน์
41511717,ประกันออนไลน์
41511717,ประกันสุขภาพ
41511717,โฆษณาออนไลน์
41511717,การโฆษณา
41511819,ประกันสุขภาพ
41512024,ประกันออนไลน์
41512024,ประกันสุขภาพ
41512024,คุ้มครองผู้บริโภค
41512024,เตือนภัย
41512495,ประกันภัยรถ
41512495,อู่ซ่อมรถ
41512651,การเงิน
41512651,มอเตอร์ไซค์
41512651,ประกันภัยรถ
41513647,ประกันสุขภาพ
41513647,ประกันภัยรถ
41513647,ประกันสังคม
41513647,คุ้มครองผู้บริโภค
41513647,ประกันออนไลน์
41516606,ประกันสุขภาพ
41519808,โรงพยาบาลรัฐบาล
41519808,ประกันภัยการเดินทาง
41519808,ทันตกรรม
41519808,อุบัติเหตุบนท้องถนน
41519808,ประกันภัยรถ
41519822,เตือนภัย
41519822,ประกันสุขภาพ
41519822,ร้องทุกข์
41519822,คุ้มครองผู้บริโภค
41519822,ประกันออนไลน์
41521279,ประกันสำหรับผู้สูงอายุ
41521279,ประกันสุขภาพ
41521279,ร้องทุกข์
41521279,คุ้มครองผู้บริโภค
41521279,ประกันออนไลน์
41523337,ประกันสุขภาพ
41523337,การเงิน
41525347,ประกันสุขภาพ
41527731,ประกันสุขภาพ
41529150,ประกันสุขภาพ
41529150,ประกันออนไลน์
41529795,ประกันสำหรับผู้สูงอายุ
41529795,เตือนภัย
41529795,ประกันสุขภาพ
41529795,ร้องทุกข์
41529795,คุ้มครองผู้บริโภค
41532535,ประกันสุขภาพ
41535729,ร้องทุกข์
41535729,คุ้มครองผู้บริโภค
41535729,ประกันออนไลน์
41542807,ซ่อมบำรุงรถยนต์
41542807,อู่ซ่อมรถ
41542807,ศูนย์บริการรถยนต์
41542807,ประกันภัยรถ
41542807,ดูแลรักษารถยนต์
41544264,เตือนภัย
41544264,ประกันสุขภาพ
41544264,บัตรเครดิต
41544283,ประกันสุขภาพ
41544283,ธนาคารกรุงไทย
41545125,ประกันสุขภาพ
41546083,ซ่อมบำรุงรถยนต์
41546083,ประกันภัยรถ
41548626,ประกันสุขภาพ
41549220,ร้องทุกข์
41549220,คุ้มครองผู้บริโภค
41549220,ประกันสุขภาพ
41552448,ประกันสุขภาพ
41552448,ประกันสำหรับเด็กและทารก
41552448,ประกันออนไลน์
41552448,โรงพยาบาล
41553033,ประกันสุขภาพ
41553033,โรคติดเชื้อไวรัสโคโรนาสายพันธุ์ใหม่ 2019 (covid-19)
41553094,รถยนต์
41553094,ประกันภัยรถ
41553094,bmw (รถยนต์)
41553094,bmw 3 series sedan
41554963,ประกันชีวิตสำหรับเด็กและทารก
41554963,ประกันสำหรับผู้สูงอายุ
41554963,ประกันวินาศภัย
41554963,ประกันสุขภาพ
41554963,ประกันชีวิตสำหรับผู้สูงอายุ
41555317,เตือนภัย
41555317,ประกันสุขภาพ
41555317,คุ้มครองผู้บริโภค
41556091,ร้องทุกข์
41556091,ประกันออนไลน์
41558820,ร้องทุกข์
41558820,ประกันสุขภาพ
41558820,ข้อเสนอแนะถึงพันทิป
41559735,การออมเงิน
41559735,การลงทุน
41559735,value investment
41559735,ประกันชีวิตสำหรับผู้สูงอายุ
41559735,คุ้มครองผู้บริโภค
41560394,การเงิน
41560394,ธุรกรรมทางการเงิน
41560394,เตือนภัย
41560394,ประกันสุขภาพ
41560394,คุ้มครองผู้บริโภค
41563613,ประกันสุขภาพ
41563613,ประกันภัยรถ
41563613,ธนาคารกรุงศรีอยุธยา
41563632,ประกันสุขภาพ
41565413,คุ้มครองผู้บริโภค
41565413,ประกันสุขภาพ
41565413,ประกันออนไลน์
41565632,ร้องทุกข์
41565632,ประกันสุขภาพ
41565953,เตือนภัย
41565953,ร้องทุกข์
41565953,ประกันสุขภาพ
41565953,คุ้มครองผู้บริโภค
41567883,ประกันสุขภาพ
41568956,ประกันสุขภาพ
41568956,ประกันออนไลน์
41569127,ประกันภัยรถ
41570486,ประกันสุขภาพ
41571241,อุบัติเหตุ
41571241,รถยนต์
41571241,อุบัติเหตุบนท้องถนน
41571241,ศูนย์บริการรถยนต์
41571241,ประกันภัยรถ
41573959,ประกันสุขภาพ
41573959,ภาคกลาง
41574842,ประกันสุขภาพ
41574842,ประกันออนไลน์
41576965,กฎหมายชาวบ้าน
41576965,ประกันสุขภาพ
41576965,คุ้มครองผู้บริโภค
41576965,ภาษาไทย
41576965,ประกันชีวิต
41577900,ประกันออนไลน์
41577900,ร้องทุกข์
41577900,ประกันสุขภาพ
41577900,คุ้มครองผู้บริโภค
41578855,ประกันออนไลน์
41578855,เที่ยวต่างประเทศ
41578855,ประกันภัยการเดินทาง
41585349,รถยนต์
41585349,อุบัติเหตุ
41585349,ประกันภัยรถ
41586714,ประกันสุขภาพ
41589483,ประกันสุขภาพ
41591083,ท่องเที่ยว
41591083,ประกันสุขภาพ
41591083,เที่ยวต่างประเทศ
41591083,บาหลี
41596765,อุบัติเหตุ
41596765,สำนักงานคณะกรรมการกำกับและส่งเสริมการประกอบธุรกิจประกันภัย (คปภ.)
41596765,ร้องทุกข์
41596765,คุ้มครองผู้บริโภค
41596765,ประกันออนไลน์
41597731,บัตรเครดิต
41597731,ประกันสุขภาพ
41597731,ร้องทุกข์
41597731,ธนาคารไทยพาณิชย์
41597731,ประกันออนไลน์
41600295,ประกันสุขภาพ
41600295,ประกันสำหรับผู้สูงอายุ
41600295,ประกันชีวิตสำหรับผู้สูงอายุ
41600295,ประกันสุขภาพสำหรับผู้สูงอายุ
41600402,ประกันสุขภาพสำหรับเด็กและทารก
41600402,ประกันสุขภาพ
41600402,ประกันสำหรับเด็กและทารก
41600402,ประกันออนไลน์
41603702,ร้องทุกข์
41603702,ประกันสุขภาพ
41603702,คุ้มครองผู้บริโภค
41606760,เคมีบำบัด (chemotherapy)
41606760,โรคมะเร็ง
41606760,ประกันสุขภาพ
41606760,โรงพยาบาล
41607856,การวางแผนการเงิน
41607856,ประกันสุขภาพ
41607856,ประกันชีวิต
41608375,ประกันสุขภาพ
41608375,บริษัทประกันชีวิต
41608375,คลับสุขภาพ
41608375,ประกันออนไลน์
41608375,ประกันชีวิต
41609617,รถยนต์
41609617,ประกันออนไลน์
41609617,ประกันภัยรถ
41611340,ประกันสุขภาพ
41611340,คุ้มครองผู้บริโภค
41611741,ประกันสุขภาพ
41613970,ร้องทุกข์
41613970,ประกันสุขภาพ
41613970,บัตรเครดิต
41613970,พนักงานขาย
41615803,สุขภาพ
41615803,ประกันสุขภาพ
41615803,คุ้มครองผู้บริโภค
41615803,บริษัทประกันชีวิต
41621085,เตือนภัย
41621085,อุบัติเหตุบนท้องถนน
41621085,อุบัติเหตุ
41621085,ประกันออนไลน์
41621225,ประกันภัยรถ
41624784,ประกันสุขภาพ
41624784,ประกันภัยรถ
41624784,ระบบรายเดือน (postpaid)
41624784,คุ้มครองผู้บริโภค
41624784,ประกันออนไลน์
41627855,แผนการเดินทางและท่องเที่ยว
41627855,ประกันภัยการเดินทาง
41630440,leasing
41630440,ทนายความ
41630440,สินเชื่อรถยนต์
41630440,คุ้มครองผู้บริโภค
41630440,ประกันออนไลน์
41630495,ประกันสุขภาพ
41631969,รถยนต์
41631969,อู่ซ่อมรถ
41631969,ประกันภัยรถ
41631969,สินเชื่อรถยนต์
41631969,อะไหล่รถ
41634305,เตือนภัย
41634305,ประกันสุขภาพ
41634305,ธนาคารทหารไทยธนชาต
41634305,ร้องทุกข์
41634305,คุ้มครองผู้บริโภค
41634600,ประกันสุขภาพ
41634600,ครอบครัว
41634885,ประกันสุขภาพ
41635651,ประกันสุขภาพ
41635749,คุ้มครองผู้บริโภค
41635749,นักกฎหมาย
41635749,ประกันภัยรถ
41635749,ทนายความ
41636605,ประกันสุขภาพ
41637453,ประกันสุขภาพ
41637817,ประกันสุขภาพ
41638142,อุบัติเหตุบนท้องถนน
41638142,อุบัติเหตุ
41638142,ประกันภัยรถ
41638582,ประกันสุขภาพ
41638621,ประกันสุขภาพ
41641041,ประกันภัยรถ
41641208,ร้องทุกข์
41641208,ประกันสุขภาพ
41641208,คุ้มครองผู้บริโภค
41641208,ประกันสุขภาพสำหรับผู้สูงอายุ
41641289,รถยนต์
41641289,ปัญหาชีวิต
41641289,ประกันภัยรถ
41642654,aeon
41642654,ร้องทุกข์
41642654,ประกันสุขภาพ
41642654,คุ้มครองผู้บริโภค
41644238,ประกันสุขภาพ
41644238,ประกันสำหรับเด็กและทารก
41644238,คุ้มครองผู้บริโภค
41645762,ร้องทุกข์
41645762,ประกันสุขภาพ
41645762,คุ้มครองผู้บริโภค
41647457,สินเชื่อรถยนต์
41647457,คุ้มครองผู้บริโภค
41647457,ประกันภัยรถ
41648637,เตือนภัย
41648637,โรงพยาบาลเอกชน
41648637,ประกันสุขภาพ
41648637,คุ้มครองผู้บริโภค
41648637,โรงพยาบาล
41651805,ประกันสุขภาพ
41651805,ประกันออนไลน์
41651805,โรงพยาบาล
41654375,ร้องทุกข์
41654375,ประกันสุขภาพ
41654375,ปัญหาชีวิต
41654375,บัตรเครดิต
41656174,ร้องทุกข์
41656174,ประกันสุขภาพ
41656174,คุ้มครองผู้บริโภค
41656767,การลงทุน
41656767,การวางแผนการเงิน
41656767,ประกันสำหรับเด็กและทารก
41656767,การออมเงิน
41657000,ร้องทุกข์
41657000,คุ้มครองผู้บริโภค
41657000,ประกันสุขภาพ
41659219,ประกันสุขภาพ
41659630,ประกันภัยรถ
41664001,บัตรเครดิต
41664001,scb easy
41664001,ประกันชีวิตสำหรับผู้สูงอายุ
41664001,คุ้มครองผู้บริโภค
41664001,ธนาคารไทยพาณิชย์
41665998,ประกันภัยรถ
41670710,บัตรกดเงินสด
41670710,บัตรเครดิต
41670710,ประกันชีวิต
41670988,ประกันสุขภาพ
41675226,ประกันสุขภาพ
41675262,ร้องทุกข์
41675262,ประกันสุขภาพ
41675262,คุ้มครองผู้บริโภค
41675262,โรงพยาบาล
41677335,ประกันสุขภาพ
41677335,ประกันออนไลน์
41678374,สินเชื่อเพื่อที่อยู่อาศัย
41678374,ประกันสินเชื่อบ้าน
41678374,ธนาคาร
41678374,คอนโดมิเนียม
41678374,คุ้มครองผู้บริโภค
41680036,ประกันภัยรถ
41680509,ประกันสุขภาพ
41680509,ธนาคารไทยพาณิชย์
41680509,ประกันออนไลน์
41680509,ธนาคารกรุงไทย
41680639,คุ้มครองผู้บริโภค
41680639,ประกันภัยรถ
41681209,ร้องทุกข์
41681209,ประกันสุขภาพ
41689267,ร้องทุกข์
41689267,คุ้มครองผู้บริโภค
41689267,ประกันชีวิตสำหรับผู้สูงอายุ
41689267,ประกันสุขภาพสำหรับผู้สูงอายุ
41691383,ประกันสุขภาพ
41691383,คุ้มครองผู้บริโภค
41691383,ประกันชีวิต
41692538,การเงิน
41692538,ประกันวินาศภัย
41692538,ประกันสุขภาพ
41692538,ประกันภัยรถ
41692538,ประกันออนไลน์
41693353,คุ้มครองผู้บริโภค
41693353,ประกันภัยรถ
41694314,ประกันสุขภาพ
41694314,คุ้มครองผู้บริโภค
41694518,ประกันสุขภาพ
41694518,คลินิกความงาม
41694518,ธุรกิจความงาม
41694518,ศัลยกรรมความงาม
41694893,ประกันสุขภาพ
41696394,บัตรเครดิต
41696394,ธนาคารกสิกรไทย
41696394,ธนาคาร
41696394,ประกันสุขภาพ
41696394,บัตรกดเงินสด
41696659,ร้องทุกข์
41696659,ธนาคาร
41696659,บริษัทประกันชีวิต
41698069,บริจาคเลือด
41698069,ประกันสำหรับผู้สูงอายุ
41698069,ประกันสุขภาพ
41698069,ประกันชีวิตสำหรับผู้สูงอายุ
41698069,ประกันสุขภาพสำหรับผู้สูงอายุ
41698870,ประกันสุขภาพ
41698870,มนุษย์เงินเดือน
41699884,ทรัพยากรบุคคล
41699884,ประกันสุขภาพ
41699884,มนุษย์เงินเดือน
41699884,ประกันออนไลน์
41700959,สำนักงานประกันสังคม
41700959,ประกันสุขภาพ
41700959,ประกันสังคม
41700959,บริษัทประกันชีวิต
41700959,ประกันชีวิต
41701956,ประกันสุขภาพ
41701956,สำนักงานคณะกรรมการกำกับและส่งเสริมการประกอบธุรกิจประกันภัย (คปภ.)
41701956,ร้องทุกข์
41701956,คุ้มครองผู้บริโภค
41701956,ประกันออนไลน์
41702787,สินเชื่อรถยนต์
41702787,คุ้มครองผู้บริโภค
41702787,สำนักงานคณะกรรมการกำกับและส่งเสริมการประกอบธุรกิจประกันภัย (คปภ.)
41704002,เตือนภัย
41704002,ประกันสุขภาพ
41704002,คุ้มครองผู้บริโภค
41704002,ธนาคารไทยพาณิชย์
41704002,ประกันสุขภาพสำหรับผู้สูงอายุ
41705813,tvd (หุ้น)
41705813,บัตรเครดิต
41705813,เตือนภัย
41705813,คุ้มครองผู้บริโภค
41705813,ประกันออนไลน์
41709325,ประกันสุขภาพ
41710673,ประกันออนไลน์
41710673,ประกันภัยรถ
41710673,ประกันวินาศภัย
41711651,ปัญหาสังคม
41711651,เตือนภัย
41711651,ประกันสุขภาพ
41711651,ร้องทุกข์
41711651,โรงพยาบาล
41711716,ธนาคาร
41711716,ประกันสุขภาพ
41711716,ธนาคารกรุงศรีอยุธยา
41711716,ร้องทุกข์
41711716,คุ้มครองผู้บริโภค
41711720,ประกันสุขภาพ
41712758,เที่ยวญี่ปุ่น
41712758,ประกันสุขภาพ
41712758,ประเทศญี่ปุ่น
41714461,ประกันสุขภาพ
41714461,คุ้มครองผู้บริโภค
41714461,สำนักงานคณะกรรมการคุ้มครองผู้บริโภค (สคบ.)
41720688,สำนักงานคณะกรรมการคุ้มครองผู้บริโภค (สคบ.)
41720688,เตือนภัย
41720688,ประกันสุขภาพ
41720688,ร้องทุกข์
41720688,คุ้มครองผู้บริโภค
41724806,อุบัติเหตุบนท้องถนน
41724806,ทะเบียนรถ
41724806,ประกันภัยรถ
41729875,โรคหัวใจ
41729875,ประกันสุขภาพ
41729875,โรคมะเร็ง
41729875,การวางแผนการเงิน
41729875,ประกันสุขภาพสำหรับผู้สูงอายุ
41731674,หลักประกันสุขภาพถ้วนหน้า (บัตรทอง)
41731674,ประกันสุขภาพสำหรับเด็กและทารก
41731674,ประกันสุขภาพ
41731674,ประกันออนไลน์
41731674,ประกันสุขภาพสำหรับผู้สูงอายุ
41731812,ประกันภัยรถ
41731812,ประกันภัยการเดินทาง
41733452,คุ้มครองผู้บริโภค
41733452,ประกันภัยรถ
41733452,ดูแลรักษารถยนต์
41735587,ศูนย์บริการรถยนต์
41735587,ประกันออนไลน์
41735587,ประกันภัยรถ
41736252,ประกันภัยรถ
41737513,ประกันสุขภาพสำหรับเด็กและทารก
41737513,ประกันสุขภาพ
41737513,ประกันสำหรับเด็กและทารก
41737513,ประกันชีวิตสำหรับเด็กและทารก
41737933,เตือนภัย
41737933,คุ้มครองผู้บริโภค
41737933,ปัญหาสังคม
41737933,ประกันชีวิต
41738133,บัญชี
41738133,ธนาคาร
41738133,ประกันสุขภาพ
41738133,บัตรเดบิต
41738133,ธนาคารกรุงไทย
41738196,เจ้าของธุรกิจ
41738196,ประกันสุขภาพ
41738196,การเงิน
41739213,อุบัติเหตุบนท้องถนน
41739213,ประกันภัยรถ
41742856,สำนักงานคณะกรรมการคุ้มครองผู้บริโภค (สคบ.)
41742856,อู่ซ่อมรถ
41742856,ประกันภัยรถ
41742856,คุ้มครองผู้บริโภค
41742856,ประกันออนไลน์
41743635,ธนาคาร
41743635,คุ้มครองผู้บริโภค
41743635,ประกันชีวิต
41743635,ธนาคารกรุงไทย
41744097,ประกันภัยรถ
41746546,ประกันสุขภาพ
41746546,ประกันออนไลน์
41748731,อุบัติเหตุบนท้องถนน
41748731,อุบัติเหตุ
41748731,ประกันภัยรถ
41748731,อู่ซ่อมรถ
41748931,บัตรเครดิต
41748931,การเงิน
41748931,เตือนภัย
41748931,ร้องทุกข์
41748931,ประกันออนไลน์
41751418,ประกันสุขภาพ
41751924,การลงทุน
41751924,ประกันสุขภาพ
41751924,การออมเงิน
41751924,การเงิน
41755229,สำนักงานคณะกรรมการคุ้มครองผู้บริโภค (สคบ.)
41755229,เตือนภัย
41755229,บริษัทประกันชีวิต
41755229,ศาลชั้นต้น
41755229,aeon
41756155,โรคติดเชื้อไวรัสโคโรนาสายพันธุ์ใหม่ 2019 (covid-19)
41756155,ประกันวินาศภัย
41756155,ประกันสุขภาพ
41756155,คุ้มครองผู้บริโภค
41756155,ประกันออนไลน์
41758386,ประกันออนไลน์
41758386,ร้องทุกข์
41758386,คุ้มครองผู้บริโภค
41758386,บัตรเครดิต
41759097,ประกันสุขภาพ
41759097,บริษัทประกันชีวิต
41759097,ตัวแทนประกันชีวิต (อาชีพ)
41759097,ประกันชีวิต
41759797,ประกันสุขภาพ
41759797,ประกันออนไลน์
41759797,ประกันชีวิต
41761460,ร้องทุกข์
41761460,ประกันสุขภาพ
41761460,บัตรเครดิต
41761460,ธนาคารกรุงศรีอยุธยา
41764933,คุ้มครองผู้บริโภค
41764933,บัตรเครดิต
41764933,ประกันชีวิต
41764933,บริษัทประกันชีวิต
41765587,ประกันสุขภาพ
41768900,ประกันสุขภาพ
41768900,dtac
41768907,ประกันภัยรถ
41769003,ประกันสุขภาพ
41769003,ประกันสำหรับเด็กและทารก
41769068,true card
41769068,true money wallet
41769068,ประกันสุขภาพ
41769068,ร้องทุกข์
41769068,คุ้มครองผู้บริโภค
41774910,คุ้มครองผู้บริโภค
41774910,ร้องทุกข์
41774910,ประกันสุขภาพ
41774910,ประกันออนไลน์
41777909,คุ้มครองผู้บริโภค
41777909,ประกันสุขภาพ
41777909,ประกันออนไลน์
41778216,เจ้าของธุรกิจ
41778216,ประกันสุขภาพ
41778216,ปัญหาชีวิต
41778216,การเงิน
41779311,สุขภาพเด็กและทารก
41779311,ประกันสุขภาพ
41779311,ประกันสำหรับเด็กและทารก
41781683,รถยนต์
41781683,อุบัติเหตุบนท้องถนน
41781683,ประกันภัยรถ
41782094,การเงิน
41782094,เตือนภัย
41782094,ประกันสุขภาพ
41782094,ร้องทุกข์
41782094,คุ้มครองผู้บริโภค
41782881,ประกันสุขภาพ
41782881,มนุษย์เงินเดือน
41782881,การออมเงิน
41782881,ประกันชีวิต
41797999,สุขภาพกาย
41797999,ประกันสุขภาพ
41797999,แพทย์
41797999,คุ้มครองผู้บริโภค
41797999,โรงพยาบาล
41798245,อุบัติเหตุ
41798245,อู่ซ่อมรถ
41798245,อุบัติเหตุบนท้องถนน
41798245,ศูนย์บริการรถยนต์
41798245,ประกันภัยรถ
41799249,ประกันสำหรับผู้สูงอายุ
41799249,บัตรเครดิต
41799249,ประกันสุขภาพ
41799249,คุ้มครองผู้บริโภค
41799249,ประกันออนไลน์
41800118,ประกันสุขภาพ
41800118,คุ้มครองผู้บริโภค
41800118,ประกันวินาศภัย
41806329,ชีวิตวัยรุ่น
41806329,ประกันสุขภาพ
41806329,มนุษย์เงินเดือน
41806391,บัตรเครดิต
41806391,เตือนภัย
41806391,ประกันสุขภาพ
41806391,คุ้มครองผู้บริโภค
41806391,ธนาคารไทยพาณิชย์
41807784,ประกันสุขภาพ
41807784,ธนาคารไทยพาณิชย์
41808685,มนุษย์เงินเดือน
41808685,ทรัพยากรบุคคล
41808685,ประกันสุขภาพ
41808685,สวัสดิการแรงงาน
41808685,การบริหารจัดการ
41808896,เตือนภัย
41808896,ประกันสุขภาพ
41808896,ร้องทุกข์
41808896,ประกันออนไลน์
41808896,ประกันสุขภาพสำหรับผู้สูงอายุ
41810286,เตือนภัย
41810286,ร้องทุกข์
41810286,คุ้มครองผู้บริโภค
41810286,ประกันภัยรถ
41814838,การเงิน
41814838,โรคกระเพาะ
41814838,ประกันสุขภาพ
41814838,ร้องทุกข์
41814838,คุ้มครองผู้บริโภค
41816075,รถยนต์
41816075,ประกันภัยรถ
41816075,พลังงานไฟฟ้า
41818325,ร้องทุกข์
41818325,คุ้มครองผู้บริโภค
41818325,ประกันสำหรับเด็กและทารก
41818631,คุ้มครองผู้บริโภค
41818631,ประกันสุขภาพ
41818631,ประกันออนไลน์
41819672,ประกันสุขภาพ
41821011,โรงพยาบาลเอกชน
41821011,ประกันสุขภาพ
41821011,แพทย์
41821011,คลับสุขภาพ
41821011,โรงพยาบาล
41822109,ธนาคารกรุงเทพ
41822109,ธนาคาร
41822109,ประกันสุขภาพ
41822109,บัตรเดบิต
41822109,คุ้มครองผู้บริโภค
41823564,แมว
41823564,ประกันสุขภาพ
41823564,สัตว์เลี้ยง
41825613,tvd (หุ้น)
41825613,เตือนภัย
41825613,ร้องทุกข์
41825613,คุ้มครองผู้บริโภค
41825613,ประกันออนไลน์
41827288,ประกันสุขภาพ
41827415,รถยนต์
41827415,ซ่อมบำรุงรถยนต์
41827415,อู่ซ่อมรถ
41827415,ศูนย์บริการรถยนต์
41827415,ประกันภัยรถ
41829677,ประกันสุขภาพ
41833329,คุ้มครองผู้บริโภค
41833329,ประกันภัยรถ
41834556,ประกันภัยรถ
41834792,ประกันภัยรถ
41836107,iphone
41836107,ios
41836107,ประกันสุขภาพ
41836107,โทรศัพท์มือถือ
41836107,สมาร์ทโฟน
41836700,ประกันออนไลน์
41836700,ประกันสุขภาพ
41836700,คุ้มครองผู้บริโภค
41836825,ระบบย่อยอาหาร (digestive system)
41836825,ประกันสุขภาพ
41838051,เตือนภัย
41838051,ร้องทุกข์
41838051,ประกันสุขภาพ
41838051,คุ้มครองผู้บริโภค
41840421,เตือนภัย
41840421,ร้องทุกข์
41840421,คุ้มครองผู้บริโภค
41840421,ประกันสุขภาพ
41841360,ประกันสุขภาพ
41841360,ร้องทุกข์
41841360,การหักลดหย่อน
41841360,ประกันออนไลน์
41841360,กรมสรรพากร
41845874,ประกันภัยรถ
41845874,อู่ซ่อมรถ
41848065,ประกันสุขภาพ
41848065,ประกันสุขภาพสำหรับผู้สูงอายุ
41849784,สินเชื่อรถยนต์
41849784,รถยนต์
41849784,ประกันชีวิต
41852350,ประกันออนไลน์
41852350,บัตรเครดิต
41852494,สำนักงานคณะกรรมการคุ้มครองผู้บริโภค (สคบ.)
41852494,บัตรเครดิต
41852494,ธนาคารกรุงศรีอยุธยา
41852494,คุ้มครองผู้บริโภค
41852494,ประกันออนไลน์
41852621,สินเชื่อรถยนต์
41852621,รถยนต์
41852621,ประกันภัยรถ
41853434,สำนักงานคณะกรรมการคุ้มครองผู้บริโภค (สคบ.)
41853434,ประกันสุขภาพ
41853434,กฎหมายชาวบ้าน
41853434,คุ้มครองผู้บริโภค
41853434,ประกันชีวิต
41853979,สินเชื่อเพื่อที่อยู่อาศัย
41853979,ประกันสินเชื่อบ้าน
41853979,สินเชื่อระยะยาว
41853979,ธนาคาร
41853979,ธนาคารกรุงไทย
41854211,การเงิน
41854211,กฎหมายชาวบ้าน
41854211,คุ้มครองผู้บริโภค
41854211,บริษัทประกันชีวิต
41854211,ประกันชีวิต
41854647,ยางรถยนต์
41854647,อุบัติเหตุ
41854647,รถยนต์
41854647,อุบัติเหตุบนท้องถนน
41854647,ประกันภัยรถ
41854887,ประกันภัยรถ
41854887,อู่ซ่อมรถ
41855707,เตือนภัย
41855707,คุ้มครองผู้บริโภค
41855707,ประกันสุขภาพ
41855707,ทนายความ
41856423,ประกันสุขภาพ
41857856,ประกันสุขภาพสำหรับผู้สูงอายุ
41857856,ประกันสุขภาพสำหรับเด็กและทารก
41857856,ประกันสุขภาพ
41857856,ประกันสำหรับเด็กและทารก
41857856,โรงพยาบาล
41863365,บ้าน
41863365,สินเชื่อเพื่อที่อยู่อาศัย
41863365,ประกันสินเชื่อบ้าน
41863365,สินเชื่อธุรกิจ
41863953,นักกฎหมาย
41863953,ประกันวินาศภัย
41863953,สำนักงานคณะกรรมการกำกับและส่งเสริมการประกอบธุรกิจประกันภัย (คปภ.)
41863953,ร้องทุกข์
41863953,ประกันชีวิต
41864459,คุ้มครองผู้บริโภค
41864459,ศูนย์บริการรถยนต์
41864459,สำนักงานคณะกรรมการกำกับและส่งเสริมการประกอบธุรกิจประกันภัย (คปภ.)
41864459,ประกันภัยรถ
41864853,คนพิการ
41864853,แผนการเดินทางและท่องเที่ยว
41864853,ประกันสำหรับผู้สูงอายุ
41864853,ร้องทุกข์
41864853,ประกันออนไลน์
41865425,ร้องทุกข์
41865425,ประกันสุขภาพ
41865425,คุ้มครองผู้บริโภค
41865425,กฎหมายชาวบ้าน
41868941,ประกันสุขภาพสำหรับเด็กและทารก
41868941,ประกันสุขภาพ
41868941,ประกันชีวิตสำหรับผู้สูงอายุ
41868941,ประกันสุขภาพสำหรับผู้สูงอายุ
41869358,ประกันสุขภาพ
41869358,คุ้มครองผู้บริโภค
41869358,แพทย์
41869358,โรงพยาบาล
41871405,บัตรเครดิต
41871405,เตือนภัย
41871405,ร้องทุกข์
41871405,คุ้มครองผู้บริโภค
41871405,ประกันออนไลน์
41873330,ประกันสุขภาพ
41873330,บริษัทประกันชีวิต
41873330,ตัวแทนประกันชีวิต (อาชีพ)
41873330,ประกันออนไลน์
41873330,ประกันชีวิต
41874048,บัตรเครดิต
41874048,เตือนภัย
41874048,ร้องทุกข์
41874048,คุ้มครองผู้บริโภค
41874048,ประกันออนไลน์
41875312,ประกันออนไลน์
41875312,ร้องทุกข์
41875312,อุบัติเหตุ
41875312,ทนายความ
41876123,รถยนต์
41876123,ประกันภัยรถ
41879699,ประกันสุขภาพ
41881390,เตือนภัย
41881390,ประกันสุขภาพ
41881390,ธนาคารทหารไทยธนชาต
41881390,ร้องทุกข์
41881390,คุ้มครองผู้บริโภค
41884153,ประกันสุขภาพ
41885927,ประกันออนไลน์
41885927,ประกันสุขภาพ
41885927,aeon
41885927,บัตรเครดิต
41886995,ซ่อมบำรุงรถยนต์
41886995,อู่ซ่อมรถ
41886995,ประกันภัยรถ
41886995,ร้องทุกข์
41886995,ประกันออนไลน์
41888683,ประกันสุขภาพ
41888683,ประกันออนไลน์
41895579,คุ้มครองผู้บริโภค
41895579,ประกันสุขภาพ
41895579,คนไทยในต่างแดน
41895579,ทำงานต่างประเทศ
41899019,ประกันออนไลน์
41899019,ร้องทุกข์
41899019,บัตรเครดิต
41899019,ธนาคารกรุงศรีอยุธยา
41899260,โรคติดต่อ
41899260,ประกันสุขภาพ
41899260,โรคติดเชื้อไวรัสโคโรนาสายพันธุ์ใหม่ 2019 (covid-19)
41899260,โรงพยาบาล
41903246,รถยนต์
41903246,ประกันภัยรถ
41903246,อะไหล่รถ
41903246,อู่ซ่อมรถ
41903407,ประกันสุขภาพ
41903407,ประกันสำหรับผู้สูงอายุ
41903407,ประกันชีวิตสำหรับผู้สูงอายุ
41903407,ประกันสุขภาพสำหรับผู้สูงอายุ
41903787,การวางแผนการเงิน
41903787,มนุษย์เงินเดือน
41903787,ประกันออนไลน์
41903787,ประกันชีวิต
41903789,รถยนต์
41903789,อุบัติเหตุบนท้องถนน
41903789,อุบัติเหตุ
41903789,ประกันภัยรถ
41904452,ประกันสุขภาพ
41904809,คุ้มครองผู้บริโภค
41904809,ประกันภัยรถ
41904809,thanachart connect
41905186,คุ้มครองผู้บริโภค
41905186,ประกันออนไลน์
41905186,ประกันภัยรถ
41905186,ประกันวินาศภัย
41907143,ร้องทุกข์
41907143,ประกันสุขภาพ
41907143,คุ้มครองผู้บริโภค
41907143,บัตรเครดิต
41909562,สินเชื่อรถยนต์
41909562,คุ้มครองผู้บริโภค
41909562,ประกันภัยรถ
41909562,ธนาคารทหารไทยธนชาต
41911093,มนุษย์เงินเดือน
41911093,ทรัพยากรบุคคล
41911093,ประกันสุขภาพ
41911093,สวัสดิการแรงงาน
41911093,ประกันชีวิตสำหรับผู้สูงอายุ
41912792,บัตรเครดิต
41912792,ประกันชีวิต
41915958,ธุรกรรมออนไลน์
41915958,เตือนภัย
41915958,ประกันสุขภาพ
41915958,คุ้มครองผู้บริโภค
41915958,ประกันออนไลน์
41916983,ประกันชีวิตสำหรับเด็กและทารก
41916983,ประกันสุขภาพสำหรับเด็กและทารก
41916983,เตือนภัย
41916983,ประกันสุขภาพ
41916983,คุ้มครองผู้บริโภค
41917604,เตือนภัย
41917604,ประกันสุขภาพ
41917604,ร้องทุกข์
41917604,คุ้มครองผู้บริโภค
41917604,ประกันชีวิต
41918571,บริษัท ไทยประกันชีวิต จำกัด (มหาชน)
41918571,ประกันสุขภาพ
41918571,ประกันชีวิต
41921432,ประกันภัยรถ
41922312,คุ้มครองผู้บริโภค
41922312,ประกันสุขภาพ
41924346,บัตรเครดิต
41924346,ธนาคารกสิกรไทย
41924346,ประกันสุขภาพ
41924346,ร้องทุกข์
41924346,ประกันออนไลน์
41924618,ศูนย์บริการรถยนต์
41924618,ประกันออนไลน์
41924618,ประกันภัยรถ
41926725,ร้องทุกข์
41926725,ประกันออนไลน์
41927101,รถยนต์
41927101,อู่ซ่อมรถ
41927101,อุบัติเหตุบนท้องถนน
41927101,ประกันภัยรถ
41927101,ทนายความ
41929776,กฎหมายชาวบ้าน
41929776,ศูนย์บริการรถยนต์
41929776,ประกันภัยรถ
41929776,ร้องทุกข์
41929776,คุ้มครองผู้บริโภค
41931296,ประกันสุขภาพ
41931296,ประกันออนไลน์
41931296,ประกันชีวิต
41932440,สินเชื่อเพื่อที่อยู่อาศัย
41932440,ธนาคาร
41932440,ประกันสินเชื่อบ้าน
41933366,ประกันออนไลน์
41933366,ประกันสุขภาพ
41933366,สำนักงานคณะกรรมการกำกับและส่งเสริมการประกอบธุรกิจประกันภัย (คปภ.)
41933366,คุ้มครองผู้บริโภค
41939355,รถยนต์
41939355,การขนส่งทางรถยนต์ (motor transportation)
41939355,ประกันออนไลน์
41939355,ประกันภัยรถ
41940221,ธนาคารกรุงเทพ
41940221,ธนาคาร
41940221,ประกันสุขภาพ
41941432,ประกันสุขภาพ
41941632,ประกันสุขภาพ
41941632,ประกันสุขภาพสำหรับผู้สูงอายุ
41943826,เตือนภัย
41943826,ประกันสุขภาพ
41944230,ธนาคารไทยพาณิชย์
41944230,บริษัทประกันชีวิต
41944230,การเงิน
41944230,scb easy
41944327,เตือนภัย
41944327,ร้องทุกข์
41944327,ประกันสุขภาพ
41944327,คุ้มครองผู้บริโภค
41944954,ซ่อมบำรุงรถยนต์
41944954,ประกันภัยรถ
41944954,ดูแลรักษารถยนต์
41944954,อู่ซ่อมรถ
41946796,มนุษย์เงินเดือน
41946796,การเงิน
41946796,ประกันชีวิต
41946796,ธนาคารไทยพาณิชย์
41951431,อุบัติเหตุบนท้องถนน
41951431,ประกันภัยรถ
41951431,อู่ซ่อมรถ
41951697,ประกันสุขภาพ
41951697,ประกันออนไลน์
41952340,บัตรเครดิต
41952340,สำนักงานคณะกรรมการกำกับและส่งเสริมการประกอบธุรกิจประกันภัย (คปภ.)
41952340,ธนาคารกรุงศรีอยุธยา
41952340,ร้องทุกข์
41952340,คุ้มครองผู้บริโภค
41955181,สินเชื่อรถยนต์
41955181,ประกันสุขภาพ
41955181,ร้องทุกข์
41955181,ประกันชีวิต
41959876,เตือนภัย
41959876,ประกันสุขภาพ
41959876,ร้องทุกข์
41959876,คุ้มครองผู้บริโภค
41959876,ประกันออนไลน์
41962963,ประกันสุขภาพ
41962963,ประกันสำหรับเด็กและทารก
41966593,ประกันออนไลน์
41966593,การออมเงิน
41970454,ร้องทุกข์
41970454,ประกันภัยรถ
41970454,ทนายความ
41970979,ประกันสุขภาพ
41972028,aeon
41972028,ประกันสุขภาพ
41972028,บัตรเครดิต
41972082,บัตรเอทีเอ็ม
41972082,บัตรเครดิต
41972082,ธนาคาร
41972082,ประกันสุขภาพ
41972082,ธนาคารกรุงไทย
41972139,ประกันสุขภาพสำหรับเด็กและทารก
41972139,ประกันสุขภาพ
41972139,ประกันชีวิตสำหรับเด็กและทารก
41972979,รถยนต์
41972979,ซ่อมบำรุงรถยนต์
41972979,อู่ซ่อมรถ
41972979,toyota
41972979,ประกันภัยรถ
41976847,ประกันสุขภาพ
41980289,อุบัติเหตุ
41980289,อู่ซ่อมรถ
41980289,สำนักงานคณะกรรมการกำกับและส่งเสริมการประกอบธุรกิจประกันภัย (คปภ.)
41980289,ประกันภัยรถ
41980289,ร้องทุกข์
41980468,รถยนต์
41980468,ประกันออนไลน์
41980468,ประกันภัยรถ
41980468,ดูแลรักษารถยนต์
41980879,วีซ่า
41980879,สำนักงานคณะกรรมการคุ้มครองผู้บริโภค (สคบ.)
41980879,ประกันภัยการเดินทาง
41980879,ประกันออนไลน์
41980879,ประกันชีวิต
41983571,ประกันสุขภาพ
41983571,ประกันสำหรับผู้สูงอายุ
41983571,บัตรเครดิต
41984360,ประกันสุขภาพ
41986430,ประกันสุขภาพ
41987555,ประกันสุขภาพ
41987555,บริษัทประกันชีวิต
41987555,ประกันชีวิต
41988334,สุขภาพ
41988334,ประกันออนไลน์
41988334,บัตรเครดิต
41988334,ประกันชีวิต
41991382,ธุรกรรมออนไลน์
41991382,บัตรเครดิต
41991382,ร้องทุกข์
41991382,คุ้มครองผู้บริโภค
41991382,ประกันออนไลน์
41992288,รถยนต์
41992288,ประกันภัยรถ
41995688,ร้องทุกข์
41995688,คุ้มครองผู้บริโภค
41995688,ประกันออนไลน์
41995688,บัตรเครดิต
41995671,ประกันภัยรถ
41995800,เงินฝากระยะยาว
41995800,ประกันสุขภาพ
41995800,คุ้มครองผู้บริโภค
41995800,ประกันออนไลน์
41995932,สุขภาพจิต
41995932,ประกันสุขภาพ
41996183,เตือนภัย
41996183,อุบัติเหตุบนท้องถนน
41996183,ร้องทุกข์
41996183,คุ้มครองผู้บริโภค
41996183,ประกันออนไลน์
41996411,สำนักงานคณะกรรมการคุ้มครองผู้บริโภค (สคบ.)
41996411,พระราชบัญญัติจราจรทางบก (พ.ร.บ.จราจรทางบก)
41996411,ประกันภัยรถ
41996411,ธนาคารธนชาต
41996411,คุ้มครองผู้บริโภค
41997041,ประกันสุขภาพ
41997041,ประกันออนไลน์
41997041,ธนาคารกรุงศรีอยุธยา
41997861,ร้องทุกข์
41997861,คุ้มครองผู้บริโภค
41997861,ประกันออนไลน์
41997861,ประกันภัยรถ
42001005,ประกันสำหรับผู้สูงอายุ
42001005,ประกันสุขภาพ
42001005,บัตรเครดิต
42001005,ประกันชีวิตสำหรับผู้สูงอายุ
42001823,ประกันสุขภาพ
42001823,แพทย์
42001823,ประกันสังคม
42001823,ประจำเดือน (menstruation)
42001823,โรงพยาบาล
42004708,ประกันสุขภาพ
42004708,สำนักงานคณะกรรมการกำกับและส่งเสริมการประกอบธุรกิจประกันภัย (คปภ.)
42004780,แผนการเดินทางและท่องเที่ยว
42004780,เที่ยวต่างประเทศ
42004780,ประกันภัยการเดินทาง
42005117,ประกันสุขภาพ
42005117,บริษัทประกันชีวิต
42005117,ตัวแทนประกันชีวิต (อาชีพ)
42005117,ประกันออนไลน์
42005117,ประกันชีวิต
42005980,คุ้มครองผู้บริโภค
42005980,ประกันสุขภาพ
42005980,ประกันออนไลน์
42007404,บัตรเครดิต
42007404,สำนักงานหลักประกันสุขภาพแห่งชาติ (สปสช.)
42007404,ตัวแทนประกันชีวิต (อาชีพ)
42007404,ธนาคารกรุงศรีอยุธยา
42007404,ประกันออนไลน์
42009308,เงินฝากระยะยาว
42009308,การเงิน
42009308,เตือนภัย
42009308,ประกันสุขภาพ
42009308,คุ้มครองผู้บริโภค
42014337,ประกันสุขภาพ
42014337,ประกันออนไลน์
42014337,ประกันชีวิต
42016690,ประกันสุขภาพ
42016690,ประกันออนไลน์
42022083,สินเชื่อเพื่อที่อยู่อาศัย
42022083,ประกันสินเชื่อบ้าน
42022083,รีไฟแนนซ์บ้าน
42022083,ธนาคาร
42022083,บ้าน
42023525,ธนาคาร
42023525,ธนาคารกรุงไทย
42023525,ประกันชีวิต
42023679,ปัญหาชีวิต
42023679,บริษัทประกันชีวิต
42023679,ประกันชีวิต
42024939,อู่ซ่อมรถ
42024939,ศูนย์บริการรถยนต์
42024939,ประกันภัยรถ
42024939,ทนายความ
42024939,คุ้มครองผู้บริโภค
42029556,ประกันสุขภาพ
42029556,บริษัทประกันชีวิต
42029556,ประกันชีวิต
42030888,ประกันวินาศภัย
42030888,ประกันสุขภาพ
42030888,ประกันภัยรถ
42030888,บริษัทประกันชีวิต
42030888,ประกันชีวิต
42031974,ธุรกรรมออนไลน์
42031974,ธุรกรรมทางการเงิน
42031974,เตือนภัย
42031974,ประกันสุขภาพ
42031974,คุ้มครองผู้บริโภค
42036067,ประกันออนไลน์
42036067,บัตรเครดิต
42036067,ธนาคารกรุงศรีอยุธยา
42036067,ประกันภัยการเดินทาง
42036471,ประกันสุขภาพ
42036471,บริษัทประกันชีวิต
42036471,ตัวแทนประกันชีวิต (อาชีพ)
42036471,ประกันออนไลน์
42036471,ประกันชีวิต
42037340,ประกันออนไลน์
42037340,ประกันสุขภาพ
42037340,ธนาคารไทยพาณิชย์
42037340,คุ้มครองผู้บริโภค
42037431,ประกันภัยรถ
42040709,คุ้มครองผู้บริโภค
42040709,ประกันสุขภาพ
42040709,บัตรเครดิต
42040709,ประกันออนไลน์
42041039,อุบัติเหตุ
42041039,ศูนย์บริการรถยนต์
42041039,ประกันภัยรถ
42041039,สินเชื่อรถยนต์
42041039,ประกันออนไลน์
42041419,ประกันสุขภาพ
42044786,ประกันชีวิตสำหรับเด็กและทารก
42044786,กฎหมายชาวบ้าน
42044786,ร้องทุกข์
42044786,คุ้มครองผู้บริโภค
42044786,ประกันออนไลน์
42044833,สุขภาพกาย
42044833,ประกันสุขภาพ
42044833,โรงพยาบาล
42045097,ท่องเที่ยว
42045097,เตือนภัย
42045097,ร้องทุกข์
42045097,คุ้มครองผู้บริโภค
42045097,ประกันออนไลน์
42050361,ประกันสุขภาพ
42050361,ประกันสินเชื่อธุรกิจ
42050361,aeon
42050361,ร้องทุกข์
42050361,ประกันออนไลน์
42052048,อุบัติเหตุบนท้องถนน
42052048,ประกันภัยรถ
42053356,ประกันสุขภาพ
42053356,คุ้มครองผู้บริโภค
42054477,ประกันภัยรถ
42055989,รถยนต์
42055989,ซ่อมบำรุงรถยนต์
42055989,ประกันภัยรถ
42055989,ดูแลรักษารถยนต์
42056749,ประกันภัยรถ
42057775,ประกันสุขภาพ
42059891,ประกันสุขภาพ
42059891,การเงิน
42061050,ประกันสุขภาพ
42062097,คุ้มครองผู้บริโภค
42062097,ร้องทุกข์
42062097,ประกันสุขภาพ
42062097,บัตรเครดิต
42064222,เตือนภัย
42064222,คุ้มครองผู้บริโภค
42064222,ประกันภัยรถ
42064222,ธนาคารกรุงไทย
42065168,เตือนภัย
42065168,ประกันออนไลน์
42065168,ธนาคารทหารไทยธนชาต
42066684,ประกันสุขภาพ
42066684,ประกันชีวิต
42068194,ซ่อมบำรุงรถยนต์
42068194,เตือนภัย
42068194,ประกันภัยรถ
42068194,คุ้มครองผู้บริโภค
42068194,เมาไม่ขับ
42068271,คุ้มครองผู้บริโภค
42068271,ประกันออนไลน์
42068433,เตือนภัย
42068433,คุ้มครองผู้บริโภค
42068433,ประกันสุขภาพ
42068433,scb easy
42069385,สินเชื่อเพื่อที่อยู่อาศัย
42069385,ประกันสินเชื่อบ้าน
42069385,คอนโดมิเนียม
42069385,เครดิตบูโร
42069385,สินเชื่อระยะยาว
42070548,ประกันสุขภาพ
42070548,การเงิน
42071151,ประกันชีวิตสำหรับเด็กและทารก
42071151,ประกันสุขภาพสำหรับเด็กและทารก
42071151,ประกันสุขภาพ
42071151,ประกันสำหรับเด็กและทารก
42071151,ประกันสุขภาพสำหรับผู้สูงอายุ
42071375,ประกันสุขภาพ
42071375,ประกันออนไลน์
42072717,ประกันสุขภาพ
42073830,อุบัติเหตุ
42073830,นักกฎหมาย
42073830,ประกันภัยรถ
42073830,ทนายความ
42077906,นักกฎหมาย
42077906,คุ้มครองผู้บริโภค
42077906,ประกันออนไลน์
42077906,ประกันภัยรถ
42078373,เตือนภัย
42078373,ประกันสุขภาพ
42078373,ร้องทุกข์
42078373,คุ้มครองผู้บริโภค
42078373,ประกันออนไลน์
42079137,ประกันสุขภาพ
42079137,ประกันชีวิต
42081457,ประกันสุขภาพ
42081457,ประกันออนไลน์
42081457,ธนาคารกรุงไทย
42083133,ประกันสุขภาพ
42083133,ประกันชีวิต
42084104,ร้องทุกข์
42084104,ประกันชีวิตสำหรับผู้สูงอายุ
42087957,สุขภาพกาย
42087957,ประกันสุขภาพ
42087957,มนุษย์เงินเดือน
42087957,โรงพยาบาล
42089515,ประกันสุขภาพ
42089515,การออมเงิน
42089515,ประกันออนไลน์
42089515,หลักประกันสุขภาพถ้วนหน้า (บัตรทอง)
42090243,เตือนภัย
42090243,ประกันสุขภาพ
42090243,เงินฝากระยะยาว
42091825,ประกันออนไลน์
42091825,คุ้มครองผู้บริโภค
42091825,บัตรเครดิต
42093338,การจราจร
42093338,อู่ซ่อมรถ
42093338,รถกระบะ
42093338,อุบัติเหตุบนท้องถนน
42093338,ประกันภัยรถ
42093468,ประกันออนไลน์
42093468,ประกันสุขภาพ
42093468,ประกันสำหรับผู้สูงอายุ
42093679,รถยนต์
42093679,ประกันภัยรถ
42093679,อู่ซ่อมรถ
42095173,ประกันสุขภาพ
42096546,ประกันภัยรถ
42097410,ประกันสุขภาพ
42097410,aeon
42097410,บัตรเครดิต
42097523,การลงทุน
42097523,บริษัทประกันชีวิต
42097523,ตัวแทนประกันชีวิต (อาชีพ)
42097523,ประกันชีวิต
42099956,ประกันออนไลน์
42099956,ประกันสุขภาพ
42099956,คุ้มครองผู้บริโภค
42099956,โรคไมเกรน
42100386,ประกันสุขภาพ
42100386,ประกันออนไลน์
42100386,ประกันชีวิต
42101471,ประกันออนไลน์
42101471,การเงิน
42101471,ประกันชีวิต
42101471,บริษัทประกันชีวิต
42102622,สำนักงานคณะกรรมการคุ้มครองผู้บริโภค (สคบ.)
42102622,เตือนภัย
42102622,ประกันสุขภาพ
42102622,ร้องทุกข์
42102622,คุ้มครองผู้บริโภค
42109454,honda (รถยนต์)
42109454,ประกันภัยรถ
42110025,ร้องทุกข์
42110025,คุ้มครองผู้บริโภค
42110025,ประกันสุขภาพ
42110367,ประกันสุขภาพ
42110367,บริษัทประกันชีวิต
42110367,ประกันชีวิต
42110972,ประกันสุขภาพ
42114718,สำนักงานคณะกรรมการคุ้มครองผู้บริโภค (สคบ.)
42114718,บัตรเครดิต
42114718,ร้องทุกข์
42114718,คุ้มครองผู้บริโภค
42114718,ประกันชีวิต
42117263,ศูนย์บริการรถยนต์
42117263,ประกันภัยรถ
42121247,บัตรเครดิต
42121247,ประกันสุขภาพ
42121247,คุ้มครองผู้บริโภค
42121247,ประกันออนไลน์
42121247,ประกันชีวิต
42123443,บัตรเครดิต
42123443,เตือนภัย
42123443,ประกันสุขภาพ
42123443,ร้องทุกข์
42123443,คุ้มครองผู้บริโภค
42123478,สำนักงานคณะกรรมการกำกับและส่งเสริมการประกอบธุรกิจประกันภัย (คปภ.)
42123478,ธนาคารกรุงศรีอยุธยา
42123478,คุ้มครองผู้บริโภค
42123478,ประกันออนไลน์
42123478,ประกันชีวิต
42124313,ประกันสุขภาพ
42125028,ประกันสินเชื่อบ้าน
42125028,บริษัทประกันชีวิต
42125028,ตัวแทนประกันชีวิต (อาชีพ)
42125028,ร้องทุกข์
42125028,ประกันออนไลน์
42125711,ประกันสุขภาพสำหรับเด็กและทารก
42125711,ประกันสุขภาพ
42125711,ประกันสำหรับเด็กและทารก
42125711,ประกันชีวิตสำหรับเด็กและทารก
42135579,โรงพยาบาล
42135579,ประกันสำหรับผู้สูงอายุ
42135579,โรงพยาบาลเอกชน
42135579,ประกันสุขภาพ
42135579,ประกันสุขภาพสำหรับผู้สูงอายุ
42135854,บัตรเครดิต
42135854,เตือนภัย
42135854,ร้องทุกข์
42135854,คุ้มครองผู้บริโภค
42135854,ประกันออนไลน์
42136513,เตือนภัย
42136513,ร้องทุกข์
42136513,ประกันสุขภาพ
42137374,ประกันสุขภาพ
42137824,ประกันสุขภาพ
42137824,ธนาคารกรุงไทย
42138857,ประกันสุขภาพ
42139425,สินเชื่อรถยนต์
42139425,ประกันภัยรถ
42141294,ประกันสุขภาพ
42144766,ประกันสำหรับเด็กและทารก
42147945,ประกันสุขภาพ
42148722,ประกันชีวิตสำหรับเด็กและทารก
42148722,ประกันสุขภาพ
42148722,ประกันสำหรับเด็กและทารก
42148722,สุขภาพเด็กและทารก
42148722,ร้องทุกข์
42149187,ซ่อมบำรุงรถยนต์
42149187,ประกันภัยรถ
42150912,ประกันสุขภาพ
42151649,ประกันสุขภาพ
42151649,คุ้มครองผู้บริโภค
42151649,โรงพยาบาล
42157487,อุบัติเหตุ
42157487,ศูนย์บริการรถยนต์
42157487,ประกันออนไลน์
42157487,ประกันภัยรถ
42158390,ford ranger
42158390,ศูนย์บริการรถยนต์
42158390,ประกันภัยรถ
42158390,อู่ซ่อมรถ
42160316,บัตรเครดิต
42160316,ธนาคาร
42160316,ธนาคารกรุงศรีอยุธยา
42160316,ร้องทุกข์
42160316,ประกันชีวิต
42161095,ประกันสุขภาพ
42161095,ร้องทุกข์
42161095,คุ้มครองผู้บริโภค
42161095,ประกันออนไลน์
42161095,โรงพยาบาล
42162601,บัตรเครดิต
42162601,เตือนภัย
42162601,ประกันสุขภาพ
42162601,ร้องทุกข์
42162601,คุ้มครองผู้บริโภค
42164690,ประกันภัยรถ
42167489,ประกันสุขภาพ
42167489,ประกันออนไลน์
42167489,ais
42169732,ธนาคาร
42169732,ประกันสุขภาพ
42169732,ธนาคารกรุงไทย
42169878,ประกันภัยรถ
42171448,ซ่อมบำรุงรถยนต์
42171448,อู่ซ่อมรถ
42171448,ศูนย์บริการรถยนต์
42171448,ภาคกลาง
42171448,ประกันภัยรถ
42172172,ประกันภัยรถ
42172709,ประกันภัยรถ
42172739,ศูนย์บริการรถยนต์
42172739,ประกันภัยรถ
42172739,ดูแลรักษารถยนต์
42172739,อู่ซ่อมรถ
42174194,รถมือสอง
42174194,สินเชื่อรถยนต์
42174194,ประกันภัยรถ
42174236,ซ่อมบำรุงรถยนต์
42174236,ประกันภัยรถ
42174236,ดูแลรักษารถยนต์
42174236,อู่ซ่อมรถ
42174544,เตือนภัย
42174544,ประกันสุขภาพ
42174544,คุ้มครองผู้บริโภค
42174544,ประกันออนไลน์
42175694,มนุษย์เงินเดือน
42175694,สุขภาพกาย
42175694,โรงพยาบาลเอกชน
42175694,ประกันสุขภาพ
42175694,ประกันออนไลน์
42176570,กองทุนผู้สูงอายุ
42176570,การออมเงิน
42176570,เงินปันผล
42176570,ประกันสำหรับผู้สูงอายุ
42176570,ประกันสุขภาพ
42176577,ธนาคาร
42176577,ร้องทุกข์
42176577,คุ้มครองผู้บริโภค
42176577,ประกันสุขภาพ
42178285,ประกันสุขภาพ
42179585,พระราชบัญญัติคุ้มครองผู้ประสบภัยจากรถ (พ.ร.บ.คุ้มครองผู้ประสบภัยจากรถ)
42179585,รถยนต์
42179585,อุบัติเหตุบนท้องถนน
42179585,พระราชบัญญัติจราจรทางบก (พ.ร.บ.จราจรทางบก)
42179585,ประกันภัยรถ
42180029,คุ้มครองผู้บริโภค
42180029,สินเชื่อส่วนบุคคล
42180029,การเงิน
42180029,ประกันสินเชื่อธุรกิจ
42180129,ประกันสำหรับผู้สูงอายุ
42180129,ประกันสุขภาพ
42180129,ร้องทุกข์
42180129,คุ้มครองผู้บริโภค
42180129,ประกันออนไลน์
42181473,รถยนต์
42181473,อุบัติเหตุบนท้องถนน
42181473,ประกันออนไลน์
42181473,ประกันภัยรถ
42182763,ร้องทุกข์
42182763,คุ้มครองผู้บริโภค
42182763,สำนักงานคณะกรรมการกำกับและส่งเสริมการประกอบธุรกิจประกันภัย (คปภ.)
42182763,ประกันชีวิต
42183444,กฎหมายชาวบ้าน
42183444,รถยนต์
42183444,mazda
42183444,ประกันภัยรถ
42184837,จังหวัดระยอง
42184837,ประกันสุขภาพ
42184837,ร้องทุกข์
42184837,คุ้มครองผู้บริโภค
42184837,ประกันออนไลน์
42186861,ประกันสำหรับผู้สูงอายุ
42186861,ประกันสุขภาพ
42186861,ประกันชีวิตสำหรับผู้สูงอายุ
42186861,โรคมะเร็ง
42186861,ประกันออนไลน์
42190305,คุ้มครองผู้บริโภค
42190305,ประกันออนไลน์
42190660,ประกันสุขภาพ
42190660,แพทย์
42190660,พยาบาล
42190660,ประกันชีวิต
42190660,โรงพยาบาล
42191904,ธนาคาร
42191904,ร้องทุกข์
42191904,ประกันสุขภาพ
42191904,ธนาคารไทยพาณิชย์
42193376,ประกันออนไลน์
42193376,บัตรเครดิต
42194034,คุ้มครองผู้บริโภค
42194034,ปัญหาสังคม
42194034,สำนักงานคณะกรรมการกำกับและส่งเสริมการประกอบธุรกิจประกันภัย (คปภ.)
42195687,ประกันสุขภาพ
42195687,scb easy
42195687,ร้องทุกข์
42195687,คุ้มครองผู้บริโภค
42195687,ธนาคารไทยพาณิชย์
42195828,ร้องทุกข์
42195828,คุ้มครองผู้บริโภค
42195828,ประกันสุขภาพ
42195828,บัตรเครดิต
42197004,ประกันสุขภาพ
42197004,ประกันภัยรถ
42197004,ประกันสินเชื่อธุรกิจ
42197004,ร้องทุกข์
42197004,ประกันออนไลน์
42199532,ระบบย่อยอาหาร (digestive system)
42199532,โรงพยาบาลเอกชน
42199532,ประกันสุขภาพ
42199532,โรคกระเพาะ
42199550,ประกันภัยรถ
42203269,ประกันสุขภาพ
42203269,สำนักงานคณะกรรมการกำกับและส่งเสริมการประกอบธุรกิจประกันภัย (คปภ.)
42203269,คุ้มครองผู้บริโภค
42203269,ประกันชีวิต
42206442,ประกันสุขภาพ
42206442,สำนักงานคณะกรรมการกำกับและส่งเสริมการประกอบธุรกิจประกันภัย (คปภ.)
42206442,ธนาคารกรุงไทย
42207084,เตือนภัย
42207084,สำนักงานคณะกรรมการกำกับและส่งเสริมการประกอบธุรกิจประกันภัย (คปภ.)
42207084,การบริหารจัดการ
42207084,ร้องทุกข์
42207084,คุ้มครองผู้บริโภค
42210322,เตือนภัย
42210322,ประกันสุขภาพ
42210322,ธนาคารกรุงศรีอยุธยา
42210322,ประกันภัยรถ
42210322,ร้องทุกข์
42212869,โรคหมอนรองกระดูกทับเส้นประสาท
42212869,ประกันสำหรับผู้สูงอายุ
42212869,โรงพยาบาลเอกชน
42212869,ประกันสุขภาพ
42212869,ประกันสุขภาพสำหรับผู้สูงอายุ
42213122,การหักลดหย่อน
42213122,ภาษีเงินได้บุคคลธรรมดา
42213122,ประกันชีวิต
42216220,ประกันสุขภาพ
42216220,ร้องทุกข์
42216220,คุ้มครองผู้บริโภค
42216220,บริษัทประกันชีวิต
42216220,ประกันชีวิต
42217153,คุ้มครองผู้บริโภค
42217153,ประกันสุขภาพ
42217533,สุขภาพ
42217533,ประกันสุขภาพ
42217533,การผ่าตัด
42217533,การแพทย์
42223748,สำนักงานคณะกรรมการคุ้มครองผู้บริโภค (สคบ.)
42223748,เตือนภัย
42223748,สำนักงานคณะกรรมการกำกับและส่งเสริมการประกอบธุรกิจประกันภัย (คปภ.)
42223748,ร้องทุกข์
42223748,คุ้มครองผู้บริโภค
42227842,ประกันภัยรถ
42227869,โรงพยาบาลเอกชน
42227869,ประกันสุขภาพ
42227869,คุ้มครองผู้บริโภค
42227869,บริษัทประกันชีวิต
42227869,โรงพยาบาล
42228640,บัตรเครดิต
42228640,บริษัทประกันชีวิต
42228640,ร้องทุกข์
42228640,คุ้มครองผู้บริโภค
42228640,ประกันออนไลน์
42229647,เตือนภัย
42229647,ร้องทุกข์
42229647,คุ้มครองผู้บริโภค
42229647,ประกันสำหรับเด็กและทารก
42233366,เตือนภัย
42233366,ประกันสุขภาพ
42233366,ร้องทุกข์
42233366,คุ้มครองผู้บริโภค
42233366,ใบรับรองแพทย์
42239175,ประกันสำหรับผู้สูงอายุ
42239175,บริษัทประกันชีวิต
42243277,ประกันสุขภาพ
42243277,คุ้มครองผู้บริโภค
42243277,สำนักงานคณะกรรมการคุ้มครองผู้บริโภค (สคบ.)
42243277,บริษัทประกันชีวิต
42243437,สำนักงานคณะกรรมการคุ้มครองผู้บริโภค (สคบ.)
42243437,เตือนภัย
42243437,สำนักงานคณะกรรมการกำกับและส่งเสริมการประกอบธุรกิจประกันภัย (คปภ.)
42243437,ทนายความ
42243437,ร้องทุกข์
42244659,ประกันสุขภาพ
42244659,บริษัทประกันชีวิต
42249037,เตือนภัย
42249037,ประกันสุขภาพ
42249037,สำนักงานคณะกรรมการกำกับและส่งเสริมการประกอบธุรกิจประกันภัย (คปภ.)
42249906,ประกันวินาศภัย
42249906,เตือนภัย
42249906,shopee
42249906,ร้องทุกข์
42249906,คุ้มครองผู้บริโภค
42250077,สินเชื่อเพื่อที่อยู่อาศัย
42250077,ประกันสินเชื่อบ้าน
42253135,ประกันสำหรับผู้สูงอายุ
42253135,บริษัทประกันชีวิต
42253135,ประกันชีวิตสำหรับผู้สูงอายุ
42253135,ประกันออนไลน์
42253135,ประกันชีวิต
42253585,ประกันสุขภาพ
42253585,บริษัทประกันชีวิต
42253585,ประกันชีวิต
42253589,การออมเงิน
42253589,การเงิน
42253589,ประกันชีวิตสำหรับผู้สูงอายุ
42253589,บริษัทประกันชีวิต
42253589,ประกันชีวิต
42254555,ประกันสุขภาพ
42254555,ประกันชีวิต
42257755,รถยนต์
42257755,กฎหมายชาวบ้าน
42257755,สำนักงานคณะกรรมการกำกับและส่งเสริมการประกอบธุรกิจประกันภัย (คปภ.)
42257755,ประกันภัยรถ
42257755,คุ้มครองผู้บริโภค
42260666,คุ้มครองผู้บริโภค
42260666,สำนักงานคณะกรรมการคุ้มครองผู้บริโภค (สคบ.)
42260666,ประกันชีวิต
42261223,เที่ยวต่างประเทศ
42261223,สำนักงานคณะกรรมการกำกับและส่งเสริมการประกอบธุรกิจประกันภัย (คปภ.)
42261223,ร้องทุกข์
42261223,คุ้มครองผู้บริโภค
42261223,ประกันออนไลน์
42262731,คุ้มครองผู้บริโภค
42262731,ร้องทุกข์
42262731,บัตรเดบิต
42262731,ธนาคารไทยพาณิชย์
42262731,บริษัทประกันชีวิต
42262997,รถยนต์
42262997,ประกันภัยรถ
42266919,เตือนภัย
42266919,สำนักงานคณะกรรมการกำกับและส่งเสริมการประกอบธุรกิจประกันภัย (คปภ.)
42266919,ร้องทุกข์
42266919,คุ้มครองผู้บริโภค
42266919,ประกันออนไลน์
42267902,เตือนภัย
42267902,สำนักงานคณะกรรมการกำกับและส่งเสริมการประกอบธุรกิจประกันภัย (คปภ.)
42267902,ตัวแทนประกันชีวิต (อาชีพ)
42267902,คุ้มครองผู้บริโภค
42267902,ประกันชีวิต
42271087,เตือนภัย
42271087,บริษัทประกันชีวิต
42271087,ร้องทุกข์
42271087,คุ้มครองผู้บริโภค
42271087,ประกันออนไลน์
42271126,ประกันภัยรถ
42271126,ประกันวินาศภัย
42271585,ประกันสุขภาพ
42271585,โรงพยาบาลเอกชน
42271585,ร้องทุกข์
42271585,ประกันชีวิต
42271585,โรงพยาบาล
42271846,ประกันสุขภาพ
42271846,ประกันชีวิต
42272624,ประกันสุขภาพ
42272624,ธนาคารกรุงไทย
42272624,ตัวแทนประกันชีวิต (อาชีพ)
42272624,ประกันชีวิต
42280709,ประกันสุขภาพ
42280839,นักกฎหมาย
42280839,อุบัติเหตุบนท้องถนน
42280839,สำนักงานคณะกรรมการกำกับและส่งเสริมการประกอบธุรกิจประกันภัย (คปภ.)
42280839,ประกันภัยรถ
42280839,คุ้มครองผู้บริโภค
42280874,ประกันสุขภาพสำหรับเด็กและทารก
42280874,ประกันสุขภาพ
42280874,ประกันสำหรับเด็กและทารก
42280874,คุ้มครองผู้บริโภค
42280874,บริษัทประกันชีวิต
42281925,นักกฎหมาย
42281925,ประกันสุขภาพ
42281925,ประกันภัยรถ
42281925,ทนายความ
42281925,ประกันชีวิต
42282102,โรคมะเร็ง
42282102,ประกันสุขภาพ
42282102,บริษัทประกันชีวิต
42282102,ประกันชีวิต
42286924,ผู้สูงอายุ
42286924,สิทธิผู้สูงอายุ
42286924,ประกันสำหรับผู้สูงอายุ
42286924,ปัญหาผู้สูงอายุ
42290590,ประกันสุขภาพ
42290590,สำนักงานคณะกรรมการกำกับและส่งเสริมการประกอบธุรกิจประกันภัย (คปภ.)
42290590,คุ้มครองผู้บริโภค
42290696,ประกันสุขภาพ
42290696,บริษัทประกันชีวิต
42290696,ประกันชีวิต
42291344,ประกันสุขภาพ
42296691,โรคติดต่อทางเพศสัมพันธ์
42296691,โรคมะเร็ง
42296691,ประกันสุขภาพ
42297235,ประกันภัยรถ
42297594,truemove
42297594,truemove h
42297594,true online
42297594,true iservice
42297594,ประกันสุขภาพ
42299716,ประกันชีวิตสำหรับเด็กและทารก
42299716,ประกันสุขภาพสำหรับเด็กและทารก
42299716,ประกันสุขภาพ
42299716,บริษัทประกันชีวิต
42299716,ประกันชีวิต
42299732,ประกันออนไลน์
42299732,ประกันสุขภาพ
42299732,คุ้มครองผู้บริโภค
42299732,บริษัทประกันชีวิต
42299732,ประกันชีวิต
42299929,ประกันสุขภาพ
42299929,คุ้มครองผู้บริโภค
42301249,ประกันสุขภาพ
42301249,คุ้มครองผู้บริโภค
42301249,ประกันชีวิต
42301249,บริษัทประกันชีวิต
42301830,ประกันภัยรถ
42303502,ประกันสุขภาพ
42303502,บริษัทประกันชีวิต
42303502,ประกันชีวิต
42304801,บัตรเครดิต
42304801,เตือนภัย
42304801,ประกันสุขภาพ
42304801,คุ้มครองผู้บริโภค
42304801,ประกันออนไลน์
42305675,ประกันสุขภาพ
42306390,มนุษย์เงินเดือน
42306390,การออมเงิน
42306390,เศรษฐศาสตร์
42306390,ประกันสำหรับเด็กและทารก
42306390,ประกันชีวิต
42310351,ประกันออนไลน์
42310351,ประกันภัยรถ
42311135,ประกันออนไลน์
42311135,ประกันสุขภาพ
42311135,บริษัทประกันชีวิต
42311135,ประกันวินาศภัย
42312453,ประกันสุขภาพ
42312453,ธนาคารไทยพาณิชย์
42312453,ประกันออนไลน์
42312453,scb easy
42313529,กรมสวัสดิการและคุ้มครองแรงงาน
42313529,โรงพยาบาลเอกชน
42313529,ประกันสุขภาพ
42313529,แพทย์
42313529,โรงพยาบาล
42315139,ร้องทุกข์
42315139,ประกันภัยรถ
42315831,เตือนภัย
42315831,ประกันสุขภาพ
42315831,ประกันออนไลน์
42319248,ชีวิตหลังเกษียณ
42319248,อาชีพหลังเกษียณ
42319248,ประกันสุขภาพ
42319248,สิทธิผู้สูงอายุ
42319248,ประกันสุขภาพสำหรับผู้สูงอายุ
42319518,ประกันออนไลน์
42319518,บริษัทประกันชีวิต
42319518,การเงิน
42320208,ทางลัด
42320208,ซ่อมบำรุงรถยนต์
42320208,ประกันภัยรถ
42320208,สินเชื่อรถยนต์
42320208,เมาไม่ขับ
42320967,เตือนภัย
42320967,ร้องทุกข์
42320967,aeon
42320967,บริษัทประกันชีวิต
42324833,รถยนต์
42324833,สำนักงานคณะกรรมการกำกับและส่งเสริมการประกอบธุรกิจประกันภัย (คปภ.)
42326683,บริษัท ไทยประกันชีวิต จำกัด (มหาชน)
42326683,การผ่าตัด
42326683,โรงพยาบาลเอกชน
42326683,ประกันสุขภาพ
42326683,สุขภาพ
42327691,ประกันสุขภาพ
42327691,ประกันออนไลน์
42328071,บริษัท ไทยประกันชีวิต จำกัด (มหาชน)
42328071,บัตรเครดิต
42328071,บัตรกดเงินสด
42328071,บริษัทประกันชีวิต
42328071,ประกันชีวิต
42330160,ประกันสุขภาพ
42330160,สำนักงานคณะกรรมการกำกับและส่งเสริมการประกอบธุรกิจประกันภัย (คปภ.)
42330160,ธนาคารกรุงศรีอยุธยา
42330160,ร้องทุกข์
42330160,คุ้มครองผู้บริโภค
42330476,ประกันชีวิตสำหรับเด็กและทารก
42330476,ประกันสุขภาพ
42330476,ประกันออนไลน์
42330476,ประกันชีวิต
42330476,ประกันสุขภาพสำหรับผู้สูงอายุ
42333847,นักกฎหมาย
42333847,รถยนต์
42333847,อุบัติเหตุบนท้องถนน
42333847,สำนักงานคณะกรรมการกำกับและส่งเสริมการประกอบธุรกิจประกันภัย (คปภ.)
42333847,คุ้มครองผู้บริโภค
42340782,ประกันสุขภาพ
42341709,มนุษย์เงินเดือน
42341709,หลักประกันสุขภาพถ้วนหน้า (บัตรทอง)
42341709,งานค้าขาย
42341709,สิทธิผู้สูงอายุ
42341709,ประกันชีวิต
42341965,ประกันสำหรับผู้สูงอายุ
42341965,ประกันสุขภาพ
42341965,บริษัทประกันชีวิต
42341965,ประกันชีวิต
42341965,ประกันสุขภาพสำหรับผู้สูงอายุ
42342271,อุบัติเหตุบนท้องถนน
42342271,สำนักงานคณะกรรมการกำกับและส่งเสริมการประกอบธุรกิจประกันภัย (คปภ.)
42342271,อุบัติเหตุ
42342271,พระราชบัญญัติจราจรทางบก (พ.ร.บ.จราจรทางบก)
42342888,ประกันสำหรับผู้สูงอายุ
42342888,ประกันสุขภาพ
42342888,ร้องทุกข์
42342888,คุ้มครองผู้บริโภค
42342888,โรงพยาบาล
42346198,ลดความอ้วน
42346198,ประกันสุขภาพ
42346198,ออกกำลังกาย
42349740,ประกันสุขภาพ
42350101,ประกันสุขภาพ
42350101,บริษัทประกันชีวิต
42350101,ประกันชีวิต
42351317,สินเชื่อเพื่อที่อยู่อาศัย
42351317,ประกันสินเชื่อบ้าน
42352510,โรคหมอนรองกระดูกทับเส้นประสาท
42352510,ประกันสุขภาพสำหรับผู้สูงอายุ
42352510,ประกันสุขภาพ
42352510,ประกันชีวิต
42352510,โรงพยาบาล
42354562,ร้องทุกข์
42354562,ประกันสุขภาพ
42354562,คุ้มครองผู้บริโภค
42354562,ธนาคารกรุงไทย
42355598,เตือนภัย
42355598,สำนักงานคณะกรรมการกำกับและส่งเสริมการประกอบธุรกิจประกันภัย (คปภ.)
42355598,ร้องทุกข์
42355598,บริษัทประกันชีวิต
42355598,ประกันชีวิต
42355653,ประกันสุขภาพ
42355685,สินเชื่อรถยนต์
42355685,ธนาคารกรุงศรีอยุธยา
42355685,ประกันชีวิต
42356119,รถยนต์
42356119,อุบัติเหตุบนท้องถนน
42356119,สำนักงานคณะกรรมการกำกับและส่งเสริมการประกอบธุรกิจประกันภัย (คปภ.)
42356119,พระราชบัญญัติจราจรทางบก (พ.ร.บ.จราจรทางบก)
42360479,อู่ซ่อมรถ
42360479,อุบัติเหตุบนท้องถนน
42360479,ศูนย์บริการรถยนต์
42360479,ประกันภัยรถ
42360479,อะไหล่รถ
42360826,ซ่อมบำรุงรถยนต์
42360826,อู่ซ่อมรถ
42360826,รถกระบะ
42360826,อุบัติเหตุบนท้องถนน
42360826,ประกันภัยรถ
42361362,ปัญหาชีวิต
42361362,กฎหมายแพ่ง (civil law)
42361362,อุบัติเหตุบนท้องถนน
42361362,ประกันภัยรถ
42361362,คุ้มครองผู้บริโภค
42363657,ธุรกรรมออนไลน์
42363657,ประกันวินาศภัย
42363657,ประกันสินเชื่อธุรกิจ
42363657,คุ้มครองผู้บริโภค
42363657,ประกันชีวิต
42363764,บัตรเครดิต
42363764,เตือนภัย
42363764,ประกันสุขภาพ
42363764,สำนักงานคณะกรรมการกำกับและส่งเสริมการประกอบธุรกิจประกันภัย (คปภ.)
42363764,คุ้มครองผู้บริโภค
42365666,ประกันสำหรับผู้สูงอายุ
42365666,ประกันสุขภาพ
42365666,ประกันชีวิตสำหรับผู้สูงอายุ
42365666,โรคมะเร็ง
42365666,ประกันชีวิต
42367144,ประกันสุขภาพ
42369854,บัตรเครดิต
42369854,เตือนภัย
42369854,ร้องทุกข์
42369854,คุ้มครองผู้บริโภค
42369854,บริษัทประกันชีวิต
42370652,ประกันสำหรับเด็กและทารก
42370652,ประกันชีวิตสำหรับเด็กและทารก
42370652,ประกันชีวิต
42371039,สำนักงานคณะกรรมการกำกับและส่งเสริมการประกอบธุรกิจประกันภัย (คปภ.)
42371039,บริษัทประกันชีวิต
42371039,ร้องทุกข์
42371039,คุ้มครองผู้บริโภค
42371039,ประกันออนไลน์
42371514,ประกันภัยรถ
42371647,รถยนต์
42371647,รถยนต์ไฟฟ้า
42371647,ประกันภัยรถ
42371857,สำนักงานหลักประกันสุขภาพแห่งชาติ (สปสช.)
42371857,โรงพยาบาลเอกชน
42371857,ประกันสุขภาพ
42371857,โรคมะเร็ง
42371857,โรงพยาบาล
42372161,ร้องทุกข์
42372161,สำนักงานคณะกรรมการกำกับและส่งเสริมการประกอบธุรกิจประกันภัย (คปภ.)
42373772,ประกันออนไลน์
42373772,สำนักงานคณะกรรมการกำกับและส่งเสริมการประกอบธุรกิจประกันภัย (คปภ.)
42373772,ศูนย์บริการรถยนต์
42373772,ประกันภัยรถ
42373772,mazda 2
42375738,ประกันสุขภาพ
42375871,ประกันภัยรถ
42375871,ประกันชีวิต
42375871,ประกันวินาศภัย
42376161,รถยนต์
42376161,สำนักงานคณะกรรมการกำกับและส่งเสริมการประกอบธุรกิจประกันภัย (คปภ.)
42376161,ประกันภัยรถ
42376161,ทนายความ
42376161,คุ้มครองผู้บริโภค
42376690,ประกันสุขภาพ
42376690,ธนาคารไทยพาณิชย์
42377372,เตือนภัย
42377372,ประกันสุขภาพ
42377372,บัตรเครดิต
42377372,คุ้มครองผู้บริโภค
42381417,ประกันสุขภาพ
42383607,สุนัข
42383607,คุ้มครองผู้บริโภค
42383607,ประกันสุขภาพ
42383708,เงินฝากระยะยาว
42383708,คุ้มครองผู้บริโภค
42383708,ธนาคารไทยพาณิชย์
42383708,บริษัทประกันชีวิต
42383708,ประกันชีวิต
42383936,สำนักงานคณะกรรมการกำกับและส่งเสริมการประกอบธุรกิจประกันภัย (คปภ.)
42383936,อุบัติเหตุ
42383936,ประกันภัยรถ
42383936,ทองรูปพรรณ
42385398,ประกันสุขภาพ
42386781,ประกันภัยการเดินทาง
42386781,ประกันสุขภาพ
42386781,ธนาคารกรุงศรีอยุธยา
42386781,ประกันออนไลน์
42386781,ประกันชีวิต
42387566,ประกันสุขภาพ
42387566,scb easy
42387566,สินเชื่อรถยนต์
42387566,ธนาคารไทยพาณิชย์
42387566,ประกันชีวิต
42390463,สุขภาพกาย
42390463,ประกันสุขภาพ
42392234,รถยนต์
42392234,ประกันภัยรถ
42392920,สำนักงานคณะกรรมการกำกับและส่งเสริมการประกอบธุรกิจประกันภัย (คปภ.)
42392920,ประกันภัยรถ
42393715,รถยนต์
42393715,ประกันภัยรถ
42399782,เงินฝากระยะยาว
42399782,ประกันสุขภาพ
42399782,ร้องทุกข์
42399782,คุ้มครองผู้บริโภค
42399782,บริษัทประกันชีวิต
42400294,บริษัทประกันชีวิต
42400294,ประกันภัยรถ
42400294,โชว์รูมรถยนต์
42400294,ประกันออนไลน์
42400294,ประกันชีวิต
42406426,กฎหมายชาวบ้าน
42406426,สำนักงานคณะกรรมการกำกับและส่งเสริมการประกอบธุรกิจประกันภัย (คปภ.)
42406426,อุบัติเหตุ
42406426,ประกันภัยรถ
42410305,ประกันสุขภาพ
42410305,บัตรเครดิต
42410305,ประกันชีวิต
42411499,สำนักงานคณะกรรมการคุ้มครองผู้บริโภค (สคบ.)
42411499,ประกันวินาศภัย
42411499,สำนักงานคณะกรรมการกำกับและส่งเสริมการประกอบธุรกิจประกันภัย (คปภ.)
42411499,ประกันภัยรถ
42411499,คุ้มครองผู้บริโภค
42415271,ประกันสุขภาพ
42417934,รถยนต์
42417934,รถยนต์ไฟฟ้า
42417934,ประกันภัยรถ
42417934,ประกันออนไลน์
42417934,ดูแลรักษารถยนต์
42419034,การลงทุน
42419034,ประกันสุขภาพ
42423713,รถยนต์
42423713,อุบัติเหตุบนท้องถนน
42423713,สำนักงานคณะกรรมการกำกับและส่งเสริมการประกอบธุรกิจประกันภัย (คปภ.)
42423713,อู่ซ่อมรถ
42423758,ประกันภัยรถ
42424476,เคมีบำบัด (chemotherapy)
42424476,สุขภาพผู้สูงอายุ
42424476,ประกันสุขภาพ
42424476,โรคมะเร็ง
42424476,ประกันสุขภาพสำหรับผู้สูงอายุ
42426853,ประกันสุขภาพ
42426853,บริษัทประกันชีวิต
42426853,ประกันชีวิต
42426997,เจ้าของธุรกิจ
42426997,ประกันชีวิต
42428120,honda (รถยนต์)
42428120,ประกันภัยรถ
42429184,เขตภาษีเจริญ
42429184,ธนาคารธนชาต
42429184,ประกันภัยรถ
42429184,ถนนเพชรเกษม
42432573,ประกันสุขภาพ
42432573,บริษัทประกันชีวิต
42432586,ประกันสุขภาพ
42432586,แพทย์
42432586,ร้องทุกข์
42432586,คุ้มครองผู้บริโภค
42432586,โรงพยาบาล
42434168,ประกันสุขภาพ
42434168,ประกันออนไลน์
42434168,ประกันชีวิต
42434168,บริษัทประกันชีวิต
42436459,ประกันสุขภาพ
42437662,เตือนภัย
42437662,การออมเงิน
42437662,ธนาคารกรุงศรีอยุธยา
42437662,ประกันชีวิต
42437880,งานธนาคาร
42437880,ประกันสินเชื่อบ้าน
42437880,ธนาคาร
42437880,ร้องทุกข์
42437880,ธนาคารออมสิน
42438941,ท่องเที่ยว
42438941,ประกันภัยการเดินทาง
42438941,เที่ยวต่างประเทศ
42438941,สำนักงานคณะกรรมการกำกับและส่งเสริมการประกอบธุรกิจประกันภัย (คปภ.)
42438941,ประกันออนไลน์
42440170,โรคซึมเศร้า
42440170,โรงพยาบาลจิตเวช
42440170,สุขภาพจิต
42440170,ประกันสุขภาพ
42440170,ประกันสุขภาพสำหรับผู้สูงอายุ
42440695,บัตรเครดิต
42440695,ประกันสุขภาพ
42440695,สำนักงานคณะกรรมการกำกับและส่งเสริมการประกอบธุรกิจประกันภัย (คปภ.)
42440695,ร้องทุกข์
42440695,คุ้มครองผู้บริโภค
42440716,ประกันสุขภาพ
42440716,ประกันออนไลน์
42440716,ประกันชีวิต
42440881,สำนักงานคณะกรรมการกำกับและส่งเสริมการประกอบธุรกิจประกันภัย (คปภ.)
42440881,คุ้มครองผู้บริโภค
42440881,ธนาคารไทยพาณิชย์
42440881,บริษัทประกันชีวิต
42440881,ประกันชีวิต
42442397,บัตรเครดิต
42442397,บริษัทประกันชีวิต
42442397,ธนาคารกรุงศรีอยุธยา
42442397,ประกันออนไลน์
42442397,ประกันชีวิต
42449116,ท่องเที่ยว
42449116,สำนักงานคณะกรรมการคุ้มครองผู้บริโภค (สคบ.)
42449116,เที่ยวต่างประเทศ
42449116,สำนักงานคณะกรรมการกำกับและส่งเสริมการประกอบธุรกิจประกันภัย (คปภ.)
42449116,คุ้มครองผู้บริโภค
42449611,กฎหมายอาญา (criminal law)
42449611,กฎหมายแพ่ง (civil law)
42449611,กฎหมายชาวบ้าน
42449611,สำนักงานคณะกรรมการกำกับและส่งเสริมการประกอบธุรกิจประกันภัย (คปภ.)
42449611,ประกันภัยรถ
42451162,ประกันสุขภาพ
42451162,บัตรเครดิต
42451162,ธนาคารกรุงศรีอยุธยา
42451688,บัตรเครดิต
42451688,เตือนภัย
42451688,สำนักงานคณะกรรมการกำกับและส่งเสริมการประกอบธุรกิจประกันภัย (คปภ.)
42451688,ร้องทุกข์
42451688,คุ้มครองผู้บริโภค
42452116,สุขภาพกาย
42452116,ประกันสุขภาพ
42452862,บัตรเครดิต
42452862,ประกันชีวิต
42453267,ประกันสุขภาพ
42453267,โรคตา
42453267,บริษัทประกันชีวิต
42453267,ประกันชีวิต
42453267,โรงพยาบาล
42453649,เที่ยวไต้หวัน
42453649,แผนการเดินทางและท่องเที่ยว
42453649,ประกันออนไลน์
42460485,ประกันสุขภาพ
42460485,การหักลดหย่อน
42460485,คุ้มครองผู้บริโภค
42460485,บริษัทประกันชีวิต
42460485,ประกันชีวิต
42463009,ประกันภัยการเดินทาง
42463009,ประกันวินาศภัย
42463009,ประกันสุขภาพ
42463009,สำนักงานคณะกรรมการกำกับและส่งเสริมการประกอบธุรกิจประกันภัย (คปภ.)
42463009,ประกันออนไลน์
42464034,สำนักงานคณะกรรมการกำกับและส่งเสริมการประกอบธุรกิจประกันภัย (คปภ.)
42464034,กระทรวงการคลัง
42464034,เศรษฐกิจ
42464034,ประกันวินาศภัย
42464893,ประกันวินาศภัย
42464893,ประกันสุขภาพ
42464893,สำนักงานคณะกรรมการกำกับและส่งเสริมการประกอบธุรกิจประกันภัย (คปภ.)
42464893,บริษัทประกันชีวิต
42464893,ประกันชีวิต
42468097,ประกันภัยรถ
42471523,รถยนต์
42471523,อู่ซ่อมรถ
42471523,อุบัติเหตุบนท้องถนน
42471523,ประกันภัยรถ
42471523,อะไหล่รถ
42474274,ประกันสุขภาพ
42474274,คุ้มครองผู้บริโภค
42474697,ประกันออนไลน์
42474697,คุ้มครองผู้บริโภค
42474697,บัตรเครดิต
42474697,ประกันชีวิต
42475413,สุขภาพกาย
42475413,โรคกระเพาะ
42475413,ประกันสุขภาพ
42475413,แพทย์
42475413,โรงพยาบาล
42476416,สำนักงานคณะกรรมการคุ้มครองผู้บริโภค (สคบ.)
42476416,ประกันสุขภาพ
42476416,สำนักงานคณะกรรมการกำกับและส่งเสริมการประกอบธุรกิจประกันภัย (คปภ.)
42476416,คุ้มครองผู้บริโภค
42476416,ประกันออนไลน์
42478663,ศูนย์บริการรถยนต์
42478663,jaguar (รถยนต์)
42478663,ประกันภัยรถ
42478663,สำนักงานคณะกรรมการกำกับและส่งเสริมการประกอบธุรกิจประกันภัย (คปภ.)
42478663,ประกันออนไลน์
42479184,ประกันสุขภาพ
42479184,สำนักงานคณะกรรมการกำกับและส่งเสริมการประกอบธุรกิจประกันภัย (คปภ.)
42479184,ร้องทุกข์
42479184,คุ้มครองผู้บริโภค
42479184,ประกันชีวิต
42479831,ปัญหาชีวิต
42479831,เงินฝากระยะยาว
42479831,ประกันสุขภาพ
42479831,ประกันชีวิตสำหรับผู้สูงอายุ
42479831,ประกันชีวิต
42481947,สินเชื่อรถยนต์
42481947,คุ้มครองผู้บริโภค
42481947,สำนักงานคณะกรรมการกำกับและส่งเสริมการประกอบธุรกิจประกันภัย (คปภ.)
42481947,ร้องทุกข์
42482284,สำนักงานคณะกรรมการคุ้มครองผู้บริโภค (สคบ.)
42482284,เตือนภัย
42482284,สำนักงานคณะกรรมการกำกับและส่งเสริมการประกอบธุรกิจประกันภัย (คปภ.)
42482284,ร้องทุกข์
42482284,คุ้มครองผู้บริโภค
42483836,ร้องทุกข์
42483836,ประกันสุขภาพ
42483836,บริษัทประกันชีวิต
42483836,ประกันชีวิต
42488672,ประกันสุขภาพ
42488672,คุ้มครองผู้บริโภค
42488672,ธนาคารไทยพาณิชย์
42488672,ประกันออนไลน์
42488672,ประกันชีวิต
42490767,ประกันสุขภาพ
42490767,ประกันชีวิต
42491459,การออมเงิน
42491459,เงินฝากระยะยาว
42491459,การเงิน
42491459,การวางแผนการเงิน
42491459,ประกันชีวิต
42491865,ประกันสุขภาพ
42494871,ประกันสุขภาพ
42497289,ประกันภัยรถ
42500130,ประกันสำหรับเด็กและทารก
42504921,คนไทยในต่างแดน
42504921,สำนักงานประกันสังคม
42504921,ประกันสุขภาพ
42504921,ตัวแทนประกันชีวิต (อาชีพ)
42504921,ทำงานต่างประเทศ
42506433,บัตรเครดิต
42506433,การเงิน
42506433,ประกันสุขภาพ
42506433,คุ้มครองผู้บริโภค
42506433,ธนาคารกรุงไทย
42507531,ประกันสุขภาพ
42507531,สำนักงานคณะกรรมการกำกับและส่งเสริมการประกอบธุรกิจประกันภัย (คปภ.)
42507531,บริษัทประกันชีวิต
42507531,ประกันออนไลน์
42507531,ประกันชีวิต
42508087,ประกันสุขภาพสำหรับเด็กและทารก
42508087,ประกันสุขภาพ
42508087,ประกันสำหรับเด็กและทารก
42508087,บริษัทประกันชีวิต
42508658,ร้องทุกข์
42508658,คุ้มครองผู้บริโภค
42508658,ประกันออนไลน์
42508658,สำนักงานคณะกรรมการคุ้มครองผู้บริโภค (สคบ.)
42514824,งานธนาคาร
42514824,ธนาคารเพื่อการเกษตรและสหกรณ์
42514824,ธนาคาร
42514824,ประกันสุขภาพ
42514824,ประกันภัยรถ
42515484,ประกันสุขภาพสำหรับเด็กและทารก
42515484,เตือนภัย
42515484,ประกันสุขภาพ
42515484,ประกันสำหรับเด็กและทารก
42515484,บริษัทประกันชีวิต
42516432,aeon
42516432,ประกันสุขภาพ
42516432,บัตรเครดิต
42516432,ประกันชีวิต
42516957,เตือนภัย
42516957,สำนักงานคณะกรรมการกำกับและส่งเสริมการประกอบธุรกิจประกันภัย (คปภ.)
42516957,บริษัทประกันชีวิต
42516957,คุ้มครองผู้บริโภค
42516957,ประกันออนไลน์
42517498,ประกันสุขภาพ
42517498,บริษัทประกันชีวิต
42517498,ประกันชีวิต
42518764,ประกันภัยรถ
42519842,ร้องทุกข์
42519842,ประกันสุขภาพ
42519842,คุ้มครองผู้บริโภค
42520754,เตือนภัย
42520754,ร้องทุกข์
42520754,บริษัทประกันชีวิต
42520754,ประกันชีวิต
42524371,aeon
42524371,บัตรเครดิต
42524371,บริษัทประกันชีวิต
42527236,ประกันสังคม
42527236,บริษัทประกันชีวิต
42527236,ประกันภัยรถ
42527605,ร้องทุกข์
42527605,ประกันสุขภาพ
42527605,คุ้มครองผู้บริโภค
42530329,ประกันสุขภาพ
42530329,บริษัทประกันชีวิต
42530329,ร้องทุกข์
42530329,ประกันออนไลน์
42530329,ธนาคารกรุงไทย
42531681,สำนักงานหลักประกันสุขภาพแห่งชาติ (สปสช.)
42531681,ประกันสุขภาพ
42531681,สำนักงานคณะกรรมการกำกับและส่งเสริมการประกอบธุรกิจประกันภัย (คปภ.)
42531681,กฎหมายชาวบ้าน
42531681,ร้องทุกข์
42532298,ประกันสุขภาพ
42532298,ประกันสำหรับเด็กและทารก
42534289,สำนักงานคณะกรรมการกำกับและส่งเสริมการประกอบธุรกิจประกันภัย (คปภ.)
42534289,บริษัทประกันชีวิต
42534289,ประกันภัยรถ
42534289,ประกันออนไลน์
42534289,ประกันชีวิต
42534457,ศูนย์บริการรถยนต์
42534457,ประกันออนไลน์
42534457,ประกันภัยรถ
42534457,ประกันวินาศภัย
42536943,พันธมิตรทางธุรกิจ (business alliance)
42536943,บัตรเครดิต
42536943,ธนาคารกรุงศรีอยุธยา
42536943,ประกันออนไลน์
42536943,ประกันชีวิต
42539173,ประกันสุขภาพ
42539173,ธนาคารกรุงไทย
42543120,ประกันสุขภาพ
42543628,ประกันสุขภาพ
42543628,บัตรเครดิต
42543628,ตัวแทนประกันชีวิต (อาชีพ)
42543628,บริษัทประกันชีวิต
42545273,คุ้มครองผู้บริโภค
42545273,ประกันภัยรถ
42545276,ประกันภัยรถ
42546160,ประกันสุขภาพ
42548769,บัตรเครดิต
42548769,ธนาคาร
42548769,ประกันสุขภาพ
42548769,ธนาคารกรุงศรีอยุธยา
42548769,ประกันออนไลน์
42549006,เงินฝากระยะยาว
42549006,ประกันสุขภาพ
42549006,บริษัทประกันชีวิต
42549006,บัตรเครดิต
42550188,ธนาคาร
42550188,สำนักงานคณะกรรมการกำกับและส่งเสริมการประกอบธุรกิจประกันภัย (คปภ.)
42550188,ธนาคารทหารไทยธนชาต
42550188,ร้องทุกข์
42550188,คุ้มครองผู้บริโภค
42557592,คุ้มครองผู้บริโภค
42557592,ประกันสุขภาพ
42557592,บริษัทประกันชีวิต
42559110,อุบัติเหตุบนท้องถนน
42559110,สำนักงานคณะกรรมการกำกับและส่งเสริมการประกอบธุรกิจประกันภัย (คปภ.)
42559110,กฎหมายจราจร
42559552,สำนักงานคณะกรรมการกำกับและส่งเสริมการประกอบธุรกิจประกันภัย (คปภ.)
42559552,ประกันออนไลน์
42559552,ประกันภัยรถ
42563841,ปัญหาชีวิต
42563841,ประกันออนไลน์
42563841,ประกันชีวิต
42563841,บริษัทประกันชีวิต
42564728,ประกันสุขภาพ
42564728,ประกันชีวิตสำหรับผู้สูงอายุ
42564728,ประกันสังคม
42564728,คุ้มครองผู้บริโภค
42564728,ประกันชีวิต
42564993,ประกันชีวิตสำหรับเด็กและทารก
42564993,ประกันสุขภาพ
42564993,ประกันสำหรับเด็กและทารก
42564993,บริษัทประกันชีวิต
42564993,ประกันชีวิต
42565215,ktb netbank
42565215,ธนาคารกรุงไทย
42565215,ประกันสุขภาพ
42565215,บริษัทประกันชีวิต
42565215,ประกันชีวิต
42565358,ประกันออนไลน์
42565358,ประกันภัยรถ
42569235,ประกันสุขภาพ
42569235,สำนักงานคณะกรรมการกำกับและส่งเสริมการประกอบธุรกิจประกันภัย (คปภ.)
42569235,ตัวแทนประกันชีวิต (อาชีพ)
42569235,ประกันชีวิต
42572138,การเงิน
42572138,สำนักงานคณะกรรมการกำกับและส่งเสริมการประกอบธุรกิจประกันภัย (คปภ.)
42572138,ประกันออนไลน์
42572138,สำนักงานคณะกรรมการคุ้มครองผู้บริโภค (สคบ.)
42573561,ร้องทุกข์
42573561,คุ้มครองผู้บริโภค
42573561,ประกันสุขภาพ
42573561,บริษัทประกันชีวิต
42574190,ประกันสังคม
42574190,ประกันสุขภาพ
42574411,ร้องทุกข์
42574411,สำนักงานคณะกรรมการกำกับและส่งเสริมการประกอบธุรกิจประกันภัย (คปภ.)
42574411,บัตรเครดิต
42575184,ร้องทุกข์
42575184,คุ้มครองผู้บริโภค
42575184,ประกันสุขภาพ
42575184,บัตรเครดิต
42576704,ร้องทุกข์
42576704,สำนักงานคณะกรรมการกำกับและส่งเสริมการประกอบธุรกิจประกันภัย (คปภ.)
42576704,อุบัติเหตุ
42576704,mg
42577224,ประกันสุขภาพ
42586323,ประกันสุขภาพ
42586323,ประกันออนไลน์
42586323,ประกันชีวิต
42587684,บริษัทประกันชีวิต
42587684,ร้องทุกข์
42587684,คุ้มครองผู้บริโภค
42587684,ประกันออนไลน์
42587684,ธนาคารกรุงไทย
42589691,ซ่อมบำรุงรถยนต์
42589691,อู่ซ่อมรถ
42589691,สำนักงานคณะกรรมการกำกับและส่งเสริมการประกอบธุรกิจประกันภัย (คปภ.)
42589691,กฎหมายจราจร
42589691,โชว์รูมรถยนต์
42597265,คุ้มครองผู้บริโภค
42597265,บัตรเครดิต
42597265,สำนักงานคณะกรรมการคุ้มครองผู้บริโภค (สคบ.)
42597265,บริษัทประกันชีวิต
42597318,ประกันสุขภาพ
42597318,บริษัทประกันชีวิต
42597318,ประกันชีวิต
42597451,สำนักงานคณะกรรมการกำกับและส่งเสริมการประกอบธุรกิจประกันภัย (คปภ.)
42597451,ประกันภัยรถ
42597451,อู่ซ่อมรถ
42599560,ประกันสำหรับผู้สูงอายุ
42599560,ประกันสุขภาพ
42599560,ร้องทุกข์
42599560,คุ้มครองผู้บริโภค
42599560,ประกันสุขภาพสำหรับผู้สูงอายุ
42601082,สำนักงานคณะกรรมการกำกับและส่งเสริมการประกอบธุรกิจประกันภัย (คปภ.)
42601082,บริษัทประกันชีวิต
42601082,ร้องทุกข์
42601082,คุ้มครองผู้บริโภค
42601082,ประกันออนไลน์
42603216,โหนกระแส (รายการโทรทัศน์)
42603216,ประกันสุขภาพ
42603216,ร้องทุกข์
42603216,สิทธิผู้สูงอายุ
42603216,ประกันสุขภาพสำหรับผู้สูงอายุ
42603752,เตือนภัย
42603752,scb easy
42603752,ธนาคารไทยพาณิชย์
42603752,ประกันออนไลน์
42603752,ประกันชีวิต
42606879,ร้องทุกข์
42606879,ประกันสุขภาพ
42606879,บริษัทประกันชีวิต
42606879,ประกันชีวิต
42609980,ปัญหาชีวิต
42609980,กฎหมายชาวบ้าน
42609980,ประกันสุขภาพ
42609980,ร้องทุกข์
42609980,คุ้มครองผู้บริโภค
42616637,ประกันสุขภาพ
42616637,โรงพยาบาล
42617898,ประกันภัยรถ
42618466,ประกันสุขภาพ
42618466,ประกันชีวิต
42619263,คุ้มครองผู้บริโภค
42619263,บริษัทประกันชีวิต
42619263,ประกันชีวิต
42626812,นักกฎหมาย
42626812,ประกันสุขภาพ
42626812,สำนักงานคณะกรรมการกำกับและส่งเสริมการประกอบธุรกิจประกันภัย (คปภ.)
42626812,คลับสุขภาพ
42626812,บริษัทประกันชีวิต
42627853,สุขภาพกาย
42627853,ประกันสุขภาพสำหรับเด็กและทารก
42627853,สุขภาพเด็กและทารก
42627853,ประกันสุขภาพ
42627853,สุขภาพ
42634067,บัตรเครดิต
42634067,ประกันสุขภาพ
42634067,ตัวแทนประกันชีวิต (อาชีพ)
42634067,คุ้มครองผู้บริโภค
42634067,ประกันชีวิต
42634201,การเงิน
42634201,ประกันภัยรถ
42638362,ประกันสุขภาพ
42638362,ประกันสำหรับเด็กและทารก
42638362,ร้องทุกข์
42638362,คุ้มครองผู้บริโภค
42638362,บริษัทประกันชีวิต
42639475,สุขภาพ
42639475,ประกันสุขภาพ
42639490,truemoney
42639490,ประกันภัยรถ
42639836,บัตรเครดิต
42639836,บริษัทประกันชีวิต
42639836,ธนาคารกรุงศรีอยุธยา
42639836,ร้องทุกข์
42639836,ประกันออนไลน์
42643584,รถยนต์
42643584,ประกันภัยรถ
42643584,อุบัติภัย
42645941,รถยนต์
42645941,ซ่อมบำรุงรถยนต์
42645941,อู่ซ่อมรถ
42645941,ประกันภัยรถ
42645941,บริษัทประกันชีวิต
42652395,มนุษย์เงินเดือน
42652395,ประกันสุขภาพ
42652395,ประกันสำหรับเด็กและทารก
42652395,สุขภาพเด็กและทารก
42652395,โรงพยาบาล
42660160,ประกันสำหรับผู้สูงอายุ
42660160,ตัวแทนประกันชีวิต (อาชีพ)
42660160,ประกันชีวิตสำหรับผู้สูงอายุ
42660160,บริษัทประกันชีวิต
42660160,ประกันชีวิต
42665678,ประกันสุขภาพ
42670569,คุ้มครองผู้บริโภค
42670569,ธนาคารไทยพาณิชย์
42670569,ประกันสุขภาพ
42670569,scb easy
42671613,ประกันสุขภาพ
42673675,ร้องทุกข์
42673675,ธนาคาร
42673675,ธนาคารไทยพาณิชย์
42673675,ประกันสุขภาพ
42677602,บัตรเครดิต
42677602,ประกันสุขภาพ
42677602,คุ้มครองผู้บริโภค
42677602,บริษัทประกันชีวิต
42677602,ประกันชีวิต
42679710,ประกันสุขภาพสำหรับเด็กและทารก
42679710,ประกันสุขภาพ
42679710,ประกันสำหรับเด็กและทารก
42682937,สำนักงานคณะกรรมการกำกับและส่งเสริมการประกอบธุรกิจประกันภัย (คปภ.)
42682937,ประกันภัยรถ
42684045,ประกันสุขภาพ
42684045,สำนักงานคณะกรรมการกำกับและส่งเสริมการประกอบธุรกิจประกันภัย (คปภ.)
42684045,คุ้มครองผู้บริโภค
42684045,บริษัทประกันชีวิต
42684045,ประกันสุขภาพสำหรับผู้สูงอายุ
42684081,ประกันสุขภาพ
42685046,ร้องทุกข์
42685046,ประกันสุขภาพ
42685046,aeon
42685189,ประกันสุขภาพ
42685189,ร้องทุกข์
42685189,คุ้มครองผู้บริโภค
42685189,บริษัทประกันชีวิต
42685189,ประกันชีวิต
42685351,ประกันสุขภาพ
42685351,สำนักงานคณะกรรมการกำกับและส่งเสริมการประกอบธุรกิจประกันภัย (คปภ.)
42685351,กฎหมายชาวบ้าน
42685351,คุ้มครองผู้บริโภค
42685351,โรงพยาบาล
42685753,รถยนต์
42685753,เศรษฐกิจ
42685753,รถยนต์ไฟฟ้า
42685753,เศรษฐศาสตร์
42685753,ประกันภัยรถ
42689899,ประกันภัยรถ
42691241,สุขภาพกาย
42691241,ประกันสุขภาพ
42691241,ไข้หวัด
42691241,บริษัทประกันชีวิต
42691241,ประกันชีวิต
42692008,ร้องทุกข์
42692008,คุ้มครองผู้บริโภค
42692008,ประกันสุขภาพ
42692547,ประกันสุขภาพ
42692547,ประกันสำหรับผู้สูงอายุ
42692547,ประกันชีวิต
42692547,บริษัทประกันชีวิต
42693275,รถยนต์
42693275,ประกันภัยรถ
42695803,ประกันสุขภาพ
42695803,ประกันชีวิตสำหรับผู้สูงอายุ
42695803,บริษัทประกันชีวิต
42695803,ประกันชีวิต
42695803,ประกันสุขภาพสำหรับผู้สูงอายุ
42697307,เตือนภัย
42697307,ประกันสุขภาพ
42697307,สำนักงานคณะกรรมการกำกับและส่งเสริมการประกอบธุรกิจประกันภัย (คปภ.)
42697307,ร้องทุกข์
42697307,คุ้มครองผู้บริโภค
42698797,งานโรงพยาบาล
42698797,ประกันสุขภาพ
42698797,ร้องทุกข์
42698797,คุ้มครองผู้บริโภค
42698797,โรงพยาบาล
42701580,อุบัติเหตุ
42701580,รถยนต์
42701580,ประกันภัยรถ
42701580,บทความ
42701580,โรงเรียนสอนขับรถ
42702155,ประกันสุขภาพ
42702155,บริษัทประกันชีวิต
42702155,ประกันชีวิต
42708519,ประกันภัยการเดินทาง
42708519,บันทึกนักเดินทาง
42708519,แผนการเดินทางและท่องเที่ยว
42708519,สถานที่ท่องเที่ยวต่างประเทศ
42708519,เที่ยวต่างประเทศ
42710228,รถกระบะ
42710228,รถยนต์
42710228,ประกันภัยรถ
42710662,ท่องเที่ยว
42710662,ประกันภัยการเดินทาง
42710662,ไต้หวัน
42710662,สำนักงานคณะกรรมการกำกับและส่งเสริมการประกอบธุรกิจประกันภัย (คปภ.)
42710662,คุ้มครองผู้บริโภค
42711901,เตือนภัย
42711901,ประกันสุขภาพ
42711901,สำนักงานคณะกรรมการกำกับและส่งเสริมการประกอบธุรกิจประกันภัย (คปภ.)
42711901,คุ้มครองผู้บริโภค
42712100,ประกันสุขภาพ
42712545,สำนักงานคณะกรรมการกำกับและส่งเสริมการประกอบธุรกิจประกันภัย (คปภ.)
42712545,ประกันภัยรถ
42712545,ร้องทุกข์
42712545,คุ้มครองผู้บริโภค
42712545,ประกันออนไลน์
42712950,ร้องทุกข์
42712950,ประกันภัยรถ
42712963,เตือนภัย
42712963,สำนักงานคณะกรรมการกำกับและส่งเสริมการประกอบธุรกิจประกันภัย (คปภ.)
42712963,ร้องทุกข์
42712963,บริษัทประกันชีวิต
42712963,ประกันชีวิต
42713194,รถยนต์
42713194,ซ่อมบำรุงรถยนต์
42713194,รถยนต์ไฟฟ้า
42713194,เศรษฐศาสตร์
42713194,ประกันภัยรถ
42717891,รถยนต์
42717891,เศรษฐกิจ
42717891,รถยนต์ไฟฟ้า
42717891,เศรษฐศาสตร์
42717891,ประกันภัยรถ
42722231,ธนาคารกรุงไทย
42722231,ประกันสุขภาพ
42722231,บริษัทประกันชีวิต
42722231,ประกันชีวิต
42722231,ประกันสุขภาพสำหรับผู้สูงอายุ
42722392,สำนักงานคณะกรรมการคุ้มครองผู้บริโภค (สคบ.)
42722392,เตือนภัย
42722392,สำนักงานคณะกรรมการกำกับและส่งเสริมการประกอบธุรกิจประกันภัย (คปภ.)
42722392,ร้องทุกข์
42722392,คุ้มครองผู้บริโภค
42724115,ประกันสุขภาพ
42724115,บริษัทประกันชีวิต
42724115,ประกันชีวิต
42724115,ประกันสุขภาพสำหรับผู้สูงอายุ
42725575,ประกันสุขภาพ
42725575,บริษัทประกันชีวิต
42725575,ประกันชีวิต
42725704,ประกันสุขภาพ
42725704,บริษัทประกันชีวิต
42725704,ประกันชีวิต
42727708,ประกันสุขภาพ
42728648,อุบัติเหตุบนท้องถนน
42728648,อุบัติเหตุ
42728648,ประกันภัยรถ
42730527,ประกันสุขภาพ
42730527,สำนักงานคณะกรรมการกำกับและส่งเสริมการประกอบธุรกิจประกันภัย (คปภ.)
42732349,ประกันสุขภาพ
42732349,สำนักงานคณะกรรมการกำกับและส่งเสริมการประกอบธุรกิจประกันภัย (คปภ.)
42732349,คุ้มครองผู้บริโภค
42732349,ประกันออนไลน์
42732349,ประกันชีวิต
42732976,การเงิน
42732976,เตือนภัย
42732976,ประกันสุขภาพ
42732976,ร้องทุกข์
42732976,ธนาคารไทยพาณิชย์
42734190,ประกันชีวิตสำหรับเด็กและทารก
42734190,ประกันสุขภาพสำหรับเด็กและทารก
42734190,ประกันสุขภาพ
42734190,ประกันสำหรับเด็กและทารก
42734190,คุ้มครองผู้บริโภค
42737431,ประกันสุขภาพ
42737431,สำนักงานคณะกรรมการกำกับและส่งเสริมการประกอบธุรกิจประกันภัย (คปภ.)
42737431,ร้องทุกข์
42737431,คุ้มครองผู้บริโภค
42737431,ประกันออนไลน์
42740719,ธนาคารกรุงไทย
42740719,ประกันสุขภาพ
42740719,ตัวแทนประกันชีวิต (อาชีพ)
42740719,คุ้มครองผู้บริโภค
42740719,ประกันชีวิต
42741616,ธนาคาร
42741616,ประกันสุขภาพ
42741616,scb easy
42741616,ร้องทุกข์
42741616,ธนาคารไทยพาณิชย์
42741946,ประกันสุขภาพ
42741946,บัตรเครดิต
42746481,ร้องทุกข์
42746481,ประกันชีวิต
42746481,ktc (หุ้น)
42746481,บริษัทประกันชีวิต
42753081,ประกันสุขภาพ
42753081,ร้องทุกข์
42753081,คุ้มครองผู้บริโภค
42753081,บริษัทประกันชีวิต
42753081,โรงพยาบาล
42756698,สำนักงานคณะกรรมการคุ้มครองผู้บริโภค (สคบ.)
42756698,ประกันสุขภาพ
42756698,ร้องทุกข์
42756698,คุ้มครองผู้บริโภค
42756698,บริษัทประกันชีวิต
42758720,สำนักงานคณะกรรมการคุ้มครองผู้บริโภค (สคบ.)
42758720,สำนักงานคณะกรรมการกำกับและส่งเสริมการประกอบธุรกิจประกันภัย (คปภ.)
42758720,ร้องทุกข์
42758720,คุ้มครองผู้บริโภค
42758720,บริษัทประกันชีวิต
42764888,ประกันสุขภาพ
42770205,ประกันชีวิตสำหรับเด็กและทารก
42770205,ประกันชีวิต
42770205,ประกันสำหรับเด็กและทารก
42770205,สำนักงานคณะกรรมการกำกับและส่งเสริมการประกอบธุรกิจประกันภัย (คปภ.)
42770205,ธนาคารกรุงไทย
42770967,สุขภาพกาย
42770967,ประกันสุขภาพ
42770967,ปัญหาชีวิต
42770967,โรคมะเร็ง
42771369,อุบัติเหตุ
42771369,พระราชบัญญัติคุ้มครองผู้ประสบภัยจากรถ (พ.ร.บ.คุ้มครองผู้ประสบภัยจากรถ)
42771369,พระราชบัญญัติจราจรทางบก (พ.ร.บ.จราจรทางบก)
42771369,สำนักงานคณะกรรมการกำกับและส่งเสริมการประกอบธุรกิจประกันภัย (คปภ.)
42771369,ประกันภัยรถ
42773408,บัตรเครดิต
42773408,บริษัทประกันชีวิต
42776083,รถยนต์
42776083,ซ่อมบำรุงรถยนต์
42776083,อู่ซ่อมรถ
42776083,สำนักงานคณะกรรมการกำกับและส่งเสริมการประกอบธุรกิจประกันภัย (คปภ.)
42776083,ประกันออนไลน์
42776679,รถยนต์
42776679,อู่ซ่อมรถ
42776679,สำนักงานคณะกรรมการกำกับและส่งเสริมการประกอบธุรกิจประกันภัย (คปภ.)
42776679,ศูนย์บริการรถยนต์
42776679,คุ้มครองผู้บริโภค
42780357,สำนักงานคณะกรรมการกำกับและส่งเสริมการประกอบธุรกิจประกันภัย (คปภ.)
42780357,ประกันภัยรถ
42780357,ประกันภัยการเดินทาง
42783453,ประกันสุขภาพ
42783453,ร้องทุกข์
42783453,คุ้มครองผู้บริโภค
42783453,บริษัทประกันชีวิต
42783453,ประกันชีวิต
42788674,สำนักงานคณะกรรมการกำกับและส่งเสริมการประกอบธุรกิจประกันภัย (คปภ.)
42788674,ประกันภัยรถ
42791041,ประกันสุขภาพสำหรับเด็กและทารก
42791041,ประกันสุขภาพ
42791041,ประกันสำหรับเด็กและทารก
42793487,อุบัติเหตุบนท้องถนน
42793487,ประกันภัยรถ
42797188,ประกันสุขภาพ
42797188,สำนักงานคณะกรรมการกำกับและส่งเสริมการประกอบธุรกิจประกันภัย (คปภ.)
42797188,ตัวแทนประกันชีวิต (อาชีพ)
42797188,บริษัทประกันชีวิต
42797188,ประกันชีวิต
42798710,ประกันสุขภาพ
42801158,บริษัท ไทยประกันชีวิต จำกัด (มหาชน)
42801158,ธนาคาร
42801158,บัตรเครดิต
42801158,ประกันชีวิต
42801543,ประกันสุขภาพ
42801543,สำนักงานคณะกรรมการกำกับและส่งเสริมการประกอบธุรกิจประกันภัย (คปภ.)
42801543,ร้องทุกข์
42801543,บริษัทประกันชีวิต
42801543,ประกันชีวิต
42803077,ธนาคาร
42803077,สำนักงานคณะกรรมการกำกับและส่งเสริมการประกอบธุรกิจประกันภัย (คปภ.)
42803077,บัตรเครดิต
42803832,ประกันชีวิตสำหรับเด็กและทารก
42803832,ประกันสุขภาพ
42803832,ประกันสำหรับเด็กและทารก
42803832,บริษัทประกันชีวิต
42803832,ประกันชีวิต
42809643,ซ่อมบำรุงรถยนต์
42809643,อู่ซ่อมรถ
42809643,อุบัติเหตุบนท้องถนน
42809643,ศูนย์บริการรถยนต์
42809643,ประกันภัยรถ
42809662,บัตรเครดิต
42809662,ธนาคารกรุงศรีอยุธยา
42809662,ร้องทุกข์
42809662,คุ้มครองผู้บริโภค
42809662,บริษัทประกันชีวิต
42811716,สำนักงานคณะกรรมการกำกับและส่งเสริมการประกอบธุรกิจประกันภัย (คปภ.)
42811716,ร้องทุกข์
42811716,คุ้มครองผู้บริโภค
42811716,ธนาคารไทยพาณิชย์
42811716,ธนาคารแห่งประเทศไทย
42812214,ประกันออนไลน์
42812214,ประกันสุขภาพ
42812214,บริษัทประกันชีวิต
42812214,ประกันชีวิต
42813787,การจราจร
42813787,ซ่อมบำรุงรถยนต์
42813787,อู่ซ่อมรถ
42813787,อุบัติเหตุบนท้องถนน
42813787,ประกันภัยรถ
42815155,ประกันสุขภาพ
42815155,ประกันออนไลน์
42815155,ธนาคารกรุงไทย
42815155,ประกันชีวิต
42817118,รถยนต์
42817118,รถยนต์ไฟฟ้า
42817118,ประกันภัยรถ
42819116,สำนักงานคณะกรรมการคุ้มครองผู้บริโภค (สคบ.)
42819116,เตือนภัย
42819116,ประกันสุขภาพ
42819116,ร้องทุกข์
42819116,คุ้มครองผู้บริโภค
42820859,ประกันสุขภาพ
42820859,ตัวแทนประกันชีวิต (อาชีพ)
42820859,ประกันชีวิต
42823638,รถยนต์
42823638,รถยนต์ไฟฟ้า
42823638,ประกันภัยรถ
42823638,อุตสาหกรรมยานยนต์
42824196,สำนักงานคณะกรรมการคุ้มครองผู้บริโภค (สคบ.)
42824196,การเงิน
42824196,ประกันวินาศภัย
42824196,ประกันภัยรถ
42824196,คุ้มครองผู้บริโภค
42824552,สำนักงานคณะกรรมการคุ้มครองผู้บริโภค (สคบ.)
42824552,ศูนย์บริการรถยนต์
42824552,ประกันภัยรถ
42824552,คุ้มครองผู้บริโภค
42824552,บริษัทประกันชีวิต
42826319,ประกันสุขภาพ
42826319,โรงพยาบาล
42831011,ประกันสุขภาพ
42831011,โรงพยาบาล
42831099,บัตรเครดิต
42831099,ธนาคาร
42831099,ธนาคารกรุงศรีอยุธยา
42831099,บริษัทประกันชีวิต
42831099,ประกันชีวิต
42831977,สำนักงานคณะกรรมการคุ้มครองผู้บริโภค (สคบ.)
42831977,สำนักงานคณะกรรมการกำกับและส่งเสริมการประกอบธุรกิจประกันภัย (คปภ.)
42831977,โรคมะเร็ง
42831977,คุ้มครองผู้บริโภค
42831977,บริษัทประกันชีวิต
42834653,ร้องทุกข์
42834653,ธนาคารกรุงไทย
42834653,ประกันชีวิต
42839016,สำนักงานคณะกรรมการกำกับและส่งเสริมการประกอบธุรกิจประกันภัย (คปภ.)
42839016,บริษัทประกันชีวิต
42839016,เที่ยวต่างประเทศ
42839016,ประเทศญี่ปุ่น
42839060,หุ้น
42839060,การเงิน
42839060,ประกันวินาศภัย
42839060,ประกันภัยรถ
42839060,ประกันชีวิต
42839969,คุ้มครองผู้บริโภค
42839969,สำนักงานคณะกรรมการกำกับและส่งเสริมการประกอบธุรกิจประกันภัย (คปภ.)
42839969,กฎหมายชาวบ้าน
42839969,ประกันชีวิต
42840605,ประกันสุขภาพ
42840605,บริษัทประกันชีวิต
42840605,ประกันชีวิตสำหรับผู้สูงอายุ
42840605,ประกันชีวิต
42840987,ชีวิตหลังเกษียณ
42840987,การเงิน
42840987,การลงทุน
42840987,ประกันสุขภาพ
42840987,ประกันชีวิต
42843301,ประกันสุขภาพ
42843301,ประกันสำหรับเด็กและทารก
42843301,ประกันชีวิตสำหรับเด็กและทารก
42843582,ประกันภัยการเดินทาง
42843582,ท่องเที่ยว
42843582,เที่ยวต่างประเทศ
42843582,สายการบิน
42844078,ประกันสุขภาพ
42844078,สำนักงานคณะกรรมการกำกับและส่งเสริมการประกอบธุรกิจประกันภัย (คปภ.)
42844078,ร้องทุกข์
42844078,คุ้มครองผู้บริโภค
42844078,ประกันชีวิต
42846169,สุขภาพกาย
42846169,ประกันสุขภาพ
42846169,โรงพยาบาล
42849253,เตือนภัย
42849253,ร้องทุกข์
42849253,คุ้มครองผู้บริโภค
42849253,บริษัทประกันชีวิต
42849253,ประกันชีวิต
42849633,จังหวัดชลบุรี
42849633,อู่ซ่อมรถ
42849633,ศูนย์บริการรถยนต์
42849633,สำนักงานคณะกรรมการกำกับและส่งเสริมการประกอบธุรกิจประกันภัย (คปภ.)
42849633,คุ้มครองผู้บริโภค
42849803,ร้องทุกข์
42849803,บริษัทประกันชีวิต
42849803,ธนาคารกรุงไทย
42851573,ร้องทุกข์
42851573,คุ้มครองผู้บริโภค
42851573,มนุษย์เงินเดือน
42851573,ประกันชีวิต
42851580,ประกันสุขภาพ
42851580,การโฆษณา
42851580,ร้องทุกข์
42851580,คุ้มครองผู้บริโภค
42851580,ประกันชีวิต
42853885,ประกันสุขภาพ
42854741,ประกันสุขภาพ
42854741,ประกันสำหรับเด็กและทารก
42854741,สำนักงานคณะกรรมการกำกับและส่งเสริมการประกอบธุรกิจประกันภัย (คปภ.)
42854741,ร้องทุกข์
42854741,คุ้มครองผู้บริโภค
42858677,ประกันสุขภาพ
42858677,ร้องทุกข์
42858677,คุ้มครองผู้บริโภค
42858677,ประกันชีวิต
42858677,ประกันสุขภาพสำหรับผู้สูงอายุ
42858761,ประกันภัยรถ
42860581,คุ้มครองผู้บริโภค
42860581,ประกันสุขภาพ
42862854,ร้องทุกข์
42862854,สำนักงานคณะกรรมการกำกับและส่งเสริมการประกอบธุรกิจประกันภัย (คปภ.)
42863404,ประกันสุขภาพ
42863404,บริษัทประกันชีวิต
42863708,ประกันสุขภาพ
42867094,บัตรเครดิต
42867094,สำนักงานคณะกรรมการกำกับและส่งเสริมการประกอบธุรกิจประกันภัย (คปภ.)
42867094,คุ้มครองผู้บริโภค
42867094,บริษัทประกันชีวิต
42867094,ประกันชีวิต
42867100,ประกันสุขภาพ
42867100,ประกันชีวิต
42867100,โรคมะเร็ง
42872953,ประกันสุขภาพ
42875593,อุบัติเหตุ
42875593,รถยนต์
42875593,อุบัติเหตุบนท้องถนน
42875593,สำนักงานคณะกรรมการกำกับและส่งเสริมการประกอบธุรกิจประกันภัย (คปภ.)
42875593,ประกันภัยรถ
42876465,บัตรเครดิต
42876465,เตือนภัย
42876465,ประกันสุขภาพ
42876465,สำนักงานคณะกรรมการกำกับและส่งเสริมการประกอบธุรกิจประกันภัย (คปภ.)
42876465,ร้องทุกข์
42877765,อุบัติเหตุบนท้องถนน
42877765,ประกันภัยรถ
42878864,คุ้มครองผู้บริโภค
42878864,ประกันสุขภาพ
42879603,ประกันสุขภาพ
42879603,สำนักงานคณะกรรมการกำกับและส่งเสริมการประกอบธุรกิจประกันภัย (คปภ.)
42879603,ร้องทุกข์
42879603,คุ้มครองผู้บริโภค
42879603,บริษัทประกันชีวิต
42882748,ประกันสุขภาพ
42885573,ประกันสุขภาพ
42888845,เจ้าของธุรกิจ
42888845,ประกันสุขภาพ
42888845,บริษัทประกันชีวิต
42888845,ประกันชีวิต
42889372,รถยนต์
42889372,ซ่อมบำรุงรถยนต์
42889372,พระราชบัญญัติจราจรทางบก (พ.ร.บ.จราจรทางบก)
42889372,สำนักงานคณะกรรมการกำกับและส่งเสริมการประกอบธุรกิจประกันภัย (คปภ.)
42889372,บริษัทประกันชีวิต
42890377,ประกันภัยรถ
42890377,แต่งรถ
42894496,คุ้มครองผู้บริโภค
42894496,ประกันสุขภาพ
42894496,ประกันชีวิต
42895203,สินเชื่อรถยนต์
42895203,ตัวแทนประกันชีวิต (อาชีพ)
42895203,ธนาคารกรุงศรีอยุธยา
42895203,ประกันชีวิต
42895398,ซ่อมบำรุงรถยนต์
42895398,ศูนย์บริการรถยนต์
42895398,ประกันภัยรถ
42895398,อู่ซ่อมรถ
42895401,ประกันออนไลน์
42895401,คุ้มครองผู้บริโภค
42895401,บัตรเครดิต
42899519,อุบัติเหตุ
42899519,ประกันสุขภาพ
42899519,บริษัทประกันชีวิต
42899519,ประกันชีวิต
42900932,อุบัติเหตุ
42900932,อุบัติเหตุบนท้องถนน
42900932,สำนักงานคณะกรรมการกำกับและส่งเสริมการประกอบธุรกิจประกันภัย (คปภ.)
42900932,พระราชบัญญัติจราจรทางบก (พ.ร.บ.จราจรทางบก)
42900932,ประกันภัยรถ
42903158,ประกันสำหรับผู้สูงอายุ
42903158,ประกันสุขภาพ
42903158,ประกันชีวิตสำหรับผู้สูงอายุ
42903158,บริษัทประกันชีวิต
42903158,ประกันชีวิต
42904168,ประกันออนไลน์
42904168,ประกันภัยรถ
42904827,คุ้มครองผู้บริโภค
42904827,บัตรเครดิต
42904827,ธนาคารกรุงศรีอยุธยา
42904827,บริษัทประกันชีวิต
42904945,เตือนภัย
42904945,ร้องทุกข์
42904945,ประกันสุขภาพ
42904945,สำนักงานคณะกรรมการกำกับและส่งเสริมการประกอบธุรกิจประกันภัย (คปภ.)
42905179,ซ่อมบำรุงรถยนต์
42905179,อุบัติเหตุบนท้องถนน
42905179,สำนักงานคณะกรรมการกำกับและส่งเสริมการประกอบธุรกิจประกันภัย (คปภ.)
42905179,ประกันภัยรถ
42905179,ประกันออนไลน์
42905745,ประกันสุขภาพ
42905745,แพทย์
42905745,โรงพยาบาล
42906675,สำนักงานคณะกรรมการคุ้มครองผู้บริโภค (สคบ.)
42906675,ประกันสุขภาพสำหรับเด็กและทารก
42906675,ประกันสุขภาพ
42906675,ร้องทุกข์
42906675,คุ้มครองผู้บริโภค
42911299,ประกันภัยรถ
42914838,ประกันวินาศภัย
42914838,เตือนภัย
42914838,ประกันสุขภาพ
42914838,สำนักงานคณะกรรมการกำกับและส่งเสริมการประกอบธุรกิจประกันภัย (คปภ.)
42914838,ธนาคารกรุงไทย
42915042,ประกันวินาศภัย
42915042,ประกันสุขภาพ
42915042,สำนักงานคณะกรรมการกำกับและส่งเสริมการประกอบธุรกิจประกันภัย (คปภ.)
42915042,คุ้มครองผู้บริโภค
42915042,ประกันชีวิต
42916460,กิจกรรมท่องเที่ยว
42916460,ประกันสุขภาพ
42916460,สำนักงานคณะกรรมการกำกับและส่งเสริมการประกอบธุรกิจประกันภัย (คปภ.)
42916460,ร้องทุกข์
42916460,สถานที่ท่องเที่ยว
42918233,รถยนต์
42918233,สำนักงานคณะกรรมการกำกับและส่งเสริมการประกอบธุรกิจประกันภัย (คปภ.)
42918233,ประกันภัยรถ
42918574,ประกันสุขภาพ
42918574,สำนักงานคณะกรรมการกำกับและส่งเสริมการประกอบธุรกิจประกันภัย (คปภ.)
42918682,ประกันสุขภาพ
42918682,สำนักงานคณะกรรมการกำกับและส่งเสริมการประกอบธุรกิจประกันภัย (คปภ.)
42918682,บริษัทประกันชีวิต
42918682,ธนาคารกรุงไทย
42918966,ประกันวินาศภัย
42918966,เตือนภัย
42918966,ประกันสุขภาพ
42918966,สำนักงานคณะกรรมการกำกับและส่งเสริมการประกอบธุรกิจประกันภัย (คปภ.)
42918966,ธนาคารกรุงไทย
42919337,งานโรงพยาบาล
42919337,โรงพยาบาลเอกชน
42919337,ประกันสุขภาพ
42919337,สำนักงานคณะกรรมการกำกับและส่งเสริมการประกอบธุรกิจประกันภัย (คปภ.)
42919337,โรงพยาบาล
42920420,ประกันสุขภาพ
42920420,คุ้มครองผู้บริโภค
42920420,ธนาคารกรุงไทย
42920874,สำนักงานคณะกรรมการคุ้มครองผู้บริโภค (สคบ.)
42920874,สำนักงานคณะกรรมการกำกับและส่งเสริมการประกอบธุรกิจประกันภัย (คปภ.)
42920874,ร้องทุกข์
42920874,คุ้มครองผู้บริโภค
42920874,บริษัทประกันชีวิต
42920877,อุบัติเหตุ
42920877,การผ่าตัด
42920877,อุบัติเหตุบนท้องถนน
42920877,สำนักงานคณะกรรมการกำกับและส่งเสริมการประกอบธุรกิจประกันภัย (คปภ.)
42920877,พระราชบัญญัติจราจรทางบก (พ.ร.บ.จราจรทางบก)
42921893,ประกันสำหรับผู้สูงอายุ
42921893,ประกันสุขภาพ
42921893,ประกันชีวิตสำหรับผู้สูงอายุ
42921893,ประกันชีวิต
42921893,ประกันสุขภาพสำหรับผู้สูงอายุ
42924534,ประกันสุขภาพ
42924534,ทันตกรรม
42924534,การแพทย์
42924892,สำนักงานคณะกรรมการคุ้มครองผู้บริโภค (สคบ.)
42924892,สำนักงานคณะกรรมการกำกับและส่งเสริมการประกอบธุรกิจประกันภัย (คปภ.)
42924892,ร้องทุกข์
42924892,คุ้มครองผู้บริโภค
42924892,บริษัทประกันชีวิต
42924929,มนุษย์เงินเดือน
42924929,ปัญหาชีวิต
42924929,เตือนภัย
42924929,ประกันสุขภาพ
42924929,คุ้มครองผู้บริโภค
42925931,บัตรเครดิต
42925931,ประกันสุขภาพ
42925931,บริษัทประกันชีวิต
42925931,ประกันออนไลน์
42925931,ประกันชีวิต
42926202,ประกันสุขภาพ
42926202,บริษัทประกันชีวิต
42926202,บริษัท ไทยประกันชีวิต จำกัด (มหาชน)
42926294,ร้องทุกข์
42926294,ประกันสุขภาพ
42926294,คุ้มครองผู้บริโภค
42926314,ประกันภัยรถ
42926343,การออมเงิน
42926343,เตือนภัย
42926343,สำนักงานคณะกรรมการกำกับและส่งเสริมการประกอบธุรกิจประกันภัย (คปภ.)
42926343,บริษัทประกันชีวิต
42926343,ประกันชีวิต
42928564,เตือนภัย
42928564,ร้องทุกข์
42928564,ตัวแทนประกันชีวิต (อาชีพ)
42928564,ประกันชีวิต
42928949,ประกันสุขภาพ
42928949,ร้องทุกข์
42928949,คุ้มครองผู้บริโภค
42928949,บริษัทประกันชีวิต
42928949,ประกันชีวิต
42929222,สินเชื่อเพื่อที่อยู่อาศัย
42929222,รีไฟแนนซ์บ้าน
42929222,ประกันวินาศภัย
42929531,ประกันสุขภาพ
42929531,ประกันสำหรับเด็กและทารก
42930302,ประกันสุขภาพ
42930302,สำนักงานคณะกรรมการกำกับและส่งเสริมการประกอบธุรกิจประกันภัย (คปภ.)
42930302,บริษัทประกันชีวิต
42930302,ธนาคารกรุงไทย
42934151,ประกันสุขภาพ
42934151,ร้องทุกข์
42934151,คุ้มครองผู้บริโภค
42934151,บริษัทประกันชีวิต
42934151,ประกันชีวิต
42937731,ประกันสุขภาพ
42937731,aeon
42937731,ประกันชีวิต
42940861,ประกันชีวิตสำหรับเด็กและทารก
42940861,ประกันสุขภาพสำหรับเด็กและทารก
42940861,ประกันสุขภาพ
42940861,ประกันสำหรับเด็กและทารก
42940861,บริษัทประกันชีวิต
42941482,ซ่อมบำรุงรถยนต์
42941482,อู่ซ่อมรถ
42941482,อุบัติเหตุบนท้องถนน
42941482,ประกันภัยรถ
42941482,เขตบางกอกน้อย
42941581,ประกันสุขภาพ
42941581,สำนักงานคณะกรรมการกำกับและส่งเสริมการประกอบธุรกิจประกันภัย (คปภ.)
42941581,กฎหมายชาวบ้าน
42941581,คุ้มครองผู้บริโภค
42941581,ธนาคารกรุงไทย
42943237,ประกันสุขภาพ
42943261,ซ่อมบำรุงรถยนต์
42943261,ศูนย์บริการรถยนต์
42943261,ประกันภัยรถ
42943261,อู่ซ่อมรถ
42944039,ประกันสุขภาพ
42944039,คุ้มครองผู้บริโภค
42944039,ประกันชีวิต
42945055,คุ้มครองผู้บริโภค
42945055,ประกันออนไลน์
42946217,เตือนภัย
42946217,ร้องทุกข์
42946217,shopee
42946217,ประกันภัยรถ
42947170,การเงิน
42947170,ประกันวินาศภัย
42947170,สำนักงานคณะกรรมการกำกับและส่งเสริมการประกอบธุรกิจประกันภัย (คปภ.)
42947170,ประกันภัยรถ
42947170,ประกันชีวิต
42949921,มนุษย์เงินเดือน
42949921,ตัวแทนประกันชีวิต (อาชีพ)
42949921,การบริหารจัดการ
42949921,บริษัทประกันชีวิต
42949921,ประกันชีวิต
42955224,สำนักงานคณะกรรมการคุ้มครองผู้บริโภค (สคบ.)
42955224,ศูนย์บริการรถยนต์
42955224,คุ้มครองผู้บริโภค
42955224,สำนักงานคณะกรรมการกำกับและส่งเสริมการประกอบธุรกิจประกันภัย (คปภ.)
42955224,ฟิล์มรถยนต์
42955575,บัตรเครดิต
42955575,เตือนภัย
42955575,สำนักงานคณะกรรมการกำกับและส่งเสริมการประกอบธุรกิจประกันภัย (คปภ.)
42955575,บริษัทประกันชีวิต
42955575,ประกันออนไลน์
42955947,ประกันสุขภาพ
42955947,บริษัทประกันชีวิต
42957340,ประกันสุขภาพ
42959510,ประกันสุขภาพ
42959634,ประกันสุขภาพ
42959634,สำนักงานคณะกรรมการกำกับและส่งเสริมการประกอบธุรกิจประกันภัย (คปภ.)
42959634,ตัวแทนประกันชีวิต (อาชีพ)
42959634,คุ้มครองผู้บริโภค
42959634,บริษัทประกันชีวิต
42959858,คุ้มครองผู้บริโภค
42959858,ประกันสุขภาพ
42959858,ปัญหาชีวิต
42959858,การเงิน
42960431,ประกันสำหรับผู้สูงอายุ
42960431,ตัวแทนประกันชีวิต (อาชีพ)
42960431,ประกันชีวิตสำหรับผู้สูงอายุ
42960431,บริษัทประกันชีวิต
42960431,ประกันชีวิต
42960985,ประกันสุขภาพ
42960985,สำนักงานคณะกรรมการกำกับและส่งเสริมการประกอบธุรกิจประกันภัย (คปภ.)
42960985,บริษัทประกันชีวิต
42960985,ประกันชีวิต
42960990,ประกันชีวิตสำหรับเด็กและทารก
42960990,ประกันสุขภาพสำหรับเด็กและทารก
42960990,ประกันสุขภาพ
42960990,ประกันสำหรับเด็กและทารก
42960990,บริษัทประกันชีวิต
42962510,สุขภาพกาย
42962510,ประกันสำหรับผู้สูงอายุ
42962510,สุขภาพผู้สูงอายุ
42962510,การวางแผนการเงิน
42962510,ประกันชีวิต
42963679,ประกันสุขภาพสำหรับเด็กและทารก
42963679,ประกันสุขภาพ
42963679,ประกันสำหรับเด็กและทารก
42963679,ครอบครัว
42963679,วางแผนครอบครัว
42966662,ประกันสุขภาพ
42966662,ประกันชีวิตสำหรับเด็กและทารก
42966662,บริษัทประกันชีวิต
42966662,ประกันชีวิต
42967323,ประกันสำหรับเด็กและทารก
42967323,ประกันชีวิตสำหรับเด็กและทารก
42967323,ประกันชีวิต
42969073,เตือนภัย
42969073,บัตรเครดิต
42969073,ประกันชีวิต
42971334,ประกันภัยรถ
42973160,รถยนต์
42973160,honda civic
42973160,อู่ซ่อมรถ
42973160,สำนักงานคณะกรรมการกำกับและส่งเสริมการประกอบธุรกิจประกันภัย (คปภ.)
42973160,ดูแลรักษารถยนต์
42974922,ซ่อมบำรุงรถยนต์
42974922,สำนักงานคณะกรรมการกำกับและส่งเสริมการประกอบธุรกิจประกันภัย (คปภ.)
42974922,ศูนย์บริการรถยนต์
42974922,ประกันภัยรถ
42974922,ประกันออนไลน์
42975087,สินเชื่อเพื่อที่อยู่อาศัย
42975087,รีไฟแนนซ์บ้าน
42975087,ประกันสินเชื่อบ้าน
42978215,ประกันสุขภาพ
42978215,ตัวแทนประกันชีวิต (อาชีพ)
42978215,ร้องทุกข์
42978215,ธนาคารไทยพาณิชย์
42978215,บริษัทประกันชีวิต
42983528,ประกันภัยรถ
42984183,ประกันภัยการเดินทาง
42984183,ท่องเที่ยว
42984183,ประกันชีวิต
42984183,กิจกรรมท่องเที่ยว
42986768,ประกันสุขภาพ
42986768,คุ้มครองผู้บริโภค
42986768,บริษัทประกันชีวิต
42988284,ประกันสุขภาพ
42988284,สำนักงานคณะกรรมการกำกับและส่งเสริมการประกอบธุรกิจประกันภัย (คปภ.)
42988284,ตัวแทนประกันชีวิต (อาชีพ)
42988284,บริษัทประกันชีวิต
42988284,ประกันชีวิต
42988342,ประกันสุขภาพ
42988342,สำนักงานคณะกรรมการกำกับและส่งเสริมการประกอบธุรกิจประกันภัย (คปภ.)
42988342,ธนาคารกรุงศรีอยุธยา
42988342,ร้องทุกข์
42988342,บริษัทประกันชีวิต
42989467,บัตรเครดิต
42989467,ประกันสุขภาพ
42989467,สำนักงานคณะกรรมการกำกับและส่งเสริมการประกอบธุรกิจประกันภัย (คปภ.)
42989467,บริษัทประกันชีวิต
42989467,ประกันชีวิต
42990065,ประกันสุขภาพ
42990065,สำนักงานคณะกรรมการกำกับและส่งเสริมการประกอบธุรกิจประกันภัย (คปภ.)
42990065,ประกันออนไลน์
42993920,สำนักงานคณะกรรมการกำกับและส่งเสริมการประกอบธุรกิจประกันภัย (คปภ.)
42993920,บัตรเครดิต
42993920,ธนาคารกรุงศรีอยุธยา
42993920,บริษัทประกันชีวิต
42994338,ร้องทุกข์
42994338,ประกันสุขภาพ
42994338,คุ้มครองผู้บริโภค
42994338,ประกันชีวิต
42994525,มนุษย์เงินเดือน
42994525,สังคมชาวพันทิป
42994525,ประกันสังคม
42994525,สังคมวัยทำงาน
42994525,ประกันชีวิต
42999957,รถยนต์
42999957,ประกันภัยรถ
42999957,อู่ซ่อมรถ
43001411,ประกันสุขภาพ
43001411,บริษัทประกันชีวิต
43001411,ตัวแทนประกันชีวิต (อาชีพ)
43001411,aeon
43001411,ประกันชีวิต
43003836,ร้องทุกข์
43003836,ประกันสุขภาพ
43003836,คุ้มครองผู้บริโภค
43003836,ธนาคารกรุงไทย
43004602,bmw (รถยนต์)
43004602,สำนักงานคณะกรรมการกำกับและส่งเสริมการประกอบธุรกิจประกันภัย (คปภ.)
43004602,ประกันภัยรถ
43004602,คุ้มครองผู้บริโภค
43004602,บริษัทประกันชีวิต
43013670,ประกันสุขภาพ
43013670,บริษัทประกันชีวิต
43013670,การเงิน
43013670,ประกันชีวิต
43013755,บัตรเครดิต
43013755,การเงิน
43013755,เตือนภัย
43013755,คุ้มครองผู้บริโภค
43013755,ประกันชีวิต
43016858,ร้องทุกข์
43016858,กฎหมายชาวบ้าน
43016858,สำนักงานคณะกรรมการกำกับและส่งเสริมการประกอบธุรกิจประกันภัย (คปภ.)
43016858,ประกันภัยรถ
43020381,คุ้มครองผู้บริโภค
43020381,บริษัทประกันชีวิต
43020381,ประกันชีวิต
43023841,โรงพยาบาลเอกชน
43023841,ประกันสุขภาพ
43023841,คุ้มครองผู้บริโภค
43023841,ประกันชีวิต
43023841,โรงพยาบาล
43024381,ประกันสุขภาพ
43024381,บริษัทประกันชีวิต
43024381,ประกันชีวิต
43025268,ประกันสุขภาพ
43028827,ประกันภัยรถ
43031542,ธนาคาร
43031542,ประกันสังคม
43031542,ธนาคารไทยพาณิชย์
43031542,ประกันออนไลน์
43031542,ประกันชีวิต
43032583,สิทธิการรักษาพยาบาล
43032583,คุ้มครองผู้บริโภค
43032583,บริษัทประกันชีวิต
43032583,ตัวแทนประกันชีวิต (อาชีพ)
43034751,ร้องทุกข์
43034751,บริษัทประกันชีวิต
43034751,ประกันชีวิต
43034889,เตือนภัย
43034889,ประกันสุขภาพ
43034889,สำนักงานคณะกรรมการคุ้มครองผู้บริโภค (สคบ.)
43034889,ประกันชีวิต
43036153,ประกันภัยรถ
43037233,ธนาคาร
43037233,บริษัทประกันชีวิต
43037233,ประกันสังคม
43037233,ประกันออนไลน์
43037233,ประกันชีวิต
43039081,ธนาคาร
43039081,ประกันสุขภาพ
43039081,การตลาด
43040655,โรงพยาบาลเอกชน
43040655,ประกันสุขภาพ
43040655,สิทธิการรักษาพยาบาล
43043499,ประกันภัยรถ
43044586,บัตรเครดิต
43044586,tapktc
43044586,ประกันชีวิต
43045381,ประกันสุขภาพ
43045381,ร้องทุกข์
43045381,คุ้มครองผู้บริโภค
43045381,บริษัทประกันชีวิต
43045381,ประกันชีวิต
43045575,เตือนภัย
43045575,คุ้มครองผู้บริโภค
43045575,ประกันสุขภาพ
43045900,ประกันสุขภาพ
43045900,ประกันสำหรับเด็กและทารก
43045900,สำนักงานคณะกรรมการกำกับและส่งเสริมการประกอบธุรกิจประกันภัย (คปภ.)
43045900,บริษัทประกันชีวิต
43045900,ประกันชีวิต
43047029,คุ้มครองผู้บริโภค
43047029,ประกันสุขภาพ
43047029,บริษัทประกันชีวิต
43047029,ประกันชีวิต
43047694,ประกันสุขภาพ
43047694,กฎหมายชาวบ้าน
43047694,การบริหารจัดการ
43047694,บริษัทประกันชีวิต
43047694,ประกันชีวิต
43049754,ประกันสุขภาพ
43049754,คุ้มครองผู้บริโภค
43050278,ประกันสุขภาพ
43050278,กฎหมายชาวบ้าน
43050278,คุ้มครองผู้บริโภค
43050278,บริษัทประกันชีวิต
43050278,ประกันชีวิต
43051074,รถยนต์
43051074,อุบัติเหตุบนท้องถนน
43051074,อุบัติเหตุ
43051074,ประกันภัยรถ
43051493,เตือนภัย
43051493,คุ้มครองผู้บริโภค
43051493,ประกันสุขภาพ
43051493,บริษัทประกันชีวิต
43051499,อุบัติเหตุบนท้องถนน
43051499,สำนักงานคณะกรรมการกำกับและส่งเสริมการประกอบธุรกิจประกันภัย (คปภ.)
43051499,ประกันภัยรถ
43051527,ประกันสุขภาพ
43051527,สำนักงานคณะกรรมการกำกับและส่งเสริมการประกอบธุรกิจประกันภัย (คปภ.)
43051527,คุ้มครองผู้บริโภค
43051527,บริษัทประกันชีวิต
43051527,ประกันชีวิต
43051906,มนุษย์เงินเดือน
43051906,ประกันภัยรถ
43051906,งานขาย
43051906,การบริหารจัดการ
43051906,สินเชื่อรถยนต์
43052280,ประกันสุขภาพ
43052280,คุ้มครองผู้บริโภค
43053042,คดีความ
43053042,ประกันภัยรถ
43053042,ทนายความ
43053154,สำนักงานคณะกรรมการคุ้มครองผู้บริโภค (สคบ.)
43053154,ประกันสุขภาพ
43053154,ร้องทุกข์
43053154,คุ้มครองผู้บริโภค
43053154,ธนาคารกรุงไทย
43053197,รถยนต์
43053197,ประกันออนไลน์
43053197,ประกันภัยรถ
43053197,ประกันวินาศภัย
43053975,การพัฒนาสังคม (social development)
43053975,ปัญหาสังคม
43053975,ประกันสำหรับเด็กและทารก
43053975,ร้องทุกข์
43053975,คุ้มครองผู้บริโภค
43054648,คุ้มครองผู้บริโภค
43054648,ประกันภัยรถ
43054648,สำนักงานคณะกรรมการคุ้มครองผู้บริโภค (สคบ.)
43054648,ประกันวินาศภัย
43055281,รถยนต์
43055281,ปัญหาสังคม
43055281,ประกันภัยรถ
43057277,ประกันสุขภาพ
43057277,โรคหัวใจ
43057277,ประกันสุขภาพสำหรับผู้สูงอายุ
43057496,สำนักงานคณะกรรมการกำกับและส่งเสริมการประกอบธุรกิจประกันภัย (คปภ.)
43057496,ประกันภัยรถ
43058269,ประกันวินาศภัย
43058269,ประกันสุขภาพ
43058269,ร้องทุกข์
43058269,คุ้มครองผู้บริโภค
43058269,บริษัทประกันชีวิต
43059559,ประกันสุขภาพ
43059559,ประกันสำหรับเด็กและทารก
43059559,สำนักงานคณะกรรมการกำกับและส่งเสริมการประกอบธุรกิจประกันภัย (คปภ.)
43059559,บริษัทประกันชีวิต
43059559,ประกันชีวิต
43059710,ประกันสุขภาพ
43059710,บัตรเครดิต
43059710,ธนาคารกรุงศรีอยุธยา
43060927,ประกันสุขภาพ
43060927,สำนักงานคณะกรรมการกำกับและส่งเสริมการประกอบธุรกิจประกันภัย (คปภ.)
43060927,บริษัทประกันชีวิต
43060927,ประกันชีวิต
43061113,กรุงเทพมหานคร
43061113,ประกันสุขภาพ
43061113,สำนักงานคณะกรรมการกำกับและส่งเสริมการประกอบธุรกิจประกันภัย (คปภ.)
43061113,บริษัทประกันชีวิต
43061113,ประกันชีวิต
43061622,ประกันภัยรถ
43061742,ประกันสุขภาพ
43061742,บริษัทประกันชีวิต
43064431,อุบัติเหตุ
43064431,พระราชบัญญัติคุ้มครองผู้ประสบภัยจากรถ (พ.ร.บ.คุ้มครองผู้ประสบภัยจากรถ)
43064431,พระราชบัญญัติจราจรทางบก (พ.ร.บ.จราจรทางบก)
43064431,ประกันภัยรถ
43064431,กฎหมายจราจร
43066456,เตือนภัย
43066456,ประกันสุขภาพ
43066456,คุ้มครองผู้บริโภค
43066456,บริษัทประกันชีวิต
43066456,ประกันชีวิต
43066520,ประกันสุขภาพ
43066774,สำนักงานคณะกรรมการคุ้มครองผู้บริโภค (สคบ.)
43066774,ร้องทุกข์
43066774,คุ้มครองผู้บริโภค
43066774,บริษัทประกันชีวิต
43066774,ธนาคารกรุงไทย
43068226,ปัญหาชีวิต
43068226,ประกันสุขภาพสำหรับผู้สูงอายุ
43068226,ประกันสุขภาพ
43068226,ประกันชีวิตสำหรับผู้สูงอายุ
43068226,โรงพยาบาล
43069223,aeon
43069223,ประกันสุขภาพ
43069223,บัตรเครดิต
43069223,ประกันชีวิต
43072029,ประกันสุขภาพ
43072029,สำนักงานคณะกรรมการกำกับและส่งเสริมการประกอบธุรกิจประกันภัย (คปภ.)
43072029,บริษัทประกันชีวิต
43072029,ประกันออนไลน์
43072029,ประกันชีวิต
43072737,การออมเงิน
43072737,ประกันสุขภาพ
43072737,สำนักงานคณะกรรมการกำกับและส่งเสริมการประกอบธุรกิจประกันภัย (คปภ.)
43072737,คุ้มครองผู้บริโภค
43072737,ธนาคารกรุงไทย
43072913,ประกันสุขภาพ
43075527,สุขภาพกาย
43075527,ประกันสุขภาพ
43075527,บริษัทประกันชีวิต
43075945,ประกันภัยรถ
43075945,ประกันวินาศภัย
43078711,ประกันสุขภาพ
43078896,รถยนต์
43078896,ประกันวินาศภัย
43078896,สำนักงานคณะกรรมการกำกับและส่งเสริมการประกอบธุรกิจประกันภัย (คปภ.)
43078896,ประกันภัยรถ
43078896,ธนาคารธนชาต
43079556,ประกันสุขภาพ
43079556,บริษัทประกันชีวิต
43079556,ตัวแทนประกันชีวิต (อาชีพ)
43079556,ประกันชีวิต
43079779,ประกันสุขภาพ
43079779,บริษัทประกันชีวิต
43080586,บัตรเครดิต
43080586,ธนาคารกรุงศรีอยุธยา
43080586,บริษัทประกันชีวิต
43081256,มนุษย์เงินเดือน
43081256,การทำงานออนไลน์
43081256,ประกันสุขภาพ
43081256,บริษัทประกันชีวิต
43081256,ประกันชีวิต
43083838,ปัญหาสังคม
43083838,เตือนภัย
43083838,สำนักงานคณะกรรมการกำกับและส่งเสริมการประกอบธุรกิจประกันภัย (คปภ.)
43083838,ร้องทุกข์
43083838,คุ้มครองผู้บริโภค
43084659,ประกันสุขภาพสำหรับเด็กและทารก
43084659,ประกันสุขภาพ
43084659,สำนักงานคณะกรรมการกำกับและส่งเสริมการประกอบธุรกิจประกันภัย (คปภ.)
43084659,ร้องทุกข์
43084659,คุ้มครองผู้บริโภค
43085661,เศรษฐกิจ
43085661,การลงทุน
43085661,ข่าวต่างประเทศ
43085661,บทความ
43085661,ประกันชีวิต
43087128,สำนักงานประกันสังคม
43087128,ประกันสุขภาพ
43089458,การพัฒนาสังคม (social development)
43089458,หลักประกันสุขภาพถ้วนหน้า (บัตรทอง)
43089458,สำนักงานหลักประกันสุขภาพแห่งชาติ (สปสช.)
43089458,ประกันสุขภาพ
43089458,โรงพยาบาล
43092878,ประกันสุขภาพสำหรับเด็กและทารก
43092878,ประกันสุขภาพ
43092878,สำนักงานคณะกรรมการกำกับและส่งเสริมการประกอบธุรกิจประกันภัย (คปภ.)
43092878,คุ้มครองผู้บริโภค
43092878,ประกันออนไลน์
43093136,บัตรเครดิต
43093136,ประกันสุขภาพ
43093136,สำนักงานคณะกรรมการกำกับและส่งเสริมการประกอบธุรกิจประกันภัย (คปภ.)
43093136,ร้องทุกข์
43093136,คุ้มครองผู้บริโภค
43093170,ร้องทุกข์
43093170,คุ้มครองผู้บริโภค
43093170,ประกันภัยรถ
43095923,ประกันสุขภาพ
43097160,bmw (รถยนต์)
43097160,สำนักงานคณะกรรมการกำกับและส่งเสริมการประกอบธุรกิจประกันภัย (คปภ.)
43097160,ประกันภัยรถ
43097160,คุ้มครองผู้บริโภค
43097160,บริษัทประกันชีวิต
43097681,ประกันสุขภาพ
43097681,บริษัทประกันชีวิต
43097681,ประกันชีวิต
43099334,ธนาคารไทยเครดิต
43099334,ร้องทุกข์
43099334,คุ้มครองผู้บริโภค
43099334,ธนาคารไทยพาณิชย์
43099334,ประกันชีวิต
43104638,มนุษย์เงินเดือน
43104638,การออมเงิน
43104638,การลงทุน
43104638,คุ้มครองผู้บริโภค
43104638,ประกันสุขภาพสำหรับผู้สูงอายุ
43105377,ประกันสุขภาพ
43105377,ประกันชีวิต
43105793,กายภาพบำบัด
43105793,ประกันสุขภาพ
43105793,บริษัทประกันชีวิต
43105793,ประกันชีวิต
43105793,โรงพยาบาล
43108355,นักกฎหมาย
43108355,อู่ซ่อมรถ
43108355,สำนักงานคณะกรรมการกำกับและส่งเสริมการประกอบธุรกิจประกันภัย (คปภ.)
43108355,ประกันภัยรถ
43108355,คุ้มครองผู้บริโภค
43108513,การลงทุน
43108513,ประกันสุขภาพ
43108513,มนุษย์เงินเดือน
43108513,การเงิน
43109049,ประกันสุขภาพ
43109049,aeon
43109049,ประกันชีวิต
43113054,ธนาคาร
43113054,ธนาคารกรุงศรีอยุธยา
43113054,ประกันชีวิต
43117911,คุ้มครองผู้บริโภค
43117911,สำนักงานคณะกรรมการกำกับและส่งเสริมการประกอบธุรกิจประกันภัย (คปภ.)
43117911,เที่ยวต่างประเทศ
43118337,ประกันสุขภาพ
43118337,ประกันสุขภาพสำหรับผู้สูงอายุ
43120154,bmw (รถยนต์)
43120154,สำนักงานคณะกรรมการกำกับและส่งเสริมการประกอบธุรกิจประกันภัย (คปภ.)
43120154,ประกันภัยรถ
43120154,คุ้มครองผู้บริโภค
43120154,บริษัทประกันชีวิต
43121553,ประกันสุขภาพ
43121553,ธนาคารกรุงไทย
43124940,ประกันสุขภาพ
43124940,คุ้มครองผู้บริโภค
43124940,ประกันชีวิต
43124940,บริษัทประกันชีวิต
43126294,ประกันสุขภาพ
43126294,ประกันชีวิต
43126375,นักกฎหมาย
43126375,ประกันสุขภาพ
43126375,กฎหมายชาวบ้าน
43126375,คุ้มครองผู้บริโภค
43126375,บริษัทประกันชีวิต
43128086,รถยนต์
43128086,กฎหมายชาวบ้าน
43128086,สำนักงานคณะกรรมการกำกับและส่งเสริมการประกอบธุรกิจประกันภัย (คปภ.)
43128086,ศูนย์บริการรถยนต์
43128150,คุ้มครองผู้บริโภค
43128150,บริษัทประกันชีวิต
43128150,การเงิน
43129747,ร้องทุกข์
43129747,บริษัทประกันชีวิต
43129747,ประกันชีวิต
43129747,ธนาคารเพื่อการเกษตรและสหกรณ์
43131032,รถยนต์
43131032,รถยนต์ไฟฟ้า
43131032,ประกันภัยรถ
43131032,ข่าวเศรษฐกิจ
43131263,ประกันสำหรับผู้สูงอายุ
43131263,ประกันสุขภาพ
43131263,บริษัทประกันชีวิต
43131263,ประกันชีวิต
43131263,ประกันสุขภาพสำหรับผู้สูงอายุ
43132014,บริษัท ไทยประกันชีวิต จำกัด (มหาชน)
43132014,ประกันสุขภาพ
43132014,โรคความดัน
43135463,ประกันชีวิต
43135463,บัตรเครดิต
43135463,คุ้มครองผู้บริโภค
43135463,บริษัทประกันชีวิต
43135463,ธนาคารกรุงไทย
43136603,ร้องทุกข์
43136603,ประกันสุขภาพ
43136603,คุ้มครองผู้บริโภค
43137634,ประกันสุขภาพ
43138796,บริษัท ไทยประกันชีวิต จำกัด (มหาชน)
43138796,ธนาคารกสิกรไทย
43138796,การเงิน
43138796,ประกันชีวิต
43139633,ประกันสุขภาพ
43139633,ประกันชีวิต
43139633,การเงิน
43139633,ธนาคารกรุงไทย
43141372,รถยนต์
43141372,รถกระบะ
43141372,กฎหมายแพ่ง (civil law)
43141372,ประกันภัยรถ
43141372,กฎหมายจราจร
43144366,สุขภาพจิต
43144366,ประกันสุขภาพ
43144366,ตัวแทนประกันชีวิต (อาชีพ)
43144366,บริษัทประกันชีวิต
43144366,ประกันชีวิต
43147079,ประกันชีวิต
43147079,ธนาคาร
43147079,ร้องทุกข์
43147079,ธนาคารไทยพาณิชย์
43147079,ธนาคารกรุงไทย
43148209,ประกันภัยรถ
43148850,เตือนภัย
43148850,ประกันสุขภาพ
43148850,คุ้มครองผู้บริโภค
43149646,ประกันสุขภาพ
43149646,บริษัทประกันชีวิต
43149646,ประกันสุขภาพสำหรับผู้สูงอายุ
43150224,คุ้มครองผู้บริโภค
43150224,aeon
43150224,ประกันชีวิต
43150224,บัตรเครดิต
43151283,ร้องทุกข์
43151283,คุ้มครองผู้บริโภค
43151283,สำนักงานคณะกรรมการกำกับและส่งเสริมการประกอบธุรกิจประกันภัย (คปภ.)
43151534,ประกันสุขภาพ
43151534,ตัวแทนประกันชีวิต (อาชีพ)
43151534,ร้องทุกข์
43151534,บริษัทประกันชีวิต
43151534,ประกันชีวิต
43153691,การออมเงิน
43153691,ประกันสุขภาพ
43153691,ร้องทุกข์
43153691,ธนาคารไทยพาณิชย์
43153691,บริษัทประกันชีวิต
43156837,ประกันสุขภาพ
43156837,คุ้มครองผู้บริโภค
43156837,ธนาคารไทยพาณิชย์
43156837,บริษัทประกันชีวิต
43156837,ประกันชีวิต
43157572,ประกันสุขภาพ
43157572,scb easy
43160461,แคลเซียม (calcium)
43160461,ร้องทุกข์
43160461,ประกันสุขภาพ
43160461,สำนักงานคณะกรรมการกำกับและส่งเสริมการประกอบธุรกิจประกันภัย (คปภ.)
43161155,บัตรเครดิต
43161155,ธนาคารกรุงศรีอยุธยา
43161155,ร้องทุกข์
43161155,คุ้มครองผู้บริโภค
43161155,บริษัทประกันชีวิต
43161596,ประกันออนไลน์
43161596,mazda
43161596,mazda 2
43161596,ประกันภัยรถ
43161653,ประกันสุขภาพ
43162805,เตือนภัย
43162805,ร้องทุกข์
43162805,คุ้มครองผู้บริโภค
43162805,บริษัทประกันชีวิต
43162805,ธนาคารกรุงไทย
43164506,ประกันสุขภาพสำหรับเด็กและทารก
43164506,ประกันสุขภาพ
43164506,ประกันสำหรับเด็กและทารก
43164506,ตัวแทนประกันชีวิต (อาชีพ)
43164506,ประกันชีวิต
43164943,ประกันสุขภาพ
43164943,บัตรเครดิต
43165004,ประกันสุขภาพ
43168169,ร้องทุกข์
43168169,ประกันสุขภาพ
43169875,คุ้มครองผู้บริโภค
43169875,สำนักงานคณะกรรมการคุ้มครองผู้บริโภค (สคบ.)
43169875,ประกันชีวิต
43172944,ร้องทุกข์
43172944,สำนักงานคณะกรรมการกำกับและส่งเสริมการประกอบธุรกิจประกันภัย (คปภ.)
43172944,ประกันสำหรับผู้สูงอายุ
43172944,บริษัทประกันชีวิต
43176944,สินเชื่อเพื่อที่อยู่อาศัย
43176944,ธนาคารกสิกรไทย
43176944,ประกันสินเชื่อบ้าน
43178432,ประกันสุขภาพ
43179366,สำนักงานคณะกรรมการคุ้มครองผู้บริโภค (สคบ.)
43179366,สำนักงานคณะกรรมการกำกับและส่งเสริมการประกอบธุรกิจประกันภัย (คปภ.)
43179366,ประกันภัยรถ
43179366,คุ้มครองผู้บริโภค
43179366,ประกันชีวิต
43184971,ประกันภัยรถ
43186019,ประกันสุขภาพ
43186019,ธนาคารไทยพาณิชย์
43186516,เตือนภัย
43186516,ร้องทุกข์
43186516,คุ้มครองผู้บริโภค
43186516,สำนักงานคณะกรรมการกำกับและส่งเสริมการประกอบธุรกิจประกันภัย (คปภ.)
43186914,ประกันสุขภาพ
43186914,ประกันชีวิต
43187058,รถยนต์
43187058,บริษัทประกันชีวิต
43187058,ประกันภัยรถ
43187058,อู่ซ่อมรถ
43187532,ประกันสุขภาพ
43187532,คุ้มครองผู้บริโภค
43187532,ประกันชีวิต
43193579,เตือนภัย
43193579,ร้องทุกข์
43193579,คุ้มครองผู้บริโภค
43193579,ธนาคารไทยพาณิชย์
43193579,ประกันชีวิต
43194977,รถยนต์
43194977,ประกันภัยรถ
43199030,ประกันภัยรถ
43199183,ประกันสุขภาพ
43199183,บัตรเครดิต
43202743,ประกันออนไลน์
43202743,ประกันภัยรถ
43202759,การออมเงิน
43202759,ประกันสุขภาพ
43202759,บริษัทประกันชีวิต
43202759,ประกันชีวิต
43202759,ประกันสุขภาพสำหรับผู้สูงอายุ
43204289,ร้องทุกข์
43204289,ตัวแทนประกันชีวิต (อาชีพ)
43204289,สำนักงานคณะกรรมการกำกับและส่งเสริมการประกอบธุรกิจประกันภัย (คปภ.)
43204289,สำนักงานคณะกรรมการคุ้มครองผู้บริโภค (สคบ.)
43205360,กฎหมายชาวบ้าน
43205360,อุบัติเหตุบนท้องถนน
43205360,ประกันภัยรถ
43205360,ร้องทุกข์
43205360,คุ้มครองผู้บริโภค
43208413,ประกันภัยรถ
43214627,สำนักงานคณะกรรมการคุ้มครองผู้บริโภค (สคบ.)
43214627,ประกันสุขภาพ
43214627,ร้องทุกข์
43214627,การหักลดหย่อน
43214627,คุ้มครองผู้บริโภค
43215909,aeon
43215909,บริษัทประกันชีวิต
43215909,ตัวแทนประกันชีวิต (อาชีพ)
43215909,บัตรเครดิต
43222763,ประกันสุขภาพ
43222763,ตัวแทนประกันชีวิต (อาชีพ)
43222763,ประกันชีวิตสำหรับผู้สูงอายุ
43222763,คุ้มครองผู้บริโภค
43222763,ประกันชีวิต
43225193,บัตรเครดิต
43225193,เตือนภัย
43225193,ประกันสุขภาพ
43225193,ร้องทุกข์
43225193,ประกันชีวิต
43225329,ประกันภัยรถ
43225638,ประกันภัยรถ
43227722,ประกันสุขภาพ
43227722,ร้องทุกข์
43227722,คุ้มครองผู้บริโภค
43227722,บริษัทประกันชีวิต
43227722,ประกันชีวิต
43229615,สำนักงานคณะกรรมการคุ้มครองผู้บริโภค (สคบ.)
43229615,อุบัติเหตุบนท้องถนน
43229615,สำนักงานคณะกรรมการกำกับและส่งเสริมการประกอบธุรกิจประกันภัย (คปภ.)
43229615,ประกันภัยรถ
43229615,คุ้มครองผู้บริโภค
43238644,รีไฟแนนซ์
43238644,มอเตอร์ไซค์
43238644,ประกันภัยรถ
43238644,ธนาคารทิสโก้
43238948,สำนักงานคณะกรรมการคุ้มครองผู้บริโภค (สคบ.)
43238948,ป้องกันน้ำท่วมบ้าน
43238948,สำนักงานคณะกรรมการกำกับและส่งเสริมการประกอบธุรกิจประกันภัย (คปภ.)
43238948,ร้องทุกข์
43238948,คุ้มครองผู้บริโภค
43238998,ประกันสุขภาพ
43239182,สำนักงานคณะกรรมการกำกับและส่งเสริมการประกอบธุรกิจประกันภัย (คปภ.)
43239182,ตัวแทนประกันชีวิต (อาชีพ)
43239182,คุ้มครองผู้บริโภค
43239182,aeon
43239182,ประกันชีวิต
43239589,อุบัติเหตุบนท้องถนน
43239589,บริษัทประกันชีวิต
43239589,ธนาคารกรุงไทย
43240646,ประกันสุขภาพ
43240646,แพทย์
43240646,ตัวแทนประกันชีวิต (อาชีพ)
43240646,โรงพยาบาล
43244260,เตือนภัย
43244260,บัตรเครดิต
43244260,ประกันภัยการเดินทาง
43244287,รถยนต์
43244287,อุบัติเหตุ
43244287,ประกันภัยรถ
43248193,ประกันสุขภาพ
43248193,aeon
43248193,บัตรเครดิต
43250816,คุ้มครองผู้บริโภค
43250816,ประกันภัยรถ
43250880,ประกันสุขภาพ
43250880,บริษัทประกันชีวิต
43250880,ตัวแทนประกันชีวิต (อาชีพ)
43250880,ประกันชีวิต
43252167,ข่าวเศรษฐกิจ
43252167,การเงิน
43252167,การลงทุน
43252167,ประกันสุขภาพ
43252167,ประกันสุขภาพสำหรับผู้สูงอายุ
43254571,สินเชื่อเพื่อที่อยู่อาศัย
43254571,ประกันสินเชื่อบ้าน
43255445,ร้องทุกข์
43255445,ประกันสุขภาพ
43255445,คุ้มครองผู้บริโภค
43255445,บริษัทประกันชีวิต
43257090,ประกันสุขภาพ
43257090,คุ้มครองผู้บริโภค
43257090,โรคมะเร็ง
43257295,ประกันสุขภาพ
43257295,กายภาพบำบัด
43257295,ออกกำลังกาย
43257295,ประกันชีวิต
43259958,ร้องทุกข์
43259958,ประกันภัยรถ
43259958,อู่ซ่อมรถ
43262796,ประกันสุขภาพ
43264849,ประกันสุขภาพ
43264849,ครอบครัว
43264849,โรคมะเร็ง
43264849,ประกันออนไลน์
43264849,ประกันชีวิต
43267970,ร้องทุกข์
43267970,คุ้มครองผู้บริโภค
43267970,สำนักงานคณะกรรมการกำกับและส่งเสริมการประกอบธุรกิจประกันภัย (คปภ.)
43267970,ภาษีเงินได้บุคคลธรรมดา
43271179,ประกันสุขภาพ
43271392,รถยนต์
43271392,รถกระบะ
43271392,อุบัติเหตุบนท้องถนน
43271392,ประกันภัยรถ
43271392,โชว์รูมรถยนต์
43272202,ประกันสุขภาพ
43272202,แพทย์
43272202,ตัวแทนประกันชีวิต (อาชีพ)
43272202,โรงพยาบาล
43275921,ร้องทุกข์
43275921,อุบัติเหตุบนท้องถนน
43275921,สำนักงานคณะกรรมการกำกับและส่งเสริมการประกอบธุรกิจประกันภัย (คปภ.)
43277231,คุ้มครองผู้บริโภค
43277231,สำนักงานคณะกรรมการกำกับและส่งเสริมการประกอบธุรกิจประกันภัย (คปภ.)
43277231,บัตรเครดิต
43278587,ประกันสุขภาพ
43278665,การวางแผนการเงิน
43278665,ประกันสุขภาพ
43278665,การออมเงิน
43278665,เงินฝากระยะยาว
43279116,รถยนต์
43279116,ปัญหาชีวิต
43279116,ประกันภัยรถ
43279836,เตือนภัย
43279836,ร้องทุกข์
43279836,คุ้มครองผู้บริโภค
43279836,ประกันสุขภาพ
43281926,เงินฝากระยะยาว
43281926,ประกันสุขภาพ
43281926,สำนักงานคณะกรรมการกำกับและส่งเสริมการประกอบธุรกิจประกันภัย (คปภ.)
43281926,ตัวแทนประกันชีวิต (อาชีพ)
43281926,ประกันชีวิต
43281932,ประกันสุขภาพ
43282181,ประกันสุขภาพ
43287357,ประกันวินาศภัย
43287357,ธนาคารกรุงศรีอยุธยา
43287357,บัตรกดเงินสด
43287357,คุ้มครองผู้บริโภค
43287357,ประกันชีวิต
43287634,ร้องทุกข์
43287634,อุบัติเหตุบนท้องถนน
43287634,บริษัทประกันชีวิต
43287634,กฎหมายจราจร
43291182,รถยนต์
43291182,ศูนย์บริการรถยนต์
43291182,ประกันภัยรถ
43291182,honda (รถยนต์)
43291307,ประกันภัยรถ
43293863,ประกันสุขภาพ
43294053,อุบัติเหตุ
43294053,พระราชบัญญัติจราจรทางบก (พ.ร.บ.จราจรทางบก)
43294053,สำนักงานคณะกรรมการกำกับและส่งเสริมการประกอบธุรกิจประกันภัย (คปภ.)
43294053,ประกันภัยรถ
43294053,ประกันออนไลน์
43297950,ประกันสุขภาพ
43297950,บัตรเครดิต
43299505,ประกันสุขภาพ
43299505,บริษัทประกันชีวิต
43299505,ตัวแทนประกันชีวิต (อาชีพ)
43299647,ประกันสุขภาพ
43299647,สำนักงานคณะกรรมการกำกับและส่งเสริมการประกอบธุรกิจประกันภัย (คปภ.)
43299647,ตัวแทนประกันชีวิต (อาชีพ)
43299647,คุ้มครองผู้บริโภค
43299647,บริษัทประกันชีวิต
43306251,ประกันสุขภาพ
43308617,การเงิน
43308617,ประกันสุขภาพ
43308617,ตัวแทนประกันชีวิต (อาชีพ)
43308617,บริษัทประกันชีวิต
43308617,ประกันชีวิต
43309460,เตือนภัย
43309460,ประกันสุขภาพ
43309460,ร้องทุกข์
43309460,คุ้มครองผู้บริโภค
43309460,ประกันชีวิต
43311835,toyota yaris cross
43311835,ประกันภัยรถ
43311835,ดูแลรักษารถยนต์
43316704,ประกันภัยรถ
43320463,สำนักงานหลักประกันสุขภาพแห่งชาติ (สปสช.)
43320463,ประกันสุขภาพ
43323040,คุ้มครองผู้บริโภค
43323040,ประกันชีวิต
43323294,ร้องทุกข์
43323294,aeon
43323294,ประกันชีวิต
43323294,บัตรเครดิต
43330577,ประกันชีวิตสำหรับเด็กและทารก
43330577,ประกันสุขภาพสำหรับเด็กและทารก
43330577,ประกันสุขภาพ
43330577,ประกันสำหรับเด็กและทารก
43330577,สำนักงานคณะกรรมการกำกับและส่งเสริมการประกอบธุรกิจประกันภัย (คปภ.)
43341437,เทคโนโลยีและนวัตกรรมทางการแพทย์
43341437,สุขภาพผู้สูงอายุ
43341437,ประกันสุขภาพ
43341437,คลับสุขภาพ
43341437,โรงพยาบาล
43341689,สินเชื่อรถยนต์
43341689,ประกันสุขภาพ
43341689,ธนาคารกรุงศรีอยุธยา
43346645,บัตรเครดิต
43346645,ประกันชีวิต
43346645,บริษัทประกันชีวิต
43352694,อุบัติเหตุบนท้องถนน
43352694,ประกันสำหรับผู้สูงอายุ
43354897,วัสดุก่อสร้าง
43354897,แผ่นดินไหว
43354897,การก่อสร้างและต่อเติมอาคาร
43354897,ประกันวินาศภัย
43356379,ประกันสุขภาพ
43356379,สำนักงานคณะกรรมการกำกับและส่งเสริมการประกอบธุรกิจประกันภัย (คปภ.)
43356379,ตัวแทนประกันชีวิต (อาชีพ)
43356379,บริษัทประกันชีวิต
43356379,ประกันชีวิต
43363994,เตือนภัย
43363994,มิจฉาชีพ
43363994,ประกันภัยรถ
43363994,ประกันชีวิต
43364121,ประกันสุขภาพ
43366069,ร้องทุกข์
43366069,ประกันออนไลน์
43366069,เที่ยวญี่ปุ่น
43366069,ประกันภัยการเดินทาง
43378053,ประกันภัยรถ
43380270,ร้องทุกข์
43380270,คุ้มครองผู้บริโภค
43380270,ประกันสินเชื่อบ้าน
43382629,ประกันวินาศภัย
43382629,ตกแต่งคอนโดมิเนียม
43382629,แผ่นดินไหว
43382629,คอนโดมิเนียม
43382629,อสังหาริมทรัพย์
43385780,รถยนต์
43385780,รถยนต์ไฟฟ้า
43385780,การเงิน
43385780,เศรษฐศาสตร์
43385780,ประกันภัยรถ
43386620,ทรัพยากรบุคคล
43386620,ประกันสุขภาพ
43386620,มนุษย์เงินเดือน
43397129,ประกันสุขภาพ
43397129,ธนาคารไทยพาณิชย์
43397129,บริษัทประกันชีวิต
43397129,ประกันชีวิต
43397472,เตือนภัย
43397472,ร้องทุกข์
43397472,ประกันสุขภาพ
43397472,ธนาคารไทยพาณิชย์
43399207,ประกันสุขภาพ
43399207,ประกันสำหรับเด็กและทารก
43399207,ประกันสำหรับผู้สูงอายุ
43399207,ประกันสุขภาพสำหรับผู้สูงอายุ
43404078,ประกันสุขภาพ
43404078,ประกันชีวิต
43406541,หลักประกันสุขภาพถ้วนหน้า (บัตรทอง)
43406541,สำนักงานหลักประกันสุขภาพแห่งชาติ (สปสช.)
43406541,ประกันสุขภาพ
43406541,บริษัทประกันชีวิต
43406541,โรงพยาบาล
43408192,ร้องทุกข์
43408192,ธนาคารไทยพาณิชย์
43408192,สำนักงานคณะกรรมการกำกับและส่งเสริมการประกอบธุรกิจประกันภัย (คปภ.)
43408192,ประกันชีวิต
43410347,ประกันสุขภาพ
43410347,ตัวแทนประกันชีวิต (อาชีพ)
43410347,ประกันชีวิต
43410991,ร้องทุกข์
43410991,คุ้มครองผู้บริโภค
43410991,สำนักงานคณะกรรมการกำกับและส่งเสริมการประกอบธุรกิจประกันภัย (คปภ.)
43410991,ประกันชีวิต
43412917,รถยนต์
43412917,ประกันภัยรถ
43412994,สินเชื่อรถยนต์
43412994,ประกันภัยรถ
43415086,โรงพยาบาลเอกชน
43415086,ประกันสุขภาพ
43415086,ตัวแทนประกันชีวิต (อาชีพ)
43415086,บริษัทประกันชีวิต
43415086,ประกันชีวิต
43417809,ประกันภัยรถ
43418049,ประกันสุขภาพ
43418049,ตัวแทนประกันชีวิต (อาชีพ)
43418519,ประกันสุขภาพ
43425497,ธนาคาร
43425497,ประกันสุขภาพ
43425497,scb easy
43425497,ธนาคารไทยพาณิชย์
43425497,ประกันชีวิต
43429585,ประกันสุขภาพ
43429585,คุ้มครองผู้บริโภค
43429585,ประกันชีวิต
43429585,บริษัทประกันชีวิต
43434663,ร้องทุกข์
43434663,สำนักงานคณะกรรมการกำกับและส่งเสริมการประกอบธุรกิจประกันภัย (คปภ.)
43434663,เที่ยวญี่ปุ่น
43434663,ประกันภัยการเดินทาง
43438037,โรคหมอนรองกระดูกทับเส้นประสาท
43438037,ประกันสุขภาพ
43438037,บริษัทประกันชีวิต
43438037,ประกันชีวิต
43438037,โรงพยาบาล
43444878,สำนักงานคณะกรรมการคุ้มครองผู้บริโภค (สคบ.)
43444878,ประกันสุขภาพ
43444878,ร้องทุกข์
43444878,คุ้มครองผู้บริโภค
43444878,ธนาคารไทยพาณิชย์
43447055,คุ้มครองผู้บริโภค
43447055,ร้องทุกข์
43447055,ประกันสุขภาพ
43447055,บริษัทประกันชีวิต
43447662,กิจกรรมท่องเที่ยว
43447662,เที่ยวญี่ปุ่น
43447662,แผนการเดินทางและท่องเที่ยว
43447662,บริษัทประกันชีวิต
43447662,ประกันชีวิต
43448523,ตกแต่งคอนโดมิเนียม
43448523,สำนักงานคณะกรรมการกำกับและส่งเสริมการประกอบธุรกิจประกันภัย (คปภ.)
43448523,แผ่นดินไหว
43448523,คุ้มครองผู้บริโภค
43448523,บริษัทประกันชีวิต
43448869,ร้องทุกข์
43448869,บริษัทประกันชีวิต
43448869,ประกันชีวิต
43450528,เตือนภัย
43450528,ร้องทุกข์
43450528,ประกันสุขภาพ
43450528,การเงิน
43450952,สินเชื่อเพื่อที่อยู่อาศัย
43450952,สำนักงานคณะกรรมการกำกับและส่งเสริมการประกอบธุรกิจประกันภัย (คปภ.)
43450952,แผ่นดินไหว
43450952,คอนโดมิเนียม
43450952,คุ้มครองผู้บริโภค
43455344,สำนักงานคณะกรรมการกำกับและส่งเสริมการประกอบธุรกิจประกันภัย (คปภ.)
43455344,ประกันภัยรถ
43455344,scb easy
43455344,บริษัทประกันชีวิต
43455344,ประกันชีวิต
43460735,หุ้น
43460735,การเงิน
43460735,ประกันวินาศภัย
43460735,การลงทุน
43460735,แผ่นดินไหว
43466229,ประกันสุขภาพ
43466229,ประกันชีวิต
43467624,ประกันภัยรถ
43472340,การลงทุน
43472340,การออมเงิน
43472340,ประกันชีวิต
43473477,ประกันสุขภาพ
43474256,ร้องทุกข์
43474256,ประกันสุขภาพ
43474256,บริษัทประกันชีวิต
43474256,ประกันชีวิต
43480273,เตือนภัย
43480273,ประกันสุขภาพ
43480273,คุ้มครองผู้บริโภค
43480273,บริษัทประกันชีวิต
43480273,โรงพยาบาล
43480893,ร้องทุกข์
43480893,คุ้มครองผู้บริโภค
43480893,อัคคีภัย
43480893,บริษัทประกันชีวิต
43485337,กฎหมายชาวบ้าน
43485337,แผ่นดินไหว
43485337,คอนโดมิเนียม
43485337,อสังหาริมทรัพย์
43485337,ประกันชีวิต
43488551,ประกันวินาศภัย
43488551,สำนักงานคณะกรรมการกำกับและส่งเสริมการประกอบธุรกิจประกันภัย (คปภ.)
43488551,แผ่นดินไหว
43488551,ร้องทุกข์
43488551,คุ้มครองผู้บริโภค
43492572,ร้องทุกข์
43492572,คุ้มครองผู้บริโภค
43492572,ประกันภัยรถ
43492572,อู่ซ่อมรถ
43493141,ร้องทุกข์
43493141,ประกันสุขภาพ
43493141,บริษัทประกันชีวิต
43493141,ประกันชีวิต
43496799,บริษัทประกันวินาศภัย
43496799,ดูแลและซ่อมแซมบ้าน
43496799,ประกันวินาศภัย
43496882,เตือนภัย
43496882,กฎหมายชาวบ้าน
43496882,สำนักงานคณะกรรมการกำกับและส่งเสริมการประกอบธุรกิจประกันภัย (คปภ.)
43496882,ร้องทุกข์
43496882,คุ้มครองผู้บริโภค
43497472,บริษัท ไทยประกันชีวิต จำกัด (มหาชน)
43497472,ประกันสุขภาพ
43497472,ประกันชีวิตสำหรับผู้สูงอายุ
43497472,บริษัทประกันชีวิต
43497472,ประกันชีวิต
43497619,ประกันสุขภาพ
43497619,บริษัทประกันชีวิต
43498767,ประกันสุขภาพ
43498767,ประกันชีวิต
43499684,ประกันสุขภาพ
43499684,บัตรเครดิต
43499684,ธนาคารกรุงไทย
43499684,ประกันชีวิต
43503584,ประกันชีวิต
43503584,ประกันสุขภาพ
43503584,คุ้มครองผู้บริโภค
43503584,บริษัทประกันชีวิต
43503584,ธนาคารกรุงไทย
43511478,ประกันสำหรับผู้สูงอายุ
43511478,ประกันสุขภาพ
43511478,ประกันชีวิตสำหรับผู้สูงอายุ
43511478,ประกันสังคม
43511478,ประกันชีวิต
43511585,สำนักงานคณะกรรมการกำกับและส่งเสริมการประกอบธุรกิจประกันภัย (คปภ.)
43511585,แผ่นดินไหว
43511585,คอนโดมิเนียม
43511585,อสังหาริมทรัพย์
43511585,คุ้มครองผู้บริโภค
43511653,สำนักงานคณะกรรมการกำกับและส่งเสริมการประกอบธุรกิจประกันภัย (คปภ.)
43511653,ประกันภัยรถ
43511653,อู่ซ่อมรถ
43515739,รถยนต์
43515739,การเงิน
43515739,เศรษฐศาสตร์
43515739,รถยนต์ไฟฟ้า (รถยนต์ ev)
43515739,ประกันภัยรถ
43516196,ธนาคารอาคารสงเคราะห์
43516196,ธนาคาร
43516196,ประกันสินเชื่อบ้าน
43516196,สินเชื่อเพื่อที่อยู่อาศัย
43517850,ร้องทุกข์
43517850,คุ้มครองผู้บริโภค
43517850,สำนักงานคณะกรรมการกำกับและส่งเสริมการประกอบธุรกิจประกันภัย (คปภ.)
43526988,สำนักงานคณะกรรมการกำกับและส่งเสริมการประกอบธุรกิจประกันภัย (คปภ.)
43526988,ประกันภัยรถ
43527917,ประกันสุขภาพ
43527917,คุ้มครองผู้บริโภค
43527917,สำนักงานคณะกรรมการคุ้มครองผู้บริโภค (สคบ.)
43527917,ประกันชีวิต
43532646,ประกันสุขภาพ
43532646,บริษัทประกันชีวิต
43535241,สำนักงานคณะกรรมการคุ้มครองผู้บริโภค (สคบ.)
43535241,ประกันสุขภาพ
43535241,สำนักงานคณะกรรมการกำกับและส่งเสริมการประกอบธุรกิจประกันภัย (คปภ.)
43535241,โรคมะเร็ง
43535241,คุ้มครองผู้บริโภค
43536635,ประกันสุขภาพ
43536635,บริษัทประกันชีวิต
43536635,ประกันชีวิต
43539880,สำนักงานคณะกรรมการคุ้มครองผู้บริโภค (สคบ.)
43539880,เตือนภัย
43539880,ประกันสุขภาพ
43539880,ร้องทุกข์
43539880,คุ้มครองผู้บริโภค
43541300,ประกันสุขภาพ
43541300,สำนักงานคณะกรรมการกำกับและส่งเสริมการประกอบธุรกิจประกันภัย (คปภ.)
43541300,บริษัทประกันชีวิต
43541300,ประกันชีวิต
43543520,สำนักงานประกันสังคม
43543520,บริษัทประกันชีวิต
43543520,ประกันภัยรถ
43543520,ประกันออนไลน์
43543520,ประกันชีวิต
43544071,บัตรเครดิต
43544071,เตือนภัย
43544071,ประกันสุขภาพ
43544071,สำนักงานคณะกรรมการกำกับและส่งเสริมการประกอบธุรกิจประกันภัย (คปภ.)
43544071,คุ้มครองผู้บริโภค
43545783,ประกันสุขภาพ
43545783,ตัวแทนประกันชีวิต (อาชีพ)
43545783,ร้องทุกข์
43545783,คุ้มครองผู้บริโภค
43545783,บริษัทประกันชีวิต
43547615,ประกันสุขภาพ
43547615,สำนักงานคณะกรรมการกำกับและส่งเสริมการประกอบธุรกิจประกันภัย (คปภ.)
43548499,สำนักงานคณะกรรมการกำกับและส่งเสริมการประกอบธุรกิจประกันภัย (คปภ.)
43548499,ธนาคารกรุงศรีอยุธยา
43548499,ร้องทุกข์
43548499,คุ้มครองผู้บริโภค
43548499,ประกันชีวิต
43549439,ประกันสุขภาพ
43549439,คุ้มครองผู้บริโภค
43549439,ประกันชีวิต
43549439,บริษัทประกันชีวิต
43550264,ธนาคารธนชาต
43550264,รถยนต์
43550264,ประกันภัยรถ
43550377,สำนักงานคณะกรรมการคุ้มครองผู้บริโภค (สคบ.)
43550377,กฎหมายชาวบ้าน
43550377,สำนักงานคณะกรรมการกำกับและส่งเสริมการประกอบธุรกิจประกันภัย (คปภ.)
43550377,ร้องทุกข์
43550377,คุ้มครองผู้บริโภค
43551214,อุบัติเหตุบนท้องถนน
43551214,สำนักงานคณะกรรมการกำกับและส่งเสริมการประกอบธุรกิจประกันภัย (คปภ.)
43551214,ประกันภัยรถ
43552364,บ้าน
43552364,ดูแลและซ่อมแซมบ้าน
43552364,บริษัทประกันชีวิต
43552957,คุ้มครองผู้บริโภค
43552957,ประกันสุขภาพ
43552957,บริษัทประกันชีวิต
43552957,ประกันชีวิต
43554730,สินเชื่อเพื่อที่อยู่อาศัย
43554730,สำนักงานคณะกรรมการกำกับและส่งเสริมการประกอบธุรกิจประกันภัย (คปภ.)
43554730,ประกันวินาศภัย
43554912,ธนาคาร
43554912,บัตรเครดิต
43554912,ธนาคารกรุงศรีอยุธยา
43554912,ประกันชีวิต
43555630,ประกันสุขภาพ
43555630,บริษัทประกันชีวิต
43555630,bdms (หุ้น)
43555630,ประกันออนไลน์
43555630,โรงพยาบาล
43557730,ประกันสุขภาพ
43557730,ธนาคารเอชเอสบีซี ประเทศไทย
43559299,ประกันสุขภาพ
43559299,สำนักงานคณะกรรมการกำกับและส่งเสริมการประกอบธุรกิจประกันภัย (คปภ.)
43559299,คุ้มครองผู้บริโภค
43559299,บริษัทประกันชีวิต
43559299,ประกันชีวิต
43560286,ประกันสุขภาพ
43560286,ประกันสำหรับเด็กและทารก
43560286,ตัวแทนประกันชีวิต (อาชีพ)
43560286,คุ้มครองผู้บริโภค
43560286,บริษัทประกันชีวิต
43560334,สำนักงานคณะกรรมการคุ้มครองผู้บริโภค (สคบ.)
43560334,บัตรเครดิต
43560334,สำนักงานคณะกรรมการกำกับและส่งเสริมการประกอบธุรกิจประกันภัย (คปภ.)
43560334,ร้องทุกข์
43560334,บริษัทประกันชีวิต
43561108,ประกันสุขภาพ
43561108,บริษัทประกันชีวิต
43561108,การผ่าตัด
43562088,สุขภาพกาย
43562088,ประกันสุขภาพ
43562088,ร้องทุกข์
43562088,คุ้มครองผู้บริโภค
43562088,บริษัทประกันชีวิต
43562964,ประกันสุขภาพ
43562964,บัตรเครดิต
43563758,อุบัติเหตุ
43563758,สำนักงานคณะกรรมการกำกับและส่งเสริมการประกอบธุรกิจประกันภัย (คปภ.)
43563758,ประกันภัยรถ
43563758,ร้องทุกข์
43563758,คุ้มครองผู้บริโภค
43564917,คุ้มครองผู้บริโภค
43564917,สำนักงานคณะกรรมการกำกับและส่งเสริมการประกอบธุรกิจประกันภัย (คปภ.)
43564917,บริษัทประกันชีวิต
43564917,ประกันชีวิต
43565167,ประกันสุขภาพ
43565167,ประกันชีวิต
43565167,บริษัท ไทยประกันชีวิต จำกัด (มหาชน)
43566597,ประกันสุขภาพ
43566597,ประกันชีวิต
43566597,ธนาคารกรุงไทย
43566776,ประกันสุขภาพ
43566776,บริษัทประกันชีวิต
43566776,ประกันภัยรถ
43568247,รถยนต์
43568247,ปัญหาสังคม
43568247,การเงิน
43568247,อุบัติเหตุบนท้องถนน
43568247,ประกันภัยรถ
43570094,ดูแลและซ่อมแซมบ้าน
43570094,อัคคีภัย
43570094,ป้องกันน้ำท่วมบ้าน
43570094,บ้าน
43570094,บริษัทประกันชีวิต
43570201,บริษัทประกันวินาศภัย
43570201,ประกันสุขภาพ
43570201,ตัวแทนประกันชีวิต (อาชีพ)
43570201,บริษัทประกันชีวิต
43570201,ประกันชีวิต
43570661,สุขภาพ
43570661,คุ้มครองผู้บริโภค
43570661,สำนักงานคณะกรรมการคุ้มครองผู้บริโภค (สคบ.)
43570661,ประกันชีวิต
43572292,สำนักงานคณะกรรมการคุ้มครองผู้บริโภค (สคบ.)
43572292,สำนักงานคณะกรรมการกำกับและส่งเสริมการประกอบธุรกิจประกันภัย (คปภ.)
43572292,ร้องทุกข์
43572292,คุ้มครองผู้บริโภค
43572292,บริษัทประกันชีวิต
43572723,ร้องทุกข์
43572723,คุ้มครองผู้บริโภค
43572723,สำนักงานคณะกรรมการกำกับและส่งเสริมการประกอบธุรกิจประกันภัย (คปภ.)
43573866,ร้องทุกข์
43573866,สำนักงานคณะกรรมการกำกับและส่งเสริมการประกอบธุรกิจประกันภัย (คปภ.)
43574951,สำนักงานคณะกรรมการกำกับและส่งเสริมการประกอบธุรกิจประกันภัย (คปภ.)
43574951,ประกันออนไลน์
43574951,ประกันภัยรถ
43575449,ประกันสุขภาพ
43575449,สำนักงานคณะกรรมการกำกับและส่งเสริมการประกอบธุรกิจประกันภัย (คปภ.)
43575449,ตัวแทนประกันชีวิต (อาชีพ)
43575449,ร้องทุกข์
43575449,คุ้มครองผู้บริโภค
43578117,ประกันสุขภาพ
43578117,บริษัทประกันชีวิต
43578117,ประกันชีวิต
43580523,บ้าน
43580523,สินเชื่อเพื่อที่อยู่อาศัย
43580523,ดูแลและซ่อมแซมบ้าน
43580523,ประกันวินาศภัย
43581105,ประกันชีวิตสำหรับผู้สูงอายุ
43581105,คุ้มครองผู้บริโภค
43581105,ธนาคารไทยพาณิชย์
43581105,บริษัทประกันชีวิต
43581105,ประกันชีวิต
43581587,ประกันสุขภาพ
43581587,สำนักงานคณะกรรมการกำกับและส่งเสริมการประกอบธุรกิจประกันภัย (คปภ.)
43581587,คุ้มครองผู้บริโภค
43581587,โรคมะเร็ง
43581714,เตือนภัย
43581714,ประกันสุขภาพ
43581714,ร้องทุกข์
43581714,ธนาคารไทยพาณิชย์
43581714,ประกันชีวิต
43582204,ประกันสำหรับผู้สูงอายุ
43582204,ประกันสุขภาพ
43582204,สำนักงานคณะกรรมการกำกับและส่งเสริมการประกอบธุรกิจประกันภัย (คปภ.)
43582204,คุ้มครองผู้บริโภค
43582204,ประกันสุขภาพสำหรับผู้สูงอายุ
43582228,อุบัติเหตุบนท้องถนน
43582228,สำนักงานคณะกรรมการกำกับและส่งเสริมการประกอบธุรกิจประกันภัย (คปภ.)
43582228,ประกันภัยรถ
43582237,เตือนภัย
43582237,ประกันสุขภาพ
43582237,สำนักงานคณะกรรมการกำกับและส่งเสริมการประกอบธุรกิจประกันภัย (คปภ.)
43582237,คุ้มครองผู้บริโภค
43582237,ธนาคารไทยพาณิชย์
43582769,ประกันสุขภาพ
43582769,ตัวแทนประกันชีวิต (อาชีพ)
43582769,ร้องทุกข์
43582769,คุ้มครองผู้บริโภค
43582769,บริษัทประกันชีวิต
43583134,โรคพิษสุนัขบ้า
43583134,แมว
43583134,ประกันสุขภาพ
43583134,บริษัทประกันชีวิต
43583134,ประกันชีวิต
43583191,คุ้มครองผู้บริโภค
43583191,บริษัทประกันชีวิต
43583481,บริษัท ไทยประกันชีวิต จำกัด (มหาชน)
43583481,ประกันสุขภาพ
43583481,ตัวแทนประกันชีวิต (อาชีพ)
43583481,บริษัทประกันชีวิต
43583481,ประกันชีวิต
43583600,มนุษย์เงินเดือน
43583600,พนักงานขาย
43583600,พนักงานบริษัท
43583600,บริษัทประกันชีวิต
43583600,ประกันชีวิต
43583818,ประกันภัยรถ
43584619,ประกันสุขภาพสำหรับเด็กและทารก
43584619,ประกันสุขภาพ
43584619,ประกันสำหรับเด็กและทารก
43584619,ประกันชีวิต
43585779,ร้องทุกข์
43585779,สำนักงานคณะกรรมการกำกับและส่งเสริมการประกอบธุรกิจประกันภัย (คปภ.)
43585779,บริษัทประกันชีวิต
43585779,ประกันชีวิต
43586185,ประกันสุขภาพสำหรับเด็กและทารก
43586185,ประกันสุขภาพ
43586185,การวางแผนการเงิน
43586185,ประกันชีวิต
43586185,ประกันสุขภาพสำหรับผู้สูงอายุ
43588334,ร้องทุกข์
43588334,คุ้มครองผู้บริโภค
43588334,สำนักงานคณะกรรมการกำกับและส่งเสริมการประกอบธุรกิจประกันภัย (คปภ.)
43588334,ตัวแทนประกันชีวิต (อาชีพ)
43588414,ธนาคาร
43588414,บริษัทประกันชีวิต
43588414,ประกันภัยรถ
43588414,ประกันออนไลน์
43588414,ประกันชีวิต
43590570,บัตรเครดิต
43590570,เตือนภัย
43590570,ประกันสุขภาพ
43590570,ร้องทุกข์
43590570,คุ้มครองผู้บริโภค
43592013,รถยนต์
43592013,ซ่อมบำรุงรถยนต์
43592013,อู่ซ่อมรถ
43592013,สำนักงานคณะกรรมการกำกับและส่งเสริมการประกอบธุรกิจประกันภัย (คปภ.)
43592013,อะไหล่รถ
43593359,บัตรเครดิต
43593359,mobile operator
43593359,ร้องทุกข์
43593359,aeon
43593359,ประกันชีวิต
43593891,ศูนย์บริการรถยนต์
43593891,ตัวแทนประกันชีวิต (อาชีพ)
43593891,คุ้มครองผู้บริโภค
43593891,บริษัทประกันชีวิต
43593891,ประกันชีวิต
43594889,บัตรเครดิต
43594889,ประกันวินาศภัย
43594889,ธนาคารกรุงศรีอยุธยา
43594889,คุ้มครองผู้บริโภค
43594889,บริษัทประกันชีวิต
43595337,อุบัติเหตุ
43595337,รถยนต์
43595337,อู่ซ่อมรถ
43595337,สำนักงานคณะกรรมการกำกับและส่งเสริมการประกอบธุรกิจประกันภัย (คปภ.)
43595337,ประกันภัยรถ
43597857,ร้องทุกข์
43597857,คุ้มครองผู้บริโภค
43597857,ดูแลและซ่อมแซมบ้าน
43597857,บริษัทประกันชีวิต
43599086,ประกันสุขภาพ
43599086,ธนาคารกรุงไทย
43599891,ประกันสุขภาพ
43602042,ประกันสุขภาพ
43604578,ประกันสุขภาพ
43604578,สำนักงานคณะกรรมการกำกับและส่งเสริมการประกอบธุรกิจประกันภัย (คปภ.)
43604578,บริษัทประกันชีวิต
43604578,ประกันชีวิต
43604578,โรงพยาบาล
43609143,คุ้มครองผู้บริโภค
43609143,สำนักงานคณะกรรมการกำกับและส่งเสริมการประกอบธุรกิจประกันภัย (คปภ.)
43609439,ประกันสุขภาพ
43609439,ประกันชีวิต
43609630,tip (หุ้น)
43609630,สำนักงานคณะกรรมการกำกับและส่งเสริมการประกอบธุรกิจประกันภัย (คปภ.)
43609630,ร้องทุกข์
43609630,คุ้มครองผู้บริโภค
43609630,บริษัทประกันชีวิต
43609747,คุ้มครองผู้บริโภค
43609747,บริษัทประกันชีวิต
43614844,ซ่อมบำรุงรถยนต์
43614844,ประกันภัยรถ
43614844,อู่ซ่อมรถ
43616503,ประกันสุขภาพ
43616503,ประกันออนไลน์
43616503,ประกันชีวิต
43616503,บริษัทประกันชีวิต
43616873,ประกันสุขภาพ
43618373,สำนักงานประกันสังคม
43618373,ประกันสุขภาพ
43618373,ประกันชีวิต
43618373,หลักประกันสุขภาพถ้วนหน้า (บัตรทอง)
43618615,ร้องทุกข์
43618615,คุ้มครองผู้บริโภค
43618615,สำนักงานคณะกรรมการกำกับและส่งเสริมการประกอบธุรกิจประกันภัย (คปภ.)
43618615,แผ่นดินไหว
43618773,รถยนต์
43618773,อุบัติเหตุบนท้องถนน
43618773,ประกันภัยรถ
43618950,คุ้มครองผู้บริโภค
43618950,สำนักงานคณะกรรมการกำกับและส่งเสริมการประกอบธุรกิจประกันภัย (คปภ.)
43618950,บริษัทประกันวินาศภัย
43618950,ธนาคารทหารไทยธนชาต
43625454,อุบัติเหตุบนท้องถนน
43625454,ซ่อมบำรุงรถยนต์
43625454,ประกันภัยรถ
43625454,รถยนต์ไฮบริด
43625513,ประกันภัยรถ
43626907,อุบัติเหตุบนท้องถนน
43626907,มอเตอร์ไซค์
43626907,ประกันภัยรถ
43627009,ประกันภัยรถ
43628652,ร้องทุกข์
43628652,บริษัทประกันชีวิต
43628652,ประกันวินาศภัย
43630218,ประกันสุขภาพ
43630218,สำนักงานคณะกรรมการกำกับและส่งเสริมการประกอบธุรกิจประกันภัย (คปภ.)
43630218,คุ้มครองผู้บริโภค
43630218,บริษัทประกันชีวิต
43630218,ประกันชีวิต
43632531,ประกันภัยรถ
43632531,อู่ซ่อมรถ
43634018,ประกันสุขภาพ
43634018,ประกันสำหรับเด็กและทารก
43634466,ประกันชีวิต
43634466,ธนาคาร
43634466,ประกันสุขภาพ
43634466,บริษัทประกันชีวิต
43634466,ธนาคารกรุงไทย
43634811,ประกันสุขภาพ
43634811,ธนาคารไทยพาณิชย์
43635186,สำนักงานคณะกรรมการคุ้มครองผู้บริโภค (สคบ.)
43635186,เตือนภัย
43635186,สำนักงานคณะกรรมการกำกับและส่งเสริมการประกอบธุรกิจประกันภัย (คปภ.)
43635186,ร้องทุกข์
43635186,คุ้มครองผู้บริโภค
43635925,ประกันสุขภาพ
43635925,บริษัทประกันชีวิต
43635925,โรคหมอนรองกระดูกทับเส้นประสาท
43636031,อสังหาริมทรัพย์
43636031,บริษัทประกันวินาศภัย
43636031,คอนโดมิเนียม
43640167,ประกันออนไลน์
43640167,ประกันภัยรถ
43643127,ร้องทุกข์
43643127,ธนาคาร
43643127,ธนาคารไทยพาณิชย์
43643127,ประกันชีวิต
43643693,การเงิน
43643693,การลงทุน
43643693,ประกันสุขภาพ
43643693,บริษัทประกันชีวิต
43643693,ประกันชีวิต
43643739,การพัฒนาสังคม (social development)
43643739,ประกันสุขภาพ
43643739,สำนักงานคณะกรรมการกำกับและส่งเสริมการประกอบธุรกิจประกันภัย (คปภ.)
43643739,การบริหารจัดการ
43643739,สิทธิการรักษาพยาบาล
43643909,ประกันสุขภาพ
43643909,ธนาคารกรุงไทย
43643973,grab (app)
43643973,อุบัติเหตุบนท้องถนน
43643973,ร้องทุกข์
43643973,คุ้มครองผู้บริโภค
43643973,บริษัทประกันชีวิต
43644673,คุ้มครองผู้บริโภค
43644673,สำนักงานคณะกรรมการกำกับและส่งเสริมการประกอบธุรกิจประกันภัย (คปภ.)
43644673,บัตรเครดิต
43644673,ประกันชีวิต
43646425,บัตรเครดิต
43646425,บริษัท ไทยประกันชีวิต จำกัด (มหาชน)
43646425,บริษัทประกันชีวิต
43648245,สำนักงานคณะกรรมการกำกับและส่งเสริมการประกอบธุรกิจประกันภัย (คปภ.)
43648245,ประกันภัยรถ
43648245,ร้องทุกข์
43648245,คุ้มครองผู้บริโภค
43648245,ประกันออนไลน์
43648686,บริษัทประกันวินาศภัย
43648686,ประกันวินาศภัย
43648686,ประกันสุขภาพ
43648686,คุ้มครองผู้บริโภค
43648686,บริษัทประกันชีวิต
43648710,การหักลดหย่อน
43648710,ภาษีเงินได้บุคคลธรรมดา
43648710,ประกันชีวิต
43648710,กรมสรรพากร
43649966,อุบัติเหตุบนท้องถนน
43649966,ประกันภัยรถ
43649966,อาวุธยุทโธปกรณ์
43651251,ประกันสุขภาพ
43651251,บริษัทประกันชีวิต
43651251,ประกันชีวิต
43651747,ร้องทุกข์
43651747,ประกันสุขภาพ
43651747,บริษัทประกันชีวิต
43651747,ธนาคารกรุงไทย
43651918,ธนาคารแลนด์แอนด์เฮ้าส์
43651918,สังคมผู้สูงอายุ
43651918,อุบัติเหตุ
43651918,สังคมชาวพันทิป
43651918,ประกันสุขภาพ
43652575,เตือนภัย
43652575,ประกันสุขภาพ
43652575,สำนักงานคณะกรรมการกำกับและส่งเสริมการประกอบธุรกิจประกันภัย (คปภ.)
43652575,บริษัทประกันชีวิต
43659461,ประกันสุขภาพ
43659461,คุ้มครองผู้บริโภค
43659461,บริษัทประกันชีวิต
43659461,โรงพยาบาล
43663355,กฎหมายชาวบ้าน
43663355,สำนักงานคณะกรรมการกำกับและส่งเสริมการประกอบธุรกิจประกันภัย (คปภ.)
43663355,ประกันชีวิต
43663355,ประกันวินาศภัย
43663656,ประกันภัยการเดินทาง
43663656,ประกันวินาศภัย
43663656,ประกันภัยรถ
43663656,ประกันออนไลน์
43663656,ประกันชีวิต
43665682,ประกันภัยรถ
43666205,บริษัทประกันวินาศภัย
43666205,เศรษฐกิจ
43666205,การเงิน
43666205,ประกันวินาศภัย
43666205,ประกันภัยรถ
43666226,เงินฝากระยะยาว
43666226,ประกันสุขภาพ
43666226,คุ้มครองผู้บริโภค
43666226,บริษัทประกันชีวิต
43666226,ประกันชีวิต
43666983,ร้องทุกข์
43666983,คุ้มครองผู้บริโภค
43666983,บริษัทประกันวินาศภัย
43668832,มนุษย์เงินเดือน
43668832,krungsri mobile app
43668832,ประกันภัยรถ
43668832,ธนาคารกรุงศรีอยุธยา
43668832,สินเชื่อรถยนต์
43670007,ประกันสุขภาพ
43670007,บริษัทประกันชีวิต
43670007,ประกันชีวิต
43671253,ประกันสุขภาพ
43671253,บริษัทประกันชีวิต
43671253,ประกันภัยรถ
43671253,ประกันออนไลน์
43671253,ประกันชีวิต
43671424,ธนาคาร
43671424,ประกันสุขภาพ
43671424,สำนักงานคณะกรรมการกำกับและส่งเสริมการประกอบธุรกิจประกันภัย (คปภ.)
43671424,บริษัทประกันชีวิต
43671424,ธนาคารกรุงไทย
43672582,ประกันภัยรถ
43673090,ธนาคาร
43673090,ประกันสุขภาพ
43673090,คุ้มครองผู้บริโภค
43673090,scb easy
43673093,สำนักงานคณะกรรมการคุ้มครองผู้บริโภค (สคบ.)
43673093,สำนักงานคณะกรรมการกำกับและส่งเสริมการประกอบธุรกิจประกันภัย (คปภ.)
43673093,ร้องทุกข์
43673093,คุ้มครองผู้บริโภค
43673093,บริษัทประกันชีวิต
43673122,ร้องทุกข์
43673122,ประกันสุขภาพ
43673122,คุ้มครองผู้บริโภค
43673122,สำนักงานคณะกรรมการคุ้มครองผู้บริโภค (สคบ.)
43673491,โรงพยาบาลเอกชน
43673491,ประกันสุขภาพ
43673491,ประกันชีวิต
43673992,ประกันสุขภาพ
43673992,บริษัทประกันชีวิต
43673992,ประกันชีวิต
43675596,ประกันสุขภาพ
43677528,ประกันสำหรับผู้สูงอายุ
43677528,ประกันสุขภาพ
43677528,ประกันชีวิตสำหรับผู้สูงอายุ
43677528,โรคมะเร็ง
43677528,ประกันสุขภาพสำหรับผู้สูงอายุ
43679795,มนุษย์เงินเดือน
43679795,หลักประกันสุขภาพถ้วนหน้า (บัตรทอง)
43679795,ประกันสุขภาพ
43679795,ประกันสังคม
43679795,โรงพยาบาล
43682338,ร้องทุกข์
43682338,คุ้มครองผู้บริโภค
43682338,บริษัทประกันชีวิต
43682338,การเงิน
43685408,สำนักงานคณะกรรมการคุ้มครองผู้บริโภค (สคบ.)
43685408,สำนักงานคณะกรรมการกำกับและส่งเสริมการประกอบธุรกิจประกันภัย (คปภ.)
43685408,shopee
43685408,ประกันภัยรถ
43685408,ร้องทุกข์
43687059,ประกันสุขภาพ
43687059,ประกันชีวิตสำหรับผู้สูงอายุ
43687059,คุ้มครองผู้บริโภค
43687059,บริษัทประกันชีวิต
43687059,ประกันสุขภาพสำหรับผู้สูงอายุ
43690175,กฎหมายพาณิชย์ (commercial law)
43690175,สำนักงานคณะกรรมการกำกับและส่งเสริมการประกอบธุรกิจประกันภัย (คปภ.)
43690175,ประกันภัยรถ
43690175,ร้องทุกข์
43690175,ประกันออนไลน์
43690388,เตือนภัย
43690388,ประกันชีวิต
43691323,สำนักงานคณะกรรมการคุ้มครองผู้บริโภค (สคบ.)
43691323,ประกันสุขภาพ
43691323,สำนักงานคณะกรรมการกำกับและส่งเสริมการประกอบธุรกิจประกันภัย (คปภ.)
43691323,คุ้มครองผู้บริโภค
43691323,บริษัทประกันชีวิต
43691434,ประกันภัยรถ
43691434,ประกันชีวิต
43691938,ร้องทุกข์
43691938,สำนักงานคณะกรรมการกำกับและส่งเสริมการประกอบธุรกิจประกันภัย (คปภ.)
43691938,ประกันภัยรถ
43693388,toyota
43693388,toyota fortuner
43693388,ประกันภัยรถ
43693388,อู่ซ่อมรถ
43693508,ประกันภัยรถ
43694338,ประกันสุขภาพสำหรับเด็กและทารก
43694338,ประกันสุขภาพ
43696280,พระราชบัญญัติคุ้มครองผู้ประสบภัยจากรถ (พ.ร.บ.คุ้มครองผู้ประสบภัยจากรถ)
43696280,อุบัติเหตุบนท้องถนน
43696280,สำนักงานคณะกรรมการกำกับและส่งเสริมการประกอบธุรกิจประกันภัย (คปภ.)
43696280,ประกันภัยรถ
43696280,ฟิล์มรถยนต์
43698223,การผ่าตัด
43698223,สุขภาพ
43698223,ประกันสุขภาพ
43698223,ประกันสังคม
43698223,ประกันชีวิต
43699157,คุ้มครองผู้บริโภค
43699157,สำนักงานคณะกรรมการกำกับและส่งเสริมการประกอบธุรกิจประกันภัย (คปภ.)
43699658,ซ่อมบำรุงรถยนต์
43699658,ประกันภัยรถ
43699658,อู่ซ่อมรถ
43705867,ประกันสุขภาพ
43705867,บริษัทประกันชีวิต
43705867,ประกันชีวิต
43706270,คุ้มครองผู้บริโภค
43706270,ธนาคารไทยพาณิชย์
43706270,ประกันสุขภาพ
43706270,บริษัทประกันชีวิต
43708929,ประกันสุขภาพ
43708929,คุ้มครองผู้บริโภค
43708929,สำนักงานคณะกรรมการคุ้มครองผู้บริโภค (สคบ.)
43711619,toyota yaris
43711619,อู่ซ่อมรถ
43711619,สำนักงานคณะกรรมการกำกับและส่งเสริมการประกอบธุรกิจประกันภัย (คปภ.)
43711619,ประกันภัยรถ
43711619,ดูแลรักษารถยนต์
