id,search_keyword_groups,keyword_count,keyword_group
30043043,ความล่าช้าในการจ่ายสินไหม,1,1 Topic
30043098,ความล่าช้าในการจ่ายสินไหม,1,1 Topic
30049687,การยกเลิกกรมธรรม์,2,More than 1 topic
30049687,การปฏิเสธจ่ายสินไหม,2,More than 1 topic
30055843,ความล่าช้าในการจ่ายสินไหม,1,1 Topic
30081108,การยกเลิกกรมธรรม์,1,1 Topic
30089403,ค่าเบี้ยประกัน,1,1 Topic
30095215,ความล่าช้าในการจ่ายสินไหม,1,1 Topic
30102981,การปฏิเสธจ่ายสินไหม,1,1 Topic
30123346,ค่าเบี้ยประกัน,1,1 Topic
30124841,ความล่าช้าในการจ่ายสินไหม,1,1 Topic
30125668,การยกเลิกกรมธรรม์,2,More than 1 topic
30125668,ความล่าช้าในการจ่ายสินไหม,2,More than 1 topic
30125983,ความล่าช้าในการจ่ายสินไหม,1,1 Topic
30134871,ความล่าช้าในการจ่ายสินไหม,1,1 Topic
30163990,การยกเลิกกรมธรรม์,2,More than 1 topic
30163990,การปฏิเสธจ่ายสินไหม,2,More than 1 topic
30168920,การปฏิเสธจ่ายสินไหม,2,More than 1 topic
30168920,ความล่าช้าในการจ่ายสินไหม,2,More than 1 topic
30183302,ความล่าช้าในการจ่ายสินไหม,2,More than 1 topic
30183302,ค่าเบี้ยประกัน,2,More than 1 topic
30190568,การปฏิเสธจ่ายสินไหม,2,More than 1 topic
30190568,ค่าเบี้ยประกัน,2,More than 1 topic
30191812,การยกเลิกกรมธรรม์,1,1 Topic
30198542,การยกเลิกกรมธรรม์,1,1 Topic
30210077,ค่าเบี้ยประกัน,1,1 Topic
30211343,การปฏิเสธจ่ายสินไหม,1,1 Topic
30216660,การปฏิเสธจ่ายสินไหม,2,More than 1 topic
30216660,ค่าเบี้ยประกัน,2,More than 1 topic
30217636,การปฏิเสธจ่ายสินไหม,1,1 Topic
30217941,การยกเลิกกรมธรรม์,1,1 Topic
30219146,การยกเลิกกรมธรรม์,1,1 Topic
30220162,การปฏิเสธจ่ายสินไหม,1,1 Topic
30222377,การยกเลิกกรมธรรม์,1,1 Topic
30241507,การยกเลิกกรมธรรม์,2,More than 1 topic
30241507,ความล่าช้าในการจ่ายสินไหม,2,More than 1 topic
30242343,ความล่าช้าในการจ่ายสินไหม,1,1 Topic
30288943,การปฏิเสธจ่ายสินไหม,2,More than 1 topic
30288943,ความล่าช้าในการจ่ายสินไหม,2,More than 1 topic
30307093,ค่าเบี้ยประกัน,1,1 Topic
30307846,การยกเลิกกรมธรรม์,1,1 Topic
30313188,ความล่าช้าในการจ่ายสินไหม,1,1 Topic
30319241,การปฏิเสธจ่ายสินไหม,1,1 Topic
30324287,ค่าเบี้ยประกัน,1,1 Topic
30329609,การปฏิเสธจ่ายสินไหม,1,1 Topic
30353942,ค่าเบี้ยประกัน,1,1 Topic
30355254,การยกเลิกกรมธรรม์,3,More than 1 topic
30355254,การปฏิเสธจ่ายสินไหม,3,More than 1 topic
30355254,ค่าเบี้ยประกัน,3,More than 1 topic
30355423,การยกเลิกกรมธรรม์,1,1 Topic
30367867,การปฏิเสธจ่ายสินไหม,2,More than 1 topic
30367867,ความล่าช้าในการจ่ายสินไหม,2,More than 1 topic
30387784,ความล่าช้าในการจ่ายสินไหม,1,1 Topic
30398955,การยกเลิกกรมธรรม์,1,1 Topic
30403908,ความล่าช้าในการจ่ายสินไหม,1,1 Topic
30420776,ความล่าช้าในการจ่ายสินไหม,1,1 Topic
30423413,ความล่าช้าในการจ่ายสินไหม,1,1 Topic
30442875,ความล่าช้าในการจ่ายสินไหม,1,1 Topic
30459023,ความล่าช้าในการจ่ายสินไหม,1,1 Topic
30460231,การยกเลิกกรมธรรม์,1,1 Topic
30466838,การยกเลิกกรมธรรม์,1,1 Topic
30468199,การปฏิเสธจ่ายสินไหม,1,1 Topic
30477831,ค่าเบี้ยประกัน,1,1 Topic
30478160,ความล่าช้าในการจ่ายสินไหม,1,1 Topic
30481090,การปฏิเสธจ่ายสินไหม,2,More than 1 topic
30481090,ค่าเบี้ยประกัน,2,More than 1 topic
30488038,ความล่าช้าในการจ่ายสินไหม,1,1 Topic
30495546,การยกเลิกกรมธรรม์,1,1 Topic
30516216,การยกเลิกกรมธรรม์,1,1 Topic
30516983,การปฏิเสธจ่ายสินไหม,1,1 Topic
30517303,ความล่าช้าในการจ่ายสินไหม,1,1 Topic
30522867,การยกเลิกกรมธรรม์,2,More than 1 topic
30522867,การปฏิเสธจ่ายสินไหม,2,More than 1 topic
30523383,การปฏิเสธจ่ายสินไหม,1,1 Topic
30523677,การปฏิเสธจ่ายสินไหม,1,1 Topic
30533608,การยกเลิกกรมธรรม์,1,1 Topic
30554940,ความล่าช้าในการจ่ายสินไหม,1,1 Topic
30556623,การยกเลิกกรมธรรม์,1,1 Topic
30557674,การยกเลิกกรมธรรม์,1,1 Topic
30560517,ความล่าช้าในการจ่ายสินไหม,1,1 Topic
30562987,การปฏิเสธจ่ายสินไหม,1,1 Topic
30568559,ความล่าช้าในการจ่ายสินไหม,1,1 Topic
30578030,ความล่าช้าในการจ่ายสินไหม,1,1 Topic
30578816,การปฏิเสธจ่ายสินไหม,1,1 Topic
30581444,ความล่าช้าในการจ่ายสินไหม,1,1 Topic
30585467,ความล่าช้าในการจ่ายสินไหม,1,1 Topic
30585661,การปฏิเสธจ่ายสินไหม,1,1 Topic
30588768,การยกเลิกกรมธรรม์,3,More than 1 topic
30588768,ความล่าช้าในการจ่ายสินไหม,3,More than 1 topic
30588768,ค่าเบี้ยประกัน,3,More than 1 topic
30590547,ความล่าช้าในการจ่ายสินไหม,1,1 Topic
30592421,ความล่าช้าในการจ่ายสินไหม,1,1 Topic
30593779,การยกเลิกกรมธรรม์,1,1 Topic
30598882,ค่าเบี้ยประกัน,1,1 Topic
30616977,ความล่าช้าในการจ่ายสินไหม,1,1 Topic
30619452,ประกันโควิด,2,More than 1 topic
30619452,การปฏิเสธจ่ายสินไหม,2,More than 1 topic
30620339,การปฏิเสธจ่ายสินไหม,1,1 Topic
30628046,การยกเลิกกรมธรรม์,2,More than 1 topic
30628046,การปฏิเสธจ่ายสินไหม,2,More than 1 topic
30647882,การยกเลิกกรมธรรม์,1,1 Topic
30655054,การยกเลิกกรมธรรม์,3,More than 1 topic
30655054,การปฏิเสธจ่ายสินไหม,3,More than 1 topic
30655054,ความล่าช้าในการจ่ายสินไหม,3,More than 1 topic
30664016,ความล่าช้าในการจ่ายสินไหม,1,1 Topic
30674225,ความล่าช้าในการจ่ายสินไหม,1,1 Topic
30677636,การยกเลิกกรมธรรม์,1,1 Topic
30680636,ความล่าช้าในการจ่ายสินไหม,1,1 Topic
30688100,ค่าเบี้ยประกัน,1,1 Topic
30704717,การยกเลิกกรมธรรม์,1,1 Topic
30705206,ความล่าช้าในการจ่ายสินไหม,1,1 Topic
30714836,การปฏิเสธจ่ายสินไหม,1,1 Topic
30722934,ความล่าช้าในการจ่ายสินไหม,1,1 Topic
30723381,การปฏิเสธจ่ายสินไหม,1,1 Topic
30731743,ความล่าช้าในการจ่ายสินไหม,3,More than 1 topic
30731743,การปฏิเสธจ่ายสินไหม,3,More than 1 topic
30731743,ค่าเบี้ยประกัน,3,More than 1 topic
30733923,การยกเลิกกรมธรรม์,1,1 Topic
30740299,การปฏิเสธจ่ายสินไหม,2,More than 1 topic
30740299,ความล่าช้าในการจ่ายสินไหม,2,More than 1 topic
30740809,การยกเลิกกรมธรรม์,2,More than 1 topic
30740809,ความล่าช้าในการจ่ายสินไหม,2,More than 1 topic
30745748,การยกเลิกกรมธรรม์,2,More than 1 topic
30745748,ความล่าช้าในการจ่ายสินไหม,2,More than 1 topic
30750222,ความล่าช้าในการจ่ายสินไหม,1,1 Topic
30761574,ความล่าช้าในการจ่ายสินไหม,1,1 Topic
30764097,การปฏิเสธจ่ายสินไหม,2,More than 1 topic
30764097,ค่าเบี้ยประกัน,2,More than 1 topic
30764107,ความล่าช้าในการจ่ายสินไหม,1,1 Topic
30764825,การยกเลิกกรมธรรม์,1,1 Topic
30765320,การยกเลิกกรมธรรม์,1,1 Topic
30767196,ค่าเบี้ยประกัน,1,1 Topic
30769283,ค่าเบี้ยประกัน,1,1 Topic
30773640,การยกเลิกกรมธรรม์,1,1 Topic
30778154,ค่าเบี้ยประกัน,1,1 Topic
30789856,ความล่าช้าในการจ่ายสินไหม,1,1 Topic
30796665,ค่าเบี้ยประกัน,1,1 Topic
30807646,การปฏิเสธจ่ายสินไหม,1,1 Topic
30815036,การยกเลิกกรมธรรม์,1,1 Topic
30817603,การปฏิเสธจ่ายสินไหม,1,1 Topic
30822622,การปฏิเสธจ่ายสินไหม,1,1 Topic
30822973,การยกเลิกกรมธรรม์,2,More than 1 topic
30822973,การปฏิเสธจ่ายสินไหม,2,More than 1 topic
30833145,การยกเลิกกรมธรรม์,3,More than 1 topic
30833145,การปฏิเสธจ่ายสินไหม,3,More than 1 topic
30833145,ความล่าช้าในการจ่ายสินไหม,3,More than 1 topic
30837777,การยกเลิกกรมธรรม์,1,1 Topic
30839025,การยกเลิกกรมธรรม์,2,More than 1 topic
30839025,ค่าเบี้ยประกัน,2,More than 1 topic
30841887,ความล่าช้าในการจ่ายสินไหม,1,1 Topic
30843416,ค่าเบี้ยประกัน,1,1 Topic
30859449,ความล่าช้าในการจ่ายสินไหม,1,1 Topic
30859510,การปฏิเสธจ่ายสินไหม,1,1 Topic
30861609,ค่าเบี้ยประกัน,1,1 Topic
30862506,การยกเลิกกรมธรรม์,1,1 Topic
30866696,การยกเลิกกรมธรรม์,1,1 Topic
30871512,การยกเลิกกรมธรรม์,1,1 Topic
30881346,การปฏิเสธจ่ายสินไหม,2,More than 1 topic
30881346,ค่าเบี้ยประกัน,2,More than 1 topic
30884548,การปฏิเสธจ่ายสินไหม,1,1 Topic
30887332,การปฏิเสธจ่ายสินไหม,1,1 Topic
30894598,ความล่าช้าในการจ่ายสินไหม,1,1 Topic
30909596,ความล่าช้าในการจ่ายสินไหม,1,1 Topic
30910326,ค่าเบี้ยประกัน,1,1 Topic
30912927,ความล่าช้าในการจ่ายสินไหม,1,1 Topic
30922372,การปฏิเสธจ่ายสินไหม,1,1 Topic
30928096,การยกเลิกกรมธรรม์,1,1 Topic
30928383,ความล่าช้าในการจ่ายสินไหม,1,1 Topic
30930394,ความล่าช้าในการจ่ายสินไหม,2,More than 1 topic
30930394,ค่าเบี้ยประกัน,2,More than 1 topic
30946732,ความล่าช้าในการจ่ายสินไหม,1,1 Topic
30947891,การปฏิเสธจ่ายสินไหม,1,1 Topic
30950980,ความล่าช้าในการจ่ายสินไหม,2,More than 1 topic
30950980,ค่าเบี้ยประกัน,2,More than 1 topic
30968623,ความล่าช้าในการจ่ายสินไหม,1,1 Topic
30968722,การปฏิเสธจ่ายสินไหม,1,1 Topic
30974353,ความล่าช้าในการจ่ายสินไหม,1,1 Topic
30979932,ความล่าช้าในการจ่ายสินไหม,2,More than 1 topic
30979932,ค่าเบี้ยประกัน,2,More than 1 topic
30988837,การยกเลิกกรมธรรม์,1,1 Topic
30991350,การปฏิเสธจ่ายสินไหม,1,1 Topic
30991949,การปฏิเสธจ่ายสินไหม,1,1 Topic
30995163,การยกเลิกกรมธรรม์,2,More than 1 topic
30995163,การปฏิเสธจ่ายสินไหม,2,More than 1 topic
30999993,การยกเลิกกรมธรรม์,1,1 Topic
31006210,การยกเลิกกรมธรรม์,3,More than 1 topic
31006210,การปฏิเสธจ่ายสินไหม,3,More than 1 topic
31006210,ค่าเบี้ยประกัน,3,More than 1 topic
31009208,ความล่าช้าในการจ่ายสินไหม,1,1 Topic
31015132,การปฏิเสธจ่ายสินไหม,2,More than 1 topic
31015132,ความล่าช้าในการจ่ายสินไหม,2,More than 1 topic
31016363,ความล่าช้าในการจ่ายสินไหม,1,1 Topic
31017863,การยกเลิกกรมธรรม์,1,1 Topic
31026713,ความล่าช้าในการจ่ายสินไหม,1,1 Topic
31029953,การยกเลิกกรมธรรม์,1,1 Topic
31031040,การปฏิเสธจ่ายสินไหม,2,More than 1 topic
31031040,ความล่าช้าในการจ่ายสินไหม,2,More than 1 topic
31035659,การยกเลิกกรมธรรม์,1,1 Topic
31035807,ความล่าช้าในการจ่ายสินไหม,1,1 Topic
31041494,ค่าเบี้ยประกัน,1,1 Topic
31045320,การปฏิเสธจ่ายสินไหม,1,1 Topic
31049466,ความล่าช้าในการจ่ายสินไหม,1,1 Topic
31051099,การปฏิเสธจ่ายสินไหม,1,1 Topic
31057006,ค่าเบี้ยประกัน,1,1 Topic
31071188,การยกเลิกกรมธรรม์,3,More than 1 topic
31071188,การปฏิเสธจ่ายสินไหม,3,More than 1 topic
31071188,ความล่าช้าในการจ่ายสินไหม,3,More than 1 topic
31076666,ความล่าช้าในการจ่ายสินไหม,1,1 Topic
31077089,ค่าเบี้ยประกัน,1,1 Topic
31083807,ความล่าช้าในการจ่ายสินไหม,1,1 Topic
31094091,การปฏิเสธจ่ายสินไหม,2,More than 1 topic
31094091,ความล่าช้าในการจ่ายสินไหม,2,More than 1 topic
31101466,การยกเลิกกรมธรรม์,1,1 Topic
31103209,การปฏิเสธจ่ายสินไหม,1,1 Topic
31118516,การยกเลิกกรมธรรม์,1,1 Topic
31120412,การยกเลิกกรมธรรม์,3,More than 1 topic
31120412,การปฏิเสธจ่ายสินไหม,3,More than 1 topic
31120412,ค่าเบี้ยประกัน,3,More than 1 topic
31120904,ความล่าช้าในการจ่ายสินไหม,1,1 Topic
31123700,การปฏิเสธจ่ายสินไหม,1,1 Topic
31126534,การปฏิเสธจ่ายสินไหม,1,1 Topic
31135174,การยกเลิกกรมธรรม์,1,1 Topic
31138337,ความล่าช้าในการจ่ายสินไหม,1,1 Topic
31146924,การปฏิเสธจ่ายสินไหม,1,1 Topic
31149820,การปฏิเสธจ่ายสินไหม,2,More than 1 topic
31149820,ค่าเบี้ยประกัน,2,More than 1 topic
31151565,ค่าเบี้ยประกัน,1,1 Topic
31155363,ความล่าช้าในการจ่ายสินไหม,1,1 Topic
31161688,การปฏิเสธจ่ายสินไหม,1,1 Topic
31166083,ค่าเบี้ยประกัน,1,1 Topic
31167875,ความล่าช้าในการจ่ายสินไหม,1,1 Topic
31171408,การยกเลิกกรมธรรม์,2,More than 1 topic
31171408,การปฏิเสธจ่ายสินไหม,2,More than 1 topic
31174398,ความล่าช้าในการจ่ายสินไหม,2,More than 1 topic
31174398,ค่าเบี้ยประกัน,2,More than 1 topic
31174647,การยกเลิกกรมธรรม์,1,1 Topic
31175832,ความล่าช้าในการจ่ายสินไหม,2,More than 1 topic
31175832,ค่าเบี้ยประกัน,2,More than 1 topic
31181720,การปฏิเสธจ่ายสินไหม,1,1 Topic
31183443,ความล่าช้าในการจ่ายสินไหม,2,More than 1 topic
31183443,ค่าเบี้ยประกัน,2,More than 1 topic
31186037,ความล่าช้าในการจ่ายสินไหม,1,1 Topic
31190189,การปฏิเสธจ่ายสินไหม,1,1 Topic
31193821,ความล่าช้าในการจ่ายสินไหม,1,1 Topic
31195973,การปฏิเสธจ่ายสินไหม,2,More than 1 topic
31195973,ความล่าช้าในการจ่ายสินไหม,2,More than 1 topic
31196466,การยกเลิกกรมธรรม์,1,1 Topic
31200392,การยกเลิกกรมธรรม์,3,More than 1 topic
31200392,การปฏิเสธจ่ายสินไหม,3,More than 1 topic
31200392,ความล่าช้าในการจ่ายสินไหม,3,More than 1 topic
31203034,ความล่าช้าในการจ่ายสินไหม,1,1 Topic
31207562,การยกเลิกกรมธรรม์,2,More than 1 topic
31207562,ความล่าช้าในการจ่ายสินไหม,2,More than 1 topic
31207918,การยกเลิกกรมธรรม์,1,1 Topic
31211181,การยกเลิกกรมธรรม์,1,1 Topic
31232341,การยกเลิกกรมธรรม์,1,1 Topic
31235208,ความล่าช้าในการจ่ายสินไหม,3,More than 1 topic
31235208,การปฏิเสธจ่ายสินไหม,3,More than 1 topic
31235208,ค่าเบี้ยประกัน,3,More than 1 topic
31241126,การยกเลิกกรมธรรม์,2,More than 1 topic
31241126,ค่าเบี้ยประกัน,2,More than 1 topic
31243079,ค่าเบี้ยประกัน,1,1 Topic
31257301,การยกเลิกกรมธรรม์,1,1 Topic
31260708,การยกเลิกกรมธรรม์,1,1 Topic
31260853,การยกเลิกกรมธรรม์,2,More than 1 topic
31260853,ค่าเบี้ยประกัน,2,More than 1 topic
31261641,การยกเลิกกรมธรรม์,1,1 Topic
31262523,การยกเลิกกรมธรรม์,1,1 Topic
31268663,การยกเลิกกรมธรรม์,1,1 Topic
31269552,การปฏิเสธจ่ายสินไหม,1,1 Topic
31275473,การยกเลิกกรมธรรม์,1,1 Topic
31282722,ความล่าช้าในการจ่ายสินไหม,1,1 Topic
31293596,การยกเลิกกรมธรรม์,1,1 Topic
31294156,การยกเลิกกรมธรรม์,1,1 Topic
31299418,ค่าเบี้ยประกัน,1,1 Topic
31323016,ความล่าช้าในการจ่ายสินไหม,1,1 Topic
31324941,การปฏิเสธจ่ายสินไหม,1,1 Topic
31325996,การปฏิเสธจ่ายสินไหม,1,1 Topic
31328796,การปฏิเสธจ่ายสินไหม,1,1 Topic
31329951,ค่าเบี้ยประกัน,1,1 Topic
31331792,ค่าเบี้ยประกัน,1,1 Topic
31347414,การยกเลิกกรมธรรม์,2,More than 1 topic
31347414,ค่าเบี้ยประกัน,2,More than 1 topic
31362660,ความล่าช้าในการจ่ายสินไหม,1,1 Topic
31369268,การยกเลิกกรมธรรม์,1,1 Topic
31369758,การปฏิเสธจ่ายสินไหม,2,More than 1 topic
31369758,ความล่าช้าในการจ่ายสินไหม,2,More than 1 topic
31370067,การยกเลิกกรมธรรม์,1,1 Topic
31384034,ค่าเบี้ยประกัน,1,1 Topic
31386042,การปฏิเสธจ่ายสินไหม,2,More than 1 topic
31386042,ความล่าช้าในการจ่ายสินไหม,2,More than 1 topic
31389826,การปฏิเสธจ่ายสินไหม,1,1 Topic
31392980,การปฏิเสธจ่ายสินไหม,1,1 Topic
31394496,การปฏิเสธจ่ายสินไหม,1,1 Topic
31397471,การยกเลิกกรมธรรม์,2,More than 1 topic
31397471,การปฏิเสธจ่ายสินไหม,2,More than 1 topic
31398876,การยกเลิกกรมธรรม์,1,1 Topic
31399682,ค่าเบี้ยประกัน,1,1 Topic
31406355,การยกเลิกกรมธรรม์,3,More than 1 topic
31406355,การปฏิเสธจ่ายสินไหม,3,More than 1 topic
31406355,ค่าเบี้ยประกัน,3,More than 1 topic
31428273,การปฏิเสธจ่ายสินไหม,1,1 Topic
31448478,ความล่าช้าในการจ่ายสินไหม,1,1 Topic
31462205,การปฏิเสธจ่ายสินไหม,1,1 Topic
31463995,ความล่าช้าในการจ่ายสินไหม,1,1 Topic
31467378,ความล่าช้าในการจ่ายสินไหม,1,1 Topic
31469020,การปฏิเสธจ่ายสินไหม,1,1 Topic
31471233,ความล่าช้าในการจ่ายสินไหม,1,1 Topic
31471780,การปฏิเสธจ่ายสินไหม,1,1 Topic
31491185,การยกเลิกกรมธรรม์,1,1 Topic
31493740,การปฏิเสธจ่ายสินไหม,1,1 Topic
31494778,ความล่าช้าในการจ่ายสินไหม,1,1 Topic
31495714,การปฏิเสธจ่ายสินไหม,1,1 Topic
31499191,ความล่าช้าในการจ่ายสินไหม,1,1 Topic
31520924,การยกเลิกกรมธรรม์,1,1 Topic
31527131,การยกเลิกกรมธรรม์,1,1 Topic
31530183,การปฏิเสธจ่ายสินไหม,1,1 Topic
31535827,การยกเลิกกรมธรรม์,1,1 Topic
31542397,ค่าเบี้ยประกัน,1,1 Topic
31542765,การยกเลิกกรมธรรม์,1,1 Topic
31544094,การปฏิเสธจ่ายสินไหม,1,1 Topic
31550597,การยกเลิกกรมธรรม์,1,1 Topic
31551749,ความล่าช้าในการจ่ายสินไหม,1,1 Topic
31555206,ความล่าช้าในการจ่ายสินไหม,1,1 Topic
31555310,การยกเลิกกรมธรรม์,3,More than 1 topic
31555310,การปฏิเสธจ่ายสินไหม,3,More than 1 topic
31555310,ความล่าช้าในการจ่ายสินไหม,3,More than 1 topic
31560230,ความล่าช้าในการจ่ายสินไหม,2,More than 1 topic
31560230,ค่าเบี้ยประกัน,2,More than 1 topic
31569392,การปฏิเสธจ่ายสินไหม,1,1 Topic
31572450,การปฏิเสธจ่ายสินไหม,1,1 Topic
31573569,การยกเลิกกรมธรรม์,1,1 Topic
31578275,การปฏิเสธจ่ายสินไหม,2,More than 1 topic
31578275,ค่าเบี้ยประกัน,2,More than 1 topic
31578701,ความล่าช้าในการจ่ายสินไหม,1,1 Topic
31583044,การยกเลิกกรมธรรม์,1,1 Topic
31612136,การยกเลิกกรมธรรม์,1,1 Topic
31614122,การยกเลิกกรมธรรม์,1,1 Topic
31622372,ความล่าช้าในการจ่ายสินไหม,1,1 Topic
31631697,การปฏิเสธจ่ายสินไหม,2,More than 1 topic
31631697,ความล่าช้าในการจ่ายสินไหม,2,More than 1 topic
31637039,การยกเลิกกรมธรรม์,1,1 Topic
31641800,การปฏิเสธจ่ายสินไหม,2,More than 1 topic
31641800,ความล่าช้าในการจ่ายสินไหม,2,More than 1 topic
31641941,ความล่าช้าในการจ่ายสินไหม,1,1 Topic
31642503,การยกเลิกกรมธรรม์,1,1 Topic
31657796,ความล่าช้าในการจ่ายสินไหม,1,1 Topic
31662750,การปฏิเสธจ่ายสินไหม,1,1 Topic
31670624,การยกเลิกกรมธรรม์,1,1 Topic
31675022,ค่าเบี้ยประกัน,1,1 Topic
31675040,ความล่าช้าในการจ่ายสินไหม,1,1 Topic
31682877,การปฏิเสธจ่ายสินไหม,1,1 Topic
31696086,ความล่าช้าในการจ่ายสินไหม,1,1 Topic
31701705,การยกเลิกกรมธรรม์,1,1 Topic
31704856,ความล่าช้าในการจ่ายสินไหม,1,1 Topic
31710593,ความล่าช้าในการจ่ายสินไหม,1,1 Topic
31713848,การปฏิเสธจ่ายสินไหม,1,1 Topic
31733452,การปฏิเสธจ่ายสินไหม,1,1 Topic
31735025,ความล่าช้าในการจ่ายสินไหม,1,1 Topic
31736496,ความล่าช้าในการจ่ายสินไหม,1,1 Topic
31738947,การปฏิเสธจ่ายสินไหม,2,More than 1 topic
31738947,ความล่าช้าในการจ่ายสินไหม,2,More than 1 topic
31743999,การปฏิเสธจ่ายสินไหม,1,1 Topic
31748517,ความล่าช้าในการจ่ายสินไหม,1,1 Topic
31764318,การยกเลิกกรมธรรม์,1,1 Topic
31765338,ค่าเบี้ยประกัน,1,1 Topic
31765345,การยกเลิกกรมธรรม์,1,1 Topic
31771321,การปฏิเสธจ่ายสินไหม,1,1 Topic
31772370,ค่าเบี้ยประกัน,1,1 Topic
31778317,ความล่าช้าในการจ่ายสินไหม,1,1 Topic
31783556,การยกเลิกกรมธรรม์,1,1 Topic
31790195,การยกเลิกกรมธรรม์,1,1 Topic
31794654,ความล่าช้าในการจ่ายสินไหม,1,1 Topic
31801827,การยกเลิกกรมธรรม์,1,1 Topic
31803362,การยกเลิกกรมธรรม์,1,1 Topic
31804522,การยกเลิกกรมธรรม์,3,More than 1 topic
31804522,การปฏิเสธจ่ายสินไหม,3,More than 1 topic
31804522,ความล่าช้าในการจ่ายสินไหม,3,More than 1 topic
31808576,ค่าเบี้ยประกัน,1,1 Topic
31809872,การยกเลิกกรมธรรม์,2,More than 1 topic
31809872,การปฏิเสธจ่ายสินไหม,2,More than 1 topic
31823900,ความล่าช้าในการจ่ายสินไหม,1,1 Topic
31828509,การยกเลิกกรมธรรม์,1,1 Topic
31831205,การปฏิเสธจ่ายสินไหม,1,1 Topic
31836535,การยกเลิกกรมธรรม์,1,1 Topic
31840362,ความล่าช้าในการจ่ายสินไหม,1,1 Topic
31846465,การปฏิเสธจ่ายสินไหม,2,More than 1 topic
31846465,ความล่าช้าในการจ่ายสินไหม,2,More than 1 topic
31855679,การยกเลิกกรมธรรม์,2,More than 1 topic
31855679,การปฏิเสธจ่ายสินไหม,2,More than 1 topic
31858651,การปฏิเสธจ่ายสินไหม,1,1 Topic
31859792,การยกเลิกกรมธรรม์,1,1 Topic
31861739,การยกเลิกกรมธรรม์,1,1 Topic
31862503,ความล่าช้าในการจ่ายสินไหม,1,1 Topic
31864132,การยกเลิกกรมธรรม์,1,1 Topic
31868324,การยกเลิกกรมธรรม์,1,1 Topic
31873866,การยกเลิกกรมธรรม์,1,1 Topic
31874454,ความล่าช้าในการจ่ายสินไหม,1,1 Topic
31876471,การยกเลิกกรมธรรม์,1,1 Topic
31893397,ค่าเบี้ยประกัน,1,1 Topic
31894935,การปฏิเสธจ่ายสินไหม,1,1 Topic
31897201,ความล่าช้าในการจ่ายสินไหม,1,1 Topic
31901255,การยกเลิกกรมธรรม์,1,1 Topic
31907807,การยกเลิกกรมธรรม์,2,More than 1 topic
31907807,การปฏิเสธจ่ายสินไหม,2,More than 1 topic
31924021,ความล่าช้าในการจ่ายสินไหม,1,1 Topic
31932969,ค่าเบี้ยประกัน,1,1 Topic
31933321,การยกเลิกกรมธรรม์,4,More than 1 topic
31933321,ความล่าช้าในการจ่ายสินไหม,4,More than 1 topic
31933321,การปฏิเสธจ่ายสินไหม,4,More than 1 topic
31933321,ค่าเบี้ยประกัน,4,More than 1 topic
31940402,การปฏิเสธจ่ายสินไหม,1,1 Topic
31943720,ค่าเบี้ยประกัน,1,1 Topic
31947552,ความล่าช้าในการจ่ายสินไหม,1,1 Topic
31948143,ความล่าช้าในการจ่ายสินไหม,1,1 Topic
31951453,การยกเลิกกรมธรรม์,1,1 Topic
31956532,การปฏิเสธจ่ายสินไหม,1,1 Topic
31958456,การยกเลิกกรมธรรม์,1,1 Topic
31962091,การยกเลิกกรมธรรม์,1,1 Topic
31968613,การยกเลิกกรมธรรม์,1,1 Topic
31975367,ค่าเบี้ยประกัน,1,1 Topic
31978575,การยกเลิกกรมธรรม์,2,More than 1 topic
31978575,การปฏิเสธจ่ายสินไหม,2,More than 1 topic
31982626,ความล่าช้าในการจ่ายสินไหม,1,1 Topic
32012210,ค่าเบี้ยประกัน,1,1 Topic
32018800,การยกเลิกกรมธรรม์,1,1 Topic
32024132,การยกเลิกกรมธรรม์,1,1 Topic
32029519,ความล่าช้าในการจ่ายสินไหม,1,1 Topic
32043188,การยกเลิกกรมธรรม์,1,1 Topic
32044678,ความล่าช้าในการจ่ายสินไหม,1,1 Topic
32051402,ค่าเบี้ยประกัน,1,1 Topic
32060191,ค่าเบี้ยประกัน,1,1 Topic
32068969,การยกเลิกกรมธรรม์,1,1 Topic
32078977,ความล่าช้าในการจ่ายสินไหม,1,1 Topic
32085465,ความล่าช้าในการจ่ายสินไหม,2,More than 1 topic
32085465,ค่าเบี้ยประกัน,2,More than 1 topic
32086034,การยกเลิกกรมธรรม์,1,1 Topic
32087380,ความล่าช้าในการจ่ายสินไหม,1,1 Topic
32087984,ค่าเบี้ยประกัน,1,1 Topic
32098917,การปฏิเสธจ่ายสินไหม,1,1 Topic
32104394,ความล่าช้าในการจ่ายสินไหม,1,1 Topic
32110594,การปฏิเสธจ่ายสินไหม,1,1 Topic
32111327,ค่าเบี้ยประกัน,1,1 Topic
32121586,การยกเลิกกรมธรรม์,1,1 Topic
32126818,การยกเลิกกรมธรรม์,1,1 Topic
32130702,การยกเลิกกรมธรรม์,1,1 Topic
32132871,ความล่าช้าในการจ่ายสินไหม,1,1 Topic
32141069,ความล่าช้าในการจ่ายสินไหม,2,More than 1 topic
32141069,ค่าเบี้ยประกัน,2,More than 1 topic
32143046,ค่าเบี้ยประกัน,1,1 Topic
32154903,การยกเลิกกรมธรรม์,1,1 Topic
32161421,การยกเลิกกรมธรรม์,2,More than 1 topic
32161421,ความล่าช้าในการจ่ายสินไหม,2,More than 1 topic
32168365,การปฏิเสธจ่ายสินไหม,1,1 Topic
32172403,ความล่าช้าในการจ่ายสินไหม,1,1 Topic
32172413,การยกเลิกกรมธรรม์,2,More than 1 topic
32172413,การปฏิเสธจ่ายสินไหม,2,More than 1 topic
32178544,ค่าเบี้ยประกัน,1,1 Topic
32187084,การปฏิเสธจ่ายสินไหม,1,1 Topic
32188457,การปฏิเสธจ่ายสินไหม,2,More than 1 topic
32188457,ความล่าช้าในการจ่ายสินไหม,2,More than 1 topic
32199128,การปฏิเสธจ่ายสินไหม,1,1 Topic
32204574,ค่าเบี้ยประกัน,1,1 Topic
32208420,ความล่าช้าในการจ่ายสินไหม,1,1 Topic
32215851,การยกเลิกกรมธรรม์,1,1 Topic
32217111,การยกเลิกกรมธรรม์,1,1 Topic
32230649,การปฏิเสธจ่ายสินไหม,2,More than 1 topic
32230649,ความล่าช้าในการจ่ายสินไหม,2,More than 1 topic
32234539,ความล่าช้าในการจ่ายสินไหม,1,1 Topic
32235124,การยกเลิกกรมธรรม์,1,1 Topic
32240045,ค่าเบี้ยประกัน,1,1 Topic
32243785,การยกเลิกกรมธรรม์,2,More than 1 topic
32243785,การปฏิเสธจ่ายสินไหม,2,More than 1 topic
32247757,การปฏิเสธจ่ายสินไหม,2,More than 1 topic
32247757,ค่าเบี้ยประกัน,2,More than 1 topic
32252405,การยกเลิกกรมธรรม์,1,1 Topic
32253200,การยกเลิกกรมธรรม์,1,1 Topic
32254071,การยกเลิกกรมธรรม์,1,1 Topic
32265578,ความล่าช้าในการจ่ายสินไหม,1,1 Topic
32274776,การยกเลิกกรมธรรม์,1,1 Topic
32279062,ค่าเบี้ยประกัน,1,1 Topic
32279431,การปฏิเสธจ่ายสินไหม,1,1 Topic
32288524,การยกเลิกกรมธรรม์,1,1 Topic
32288771,ความล่าช้าในการจ่ายสินไหม,1,1 Topic
32292677,การยกเลิกกรมธรรม์,1,1 Topic
32294283,การปฏิเสธจ่ายสินไหม,1,1 Topic
32297815,ความล่าช้าในการจ่ายสินไหม,2,More than 1 topic
32297815,ค่าเบี้ยประกัน,2,More than 1 topic
32301158,การปฏิเสธจ่ายสินไหม,1,1 Topic
32302681,การยกเลิกกรมธรรม์,2,More than 1 topic
32302681,การปฏิเสธจ่ายสินไหม,2,More than 1 topic
32305922,ค่าเบี้ยประกัน,1,1 Topic
32309159,ค่าเบี้ยประกัน,1,1 Topic
32324741,การยกเลิกกรมธรรม์,1,1 Topic
32326319,ค่าเบี้ยประกัน,1,1 Topic
32330215,ความล่าช้าในการจ่ายสินไหม,1,1 Topic
32332553,ความล่าช้าในการจ่ายสินไหม,1,1 Topic
32347728,การยกเลิกกรมธรรม์,1,1 Topic
32355977,ค่าเบี้ยประกัน,1,1 Topic
32356210,การยกเลิกกรมธรรม์,1,1 Topic
32367298,การปฏิเสธจ่ายสินไหม,1,1 Topic
32375570,การยกเลิกกรมธรรม์,1,1 Topic
32376814,ความล่าช้าในการจ่ายสินไหม,1,1 Topic
32384486,การปฏิเสธจ่ายสินไหม,1,1 Topic
32391491,การยกเลิกกรมธรรม์,1,1 Topic
32396721,การยกเลิกกรมธรรม์,1,1 Topic
32402010,ค่าเบี้ยประกัน,1,1 Topic
32412350,การยกเลิกกรมธรรม์,1,1 Topic
32415155,การยกเลิกกรมธรรม์,1,1 Topic
32425433,ความล่าช้าในการจ่ายสินไหม,1,1 Topic
32428029,การยกเลิกกรมธรรม์,1,1 Topic
32431176,การยกเลิกกรมธรรม์,1,1 Topic
32449759,การยกเลิกกรมธรรม์,3,More than 1 topic
32449759,การปฏิเสธจ่ายสินไหม,3,More than 1 topic
32449759,ค่าเบี้ยประกัน,3,More than 1 topic
32457179,ค่าเบี้ยประกัน,1,1 Topic
32458018,การยกเลิกกรมธรรม์,1,1 Topic
32467591,การปฏิเสธจ่ายสินไหม,2,More than 1 topic
32467591,ค่าเบี้ยประกัน,2,More than 1 topic
32469286,การยกเลิกกรมธรรม์,2,More than 1 topic
32469286,การปฏิเสธจ่ายสินไหม,2,More than 1 topic
32471961,การปฏิเสธจ่ายสินไหม,1,1 Topic
32474727,ความล่าช้าในการจ่ายสินไหม,1,1 Topic
32475468,การยกเลิกกรมธรรม์,1,1 Topic
32477485,การปฏิเสธจ่ายสินไหม,2,More than 1 topic
32477485,ความล่าช้าในการจ่ายสินไหม,2,More than 1 topic
32479426,การปฏิเสธจ่ายสินไหม,2,More than 1 topic
32479426,ความล่าช้าในการจ่ายสินไหม,2,More than 1 topic
32481617,การปฏิเสธจ่ายสินไหม,1,1 Topic
32483614,การปฏิเสธจ่ายสินไหม,2,More than 1 topic
32483614,ความล่าช้าในการจ่ายสินไหม,2,More than 1 topic
32484773,การปฏิเสธจ่ายสินไหม,1,1 Topic
32485755,การปฏิเสธจ่ายสินไหม,1,1 Topic
32496777,การยกเลิกกรมธรรม์,1,1 Topic
32497280,ความล่าช้าในการจ่ายสินไหม,1,1 Topic
32505976,การยกเลิกกรมธรรม์,1,1 Topic
32512031,การยกเลิกกรมธรรม์,2,More than 1 topic
32512031,ค่าเบี้ยประกัน,2,More than 1 topic
32513139,การยกเลิกกรมธรรม์,2,More than 1 topic
32513139,การปฏิเสธจ่ายสินไหม,2,More than 1 topic
32514459,การยกเลิกกรมธรรม์,2,More than 1 topic
32514459,การปฏิเสธจ่ายสินไหม,2,More than 1 topic
32516549,การปฏิเสธจ่ายสินไหม,2,More than 1 topic
32516549,ความล่าช้าในการจ่ายสินไหม,2,More than 1 topic
32516927,การปฏิเสธจ่ายสินไหม,2,More than 1 topic
32516927,ค่าเบี้ยประกัน,2,More than 1 topic
32518070,การยกเลิกกรมธรรม์,1,1 Topic
32525248,การปฏิเสธจ่ายสินไหม,2,More than 1 topic
32525248,ความล่าช้าในการจ่ายสินไหม,2,More than 1 topic
32528502,การยกเลิกกรมธรรม์,3,More than 1 topic
32528502,การปฏิเสธจ่ายสินไหม,3,More than 1 topic
32528502,ความล่าช้าในการจ่ายสินไหม,3,More than 1 topic
32530575,ความล่าช้าในการจ่ายสินไหม,1,1 Topic
32538813,การปฏิเสธจ่ายสินไหม,1,1 Topic
32545202,ความล่าช้าในการจ่ายสินไหม,1,1 Topic
32546543,การยกเลิกกรมธรรม์,1,1 Topic
32551730,การยกเลิกกรมธรรม์,1,1 Topic
32556942,การปฏิเสธจ่ายสินไหม,1,1 Topic
32559332,ความล่าช้าในการจ่ายสินไหม,1,1 Topic
32566857,การยกเลิกกรมธรรม์,1,1 Topic
32570189,การยกเลิกกรมธรรม์,1,1 Topic
32570202,ค่าเบี้ยประกัน,1,1 Topic
32576564,การยกเลิกกรมธรรม์,1,1 Topic
32580598,การปฏิเสธจ่ายสินไหม,1,1 Topic
32584400,การปฏิเสธจ่ายสินไหม,1,1 Topic
32586333,การปฏิเสธจ่ายสินไหม,1,1 Topic
32591632,การปฏิเสธจ่ายสินไหม,1,1 Topic
32592811,ความล่าช้าในการจ่ายสินไหม,1,1 Topic
32597841,การยกเลิกกรมธรรม์,1,1 Topic
32599711,การยกเลิกกรมธรรม์,1,1 Topic
32601431,การปฏิเสธจ่ายสินไหม,1,1 Topic
32603560,การยกเลิกกรมธรรม์,1,1 Topic
32604904,การปฏิเสธจ่ายสินไหม,1,1 Topic
32610128,ความล่าช้าในการจ่ายสินไหม,1,1 Topic
32620553,การยกเลิกกรมธรรม์,1,1 Topic
32622674,ค่าเบี้ยประกัน,1,1 Topic
32627973,การยกเลิกกรมธรรม์,2,More than 1 topic
32627973,ค่าเบี้ยประกัน,2,More than 1 topic
32631165,ค่าเบี้ยประกัน,1,1 Topic
32638311,ค่าเบี้ยประกัน,1,1 Topic
32638672,การยกเลิกกรมธรรม์,1,1 Topic
32639368,ความล่าช้าในการจ่ายสินไหม,1,1 Topic
32640310,การยกเลิกกรมธรรม์,2,More than 1 topic
32640310,ค่าเบี้ยประกัน,2,More than 1 topic
32644461,ค่าเบี้ยประกัน,1,1 Topic
32646226,การยกเลิกกรมธรรม์,1,1 Topic
32652879,การปฏิเสธจ่ายสินไหม,1,1 Topic
32656630,ความล่าช้าในการจ่ายสินไหม,1,1 Topic
32659818,การยกเลิกกรมธรรม์,1,1 Topic
32665002,การปฏิเสธจ่ายสินไหม,1,1 Topic
32670580,การปฏิเสธจ่ายสินไหม,1,1 Topic
32680596,ความล่าช้าในการจ่ายสินไหม,1,1 Topic
32684069,การยกเลิกกรมธรรม์,1,1 Topic
32685023,การยกเลิกกรมธรรม์,2,More than 1 topic
32685023,การปฏิเสธจ่ายสินไหม,2,More than 1 topic
32688957,ความล่าช้าในการจ่ายสินไหม,1,1 Topic
32693547,การปฏิเสธจ่ายสินไหม,1,1 Topic
32698786,การยกเลิกกรมธรรม์,1,1 Topic
32705678,การยกเลิกกรมธรรม์,1,1 Topic
32714275,การยกเลิกกรมธรรม์,1,1 Topic
32724229,ค่าเบี้ยประกัน,1,1 Topic
32751363,การยกเลิกกรมธรรม์,2,More than 1 topic
32751363,การปฏิเสธจ่ายสินไหม,2,More than 1 topic
32754465,ค่าเบี้ยประกัน,1,1 Topic
32767965,การยกเลิกกรมธรรม์,1,1 Topic
32773369,การยกเลิกกรมธรรม์,1,1 Topic
32776788,การยกเลิกกรมธรรม์,1,1 Topic
32778339,ความล่าช้าในการจ่ายสินไหม,1,1 Topic
32780897,การยกเลิกกรมธรรม์,1,1 Topic
32788941,ค่าเบี้ยประกัน,1,1 Topic
32806330,ความล่าช้าในการจ่ายสินไหม,1,1 Topic
32812301,การยกเลิกกรมธรรม์,1,1 Topic
32821235,การปฏิเสธจ่ายสินไหม,1,1 Topic
32827491,ค่าเบี้ยประกัน,1,1 Topic
32828869,การปฏิเสธจ่ายสินไหม,1,1 Topic
32835441,การยกเลิกกรมธรรม์,1,1 Topic
32839463,การปฏิเสธจ่ายสินไหม,1,1 Topic
32839531,การยกเลิกกรมธรรม์,1,1 Topic
32843340,ความล่าช้าในการจ่ายสินไหม,1,1 Topic
32844362,การปฏิเสธจ่ายสินไหม,2,More than 1 topic
32844362,ความล่าช้าในการจ่ายสินไหม,2,More than 1 topic
32854433,การปฏิเสธจ่ายสินไหม,1,1 Topic
32854466,ค่าเบี้ยประกัน,1,1 Topic
32857819,การยกเลิกกรมธรรม์,1,1 Topic
32866637,การยกเลิกกรมธรรม์,1,1 Topic
32870745,ความล่าช้าในการจ่ายสินไหม,1,1 Topic
32872118,การปฏิเสธจ่ายสินไหม,1,1 Topic
32888852,ความล่าช้าในการจ่ายสินไหม,1,1 Topic
32892090,การยกเลิกกรมธรรม์,1,1 Topic
32900471,การยกเลิกกรมธรรม์,1,1 Topic
32905798,การยกเลิกกรมธรรม์,2,More than 1 topic
32905798,ความล่าช้าในการจ่ายสินไหม,2,More than 1 topic
32907202,การยกเลิกกรมธรรม์,1,1 Topic
32918208,การปฏิเสธจ่ายสินไหม,1,1 Topic
32926740,การยกเลิกกรมธรรม์,2,More than 1 topic
32926740,การปฏิเสธจ่ายสินไหม,2,More than 1 topic
32935825,ค่าเบี้ยประกัน,1,1 Topic
32937060,การปฏิเสธจ่ายสินไหม,1,1 Topic
32938039,การยกเลิกกรมธรรม์,2,More than 1 topic
32938039,การปฏิเสธจ่ายสินไหม,2,More than 1 topic
32941574,ความล่าช้าในการจ่ายสินไหม,1,1 Topic
32941902,การยกเลิกกรมธรรม์,2,More than 1 topic
32941902,ค่าเบี้ยประกัน,2,More than 1 topic
32945079,การปฏิเสธจ่ายสินไหม,1,1 Topic
32960048,การยกเลิกกรมธรรม์,3,More than 1 topic
32960048,การปฏิเสธจ่ายสินไหม,3,More than 1 topic
32960048,ความล่าช้าในการจ่ายสินไหม,3,More than 1 topic
32966834,การยกเลิกกรมธรรม์,1,1 Topic
32968030,การยกเลิกกรมธรรม์,1,1 Topic
32969056,การยกเลิกกรมธรรม์,1,1 Topic
32976378,การยกเลิกกรมธรรม์,1,1 Topic
32983864,การปฏิเสธจ่ายสินไหม,1,1 Topic
32998825,การปฏิเสธจ่ายสินไหม,2,More than 1 topic
32998825,ความล่าช้าในการจ่ายสินไหม,2,More than 1 topic
33000737,ค่าเบี้ยประกัน,1,1 Topic
33012182,การปฏิเสธจ่ายสินไหม,1,1 Topic
33019535,การยกเลิกกรมธรรม์,2,More than 1 topic
33019535,การปฏิเสธจ่ายสินไหม,2,More than 1 topic
33019590,การปฏิเสธจ่ายสินไหม,2,More than 1 topic
33019590,ค่าเบี้ยประกัน,2,More than 1 topic
33025549,การปฏิเสธจ่ายสินไหม,1,1 Topic
33026237,การยกเลิกกรมธรรม์,1,1 Topic
33026558,การยกเลิกกรมธรรม์,1,1 Topic
33038180,การยกเลิกกรมธรรม์,1,1 Topic
33060143,การยกเลิกกรมธรรม์,1,1 Topic
33060698,การปฏิเสธจ่ายสินไหม,1,1 Topic
33062689,การยกเลิกกรมธรรม์,1,1 Topic
33062950,การปฏิเสธจ่ายสินไหม,2,More than 1 topic
33062950,ค่าเบี้ยประกัน,2,More than 1 topic
33064534,การยกเลิกกรมธรรม์,1,1 Topic
33066984,การปฏิเสธจ่ายสินไหม,1,1 Topic
33068330,ค่าเบี้ยประกัน,1,1 Topic
33073394,การยกเลิกกรมธรรม์,1,1 Topic
33073618,ความล่าช้าในการจ่ายสินไหม,1,1 Topic
33077190,การยกเลิกกรมธรรม์,2,More than 1 topic
33077190,ความล่าช้าในการจ่ายสินไหม,2,More than 1 topic
33081755,การยกเลิกกรมธรรม์,1,1 Topic
33084181,การยกเลิกกรมธรรม์,1,1 Topic
33086671,การปฏิเสธจ่ายสินไหม,1,1 Topic
33091338,ค่าเบี้ยประกัน,1,1 Topic
33098411,การปฏิเสธจ่ายสินไหม,2,More than 1 topic
33098411,ความล่าช้าในการจ่ายสินไหม,2,More than 1 topic
33101428,การปฏิเสธจ่ายสินไหม,1,1 Topic
33102029,การปฏิเสธจ่ายสินไหม,1,1 Topic
33103879,ความล่าช้าในการจ่ายสินไหม,1,1 Topic
33104389,การปฏิเสธจ่ายสินไหม,1,1 Topic
33110499,การปฏิเสธจ่ายสินไหม,1,1 Topic
33115908,การยกเลิกกรมธรรม์,1,1 Topic
33133484,การยกเลิกกรมธรรม์,1,1 Topic
33136977,ค่าเบี้ยประกัน,1,1 Topic
33138801,ความล่าช้าในการจ่ายสินไหม,1,1 Topic
33139331,การยกเลิกกรมธรรม์,1,1 Topic
33143146,การปฏิเสธจ่ายสินไหม,1,1 Topic
33151575,ค่าเบี้ยประกัน,1,1 Topic
33152802,ความล่าช้าในการจ่ายสินไหม,1,1 Topic
33191703,ค่าเบี้ยประกัน,1,1 Topic
33193754,ค่าเบี้ยประกัน,1,1 Topic
33203190,การยกเลิกกรมธรรม์,1,1 Topic
33208467,การยกเลิกกรมธรรม์,3,More than 1 topic
33208467,การปฏิเสธจ่ายสินไหม,3,More than 1 topic
33208467,ค่าเบี้ยประกัน,3,More than 1 topic
33216124,การปฏิเสธจ่ายสินไหม,1,1 Topic
33222696,ค่าเบี้ยประกัน,1,1 Topic
33234884,การยกเลิกกรมธรรม์,1,1 Topic
33244948,การปฏิเสธจ่ายสินไหม,1,1 Topic
33246469,การยกเลิกกรมธรรม์,1,1 Topic
33247383,การปฏิเสธจ่ายสินไหม,1,1 Topic
33248396,การยกเลิกกรมธรรม์,2,More than 1 topic
33248396,การปฏิเสธจ่ายสินไหม,2,More than 1 topic
33253919,ความล่าช้าในการจ่ายสินไหม,1,1 Topic
33263241,การยกเลิกกรมธรรม์,1,1 Topic
33265218,การยกเลิกกรมธรรม์,3,More than 1 topic
33265218,การปฏิเสธจ่ายสินไหม,3,More than 1 topic
33265218,ค่าเบี้ยประกัน,3,More than 1 topic
33269967,การยกเลิกกรมธรรม์,1,1 Topic
33270230,การปฏิเสธจ่ายสินไหม,1,1 Topic
33271280,การยกเลิกกรมธรรม์,1,1 Topic
33278992,การปฏิเสธจ่ายสินไหม,2,More than 1 topic
33278992,ความล่าช้าในการจ่ายสินไหม,2,More than 1 topic
33281718,การยกเลิกกรมธรรม์,1,1 Topic
33284063,การยกเลิกกรมธรรม์,1,1 Topic
33293155,การปฏิเสธจ่ายสินไหม,1,1 Topic
33294230,การปฏิเสธจ่ายสินไหม,1,1 Topic
33309043,การยกเลิกกรมธรรม์,1,1 Topic
33309769,การยกเลิกกรมธรรม์,1,1 Topic
33311154,การปฏิเสธจ่ายสินไหม,1,1 Topic
33312329,การปฏิเสธจ่ายสินไหม,2,More than 1 topic
33312329,ความล่าช้าในการจ่ายสินไหม,2,More than 1 topic
33318004,ความล่าช้าในการจ่ายสินไหม,1,1 Topic
33321452,ความล่าช้าในการจ่ายสินไหม,2,More than 1 topic
33321452,ค่าเบี้ยประกัน,2,More than 1 topic
33321816,ความล่าช้าในการจ่ายสินไหม,1,1 Topic
33324530,ความล่าช้าในการจ่ายสินไหม,1,1 Topic
33333033,การปฏิเสธจ่ายสินไหม,1,1 Topic
33335803,การยกเลิกกรมธรรม์,1,1 Topic
33342943,การยกเลิกกรมธรรม์,1,1 Topic
33344137,การยกเลิกกรมธรรม์,2,More than 1 topic
33344137,การปฏิเสธจ่ายสินไหม,2,More than 1 topic
33349267,การยกเลิกกรมธรรม์,2,More than 1 topic
33349267,ความล่าช้าในการจ่ายสินไหม,2,More than 1 topic
33352888,การยกเลิกกรมธรรม์,1,1 Topic
33373676,การยกเลิกกรมธรรม์,1,1 Topic
33404786,ความล่าช้าในการจ่ายสินไหม,1,1 Topic
33407552,การปฏิเสธจ่ายสินไหม,2,More than 1 topic
33407552,ความล่าช้าในการจ่ายสินไหม,2,More than 1 topic
33411055,การยกเลิกกรมธรรม์,1,1 Topic
33411638,การยกเลิกกรมธรรม์,1,1 Topic
33412558,การปฏิเสธจ่ายสินไหม,1,1 Topic
33416800,การยกเลิกกรมธรรม์,1,1 Topic
33417897,ความล่าช้าในการจ่ายสินไหม,1,1 Topic
33427107,ความล่าช้าในการจ่ายสินไหม,1,1 Topic
33430265,การยกเลิกกรมธรรม์,1,1 Topic
33432037,ค่าเบี้ยประกัน,1,1 Topic
33433434,การยกเลิกกรมธรรม์,1,1 Topic
33439479,ค่าเบี้ยประกัน,1,1 Topic
33443547,การยกเลิกกรมธรรม์,1,1 Topic
33448343,ค่าเบี้ยประกัน,1,1 Topic
33476200,ประกันโควิด,3,More than 1 topic
33476200,ความล่าช้าในการจ่ายสินไหม,3,More than 1 topic
33476200,ค่าเบี้ยประกัน,3,More than 1 topic
33476520,การปฏิเสธจ่ายสินไหม,1,1 Topic
33496475,การยกเลิกกรมธรรม์,2,More than 1 topic
33496475,ค่าเบี้ยประกัน,2,More than 1 topic
33503263,การยกเลิกกรมธรรม์,1,1 Topic
33505999,การปฏิเสธจ่ายสินไหม,1,1 Topic
33513735,ค่าเบี้ยประกัน,1,1 Topic
33522798,ความล่าช้าในการจ่ายสินไหม,1,1 Topic
33524638,การปฏิเสธจ่ายสินไหม,1,1 Topic
33531572,การปฏิเสธจ่ายสินไหม,1,1 Topic
33541876,ความล่าช้าในการจ่ายสินไหม,1,1 Topic
33547271,ความล่าช้าในการจ่ายสินไหม,1,1 Topic
33551122,การยกเลิกกรมธรรม์,1,1 Topic
33564119,การปฏิเสธจ่ายสินไหม,2,More than 1 topic
33564119,ความล่าช้าในการจ่ายสินไหม,2,More than 1 topic
33574121,การยกเลิกกรมธรรม์,1,1 Topic
33590659,การยกเลิกกรมธรรม์,1,1 Topic
33592203,ความล่าช้าในการจ่ายสินไหม,1,1 Topic
33593259,การยกเลิกกรมธรรม์,2,More than 1 topic
33593259,ค่าเบี้ยประกัน,2,More than 1 topic
33601364,การปฏิเสธจ่ายสินไหม,1,1 Topic
33614564,ความล่าช้าในการจ่ายสินไหม,1,1 Topic
33620460,การยกเลิกกรมธรรม์,1,1 Topic
33628932,การยกเลิกกรมธรรม์,1,1 Topic
33631051,ความล่าช้าในการจ่ายสินไหม,2,More than 1 topic
33631051,ค่าเบี้ยประกัน,2,More than 1 topic
33637560,การปฏิเสธจ่ายสินไหม,1,1 Topic
33639031,ความล่าช้าในการจ่ายสินไหม,2,More than 1 topic
33639031,ค่าเบี้ยประกัน,2,More than 1 topic
33646399,ค่าเบี้ยประกัน,1,1 Topic
33651811,ความล่าช้าในการจ่ายสินไหม,1,1 Topic
33651986,ความล่าช้าในการจ่ายสินไหม,1,1 Topic
33670303,ความล่าช้าในการจ่ายสินไหม,1,1 Topic
33676492,การยกเลิกกรมธรรม์,1,1 Topic
33698724,การยกเลิกกรมธรรม์,1,1 Topic
33699431,การยกเลิกกรมธรรม์,1,1 Topic
33706173,การยกเลิกกรมธรรม์,1,1 Topic
33715353,การยกเลิกกรมธรรม์,3,More than 1 topic
33715353,การปฏิเสธจ่ายสินไหม,3,More than 1 topic
33715353,ค่าเบี้ยประกัน,3,More than 1 topic
33715511,การปฏิเสธจ่ายสินไหม,1,1 Topic
33722540,การยกเลิกกรมธรรม์,1,1 Topic
33723509,การยกเลิกกรมธรรม์,1,1 Topic
33732282,ค่าเบี้ยประกัน,1,1 Topic
33732764,การยกเลิกกรมธรรม์,3,More than 1 topic
33732764,การปฏิเสธจ่ายสินไหม,3,More than 1 topic
33732764,ค่าเบี้ยประกัน,3,More than 1 topic
33735951,การปฏิเสธจ่ายสินไหม,1,1 Topic
33738671,การปฏิเสธจ่ายสินไหม,2,More than 1 topic
33738671,ความล่าช้าในการจ่ายสินไหม,2,More than 1 topic
33743763,ความล่าช้าในการจ่ายสินไหม,1,1 Topic
33743787,ค่าเบี้ยประกัน,1,1 Topic
33748188,การปฏิเสธจ่ายสินไหม,1,1 Topic
33755731,การปฏิเสธจ่ายสินไหม,1,1 Topic
33760078,ความล่าช้าในการจ่ายสินไหม,1,1 Topic
33762084,การปฏิเสธจ่ายสินไหม,2,More than 1 topic
33762084,ค่าเบี้ยประกัน,2,More than 1 topic
33769704,การปฏิเสธจ่ายสินไหม,2,More than 1 topic
33769704,ความล่าช้าในการจ่ายสินไหม,2,More than 1 topic
33772113,การปฏิเสธจ่ายสินไหม,2,More than 1 topic
33772113,ความล่าช้าในการจ่ายสินไหม,2,More than 1 topic
33779974,การยกเลิกกรมธรรม์,1,1 Topic
33787889,การปฏิเสธจ่ายสินไหม,1,1 Topic
33791857,ค่าเบี้ยประกัน,1,1 Topic
33794192,ความล่าช้าในการจ่ายสินไหม,1,1 Topic
33796565,ความล่าช้าในการจ่ายสินไหม,1,1 Topic
33797499,การยกเลิกกรมธรรม์,1,1 Topic
33801595,ความล่าช้าในการจ่ายสินไหม,1,1 Topic
33812586,การปฏิเสธจ่ายสินไหม,1,1 Topic
33821811,ความล่าช้าในการจ่ายสินไหม,1,1 Topic
33825524,ค่าเบี้ยประกัน,1,1 Topic
33842382,ความล่าช้าในการจ่ายสินไหม,1,1 Topic
33845518,การยกเลิกกรมธรรม์,1,1 Topic
33847734,การปฏิเสธจ่ายสินไหม,1,1 Topic
33852022,ค่าเบี้ยประกัน,1,1 Topic
33855829,การปฏิเสธจ่ายสินไหม,1,1 Topic
33860276,ความล่าช้าในการจ่ายสินไหม,1,1 Topic
33865475,การปฏิเสธจ่ายสินไหม,1,1 Topic
33869005,การยกเลิกกรมธรรม์,1,1 Topic
33869933,การยกเลิกกรมธรรม์,1,1 Topic
33873345,ความล่าช้าในการจ่ายสินไหม,1,1 Topic
33875216,การยกเลิกกรมธรรม์,1,1 Topic
33877106,ความล่าช้าในการจ่ายสินไหม,1,1 Topic
33879442,ความล่าช้าในการจ่ายสินไหม,1,1 Topic
33884813,ความล่าช้าในการจ่ายสินไหม,1,1 Topic
33894927,ประกันโควิด,3,More than 1 topic
33894927,การปฏิเสธจ่ายสินไหม,3,More than 1 topic
33894927,ความล่าช้าในการจ่ายสินไหม,3,More than 1 topic
33896192,การยกเลิกกรมธรรม์,2,More than 1 topic
33896192,ค่าเบี้ยประกัน,2,More than 1 topic
33899733,การยกเลิกกรมธรรม์,1,1 Topic
33902756,การยกเลิกกรมธรรม์,1,1 Topic
33904575,การปฏิเสธจ่ายสินไหม,2,More than 1 topic
33904575,ความล่าช้าในการจ่ายสินไหม,2,More than 1 topic
33910910,การยกเลิกกรมธรรม์,2,More than 1 topic
33910910,ค่าเบี้ยประกัน,2,More than 1 topic
33911652,การปฏิเสธจ่ายสินไหม,1,1 Topic
33913047,ความล่าช้าในการจ่ายสินไหม,1,1 Topic
33933260,ความล่าช้าในการจ่ายสินไหม,1,1 Topic
33935650,การยกเลิกกรมธรรม์,1,1 Topic
33936548,การยกเลิกกรมธรรม์,1,1 Topic
33939731,การยกเลิกกรมธรรม์,1,1 Topic
33943890,การยกเลิกกรมธรรม์,1,1 Topic
33953324,การยกเลิกกรมธรรม์,2,More than 1 topic
33953324,การปฏิเสธจ่ายสินไหม,2,More than 1 topic
33956020,การยกเลิกกรมธรรม์,1,1 Topic
33959381,การยกเลิกกรมธรรม์,1,1 Topic
33959706,ความล่าช้าในการจ่ายสินไหม,1,1 Topic
33960236,การปฏิเสธจ่ายสินไหม,1,1 Topic
33960677,การปฏิเสธจ่ายสินไหม,1,1 Topic
33963515,การยกเลิกกรมธรรม์,1,1 Topic
33967395,การยกเลิกกรมธรรม์,1,1 Topic
33976020,การยกเลิกกรมธรรม์,1,1 Topic
33976248,การปฏิเสธจ่ายสินไหม,1,1 Topic
33982961,การปฏิเสธจ่ายสินไหม,1,1 Topic
33994582,การปฏิเสธจ่ายสินไหม,2,More than 1 topic
33994582,ค่าเบี้ยประกัน,2,More than 1 topic
34006491,การยกเลิกกรมธรรม์,1,1 Topic
34007470,การยกเลิกกรมธรรม์,1,1 Topic
34010529,การปฏิเสธจ่ายสินไหม,1,1 Topic
34014324,การยกเลิกกรมธรรม์,1,1 Topic
34018638,ความล่าช้าในการจ่ายสินไหม,1,1 Topic
34020455,การยกเลิกกรมธรรม์,1,1 Topic
34036076,การปฏิเสธจ่ายสินไหม,1,1 Topic
34041238,ความล่าช้าในการจ่ายสินไหม,1,1 Topic
34041632,การยกเลิกกรมธรรม์,1,1 Topic
34067078,การปฏิเสธจ่ายสินไหม,1,1 Topic
34082283,ความล่าช้าในการจ่ายสินไหม,1,1 Topic
34096454,ความล่าช้าในการจ่ายสินไหม,1,1 Topic
34098087,ความล่าช้าในการจ่ายสินไหม,1,1 Topic
34100001,การยกเลิกกรมธรรม์,4,More than 1 topic
34100001,ความล่าช้าในการจ่ายสินไหม,4,More than 1 topic
34100001,การปฏิเสธจ่ายสินไหม,4,More than 1 topic
34100001,ค่าเบี้ยประกัน,4,More than 1 topic
34102092,การยกเลิกกรมธรรม์,2,More than 1 topic
34102092,การปฏิเสธจ่ายสินไหม,2,More than 1 topic
34113318,การยกเลิกกรมธรรม์,1,1 Topic
34113388,ความล่าช้าในการจ่ายสินไหม,1,1 Topic
34117903,ความล่าช้าในการจ่ายสินไหม,1,1 Topic
34121608,การปฏิเสธจ่ายสินไหม,1,1 Topic
34133813,ความล่าช้าในการจ่ายสินไหม,1,1 Topic
34134387,ค่าเบี้ยประกัน,1,1 Topic
34153846,ความล่าช้าในการจ่ายสินไหม,1,1 Topic
34155064,การยกเลิกกรมธรรม์,1,1 Topic
34162093,การปฏิเสธจ่ายสินไหม,1,1 Topic
34162097,การยกเลิกกรมธรรม์,1,1 Topic
34166469,การยกเลิกกรมธรรม์,2,More than 1 topic
34166469,การปฏิเสธจ่ายสินไหม,2,More than 1 topic
34167066,การยกเลิกกรมธรรม์,1,1 Topic
34175845,ความล่าช้าในการจ่ายสินไหม,1,1 Topic
34182892,การยกเลิกกรมธรรม์,1,1 Topic
34192219,ค่าเบี้ยประกัน,1,1 Topic
34192247,การยกเลิกกรมธรรม์,1,1 Topic
34194863,การยกเลิกกรมธรรม์,1,1 Topic
34202288,การยกเลิกกรมธรรม์,2,More than 1 topic
34202288,การปฏิเสธจ่ายสินไหม,2,More than 1 topic
34204772,การปฏิเสธจ่ายสินไหม,1,1 Topic
34205819,การยกเลิกกรมธรรม์,2,More than 1 topic
34205819,ค่าเบี้ยประกัน,2,More than 1 topic
34212288,การยกเลิกกรมธรรม์,3,More than 1 topic
34212288,การปฏิเสธจ่ายสินไหม,3,More than 1 topic
34212288,ค่าเบี้ยประกัน,3,More than 1 topic
34214497,การยกเลิกกรมธรรม์,2,More than 1 topic
34214497,การปฏิเสธจ่ายสินไหม,2,More than 1 topic
34217129,การยกเลิกกรมธรรม์,2,More than 1 topic
34217129,การปฏิเสธจ่ายสินไหม,2,More than 1 topic
34225459,การปฏิเสธจ่ายสินไหม,1,1 Topic
34229935,ค่าเบี้ยประกัน,1,1 Topic
34238136,การยกเลิกกรมธรรม์,1,1 Topic
34238198,การยกเลิกกรมธรรม์,2,More than 1 topic
34238198,ความล่าช้าในการจ่ายสินไหม,2,More than 1 topic
34240242,การยกเลิกกรมธรรม์,1,1 Topic
34246563,ความล่าช้าในการจ่ายสินไหม,1,1 Topic
34246634,การยกเลิกกรมธรรม์,1,1 Topic
34267346,การยกเลิกกรมธรรม์,2,More than 1 topic
34267346,การปฏิเสธจ่ายสินไหม,2,More than 1 topic
34268327,ความล่าช้าในการจ่ายสินไหม,1,1 Topic
34272963,การยกเลิกกรมธรรม์,1,1 Topic
34273682,การยกเลิกกรมธรรม์,2,More than 1 topic
34273682,ความล่าช้าในการจ่ายสินไหม,2,More than 1 topic
34277247,การยกเลิกกรมธรรม์,1,1 Topic
34280846,ความล่าช้าในการจ่ายสินไหม,1,1 Topic
34281184,การยกเลิกกรมธรรม์,2,More than 1 topic
34281184,การปฏิเสธจ่ายสินไหม,2,More than 1 topic
34282072,การยกเลิกกรมธรรม์,1,1 Topic
34286274,การปฏิเสธจ่ายสินไหม,1,1 Topic
34288624,ค่าเบี้ยประกัน,1,1 Topic
34307244,การยกเลิกกรมธรรม์,2,More than 1 topic
34307244,การปฏิเสธจ่ายสินไหม,2,More than 1 topic
34313983,ความล่าช้าในการจ่ายสินไหม,1,1 Topic
34315197,การยกเลิกกรมธรรม์,1,1 Topic
34318400,การยกเลิกกรมธรรม์,1,1 Topic
34327419,การปฏิเสธจ่ายสินไหม,2,More than 1 topic
34327419,ความล่าช้าในการจ่ายสินไหม,2,More than 1 topic
34332826,การยกเลิกกรมธรรม์,1,1 Topic
34336249,การยกเลิกกรมธรรม์,1,1 Topic
34357375,การยกเลิกกรมธรรม์,1,1 Topic
34366062,การปฏิเสธจ่ายสินไหม,1,1 Topic
34366603,การยกเลิกกรมธรรม์,1,1 Topic
34377036,การยกเลิกกรมธรรม์,2,More than 1 topic
34377036,ความล่าช้าในการจ่ายสินไหม,2,More than 1 topic
34385155,การยกเลิกกรมธรรม์,1,1 Topic
34393127,การยกเลิกกรมธรรม์,1,1 Topic
34396483,การยกเลิกกรมธรรม์,1,1 Topic
34407451,ความล่าช้าในการจ่ายสินไหม,1,1 Topic
34442194,ค่าเบี้ยประกัน,1,1 Topic
34446380,การปฏิเสธจ่ายสินไหม,1,1 Topic
34447139,การยกเลิกกรมธรรม์,1,1 Topic
34452100,การยกเลิกกรมธรรม์,1,1 Topic
34455330,การปฏิเสธจ่ายสินไหม,1,1 Topic
34456850,การปฏิเสธจ่ายสินไหม,1,1 Topic
34459525,ความล่าช้าในการจ่ายสินไหม,1,1 Topic
34464012,การยกเลิกกรมธรรม์,2,More than 1 topic
34464012,การปฏิเสธจ่ายสินไหม,2,More than 1 topic
34468122,การยกเลิกกรมธรรม์,2,More than 1 topic
34468122,การปฏิเสธจ่ายสินไหม,2,More than 1 topic
34469810,การยกเลิกกรมธรรม์,1,1 Topic
34472068,การยกเลิกกรมธรรม์,1,1 Topic
34475817,ความล่าช้าในการจ่ายสินไหม,1,1 Topic
34476854,การปฏิเสธจ่ายสินไหม,1,1 Topic
34480401,ความล่าช้าในการจ่ายสินไหม,1,1 Topic
34482926,ค่าเบี้ยประกัน,1,1 Topic
34485269,ความล่าช้าในการจ่ายสินไหม,1,1 Topic
34492282,ค่าเบี้ยประกัน,1,1 Topic
34495100,การยกเลิกกรมธรรม์,1,1 Topic
34496240,การยกเลิกกรมธรรม์,4,More than 1 topic
34496240,ความล่าช้าในการจ่ายสินไหม,4,More than 1 topic
34496240,การปฏิเสธจ่ายสินไหม,4,More than 1 topic
34496240,ค่าเบี้ยประกัน,4,More than 1 topic
34499258,ความล่าช้าในการจ่ายสินไหม,1,1 Topic
34507073,การยกเลิกกรมธรรม์,1,1 Topic
34507975,การปฏิเสธจ่ายสินไหม,2,More than 1 topic
34507975,ความล่าช้าในการจ่ายสินไหม,2,More than 1 topic
34509135,การปฏิเสธจ่ายสินไหม,1,1 Topic
34514870,การยกเลิกกรมธรรม์,3,More than 1 topic
34514870,การปฏิเสธจ่ายสินไหม,3,More than 1 topic
34514870,ค่าเบี้ยประกัน,3,More than 1 topic
34525201,การยกเลิกกรมธรรม์,1,1 Topic
34525927,ค่าเบี้ยประกัน,1,1 Topic
34539074,การปฏิเสธจ่ายสินไหม,1,1 Topic
34544911,การปฏิเสธจ่ายสินไหม,1,1 Topic
34545673,การยกเลิกกรมธรรม์,2,More than 1 topic
34545673,ความล่าช้าในการจ่ายสินไหม,2,More than 1 topic
34547199,การปฏิเสธจ่ายสินไหม,1,1 Topic
34554075,การยกเลิกกรมธรรม์,4,More than 1 topic
34554075,ความล่าช้าในการจ่ายสินไหม,4,More than 1 topic
34554075,การปฏิเสธจ่ายสินไหม,4,More than 1 topic
34554075,ค่าเบี้ยประกัน,4,More than 1 topic
34558798,ความล่าช้าในการจ่ายสินไหม,1,1 Topic
34558920,การยกเลิกกรมธรรม์,1,1 Topic
34559477,การยกเลิกกรมธรรม์,1,1 Topic
34560766,ความล่าช้าในการจ่ายสินไหม,1,1 Topic
34566824,การยกเลิกกรมธรรม์,2,More than 1 topic
34566824,ความล่าช้าในการจ่ายสินไหม,2,More than 1 topic
34566918,การยกเลิกกรมธรรม์,1,1 Topic
34566923,การปฏิเสธจ่ายสินไหม,1,1 Topic
34567477,การปฏิเสธจ่ายสินไหม,1,1 Topic
34576940,การยกเลิกกรมธรรม์,2,More than 1 topic
34576940,ค่าเบี้ยประกัน,2,More than 1 topic
34583765,การยกเลิกกรมธรรม์,1,1 Topic
34590961,ความล่าช้าในการจ่ายสินไหม,1,1 Topic
34599098,การปฏิเสธจ่ายสินไหม,1,1 Topic
34599101,การยกเลิกกรมธรรม์,1,1 Topic
34600167,การปฏิเสธจ่ายสินไหม,1,1 Topic
34606005,ความล่าช้าในการจ่ายสินไหม,1,1 Topic
34607186,การยกเลิกกรมธรรม์,1,1 Topic
34609699,การยกเลิกกรมธรรม์,1,1 Topic
34610857,การยกเลิกกรมธรรม์,1,1 Topic
34612009,ค่าเบี้ยประกัน,1,1 Topic
34619210,ความล่าช้าในการจ่ายสินไหม,1,1 Topic
34621470,ความล่าช้าในการจ่ายสินไหม,1,1 Topic
34624471,การยกเลิกกรมธรรม์,1,1 Topic
34636870,การยกเลิกกรมธรรม์,1,1 Topic
34650475,การยกเลิกกรมธรรม์,1,1 Topic
34650978,ความล่าช้าในการจ่ายสินไหม,1,1 Topic
34656581,ค่าเบี้ยประกัน,1,1 Topic
34659184,การปฏิเสธจ่ายสินไหม,1,1 Topic
34666635,การปฏิเสธจ่ายสินไหม,1,1 Topic
34670142,การยกเลิกกรมธรรม์,1,1 Topic
34676201,การยกเลิกกรมธรรม์,1,1 Topic
34678511,การยกเลิกกรมธรรม์,2,More than 1 topic
34678511,การปฏิเสธจ่ายสินไหม,2,More than 1 topic
34685287,การยกเลิกกรมธรรม์,2,More than 1 topic
34685287,การปฏิเสธจ่ายสินไหม,2,More than 1 topic
34693531,ความล่าช้าในการจ่ายสินไหม,1,1 Topic
34696848,การปฏิเสธจ่ายสินไหม,1,1 Topic
34700093,การปฏิเสธจ่ายสินไหม,1,1 Topic
34708740,การปฏิเสธจ่ายสินไหม,1,1 Topic
34711807,การยกเลิกกรมธรรม์,1,1 Topic
34713100,ความล่าช้าในการจ่ายสินไหม,3,More than 1 topic
34713100,การปฏิเสธจ่ายสินไหม,3,More than 1 topic
34713100,ค่าเบี้ยประกัน,3,More than 1 topic
34713474,การปฏิเสธจ่ายสินไหม,1,1 Topic
34722348,ความล่าช้าในการจ่ายสินไหม,1,1 Topic
34728408,การปฏิเสธจ่ายสินไหม,1,1 Topic
34734348,การยกเลิกกรมธรรม์,1,1 Topic
34742763,การปฏิเสธจ่ายสินไหม,1,1 Topic
34751594,ความล่าช้าในการจ่ายสินไหม,1,1 Topic
34757301,การยกเลิกกรมธรรม์,1,1 Topic
34761006,ค่าเบี้ยประกัน,1,1 Topic
34789895,ค่าเบี้ยประกัน,1,1 Topic
34800246,ความล่าช้าในการจ่ายสินไหม,1,1 Topic
34811027,ความล่าช้าในการจ่ายสินไหม,1,1 Topic
34811885,การปฏิเสธจ่ายสินไหม,2,More than 1 topic
34811885,ค่าเบี้ยประกัน,2,More than 1 topic
34815940,การยกเลิกกรมธรรม์,1,1 Topic
34816981,การปฏิเสธจ่ายสินไหม,1,1 Topic
34878413,การยกเลิกกรมธรรม์,1,1 Topic
34886295,การยกเลิกกรมธรรม์,1,1 Topic
34886495,การยกเลิกกรมธรรม์,1,1 Topic
34896021,การยกเลิกกรมธรรม์,1,1 Topic
34899477,ความล่าช้าในการจ่ายสินไหม,1,1 Topic
34902690,ความล่าช้าในการจ่ายสินไหม,1,1 Topic
34903913,ความล่าช้าในการจ่ายสินไหม,1,1 Topic
34906010,ค่าเบี้ยประกัน,1,1 Topic
34910199,การยกเลิกกรมธรรม์,1,1 Topic
34910413,การปฏิเสธจ่ายสินไหม,1,1 Topic
34919048,การปฏิเสธจ่ายสินไหม,1,1 Topic
34923981,การยกเลิกกรมธรรม์,1,1 Topic
34924073,การปฏิเสธจ่ายสินไหม,2,More than 1 topic
34924073,ความล่าช้าในการจ่ายสินไหม,2,More than 1 topic
34925591,ความล่าช้าในการจ่ายสินไหม,1,1 Topic
34933419,การยกเลิกกรมธรรม์,1,1 Topic
34936889,การยกเลิกกรมธรรม์,1,1 Topic
34942934,การยกเลิกกรมธรรม์,1,1 Topic
34945840,การยกเลิกกรมธรรม์,1,1 Topic
34956775,ความล่าช้าในการจ่ายสินไหม,1,1 Topic
34959636,ค่าเบี้ยประกัน,1,1 Topic
34962915,การปฏิเสธจ่ายสินไหม,1,1 Topic
34967815,การยกเลิกกรมธรรม์,1,1 Topic
34971910,ความล่าช้าในการจ่ายสินไหม,1,1 Topic
34975765,ความล่าช้าในการจ่ายสินไหม,1,1 Topic
34979084,การปฏิเสธจ่ายสินไหม,1,1 Topic
34984334,ความล่าช้าในการจ่ายสินไหม,1,1 Topic
34987352,การยกเลิกกรมธรรม์,1,1 Topic
34988815,การยกเลิกกรมธรรม์,1,1 Topic
34999267,การยกเลิกกรมธรรม์,1,1 Topic
34999824,การยกเลิกกรมธรรม์,1,1 Topic
35004920,การปฏิเสธจ่ายสินไหม,1,1 Topic
35017103,การยกเลิกกรมธรรม์,1,1 Topic
35018430,ความล่าช้าในการจ่ายสินไหม,1,1 Topic
35024353,การยกเลิกกรมธรรม์,1,1 Topic
35027808,การยกเลิกกรมธรรม์,1,1 Topic
35033047,การยกเลิกกรมธรรม์,1,1 Topic
35035466,ค่าเบี้ยประกัน,1,1 Topic
35050689,ความล่าช้าในการจ่ายสินไหม,1,1 Topic
35063029,การปฏิเสธจ่ายสินไหม,2,More than 1 topic
35063029,ค่าเบี้ยประกัน,2,More than 1 topic
35065452,ความล่าช้าในการจ่ายสินไหม,1,1 Topic
35066064,การยกเลิกกรมธรรม์,1,1 Topic
35071226,การปฏิเสธจ่ายสินไหม,1,1 Topic
35073836,การปฏิเสธจ่ายสินไหม,1,1 Topic
35082188,การปฏิเสธจ่ายสินไหม,1,1 Topic
35082639,ความล่าช้าในการจ่ายสินไหม,1,1 Topic
35083187,การปฏิเสธจ่ายสินไหม,1,1 Topic
35086724,ความล่าช้าในการจ่ายสินไหม,1,1 Topic
35090810,การยกเลิกกรมธรรม์,1,1 Topic
35097111,การยกเลิกกรมธรรม์,1,1 Topic
35112911,การปฏิเสธจ่ายสินไหม,1,1 Topic
35113022,ค่าเบี้ยประกัน,1,1 Topic
35117788,ความล่าช้าในการจ่ายสินไหม,1,1 Topic
35122133,การปฏิเสธจ่ายสินไหม,1,1 Topic
35123017,การปฏิเสธจ่ายสินไหม,1,1 Topic
35124014,การปฏิเสธจ่ายสินไหม,1,1 Topic
35129364,การปฏิเสธจ่ายสินไหม,1,1 Topic
35136984,การยกเลิกกรมธรรม์,1,1 Topic
35137085,ความล่าช้าในการจ่ายสินไหม,1,1 Topic
35141003,การยกเลิกกรมธรรม์,2,More than 1 topic
35141003,ความล่าช้าในการจ่ายสินไหม,2,More than 1 topic
35143165,การยกเลิกกรมธรรม์,1,1 Topic
35144514,ความล่าช้าในการจ่ายสินไหม,1,1 Topic
35148219,การปฏิเสธจ่ายสินไหม,2,More than 1 topic
35148219,ความล่าช้าในการจ่ายสินไหม,2,More than 1 topic
35148554,การยกเลิกกรมธรรม์,2,More than 1 topic
35148554,ค่าเบี้ยประกัน,2,More than 1 topic
35149837,การปฏิเสธจ่ายสินไหม,1,1 Topic
35154713,การยกเลิกกรมธรรม์,1,1 Topic
35159556,การปฏิเสธจ่ายสินไหม,1,1 Topic
35161398,ค่าเบี้ยประกัน,1,1 Topic
35166160,ความล่าช้าในการจ่ายสินไหม,1,1 Topic
35174817,การยกเลิกกรมธรรม์,1,1 Topic
35184147,การปฏิเสธจ่ายสินไหม,1,1 Topic
35186199,การปฏิเสธจ่ายสินไหม,2,More than 1 topic
35186199,ความล่าช้าในการจ่ายสินไหม,2,More than 1 topic
35186940,การปฏิเสธจ่ายสินไหม,1,1 Topic
35189356,การยกเลิกกรมธรรม์,2,More than 1 topic
35189356,การปฏิเสธจ่ายสินไหม,2,More than 1 topic
35190097,การยกเลิกกรมธรรม์,1,1 Topic
35191631,ค่าเบี้ยประกัน,1,1 Topic
35199087,ค่าเบี้ยประกัน,1,1 Topic
35199252,การยกเลิกกรมธรรม์,1,1 Topic
35200963,การปฏิเสธจ่ายสินไหม,1,1 Topic
35202106,ความล่าช้าในการจ่ายสินไหม,1,1 Topic
35204718,การยกเลิกกรมธรรม์,2,More than 1 topic
35204718,ความล่าช้าในการจ่ายสินไหม,2,More than 1 topic
35217572,การปฏิเสธจ่ายสินไหม,1,1 Topic
35227915,การยกเลิกกรมธรรม์,1,1 Topic
35242480,การยกเลิกกรมธรรม์,1,1 Topic
35243817,ความล่าช้าในการจ่ายสินไหม,1,1 Topic
35248353,การยกเลิกกรมธรรม์,2,More than 1 topic
35248353,ความล่าช้าในการจ่ายสินไหม,2,More than 1 topic
35249655,การยกเลิกกรมธรรม์,1,1 Topic
35251152,การยกเลิกกรมธรรม์,1,1 Topic
35251180,การยกเลิกกรมธรรม์,1,1 Topic
35254112,การยกเลิกกรมธรรม์,1,1 Topic
35255802,การยกเลิกกรมธรรม์,1,1 Topic
35256952,การยกเลิกกรมธรรม์,1,1 Topic
35260674,การยกเลิกกรมธรรม์,1,1 Topic
35264015,ค่าเบี้ยประกัน,1,1 Topic
35269098,การยกเลิกกรมธรรม์,1,1 Topic
35270703,ความล่าช้าในการจ่ายสินไหม,1,1 Topic
35270959,การยกเลิกกรมธรรม์,1,1 Topic
35271594,การปฏิเสธจ่ายสินไหม,1,1 Topic
35273427,ความล่าช้าในการจ่ายสินไหม,1,1 Topic
35274104,การยกเลิกกรมธรรม์,1,1 Topic
35278737,การปฏิเสธจ่ายสินไหม,1,1 Topic
35280527,การยกเลิกกรมธรรม์,1,1 Topic
35281614,ค่าเบี้ยประกัน,1,1 Topic
35283423,การยกเลิกกรมธรรม์,1,1 Topic
35284859,ความล่าช้าในการจ่ายสินไหม,1,1 Topic
35292044,การปฏิเสธจ่ายสินไหม,1,1 Topic
35296867,การปฏิเสธจ่ายสินไหม,1,1 Topic
35300270,การปฏิเสธจ่ายสินไหม,1,1 Topic
35307441,การปฏิเสธจ่ายสินไหม,1,1 Topic
35310849,การปฏิเสธจ่ายสินไหม,2,More than 1 topic
35310849,ความล่าช้าในการจ่ายสินไหม,2,More than 1 topic
35311199,การยกเลิกกรมธรรม์,1,1 Topic
35317480,ความล่าช้าในการจ่ายสินไหม,1,1 Topic
35318203,การยกเลิกกรมธรรม์,1,1 Topic
35319467,ความล่าช้าในการจ่ายสินไหม,1,1 Topic
35328832,การปฏิเสธจ่ายสินไหม,1,1 Topic
35333106,ความล่าช้าในการจ่ายสินไหม,1,1 Topic
35338072,การปฏิเสธจ่ายสินไหม,1,1 Topic
35343542,การปฏิเสธจ่ายสินไหม,1,1 Topic
35345029,การปฏิเสธจ่ายสินไหม,1,1 Topic
35346651,การยกเลิกกรมธรรม์,1,1 Topic
35346948,ความล่าช้าในการจ่ายสินไหม,1,1 Topic
35348326,การยกเลิกกรมธรรม์,1,1 Topic
35348531,การยกเลิกกรมธรรม์,1,1 Topic
35363217,การยกเลิกกรมธรรม์,1,1 Topic
35368153,การยกเลิกกรมธรรม์,2,More than 1 topic
35368153,การปฏิเสธจ่ายสินไหม,2,More than 1 topic
35368434,ค่าเบี้ยประกัน,1,1 Topic
35369539,ความล่าช้าในการจ่ายสินไหม,1,1 Topic
35372502,ค่าเบี้ยประกัน,1,1 Topic
35374672,การปฏิเสธจ่ายสินไหม,1,1 Topic
35378320,การยกเลิกกรมธรรม์,1,1 Topic
35392757,การยกเลิกกรมธรรม์,1,1 Topic
35393750,การปฏิเสธจ่ายสินไหม,1,1 Topic
35401594,การปฏิเสธจ่ายสินไหม,1,1 Topic
35404384,การยกเลิกกรมธรรม์,2,More than 1 topic
35404384,การปฏิเสธจ่ายสินไหม,2,More than 1 topic
35405363,ความล่าช้าในการจ่ายสินไหม,1,1 Topic
35407704,การยกเลิกกรมธรรม์,1,1 Topic
35408278,ค่าเบี้ยประกัน,1,1 Topic
35409186,การปฏิเสธจ่ายสินไหม,1,1 Topic
35409483,การยกเลิกกรมธรรม์,2,More than 1 topic
35409483,การปฏิเสธจ่ายสินไหม,2,More than 1 topic
35410299,ค่าเบี้ยประกัน,1,1 Topic
35418730,การยกเลิกกรมธรรม์,1,1 Topic
35428658,การยกเลิกกรมธรรม์,1,1 Topic
35437441,การปฏิเสธจ่ายสินไหม,1,1 Topic
35443105,การยกเลิกกรมธรรม์,1,1 Topic
35455270,ความล่าช้าในการจ่ายสินไหม,1,1 Topic
35458629,ความล่าช้าในการจ่ายสินไหม,1,1 Topic
35461932,ความล่าช้าในการจ่ายสินไหม,1,1 Topic
35467809,การปฏิเสธจ่ายสินไหม,1,1 Topic
35471228,การยกเลิกกรมธรรม์,1,1 Topic
35473761,การยกเลิกกรมธรรม์,1,1 Topic
35476082,ความล่าช้าในการจ่ายสินไหม,1,1 Topic
35476321,การยกเลิกกรมธรรม์,2,More than 1 topic
35476321,การปฏิเสธจ่ายสินไหม,2,More than 1 topic
35479291,การปฏิเสธจ่ายสินไหม,1,1 Topic
35491321,ความล่าช้าในการจ่ายสินไหม,1,1 Topic
35496987,การยกเลิกกรมธรรม์,1,1 Topic
35504756,การปฏิเสธจ่ายสินไหม,1,1 Topic
35512062,การยกเลิกกรมธรรม์,1,1 Topic
35513106,การปฏิเสธจ่ายสินไหม,2,More than 1 topic
35513106,ความล่าช้าในการจ่ายสินไหม,2,More than 1 topic
35517065,การยกเลิกกรมธรรม์,1,1 Topic
35518627,ค่าเบี้ยประกัน,1,1 Topic
35518712,การปฏิเสธจ่ายสินไหม,1,1 Topic
35520732,การยกเลิกกรมธรรม์,1,1 Topic
35528747,การปฏิเสธจ่ายสินไหม,1,1 Topic
35528978,การยกเลิกกรมธรรม์,1,1 Topic
35539769,การปฏิเสธจ่ายสินไหม,1,1 Topic
35540355,การปฏิเสธจ่ายสินไหม,1,1 Topic
35543767,การยกเลิกกรมธรรม์,1,1 Topic
35549100,ค่าเบี้ยประกัน,1,1 Topic
35549462,ความล่าช้าในการจ่ายสินไหม,1,1 Topic
35552383,การยกเลิกกรมธรรม์,1,1 Topic
35563914,การยกเลิกกรมธรรม์,1,1 Topic
35567380,การปฏิเสธจ่ายสินไหม,1,1 Topic
35568758,การปฏิเสธจ่ายสินไหม,1,1 Topic
35574580,การยกเลิกกรมธรรม์,1,1 Topic
35578845,ความล่าช้าในการจ่ายสินไหม,1,1 Topic
35578926,การยกเลิกกรมธรรม์,2,More than 1 topic
35578926,การปฏิเสธจ่ายสินไหม,2,More than 1 topic
35583283,การยกเลิกกรมธรรม์,1,1 Topic
35589036,การยกเลิกกรมธรรม์,1,1 Topic
35589330,การยกเลิกกรมธรรม์,1,1 Topic
35601674,ความล่าช้าในการจ่ายสินไหม,1,1 Topic
35601956,การยกเลิกกรมธรรม์,1,1 Topic
35603690,การยกเลิกกรมธรรม์,1,1 Topic
35609694,ความล่าช้าในการจ่ายสินไหม,1,1 Topic
35611471,การยกเลิกกรมธรรม์,1,1 Topic
35616583,ความล่าช้าในการจ่ายสินไหม,1,1 Topic
35622467,การปฏิเสธจ่ายสินไหม,1,1 Topic
35628071,การยกเลิกกรมธรรม์,1,1 Topic
35629386,การยกเลิกกรมธรรม์,1,1 Topic
35635425,ค่าเบี้ยประกัน,1,1 Topic
35640800,การยกเลิกกรมธรรม์,1,1 Topic
35649609,การยกเลิกกรมธรรม์,1,1 Topic
35658963,ความล่าช้าในการจ่ายสินไหม,1,1 Topic
35663653,ความล่าช้าในการจ่ายสินไหม,1,1 Topic
35663684,การยกเลิกกรมธรรม์,2,More than 1 topic
35663684,การปฏิเสธจ่ายสินไหม,2,More than 1 topic
35666751,ความล่าช้าในการจ่ายสินไหม,1,1 Topic
35667409,การยกเลิกกรมธรรม์,1,1 Topic
35667994,การยกเลิกกรมธรรม์,1,1 Topic
35670495,ความล่าช้าในการจ่ายสินไหม,1,1 Topic
35673140,การยกเลิกกรมธรรม์,1,1 Topic
35675762,การยกเลิกกรมธรรม์,1,1 Topic
35678315,การยกเลิกกรมธรรม์,2,More than 1 topic
35678315,การปฏิเสธจ่ายสินไหม,2,More than 1 topic
35681040,การปฏิเสธจ่ายสินไหม,2,More than 1 topic
35681040,ค่าเบี้ยประกัน,2,More than 1 topic
35685848,การยกเลิกกรมธรรม์,1,1 Topic
35689952,การยกเลิกกรมธรรม์,1,1 Topic
35690428,การยกเลิกกรมธรรม์,1,1 Topic
35694906,การยกเลิกกรมธรรม์,1,1 Topic
35695941,ประกันโควิด,2,More than 1 topic
35695941,การยกเลิกกรมธรรม์,2,More than 1 topic
35700487,การยกเลิกกรมธรรม์,1,1 Topic
35703583,การยกเลิกกรมธรรม์,1,1 Topic
35705321,การยกเลิกกรมธรรม์,1,1 Topic
35723008,การยกเลิกกรมธรรม์,3,More than 1 topic
35723008,การปฏิเสธจ่ายสินไหม,3,More than 1 topic
35723008,ค่าเบี้ยประกัน,3,More than 1 topic
35726993,การยกเลิกกรมธรรม์,2,More than 1 topic
35726993,ความล่าช้าในการจ่ายสินไหม,2,More than 1 topic
35737942,ค่าเบี้ยประกัน,1,1 Topic
35740757,การยกเลิกกรมธรรม์,1,1 Topic
35744470,การยกเลิกกรมธรรม์,2,More than 1 topic
35744470,การปฏิเสธจ่ายสินไหม,2,More than 1 topic
35758081,ความล่าช้าในการจ่ายสินไหม,1,1 Topic
35760864,การยกเลิกกรมธรรม์,2,More than 1 topic
35760864,การปฏิเสธจ่ายสินไหม,2,More than 1 topic
35770786,การยกเลิกกรมธรรม์,2,More than 1 topic
35770786,ค่าเบี้ยประกัน,2,More than 1 topic
35772965,การปฏิเสธจ่ายสินไหม,1,1 Topic
35774759,การปฏิเสธจ่ายสินไหม,2,More than 1 topic
35774759,ความล่าช้าในการจ่ายสินไหม,2,More than 1 topic
35776543,การปฏิเสธจ่ายสินไหม,1,1 Topic
35780037,การยกเลิกกรมธรรม์,2,More than 1 topic
35780037,การปฏิเสธจ่ายสินไหม,2,More than 1 topic
35789696,การยกเลิกกรมธรรม์,1,1 Topic
35799824,ความล่าช้าในการจ่ายสินไหม,1,1 Topic
35799982,การปฏิเสธจ่ายสินไหม,1,1 Topic
35803453,ความล่าช้าในการจ่ายสินไหม,1,1 Topic
35808503,การยกเลิกกรมธรรม์,1,1 Topic
35809141,การปฏิเสธจ่ายสินไหม,1,1 Topic
35810734,การยกเลิกกรมธรรม์,1,1 Topic
35814697,การยกเลิกกรมธรรม์,2,More than 1 topic
35814697,การปฏิเสธจ่ายสินไหม,2,More than 1 topic
35823057,การยกเลิกกรมธรรม์,2,More than 1 topic
35823057,ความล่าช้าในการจ่ายสินไหม,2,More than 1 topic
35824128,การยกเลิกกรมธรรม์,1,1 Topic
35832838,ค่าเบี้ยประกัน,1,1 Topic
35836284,ความล่าช้าในการจ่ายสินไหม,1,1 Topic
35844252,การยกเลิกกรมธรรม์,2,More than 1 topic
35844252,การปฏิเสธจ่ายสินไหม,2,More than 1 topic
35844402,ค่าเบี้ยประกัน,1,1 Topic
35844484,การปฏิเสธจ่ายสินไหม,2,More than 1 topic
35844484,ค่าเบี้ยประกัน,2,More than 1 topic
35844545,การยกเลิกกรมธรรม์,2,More than 1 topic
35844545,ความล่าช้าในการจ่ายสินไหม,2,More than 1 topic
35846861,ค่าเบี้ยประกัน,1,1 Topic
35848435,การยกเลิกกรมธรรม์,1,1 Topic
35861058,การยกเลิกกรมธรรม์,1,1 Topic
35861136,การยกเลิกกรมธรรม์,2,More than 1 topic
35861136,ค่าเบี้ยประกัน,2,More than 1 topic
35861683,การยกเลิกกรมธรรม์,1,1 Topic
35866078,ค่าเบี้ยประกัน,1,1 Topic
35867039,ค่าเบี้ยประกัน,1,1 Topic
35870625,ค่าเบี้ยประกัน,1,1 Topic
35886275,การปฏิเสธจ่ายสินไหม,1,1 Topic
35886812,ความล่าช้าในการจ่ายสินไหม,1,1 Topic
35887581,การยกเลิกกรมธรรม์,1,1 Topic
35887756,การยกเลิกกรมธรรม์,1,1 Topic
35892359,ความล่าช้าในการจ่ายสินไหม,1,1 Topic
35894199,การยกเลิกกรมธรรม์,1,1 Topic
35899308,การปฏิเสธจ่ายสินไหม,2,More than 1 topic
35899308,ค่าเบี้ยประกัน,2,More than 1 topic
35907449,การยกเลิกกรมธรรม์,2,More than 1 topic
35907449,ค่าเบี้ยประกัน,2,More than 1 topic
35913899,การยกเลิกกรมธรรม์,1,1 Topic
35918500,การปฏิเสธจ่ายสินไหม,1,1 Topic
35918854,ค่าเบี้ยประกัน,1,1 Topic
35919130,การยกเลิกกรมธรรม์,2,More than 1 topic
35919130,การปฏิเสธจ่ายสินไหม,2,More than 1 topic
35920347,การปฏิเสธจ่ายสินไหม,2,More than 1 topic
35920347,ความล่าช้าในการจ่ายสินไหม,2,More than 1 topic
35928379,การยกเลิกกรมธรรม์,1,1 Topic
35930445,การปฏิเสธจ่ายสินไหม,1,1 Topic
35930468,ค่าเบี้ยประกัน,1,1 Topic
35936157,การยกเลิกกรมธรรม์,1,1 Topic
35937006,การยกเลิกกรมธรรม์,1,1 Topic
35939222,ความล่าช้าในการจ่ายสินไหม,1,1 Topic
35946606,การยกเลิกกรมธรรม์,1,1 Topic
35950765,การยกเลิกกรมธรรม์,1,1 Topic
35952262,ความล่าช้าในการจ่ายสินไหม,2,More than 1 topic
35952262,ค่าเบี้ยประกัน,2,More than 1 topic
35954423,การยกเลิกกรมธรรม์,2,More than 1 topic
35954423,ค่าเบี้ยประกัน,2,More than 1 topic
35963421,ความล่าช้าในการจ่ายสินไหม,1,1 Topic
35963832,การยกเลิกกรมธรรม์,1,1 Topic
35967031,การปฏิเสธจ่ายสินไหม,1,1 Topic
35971190,การปฏิเสธจ่ายสินไหม,1,1 Topic
35971626,การยกเลิกกรมธรรม์,1,1 Topic
35975941,การปฏิเสธจ่ายสินไหม,2,More than 1 topic
35975941,ความล่าช้าในการจ่ายสินไหม,2,More than 1 topic
35976803,การปฏิเสธจ่ายสินไหม,1,1 Topic
35982511,การยกเลิกกรมธรรม์,1,1 Topic
35984158,การยกเลิกกรมธรรม์,1,1 Topic
35985080,ความล่าช้าในการจ่ายสินไหม,1,1 Topic
35993757,การปฏิเสธจ่ายสินไหม,1,1 Topic
35997156,การปฏิเสธจ่ายสินไหม,1,1 Topic
36001082,การยกเลิกกรมธรรม์,1,1 Topic
36002318,ความล่าช้าในการจ่ายสินไหม,1,1 Topic
36008946,การปฏิเสธจ่ายสินไหม,1,1 Topic
36012541,การปฏิเสธจ่ายสินไหม,1,1 Topic
36022968,การยกเลิกกรมธรรม์,1,1 Topic
36026477,การยกเลิกกรมธรรม์,1,1 Topic
36026826,การปฏิเสธจ่ายสินไหม,1,1 Topic
36029666,การยกเลิกกรมธรรม์,1,1 Topic
36030792,ความล่าช้าในการจ่ายสินไหม,1,1 Topic
36032254,การปฏิเสธจ่ายสินไหม,1,1 Topic
36032474,การปฏิเสธจ่ายสินไหม,1,1 Topic
36033869,การปฏิเสธจ่ายสินไหม,1,1 Topic
36034529,การยกเลิกกรมธรรม์,1,1 Topic
36036797,ค่าเบี้ยประกัน,1,1 Topic
36039146,การยกเลิกกรมธรรม์,2,More than 1 topic
36039146,ความล่าช้าในการจ่ายสินไหม,2,More than 1 topic
36042169,การยกเลิกกรมธรรม์,1,1 Topic
36044909,การยกเลิกกรมธรรม์,1,1 Topic
36045758,การยกเลิกกรมธรรม์,1,1 Topic
36048156,ค่าเบี้ยประกัน,1,1 Topic
36050093,การยกเลิกกรมธรรม์,1,1 Topic
36050809,การยกเลิกกรมธรรม์,1,1 Topic
36052333,การปฏิเสธจ่ายสินไหม,1,1 Topic
36053817,การยกเลิกกรมธรรม์,2,More than 1 topic
36053817,การปฏิเสธจ่ายสินไหม,2,More than 1 topic
36055385,การยกเลิกกรมธรรม์,2,More than 1 topic
36055385,ความล่าช้าในการจ่ายสินไหม,2,More than 1 topic
36058585,การยกเลิกกรมธรรม์,2,More than 1 topic
36058585,การปฏิเสธจ่ายสินไหม,2,More than 1 topic
36075056,ค่าเบี้ยประกัน,1,1 Topic
36075811,การยกเลิกกรมธรรม์,1,1 Topic
36075812,การปฏิเสธจ่ายสินไหม,1,1 Topic
36085106,การยกเลิกกรมธรรม์,2,More than 1 topic
36085106,ความล่าช้าในการจ่ายสินไหม,2,More than 1 topic
36085743,การปฏิเสธจ่ายสินไหม,2,More than 1 topic
36085743,ความล่าช้าในการจ่ายสินไหม,2,More than 1 topic
36089308,การปฏิเสธจ่ายสินไหม,1,1 Topic
36098265,การยกเลิกกรมธรรม์,1,1 Topic
36111757,การยกเลิกกรมธรรม์,1,1 Topic
36112288,การปฏิเสธจ่ายสินไหม,2,More than 1 topic
36112288,ความล่าช้าในการจ่ายสินไหม,2,More than 1 topic
36113102,การยกเลิกกรมธรรม์,1,1 Topic
36115159,ความล่าช้าในการจ่ายสินไหม,1,1 Topic
36120202,ค่าเบี้ยประกัน,1,1 Topic
36130670,การยกเลิกกรมธรรม์,1,1 Topic
36131227,การยกเลิกกรมธรรม์,2,More than 1 topic
36131227,การปฏิเสธจ่ายสินไหม,2,More than 1 topic
36137076,การยกเลิกกรมธรรม์,1,1 Topic
36141881,การปฏิเสธจ่ายสินไหม,1,1 Topic
36144827,การยกเลิกกรมธรรม์,1,1 Topic
36146736,การปฏิเสธจ่ายสินไหม,1,1 Topic
36147208,การปฏิเสธจ่ายสินไหม,1,1 Topic
36149488,การยกเลิกกรมธรรม์,1,1 Topic
36149905,ความล่าช้าในการจ่ายสินไหม,1,1 Topic
36150400,ความล่าช้าในการจ่ายสินไหม,1,1 Topic
36158102,ความล่าช้าในการจ่ายสินไหม,1,1 Topic
36161551,การยกเลิกกรมธรรม์,2,More than 1 topic
36161551,ค่าเบี้ยประกัน,2,More than 1 topic
36163415,การยกเลิกกรมธรรม์,1,1 Topic
36164054,การยกเลิกกรมธรรม์,1,1 Topic
36164666,การยกเลิกกรมธรรม์,2,More than 1 topic
36164666,การปฏิเสธจ่ายสินไหม,2,More than 1 topic
36167068,ความล่าช้าในการจ่ายสินไหม,2,More than 1 topic
36167068,ค่าเบี้ยประกัน,2,More than 1 topic
36177640,การปฏิเสธจ่ายสินไหม,1,1 Topic
36183617,ค่าเบี้ยประกัน,1,1 Topic
36183751,การยกเลิกกรมธรรม์,2,More than 1 topic
36183751,การปฏิเสธจ่ายสินไหม,2,More than 1 topic
36193723,การยกเลิกกรมธรรม์,2,More than 1 topic
36193723,ค่าเบี้ยประกัน,2,More than 1 topic
36196771,ค่าเบี้ยประกัน,1,1 Topic
36198142,การปฏิเสธจ่ายสินไหม,1,1 Topic
36200522,การยกเลิกกรมธรรม์,1,1 Topic
36200728,การยกเลิกกรมธรรม์,1,1 Topic
36217699,ค่าเบี้ยประกัน,1,1 Topic
36225217,การยกเลิกกรมธรรม์,1,1 Topic
36226589,ความล่าช้าในการจ่ายสินไหม,1,1 Topic
36229327,การยกเลิกกรมธรรม์,2,More than 1 topic
36229327,การปฏิเสธจ่ายสินไหม,2,More than 1 topic
36232680,ค่าเบี้ยประกัน,1,1 Topic
36234151,การยกเลิกกรมธรรม์,2,More than 1 topic
36234151,ค่าเบี้ยประกัน,2,More than 1 topic
36237715,ความล่าช้าในการจ่ายสินไหม,1,1 Topic
36245480,การยกเลิกกรมธรรม์,1,1 Topic
36247387,การยกเลิกกรมธรรม์,1,1 Topic
36248534,ความล่าช้าในการจ่ายสินไหม,1,1 Topic
36252546,การยกเลิกกรมธรรม์,1,1 Topic
36254246,ความล่าช้าในการจ่ายสินไหม,1,1 Topic
36256078,การปฏิเสธจ่ายสินไหม,1,1 Topic
36256578,การปฏิเสธจ่ายสินไหม,1,1 Topic
36271351,การยกเลิกกรมธรรม์,1,1 Topic
36271784,ความล่าช้าในการจ่ายสินไหม,1,1 Topic
36279110,ความล่าช้าในการจ่ายสินไหม,1,1 Topic
36280939,การยกเลิกกรมธรรม์,1,1 Topic
36288574,การปฏิเสธจ่ายสินไหม,1,1 Topic
36292904,การยกเลิกกรมธรรม์,1,1 Topic
36293682,การยกเลิกกรมธรรม์,3,More than 1 topic
36293682,การปฏิเสธจ่ายสินไหม,3,More than 1 topic
36293682,ความล่าช้าในการจ่ายสินไหม,3,More than 1 topic
36313949,การปฏิเสธจ่ายสินไหม,1,1 Topic
36314281,การปฏิเสธจ่ายสินไหม,1,1 Topic
36320511,ความล่าช้าในการจ่ายสินไหม,1,1 Topic
36324345,ความล่าช้าในการจ่ายสินไหม,1,1 Topic
36329139,การปฏิเสธจ่ายสินไหม,1,1 Topic
36337492,การปฏิเสธจ่ายสินไหม,2,More than 1 topic
36337492,ความล่าช้าในการจ่ายสินไหม,2,More than 1 topic
36346476,ความล่าช้าในการจ่ายสินไหม,1,1 Topic
36348522,การยกเลิกกรมธรรม์,1,1 Topic
36351063,การยกเลิกกรมธรรม์,1,1 Topic
36351072,ความล่าช้าในการจ่ายสินไหม,1,1 Topic
36352588,การยกเลิกกรมธรรม์,2,More than 1 topic
36352588,การปฏิเสธจ่ายสินไหม,2,More than 1 topic
36358663,การปฏิเสธจ่ายสินไหม,1,1 Topic
36358812,การยกเลิกกรมธรรม์,1,1 Topic
36365766,ค่าเบี้ยประกัน,1,1 Topic
36369465,การยกเลิกกรมธรรม์,1,1 Topic
36372426,ความล่าช้าในการจ่ายสินไหม,1,1 Topic
36386366,ความล่าช้าในการจ่ายสินไหม,1,1 Topic
36389129,การยกเลิกกรมธรรม์,1,1 Topic
36389184,การยกเลิกกรมธรรม์,1,1 Topic
36389893,การปฏิเสธจ่ายสินไหม,1,1 Topic
36393284,การยกเลิกกรมธรรม์,2,More than 1 topic
36393284,ความล่าช้าในการจ่ายสินไหม,2,More than 1 topic
36393433,การยกเลิกกรมธรรม์,1,1 Topic
36401629,การยกเลิกกรมธรรม์,1,1 Topic
36413254,การยกเลิกกรมธรรม์,1,1 Topic
36445720,การยกเลิกกรมธรรม์,1,1 Topic
36447687,ค่าเบี้ยประกัน,1,1 Topic
36455708,ความล่าช้าในการจ่ายสินไหม,2,More than 1 topic
36455708,ค่าเบี้ยประกัน,2,More than 1 topic
36460218,การปฏิเสธจ่ายสินไหม,1,1 Topic
36460447,การปฏิเสธจ่ายสินไหม,2,More than 1 topic
36460447,ความล่าช้าในการจ่ายสินไหม,2,More than 1 topic
36463041,ความล่าช้าในการจ่ายสินไหม,1,1 Topic
36466896,การยกเลิกกรมธรรม์,1,1 Topic
36476816,การปฏิเสธจ่ายสินไหม,2,More than 1 topic
36476816,ค่าเบี้ยประกัน,2,More than 1 topic
36479477,ความล่าช้าในการจ่ายสินไหม,1,1 Topic
36481909,ค่าเบี้ยประกัน,1,1 Topic
36485996,การยกเลิกกรมธรรม์,1,1 Topic
36487853,การยกเลิกกรมธรรม์,1,1 Topic
36496198,การปฏิเสธจ่ายสินไหม,1,1 Topic
36504867,ความล่าช้าในการจ่ายสินไหม,1,1 Topic
36508298,การยกเลิกกรมธรรม์,1,1 Topic
36510613,การยกเลิกกรมธรรม์,1,1 Topic
36511205,การยกเลิกกรมธรรม์,2,More than 1 topic
36511205,การปฏิเสธจ่ายสินไหม,2,More than 1 topic
36520227,ความล่าช้าในการจ่ายสินไหม,3,More than 1 topic
36520227,การปฏิเสธจ่ายสินไหม,3,More than 1 topic
36520227,ค่าเบี้ยประกัน,3,More than 1 topic
36522329,การยกเลิกกรมธรรม์,1,1 Topic
36532686,การยกเลิกกรมธรรม์,1,1 Topic
36540202,การปฏิเสธจ่ายสินไหม,1,1 Topic
36540421,การยกเลิกกรมธรรม์,2,More than 1 topic
36540421,ค่าเบี้ยประกัน,2,More than 1 topic
36540691,การปฏิเสธจ่ายสินไหม,1,1 Topic
36541135,การยกเลิกกรมธรรม์,1,1 Topic
36541566,การยกเลิกกรมธรรม์,2,More than 1 topic
36541566,ค่าเบี้ยประกัน,2,More than 1 topic
36543284,การยกเลิกกรมธรรม์,1,1 Topic
36546977,การยกเลิกกรมธรรม์,1,1 Topic
36547446,การปฏิเสธจ่ายสินไหม,1,1 Topic
36547726,การปฏิเสธจ่ายสินไหม,1,1 Topic
36548004,การปฏิเสธจ่ายสินไหม,1,1 Topic
36548524,การยกเลิกกรมธรรม์,2,More than 1 topic
36548524,ความล่าช้าในการจ่ายสินไหม,2,More than 1 topic
36553101,การยกเลิกกรมธรรม์,2,More than 1 topic
36553101,การปฏิเสธจ่ายสินไหม,2,More than 1 topic
36554848,การยกเลิกกรมธรรม์,2,More than 1 topic
36554848,การปฏิเสธจ่ายสินไหม,2,More than 1 topic
36559994,การปฏิเสธจ่ายสินไหม,2,More than 1 topic
36559994,ความล่าช้าในการจ่ายสินไหม,2,More than 1 topic
36565723,การยกเลิกกรมธรรม์,1,1 Topic
36571400,การปฏิเสธจ่ายสินไหม,2,More than 1 topic
36571400,ความล่าช้าในการจ่ายสินไหม,2,More than 1 topic
36572211,ความล่าช้าในการจ่ายสินไหม,1,1 Topic
36575498,ค่าเบี้ยประกัน,1,1 Topic
36579390,การปฏิเสธจ่ายสินไหม,1,1 Topic
36582784,การปฏิเสธจ่ายสินไหม,2,More than 1 topic
36582784,ค่าเบี้ยประกัน,2,More than 1 topic
36582833,การยกเลิกกรมธรรม์,1,1 Topic
36583498,การยกเลิกกรมธรรม์,1,1 Topic
36585102,การยกเลิกกรมธรรม์,1,1 Topic
36586818,การปฏิเสธจ่ายสินไหม,2,More than 1 topic
36586818,ความล่าช้าในการจ่ายสินไหม,2,More than 1 topic
36588220,การปฏิเสธจ่ายสินไหม,1,1 Topic
36588906,การปฏิเสธจ่ายสินไหม,2,More than 1 topic
36588906,ความล่าช้าในการจ่ายสินไหม,2,More than 1 topic
36593124,การยกเลิกกรมธรรม์,2,More than 1 topic
36593124,การปฏิเสธจ่ายสินไหม,2,More than 1 topic
36594689,การยกเลิกกรมธรรม์,1,1 Topic
36602402,การยกเลิกกรมธรรม์,1,1 Topic
36609328,การยกเลิกกรมธรรม์,3,More than 1 topic
36609328,การปฏิเสธจ่ายสินไหม,3,More than 1 topic
36609328,ความล่าช้าในการจ่ายสินไหม,3,More than 1 topic
36610954,การยกเลิกกรมธรรม์,1,1 Topic
36615793,ความล่าช้าในการจ่ายสินไหม,1,1 Topic
36616537,การยกเลิกกรมธรรม์,1,1 Topic
36627447,การปฏิเสธจ่ายสินไหม,1,1 Topic
36632085,การยกเลิกกรมธรรม์,4,More than 1 topic
36632085,ความล่าช้าในการจ่ายสินไหม,4,More than 1 topic
36632085,การปฏิเสธจ่ายสินไหม,4,More than 1 topic
36632085,ค่าเบี้ยประกัน,4,More than 1 topic
36634418,การปฏิเสธจ่ายสินไหม,1,1 Topic
36635702,ความล่าช้าในการจ่ายสินไหม,1,1 Topic
36636644,ความล่าช้าในการจ่ายสินไหม,1,1 Topic
36638012,การยกเลิกกรมธรรม์,1,1 Topic
36639563,การยกเลิกกรมธรรม์,2,More than 1 topic
36639563,ความล่าช้าในการจ่ายสินไหม,2,More than 1 topic
36641471,การยกเลิกกรมธรรม์,1,1 Topic
36642938,การปฏิเสธจ่ายสินไหม,1,1 Topic
36644689,ความล่าช้าในการจ่ายสินไหม,3,More than 1 topic
36644689,การปฏิเสธจ่ายสินไหม,3,More than 1 topic
36644689,ค่าเบี้ยประกัน,3,More than 1 topic
36656808,การยกเลิกกรมธรรม์,1,1 Topic
36656861,การยกเลิกกรมธรรม์,1,1 Topic
36661401,การปฏิเสธจ่ายสินไหม,1,1 Topic
36663241,การปฏิเสธจ่ายสินไหม,2,More than 1 topic
36663241,ความล่าช้าในการจ่ายสินไหม,2,More than 1 topic
36670691,การยกเลิกกรมธรรม์,1,1 Topic
36674323,การยกเลิกกรมธรรม์,1,1 Topic
36675031,ความล่าช้าในการจ่ายสินไหม,2,More than 1 topic
36675031,ค่าเบี้ยประกัน,2,More than 1 topic
36677594,การยกเลิกกรมธรรม์,1,1 Topic
36679941,การยกเลิกกรมธรรม์,1,1 Topic
36689418,การยกเลิกกรมธรรม์,1,1 Topic
36691193,การยกเลิกกรมธรรม์,4,More than 1 topic
36691193,ความล่าช้าในการจ่ายสินไหม,4,More than 1 topic
36691193,การปฏิเสธจ่ายสินไหม,4,More than 1 topic
36691193,ค่าเบี้ยประกัน,4,More than 1 topic
36704803,การปฏิเสธจ่ายสินไหม,1,1 Topic
36704928,การยกเลิกกรมธรรม์,2,More than 1 topic
36704928,การปฏิเสธจ่ายสินไหม,2,More than 1 topic
36706598,การยกเลิกกรมธรรม์,1,1 Topic
36707687,การยกเลิกกรมธรรม์,1,1 Topic
36709047,การปฏิเสธจ่ายสินไหม,1,1 Topic
36717813,การยกเลิกกรมธรรม์,1,1 Topic
36718877,ค่าเบี้ยประกัน,1,1 Topic
36719083,ค่าเบี้ยประกัน,1,1 Topic
36720228,การปฏิเสธจ่ายสินไหม,1,1 Topic
36723394,การปฏิเสธจ่ายสินไหม,1,1 Topic
36723409,การยกเลิกกรมธรรม์,1,1 Topic
36726782,ความล่าช้าในการจ่ายสินไหม,1,1 Topic
36726822,การปฏิเสธจ่ายสินไหม,1,1 Topic
36726954,การยกเลิกกรมธรรม์,2,More than 1 topic
36726954,ความล่าช้าในการจ่ายสินไหม,2,More than 1 topic
36727280,การยกเลิกกรมธรรม์,1,1 Topic
36730902,การปฏิเสธจ่ายสินไหม,1,1 Topic
36733603,การปฏิเสธจ่ายสินไหม,1,1 Topic
36737661,ความล่าช้าในการจ่ายสินไหม,1,1 Topic
36737720,การยกเลิกกรมธรรม์,1,1 Topic
36738002,การยกเลิกกรมธรรม์,2,More than 1 topic
36738002,ความล่าช้าในการจ่ายสินไหม,2,More than 1 topic
36738401,ค่าเบี้ยประกัน,1,1 Topic
36739052,การยกเลิกกรมธรรม์,2,More than 1 topic
36739052,การปฏิเสธจ่ายสินไหม,2,More than 1 topic
36739514,การยกเลิกกรมธรรม์,1,1 Topic
36744086,การปฏิเสธจ่ายสินไหม,2,More than 1 topic
36744086,ความล่าช้าในการจ่ายสินไหม,2,More than 1 topic
36744337,การยกเลิกกรมธรรม์,1,1 Topic
36750219,การยกเลิกกรมธรรม์,1,1 Topic
36756245,การยกเลิกกรมธรรม์,4,More than 1 topic
36756245,ความล่าช้าในการจ่ายสินไหม,4,More than 1 topic
36756245,การปฏิเสธจ่ายสินไหม,4,More than 1 topic
36756245,ค่าเบี้ยประกัน,4,More than 1 topic
36762657,การปฏิเสธจ่ายสินไหม,1,1 Topic
36762880,การปฏิเสธจ่ายสินไหม,1,1 Topic
36764428,การยกเลิกกรมธรรม์,1,1 Topic
36770280,การยกเลิกกรมธรรม์,1,1 Topic
36773741,การยกเลิกกรมธรรม์,1,1 Topic
36776124,การยกเลิกกรมธรรม์,1,1 Topic
36781404,การยกเลิกกรมธรรม์,2,More than 1 topic
36781404,การปฏิเสธจ่ายสินไหม,2,More than 1 topic
36788459,การยกเลิกกรมธรรม์,2,More than 1 topic
36788459,ค่าเบี้ยประกัน,2,More than 1 topic
36790625,ความล่าช้าในการจ่ายสินไหม,1,1 Topic
36791928,ค่าเบี้ยประกัน,1,1 Topic
36793737,การปฏิเสธจ่ายสินไหม,1,1 Topic
36796515,ความล่าช้าในการจ่ายสินไหม,1,1 Topic
36797206,การยกเลิกกรมธรรม์,1,1 Topic
36797893,การยกเลิกกรมธรรม์,1,1 Topic
36798853,การปฏิเสธจ่ายสินไหม,1,1 Topic
36800410,การปฏิเสธจ่ายสินไหม,1,1 Topic
36801558,ความล่าช้าในการจ่ายสินไหม,1,1 Topic
36801848,ความล่าช้าในการจ่ายสินไหม,1,1 Topic
36801871,การยกเลิกกรมธรรม์,1,1 Topic
36811932,การยกเลิกกรมธรรม์,1,1 Topic
36814812,ค่าเบี้ยประกัน,1,1 Topic
36817977,ความล่าช้าในการจ่ายสินไหม,1,1 Topic
36823806,การปฏิเสธจ่ายสินไหม,1,1 Topic
36829282,การปฏิเสธจ่ายสินไหม,2,More than 1 topic
36829282,ค่าเบี้ยประกัน,2,More than 1 topic
36829848,การปฏิเสธจ่ายสินไหม,1,1 Topic
36841547,ค่าเบี้ยประกัน,1,1 Topic
36845847,การปฏิเสธจ่ายสินไหม,2,More than 1 topic
36845847,ความล่าช้าในการจ่ายสินไหม,2,More than 1 topic
36846418,การยกเลิกกรมธรรม์,2,More than 1 topic
36846418,การปฏิเสธจ่ายสินไหม,2,More than 1 topic
36850037,การยกเลิกกรมธรรม์,1,1 Topic
36865090,การยกเลิกกรมธรรม์,1,1 Topic
36868446,การยกเลิกกรมธรรม์,1,1 Topic
36869206,การยกเลิกกรมธรรม์,1,1 Topic
36873885,ความล่าช้าในการจ่ายสินไหม,1,1 Topic
36882971,การปฏิเสธจ่ายสินไหม,2,More than 1 topic
36882971,ความล่าช้าในการจ่ายสินไหม,2,More than 1 topic
36887000,การปฏิเสธจ่ายสินไหม,2,More than 1 topic
36887000,ความล่าช้าในการจ่ายสินไหม,2,More than 1 topic
36891147,การยกเลิกกรมธรรม์,2,More than 1 topic
36891147,ค่าเบี้ยประกัน,2,More than 1 topic
36893141,การปฏิเสธจ่ายสินไหม,1,1 Topic
36894575,การยกเลิกกรมธรรม์,1,1 Topic
36897949,ความล่าช้าในการจ่ายสินไหม,1,1 Topic
36899908,ค่าเบี้ยประกัน,1,1 Topic
36901888,การยกเลิกกรมธรรม์,2,More than 1 topic
36901888,การปฏิเสธจ่ายสินไหม,2,More than 1 topic
36902112,ค่าเบี้ยประกัน,1,1 Topic
36904903,ความล่าช้าในการจ่ายสินไหม,1,1 Topic
36906900,การยกเลิกกรมธรรม์,1,1 Topic
36912160,ความล่าช้าในการจ่ายสินไหม,1,1 Topic
36916589,การปฏิเสธจ่ายสินไหม,1,1 Topic
36923935,ความล่าช้าในการจ่ายสินไหม,1,1 Topic
36929751,การยกเลิกกรมธรรม์,1,1 Topic
36934167,ความล่าช้าในการจ่ายสินไหม,1,1 Topic
36936821,การยกเลิกกรมธรรม์,1,1 Topic
36937572,การยกเลิกกรมธรรม์,2,More than 1 topic
36937572,การปฏิเสธจ่ายสินไหม,2,More than 1 topic
36939151,ค่าเบี้ยประกัน,1,1 Topic
36940565,การยกเลิกกรมธรรม์,1,1 Topic
36947466,ความล่าช้าในการจ่ายสินไหม,1,1 Topic
36950833,การยกเลิกกรมธรรม์,2,More than 1 topic
36950833,การปฏิเสธจ่ายสินไหม,2,More than 1 topic
36952453,ความล่าช้าในการจ่ายสินไหม,1,1 Topic
36958229,การยกเลิกกรมธรรม์,2,More than 1 topic
36958229,การปฏิเสธจ่ายสินไหม,2,More than 1 topic
36959053,การยกเลิกกรมธรรม์,3,More than 1 topic
36959053,การปฏิเสธจ่ายสินไหม,3,More than 1 topic
36959053,ความล่าช้าในการจ่ายสินไหม,3,More than 1 topic
36959354,ความล่าช้าในการจ่ายสินไหม,1,1 Topic
36959365,การยกเลิกกรมธรรม์,1,1 Topic
36960532,การยกเลิกกรมธรรม์,1,1 Topic
36962200,การปฏิเสธจ่ายสินไหม,1,1 Topic
36965746,การยกเลิกกรมธรรม์,2,More than 1 topic
36965746,การปฏิเสธจ่ายสินไหม,2,More than 1 topic
36968387,ค่าเบี้ยประกัน,1,1 Topic
36981093,การยกเลิกกรมธรรม์,1,1 Topic
36981334,การยกเลิกกรมธรรม์,2,More than 1 topic
36981334,ความล่าช้าในการจ่ายสินไหม,2,More than 1 topic
36987288,ค่าเบี้ยประกัน,1,1 Topic
36997821,ค่าเบี้ยประกัน,1,1 Topic
37030252,การยกเลิกกรมธรรม์,1,1 Topic
37036626,การปฏิเสธจ่ายสินไหม,1,1 Topic
37039885,การยกเลิกกรมธรรม์,1,1 Topic
37040221,การยกเลิกกรมธรรม์,3,More than 1 topic
37040221,ความล่าช้าในการจ่ายสินไหม,3,More than 1 topic
37040221,ค่าเบี้ยประกัน,3,More than 1 topic
37046913,การยกเลิกกรมธรรม์,1,1 Topic
37050171,การยกเลิกกรมธรรม์,1,1 Topic
37051289,การยกเลิกกรมธรรม์,2,More than 1 topic
37051289,ค่าเบี้ยประกัน,2,More than 1 topic
37051340,การยกเลิกกรมธรรม์,2,More than 1 topic
37051340,การปฏิเสธจ่ายสินไหม,2,More than 1 topic
37054197,การยกเลิกกรมธรรม์,1,1 Topic
37058621,การยกเลิกกรมธรรม์,1,1 Topic
37063081,การยกเลิกกรมธรรม์,1,1 Topic
37067448,การปฏิเสธจ่ายสินไหม,1,1 Topic
37083823,การยกเลิกกรมธรรม์,2,More than 1 topic
37083823,การปฏิเสธจ่ายสินไหม,2,More than 1 topic
37084704,การยกเลิกกรมธรรม์,1,1 Topic
37086935,การยกเลิกกรมธรรม์,1,1 Topic
37095944,ค่าเบี้ยประกัน,1,1 Topic
37096331,ค่าเบี้ยประกัน,1,1 Topic
37100357,การยกเลิกกรมธรรม์,1,1 Topic
37102342,การปฏิเสธจ่ายสินไหม,1,1 Topic
37107464,การปฏิเสธจ่ายสินไหม,1,1 Topic
37107674,การยกเลิกกรมธรรม์,1,1 Topic
37109800,การปฏิเสธจ่ายสินไหม,1,1 Topic
37121925,การยกเลิกกรมธรรม์,1,1 Topic
37124072,การยกเลิกกรมธรรม์,1,1 Topic
37126369,การยกเลิกกรมธรรม์,1,1 Topic
37127932,การยกเลิกกรมธรรม์,3,More than 1 topic
37127932,การปฏิเสธจ่ายสินไหม,3,More than 1 topic
37127932,ความล่าช้าในการจ่ายสินไหม,3,More than 1 topic
37129650,การยกเลิกกรมธรรม์,1,1 Topic
37130333,การยกเลิกกรมธรรม์,1,1 Topic
37135827,ค่าเบี้ยประกัน,1,1 Topic
37137179,การยกเลิกกรมธรรม์,1,1 Topic
37139129,การยกเลิกกรมธรรม์,1,1 Topic
37140099,การปฏิเสธจ่ายสินไหม,1,1 Topic
37141269,การปฏิเสธจ่ายสินไหม,2,More than 1 topic
37141269,ความล่าช้าในการจ่ายสินไหม,2,More than 1 topic
37166302,การยกเลิกกรมธรรม์,1,1 Topic
37167879,ความล่าช้าในการจ่ายสินไหม,1,1 Topic
37170404,การยกเลิกกรมธรรม์,1,1 Topic
37171242,การยกเลิกกรมธรรม์,1,1 Topic
37172960,การยกเลิกกรมธรรม์,1,1 Topic
37179178,ค่าเบี้ยประกัน,1,1 Topic
37179180,การยกเลิกกรมธรรม์,2,More than 1 topic
37179180,ความล่าช้าในการจ่ายสินไหม,2,More than 1 topic
37179232,การยกเลิกกรมธรรม์,2,More than 1 topic
37179232,การปฏิเสธจ่ายสินไหม,2,More than 1 topic
37182113,ค่าเบี้ยประกัน,1,1 Topic
37182135,การยกเลิกกรมธรรม์,1,1 Topic
37183018,การยกเลิกกรมธรรม์,1,1 Topic
37189243,การยกเลิกกรมธรรม์,1,1 Topic
37191435,การยกเลิกกรมธรรม์,1,1 Topic
37195657,ความล่าช้าในการจ่ายสินไหม,1,1 Topic
37209142,ความล่าช้าในการจ่ายสินไหม,1,1 Topic
37210898,การยกเลิกกรมธรรม์,1,1 Topic
37217301,การปฏิเสธจ่ายสินไหม,1,1 Topic
37217881,การยกเลิกกรมธรรม์,1,1 Topic
37224312,การยกเลิกกรมธรรม์,1,1 Topic
37224517,การยกเลิกกรมธรรม์,2,More than 1 topic
37224517,การปฏิเสธจ่ายสินไหม,2,More than 1 topic
37226547,การยกเลิกกรมธรรม์,1,1 Topic
37227155,ความล่าช้าในการจ่ายสินไหม,1,1 Topic
37230010,การปฏิเสธจ่ายสินไหม,2,More than 1 topic
37230010,ความล่าช้าในการจ่ายสินไหม,2,More than 1 topic
37233060,การยกเลิกกรมธรรม์,1,1 Topic
37243906,ความล่าช้าในการจ่ายสินไหม,1,1 Topic
37258133,การปฏิเสธจ่ายสินไหม,1,1 Topic
37258673,การยกเลิกกรมธรรม์,1,1 Topic
37261661,การยกเลิกกรมธรรม์,1,1 Topic
37261699,การปฏิเสธจ่ายสินไหม,2,More than 1 topic
37261699,ความล่าช้าในการจ่ายสินไหม,2,More than 1 topic
37272597,ค่าเบี้ยประกัน,1,1 Topic
37273555,ค่าเบี้ยประกัน,1,1 Topic
37274781,การปฏิเสธจ่ายสินไหม,1,1 Topic
37277535,การยกเลิกกรมธรรม์,2,More than 1 topic
37277535,การปฏิเสธจ่ายสินไหม,2,More than 1 topic
37281020,การปฏิเสธจ่ายสินไหม,1,1 Topic
37286245,การยกเลิกกรมธรรม์,1,1 Topic
37290863,การปฏิเสธจ่ายสินไหม,1,1 Topic
37291037,ความล่าช้าในการจ่ายสินไหม,1,1 Topic
37291738,การยกเลิกกรมธรรม์,1,1 Topic
37301756,ค่าเบี้ยประกัน,1,1 Topic
37333050,การยกเลิกกรมธรรม์,2,More than 1 topic
37333050,การปฏิเสธจ่ายสินไหม,2,More than 1 topic
37354554,การปฏิเสธจ่ายสินไหม,2,More than 1 topic
37354554,ความล่าช้าในการจ่ายสินไหม,2,More than 1 topic
37356453,การยกเลิกกรมธรรม์,1,1 Topic
37362685,ความล่าช้าในการจ่ายสินไหม,2,More than 1 topic
37362685,ค่าเบี้ยประกัน,2,More than 1 topic
37362849,การปฏิเสธจ่ายสินไหม,2,More than 1 topic
37362849,ความล่าช้าในการจ่ายสินไหม,2,More than 1 topic
37363968,การปฏิเสธจ่ายสินไหม,2,More than 1 topic
37363968,ความล่าช้าในการจ่ายสินไหม,2,More than 1 topic
37379207,การปฏิเสธจ่ายสินไหม,1,1 Topic
37384808,การยกเลิกกรมธรรม์,1,1 Topic
37389359,ความล่าช้าในการจ่ายสินไหม,1,1 Topic
37396068,ความล่าช้าในการจ่ายสินไหม,1,1 Topic
37396672,ความล่าช้าในการจ่ายสินไหม,1,1 Topic
37412581,การปฏิเสธจ่ายสินไหม,1,1 Topic
37414350,การปฏิเสธจ่ายสินไหม,1,1 Topic
37416951,ความล่าช้าในการจ่ายสินไหม,1,1 Topic
37417864,การยกเลิกกรมธรรม์,2,More than 1 topic
37417864,ความล่าช้าในการจ่ายสินไหม,2,More than 1 topic
37420829,การยกเลิกกรมธรรม์,4,More than 1 topic
37420829,ความล่าช้าในการจ่ายสินไหม,4,More than 1 topic
37420829,การปฏิเสธจ่ายสินไหม,4,More than 1 topic
37420829,ค่าเบี้ยประกัน,4,More than 1 topic
37423701,การยกเลิกกรมธรรม์,2,More than 1 topic
37423701,การปฏิเสธจ่ายสินไหม,2,More than 1 topic
37425348,การยกเลิกกรมธรรม์,3,More than 1 topic
37425348,การปฏิเสธจ่ายสินไหม,3,More than 1 topic
37425348,ค่าเบี้ยประกัน,3,More than 1 topic
37426750,ค่าเบี้ยประกัน,1,1 Topic
37433436,ความล่าช้าในการจ่ายสินไหม,1,1 Topic
37442705,ความล่าช้าในการจ่ายสินไหม,1,1 Topic
37447185,การปฏิเสธจ่ายสินไหม,1,1 Topic
37450690,การยกเลิกกรมธรรม์,1,1 Topic
37452114,การปฏิเสธจ่ายสินไหม,1,1 Topic
37456287,ความล่าช้าในการจ่ายสินไหม,1,1 Topic
37456783,การยกเลิกกรมธรรม์,1,1 Topic
37461614,การยกเลิกกรมธรรม์,2,More than 1 topic
37461614,ความล่าช้าในการจ่ายสินไหม,2,More than 1 topic
37462724,การยกเลิกกรมธรรม์,1,1 Topic
37462779,ความล่าช้าในการจ่ายสินไหม,1,1 Topic
37466890,การปฏิเสธจ่ายสินไหม,2,More than 1 topic
37466890,ค่าเบี้ยประกัน,2,More than 1 topic
37470065,การยกเลิกกรมธรรม์,1,1 Topic
37470603,การยกเลิกกรมธรรม์,1,1 Topic
37483693,การยกเลิกกรมธรรม์,1,1 Topic
37491602,การยกเลิกกรมธรรม์,1,1 Topic
37499101,การปฏิเสธจ่ายสินไหม,1,1 Topic
37501498,ความล่าช้าในการจ่ายสินไหม,1,1 Topic
37507957,การยกเลิกกรมธรรม์,2,More than 1 topic
37507957,ค่าเบี้ยประกัน,2,More than 1 topic
37518126,การยกเลิกกรมธรรม์,1,1 Topic
37524225,การปฏิเสธจ่ายสินไหม,1,1 Topic
37530134,การยกเลิกกรมธรรม์,1,1 Topic
37532644,ความล่าช้าในการจ่ายสินไหม,1,1 Topic
37533511,การปฏิเสธจ่ายสินไหม,1,1 Topic
37533616,การปฏิเสธจ่ายสินไหม,2,More than 1 topic
37533616,ค่าเบี้ยประกัน,2,More than 1 topic
37534792,การยกเลิกกรมธรรม์,1,1 Topic
37536046,การปฏิเสธจ่ายสินไหม,1,1 Topic
37537506,ค่าเบี้ยประกัน,1,1 Topic
37548212,การยกเลิกกรมธรรม์,1,1 Topic
37553637,การยกเลิกกรมธรรม์,1,1 Topic
37557104,ค่าเบี้ยประกัน,1,1 Topic
37566531,การยกเลิกกรมธรรม์,1,1 Topic
37570703,การปฏิเสธจ่ายสินไหม,1,1 Topic
37571797,การปฏิเสธจ่ายสินไหม,2,More than 1 topic
37571797,ความล่าช้าในการจ่ายสินไหม,2,More than 1 topic
37575365,การยกเลิกกรมธรรม์,2,More than 1 topic
37575365,การปฏิเสธจ่ายสินไหม,2,More than 1 topic
37576470,การยกเลิกกรมธรรม์,1,1 Topic
37576628,การปฏิเสธจ่ายสินไหม,1,1 Topic
37577788,การยกเลิกกรมธรรม์,1,1 Topic
37579900,การยกเลิกกรมธรรม์,1,1 Topic
37584308,การปฏิเสธจ่ายสินไหม,1,1 Topic
37584372,การปฏิเสธจ่ายสินไหม,2,More than 1 topic
37584372,ความล่าช้าในการจ่ายสินไหม,2,More than 1 topic
37585239,การยกเลิกกรมธรรม์,1,1 Topic
37585472,การยกเลิกกรมธรรม์,2,More than 1 topic
37585472,การปฏิเสธจ่ายสินไหม,2,More than 1 topic
37595837,การยกเลิกกรมธรรม์,1,1 Topic
37605267,ความล่าช้าในการจ่ายสินไหม,1,1 Topic
37610888,การปฏิเสธจ่ายสินไหม,1,1 Topic
37613721,การยกเลิกกรมธรรม์,1,1 Topic
37629076,การยกเลิกกรมธรรม์,1,1 Topic
37629478,การยกเลิกกรมธรรม์,1,1 Topic
37637839,การยกเลิกกรมธรรม์,3,More than 1 topic
37637839,การปฏิเสธจ่ายสินไหม,3,More than 1 topic
37637839,ความล่าช้าในการจ่ายสินไหม,3,More than 1 topic
37640420,การยกเลิกกรมธรรม์,1,1 Topic
37642128,การยกเลิกกรมธรรม์,2,More than 1 topic
37642128,ค่าเบี้ยประกัน,2,More than 1 topic
37643195,การยกเลิกกรมธรรม์,1,1 Topic
37644134,การปฏิเสธจ่ายสินไหม,1,1 Topic
37649224,การปฏิเสธจ่ายสินไหม,2,More than 1 topic
37649224,ค่าเบี้ยประกัน,2,More than 1 topic
37649649,ความล่าช้าในการจ่ายสินไหม,1,1 Topic
37650341,ค่าเบี้ยประกัน,1,1 Topic
37653170,การยกเลิกกรมธรรม์,1,1 Topic
37654159,การยกเลิกกรมธรรม์,1,1 Topic
37662821,ความล่าช้าในการจ่ายสินไหม,1,1 Topic
37665591,การยกเลิกกรมธรรม์,1,1 Topic
37669194,การยกเลิกกรมธรรม์,1,1 Topic
37672150,ความล่าช้าในการจ่ายสินไหม,1,1 Topic
37672391,ความล่าช้าในการจ่ายสินไหม,1,1 Topic
37677325,การยกเลิกกรมธรรม์,1,1 Topic
37680246,ความล่าช้าในการจ่ายสินไหม,2,More than 1 topic
37680246,ค่าเบี้ยประกัน,2,More than 1 topic
37686059,การยกเลิกกรมธรรม์,2,More than 1 topic
37686059,การปฏิเสธจ่ายสินไหม,2,More than 1 topic
37690307,การปฏิเสธจ่ายสินไหม,1,1 Topic
37706395,การยกเลิกกรมธรรม์,1,1 Topic
37706596,ค่าเบี้ยประกัน,1,1 Topic
37706891,การปฏิเสธจ่ายสินไหม,1,1 Topic
37713021,การยกเลิกกรมธรรม์,1,1 Topic
37713443,ความล่าช้าในการจ่ายสินไหม,1,1 Topic
37722764,การยกเลิกกรมธรรม์,1,1 Topic
37727976,ค่าเบี้ยประกัน,1,1 Topic
37728443,การยกเลิกกรมธรรม์,3,More than 1 topic
37728443,การปฏิเสธจ่ายสินไหม,3,More than 1 topic
37728443,ความล่าช้าในการจ่ายสินไหม,3,More than 1 topic
37729484,ความล่าช้าในการจ่ายสินไหม,1,1 Topic
37735513,การปฏิเสธจ่ายสินไหม,1,1 Topic
37738177,การปฏิเสธจ่ายสินไหม,1,1 Topic
37741760,การยกเลิกกรมธรรม์,2,More than 1 topic
37741760,การปฏิเสธจ่ายสินไหม,2,More than 1 topic
37742234,การยกเลิกกรมธรรม์,1,1 Topic
37743887,ความล่าช้าในการจ่ายสินไหม,1,1 Topic
37744945,การปฏิเสธจ่ายสินไหม,1,1 Topic
37752328,การปฏิเสธจ่ายสินไหม,2,More than 1 topic
37752328,ความล่าช้าในการจ่ายสินไหม,2,More than 1 topic
37753214,การยกเลิกกรมธรรม์,1,1 Topic
37759534,ความล่าช้าในการจ่ายสินไหม,1,1 Topic
37762625,ค่าเบี้ยประกัน,1,1 Topic
37764473,การยกเลิกกรมธรรม์,1,1 Topic
37767757,ความล่าช้าในการจ่ายสินไหม,1,1 Topic
37770555,การยกเลิกกรมธรรม์,1,1 Topic
37772051,การยกเลิกกรมธรรม์,1,1 Topic
37773718,การยกเลิกกรมธรรม์,1,1 Topic
37773857,การปฏิเสธจ่ายสินไหม,1,1 Topic
37780298,ค่าเบี้ยประกัน,1,1 Topic
37780636,การปฏิเสธจ่ายสินไหม,1,1 Topic
37782556,ความล่าช้าในการจ่ายสินไหม,1,1 Topic
37792263,การยกเลิกกรมธรรม์,1,1 Topic
37798567,การปฏิเสธจ่ายสินไหม,1,1 Topic
37806811,ความล่าช้าในการจ่ายสินไหม,1,1 Topic
37812229,การปฏิเสธจ่ายสินไหม,2,More than 1 topic
37812229,ความล่าช้าในการจ่ายสินไหม,2,More than 1 topic
37813961,การยกเลิกกรมธรรม์,1,1 Topic
37815882,การยกเลิกกรมธรรม์,3,More than 1 topic
37815882,การปฏิเสธจ่ายสินไหม,3,More than 1 topic
37815882,ความล่าช้าในการจ่ายสินไหม,3,More than 1 topic
37816501,ความล่าช้าในการจ่ายสินไหม,1,1 Topic
37818699,การยกเลิกกรมธรรม์,1,1 Topic
37824571,การปฏิเสธจ่ายสินไหม,1,1 Topic
37825503,ความล่าช้าในการจ่ายสินไหม,1,1 Topic
37830227,ความล่าช้าในการจ่ายสินไหม,1,1 Topic
37835005,การยกเลิกกรมธรรม์,1,1 Topic
37858016,การยกเลิกกรมธรรม์,1,1 Topic
37862130,การยกเลิกกรมธรรม์,1,1 Topic
37873368,การยกเลิกกรมธรรม์,1,1 Topic
37874830,การยกเลิกกรมธรรม์,1,1 Topic
37882286,การยกเลิกกรมธรรม์,1,1 Topic
37884291,ความล่าช้าในการจ่ายสินไหม,1,1 Topic
37885245,การยกเลิกกรมธรรม์,1,1 Topic
37886130,ความล่าช้าในการจ่ายสินไหม,1,1 Topic
37891313,การยกเลิกกรมธรรม์,1,1 Topic
37893013,การยกเลิกกรมธรรม์,2,More than 1 topic
37893013,การปฏิเสธจ่ายสินไหม,2,More than 1 topic
37894239,การยกเลิกกรมธรรม์,1,1 Topic
37913038,การปฏิเสธจ่ายสินไหม,1,1 Topic
37915560,การปฏิเสธจ่ายสินไหม,2,More than 1 topic
37915560,ความล่าช้าในการจ่ายสินไหม,2,More than 1 topic
37924896,ความล่าช้าในการจ่ายสินไหม,1,1 Topic
37925033,ค่าเบี้ยประกัน,1,1 Topic
37927327,ค่าเบี้ยประกัน,1,1 Topic
37929609,การปฏิเสธจ่ายสินไหม,1,1 Topic
37931387,การยกเลิกกรมธรรม์,1,1 Topic
37932272,ค่าเบี้ยประกัน,1,1 Topic
37933246,การยกเลิกกรมธรรม์,2,More than 1 topic
37933246,ความล่าช้าในการจ่ายสินไหม,2,More than 1 topic
37938455,การยกเลิกกรมธรรม์,2,More than 1 topic
37938455,การปฏิเสธจ่ายสินไหม,2,More than 1 topic
37944236,การยกเลิกกรมธรรม์,1,1 Topic
37948741,การยกเลิกกรมธรรม์,1,1 Topic
37948912,การยกเลิกกรมธรรม์,1,1 Topic
37965284,การปฏิเสธจ่ายสินไหม,1,1 Topic
37966024,ความล่าช้าในการจ่ายสินไหม,1,1 Topic
37966262,การปฏิเสธจ่ายสินไหม,1,1 Topic
37966914,การยกเลิกกรมธรรม์,1,1 Topic
37970158,การปฏิเสธจ่ายสินไหม,1,1 Topic
37978144,การปฏิเสธจ่ายสินไหม,1,1 Topic
37980036,การยกเลิกกรมธรรม์,1,1 Topic
37981733,ค่าเบี้ยประกัน,1,1 Topic
37984715,การยกเลิกกรมธรรม์,1,1 Topic
37989128,การยกเลิกกรมธรรม์,1,1 Topic
37989192,ความล่าช้าในการจ่ายสินไหม,2,More than 1 topic
37989192,ค่าเบี้ยประกัน,2,More than 1 topic
37992699,การปฏิเสธจ่ายสินไหม,1,1 Topic
37994703,การปฏิเสธจ่ายสินไหม,1,1 Topic
37997956,ค่าเบี้ยประกัน,1,1 Topic
38002825,การปฏิเสธจ่ายสินไหม,2,More than 1 topic
38002825,ค่าเบี้ยประกัน,2,More than 1 topic
38007681,การยกเลิกกรมธรรม์,1,1 Topic
38010077,การยกเลิกกรมธรรม์,1,1 Topic
38018311,การยกเลิกกรมธรรม์,2,More than 1 topic
38018311,การปฏิเสธจ่ายสินไหม,2,More than 1 topic
38029171,ความล่าช้าในการจ่ายสินไหม,2,More than 1 topic
38029171,ค่าเบี้ยประกัน,2,More than 1 topic
38029850,ความล่าช้าในการจ่ายสินไหม,1,1 Topic
38029891,การปฏิเสธจ่ายสินไหม,1,1 Topic
38032303,การปฏิเสธจ่ายสินไหม,1,1 Topic
38033344,การยกเลิกกรมธรรม์,1,1 Topic
38035763,ความล่าช้าในการจ่ายสินไหม,1,1 Topic
38038631,การปฏิเสธจ่ายสินไหม,1,1 Topic
38039504,การปฏิเสธจ่ายสินไหม,1,1 Topic
38042078,การปฏิเสธจ่ายสินไหม,1,1 Topic
38043061,ความล่าช้าในการจ่ายสินไหม,1,1 Topic
38047530,การปฏิเสธจ่ายสินไหม,1,1 Topic
38050468,การยกเลิกกรมธรรม์,1,1 Topic
38052060,ความล่าช้าในการจ่ายสินไหม,1,1 Topic
38055193,การปฏิเสธจ่ายสินไหม,1,1 Topic
38055445,การยกเลิกกรมธรรม์,3,More than 1 topic
38055445,การปฏิเสธจ่ายสินไหม,3,More than 1 topic
38055445,ความล่าช้าในการจ่ายสินไหม,3,More than 1 topic
38056427,การปฏิเสธจ่ายสินไหม,1,1 Topic
38063319,ความล่าช้าในการจ่ายสินไหม,1,1 Topic
38066054,ความล่าช้าในการจ่ายสินไหม,1,1 Topic
38068431,การปฏิเสธจ่ายสินไหม,1,1 Topic
38068778,การยกเลิกกรมธรรม์,1,1 Topic
38071673,การยกเลิกกรมธรรม์,1,1 Topic
38072423,การยกเลิกกรมธรรม์,1,1 Topic
38078184,การปฏิเสธจ่ายสินไหม,1,1 Topic
38080217,การยกเลิกกรมธรรม์,1,1 Topic
38084104,การปฏิเสธจ่ายสินไหม,1,1 Topic
38102699,ความล่าช้าในการจ่ายสินไหม,2,More than 1 topic
38102699,ค่าเบี้ยประกัน,2,More than 1 topic
38113877,การปฏิเสธจ่ายสินไหม,1,1 Topic
38114836,การยกเลิกกรมธรรม์,1,1 Topic
38116807,การยกเลิกกรมธรรม์,1,1 Topic
38126325,ความล่าช้าในการจ่ายสินไหม,1,1 Topic
38126609,การปฏิเสธจ่ายสินไหม,1,1 Topic
38133056,การยกเลิกกรมธรรม์,1,1 Topic
38141739,ความล่าช้าในการจ่ายสินไหม,1,1 Topic
38144455,ค่าเบี้ยประกัน,1,1 Topic
38145023,การยกเลิกกรมธรรม์,1,1 Topic
38150630,ความล่าช้าในการจ่ายสินไหม,1,1 Topic
38151746,ค่าเบี้ยประกัน,1,1 Topic
38153721,การยกเลิกกรมธรรม์,1,1 Topic
38157623,การยกเลิกกรมธรรม์,1,1 Topic
38160658,การยกเลิกกรมธรรม์,1,1 Topic
38162068,การปฏิเสธจ่ายสินไหม,1,1 Topic
38177927,การยกเลิกกรมธรรม์,1,1 Topic
38182504,ความล่าช้าในการจ่ายสินไหม,1,1 Topic
38192957,ความล่าช้าในการจ่ายสินไหม,1,1 Topic
38200217,การปฏิเสธจ่ายสินไหม,1,1 Topic
38201202,การยกเลิกกรมธรรม์,2,More than 1 topic
38201202,ความล่าช้าในการจ่ายสินไหม,2,More than 1 topic
38209514,การปฏิเสธจ่ายสินไหม,1,1 Topic
38218615,การยกเลิกกรมธรรม์,1,1 Topic
38224617,การปฏิเสธจ่ายสินไหม,1,1 Topic
38238117,ความล่าช้าในการจ่ายสินไหม,1,1 Topic
38239623,การยกเลิกกรมธรรม์,1,1 Topic
38239680,การยกเลิกกรมธรรม์,2,More than 1 topic
38239680,การปฏิเสธจ่ายสินไหม,2,More than 1 topic
38245188,การปฏิเสธจ่ายสินไหม,1,1 Topic
38245382,การปฏิเสธจ่ายสินไหม,1,1 Topic
38250442,การยกเลิกกรมธรรม์,1,1 Topic
38250596,การปฏิเสธจ่ายสินไหม,1,1 Topic
38255321,ค่าเบี้ยประกัน,1,1 Topic
38256001,การปฏิเสธจ่ายสินไหม,2,More than 1 topic
38256001,ความล่าช้าในการจ่ายสินไหม,2,More than 1 topic
38268040,ค่าเบี้ยประกัน,1,1 Topic
38277596,การปฏิเสธจ่ายสินไหม,2,More than 1 topic
38277596,ความล่าช้าในการจ่ายสินไหม,2,More than 1 topic
38278431,การปฏิเสธจ่ายสินไหม,1,1 Topic
38285237,ความล่าช้าในการจ่ายสินไหม,1,1 Topic
38295101,ความล่าช้าในการจ่ายสินไหม,1,1 Topic
38298748,การยกเลิกกรมธรรม์,2,More than 1 topic
38298748,ความล่าช้าในการจ่ายสินไหม,2,More than 1 topic
38306235,การยกเลิกกรมธรรม์,1,1 Topic
38314852,การปฏิเสธจ่ายสินไหม,1,1 Topic
38317892,การยกเลิกกรมธรรม์,1,1 Topic
38324032,ค่าเบี้ยประกัน,1,1 Topic
38324225,ค่าเบี้ยประกัน,1,1 Topic
38325616,การปฏิเสธจ่ายสินไหม,1,1 Topic
38329389,การยกเลิกกรมธรรม์,1,1 Topic
38330232,ความล่าช้าในการจ่ายสินไหม,1,1 Topic
38335808,การยกเลิกกรมธรรม์,1,1 Topic
38349430,การปฏิเสธจ่ายสินไหม,1,1 Topic
38357545,ความล่าช้าในการจ่ายสินไหม,1,1 Topic
38364633,การยกเลิกกรมธรรม์,1,1 Topic
38368345,การยกเลิกกรมธรรม์,1,1 Topic
38368775,ค่าเบี้ยประกัน,1,1 Topic
38372139,การยกเลิกกรมธรรม์,1,1 Topic
38374260,การยกเลิกกรมธรรม์,1,1 Topic
38376571,การยกเลิกกรมธรรม์,2,More than 1 topic
38376571,ความล่าช้าในการจ่ายสินไหม,2,More than 1 topic
38378258,การยกเลิกกรมธรรม์,1,1 Topic
38379601,การยกเลิกกรมธรรม์,1,1 Topic
38385154,การปฏิเสธจ่ายสินไหม,1,1 Topic
38385844,การปฏิเสธจ่ายสินไหม,1,1 Topic
38388586,การยกเลิกกรมธรรม์,1,1 Topic
38394661,การปฏิเสธจ่ายสินไหม,1,1 Topic
38394838,การปฏิเสธจ่ายสินไหม,1,1 Topic
38397840,การยกเลิกกรมธรรม์,1,1 Topic
38402862,การปฏิเสธจ่ายสินไหม,1,1 Topic
38406750,ค่าเบี้ยประกัน,1,1 Topic
38414156,การยกเลิกกรมธรรม์,1,1 Topic
38424984,การยกเลิกกรมธรรม์,3,More than 1 topic
38424984,การปฏิเสธจ่ายสินไหม,3,More than 1 topic
38424984,ค่าเบี้ยประกัน,3,More than 1 topic
38425324,การปฏิเสธจ่ายสินไหม,1,1 Topic
38431275,การยกเลิกกรมธรรม์,1,1 Topic
38434244,การยกเลิกกรมธรรม์,1,1 Topic
38437965,การปฏิเสธจ่ายสินไหม,1,1 Topic
38439308,การยกเลิกกรมธรรม์,1,1 Topic
38442564,การปฏิเสธจ่ายสินไหม,1,1 Topic
38464584,การยกเลิกกรมธรรม์,2,More than 1 topic
38464584,การปฏิเสธจ่ายสินไหม,2,More than 1 topic
38465715,การปฏิเสธจ่ายสินไหม,1,1 Topic
38469109,การยกเลิกกรมธรรม์,3,More than 1 topic
38469109,การปฏิเสธจ่ายสินไหม,3,More than 1 topic
38469109,ค่าเบี้ยประกัน,3,More than 1 topic
38469283,การปฏิเสธจ่ายสินไหม,2,More than 1 topic
38469283,ความล่าช้าในการจ่ายสินไหม,2,More than 1 topic
38470312,ความล่าช้าในการจ่ายสินไหม,1,1 Topic
38473837,ค่าเบี้ยประกัน,1,1 Topic
38484642,การยกเลิกกรมธรรม์,2,More than 1 topic
38484642,การปฏิเสธจ่ายสินไหม,2,More than 1 topic
38484776,การปฏิเสธจ่ายสินไหม,1,1 Topic
38486550,การยกเลิกกรมธรรม์,1,1 Topic
38491416,การปฏิเสธจ่ายสินไหม,1,1 Topic
38497359,การยกเลิกกรมธรรม์,4,More than 1 topic
38497359,ความล่าช้าในการจ่ายสินไหม,4,More than 1 topic
38497359,การปฏิเสธจ่ายสินไหม,4,More than 1 topic
38497359,ค่าเบี้ยประกัน,4,More than 1 topic
38497882,การยกเลิกกรมธรรม์,4,More than 1 topic
38497882,ความล่าช้าในการจ่ายสินไหม,4,More than 1 topic
38497882,การปฏิเสธจ่ายสินไหม,4,More than 1 topic
38497882,ค่าเบี้ยประกัน,4,More than 1 topic
38499519,ความล่าช้าในการจ่ายสินไหม,1,1 Topic
38499578,การยกเลิกกรมธรรม์,1,1 Topic
38500769,การปฏิเสธจ่ายสินไหม,2,More than 1 topic
38500769,ความล่าช้าในการจ่ายสินไหม,2,More than 1 topic
38501895,การปฏิเสธจ่ายสินไหม,2,More than 1 topic
38501895,ความล่าช้าในการจ่ายสินไหม,2,More than 1 topic
38502266,การยกเลิกกรมธรรม์,2,More than 1 topic
38502266,ค่าเบี้ยประกัน,2,More than 1 topic
38504776,การยกเลิกกรมธรรม์,1,1 Topic
38506962,การยกเลิกกรมธรรม์,1,1 Topic
38508069,ความล่าช้าในการจ่ายสินไหม,1,1 Topic
38512193,การยกเลิกกรมธรรม์,1,1 Topic
38512371,การยกเลิกกรมธรรม์,1,1 Topic
38521124,การปฏิเสธจ่ายสินไหม,1,1 Topic
38523119,การยกเลิกกรมธรรม์,1,1 Topic
38536614,ความล่าช้าในการจ่ายสินไหม,1,1 Topic
38537222,การยกเลิกกรมธรรม์,1,1 Topic
38543145,การยกเลิกกรมธรรม์,1,1 Topic
38545181,การปฏิเสธจ่ายสินไหม,1,1 Topic
38545617,ค่าเบี้ยประกัน,1,1 Topic
38549255,การปฏิเสธจ่ายสินไหม,1,1 Topic
38549778,การปฏิเสธจ่ายสินไหม,2,More than 1 topic
38549778,ความล่าช้าในการจ่ายสินไหม,2,More than 1 topic
38553161,ความล่าช้าในการจ่ายสินไหม,1,1 Topic
38555231,การปฏิเสธจ่ายสินไหม,2,More than 1 topic
38555231,ความล่าช้าในการจ่ายสินไหม,2,More than 1 topic
38558571,การยกเลิกกรมธรรม์,2,More than 1 topic
38558571,การปฏิเสธจ่ายสินไหม,2,More than 1 topic
38558664,การยกเลิกกรมธรรม์,1,1 Topic
38561159,การยกเลิกกรมธรรม์,1,1 Topic
38565160,การยกเลิกกรมธรรม์,1,1 Topic
38573708,การยกเลิกกรมธรรม์,1,1 Topic
38574937,การปฏิเสธจ่ายสินไหม,1,1 Topic
38576471,การยกเลิกกรมธรรม์,1,1 Topic
38577935,การปฏิเสธจ่ายสินไหม,1,1 Topic
38578009,การปฏิเสธจ่ายสินไหม,1,1 Topic
38584051,การยกเลิกกรมธรรม์,1,1 Topic
38586676,การปฏิเสธจ่ายสินไหม,1,1 Topic
38587268,การยกเลิกกรมธรรม์,1,1 Topic
38592423,ค่าเบี้ยประกัน,1,1 Topic
38594800,การยกเลิกกรมธรรม์,1,1 Topic
38595411,ประกันโควิด,3,More than 1 topic
38595411,การปฏิเสธจ่ายสินไหม,3,More than 1 topic
38595411,ค่าเบี้ยประกัน,3,More than 1 topic
38595583,การปฏิเสธจ่ายสินไหม,1,1 Topic
38599298,ค่าเบี้ยประกัน,1,1 Topic
38602351,การปฏิเสธจ่ายสินไหม,1,1 Topic
38602847,การยกเลิกกรมธรรม์,1,1 Topic
38616875,การปฏิเสธจ่ายสินไหม,1,1 Topic
38618891,การยกเลิกกรมธรรม์,1,1 Topic
38630671,การยกเลิกกรมธรรม์,1,1 Topic
38633426,การยกเลิกกรมธรรม์,1,1 Topic
38634852,ความล่าช้าในการจ่ายสินไหม,1,1 Topic
38635906,การยกเลิกกรมธรรม์,1,1 Topic
38638441,การปฏิเสธจ่ายสินไหม,2,More than 1 topic
38638441,ค่าเบี้ยประกัน,2,More than 1 topic
38639793,การยกเลิกกรมธรรม์,2,More than 1 topic
38639793,การปฏิเสธจ่ายสินไหม,2,More than 1 topic
38648065,การยกเลิกกรมธรรม์,1,1 Topic
38651243,การยกเลิกกรมธรรม์,1,1 Topic
38651498,ความล่าช้าในการจ่ายสินไหม,1,1 Topic
38651656,การยกเลิกกรมธรรม์,1,1 Topic
38651770,ความล่าช้าในการจ่ายสินไหม,1,1 Topic
38655074,การยกเลิกกรมธรรม์,1,1 Topic
38660016,ประกันโควิด,4,More than 1 topic
38660016,การยกเลิกกรมธรรม์,4,More than 1 topic
38660016,การปฏิเสธจ่ายสินไหม,4,More than 1 topic
38660016,ความล่าช้าในการจ่ายสินไหม,4,More than 1 topic
38669914,การยกเลิกกรมธรรม์,1,1 Topic
38672140,การยกเลิกกรมธรรม์,2,More than 1 topic
38672140,ความล่าช้าในการจ่ายสินไหม,2,More than 1 topic
38675001,การยกเลิกกรมธรรม์,1,1 Topic
38677823,การยกเลิกกรมธรรม์,1,1 Topic
38678494,การยกเลิกกรมธรรม์,1,1 Topic
38679476,การปฏิเสธจ่ายสินไหม,1,1 Topic
38683571,ความล่าช้าในการจ่ายสินไหม,1,1 Topic
38695395,ค่าเบี้ยประกัน,1,1 Topic
38700523,การยกเลิกกรมธรรม์,1,1 Topic
38701954,การยกเลิกกรมธรรม์,1,1 Topic
38712441,ความล่าช้าในการจ่ายสินไหม,1,1 Topic
38715646,การยกเลิกกรมธรรม์,1,1 Topic
38722707,การปฏิเสธจ่ายสินไหม,1,1 Topic
38730970,ความล่าช้าในการจ่ายสินไหม,1,1 Topic
38731758,ความล่าช้าในการจ่ายสินไหม,1,1 Topic
38732225,การยกเลิกกรมธรรม์,1,1 Topic
38740817,การปฏิเสธจ่ายสินไหม,1,1 Topic
38747163,การยกเลิกกรมธรรม์,1,1 Topic
38748493,การปฏิเสธจ่ายสินไหม,1,1 Topic
38753277,การปฏิเสธจ่ายสินไหม,1,1 Topic
38754149,การปฏิเสธจ่ายสินไหม,2,More than 1 topic
38754149,ความล่าช้าในการจ่ายสินไหม,2,More than 1 topic
38758141,การปฏิเสธจ่ายสินไหม,1,1 Topic
38766013,การยกเลิกกรมธรรม์,1,1 Topic
38774961,การปฏิเสธจ่ายสินไหม,1,1 Topic
38779169,ค่าเบี้ยประกัน,1,1 Topic
38783245,ความล่าช้าในการจ่ายสินไหม,1,1 Topic
38783691,การยกเลิกกรมธรรม์,1,1 Topic
38798911,การปฏิเสธจ่ายสินไหม,2,More than 1 topic
38798911,ความล่าช้าในการจ่ายสินไหม,2,More than 1 topic
38799059,การยกเลิกกรมธรรม์,1,1 Topic
38809138,การยกเลิกกรมธรรม์,1,1 Topic
38814699,การปฏิเสธจ่ายสินไหม,1,1 Topic
38816831,การยกเลิกกรมธรรม์,2,More than 1 topic
38816831,ค่าเบี้ยประกัน,2,More than 1 topic
38824797,การยกเลิกกรมธรรม์,1,1 Topic
38824812,ค่าเบี้ยประกัน,1,1 Topic
38826557,การปฏิเสธจ่ายสินไหม,1,1 Topic
38827600,การยกเลิกกรมธรรม์,1,1 Topic
38830352,การยกเลิกกรมธรรม์,1,1 Topic
38834223,การยกเลิกกรมธรรม์,1,1 Topic
38839052,ความล่าช้าในการจ่ายสินไหม,1,1 Topic
38840304,การยกเลิกกรมธรรม์,1,1 Topic
38858104,การยกเลิกกรมธรรม์,2,More than 1 topic
38858104,ความล่าช้าในการจ่ายสินไหม,2,More than 1 topic
38860149,การปฏิเสธจ่ายสินไหม,1,1 Topic
38865658,การปฏิเสธจ่ายสินไหม,1,1 Topic
38871300,ความล่าช้าในการจ่ายสินไหม,1,1 Topic
38871618,การยกเลิกกรมธรรม์,1,1 Topic
38875137,การปฏิเสธจ่ายสินไหม,1,1 Topic
38886359,การปฏิเสธจ่ายสินไหม,1,1 Topic
38888814,ความล่าช้าในการจ่ายสินไหม,1,1 Topic
38892603,การยกเลิกกรมธรรม์,1,1 Topic
38901493,ความล่าช้าในการจ่ายสินไหม,1,1 Topic
38902306,การปฏิเสธจ่ายสินไหม,1,1 Topic
38905666,การยกเลิกกรมธรรม์,2,More than 1 topic
38905666,การปฏิเสธจ่ายสินไหม,2,More than 1 topic
38910961,การยกเลิกกรมธรรม์,1,1 Topic
38911505,การยกเลิกกรมธรรม์,2,More than 1 topic
38911505,การปฏิเสธจ่ายสินไหม,2,More than 1 topic
38916572,ความล่าช้าในการจ่ายสินไหม,1,1 Topic
38921383,ค่าเบี้ยประกัน,1,1 Topic
38937724,ความล่าช้าในการจ่ายสินไหม,1,1 Topic
38937906,การปฏิเสธจ่ายสินไหม,1,1 Topic
38941826,การยกเลิกกรมธรรม์,1,1 Topic
38943140,การยกเลิกกรมธรรม์,1,1 Topic
38943360,การยกเลิกกรมธรรม์,1,1 Topic
38951746,การยกเลิกกรมธรรม์,1,1 Topic
38952895,ความล่าช้าในการจ่ายสินไหม,1,1 Topic
38953594,ค่าเบี้ยประกัน,1,1 Topic
38959296,การปฏิเสธจ่ายสินไหม,1,1 Topic
38959631,การยกเลิกกรมธรรม์,1,1 Topic
38963100,ค่าเบี้ยประกัน,1,1 Topic
38965153,ค่าเบี้ยประกัน,1,1 Topic
38967216,การยกเลิกกรมธรรม์,1,1 Topic
38984334,ความล่าช้าในการจ่ายสินไหม,1,1 Topic
38988660,การยกเลิกกรมธรรม์,3,More than 1 topic
38988660,การปฏิเสธจ่ายสินไหม,3,More than 1 topic
38988660,ความล่าช้าในการจ่ายสินไหม,3,More than 1 topic
38988877,การยกเลิกกรมธรรม์,1,1 Topic
38993650,การยกเลิกกรมธรรม์,1,1 Topic
38994831,ความล่าช้าในการจ่ายสินไหม,1,1 Topic
39000604,การยกเลิกกรมธรรม์,2,More than 1 topic
39000604,ค่าเบี้ยประกัน,2,More than 1 topic
39006769,การปฏิเสธจ่ายสินไหม,1,1 Topic
39007591,การยกเลิกกรมธรรม์,3,More than 1 topic
39007591,การปฏิเสธจ่ายสินไหม,3,More than 1 topic
39007591,ความล่าช้าในการจ่ายสินไหม,3,More than 1 topic
39009891,การยกเลิกกรมธรรม์,1,1 Topic
39015549,การยกเลิกกรมธรรม์,2,More than 1 topic
39015549,การปฏิเสธจ่ายสินไหม,2,More than 1 topic
39020180,การยกเลิกกรมธรรม์,3,More than 1 topic
39020180,การปฏิเสธจ่ายสินไหม,3,More than 1 topic
39020180,ค่าเบี้ยประกัน,3,More than 1 topic
39024679,การยกเลิกกรมธรรม์,1,1 Topic
39029395,การยกเลิกกรมธรรม์,2,More than 1 topic
39029395,ความล่าช้าในการจ่ายสินไหม,2,More than 1 topic
39035229,การปฏิเสธจ่ายสินไหม,1,1 Topic
39040555,ความล่าช้าในการจ่ายสินไหม,1,1 Topic
39043158,ความล่าช้าในการจ่ายสินไหม,1,1 Topic
39047835,ค่าเบี้ยประกัน,1,1 Topic
39054907,การปฏิเสธจ่ายสินไหม,2,More than 1 topic
39054907,ความล่าช้าในการจ่ายสินไหม,2,More than 1 topic
39058408,การปฏิเสธจ่ายสินไหม,2,More than 1 topic
39058408,ความล่าช้าในการจ่ายสินไหม,2,More than 1 topic
39058679,การยกเลิกกรมธรรม์,1,1 Topic
39062642,การปฏิเสธจ่ายสินไหม,1,1 Topic
39066935,การยกเลิกกรมธรรม์,1,1 Topic
39072870,การปฏิเสธจ่ายสินไหม,1,1 Topic
39075868,การยกเลิกกรมธรรม์,1,1 Topic
39081248,การปฏิเสธจ่ายสินไหม,1,1 Topic
39083629,การยกเลิกกรมธรรม์,1,1 Topic
39087922,การปฏิเสธจ่ายสินไหม,1,1 Topic
39089379,การปฏิเสธจ่ายสินไหม,1,1 Topic
39090497,การปฏิเสธจ่ายสินไหม,1,1 Topic
39094816,การยกเลิกกรมธรรม์,1,1 Topic
39099707,การยกเลิกกรมธรรม์,2,More than 1 topic
39099707,การปฏิเสธจ่ายสินไหม,2,More than 1 topic
39101866,การปฏิเสธจ่ายสินไหม,1,1 Topic
39107813,ค่าเบี้ยประกัน,1,1 Topic
39108098,การปฏิเสธจ่ายสินไหม,2,More than 1 topic
39108098,ค่าเบี้ยประกัน,2,More than 1 topic
39110846,การปฏิเสธจ่ายสินไหม,2,More than 1 topic
39110846,ความล่าช้าในการจ่ายสินไหม,2,More than 1 topic
39115896,การยกเลิกกรมธรรม์,1,1 Topic
39116094,การปฏิเสธจ่ายสินไหม,1,1 Topic
39116393,การยกเลิกกรมธรรม์,1,1 Topic
39122077,ค่าเบี้ยประกัน,1,1 Topic
39122459,การยกเลิกกรมธรรม์,1,1 Topic
39124417,ค่าเบี้ยประกัน,1,1 Topic
39125400,การยกเลิกกรมธรรม์,1,1 Topic
39125892,การยกเลิกกรมธรรม์,1,1 Topic
39132109,การยกเลิกกรมธรรม์,1,1 Topic
39140981,การยกเลิกกรมธรรม์,2,More than 1 topic
39140981,การปฏิเสธจ่ายสินไหม,2,More than 1 topic
39142646,การปฏิเสธจ่ายสินไหม,1,1 Topic
39149555,การยกเลิกกรมธรรม์,1,1 Topic
39158221,การยกเลิกกรมธรรม์,1,1 Topic
39158358,การยกเลิกกรมธรรม์,3,More than 1 topic
39158358,การปฏิเสธจ่ายสินไหม,3,More than 1 topic
39158358,ความล่าช้าในการจ่ายสินไหม,3,More than 1 topic
39162201,การปฏิเสธจ่ายสินไหม,1,1 Topic
39162657,การยกเลิกกรมธรรม์,1,1 Topic
39165328,ความล่าช้าในการจ่ายสินไหม,1,1 Topic
39167623,การยกเลิกกรมธรรม์,3,More than 1 topic
39167623,การปฏิเสธจ่ายสินไหม,3,More than 1 topic
39167623,ค่าเบี้ยประกัน,3,More than 1 topic
39169236,ความล่าช้าในการจ่ายสินไหม,1,1 Topic
39169723,การยกเลิกกรมธรรม์,1,1 Topic
39169908,การยกเลิกกรมธรรม์,1,1 Topic
39170017,การยกเลิกกรมธรรม์,1,1 Topic
39171712,การปฏิเสธจ่ายสินไหม,1,1 Topic
39178268,การยกเลิกกรมธรรม์,1,1 Topic
39178379,การยกเลิกกรมธรรม์,3,More than 1 topic
39178379,การปฏิเสธจ่ายสินไหม,3,More than 1 topic
39178379,ความล่าช้าในการจ่ายสินไหม,3,More than 1 topic
39179112,ความล่าช้าในการจ่ายสินไหม,1,1 Topic
39182207,การปฏิเสธจ่ายสินไหม,1,1 Topic
39182627,ความล่าช้าในการจ่ายสินไหม,1,1 Topic
39183416,ความล่าช้าในการจ่ายสินไหม,1,1 Topic
39184464,การปฏิเสธจ่ายสินไหม,1,1 Topic
39184501,การยกเลิกกรมธรรม์,1,1 Topic
39185614,การปฏิเสธจ่ายสินไหม,2,More than 1 topic
39185614,ความล่าช้าในการจ่ายสินไหม,2,More than 1 topic
39187212,การปฏิเสธจ่ายสินไหม,1,1 Topic
39188551,ความล่าช้าในการจ่ายสินไหม,1,1 Topic
39189331,การยกเลิกกรมธรรม์,1,1 Topic
39190982,การปฏิเสธจ่ายสินไหม,1,1 Topic
39195120,ความล่าช้าในการจ่ายสินไหม,1,1 Topic
39200362,การปฏิเสธจ่ายสินไหม,1,1 Topic
39200872,การปฏิเสธจ่ายสินไหม,2,More than 1 topic
39200872,ความล่าช้าในการจ่ายสินไหม,2,More than 1 topic
39200917,ความล่าช้าในการจ่ายสินไหม,1,1 Topic
39202418,ความล่าช้าในการจ่ายสินไหม,1,1 Topic
39204055,ความล่าช้าในการจ่ายสินไหม,1,1 Topic
39206822,การยกเลิกกรมธรรม์,1,1 Topic
39207214,การยกเลิกกรมธรรม์,1,1 Topic
39215150,การปฏิเสธจ่ายสินไหม,1,1 Topic
39216368,การยกเลิกกรมธรรม์,1,1 Topic
39216875,การปฏิเสธจ่ายสินไหม,1,1 Topic
39217193,การปฏิเสธจ่ายสินไหม,1,1 Topic
39218090,การยกเลิกกรมธรรม์,1,1 Topic
39220601,การปฏิเสธจ่ายสินไหม,1,1 Topic
39221225,การยกเลิกกรมธรรม์,1,1 Topic
39224501,ความล่าช้าในการจ่ายสินไหม,1,1 Topic
39228902,การยกเลิกกรมธรรม์,1,1 Topic
39229007,การปฏิเสธจ่ายสินไหม,1,1 Topic
39229030,ความล่าช้าในการจ่ายสินไหม,1,1 Topic
39231273,ความล่าช้าในการจ่ายสินไหม,1,1 Topic
39232792,ความล่าช้าในการจ่ายสินไหม,1,1 Topic
39237002,ค่าเบี้ยประกัน,1,1 Topic
39237484,การยกเลิกกรมธรรม์,1,1 Topic
39240439,การปฏิเสธจ่ายสินไหม,1,1 Topic
39243038,การยกเลิกกรมธรรม์,1,1 Topic
39243821,ค่าเบี้ยประกัน,1,1 Topic
39244493,การยกเลิกกรมธรรม์,1,1 Topic
39246190,การปฏิเสธจ่ายสินไหม,1,1 Topic
39246795,การปฏิเสธจ่ายสินไหม,2,More than 1 topic
39246795,ค่าเบี้ยประกัน,2,More than 1 topic
39247597,การปฏิเสธจ่ายสินไหม,1,1 Topic
39256165,การยกเลิกกรมธรรม์,1,1 Topic
39257219,การยกเลิกกรมธรรม์,1,1 Topic
39257908,การปฏิเสธจ่ายสินไหม,2,More than 1 topic
39257908,ความล่าช้าในการจ่ายสินไหม,2,More than 1 topic
39257975,การยกเลิกกรมธรรม์,1,1 Topic
39258924,การปฏิเสธจ่ายสินไหม,1,1 Topic
39261311,การปฏิเสธจ่ายสินไหม,1,1 Topic
39262237,การปฏิเสธจ่ายสินไหม,1,1 Topic
39262502,ความล่าช้าในการจ่ายสินไหม,1,1 Topic
39273991,การยกเลิกกรมธรรม์,1,1 Topic
39276939,ค่าเบี้ยประกัน,1,1 Topic
39278196,ความล่าช้าในการจ่ายสินไหม,1,1 Topic
39278548,การยกเลิกกรมธรรม์,1,1 Topic
39281872,การยกเลิกกรมธรรม์,1,1 Topic
39282576,ความล่าช้าในการจ่ายสินไหม,1,1 Topic
39287439,การยกเลิกกรมธรรม์,1,1 Topic
39287451,การยกเลิกกรมธรรม์,1,1 Topic
39288336,ความล่าช้าในการจ่ายสินไหม,1,1 Topic
39288621,การยกเลิกกรมธรรม์,1,1 Topic
39300386,การยกเลิกกรมธรรม์,1,1 Topic
39304277,การยกเลิกกรมธรรม์,2,More than 1 topic
39304277,ค่าเบี้ยประกัน,2,More than 1 topic
39304717,การยกเลิกกรมธรรม์,1,1 Topic
39308310,ค่าเบี้ยประกัน,1,1 Topic
39310637,การยกเลิกกรมธรรม์,1,1 Topic
39311129,การยกเลิกกรมธรรม์,2,More than 1 topic
39311129,การปฏิเสธจ่ายสินไหม,2,More than 1 topic
39313735,การยกเลิกกรมธรรม์,1,1 Topic
39314596,การปฏิเสธจ่ายสินไหม,1,1 Topic
39314913,การปฏิเสธจ่ายสินไหม,1,1 Topic
39317821,การยกเลิกกรมธรรม์,1,1 Topic
39319878,การยกเลิกกรมธรรม์,1,1 Topic
39325685,การยกเลิกกรมธรรม์,2,More than 1 topic
39325685,ค่าเบี้ยประกัน,2,More than 1 topic
39326053,การยกเลิกกรมธรรม์,1,1 Topic
39330280,การปฏิเสธจ่ายสินไหม,1,1 Topic
39331978,การปฏิเสธจ่ายสินไหม,1,1 Topic
39342036,การยกเลิกกรมธรรม์,1,1 Topic
39345657,การยกเลิกกรมธรรม์,1,1 Topic
39359144,การปฏิเสธจ่ายสินไหม,1,1 Topic
39361342,การยกเลิกกรมธรรม์,1,1 Topic
39361721,ความล่าช้าในการจ่ายสินไหม,1,1 Topic
39364773,ค่าเบี้ยประกัน,1,1 Topic
39364821,การยกเลิกกรมธรรม์,1,1 Topic
39364827,การยกเลิกกรมธรรม์,1,1 Topic
39365784,การยกเลิกกรมธรรม์,1,1 Topic
39369570,การยกเลิกกรมธรรม์,1,1 Topic
39380399,การยกเลิกกรมธรรม์,1,1 Topic
39384735,การยกเลิกกรมธรรม์,1,1 Topic
39386748,การปฏิเสธจ่ายสินไหม,1,1 Topic
39389622,การยกเลิกกรมธรรม์,2,More than 1 topic
39389622,การปฏิเสธจ่ายสินไหม,2,More than 1 topic
39392094,ความล่าช้าในการจ่ายสินไหม,1,1 Topic
39394587,การปฏิเสธจ่ายสินไหม,1,1 Topic
39394839,การปฏิเสธจ่ายสินไหม,1,1 Topic
39396741,การยกเลิกกรมธรรม์,1,1 Topic
39398042,ความล่าช้าในการจ่ายสินไหม,1,1 Topic
39401938,การยกเลิกกรมธรรม์,2,More than 1 topic
39401938,ความล่าช้าในการจ่ายสินไหม,2,More than 1 topic
39409550,การยกเลิกกรมธรรม์,1,1 Topic
39423357,การปฏิเสธจ่ายสินไหม,1,1 Topic
39425389,การยกเลิกกรมธรรม์,1,1 Topic
39425747,ความล่าช้าในการจ่ายสินไหม,1,1 Topic
39429154,การยกเลิกกรมธรรม์,1,1 Topic
39435710,การปฏิเสธจ่ายสินไหม,1,1 Topic
39439506,การยกเลิกกรมธรรม์,1,1 Topic
39440760,ความล่าช้าในการจ่ายสินไหม,1,1 Topic
39442088,การยกเลิกกรมธรรม์,1,1 Topic
39444127,การยกเลิกกรมธรรม์,1,1 Topic
39445508,ความล่าช้าในการจ่ายสินไหม,1,1 Topic
39465589,การยกเลิกกรมธรรม์,1,1 Topic
39474214,การปฏิเสธจ่ายสินไหม,2,More than 1 topic
39474214,ความล่าช้าในการจ่ายสินไหม,2,More than 1 topic
39475850,การยกเลิกกรมธรรม์,1,1 Topic
39478487,การยกเลิกกรมธรรม์,1,1 Topic
39480826,ประกันโควิด,3,More than 1 topic
39480826,การปฏิเสธจ่ายสินไหม,3,More than 1 topic
39480826,ความล่าช้าในการจ่ายสินไหม,3,More than 1 topic
39484289,การยกเลิกกรมธรรม์,1,1 Topic
39490393,การปฏิเสธจ่ายสินไหม,1,1 Topic
39492960,การยกเลิกกรมธรรม์,1,1 Topic
39494646,การยกเลิกกรมธรรม์,1,1 Topic
39500044,การยกเลิกกรมธรรม์,2,More than 1 topic
39500044,การปฏิเสธจ่ายสินไหม,2,More than 1 topic
39500732,การยกเลิกกรมธรรม์,1,1 Topic
39501024,การยกเลิกกรมธรรม์,1,1 Topic
39505181,การยกเลิกกรมธรรม์,1,1 Topic
39507181,การยกเลิกกรมธรรม์,1,1 Topic
39510481,การปฏิเสธจ่ายสินไหม,1,1 Topic
39512453,การปฏิเสธจ่ายสินไหม,2,More than 1 topic
39512453,ความล่าช้าในการจ่ายสินไหม,2,More than 1 topic
39532930,การยกเลิกกรมธรรม์,2,More than 1 topic
39532930,การปฏิเสธจ่ายสินไหม,2,More than 1 topic
39535565,การยกเลิกกรมธรรม์,1,1 Topic
39541205,การยกเลิกกรมธรรม์,1,1 Topic
39542639,การปฏิเสธจ่ายสินไหม,1,1 Topic
39549272,การปฏิเสธจ่ายสินไหม,1,1 Topic
39550402,การยกเลิกกรมธรรม์,1,1 Topic
39550446,ความล่าช้าในการจ่ายสินไหม,1,1 Topic
39551560,ความล่าช้าในการจ่ายสินไหม,1,1 Topic
39553736,การยกเลิกกรมธรรม์,1,1 Topic
39560653,ความล่าช้าในการจ่ายสินไหม,1,1 Topic
39560994,ความล่าช้าในการจ่ายสินไหม,1,1 Topic
39561754,การยกเลิกกรมธรรม์,1,1 Topic
39562537,การปฏิเสธจ่ายสินไหม,2,More than 1 topic
39562537,ความล่าช้าในการจ่ายสินไหม,2,More than 1 topic
39562814,การยกเลิกกรมธรรม์,1,1 Topic
39563275,การยกเลิกกรมธรรม์,1,1 Topic
39567317,การยกเลิกกรมธรรม์,1,1 Topic
39569041,การปฏิเสธจ่ายสินไหม,1,1 Topic
39569103,ความล่าช้าในการจ่ายสินไหม,1,1 Topic
39573752,การยกเลิกกรมธรรม์,2,More than 1 topic
39573752,ค่าเบี้ยประกัน,2,More than 1 topic
39578614,การยกเลิกกรมธรรม์,1,1 Topic
39584616,การปฏิเสธจ่ายสินไหม,1,1 Topic
39585101,การปฏิเสธจ่ายสินไหม,1,1 Topic
39587074,การยกเลิกกรมธรรม์,1,1 Topic
39594574,การยกเลิกกรมธรรม์,1,1 Topic
39595467,ความล่าช้าในการจ่ายสินไหม,1,1 Topic
39596905,การยกเลิกกรมธรรม์,2,More than 1 topic
39596905,การปฏิเสธจ่ายสินไหม,2,More than 1 topic
39597325,การปฏิเสธจ่ายสินไหม,1,1 Topic
39597359,การยกเลิกกรมธรรม์,1,1 Topic
39598879,ค่าเบี้ยประกัน,1,1 Topic
39599133,การปฏิเสธจ่ายสินไหม,1,1 Topic
39599408,การปฏิเสธจ่ายสินไหม,1,1 Topic
39602414,การยกเลิกกรมธรรม์,1,1 Topic
39603399,ประกันโควิด,2,More than 1 topic
39603399,ความล่าช้าในการจ่ายสินไหม,2,More than 1 topic
39604350,การยกเลิกกรมธรรม์,1,1 Topic
39613461,การปฏิเสธจ่ายสินไหม,1,1 Topic
39617085,การยกเลิกกรมธรรม์,1,1 Topic
39617691,การปฏิเสธจ่ายสินไหม,1,1 Topic
39620084,การยกเลิกกรมธรรม์,1,1 Topic
39622528,การปฏิเสธจ่ายสินไหม,2,More than 1 topic
39622528,ค่าเบี้ยประกัน,2,More than 1 topic
39625284,การปฏิเสธจ่ายสินไหม,2,More than 1 topic
39625284,ความล่าช้าในการจ่ายสินไหม,2,More than 1 topic
39625312,ค่าเบี้ยประกัน,1,1 Topic
39626269,การปฏิเสธจ่ายสินไหม,1,1 Topic
39629614,การปฏิเสธจ่ายสินไหม,1,1 Topic
39630283,การยกเลิกกรมธรรม์,1,1 Topic
39630662,ความล่าช้าในการจ่ายสินไหม,1,1 Topic
39631201,ความล่าช้าในการจ่ายสินไหม,1,1 Topic
39632766,การปฏิเสธจ่ายสินไหม,2,More than 1 topic
39632766,ความล่าช้าในการจ่ายสินไหม,2,More than 1 topic
39633461,การยกเลิกกรมธรรม์,1,1 Topic
39634397,ความล่าช้าในการจ่ายสินไหม,1,1 Topic
39636639,การยกเลิกกรมธรรม์,1,1 Topic
39638281,ความล่าช้าในการจ่ายสินไหม,1,1 Topic
39641735,การปฏิเสธจ่ายสินไหม,1,1 Topic
39642735,การปฏิเสธจ่ายสินไหม,1,1 Topic
39643130,ความล่าช้าในการจ่ายสินไหม,1,1 Topic
39645290,ความล่าช้าในการจ่ายสินไหม,1,1 Topic
39649936,ความล่าช้าในการจ่ายสินไหม,1,1 Topic
39651499,การปฏิเสธจ่ายสินไหม,2,More than 1 topic
39651499,ความล่าช้าในการจ่ายสินไหม,2,More than 1 topic
39653375,ความล่าช้าในการจ่ายสินไหม,1,1 Topic
39658591,การยกเลิกกรมธรรม์,2,More than 1 topic
39658591,การปฏิเสธจ่ายสินไหม,2,More than 1 topic
39664476,การปฏิเสธจ่ายสินไหม,1,1 Topic
39667117,การยกเลิกกรมธรรม์,1,1 Topic
39667754,การยกเลิกกรมธรรม์,1,1 Topic
39668041,ความล่าช้าในการจ่ายสินไหม,1,1 Topic
39668388,การยกเลิกกรมธรรม์,1,1 Topic
39670677,การยกเลิกกรมธรรม์,1,1 Topic
39670793,การปฏิเสธจ่ายสินไหม,1,1 Topic
39671005,ค่าเบี้ยประกัน,1,1 Topic
39673932,การยกเลิกกรมธรรม์,1,1 Topic
39675789,การยกเลิกกรมธรรม์,1,1 Topic
39681204,ประกันโควิด,1,1 Topic
39681453,การยกเลิกกรมธรรม์,1,1 Topic
39682587,ประกันโควิด,1,1 Topic
39683241,การปฏิเสธจ่ายสินไหม,2,More than 1 topic
39683241,ค่าเบี้ยประกัน,2,More than 1 topic
39683558,ประกันโควิด,1,1 Topic
39687002,ประกันโควิด,1,1 Topic
39687286,การยกเลิกกรมธรรม์,2,More than 1 topic
39687286,การปฏิเสธจ่ายสินไหม,2,More than 1 topic
39689302,ประกันโควิด,1,1 Topic
39691858,ความล่าช้าในการจ่ายสินไหม,1,1 Topic
39700580,ประกันโควิด,4,More than 1 topic
39700580,การยกเลิกกรมธรรม์,4,More than 1 topic
39700580,ความล่าช้าในการจ่ายสินไหม,4,More than 1 topic
39700580,ค่าเบี้ยประกัน,4,More than 1 topic
39703989,ประกันโควิด,1,1 Topic
39705778,การยกเลิกกรมธรรม์,2,More than 1 topic
39705778,ความล่าช้าในการจ่ายสินไหม,2,More than 1 topic
39709205,ประกันโควิด,1,1 Topic
39711734,ประกันโควิด,1,1 Topic
39712067,ประกันโควิด,1,1 Topic
39713735,ประกันโควิด,1,1 Topic
39714490,ประกันโควิด,1,1 Topic
39714523,ประกันโควิด,1,1 Topic
39714714,ประกันโควิด,1,1 Topic
39715854,ประกันโควิด,1,1 Topic
39716973,ประกันโควิด,1,1 Topic
39717514,ประกันโควิด,1,1 Topic
39719016,ประกันโควิด,1,1 Topic
39720578,ประกันโควิด,1,1 Topic
39721672,การยกเลิกกรมธรรม์,1,1 Topic
39721806,การยกเลิกกรมธรรม์,1,1 Topic
39722083,ประกันโควิด,1,1 Topic
39722259,ประกันโควิด,1,1 Topic
39722456,ประกันโควิด,1,1 Topic
39723506,ประกันโควิด,1,1 Topic
39723837,ประกันโควิด,1,1 Topic
39723979,ประกันโควิด,1,1 Topic
39724056,ประกันโควิด,1,1 Topic
39724348,ประกันโควิด,1,1 Topic
39725099,ประกันโควิด,1,1 Topic
39725207,ประกันโควิด,1,1 Topic
39725469,ประกันโควิด,1,1 Topic
39725660,ประกันโควิด,1,1 Topic
39726369,การยกเลิกกรมธรรม์,1,1 Topic
39727230,ประกันโควิด,1,1 Topic
39727758,ประกันโควิด,1,1 Topic
39728071,ประกันโควิด,1,1 Topic
39728145,ประกันโควิด,1,1 Topic
39728340,ประกันโควิด,2,More than 1 topic
39728340,ความล่าช้าในการจ่ายสินไหม,2,More than 1 topic
39728859,ประกันโควิด,2,More than 1 topic
39728859,การยกเลิกกรมธรรม์,2,More than 1 topic
39728915,ประกันโควิด,1,1 Topic
39728934,การยกเลิกกรมธรรม์,1,1 Topic
39729174,ความล่าช้าในการจ่ายสินไหม,1,1 Topic
39729389,ค่าเบี้ยประกัน,1,1 Topic
39729689,การยกเลิกกรมธรรม์,1,1 Topic
39730098,การปฏิเสธจ่ายสินไหม,1,1 Topic
39730193,ประกันโควิด,1,1 Topic
39731131,ค่าเบี้ยประกัน,1,1 Topic
39731219,การปฏิเสธจ่ายสินไหม,1,1 Topic
39731259,ประกันโควิด,1,1 Topic
39732608,ประกันโควิด,1,1 Topic
39733637,ประกันโควิด,2,More than 1 topic
39733637,การปฏิเสธจ่ายสินไหม,2,More than 1 topic
39734053,การยกเลิกกรมธรรม์,1,1 Topic
39735218,ความล่าช้าในการจ่ายสินไหม,1,1 Topic
39735437,ประกันโควิด,3,More than 1 topic
39735437,การปฏิเสธจ่ายสินไหม,3,More than 1 topic
39735437,ความล่าช้าในการจ่ายสินไหม,3,More than 1 topic
39736495,ประกันโควิด,1,1 Topic
39736520,ประกันโควิด,1,1 Topic
39737221,ประกันโควิด,1,1 Topic
39738085,ประกันโควิด,1,1 Topic
39738410,ประกันโควิด,1,1 Topic
39738588,ประกันโควิด,1,1 Topic
39740516,การยกเลิกกรมธรรม์,1,1 Topic
39740877,ประกันโควิด,1,1 Topic
39741031,ประกันโควิด,1,1 Topic
39742184,การยกเลิกกรมธรรม์,1,1 Topic
39742862,การยกเลิกกรมธรรม์,1,1 Topic
39747367,ประกันโควิด,2,More than 1 topic
39747367,ความล่าช้าในการจ่ายสินไหม,2,More than 1 topic
39748347,ประกันโควิด,1,1 Topic
39750322,ประกันโควิด,1,1 Topic
39751025,ประกันโควิด,1,1 Topic
39751153,การยกเลิกกรมธรรม์,1,1 Topic
39751461,ประกันโควิด,1,1 Topic
39752157,การยกเลิกกรมธรรม์,1,1 Topic
39753753,ประกันโควิด,2,More than 1 topic
39753753,การยกเลิกกรมธรรม์,2,More than 1 topic
39755538,การปฏิเสธจ่ายสินไหม,1,1 Topic
39757314,การปฏิเสธจ่ายสินไหม,2,More than 1 topic
39757314,ความล่าช้าในการจ่ายสินไหม,2,More than 1 topic
39758890,การยกเลิกกรมธรรม์,1,1 Topic
39759883,ประกันโควิด,1,1 Topic
39760536,การยกเลิกกรมธรรม์,1,1 Topic
39760613,ค่าเบี้ยประกัน,1,1 Topic
39765173,ประกันโควิด,1,1 Topic
39765313,การยกเลิกกรมธรรม์,1,1 Topic
39765670,ความล่าช้าในการจ่ายสินไหม,1,1 Topic
39767094,การปฏิเสธจ่ายสินไหม,1,1 Topic
39767765,การยกเลิกกรมธรรม์,1,1 Topic
39768146,ประกันโควิด,1,1 Topic
39768513,ประกันโควิด,1,1 Topic
39768846,ค่าเบี้ยประกัน,1,1 Topic
39769026,ประกันโควิด,1,1 Topic
39770964,การปฏิเสธจ่ายสินไหม,1,1 Topic
39771189,ประกันโควิด,1,1 Topic
39771302,ประกันโควิด,1,1 Topic
39771447,ประกันโควิด,1,1 Topic
39771942,การยกเลิกกรมธรรม์,1,1 Topic
39771957,ประกันโควิด,1,1 Topic
39773043,ประกันโควิด,1,1 Topic
39774375,การยกเลิกกรมธรรม์,2,More than 1 topic
39774375,การปฏิเสธจ่ายสินไหม,2,More than 1 topic
39774961,ประกันโควิด,1,1 Topic
39778787,การปฏิเสธจ่ายสินไหม,1,1 Topic
39780767,ประกันโควิด,1,1 Topic
39784300,ประกันโควิด,1,1 Topic
39785658,การปฏิเสธจ่ายสินไหม,1,1 Topic
39789998,การยกเลิกกรมธรรม์,1,1 Topic
39791995,การยกเลิกกรมธรรม์,1,1 Topic
39792668,ประกันโควิด,2,More than 1 topic
39792668,การปฏิเสธจ่ายสินไหม,2,More than 1 topic
39796112,การยกเลิกกรมธรรม์,1,1 Topic
39801091,ประกันโควิด,1,1 Topic
39802881,ประกันโควิด,1,1 Topic
39808829,ความล่าช้าในการจ่ายสินไหม,1,1 Topic
39808849,ความล่าช้าในการจ่ายสินไหม,1,1 Topic
39813570,การปฏิเสธจ่ายสินไหม,1,1 Topic
39817782,การยกเลิกกรมธรรม์,1,1 Topic
39818281,การปฏิเสธจ่ายสินไหม,1,1 Topic
39820989,การปฏิเสธจ่ายสินไหม,1,1 Topic
39826119,ประกันโควิด,1,1 Topic
39830232,การยกเลิกกรมธรรม์,1,1 Topic
39830586,การยกเลิกกรมธรรม์,1,1 Topic
39831394,การยกเลิกกรมธรรม์,1,1 Topic
39832199,การปฏิเสธจ่ายสินไหม,1,1 Topic
39832359,การยกเลิกกรมธรรม์,1,1 Topic
39833681,ความล่าช้าในการจ่ายสินไหม,1,1 Topic
39837655,ประกันโควิด,1,1 Topic
39838874,การยกเลิกกรมธรรม์,1,1 Topic
39846198,ประกันโควิด,1,1 Topic
39850756,การยกเลิกกรมธรรม์,1,1 Topic
39854403,ความล่าช้าในการจ่ายสินไหม,1,1 Topic
39859016,การปฏิเสธจ่ายสินไหม,1,1 Topic
39864995,การยกเลิกกรมธรรม์,1,1 Topic
39867307,การยกเลิกกรมธรรม์,1,1 Topic
39868832,การยกเลิกกรมธรรม์,1,1 Topic
39869240,การยกเลิกกรมธรรม์,1,1 Topic
39869631,การยกเลิกกรมธรรม์,1,1 Topic
39869832,การยกเลิกกรมธรรม์,1,1 Topic
39870204,ประกันโควิด,3,More than 1 topic
39870204,การปฏิเสธจ่ายสินไหม,3,More than 1 topic
39870204,ความล่าช้าในการจ่ายสินไหม,3,More than 1 topic
39874516,การยกเลิกกรมธรรม์,1,1 Topic
39876568,การยกเลิกกรมธรรม์,2,More than 1 topic
39876568,ความล่าช้าในการจ่ายสินไหม,2,More than 1 topic
39882263,การยกเลิกกรมธรรม์,1,1 Topic
39886108,ค่าเบี้ยประกัน,1,1 Topic
39887944,ค่าเบี้ยประกัน,1,1 Topic
39890122,ประกันโควิด,2,More than 1 topic
39890122,ค่าเบี้ยประกัน,2,More than 1 topic
39897335,การยกเลิกกรมธรรม์,1,1 Topic
39904255,การยกเลิกกรมธรรม์,1,1 Topic
39908350,การยกเลิกกรมธรรม์,1,1 Topic
39909873,ความล่าช้าในการจ่ายสินไหม,1,1 Topic
39911969,การปฏิเสธจ่ายสินไหม,2,More than 1 topic
39911969,ค่าเบี้ยประกัน,2,More than 1 topic
39912142,การยกเลิกกรมธรรม์,1,1 Topic
39913698,ค่าเบี้ยประกัน,1,1 Topic
39915127,ประกันโควิด,1,1 Topic
39916555,ประกันโควิด,1,1 Topic
39916951,ประกันโควิด,1,1 Topic
39918074,การปฏิเสธจ่ายสินไหม,1,1 Topic
39922584,การปฏิเสธจ่ายสินไหม,2,More than 1 topic
39922584,ความล่าช้าในการจ่ายสินไหม,2,More than 1 topic
39926666,ประกันโควิด,1,1 Topic
39927094,การปฏิเสธจ่ายสินไหม,1,1 Topic
39929994,การยกเลิกกรมธรรม์,1,1 Topic
39932569,ประกันโควิด,1,1 Topic
39932733,ค่าเบี้ยประกัน,1,1 Topic
39934059,การยกเลิกกรมธรรม์,1,1 Topic
39937394,การยกเลิกกรมธรรม์,1,1 Topic
39937542,การยกเลิกกรมธรรม์,1,1 Topic
39941750,การปฏิเสธจ่ายสินไหม,1,1 Topic
39949381,ความล่าช้าในการจ่ายสินไหม,1,1 Topic
39950002,การยกเลิกกรมธรรม์,1,1 Topic
39955970,การยกเลิกกรมธรรม์,2,More than 1 topic
39955970,ความล่าช้าในการจ่ายสินไหม,2,More than 1 topic
39957329,การยกเลิกกรมธรรม์,1,1 Topic
39958981,ความล่าช้าในการจ่ายสินไหม,1,1 Topic
39960044,การยกเลิกกรมธรรม์,1,1 Topic
39961028,ความล่าช้าในการจ่ายสินไหม,1,1 Topic
39963738,ความล่าช้าในการจ่ายสินไหม,1,1 Topic
39964496,การยกเลิกกรมธรรม์,2,More than 1 topic
39964496,ความล่าช้าในการจ่ายสินไหม,2,More than 1 topic
39966792,ประกันโควิด,1,1 Topic
39970045,ความล่าช้าในการจ่ายสินไหม,1,1 Topic
39972814,การปฏิเสธจ่ายสินไหม,1,1 Topic
39974772,ประกันโควิด,1,1 Topic
39976894,ประกันโควิด,1,1 Topic
39978595,การยกเลิกกรมธรรม์,1,1 Topic
39978948,การปฏิเสธจ่ายสินไหม,1,1 Topic
39979629,การยกเลิกกรมธรรม์,1,1 Topic
39982056,ประกันโควิด,2,More than 1 topic
39982056,การยกเลิกกรมธรรม์,2,More than 1 topic
39984783,การยกเลิกกรมธรรม์,1,1 Topic
39984915,ประกันโควิด,2,More than 1 topic
39984915,ความล่าช้าในการจ่ายสินไหม,2,More than 1 topic
39998540,การยกเลิกกรมธรรม์,1,1 Topic
40000967,การยกเลิกกรมธรรม์,2,More than 1 topic
40000967,การปฏิเสธจ่ายสินไหม,2,More than 1 topic
40002208,การยกเลิกกรมธรรม์,1,1 Topic
40009367,ประกันโควิด,1,1 Topic
40010108,การยกเลิกกรมธรรม์,2,More than 1 topic
40010108,การปฏิเสธจ่ายสินไหม,2,More than 1 topic
40010560,การปฏิเสธจ่ายสินไหม,1,1 Topic
40013434,การยกเลิกกรมธรรม์,1,1 Topic
40021965,ค่าเบี้ยประกัน,1,1 Topic
40029660,การยกเลิกกรมธรรม์,2,More than 1 topic
40029660,การปฏิเสธจ่ายสินไหม,2,More than 1 topic
40031393,การยกเลิกกรมธรรม์,1,1 Topic
40031495,การยกเลิกกรมธรรม์,1,1 Topic
40034592,ประกันโควิด,1,1 Topic
40035580,ความล่าช้าในการจ่ายสินไหม,2,More than 1 topic
40035580,ค่าเบี้ยประกัน,2,More than 1 topic
40039364,ความล่าช้าในการจ่ายสินไหม,1,1 Topic
40040922,การปฏิเสธจ่ายสินไหม,2,More than 1 topic
40040922,ความล่าช้าในการจ่ายสินไหม,2,More than 1 topic
40045593,ค่าเบี้ยประกัน,1,1 Topic
40051907,ความล่าช้าในการจ่ายสินไหม,1,1 Topic
40054275,การยกเลิกกรมธรรม์,1,1 Topic
40055051,การยกเลิกกรมธรรม์,1,1 Topic
40056263,การปฏิเสธจ่ายสินไหม,1,1 Topic
40057997,การยกเลิกกรมธรรม์,1,1 Topic
40058640,ประกันโควิด,2,More than 1 topic
40058640,การยกเลิกกรมธรรม์,2,More than 1 topic
40062630,ความล่าช้าในการจ่ายสินไหม,1,1 Topic
40071938,การยกเลิกกรมธรรม์,3,More than 1 topic
40071938,การปฏิเสธจ่ายสินไหม,3,More than 1 topic
40071938,ค่าเบี้ยประกัน,3,More than 1 topic
40071971,การยกเลิกกรมธรรม์,1,1 Topic
40073689,การยกเลิกกรมธรรม์,1,1 Topic
40077121,ประกันโควิด,4,More than 1 topic
40077121,การยกเลิกกรมธรรม์,4,More than 1 topic
40077121,การปฏิเสธจ่ายสินไหม,4,More than 1 topic
40077121,ความล่าช้าในการจ่ายสินไหม,4,More than 1 topic
40080473,การยกเลิกกรมธรรม์,1,1 Topic
40085703,ค่าเบี้ยประกัน,1,1 Topic
40088622,ค่าเบี้ยประกัน,1,1 Topic
40090950,การยกเลิกกรมธรรม์,1,1 Topic
40094440,การยกเลิกกรมธรรม์,1,1 Topic
40095367,การยกเลิกกรมธรรม์,1,1 Topic
40096565,การยกเลิกกรมธรรม์,1,1 Topic
40099733,ความล่าช้าในการจ่ายสินไหม,1,1 Topic
40101242,ประกันโควิด,2,More than 1 topic
40101242,การปฏิเสธจ่ายสินไหม,2,More than 1 topic
40105543,การยกเลิกกรมธรรม์,1,1 Topic
40110621,การยกเลิกกรมธรรม์,1,1 Topic
40111078,การปฏิเสธจ่ายสินไหม,1,1 Topic
40111665,การยกเลิกกรมธรรม์,1,1 Topic
40112890,ความล่าช้าในการจ่ายสินไหม,2,More than 1 topic
40112890,ค่าเบี้ยประกัน,2,More than 1 topic
40113034,ความล่าช้าในการจ่ายสินไหม,1,1 Topic
40113501,การยกเลิกกรมธรรม์,1,1 Topic
40122741,การยกเลิกกรมธรรม์,1,1 Topic
40123755,การยกเลิกกรมธรรม์,1,1 Topic
40125247,ประกันโควิด,2,More than 1 topic
40125247,การยกเลิกกรมธรรม์,2,More than 1 topic
40126980,ความล่าช้าในการจ่ายสินไหม,1,1 Topic
40129075,ความล่าช้าในการจ่ายสินไหม,1,1 Topic
40129203,การปฏิเสธจ่ายสินไหม,1,1 Topic
40132795,การปฏิเสธจ่ายสินไหม,1,1 Topic
40134945,การปฏิเสธจ่ายสินไหม,1,1 Topic
40137438,การปฏิเสธจ่ายสินไหม,1,1 Topic
40138076,ค่าเบี้ยประกัน,1,1 Topic
40139610,การยกเลิกกรมธรรม์,1,1 Topic
40140102,ประกันโควิด,3,More than 1 topic
40140102,การปฏิเสธจ่ายสินไหม,3,More than 1 topic
40140102,ความล่าช้าในการจ่ายสินไหม,3,More than 1 topic
40142449,ความล่าช้าในการจ่ายสินไหม,1,1 Topic
40144967,การปฏิเสธจ่ายสินไหม,1,1 Topic
40145885,การยกเลิกกรมธรรม์,2,More than 1 topic
40145885,การปฏิเสธจ่ายสินไหม,2,More than 1 topic
40151109,การปฏิเสธจ่ายสินไหม,1,1 Topic
40152401,ประกันโควิด,2,More than 1 topic
40152401,การปฏิเสธจ่ายสินไหม,2,More than 1 topic
40156234,การยกเลิกกรมธรรม์,1,1 Topic
40156789,การปฏิเสธจ่ายสินไหม,2,More than 1 topic
40156789,ความล่าช้าในการจ่ายสินไหม,2,More than 1 topic
40157221,ค่าเบี้ยประกัน,1,1 Topic
40157456,การยกเลิกกรมธรรม์,1,1 Topic
40160472,ค่าเบี้ยประกัน,1,1 Topic
40160986,การยกเลิกกรมธรรม์,1,1 Topic
40169553,ความล่าช้าในการจ่ายสินไหม,5,More than 1 topic
40169553,ค่าเบี้ยประกัน,5,More than 1 topic
40169553,ประกันโควิด,5,More than 1 topic
40169553,การยกเลิกกรมธรรม์,5,More than 1 topic
40169553,การปฏิเสธจ่ายสินไหม,5,More than 1 topic
40171497,การยกเลิกกรมธรรม์,1,1 Topic
40172544,การปฏิเสธจ่ายสินไหม,1,1 Topic
40172745,การปฏิเสธจ่ายสินไหม,1,1 Topic
40173536,การยกเลิกกรมธรรม์,1,1 Topic
40178497,การยกเลิกกรมธรรม์,2,More than 1 topic
40178497,การปฏิเสธจ่ายสินไหม,2,More than 1 topic
40179293,การปฏิเสธจ่ายสินไหม,1,1 Topic
40179333,การปฏิเสธจ่ายสินไหม,2,More than 1 topic
40179333,ความล่าช้าในการจ่ายสินไหม,2,More than 1 topic
40184408,การปฏิเสธจ่ายสินไหม,1,1 Topic
40185888,การยกเลิกกรมธรรม์,1,1 Topic
40186798,การปฏิเสธจ่ายสินไหม,1,1 Topic
40188313,การปฏิเสธจ่ายสินไหม,1,1 Topic
40191909,การปฏิเสธจ่ายสินไหม,1,1 Topic
40196492,การปฏิเสธจ่ายสินไหม,1,1 Topic
40197457,ความล่าช้าในการจ่ายสินไหม,1,1 Topic
40199005,การยกเลิกกรมธรรม์,1,1 Topic
40205190,ความล่าช้าในการจ่ายสินไหม,1,1 Topic
40206275,ความล่าช้าในการจ่ายสินไหม,1,1 Topic
40208628,การยกเลิกกรมธรรม์,1,1 Topic
40210006,การปฏิเสธจ่ายสินไหม,2,More than 1 topic
40210006,ความล่าช้าในการจ่ายสินไหม,2,More than 1 topic
40212176,ค่าเบี้ยประกัน,1,1 Topic
40212685,การยกเลิกกรมธรรม์,3,More than 1 topic
40212685,การปฏิเสธจ่ายสินไหม,3,More than 1 topic
40212685,ความล่าช้าในการจ่ายสินไหม,3,More than 1 topic
40216938,การยกเลิกกรมธรรม์,2,More than 1 topic
40216938,การปฏิเสธจ่ายสินไหม,2,More than 1 topic
40217014,การยกเลิกกรมธรรม์,1,1 Topic
40219489,ค่าเบี้ยประกัน,1,1 Topic
40222266,ความล่าช้าในการจ่ายสินไหม,1,1 Topic
40231293,การยกเลิกกรมธรรม์,1,1 Topic
40234285,การยกเลิกกรมธรรม์,1,1 Topic
40237285,การยกเลิกกรมธรรม์,1,1 Topic
40239879,การปฏิเสธจ่ายสินไหม,1,1 Topic
40241736,การยกเลิกกรมธรรม์,2,More than 1 topic
40241736,การปฏิเสธจ่ายสินไหม,2,More than 1 topic
40243023,การยกเลิกกรมธรรม์,1,1 Topic
40244967,การยกเลิกกรมธรรม์,1,1 Topic
40246239,การยกเลิกกรมธรรม์,1,1 Topic
40246582,การยกเลิกกรมธรรม์,1,1 Topic
40249711,การปฏิเสธจ่ายสินไหม,2,More than 1 topic
40249711,ค่าเบี้ยประกัน,2,More than 1 topic
40255045,การยกเลิกกรมธรรม์,1,1 Topic
40258153,การปฏิเสธจ่ายสินไหม,2,More than 1 topic
40258153,ค่าเบี้ยประกัน,2,More than 1 topic
40258343,ความล่าช้าในการจ่ายสินไหม,1,1 Topic
40264289,การยกเลิกกรมธรรม์,1,1 Topic
40269787,การยกเลิกกรมธรรม์,1,1 Topic
40270685,การยกเลิกกรมธรรม์,1,1 Topic
40274299,การยกเลิกกรมธรรม์,1,1 Topic
40277964,การยกเลิกกรมธรรม์,1,1 Topic
40287481,ประกันโควิด,1,1 Topic
40290801,การปฏิเสธจ่ายสินไหม,1,1 Topic
40298442,การยกเลิกกรมธรรม์,1,1 Topic
40298478,ค่าเบี้ยประกัน,1,1 Topic
40302612,การยกเลิกกรมธรรม์,1,1 Topic
40305666,ความล่าช้าในการจ่ายสินไหม,1,1 Topic
40308116,การยกเลิกกรมธรรม์,1,1 Topic
40308946,การยกเลิกกรมธรรม์,1,1 Topic
40309055,การยกเลิกกรมธรรม์,1,1 Topic
40313417,ความล่าช้าในการจ่ายสินไหม,1,1 Topic
40318287,การปฏิเสธจ่ายสินไหม,2,More than 1 topic
40318287,ความล่าช้าในการจ่ายสินไหม,2,More than 1 topic
40321297,ความล่าช้าในการจ่ายสินไหม,1,1 Topic
40325151,การยกเลิกกรมธรรม์,1,1 Topic
40327791,การปฏิเสธจ่ายสินไหม,1,1 Topic
40334490,การยกเลิกกรมธรรม์,1,1 Topic
40335600,ความล่าช้าในการจ่ายสินไหม,1,1 Topic
40335977,ความล่าช้าในการจ่ายสินไหม,1,1 Topic
40343884,ความล่าช้าในการจ่ายสินไหม,1,1 Topic
40345271,ความล่าช้าในการจ่ายสินไหม,1,1 Topic
40360224,ความล่าช้าในการจ่ายสินไหม,1,1 Topic
40360529,การปฏิเสธจ่ายสินไหม,1,1 Topic
40360583,การยกเลิกกรมธรรม์,1,1 Topic
40360735,การปฏิเสธจ่ายสินไหม,1,1 Topic
40361146,ประกันโควิด,2,More than 1 topic
40361146,การยกเลิกกรมธรรม์,2,More than 1 topic
40362118,ความล่าช้าในการจ่ายสินไหม,1,1 Topic
40362991,การยกเลิกกรมธรรม์,1,1 Topic
40368958,การยกเลิกกรมธรรม์,1,1 Topic
40370533,ความล่าช้าในการจ่ายสินไหม,1,1 Topic
40371000,การยกเลิกกรมธรรม์,1,1 Topic
40373624,ประกันโควิด,2,More than 1 topic
40373624,การปฏิเสธจ่ายสินไหม,2,More than 1 topic
40374507,การยกเลิกกรมธรรม์,1,1 Topic
40378213,การปฏิเสธจ่ายสินไหม,1,1 Topic
40379954,การยกเลิกกรมธรรม์,1,1 Topic
40380846,การยกเลิกกรมธรรม์,2,More than 1 topic
40380846,การปฏิเสธจ่ายสินไหม,2,More than 1 topic
40383202,ความล่าช้าในการจ่ายสินไหม,1,1 Topic
40384265,การยกเลิกกรมธรรม์,1,1 Topic
40385709,ค่าเบี้ยประกัน,1,1 Topic
40390117,การปฏิเสธจ่ายสินไหม,1,1 Topic
40390616,การยกเลิกกรมธรรม์,1,1 Topic
40395205,การยกเลิกกรมธรรม์,1,1 Topic
40395774,การยกเลิกกรมธรรม์,1,1 Topic
40396307,ค่าเบี้ยประกัน,1,1 Topic
40398777,การยกเลิกกรมธรรม์,1,1 Topic
40399115,การปฏิเสธจ่ายสินไหม,1,1 Topic
40400172,การยกเลิกกรมธรรม์,2,More than 1 topic
40400172,ค่าเบี้ยประกัน,2,More than 1 topic
40400505,การยกเลิกกรมธรรม์,1,1 Topic
40400699,การปฏิเสธจ่ายสินไหม,2,More than 1 topic
40400699,ความล่าช้าในการจ่ายสินไหม,2,More than 1 topic
40402046,การปฏิเสธจ่ายสินไหม,1,1 Topic
40404202,การปฏิเสธจ่ายสินไหม,1,1 Topic
40404922,การยกเลิกกรมธรรม์,1,1 Topic
40406064,การปฏิเสธจ่ายสินไหม,1,1 Topic
40407445,ความล่าช้าในการจ่ายสินไหม,1,1 Topic
40413419,การยกเลิกกรมธรรม์,1,1 Topic
40413520,การยกเลิกกรมธรรม์,1,1 Topic
40418157,ประกันโควิด,1,1 Topic
40423013,การยกเลิกกรมธรรม์,1,1 Topic
40426446,ประกันโควิด,3,More than 1 topic
40426446,การยกเลิกกรมธรรม์,3,More than 1 topic
40426446,ความล่าช้าในการจ่ายสินไหม,3,More than 1 topic
40426669,การยกเลิกกรมธรรม์,1,1 Topic
40427142,ประกันโควิด,1,1 Topic
40428526,ค่าเบี้ยประกัน,1,1 Topic
40429077,ประกันโควิด,1,1 Topic
40430240,ประกันโควิด,1,1 Topic
40431341,ประกันโควิด,2,More than 1 topic
40431341,การยกเลิกกรมธรรม์,2,More than 1 topic
40431664,การยกเลิกกรมธรรม์,1,1 Topic
40432590,การยกเลิกกรมธรรม์,1,1 Topic
40437343,การยกเลิกกรมธรรม์,1,1 Topic
40437456,ประกันโควิด,1,1 Topic
40440440,การยกเลิกกรมธรรม์,1,1 Topic
40442020,การยกเลิกกรมธรรม์,1,1 Topic
40442211,การปฏิเสธจ่ายสินไหม,1,1 Topic
40443492,ประกันโควิด,1,1 Topic
40444104,การยกเลิกกรมธรรม์,3,More than 1 topic
40444104,การปฏิเสธจ่ายสินไหม,3,More than 1 topic
40444104,ความล่าช้าในการจ่ายสินไหม,3,More than 1 topic
40444506,การยกเลิกกรมธรรม์,1,1 Topic
40445527,การปฏิเสธจ่ายสินไหม,1,1 Topic
40446887,ประกันโควิด,3,More than 1 topic
40446887,การยกเลิกกรมธรรม์,3,More than 1 topic
40446887,การปฏิเสธจ่ายสินไหม,3,More than 1 topic
40447909,ประกันโควิด,1,1 Topic
40448965,ความล่าช้าในการจ่ายสินไหม,1,1 Topic
40449496,การยกเลิกกรมธรรม์,1,1 Topic
40449725,ค่าเบี้ยประกัน,1,1 Topic
40450511,ประกันโควิด,1,1 Topic
40457691,ประกันโควิด,1,1 Topic
40460828,การปฏิเสธจ่ายสินไหม,1,1 Topic
40462649,ประกันโควิด,1,1 Topic
40462867,การยกเลิกกรมธรรม์,1,1 Topic
40465043,การยกเลิกกรมธรรม์,1,1 Topic
40465106,การยกเลิกกรมธรรม์,1,1 Topic
40465849,การปฏิเสธจ่ายสินไหม,1,1 Topic
40467677,การยกเลิกกรมธรรม์,1,1 Topic
40468112,การยกเลิกกรมธรรม์,1,1 Topic
40468400,การยกเลิกกรมธรรม์,1,1 Topic
40470912,การปฏิเสธจ่ายสินไหม,1,1 Topic
40474353,การปฏิเสธจ่ายสินไหม,2,More than 1 topic
40474353,ความล่าช้าในการจ่ายสินไหม,2,More than 1 topic
40474906,การยกเลิกกรมธรรม์,1,1 Topic
40477225,การยกเลิกกรมธรรม์,1,1 Topic
40479206,การยกเลิกกรมธรรม์,1,1 Topic
40479622,การปฏิเสธจ่ายสินไหม,1,1 Topic
40481432,การปฏิเสธจ่ายสินไหม,2,More than 1 topic
40481432,ความล่าช้าในการจ่ายสินไหม,2,More than 1 topic
40481908,ประกันโควิด,2,More than 1 topic
40481908,การปฏิเสธจ่ายสินไหม,2,More than 1 topic
40483080,การยกเลิกกรมธรรม์,1,1 Topic
40484403,การยกเลิกกรมธรรม์,1,1 Topic
40485666,ความล่าช้าในการจ่ายสินไหม,2,More than 1 topic
40485666,ค่าเบี้ยประกัน,2,More than 1 topic
40491064,การยกเลิกกรมธรรม์,1,1 Topic
40491949,การยกเลิกกรมธรรม์,1,1 Topic
40494728,ประกันโควิด,1,1 Topic
40497642,การยกเลิกกรมธรรม์,1,1 Topic
40498042,การยกเลิกกรมธรรม์,1,1 Topic
40500025,การปฏิเสธจ่ายสินไหม,1,1 Topic
40500742,ค่าเบี้ยประกัน,1,1 Topic
40507366,การยกเลิกกรมธรรม์,1,1 Topic
40509273,การยกเลิกกรมธรรม์,1,1 Topic
40510985,การยกเลิกกรมธรรม์,1,1 Topic
40512204,การปฏิเสธจ่ายสินไหม,1,1 Topic
40512754,ความล่าช้าในการจ่ายสินไหม,1,1 Topic
40522143,การยกเลิกกรมธรรม์,1,1 Topic
40522837,การยกเลิกกรมธรรม์,1,1 Topic
40524604,การยกเลิกกรมธรรม์,1,1 Topic
40528706,ความล่าช้าในการจ่ายสินไหม,1,1 Topic
40528839,การยกเลิกกรมธรรม์,2,More than 1 topic
40528839,การปฏิเสธจ่ายสินไหม,2,More than 1 topic
40532743,การยกเลิกกรมธรรม์,3,More than 1 topic
40532743,การปฏิเสธจ่ายสินไหม,3,More than 1 topic
40532743,ค่าเบี้ยประกัน,3,More than 1 topic
40536363,ความล่าช้าในการจ่ายสินไหม,1,1 Topic
40537406,ประกันโควิด,1,1 Topic
40538822,การยกเลิกกรมธรรม์,1,1 Topic
40544109,การยกเลิกกรมธรรม์,2,More than 1 topic
40544109,การปฏิเสธจ่ายสินไหม,2,More than 1 topic
40548266,ความล่าช้าในการจ่ายสินไหม,1,1 Topic
40548626,ค่าเบี้ยประกัน,1,1 Topic
40552109,การยกเลิกกรมธรรม์,1,1 Topic
40553520,การปฏิเสธจ่ายสินไหม,1,1 Topic
40554405,การยกเลิกกรมธรรม์,3,More than 1 topic
40554405,การปฏิเสธจ่ายสินไหม,3,More than 1 topic
40554405,ความล่าช้าในการจ่ายสินไหม,3,More than 1 topic
40559103,การปฏิเสธจ่ายสินไหม,1,1 Topic
40559748,ค่าเบี้ยประกัน,1,1 Topic
40559751,การปฏิเสธจ่ายสินไหม,2,More than 1 topic
40559751,ความล่าช้าในการจ่ายสินไหม,2,More than 1 topic
40560194,การปฏิเสธจ่ายสินไหม,1,1 Topic
40560883,การยกเลิกกรมธรรม์,3,More than 1 topic
40560883,การปฏิเสธจ่ายสินไหม,3,More than 1 topic
40560883,ความล่าช้าในการจ่ายสินไหม,3,More than 1 topic
40564020,การปฏิเสธจ่ายสินไหม,1,1 Topic
40564722,ประกันโควิด,1,1 Topic
40565568,การยกเลิกกรมธรรม์,1,1 Topic
40565946,ความล่าช้าในการจ่ายสินไหม,1,1 Topic
40567568,การยกเลิกกรมธรรม์,1,1 Topic
40568142,การยกเลิกกรมธรรม์,1,1 Topic
40569561,การยกเลิกกรมธรรม์,1,1 Topic
40571059,การปฏิเสธจ่ายสินไหม,1,1 Topic
40572982,การยกเลิกกรมธรรม์,1,1 Topic
40579824,ประกันโควิด,3,More than 1 topic
40579824,การปฏิเสธจ่ายสินไหม,3,More than 1 topic
40579824,ค่าเบี้ยประกัน,3,More than 1 topic
40580343,ประกันโควิด,1,1 Topic
40581856,ความล่าช้าในการจ่ายสินไหม,1,1 Topic
40586456,ค่าเบี้ยประกัน,1,1 Topic
40591062,ความล่าช้าในการจ่ายสินไหม,1,1 Topic
40591878,ค่าเบี้ยประกัน,1,1 Topic
40592962,การปฏิเสธจ่ายสินไหม,1,1 Topic
40593078,การปฏิเสธจ่ายสินไหม,2,More than 1 topic
40593078,ความล่าช้าในการจ่ายสินไหม,2,More than 1 topic
40594902,ความล่าช้าในการจ่ายสินไหม,1,1 Topic
40603147,การยกเลิกกรมธรรม์,1,1 Topic
40606101,การยกเลิกกรมธรรม์,4,More than 1 topic
40606101,ความล่าช้าในการจ่ายสินไหม,4,More than 1 topic
40606101,การปฏิเสธจ่ายสินไหม,4,More than 1 topic
40606101,ค่าเบี้ยประกัน,4,More than 1 topic
40606222,ค่าเบี้ยประกัน,1,1 Topic
40606623,การยกเลิกกรมธรรม์,1,1 Topic
40608117,การปฏิเสธจ่ายสินไหม,1,1 Topic
40609216,การยกเลิกกรมธรรม์,1,1 Topic
40609324,การยกเลิกกรมธรรม์,1,1 Topic
40615593,การยกเลิกกรมธรรม์,1,1 Topic
40617003,การยกเลิกกรมธรรม์,1,1 Topic
40623999,การปฏิเสธจ่ายสินไหม,1,1 Topic
40626498,การยกเลิกกรมธรรม์,1,1 Topic
40626664,การยกเลิกกรมธรรม์,1,1 Topic
40628340,ค่าเบี้ยประกัน,1,1 Topic
40630119,ประกันโควิด,1,1 Topic
40630586,การยกเลิกกรมธรรม์,2,More than 1 topic
40630586,การปฏิเสธจ่ายสินไหม,2,More than 1 topic
40631115,ประกันโควิด,1,1 Topic
40631772,การปฏิเสธจ่ายสินไหม,1,1 Topic
40632709,ประกันโควิด,2,More than 1 topic
40632709,การปฏิเสธจ่ายสินไหม,2,More than 1 topic
40632819,ประกันโควิด,1,1 Topic
40633886,การยกเลิกกรมธรรม์,1,1 Topic
40634094,ประกันโควิด,2,More than 1 topic
40634094,การยกเลิกกรมธรรม์,2,More than 1 topic
40635037,การยกเลิกกรมธรรม์,3,More than 1 topic
40635037,การปฏิเสธจ่ายสินไหม,3,More than 1 topic
40635037,ความล่าช้าในการจ่ายสินไหม,3,More than 1 topic
40637125,ประกันโควิด,1,1 Topic
40638124,ประกันโควิด,1,1 Topic
40638457,ประกันโควิด,1,1 Topic
40638554,ประกันโควิด,1,1 Topic
40638597,ประกันโควิด,1,1 Topic
40639249,ประกันโควิด,1,1 Topic
40640108,ประกันโควิด,2,More than 1 topic
40640108,ความล่าช้าในการจ่ายสินไหม,2,More than 1 topic
40644204,ประกันโควิด,1,1 Topic
40645018,การยกเลิกกรมธรรม์,1,1 Topic
40645193,ประกันโควิด,1,1 Topic
40645464,การยกเลิกกรมธรรม์,1,1 Topic
40648574,การปฏิเสธจ่ายสินไหม,2,More than 1 topic
40648574,ค่าเบี้ยประกัน,2,More than 1 topic
40650659,ประกันโควิด,1,1 Topic
40651110,ความล่าช้าในการจ่ายสินไหม,1,1 Topic
40651444,ประกันโควิด,1,1 Topic
40651779,การยกเลิกกรมธรรม์,2,More than 1 topic
40651779,การปฏิเสธจ่ายสินไหม,2,More than 1 topic
40654200,ประกันโควิด,1,1 Topic
40654496,ประกันโควิด,1,1 Topic
40654510,ประกันโควิด,2,More than 1 topic
40654510,การยกเลิกกรมธรรม์,2,More than 1 topic
40654640,ประกันโควิด,1,1 Topic
40654828,ประกันโควิด,1,1 Topic
40655999,ประกันโควิด,1,1 Topic
40656197,ประกันโควิด,1,1 Topic
40656492,ประกันโควิด,1,1 Topic
40657272,ประกันโควิด,1,1 Topic
40658295,ประกันโควิด,1,1 Topic
40658373,ประกันโควิด,2,More than 1 topic
40658373,การปฏิเสธจ่ายสินไหม,2,More than 1 topic
40658860,ประกันโควิด,1,1 Topic
40659747,ประกันโควิด,1,1 Topic
40659820,ประกันโควิด,2,More than 1 topic
40659820,ความล่าช้าในการจ่ายสินไหม,2,More than 1 topic
40659832,ประกันโควิด,2,More than 1 topic
40659832,การปฏิเสธจ่ายสินไหม,2,More than 1 topic
40659994,ประกันโควิด,2,More than 1 topic
40659994,การปฏิเสธจ่ายสินไหม,2,More than 1 topic
40660151,ประกันโควิด,1,1 Topic
40660333,ประกันโควิด,1,1 Topic
40660339,ประกันโควิด,1,1 Topic
40660744,ประกันโควิด,1,1 Topic
40662384,ประกันโควิด,1,1 Topic
40663386,ประกันโควิด,1,1 Topic
40664811,การยกเลิกกรมธรรม์,1,1 Topic
40664892,ประกันโควิด,1,1 Topic
40665615,ค่าเบี้ยประกัน,1,1 Topic
40666101,การยกเลิกกรมธรรม์,2,More than 1 topic
40666101,ค่าเบี้ยประกัน,2,More than 1 topic
40666872,การยกเลิกกรมธรรม์,2,More than 1 topic
40666872,การปฏิเสธจ่ายสินไหม,2,More than 1 topic
40666928,ประกันโควิด,1,1 Topic
40667418,ประกันโควิด,1,1 Topic
40668778,ประกันโควิด,1,1 Topic
40669250,การปฏิเสธจ่ายสินไหม,2,More than 1 topic
40669250,ความล่าช้าในการจ่ายสินไหม,2,More than 1 topic
40670449,ประกันโควิด,1,1 Topic
40671275,ประกันโควิด,1,1 Topic
40671480,ประกันโควิด,1,1 Topic
40672144,ประกันโควิด,1,1 Topic
40673249,การยกเลิกกรมธรรม์,2,More than 1 topic
40673249,ค่าเบี้ยประกัน,2,More than 1 topic
40673324,การปฏิเสธจ่ายสินไหม,2,More than 1 topic
40673324,ความล่าช้าในการจ่ายสินไหม,2,More than 1 topic
40673706,ประกันโควิด,2,More than 1 topic
40673706,ความล่าช้าในการจ่ายสินไหม,2,More than 1 topic
40674202,ประกันโควิด,1,1 Topic
40674805,ประกันโควิด,1,1 Topic
40675937,ประกันโควิด,2,More than 1 topic
40675937,การยกเลิกกรมธรรม์,2,More than 1 topic
40676695,ประกันโควิด,1,1 Topic
40677682,ประกันโควิด,1,1 Topic
40679754,ประกันโควิด,1,1 Topic
40679881,การยกเลิกกรมธรรม์,1,1 Topic
40680543,ประกันโควิด,1,1 Topic
40680904,ประกันโควิด,3,More than 1 topic
40680904,การปฏิเสธจ่ายสินไหม,3,More than 1 topic
40680904,ความล่าช้าในการจ่ายสินไหม,3,More than 1 topic
40683110,การยกเลิกกรมธรรม์,1,1 Topic
40684727,การยกเลิกกรมธรรม์,1,1 Topic
40687183,ประกันโควิด,2,More than 1 topic
40687183,การยกเลิกกรมธรรม์,2,More than 1 topic
40689121,การยกเลิกกรมธรรม์,1,1 Topic
40689340,การปฏิเสธจ่ายสินไหม,1,1 Topic
40689781,การยกเลิกกรมธรรม์,1,1 Topic
40690104,ประกันโควิด,1,1 Topic
40693940,ประกันโควิด,3,More than 1 topic
40693940,การยกเลิกกรมธรรม์,3,More than 1 topic
40693940,การปฏิเสธจ่ายสินไหม,3,More than 1 topic
40694386,ประกันโควิด,1,1 Topic
40694510,ประกันโควิด,1,1 Topic
40695037,ประกันโควิด,3,More than 1 topic
40695037,การปฏิเสธจ่ายสินไหม,3,More than 1 topic
40695037,ความล่าช้าในการจ่ายสินไหม,3,More than 1 topic
40695727,การปฏิเสธจ่ายสินไหม,1,1 Topic
40696914,การยกเลิกกรมธรรม์,1,1 Topic
40697354,ประกันโควิด,1,1 Topic
40698395,ประกันโควิด,1,1 Topic
40699055,การยกเลิกกรมธรรม์,2,More than 1 topic
40699055,ความล่าช้าในการจ่ายสินไหม,2,More than 1 topic
40699366,ประกันโควิด,2,More than 1 topic
40699366,การยกเลิกกรมธรรม์,2,More than 1 topic
40699380,การยกเลิกกรมธรรม์,1,1 Topic
40699846,ประกันโควิด,1,1 Topic
40700556,การยกเลิกกรมธรรม์,1,1 Topic
40702823,การยกเลิกกรมธรรม์,1,1 Topic
40703422,การยกเลิกกรมธรรม์,1,1 Topic
40703508,การยกเลิกกรมธรรม์,1,1 Topic
40704702,การยกเลิกกรมธรรม์,1,1 Topic
40707260,ประกันโควิด,1,1 Topic
40708062,ประกันโควิด,1,1 Topic
40709928,ประกันโควิด,1,1 Topic
40710057,การยกเลิกกรมธรรม์,1,1 Topic
40710877,ประกันโควิด,3,More than 1 topic
40710877,การปฏิเสธจ่ายสินไหม,3,More than 1 topic
40710877,ค่าเบี้ยประกัน,3,More than 1 topic
40711522,ประกันโควิด,1,1 Topic
40712165,การยกเลิกกรมธรรม์,1,1 Topic
40712509,การยกเลิกกรมธรรม์,3,More than 1 topic
40712509,การปฏิเสธจ่ายสินไหม,3,More than 1 topic
40712509,ความล่าช้าในการจ่ายสินไหม,3,More than 1 topic
40714525,ประกันโควิด,2,More than 1 topic
40714525,ความล่าช้าในการจ่ายสินไหม,2,More than 1 topic
40716112,การปฏิเสธจ่ายสินไหม,1,1 Topic
40716502,การยกเลิกกรมธรรม์,1,1 Topic
40717402,การปฏิเสธจ่ายสินไหม,1,1 Topic
40719210,ประกันโควิด,1,1 Topic
40719811,การปฏิเสธจ่ายสินไหม,1,1 Topic
40721588,การปฏิเสธจ่ายสินไหม,2,More than 1 topic
40721588,ค่าเบี้ยประกัน,2,More than 1 topic
40721664,การปฏิเสธจ่ายสินไหม,2,More than 1 topic
40721664,ความล่าช้าในการจ่ายสินไหม,2,More than 1 topic
40721758,การปฏิเสธจ่ายสินไหม,2,More than 1 topic
40721758,ค่าเบี้ยประกัน,2,More than 1 topic
40721986,ประกันโควิด,1,1 Topic
40722637,ประกันโควิด,1,1 Topic
40723782,ประกันโควิด,1,1 Topic
40724095,การปฏิเสธจ่ายสินไหม,1,1 Topic
40724096,การยกเลิกกรมธรรม์,1,1 Topic
40726540,ประกันโควิด,1,1 Topic
40728083,การยกเลิกกรมธรรม์,1,1 Topic
40728791,ประกันโควิด,1,1 Topic
40729016,การปฏิเสธจ่ายสินไหม,1,1 Topic
40730207,ประกันโควิด,1,1 Topic
40730274,การยกเลิกกรมธรรม์,1,1 Topic
40731779,การยกเลิกกรมธรรม์,1,1 Topic
40732434,ประกันโควิด,1,1 Topic
40732884,ประกันโควิด,1,1 Topic
40733096,ประกันโควิด,1,1 Topic
40733397,การปฏิเสธจ่ายสินไหม,1,1 Topic
40738945,ประกันโควิด,1,1 Topic
40740189,การปฏิเสธจ่ายสินไหม,2,More than 1 topic
40740189,ค่าเบี้ยประกัน,2,More than 1 topic
40743172,ประกันโควิด,1,1 Topic
40745818,ประกันโควิด,1,1 Topic
40746111,ประกันโควิด,2,More than 1 topic
40746111,การปฏิเสธจ่ายสินไหม,2,More than 1 topic
40752610,ประกันโควิด,1,1 Topic
40753209,การยกเลิกกรมธรรม์,1,1 Topic
40755085,ประกันโควิด,1,1 Topic
40759512,ประกันโควิด,1,1 Topic
40760411,ประกันโควิด,1,1 Topic
40762658,ประกันโควิด,1,1 Topic
40763520,การยกเลิกกรมธรรม์,1,1 Topic
40763997,การปฏิเสธจ่ายสินไหม,1,1 Topic
40765309,ประกันโควิด,1,1 Topic
40766982,การยกเลิกกรมธรรม์,2,More than 1 topic
40766982,ค่าเบี้ยประกัน,2,More than 1 topic
40767457,ประกันโควิด,1,1 Topic
40769645,การยกเลิกกรมธรรม์,1,1 Topic
40769676,ค่าเบี้ยประกัน,1,1 Topic
40769863,การยกเลิกกรมธรรม์,1,1 Topic
40770162,การยกเลิกกรมธรรม์,1,1 Topic
40771755,การปฏิเสธจ่ายสินไหม,1,1 Topic
40777302,การยกเลิกกรมธรรม์,1,1 Topic
40780433,การยกเลิกกรมธรรม์,1,1 Topic
40785381,ประกันโควิด,2,More than 1 topic
40785381,ความล่าช้าในการจ่ายสินไหม,2,More than 1 topic
40785672,การยกเลิกกรมธรรม์,1,1 Topic
40787582,ประกันโควิด,1,1 Topic
40791962,ประกันโควิด,1,1 Topic
40793174,ความล่าช้าในการจ่ายสินไหม,1,1 Topic
40800372,ค่าเบี้ยประกัน,1,1 Topic
40800625,ค่าเบี้ยประกัน,1,1 Topic
40800805,ประกันโควิด,2,More than 1 topic
40800805,การยกเลิกกรมธรรม์,2,More than 1 topic
40801447,ประกันโควิด,2,More than 1 topic
40801447,การปฏิเสธจ่ายสินไหม,2,More than 1 topic
40805223,การยกเลิกกรมธรรม์,1,1 Topic
40805397,ประกันโควิด,1,1 Topic
40806216,ประกันโควิด,1,1 Topic
40806919,การปฏิเสธจ่ายสินไหม,1,1 Topic
40808926,การยกเลิกกรมธรรม์,1,1 Topic
40809499,การปฏิเสธจ่ายสินไหม,1,1 Topic
40811629,การยกเลิกกรมธรรม์,1,1 Topic
40811844,การปฏิเสธจ่ายสินไหม,2,More than 1 topic
40811844,ความล่าช้าในการจ่ายสินไหม,2,More than 1 topic
40812096,การยกเลิกกรมธรรม์,1,1 Topic
40814266,ประกันโควิด,1,1 Topic
40817832,ประกันโควิด,1,1 Topic
40818061,การยกเลิกกรมธรรม์,2,More than 1 topic
40818061,การปฏิเสธจ่ายสินไหม,2,More than 1 topic
40818109,ประกันโควิด,1,1 Topic
40819680,ประกันโควิด,1,1 Topic
40819780,ประกันโควิด,1,1 Topic
40819837,การยกเลิกกรมธรรม์,1,1 Topic
40820856,ประกันโควิด,1,1 Topic
40821586,ประกันโควิด,1,1 Topic
40824134,ความล่าช้าในการจ่ายสินไหม,1,1 Topic
40824471,การยกเลิกกรมธรรม์,1,1 Topic
40825381,ประกันโควิด,1,1 Topic
40825394,ประกันโควิด,1,1 Topic
40826941,ประกันโควิด,1,1 Topic
40827306,การยกเลิกกรมธรรม์,1,1 Topic
40828489,การยกเลิกกรมธรรม์,4,More than 1 topic
40828489,ความล่าช้าในการจ่ายสินไหม,4,More than 1 topic
40828489,การปฏิเสธจ่ายสินไหม,4,More than 1 topic
40828489,ค่าเบี้ยประกัน,4,More than 1 topic
40828761,ประกันโควิด,1,1 Topic
40829875,การยกเลิกกรมธรรม์,1,1 Topic
40831704,ประกันโควิด,1,1 Topic
40832666,การปฏิเสธจ่ายสินไหม,1,1 Topic
40832985,ประกันโควิด,1,1 Topic
40834494,ประกันโควิด,1,1 Topic
40835047,การยกเลิกกรมธรรม์,2,More than 1 topic
40835047,การปฏิเสธจ่ายสินไหม,2,More than 1 topic
40835586,ประกันโควิด,1,1 Topic
40836103,ประกันโควิด,1,1 Topic
40838274,ประกันโควิด,1,1 Topic
40840363,การยกเลิกกรมธรรม์,2,More than 1 topic
40840363,การปฏิเสธจ่ายสินไหม,2,More than 1 topic
40842623,การปฏิเสธจ่ายสินไหม,1,1 Topic
40844480,การยกเลิกกรมธรรม์,1,1 Topic
40844647,ประกันโควิด,2,More than 1 topic
40844647,การยกเลิกกรมธรรม์,2,More than 1 topic
40844701,การยกเลิกกรมธรรม์,1,1 Topic
40844762,การยกเลิกกรมธรรม์,3,More than 1 topic
40844762,การปฏิเสธจ่ายสินไหม,3,More than 1 topic
40844762,ค่าเบี้ยประกัน,3,More than 1 topic
40844792,ประกันโควิด,2,More than 1 topic
40844792,การยกเลิกกรมธรรม์,2,More than 1 topic
40844876,ประกันโควิด,2,More than 1 topic
40844876,การยกเลิกกรมธรรม์,2,More than 1 topic
40844895,ประกันโควิด,2,More than 1 topic
40844895,การยกเลิกกรมธรรม์,2,More than 1 topic
40844940,ประกันโควิด,1,1 Topic
40844952,ประกันโควิด,2,More than 1 topic
40844952,การยกเลิกกรมธรรม์,2,More than 1 topic
40845213,ประกันโควิด,2,More than 1 topic
40845213,การยกเลิกกรมธรรม์,2,More than 1 topic
40845590,ประกันโควิด,2,More than 1 topic
40845590,การยกเลิกกรมธรรม์,2,More than 1 topic
40845621,ประกันโควิด,1,1 Topic
40845656,ประกันโควิด,2,More than 1 topic
40845656,การยกเลิกกรมธรรม์,2,More than 1 topic
40845766,การยกเลิกกรมธรรม์,1,1 Topic
40847349,ประกันโควิด,2,More than 1 topic
40847349,การยกเลิกกรมธรรม์,2,More than 1 topic
40847432,ประกันโควิด,2,More than 1 topic
40847432,การยกเลิกกรมธรรม์,2,More than 1 topic
40847707,ประกันโควิด,1,1 Topic
40847969,ประกันโควิด,1,1 Topic
40848315,ประกันโควิด,1,1 Topic
40848479,ประกันโควิด,1,1 Topic
40849004,ประกันโควิด,1,1 Topic
40849112,ประกันโควิด,2,More than 1 topic
40849112,การยกเลิกกรมธรรม์,2,More than 1 topic
40850556,ประกันโควิด,2,More than 1 topic
40850556,การยกเลิกกรมธรรม์,2,More than 1 topic
40851023,ประกันโควิด,1,1 Topic
40853015,ประกันโควิด,1,1 Topic
40853734,ประกันโควิด,1,1 Topic
40854594,ประกันโควิด,2,More than 1 topic
40854594,การยกเลิกกรมธรรม์,2,More than 1 topic
40856492,ประกันโควิด,1,1 Topic
40858158,ประกันโควิด,1,1 Topic
40858513,ประกันโควิด,2,More than 1 topic
40858513,ความล่าช้าในการจ่ายสินไหม,2,More than 1 topic
40860962,การยกเลิกกรมธรรม์,1,1 Topic
40861397,การยกเลิกกรมธรรม์,1,1 Topic
40862218,ความล่าช้าในการจ่ายสินไหม,1,1 Topic
40865030,ประกันโควิด,1,1 Topic
40865262,ประกันโควิด,2,More than 1 topic
40865262,การปฏิเสธจ่ายสินไหม,2,More than 1 topic
40865486,ประกันโควิด,1,1 Topic
40866730,ประกันโควิด,1,1 Topic
40871728,การยกเลิกกรมธรรม์,1,1 Topic
40872679,การยกเลิกกรมธรรม์,1,1 Topic
40873540,ประกันโควิด,1,1 Topic
40873850,ประกันโควิด,1,1 Topic
40874287,ประกันโควิด,1,1 Topic
40874479,การปฏิเสธจ่ายสินไหม,1,1 Topic
40875704,ประกันโควิด,1,1 Topic
40875923,การยกเลิกกรมธรรม์,1,1 Topic
40876152,ประกันโควิด,1,1 Topic
40876156,ประกันโควิด,1,1 Topic
40876232,ประกันโควิด,1,1 Topic
40876385,ประกันโควิด,1,1 Topic
40876937,ประกันโควิด,1,1 Topic
40877563,ประกันโควิด,1,1 Topic
40877835,ประกันโควิด,1,1 Topic
40879432,ประกันโควิด,1,1 Topic
40879741,การยกเลิกกรมธรรม์,1,1 Topic
40880482,ประกันโควิด,1,1 Topic
40880666,ประกันโควิด,2,More than 1 topic
40880666,ความล่าช้าในการจ่ายสินไหม,2,More than 1 topic
40880676,ประกันโควิด,1,1 Topic
40882271,ประกันโควิด,2,More than 1 topic
40882271,การปฏิเสธจ่ายสินไหม,2,More than 1 topic
40882699,ประกันโควิด,1,1 Topic
40882862,การยกเลิกกรมธรรม์,1,1 Topic
40883390,ประกันโควิด,1,1 Topic
40883618,การปฏิเสธจ่ายสินไหม,2,More than 1 topic
40883618,ความล่าช้าในการจ่ายสินไหม,2,More than 1 topic
40885014,ประกันโควิด,1,1 Topic
40885844,ประกันโควิด,1,1 Topic
40887170,ประกันโควิด,2,More than 1 topic
40887170,การยกเลิกกรมธรรม์,2,More than 1 topic
40888666,ประกันโควิด,1,1 Topic
40889193,ประกันโควิด,2,More than 1 topic
40889193,ความล่าช้าในการจ่ายสินไหม,2,More than 1 topic
40889288,ประกันโควิด,1,1 Topic
40891824,การปฏิเสธจ่ายสินไหม,1,1 Topic
40891896,ค่าเบี้ยประกัน,1,1 Topic
40892096,การปฏิเสธจ่ายสินไหม,1,1 Topic
40892194,ประกันโควิด,1,1 Topic
40893396,ประกันโควิด,1,1 Topic
40893531,ประกันโควิด,1,1 Topic
40894497,ประกันโควิด,1,1 Topic
40894529,ประกันโควิด,1,1 Topic
40894563,การยกเลิกกรมธรรม์,1,1 Topic
40897934,ประกันโควิด,2,More than 1 topic
40897934,ความล่าช้าในการจ่ายสินไหม,2,More than 1 topic
40899155,ประกันโควิด,2,More than 1 topic
40899155,ความล่าช้าในการจ่ายสินไหม,2,More than 1 topic
40899474,ประกันโควิด,2,More than 1 topic
40899474,การยกเลิกกรมธรรม์,2,More than 1 topic
40899483,ประกันโควิด,3,More than 1 topic
40899483,การปฏิเสธจ่ายสินไหม,3,More than 1 topic
40899483,ค่าเบี้ยประกัน,3,More than 1 topic
40899686,ประกันโควิด,1,1 Topic
40899785,ความล่าช้าในการจ่ายสินไหม,1,1 Topic
40899916,ประกันโควิด,2,More than 1 topic
40899916,ความล่าช้าในการจ่ายสินไหม,2,More than 1 topic
40900656,การยกเลิกกรมธรรม์,1,1 Topic
40901313,การยกเลิกกรมธรรม์,1,1 Topic
40903111,ประกันโควิด,1,1 Topic
40904060,ประกันโควิด,1,1 Topic
40904390,ประกันโควิด,1,1 Topic
40904646,ประกันโควิด,1,1 Topic
40904872,ประกันโควิด,1,1 Topic
40905465,การปฏิเสธจ่ายสินไหม,1,1 Topic
40905713,ประกันโควิด,1,1 Topic
40906190,ประกันโควิด,1,1 Topic
40906289,การปฏิเสธจ่ายสินไหม,2,More than 1 topic
40906289,ค่าเบี้ยประกัน,2,More than 1 topic
40907267,การยกเลิกกรมธรรม์,1,1 Topic
40907677,ประกันโควิด,1,1 Topic
40908387,ประกันโควิด,1,1 Topic
40909015,ประกันโควิด,1,1 Topic
40909041,ประกันโควิด,1,1 Topic
40910283,ประกันโควิด,1,1 Topic
40912377,ประกันโควิด,2,More than 1 topic
40912377,ความล่าช้าในการจ่ายสินไหม,2,More than 1 topic
40912478,ประกันโควิด,1,1 Topic
40912655,ประกันโควิด,1,1 Topic
40913424,ประกันโควิด,2,More than 1 topic
40913424,ความล่าช้าในการจ่ายสินไหม,2,More than 1 topic
40913726,ประกันโควิด,1,1 Topic
40913814,ประกันโควิด,1,1 Topic
40914610,ประกันโควิด,2,More than 1 topic
40914610,ความล่าช้าในการจ่ายสินไหม,2,More than 1 topic
40915984,ประกันโควิด,1,1 Topic
40916608,ความล่าช้าในการจ่ายสินไหม,1,1 Topic
40917344,ประกันโควิด,1,1 Topic
40917904,การปฏิเสธจ่ายสินไหม,1,1 Topic
40918139,ประกันโควิด,1,1 Topic
40918332,ประกันโควิด,1,1 Topic
40919033,ประกันโควิด,1,1 Topic
40920226,ประกันโควิด,1,1 Topic
40922747,ประกันโควิด,4,More than 1 topic
40922747,การยกเลิกกรมธรรม์,4,More than 1 topic
40922747,การปฏิเสธจ่ายสินไหม,4,More than 1 topic
40922747,ความล่าช้าในการจ่ายสินไหม,4,More than 1 topic
40922869,ประกันโควิด,1,1 Topic
40922971,การยกเลิกกรมธรรม์,1,1 Topic
40923275,ประกันโควิด,1,1 Topic
40923373,การยกเลิกกรมธรรม์,3,More than 1 topic
40923373,การปฏิเสธจ่ายสินไหม,3,More than 1 topic
40923373,ความล่าช้าในการจ่ายสินไหม,3,More than 1 topic
40924023,ประกันโควิด,1,1 Topic
40925376,ประกันโควิด,1,1 Topic
40927713,ประกันโควิด,2,More than 1 topic
40927713,การยกเลิกกรมธรรม์,2,More than 1 topic
40929115,ค่าเบี้ยประกัน,1,1 Topic
40929310,ประกันโควิด,1,1 Topic
40929766,ประกันโควิด,2,More than 1 topic
40929766,ความล่าช้าในการจ่ายสินไหม,2,More than 1 topic
40929807,ประกันโควิด,1,1 Topic
40931078,ประกันโควิด,1,1 Topic
40931397,การยกเลิกกรมธรรม์,1,1 Topic
40932215,ประกันโควิด,1,1 Topic
40935556,การยกเลิกกรมธรรม์,2,More than 1 topic
40935556,ค่าเบี้ยประกัน,2,More than 1 topic
40935915,ประกันโควิด,1,1 Topic
40935976,การยกเลิกกรมธรรม์,1,1 Topic
40936137,การยกเลิกกรมธรรม์,1,1 Topic
40937204,การยกเลิกกรมธรรม์,3,More than 1 topic
40937204,ความล่าช้าในการจ่ายสินไหม,3,More than 1 topic
40937204,ค่าเบี้ยประกัน,3,More than 1 topic
40937519,ประกันโควิด,2,More than 1 topic
40937519,การยกเลิกกรมธรรม์,2,More than 1 topic
40938175,ประกันโควิด,1,1 Topic
40938408,ประกันโควิด,1,1 Topic
40938823,ประกันโควิด,1,1 Topic
40938974,ประกันโควิด,1,1 Topic
40939522,ประกันโควิด,1,1 Topic
40939961,ประกันโควิด,1,1 Topic
40941602,ประกันโควิด,1,1 Topic
40942708,ประกันโควิด,1,1 Topic
40942908,ประกันโควิด,1,1 Topic
40943279,ประกันโควิด,2,More than 1 topic
40943279,การปฏิเสธจ่ายสินไหม,2,More than 1 topic
40944832,ประกันโควิด,1,1 Topic
40944884,ประกันโควิด,3,More than 1 topic
40944884,การยกเลิกกรมธรรม์,3,More than 1 topic
40944884,การปฏิเสธจ่ายสินไหม,3,More than 1 topic
40944902,การยกเลิกกรมธรรม์,1,1 Topic
40945852,ประกันโควิด,1,1 Topic
40946602,ประกันโควิด,1,1 Topic
40946604,ความล่าช้าในการจ่ายสินไหม,1,1 Topic
40946823,ประกันโควิด,1,1 Topic
40947548,การปฏิเสธจ่ายสินไหม,1,1 Topic
40950654,ประกันโควิด,1,1 Topic
40951689,ประกันโควิด,1,1 Topic
40951911,ประกันโควิด,1,1 Topic
40952506,ประกันโควิด,1,1 Topic
40952752,ประกันโควิด,1,1 Topic
40952832,ประกันโควิด,1,1 Topic
40953464,ประกันโควิด,2,More than 1 topic
40953464,ความล่าช้าในการจ่ายสินไหม,2,More than 1 topic
40954108,ประกันโควิด,1,1 Topic
40954187,ประกันโควิด,3,More than 1 topic
40954187,การปฏิเสธจ่ายสินไหม,3,More than 1 topic
40954187,ความล่าช้าในการจ่ายสินไหม,3,More than 1 topic
40955089,ประกันโควิด,3,More than 1 topic
40955089,การยกเลิกกรมธรรม์,3,More than 1 topic
40955089,ความล่าช้าในการจ่ายสินไหม,3,More than 1 topic
40957862,ประกันโควิด,1,1 Topic
40957892,ประกันโควิด,1,1 Topic
40962363,การปฏิเสธจ่ายสินไหม,1,1 Topic
40962428,การยกเลิกกรมธรรม์,1,1 Topic
40962539,ประกันโควิด,1,1 Topic
40962610,ประกันโควิด,1,1 Topic
40963154,ประกันโควิด,1,1 Topic
40964474,ประกันโควิด,1,1 Topic
40965228,ประกันโควิด,1,1 Topic
40966816,ประกันโควิด,1,1 Topic
40967387,ประกันโควิด,2,More than 1 topic
40967387,การยกเลิกกรมธรรม์,2,More than 1 topic
40968792,ประกันโควิด,1,1 Topic
40969576,ประกันโควิด,2,More than 1 topic
40969576,ความล่าช้าในการจ่ายสินไหม,2,More than 1 topic
40972031,ประกันโควิด,1,1 Topic
40974521,ประกันโควิด,1,1 Topic
40974736,ประกันโควิด,2,More than 1 topic
40974736,ความล่าช้าในการจ่ายสินไหม,2,More than 1 topic
40974782,การยกเลิกกรมธรรม์,1,1 Topic
40976508,ประกันโควิด,2,More than 1 topic
40976508,ความล่าช้าในการจ่ายสินไหม,2,More than 1 topic
40976681,ประกันโควิด,1,1 Topic
40976990,การยกเลิกกรมธรรม์,1,1 Topic
40978630,การยกเลิกกรมธรรม์,1,1 Topic
40979305,การยกเลิกกรมธรรม์,2,More than 1 topic
40979305,ค่าเบี้ยประกัน,2,More than 1 topic
40979608,การปฏิเสธจ่ายสินไหม,1,1 Topic
40980016,การปฏิเสธจ่ายสินไหม,1,1 Topic
40981143,การยกเลิกกรมธรรม์,1,1 Topic
40982763,ประกันโควิด,1,1 Topic
40983172,ความล่าช้าในการจ่ายสินไหม,1,1 Topic
40983973,ประกันโควิด,1,1 Topic
40984433,การปฏิเสธจ่ายสินไหม,1,1 Topic
40984723,การปฏิเสธจ่ายสินไหม,1,1 Topic
40985031,ประกันโควิด,1,1 Topic
40985363,ประกันโควิด,1,1 Topic
40989016,ประกันโควิด,1,1 Topic
40989673,ความล่าช้าในการจ่ายสินไหม,1,1 Topic
40991665,ความล่าช้าในการจ่ายสินไหม,1,1 Topic
40991933,การยกเลิกกรมธรรม์,1,1 Topic
40993201,การปฏิเสธจ่ายสินไหม,1,1 Topic
40994069,ประกันโควิด,1,1 Topic
40994269,ประกันโควิด,1,1 Topic
40996384,ความล่าช้าในการจ่ายสินไหม,1,1 Topic
41004598,ประกันโควิด,1,1 Topic
41005944,การยกเลิกกรมธรรม์,1,1 Topic
41006470,ประกันโควิด,2,More than 1 topic
41006470,การยกเลิกกรมธรรม์,2,More than 1 topic
41008765,ประกันโควิด,2,More than 1 topic
41008765,การยกเลิกกรมธรรม์,2,More than 1 topic
41010656,ประกันโควิด,1,1 Topic
41011714,ประกันโควิด,1,1 Topic
41011876,ประกันโควิด,1,1 Topic
41013009,ความล่าช้าในการจ่ายสินไหม,1,1 Topic
41014139,ประกันโควิด,3,More than 1 topic
41014139,การปฏิเสธจ่ายสินไหม,3,More than 1 topic
41014139,ความล่าช้าในการจ่ายสินไหม,3,More than 1 topic
41017761,ประกันโควิด,2,More than 1 topic
41017761,ความล่าช้าในการจ่ายสินไหม,2,More than 1 topic
41019177,การยกเลิกกรมธรรม์,1,1 Topic
41019926,การยกเลิกกรมธรรม์,1,1 Topic
41021243,ประกันโควิด,1,1 Topic
41023728,การปฏิเสธจ่ายสินไหม,1,1 Topic
41023872,ประกันโควิด,1,1 Topic
41024891,การยกเลิกกรมธรรม์,1,1 Topic
41025252,ประกันโควิด,1,1 Topic
41025374,ความล่าช้าในการจ่ายสินไหม,1,1 Topic
41025908,ประกันโควิด,1,1 Topic
41026679,ค่าเบี้ยประกัน,1,1 Topic
41027599,ประกันโควิด,1,1 Topic
41028337,การยกเลิกกรมธรรม์,1,1 Topic
41030266,การยกเลิกกรมธรรม์,3,More than 1 topic
41030266,การปฏิเสธจ่ายสินไหม,3,More than 1 topic
41030266,ความล่าช้าในการจ่ายสินไหม,3,More than 1 topic
41031960,ประกันโควิด,4,More than 1 topic
41031960,ความล่าช้าในการจ่ายสินไหม,4,More than 1 topic
41031960,การปฏิเสธจ่ายสินไหม,4,More than 1 topic
41031960,ค่าเบี้ยประกัน,4,More than 1 topic
41031999,ประกันโควิด,2,More than 1 topic
41031999,ค่าเบี้ยประกัน,2,More than 1 topic
41032087,การยกเลิกกรมธรรม์,1,1 Topic
41034699,ประกันโควิด,1,1 Topic
41035865,การยกเลิกกรมธรรม์,1,1 Topic
41035872,การยกเลิกกรมธรรม์,1,1 Topic
41037568,ความล่าช้าในการจ่ายสินไหม,1,1 Topic
41038043,การปฏิเสธจ่ายสินไหม,2,More than 1 topic
41038043,ความล่าช้าในการจ่ายสินไหม,2,More than 1 topic
41038526,ประกันโควิด,1,1 Topic
41038931,ประกันโควิด,1,1 Topic
41040439,การยกเลิกกรมธรรม์,1,1 Topic
41043151,การยกเลิกกรมธรรม์,1,1 Topic
41045280,การยกเลิกกรมธรรม์,1,1 Topic
41046681,ประกันโควิด,1,1 Topic
41047131,ประกันโควิด,1,1 Topic
41048502,ประกันโควิด,1,1 Topic
41048590,ประกันโควิด,1,1 Topic
41050494,ประกันโควิด,1,1 Topic
41052821,การยกเลิกกรมธรรม์,2,More than 1 topic
41052821,การปฏิเสธจ่ายสินไหม,2,More than 1 topic
41053408,ประกันโควิด,1,1 Topic
41053592,การปฏิเสธจ่ายสินไหม,1,1 Topic
41054353,การยกเลิกกรมธรรม์,1,1 Topic
41055205,การปฏิเสธจ่ายสินไหม,1,1 Topic
41055338,ประกันโควิด,1,1 Topic
41055408,ประกันโควิด,1,1 Topic
41055688,ประกันโควิด,1,1 Topic
41057194,ประกันโควิด,1,1 Topic
41057769,ประกันโควิด,1,1 Topic
41060829,การยกเลิกกรมธรรม์,2,More than 1 topic
41060829,การปฏิเสธจ่ายสินไหม,2,More than 1 topic
41061936,การยกเลิกกรมธรรม์,1,1 Topic
41063911,การปฏิเสธจ่ายสินไหม,1,1 Topic
41064018,ความล่าช้าในการจ่ายสินไหม,1,1 Topic
41064064,การปฏิเสธจ่ายสินไหม,1,1 Topic
41064116,ประกันโควิด,1,1 Topic
41065477,ประกันโควิด,1,1 Topic
41068344,ความล่าช้าในการจ่ายสินไหม,2,More than 1 topic
41068344,ค่าเบี้ยประกัน,2,More than 1 topic
41069923,ความล่าช้าในการจ่ายสินไหม,1,1 Topic
41070560,ค่าเบี้ยประกัน,1,1 Topic
41070741,ประกันโควิด,1,1 Topic
41071046,ค่าเบี้ยประกัน,1,1 Topic
41073582,ประกันโควิด,2,More than 1 topic
41073582,ความล่าช้าในการจ่ายสินไหม,2,More than 1 topic
41075940,ประกันโควิด,2,More than 1 topic
41075940,การปฏิเสธจ่ายสินไหม,2,More than 1 topic
41078317,ประกันโควิด,1,1 Topic
41079252,การยกเลิกกรมธรรม์,1,1 Topic
41081026,การยกเลิกกรมธรรม์,1,1 Topic
41081733,ความล่าช้าในการจ่ายสินไหม,3,More than 1 topic
41081733,การปฏิเสธจ่ายสินไหม,3,More than 1 topic
41081733,ค่าเบี้ยประกัน,3,More than 1 topic
41083399,ประกันโควิด,1,1 Topic
41084364,ประกันโควิด,1,1 Topic
41085977,การยกเลิกกรมธรรม์,1,1 Topic
41089815,ประกันโควิด,1,1 Topic
41090880,การยกเลิกกรมธรรม์,1,1 Topic
41090942,ประกันโควิด,1,1 Topic
41091247,ประกันโควิด,1,1 Topic
41093383,การยกเลิกกรมธรรม์,1,1 Topic
41093465,การยกเลิกกรมธรรม์,1,1 Topic
41096655,การยกเลิกกรมธรรม์,1,1 Topic
41097600,ประกันโควิด,4,More than 1 topic
41097600,การยกเลิกกรมธรรม์,4,More than 1 topic
41097600,การปฏิเสธจ่ายสินไหม,4,More than 1 topic
41097600,ความล่าช้าในการจ่ายสินไหม,4,More than 1 topic
41098284,การปฏิเสธจ่ายสินไหม,1,1 Topic
41098355,ประกันโควิด,1,1 Topic
41098392,ประกันโควิด,2,More than 1 topic
41098392,การยกเลิกกรมธรรม์,2,More than 1 topic
41098408,ประกันโควิด,2,More than 1 topic
41098408,การยกเลิกกรมธรรม์,2,More than 1 topic
41098419,ประกันโควิด,1,1 Topic
41098938,การยกเลิกกรมธรรม์,1,1 Topic
41098981,ประกันโควิด,3,More than 1 topic
41098981,การยกเลิกกรมธรรม์,3,More than 1 topic
41098981,การปฏิเสธจ่ายสินไหม,3,More than 1 topic
41099026,การยกเลิกกรมธรรม์,1,1 Topic
41099272,ประกันโควิด,1,1 Topic
41099519,การยกเลิกกรมธรรม์,1,1 Topic
41099775,ประกันโควิด,1,1 Topic
41099922,ความล่าช้าในการจ่ายสินไหม,1,1 Topic
41100027,การยกเลิกกรมธรรม์,1,1 Topic
41101609,ประกันโควิด,1,1 Topic
41101843,ประกันโควิด,1,1 Topic
41104973,ประกันโควิด,2,More than 1 topic
41104973,การยกเลิกกรมธรรม์,2,More than 1 topic
41107476,ประกันโควิด,1,1 Topic
41110132,ประกันโควิด,2,More than 1 topic
41110132,การปฏิเสธจ่ายสินไหม,2,More than 1 topic
41110541,ประกันโควิด,1,1 Topic
41111807,ประกันโควิด,2,More than 1 topic
41111807,ค่าเบี้ยประกัน,2,More than 1 topic
41112839,ประกันโควิด,1,1 Topic
41117519,การยกเลิกกรมธรรม์,1,1 Topic
41117689,ประกันโควิด,3,More than 1 topic
41117689,การยกเลิกกรมธรรม์,3,More than 1 topic
41117689,การปฏิเสธจ่ายสินไหม,3,More than 1 topic
41117952,ค่าเบี้ยประกัน,1,1 Topic
41118833,ประกันโควิด,1,1 Topic
41119005,การปฏิเสธจ่ายสินไหม,1,1 Topic
41120417,การปฏิเสธจ่ายสินไหม,1,1 Topic
41122373,ความล่าช้าในการจ่ายสินไหม,1,1 Topic
41123175,การปฏิเสธจ่ายสินไหม,2,More than 1 topic
41123175,ความล่าช้าในการจ่ายสินไหม,2,More than 1 topic
41125838,ประกันโควิด,1,1 Topic
41128562,ประกันโควิด,1,1 Topic
41131965,การยกเลิกกรมธรรม์,1,1 Topic
41140236,การยกเลิกกรมธรรม์,1,1 Topic
41142103,การยกเลิกกรมธรรม์,1,1 Topic
41142818,การปฏิเสธจ่ายสินไหม,1,1 Topic
41143439,ค่าเบี้ยประกัน,1,1 Topic
41143819,การปฏิเสธจ่ายสินไหม,2,More than 1 topic
41143819,ความล่าช้าในการจ่ายสินไหม,2,More than 1 topic
41147138,ความล่าช้าในการจ่ายสินไหม,2,More than 1 topic
41147138,ค่าเบี้ยประกัน,2,More than 1 topic
41147474,การปฏิเสธจ่ายสินไหม,1,1 Topic
41147620,การยกเลิกกรมธรรม์,2,More than 1 topic
41147620,การปฏิเสธจ่ายสินไหม,2,More than 1 topic
41148323,ประกันโควิด,2,More than 1 topic
41148323,การยกเลิกกรมธรรม์,2,More than 1 topic
41154877,การปฏิเสธจ่ายสินไหม,1,1 Topic
41155300,ประกันโควิด,1,1 Topic
41155735,ประกันโควิด,1,1 Topic
41155760,ประกันโควิด,2,More than 1 topic
41155760,การยกเลิกกรมธรรม์,2,More than 1 topic
41155901,ประกันโควิด,1,1 Topic
41157731,การปฏิเสธจ่ายสินไหม,1,1 Topic
41158120,การยกเลิกกรมธรรม์,1,1 Topic
41164510,การปฏิเสธจ่ายสินไหม,1,1 Topic
41164643,การปฏิเสธจ่ายสินไหม,1,1 Topic
41165375,การยกเลิกกรมธรรม์,2,More than 1 topic
41165375,การปฏิเสธจ่ายสินไหม,2,More than 1 topic
41167621,ประกันโควิด,1,1 Topic
41168685,ความล่าช้าในการจ่ายสินไหม,1,1 Topic
41171861,ประกันโควิด,4,More than 1 topic
41171861,การยกเลิกกรมธรรม์,4,More than 1 topic
41171861,การปฏิเสธจ่ายสินไหม,4,More than 1 topic
41171861,ความล่าช้าในการจ่ายสินไหม,4,More than 1 topic
41172896,ประกันโควิด,1,1 Topic
41174050,ประกันโควิด,1,1 Topic
41177788,ค่าเบี้ยประกัน,1,1 Topic
41178283,การยกเลิกกรมธรรม์,1,1 Topic
41179200,การยกเลิกกรมธรรม์,1,1 Topic
41179688,ประกันโควิด,1,1 Topic
41179768,ประกันโควิด,1,1 Topic
41188645,ประกันโควิด,1,1 Topic
41190185,การยกเลิกกรมธรรม์,1,1 Topic
41191770,ประกันโควิด,1,1 Topic
41193356,การยกเลิกกรมธรรม์,1,1 Topic
41193667,การยกเลิกกรมธรรม์,2,More than 1 topic
41193667,การปฏิเสธจ่ายสินไหม,2,More than 1 topic
41196134,ประกันโควิด,1,1 Topic
41196964,ประกันโควิด,3,More than 1 topic
41196964,การยกเลิกกรมธรรม์,3,More than 1 topic
41196964,ความล่าช้าในการจ่ายสินไหม,3,More than 1 topic
41197582,การยกเลิกกรมธรรม์,1,1 Topic
41200918,ประกันโควิด,1,1 Topic
41202185,ประกันโควิด,1,1 Topic
41203115,การปฏิเสธจ่ายสินไหม,1,1 Topic
41203302,ประกันโควิด,2,More than 1 topic
41203302,ความล่าช้าในการจ่ายสินไหม,2,More than 1 topic
41203727,ประกันโควิด,1,1 Topic
41205101,ประกันโควิด,1,1 Topic
41207667,การยกเลิกกรมธรรม์,1,1 Topic
41208024,ประกันโควิด,1,1 Topic
41208195,การยกเลิกกรมธรรม์,2,More than 1 topic
41208195,ความล่าช้าในการจ่ายสินไหม,2,More than 1 topic
41208721,การยกเลิกกรมธรรม์,1,1 Topic
41208953,ประกันโควิด,1,1 Topic
41209370,ประกันโควิด,1,1 Topic
41210666,ความล่าช้าในการจ่ายสินไหม,1,1 Topic
41214502,ประกันโควิด,2,More than 1 topic
41214502,การยกเลิกกรมธรรม์,2,More than 1 topic
41216447,ความล่าช้าในการจ่ายสินไหม,1,1 Topic
41218299,ประกันโควิด,1,1 Topic
41219410,การยกเลิกกรมธรรม์,1,1 Topic
41221449,ประกันโควิด,1,1 Topic
41224409,ประกันโควิด,1,1 Topic
41225129,การปฏิเสธจ่ายสินไหม,1,1 Topic
41225906,การยกเลิกกรมธรรม์,1,1 Topic
41227910,ประกันโควิด,1,1 Topic
41228050,การปฏิเสธจ่ายสินไหม,1,1 Topic
41228497,ประกันโควิด,2,More than 1 topic
41228497,การยกเลิกกรมธรรม์,2,More than 1 topic
41230349,ประกันโควิด,1,1 Topic
41231309,ประกันโควิด,1,1 Topic
41231784,ความล่าช้าในการจ่ายสินไหม,1,1 Topic
41231909,ประกันโควิด,2,More than 1 topic
41231909,การยกเลิกกรมธรรม์,2,More than 1 topic
41233646,การยกเลิกกรมธรรม์,1,1 Topic
41234054,ประกันโควิด,3,More than 1 topic
41234054,การยกเลิกกรมธรรม์,3,More than 1 topic
41234054,ค่าเบี้ยประกัน,3,More than 1 topic
41234224,ประกันโควิด,1,1 Topic
41235080,การปฏิเสธจ่ายสินไหม,1,1 Topic
41236602,ประกันโควิด,3,More than 1 topic
41236602,การปฏิเสธจ่ายสินไหม,3,More than 1 topic
41236602,ความล่าช้าในการจ่ายสินไหม,3,More than 1 topic
41238075,การยกเลิกกรมธรรม์,1,1 Topic
41241371,ประกันโควิด,1,1 Topic
41241608,ประกันโควิด,4,More than 1 topic
41241608,การยกเลิกกรมธรรม์,4,More than 1 topic
41241608,การปฏิเสธจ่ายสินไหม,4,More than 1 topic
41241608,ความล่าช้าในการจ่ายสินไหม,4,More than 1 topic
41242403,ประกันโควิด,1,1 Topic
41243381,การยกเลิกกรมธรรม์,1,1 Topic
41245144,ประกันโควิด,2,More than 1 topic
41245144,การยกเลิกกรมธรรม์,2,More than 1 topic
41246253,ประกันโควิด,2,More than 1 topic
41246253,ความล่าช้าในการจ่ายสินไหม,2,More than 1 topic
41247585,การยกเลิกกรมธรรม์,1,1 Topic
41248111,ประกันโควิด,1,1 Topic
41248851,ประกันโควิด,2,More than 1 topic
41248851,การยกเลิกกรมธรรม์,2,More than 1 topic
41248961,การยกเลิกกรมธรรม์,1,1 Topic
41251197,ประกันโควิด,2,More than 1 topic
41251197,ความล่าช้าในการจ่ายสินไหม,2,More than 1 topic
41252285,ประกันโควิด,1,1 Topic
41255025,การยกเลิกกรมธรรม์,1,1 Topic
41255882,ประกันโควิด,1,1 Topic
41257517,ประกันโควิด,2,More than 1 topic
41257517,ความล่าช้าในการจ่ายสินไหม,2,More than 1 topic
41259559,ประกันโควิด,1,1 Topic
41261300,ประกันโควิด,2,More than 1 topic
41261300,การปฏิเสธจ่ายสินไหม,2,More than 1 topic
41262164,การยกเลิกกรมธรรม์,3,More than 1 topic
41262164,ความล่าช้าในการจ่ายสินไหม,3,More than 1 topic
41262164,ค่าเบี้ยประกัน,3,More than 1 topic
41262174,ความล่าช้าในการจ่ายสินไหม,1,1 Topic
41262282,ความล่าช้าในการจ่ายสินไหม,2,More than 1 topic
41262282,ค่าเบี้ยประกัน,2,More than 1 topic
41262724,ประกันโควิด,1,1 Topic
41263558,ประกันโควิด,1,1 Topic
41263809,ประกันโควิด,1,1 Topic
41266971,ประกันโควิด,1,1 Topic
41267299,ค่าเบี้ยประกัน,1,1 Topic
41268621,ความล่าช้าในการจ่ายสินไหม,1,1 Topic
41268804,การยกเลิกกรมธรรม์,1,1 Topic
41272114,การยกเลิกกรมธรรม์,2,More than 1 topic
41272114,ความล่าช้าในการจ่ายสินไหม,2,More than 1 topic
41273971,ประกันโควิด,1,1 Topic
41275693,การยกเลิกกรมธรรม์,2,More than 1 topic
41275693,ความล่าช้าในการจ่ายสินไหม,2,More than 1 topic
41275725,ประกันโควิด,1,1 Topic
41276617,ประกันโควิด,1,1 Topic
41276791,ประกันโควิด,3,More than 1 topic
41276791,การยกเลิกกรมธรรม์,3,More than 1 topic
41276791,การปฏิเสธจ่ายสินไหม,3,More than 1 topic
41277001,ประกันโควิด,2,More than 1 topic
41277001,ความล่าช้าในการจ่ายสินไหม,2,More than 1 topic
41278811,ประกันโควิด,1,1 Topic
41279568,ประกันโควิด,2,More than 1 topic
41279568,ความล่าช้าในการจ่ายสินไหม,2,More than 1 topic
41281196,ความล่าช้าในการจ่ายสินไหม,1,1 Topic
41281226,ประกันโควิด,1,1 Topic
41282429,ประกันโควิด,1,1 Topic
41282503,ประกันโควิด,1,1 Topic
41282577,ประกันโควิด,2,More than 1 topic
41282577,ความล่าช้าในการจ่ายสินไหม,2,More than 1 topic
41283097,การยกเลิกกรมธรรม์,2,More than 1 topic
41283097,การปฏิเสธจ่ายสินไหม,2,More than 1 topic
41283750,ประกันโควิด,3,More than 1 topic
41283750,การยกเลิกกรมธรรม์,3,More than 1 topic
41283750,การปฏิเสธจ่ายสินไหม,3,More than 1 topic
41284053,การปฏิเสธจ่ายสินไหม,2,More than 1 topic
41284053,ค่าเบี้ยประกัน,2,More than 1 topic
41284433,ประกันโควิด,2,More than 1 topic
41284433,ความล่าช้าในการจ่ายสินไหม,2,More than 1 topic
41284700,ประกันโควิด,1,1 Topic
41285886,ประกันโควิด,1,1 Topic
41287928,ประกันโควิด,1,1 Topic
41288530,การยกเลิกกรมธรรม์,3,More than 1 topic
41288530,การปฏิเสธจ่ายสินไหม,3,More than 1 topic
41288530,ความล่าช้าในการจ่ายสินไหม,3,More than 1 topic
41289485,ประกันโควิด,1,1 Topic
41290442,ประกันโควิด,1,1 Topic
41291438,ค่าเบี้ยประกัน,1,1 Topic
41291555,การยกเลิกกรมธรรม์,1,1 Topic
41292386,ประกันโควิด,1,1 Topic
41292840,ความล่าช้าในการจ่ายสินไหม,1,1 Topic
41292857,ประกันโควิด,1,1 Topic
41295072,ประกันโควิด,1,1 Topic
41295134,ประกันโควิด,1,1 Topic
41295165,การยกเลิกกรมธรรม์,1,1 Topic
41295236,ประกันโควิด,1,1 Topic
41295808,ประกันโควิด,1,1 Topic
41295893,ประกันโควิด,1,1 Topic
41296266,ประกันโควิด,2,More than 1 topic
41296266,ความล่าช้าในการจ่ายสินไหม,2,More than 1 topic
41296484,ประกันโควิด,3,More than 1 topic
41296484,การปฏิเสธจ่ายสินไหม,3,More than 1 topic
41296484,ความล่าช้าในการจ่ายสินไหม,3,More than 1 topic
41296863,ประกันโควิด,1,1 Topic
41297020,ประกันโควิด,1,1 Topic
41297477,ประกันโควิด,2,More than 1 topic
41297477,ความล่าช้าในการจ่ายสินไหม,2,More than 1 topic
41297746,ประกันโควิด,1,1 Topic
41298309,ประกันโควิด,1,1 Topic
41298353,ประกันโควิด,1,1 Topic
41298584,ประกันโควิด,2,More than 1 topic
41298584,การยกเลิกกรมธรรม์,2,More than 1 topic
41299191,การยกเลิกกรมธรรม์,1,1 Topic
41299674,ความล่าช้าในการจ่ายสินไหม,1,1 Topic
41299689,การปฏิเสธจ่ายสินไหม,1,1 Topic
41299738,ประกันโควิด,2,More than 1 topic
41299738,การปฏิเสธจ่ายสินไหม,2,More than 1 topic
41299925,ประกันโควิด,1,1 Topic
41300710,ประกันโควิด,1,1 Topic
41301486,ประกันโควิด,1,1 Topic
41301611,ประกันโควิด,2,More than 1 topic
41301611,การยกเลิกกรมธรรม์,2,More than 1 topic
41301672,ประกันโควิด,1,1 Topic
41302738,ประกันโควิด,1,1 Topic
41303131,ประกันโควิด,1,1 Topic
41303344,ประกันโควิด,1,1 Topic
41303703,ประกันโควิด,1,1 Topic
41304017,ประกันโควิด,1,1 Topic
41304117,ประกันโควิด,1,1 Topic
41304383,ประกันโควิด,1,1 Topic
41305424,ประกันโควิด,1,1 Topic
41305928,การปฏิเสธจ่ายสินไหม,1,1 Topic
41305949,การปฏิเสธจ่ายสินไหม,1,1 Topic
41306049,ประกันโควิด,1,1 Topic
41306130,ประกันโควิด,1,1 Topic
41306659,ประกันโควิด,3,More than 1 topic
41306659,การยกเลิกกรมธรรม์,3,More than 1 topic
41306659,การปฏิเสธจ่ายสินไหม,3,More than 1 topic
41307109,ประกันโควิด,1,1 Topic
41307226,ประกันโควิด,1,1 Topic
41307959,ประกันโควิด,1,1 Topic
41307989,ประกันโควิด,1,1 Topic
41308600,ประกันโควิด,1,1 Topic
41308904,ประกันโควิด,1,1 Topic
41309783,ประกันโควิด,1,1 Topic
41309907,ความล่าช้าในการจ่ายสินไหม,1,1 Topic
41310126,ประกันโควิด,1,1 Topic
41310137,ประกันโควิด,1,1 Topic
41310752,ประกันโควิด,1,1 Topic
41310828,ประกันโควิด,1,1 Topic
41311145,ประกันโควิด,1,1 Topic
41311150,ประกันโควิด,1,1 Topic
41311177,ประกันโควิด,1,1 Topic
41311325,ประกันโควิด,1,1 Topic
41312479,ประกันโควิด,1,1 Topic
41312974,ประกันโควิด,1,1 Topic
41313009,ประกันโควิด,1,1 Topic
41313336,ประกันโควิด,1,1 Topic
41313713,การยกเลิกกรมธรรม์,2,More than 1 topic
41313713,ค่าเบี้ยประกัน,2,More than 1 topic
41313885,ความล่าช้าในการจ่ายสินไหม,1,1 Topic
41313993,ประกันโควิด,1,1 Topic
41314054,ประกันโควิด,2,More than 1 topic
41314054,ความล่าช้าในการจ่ายสินไหม,2,More than 1 topic
41314609,ประกันโควิด,1,1 Topic
41314812,ประกันโควิด,1,1 Topic
41315730,ประกันโควิด,1,1 Topic
41316780,ประกันโควิด,1,1 Topic
41316931,ประกันโควิด,2,More than 1 topic
41316931,การยกเลิกกรมธรรม์,2,More than 1 topic
41317313,ประกันโควิด,1,1 Topic
41317722,การยกเลิกกรมธรรม์,1,1 Topic
41318397,ประกันโควิด,2,More than 1 topic
41318397,ความล่าช้าในการจ่ายสินไหม,2,More than 1 topic
41318548,ประกันโควิด,1,1 Topic
41319090,การยกเลิกกรมธรรม์,1,1 Topic
41320407,ประกันโควิด,1,1 Topic
41320517,ประกันโควิด,2,More than 1 topic
41320517,ความล่าช้าในการจ่ายสินไหม,2,More than 1 topic
41320647,การยกเลิกกรมธรรม์,1,1 Topic
41321311,ประกันโควิด,1,1 Topic
41321384,ประกันโควิด,1,1 Topic
41322210,ความล่าช้าในการจ่ายสินไหม,1,1 Topic
41322543,ประกันโควิด,1,1 Topic
41322976,ประกันโควิด,1,1 Topic
41324281,ประกันโควิด,1,1 Topic
41324506,ประกันโควิด,1,1 Topic
41324622,ประกันโควิด,2,More than 1 topic
41324622,ความล่าช้าในการจ่ายสินไหม,2,More than 1 topic
41324824,ประกันโควิด,3,More than 1 topic
41324824,การยกเลิกกรมธรรม์,3,More than 1 topic
41324824,ความล่าช้าในการจ่ายสินไหม,3,More than 1 topic
41325076,ประกันโควิด,1,1 Topic
41325368,ประกันโควิด,1,1 Topic
41325950,ประกันโควิด,1,1 Topic
41326100,การยกเลิกกรมธรรม์,2,More than 1 topic
41326100,ค่าเบี้ยประกัน,2,More than 1 topic
41326143,ประกันโควิด,1,1 Topic
41326803,ประกันโควิด,1,1 Topic
41326996,ประกันโควิด,1,1 Topic
41327205,ประกันโควิด,1,1 Topic
41327233,ประกันโควิด,1,1 Topic
41327332,ประกันโควิด,1,1 Topic
41327507,การปฏิเสธจ่ายสินไหม,1,1 Topic
41328197,ประกันโควิด,1,1 Topic
41328239,ประกันโควิด,1,1 Topic
41328610,ประกันโควิด,1,1 Topic
41329361,ประกันโควิด,1,1 Topic
41329887,ประกันโควิด,2,More than 1 topic
41329887,ความล่าช้าในการจ่ายสินไหม,2,More than 1 topic
41330366,ประกันโควิด,1,1 Topic
41330435,การยกเลิกกรมธรรม์,1,1 Topic
41330531,ประกันโควิด,1,1 Topic
41330749,ประกันโควิด,1,1 Topic
41330903,ประกันโควิด,1,1 Topic
41330966,ประกันโควิด,1,1 Topic
41331164,ประกันโควิด,1,1 Topic
41331959,ประกันโควิด,1,1 Topic
41331989,ประกันโควิด,1,1 Topic
41332955,ประกันโควิด,1,1 Topic
41333589,ประกันโควิด,1,1 Topic
41334656,ประกันโควิด,1,1 Topic
41334691,การยกเลิกกรมธรรม์,2,More than 1 topic
41334691,การปฏิเสธจ่ายสินไหม,2,More than 1 topic
41334806,ประกันโควิด,4,More than 1 topic
41334806,การยกเลิกกรมธรรม์,4,More than 1 topic
41334806,การปฏิเสธจ่ายสินไหม,4,More than 1 topic
41334806,ความล่าช้าในการจ่ายสินไหม,4,More than 1 topic
41335352,ประกันโควิด,3,More than 1 topic
41335352,การยกเลิกกรมธรรม์,3,More than 1 topic
41335352,ความล่าช้าในการจ่ายสินไหม,3,More than 1 topic
41335782,การยกเลิกกรมธรรม์,1,1 Topic
41335828,ประกันโควิด,2,More than 1 topic
41335828,ความล่าช้าในการจ่ายสินไหม,2,More than 1 topic
41335878,ประกันโควิด,2,More than 1 topic
41335878,การยกเลิกกรมธรรม์,2,More than 1 topic
41335923,ประกันโควิด,1,1 Topic
41336024,ประกันโควิด,1,1 Topic
41336085,ประกันโควิด,1,1 Topic
41336137,ประกันโควิด,1,1 Topic
41336362,ประกันโควิด,2,More than 1 topic
41336362,ความล่าช้าในการจ่ายสินไหม,2,More than 1 topic
41336404,ประกันโควิด,2,More than 1 topic
41336404,การปฏิเสธจ่ายสินไหม,2,More than 1 topic
41336575,ประกันโควิด,1,1 Topic
41336734,ประกันโควิด,1,1 Topic
41337831,ประกันโควิด,1,1 Topic
41338275,การยกเลิกกรมธรรม์,1,1 Topic
41338314,ประกันโควิด,1,1 Topic
41339382,ประกันโควิด,1,1 Topic
41339986,ประกันโควิด,1,1 Topic
41341859,ประกันโควิด,2,More than 1 topic
41341859,ความล่าช้าในการจ่ายสินไหม,2,More than 1 topic
41342624,ประกันโควิด,2,More than 1 topic
41342624,ความล่าช้าในการจ่ายสินไหม,2,More than 1 topic
41343531,ประกันโควิด,3,More than 1 topic
41343531,การปฏิเสธจ่ายสินไหม,3,More than 1 topic
41343531,ความล่าช้าในการจ่ายสินไหม,3,More than 1 topic
41343663,ประกันโควิด,2,More than 1 topic
41343663,การปฏิเสธจ่ายสินไหม,2,More than 1 topic
41343771,ประกันโควิด,1,1 Topic
41343864,ประกันโควิด,1,1 Topic
41344933,ประกันโควิด,1,1 Topic
41345253,ประกันโควิด,1,1 Topic
41345265,การยกเลิกกรมธรรม์,1,1 Topic
41345346,การยกเลิกกรมธรรม์,1,1 Topic
41345518,ประกันโควิด,1,1 Topic
41345565,ประกันโควิด,1,1 Topic
41346240,ประกันโควิด,1,1 Topic
41346962,ประกันโควิด,2,More than 1 topic
41346962,ความล่าช้าในการจ่ายสินไหม,2,More than 1 topic
41347154,ประกันโควิด,1,1 Topic
41347539,ประกันโควิด,1,1 Topic
41347674,ประกันโควิด,1,1 Topic
41347720,ประกันโควิด,1,1 Topic
41347742,ประกันโควิด,2,More than 1 topic
41347742,ความล่าช้าในการจ่ายสินไหม,2,More than 1 topic
41347872,ประกันโควิด,1,1 Topic
41349031,ความล่าช้าในการจ่ายสินไหม,1,1 Topic
41349061,ประกันโควิด,1,1 Topic
41349204,ประกันโควิด,2,More than 1 topic
41349204,การปฏิเสธจ่ายสินไหม,2,More than 1 topic
41349210,ประกันโควิด,1,1 Topic
41349489,ประกันโควิด,1,1 Topic
41349710,ประกันโควิด,1,1 Topic
41349969,ประกันโควิด,1,1 Topic
41350043,ประกันโควิด,1,1 Topic
41350050,ค่าเบี้ยประกัน,1,1 Topic
41350272,ประกันโควิด,2,More than 1 topic
41350272,การยกเลิกกรมธรรม์,2,More than 1 topic
41350559,การปฏิเสธจ่ายสินไหม,2,More than 1 topic
41350559,ความล่าช้าในการจ่ายสินไหม,2,More than 1 topic
41350996,ประกันโควิด,1,1 Topic
41351014,ประกันโควิด,1,1 Topic
41351065,ประกันโควิด,2,More than 1 topic
41351065,ความล่าช้าในการจ่ายสินไหม,2,More than 1 topic
41351101,ประกันโควิด,1,1 Topic
41351433,ประกันโควิด,1,1 Topic
41351924,ประกันโควิด,1,1 Topic
41351952,ประกันโควิด,1,1 Topic
41352201,ประกันโควิด,3,More than 1 topic
41352201,การยกเลิกกรมธรรม์,3,More than 1 topic
41352201,การปฏิเสธจ่ายสินไหม,3,More than 1 topic
41352389,ประกันโควิด,1,1 Topic
41352450,ประกันโควิด,1,1 Topic
41352638,ประกันโควิด,1,1 Topic
41353053,ประกันโควิด,1,1 Topic
41353518,การปฏิเสธจ่ายสินไหม,1,1 Topic
41355310,ประกันโควิด,2,More than 1 topic
41355310,ความล่าช้าในการจ่ายสินไหม,2,More than 1 topic
41356064,ประกันโควิด,1,1 Topic
41356106,ประกันโควิด,3,More than 1 topic
41356106,การปฏิเสธจ่ายสินไหม,3,More than 1 topic
41356106,ความล่าช้าในการจ่ายสินไหม,3,More than 1 topic
41356596,ประกันโควิด,3,More than 1 topic
41356596,การปฏิเสธจ่ายสินไหม,3,More than 1 topic
41356596,ค่าเบี้ยประกัน,3,More than 1 topic
41356830,ประกันโควิด,1,1 Topic
41356831,การปฏิเสธจ่ายสินไหม,1,1 Topic
41357880,ประกันโควิด,1,1 Topic
41358375,ประกันโควิด,1,1 Topic
41358429,การยกเลิกกรมธรรม์,1,1 Topic
41358591,ประกันโควิด,1,1 Topic
41359190,ประกันโควิด,3,More than 1 topic
41359190,การปฏิเสธจ่ายสินไหม,3,More than 1 topic
41359190,ความล่าช้าในการจ่ายสินไหม,3,More than 1 topic
41359853,ความล่าช้าในการจ่ายสินไหม,1,1 Topic
41359901,ประกันโควิด,1,1 Topic
41360000,ประกันโควิด,1,1 Topic
41360048,ประกันโควิด,2,More than 1 topic
41360048,ความล่าช้าในการจ่ายสินไหม,2,More than 1 topic
41360132,ประกันโควิด,1,1 Topic
41360695,การปฏิเสธจ่ายสินไหม,1,1 Topic
41360820,ประกันโควิด,1,1 Topic
41360959,ประกันโควิด,4,More than 1 topic
41360959,การยกเลิกกรมธรรม์,4,More than 1 topic
41360959,การปฏิเสธจ่ายสินไหม,4,More than 1 topic
41360959,ความล่าช้าในการจ่ายสินไหม,4,More than 1 topic
41361292,การยกเลิกกรมธรรม์,1,1 Topic
41362016,ประกันโควิด,1,1 Topic
41362435,ประกันโควิด,1,1 Topic
41363507,ประกันโควิด,1,1 Topic
41363952,ประกันโควิด,3,More than 1 topic
41363952,การปฏิเสธจ่ายสินไหม,3,More than 1 topic
41363952,ความล่าช้าในการจ่ายสินไหม,3,More than 1 topic
41364959,ประกันโควิด,1,1 Topic
41365920,ประกันโควิด,2,More than 1 topic
41365920,ความล่าช้าในการจ่ายสินไหม,2,More than 1 topic
41367187,ประกันโควิด,1,1 Topic
41367666,ประกันโควิด,2,More than 1 topic
41367666,ความล่าช้าในการจ่ายสินไหม,2,More than 1 topic
41368651,ประกันโควิด,2,More than 1 topic
41368651,ความล่าช้าในการจ่ายสินไหม,2,More than 1 topic
41369038,ประกันโควิด,1,1 Topic
41369132,ประกันโควิด,1,1 Topic
41369507,การยกเลิกกรมธรรม์,1,1 Topic
41370755,ประกันโควิด,1,1 Topic
41370905,การยกเลิกกรมธรรม์,1,1 Topic
41371092,ประกันโควิด,1,1 Topic
41371565,ประกันโควิด,1,1 Topic
41371981,ประกันโควิด,1,1 Topic
41372293,การยกเลิกกรมธรรม์,1,1 Topic
41372339,การปฏิเสธจ่ายสินไหม,1,1 Topic
41372368,ประกันโควิด,1,1 Topic
41372582,ประกันโควิด,3,More than 1 topic
41372582,การปฏิเสธจ่ายสินไหม,3,More than 1 topic
41372582,ความล่าช้าในการจ่ายสินไหม,3,More than 1 topic
41372666,ประกันโควิด,2,More than 1 topic
41372666,ความล่าช้าในการจ่ายสินไหม,2,More than 1 topic
41372710,ประกันโควิด,1,1 Topic
41373853,การยกเลิกกรมธรรม์,1,1 Topic
41373991,ความล่าช้าในการจ่ายสินไหม,1,1 Topic
41376126,การยกเลิกกรมธรรม์,3,More than 1 topic
41376126,ความล่าช้าในการจ่ายสินไหม,3,More than 1 topic
41376126,ค่าเบี้ยประกัน,3,More than 1 topic
41378334,ประกันโควิด,2,More than 1 topic
41378334,ความล่าช้าในการจ่ายสินไหม,2,More than 1 topic
41379421,ประกันโควิด,1,1 Topic
41379479,ประกันโควิด,3,More than 1 topic
41379479,การปฏิเสธจ่ายสินไหม,3,More than 1 topic
41379479,ความล่าช้าในการจ่ายสินไหม,3,More than 1 topic
41380185,ประกันโควิด,1,1 Topic
41380239,ประกันโควิด,1,1 Topic
41380657,ประกันโควิด,1,1 Topic
41381131,ประกันโควิด,1,1 Topic
41382166,ประกันโควิด,2,More than 1 topic
41382166,การปฏิเสธจ่ายสินไหม,2,More than 1 topic
41382455,ประกันโควิด,1,1 Topic
41382461,ประกันโควิด,2,More than 1 topic
41382461,ความล่าช้าในการจ่ายสินไหม,2,More than 1 topic
41382462,ประกันโควิด,1,1 Topic
41382479,ประกันโควิด,1,1 Topic
41382552,ประกันโควิด,1,1 Topic
41383324,ความล่าช้าในการจ่ายสินไหม,1,1 Topic
41383410,ความล่าช้าในการจ่ายสินไหม,1,1 Topic
41383677,การยกเลิกกรมธรรม์,1,1 Topic
41384549,การยกเลิกกรมธรรม์,2,More than 1 topic
41384549,ความล่าช้าในการจ่ายสินไหม,2,More than 1 topic
41385355,ประกันโควิด,1,1 Topic
41385704,ประกันโควิด,1,1 Topic
41386448,ประกันโควิด,1,1 Topic
41386510,ประกันโควิด,1,1 Topic
41387054,ประกันโควิด,1,1 Topic
41387058,การปฏิเสธจ่ายสินไหม,1,1 Topic
41387346,การปฏิเสธจ่ายสินไหม,2,More than 1 topic
41387346,ค่าเบี้ยประกัน,2,More than 1 topic
41387702,ประกันโควิด,1,1 Topic
41387859,ประกันโควิด,1,1 Topic
41387884,ประกันโควิด,1,1 Topic
41388500,ประกันโควิด,1,1 Topic
41388947,การยกเลิกกรมธรรม์,1,1 Topic
41389137,ประกันโควิด,1,1 Topic
41389773,ประกันโควิด,1,1 Topic
41390183,ประกันโควิด,1,1 Topic
41390213,ประกันโควิด,1,1 Topic
41390753,ประกันโควิด,2,More than 1 topic
41390753,ความล่าช้าในการจ่ายสินไหม,2,More than 1 topic
41391454,ประกันโควิด,1,1 Topic
41391574,ค่าเบี้ยประกัน,1,1 Topic
41392245,ประกันโควิด,1,1 Topic
41392645,ประกันโควิด,1,1 Topic
41393043,การยกเลิกกรมธรรม์,1,1 Topic
41393661,ประกันโควิด,1,1 Topic
41394196,ความล่าช้าในการจ่ายสินไหม,1,1 Topic
41395901,ประกันโควิด,1,1 Topic
41397156,ประกันโควิด,1,1 Topic
41397283,ประกันโควิด,1,1 Topic
41397453,ความล่าช้าในการจ่ายสินไหม,1,1 Topic
41397626,ประกันโควิด,1,1 Topic
41398063,ประกันโควิด,1,1 Topic
41399727,ประกันโควิด,1,1 Topic
41399803,ประกันโควิด,1,1 Topic
41401366,ประกันโควิด,1,1 Topic
41401826,ประกันโควิด,1,1 Topic
41402031,ประกันโควิด,2,More than 1 topic
41402031,การปฏิเสธจ่ายสินไหม,2,More than 1 topic
41402280,ประกันโควิด,2,More than 1 topic
41402280,ความล่าช้าในการจ่ายสินไหม,2,More than 1 topic
41402554,การปฏิเสธจ่ายสินไหม,1,1 Topic
41403670,ความล่าช้าในการจ่ายสินไหม,1,1 Topic
41404780,การยกเลิกกรมธรรม์,1,1 Topic
41404844,ความล่าช้าในการจ่ายสินไหม,1,1 Topic
41404962,ประกันโควิด,1,1 Topic
41406774,ประกันโควิด,1,1 Topic
41407558,ประกันโควิด,1,1 Topic
41408235,ประกันโควิด,1,1 Topic
41408236,ประกันโควิด,2,More than 1 topic
41408236,การปฏิเสธจ่ายสินไหม,2,More than 1 topic
41408304,การยกเลิกกรมธรรม์,1,1 Topic
41408371,ประกันโควิด,1,1 Topic
41409257,ประกันโควิด,1,1 Topic
41410057,ประกันโควิด,1,1 Topic
41410767,ประกันโควิด,2,More than 1 topic
41410767,การปฏิเสธจ่ายสินไหม,2,More than 1 topic
41410792,ประกันโควิด,1,1 Topic
41412940,ประกันโควิด,3,More than 1 topic
41412940,การยกเลิกกรมธรรม์,3,More than 1 topic
41412940,ความล่าช้าในการจ่ายสินไหม,3,More than 1 topic
41413009,ประกันโควิด,1,1 Topic
41413672,ประกันโควิด,1,1 Topic
41413782,ประกันโควิด,2,More than 1 topic
41413782,การปฏิเสธจ่ายสินไหม,2,More than 1 topic
41413794,ประกันโควิด,1,1 Topic
41415167,ประกันโควิด,1,1 Topic
41415508,การปฏิเสธจ่ายสินไหม,1,1 Topic
41415509,ประกันโควิด,1,1 Topic
41416453,การปฏิเสธจ่ายสินไหม,1,1 Topic
41416924,การยกเลิกกรมธรรม์,1,1 Topic
41417742,ประกันโควิด,1,1 Topic
41419016,ประกันโควิด,1,1 Topic
41419597,ประกันโควิด,1,1 Topic
41419614,ประกันโควิด,2,More than 1 topic
41419614,ความล่าช้าในการจ่ายสินไหม,2,More than 1 topic
41419639,ประกันโควิด,1,1 Topic
41419810,ประกันโควิด,1,1 Topic
41420053,ประกันโควิด,1,1 Topic
41420927,ความล่าช้าในการจ่ายสินไหม,1,1 Topic
41421030,การปฏิเสธจ่ายสินไหม,1,1 Topic
41421450,ประกันโควิด,1,1 Topic
41421762,ความล่าช้าในการจ่ายสินไหม,1,1 Topic
41422005,ประกันโควิด,1,1 Topic
41423316,การยกเลิกกรมธรรม์,1,1 Topic
41424194,การปฏิเสธจ่ายสินไหม,1,1 Topic
41424700,การปฏิเสธจ่ายสินไหม,2,More than 1 topic
41424700,ความล่าช้าในการจ่ายสินไหม,2,More than 1 topic
41425212,ประกันโควิด,1,1 Topic
41425365,การปฏิเสธจ่ายสินไหม,1,1 Topic
41425893,ประกันโควิด,1,1 Topic
41427677,ประกันโควิด,1,1 Topic
41427743,การปฏิเสธจ่ายสินไหม,2,More than 1 topic
41427743,ความล่าช้าในการจ่ายสินไหม,2,More than 1 topic
41429575,การยกเลิกกรมธรรม์,1,1 Topic
41430808,ประกันโควิด,1,1 Topic
41432320,ประกันโควิด,2,More than 1 topic
41432320,การยกเลิกกรมธรรม์,2,More than 1 topic
41434695,ประกันโควิด,1,1 Topic
41434737,ประกันโควิด,1,1 Topic
41434749,ประกันโควิด,2,More than 1 topic
41434749,ความล่าช้าในการจ่ายสินไหม,2,More than 1 topic
41435392,ความล่าช้าในการจ่ายสินไหม,1,1 Topic
41436274,ประกันโควิด,1,1 Topic
41436678,ประกันโควิด,1,1 Topic
41436702,ประกันโควิด,1,1 Topic
41436972,ประกันโควิด,2,More than 1 topic
41436972,ความล่าช้าในการจ่ายสินไหม,2,More than 1 topic
41437378,ประกันโควิด,1,1 Topic
41437698,ประกันโควิด,2,More than 1 topic
41437698,ความล่าช้าในการจ่ายสินไหม,2,More than 1 topic
41439022,การยกเลิกกรมธรรม์,1,1 Topic
41439034,ประกันโควิด,1,1 Topic
41439137,ประกันโควิด,1,1 Topic
41439768,ประกันโควิด,1,1 Topic
41439938,การปฏิเสธจ่ายสินไหม,1,1 Topic
41441005,ประกันโควิด,1,1 Topic
41442179,การยกเลิกกรมธรรม์,3,More than 1 topic
41442179,การปฏิเสธจ่ายสินไหม,3,More than 1 topic
41442179,ค่าเบี้ยประกัน,3,More than 1 topic
41442295,ประกันโควิด,1,1 Topic
41442856,ประกันโควิด,1,1 Topic
41443895,ความล่าช้าในการจ่ายสินไหม,1,1 Topic
41446537,การยกเลิกกรมธรรม์,1,1 Topic
41447039,การปฏิเสธจ่ายสินไหม,1,1 Topic
41447398,การยกเลิกกรมธรรม์,2,More than 1 topic
41447398,การปฏิเสธจ่ายสินไหม,2,More than 1 topic
41447405,การยกเลิกกรมธรรม์,1,1 Topic
41447555,ประกันโควิด,3,More than 1 topic
41447555,การปฏิเสธจ่ายสินไหม,3,More than 1 topic
41447555,ความล่าช้าในการจ่ายสินไหม,3,More than 1 topic
41449615,ประกันโควิด,1,1 Topic
41449617,ประกันโควิด,1,1 Topic
41449650,ประกันโควิด,2,More than 1 topic
41449650,การปฏิเสธจ่ายสินไหม,2,More than 1 topic
41451376,การยกเลิกกรมธรรม์,1,1 Topic
41452471,ประกันโควิด,1,1 Topic
41452816,ประกันโควิด,3,More than 1 topic
41452816,การยกเลิกกรมธรรม์,3,More than 1 topic
41452816,ความล่าช้าในการจ่ายสินไหม,3,More than 1 topic
41454819,การยกเลิกกรมธรรม์,1,1 Topic
41455109,การยกเลิกกรมธรรม์,1,1 Topic
41455974,การปฏิเสธจ่ายสินไหม,1,1 Topic
41458821,ประกันโควิด,1,1 Topic
41458841,ประกันโควิด,1,1 Topic
41460205,ประกันโควิด,2,More than 1 topic
41460205,ความล่าช้าในการจ่ายสินไหม,2,More than 1 topic
41460331,ความล่าช้าในการจ่ายสินไหม,1,1 Topic
41461463,ประกันโควิด,1,1 Topic
41463146,ประกันโควิด,1,1 Topic
41463569,ประกันโควิด,1,1 Topic
41463579,ค่าเบี้ยประกัน,1,1 Topic
41465910,ค่าเบี้ยประกัน,1,1 Topic
41468853,การปฏิเสธจ่ายสินไหม,1,1 Topic
41468906,ประกันโควิด,1,1 Topic
41470526,การยกเลิกกรมธรรม์,2,More than 1 topic
41470526,ค่าเบี้ยประกัน,2,More than 1 topic
41470719,ประกันโควิด,1,1 Topic
41470961,ประกันโควิด,1,1 Topic
41471099,ประกันโควิด,2,More than 1 topic
41471099,การยกเลิกกรมธรรม์,2,More than 1 topic
41471471,ประกันโควิด,1,1 Topic
41472598,ประกันโควิด,1,1 Topic
41472901,ประกันโควิด,2,More than 1 topic
41472901,ความล่าช้าในการจ่ายสินไหม,2,More than 1 topic
41473153,ประกันโควิด,2,More than 1 topic
41473153,การปฏิเสธจ่ายสินไหม,2,More than 1 topic
41473532,ประกันโควิด,1,1 Topic
41476368,ประกันโควิด,1,1 Topic
41477306,ประกันโควิด,2,More than 1 topic
41477306,ความล่าช้าในการจ่ายสินไหม,2,More than 1 topic
41478225,ประกันโควิด,1,1 Topic
41478286,ประกันโควิด,1,1 Topic
41478526,ประกันโควิด,1,1 Topic
41481836,ประกันโควิด,1,1 Topic
41482515,ประกันโควิด,1,1 Topic
41483280,ประกันโควิด,2,More than 1 topic
41483280,การปฏิเสธจ่ายสินไหม,2,More than 1 topic
41483550,ประกันโควิด,4,More than 1 topic
41483550,การยกเลิกกรมธรรม์,4,More than 1 topic
41483550,ความล่าช้าในการจ่ายสินไหม,4,More than 1 topic
41483550,ค่าเบี้ยประกัน,4,More than 1 topic
41484950,ประกันโควิด,3,More than 1 topic
41484950,การยกเลิกกรมธรรม์,3,More than 1 topic
41484950,ความล่าช้าในการจ่ายสินไหม,3,More than 1 topic
41485275,ประกันโควิด,1,1 Topic
41485497,ประกันโควิด,1,1 Topic
41485558,ความล่าช้าในการจ่ายสินไหม,1,1 Topic
41486344,การยกเลิกกรมธรรม์,1,1 Topic
41486632,การปฏิเสธจ่ายสินไหม,2,More than 1 topic
41486632,ค่าเบี้ยประกัน,2,More than 1 topic
41488061,การยกเลิกกรมธรรม์,2,More than 1 topic
41488061,การปฏิเสธจ่ายสินไหม,2,More than 1 topic
41490913,ประกันโควิด,1,1 Topic
41491987,ประกันโควิด,1,1 Topic
41492403,ประกันโควิด,1,1 Topic
41492700,ประกันโควิด,1,1 Topic
41494765,ประกันโควิด,2,More than 1 topic
41494765,การปฏิเสธจ่ายสินไหม,2,More than 1 topic
41497970,การยกเลิกกรมธรรม์,1,1 Topic
41498064,ประกันโควิด,1,1 Topic
41498842,ประกันโควิด,2,More than 1 topic
41498842,การยกเลิกกรมธรรม์,2,More than 1 topic
41498897,การปฏิเสธจ่ายสินไหม,1,1 Topic
41500347,ประกันโควิด,1,1 Topic
41500893,ประกันโควิด,2,More than 1 topic
41500893,ความล่าช้าในการจ่ายสินไหม,2,More than 1 topic
41501433,ประกันโควิด,3,More than 1 topic
41501433,การปฏิเสธจ่ายสินไหม,3,More than 1 topic
41501433,ความล่าช้าในการจ่ายสินไหม,3,More than 1 topic
41502309,การปฏิเสธจ่ายสินไหม,1,1 Topic
41502763,การยกเลิกกรมธรรม์,1,1 Topic
41504758,การยกเลิกกรมธรรม์,1,1 Topic
41504897,ประกันโควิด,1,1 Topic
41505141,การยกเลิกกรมธรรม์,1,1 Topic
41507081,ประกันโควิด,1,1 Topic
41507459,ประกันโควิด,1,1 Topic
41508233,ประกันโควิด,1,1 Topic
41509431,ประกันโควิด,1,1 Topic
41509723,ประกันโควิด,1,1 Topic
41509855,ประกันโควิด,1,1 Topic
41510041,ประกันโควิด,1,1 Topic
41510065,ประกันโควิด,1,1 Topic
41511717,การปฏิเสธจ่ายสินไหม,1,1 Topic
41511819,การยกเลิกกรมธรรม์,2,More than 1 topic
41511819,การปฏิเสธจ่ายสินไหม,2,More than 1 topic
41512024,การปฏิเสธจ่ายสินไหม,2,More than 1 topic
41512024,ความล่าช้าในการจ่ายสินไหม,2,More than 1 topic
41512495,การปฏิเสธจ่ายสินไหม,1,1 Topic
41512651,ประกันโควิด,3,More than 1 topic
41512651,การยกเลิกกรมธรรม์,3,More than 1 topic
41512651,การปฏิเสธจ่ายสินไหม,3,More than 1 topic
41513647,การยกเลิกกรมธรรม์,1,1 Topic
41516606,การปฏิเสธจ่ายสินไหม,1,1 Topic
41519808,ความล่าช้าในการจ่ายสินไหม,1,1 Topic
41519822,การยกเลิกกรมธรรม์,1,1 Topic
41521279,ประกันโควิด,1,1 Topic
41523337,ค่าเบี้ยประกัน,1,1 Topic
41525347,ประกันโควิด,1,1 Topic
41527731,ประกันโควิด,1,1 Topic
41529150,ความล่าช้าในการจ่ายสินไหม,1,1 Topic
41529795,ประกันโควิด,2,More than 1 topic
41529795,การยกเลิกกรมธรรม์,2,More than 1 topic
41532535,ประกันโควิด,1,1 Topic
41535729,ประกันโควิด,1,1 Topic
41542807,การปฏิเสธจ่ายสินไหม,1,1 Topic
41544264,การยกเลิกกรมธรรม์,1,1 Topic
41544283,ประกันโควิด,1,1 Topic
41545125,ประกันโควิด,1,1 Topic
41546083,ความล่าช้าในการจ่ายสินไหม,1,1 Topic
41548626,ความล่าช้าในการจ่ายสินไหม,1,1 Topic
41549220,ประกันโควิด,1,1 Topic
41552448,การปฏิเสธจ่ายสินไหม,1,1 Topic
41553033,ประกันโควิด,1,1 Topic
41553094,ค่าเบี้ยประกัน,1,1 Topic
41554963,การปฏิเสธจ่ายสินไหม,1,1 Topic
41555317,การยกเลิกกรมธรรม์,2,More than 1 topic
41555317,การปฏิเสธจ่ายสินไหม,2,More than 1 topic
41556091,การยกเลิกกรมธรรม์,1,1 Topic
41558820,การปฏิเสธจ่ายสินไหม,1,1 Topic
41559735,การยกเลิกกรมธรรม์,2,More than 1 topic
41559735,ค่าเบี้ยประกัน,2,More than 1 topic
41560394,การยกเลิกกรมธรรม์,1,1 Topic
41563613,การยกเลิกกรมธรรม์,1,1 Topic
41563632,ประกันโควิด,2,More than 1 topic
41563632,ความล่าช้าในการจ่ายสินไหม,2,More than 1 topic
41565413,ความล่าช้าในการจ่ายสินไหม,1,1 Topic
41565632,การยกเลิกกรมธรรม์,1,1 Topic
41565953,ประกันโควิด,3,More than 1 topic
41565953,การปฏิเสธจ่ายสินไหม,3,More than 1 topic
41565953,ความล่าช้าในการจ่ายสินไหม,3,More than 1 topic
41567883,ประกันโควิด,1,1 Topic
41568956,การยกเลิกกรมธรรม์,1,1 Topic
41569127,การยกเลิกกรมธรรม์,1,1 Topic
41570486,ประกันโควิด,1,1 Topic
41571241,การปฏิเสธจ่ายสินไหม,1,1 Topic
41573959,ประกันโควิด,1,1 Topic
41574842,การยกเลิกกรมธรรม์,1,1 Topic
41576965,ความล่าช้าในการจ่ายสินไหม,1,1 Topic
41577900,ประกันโควิด,2,More than 1 topic
41577900,ความล่าช้าในการจ่ายสินไหม,2,More than 1 topic
41578855,การปฏิเสธจ่ายสินไหม,1,1 Topic
41585349,ค่าเบี้ยประกัน,1,1 Topic
41586714,ประกันโควิด,2,More than 1 topic
41586714,ความล่าช้าในการจ่ายสินไหม,2,More than 1 topic
41589483,ความล่าช้าในการจ่ายสินไหม,2,More than 1 topic
41589483,ค่าเบี้ยประกัน,2,More than 1 topic
41591083,ประกันโควิด,1,1 Topic
41596765,ประกันโควิด,1,1 Topic
41597731,การยกเลิกกรมธรรม์,1,1 Topic
41600295,ประกันโควิด,1,1 Topic
41600402,ประกันโควิด,1,1 Topic
41603702,ประกันโควิด,1,1 Topic
41606760,การปฏิเสธจ่ายสินไหม,1,1 Topic
41607856,การยกเลิกกรมธรรม์,3,More than 1 topic
41607856,การปฏิเสธจ่ายสินไหม,3,More than 1 topic
41607856,ความล่าช้าในการจ่ายสินไหม,3,More than 1 topic
41608375,การยกเลิกกรมธรรม์,1,1 Topic
41609617,การปฏิเสธจ่ายสินไหม,2,More than 1 topic
41609617,ความล่าช้าในการจ่ายสินไหม,2,More than 1 topic
41611340,การยกเลิกกรมธรรม์,1,1 Topic
41611741,ประกันโควิด,1,1 Topic
41613970,การยกเลิกกรมธรรม์,1,1 Topic
41615803,การปฏิเสธจ่ายสินไหม,1,1 Topic
41621085,ความล่าช้าในการจ่ายสินไหม,1,1 Topic
41621225,ความล่าช้าในการจ่ายสินไหม,1,1 Topic
41624784,การยกเลิกกรมธรรม์,2,More than 1 topic
41624784,การปฏิเสธจ่ายสินไหม,2,More than 1 topic
41627855,การปฏิเสธจ่ายสินไหม,1,1 Topic
41630440,การยกเลิกกรมธรรม์,1,1 Topic
41630495,ประกันโควิด,1,1 Topic
41631969,ความล่าช้าในการจ่ายสินไหม,1,1 Topic
41634305,การยกเลิกกรมธรรม์,1,1 Topic
41634600,การปฏิเสธจ่ายสินไหม,1,1 Topic
41634885,ประกันโควิด,1,1 Topic
41635651,ประกันโควิด,2,More than 1 topic
41635651,ความล่าช้าในการจ่ายสินไหม,2,More than 1 topic
41635749,การยกเลิกกรมธรรม์,1,1 Topic
41636605,ประกันโควิด,1,1 Topic
41637453,การยกเลิกกรมธรรม์,1,1 Topic
41637817,ประกันโควิด,1,1 Topic
41638142,การปฏิเสธจ่ายสินไหม,1,1 Topic
41638582,ประกันโควิด,2,More than 1 topic
41638582,ความล่าช้าในการจ่ายสินไหม,2,More than 1 topic
41638621,ประกันโควิด,1,1 Topic
41641041,ประกันโควิด,1,1 Topic
41641208,การปฏิเสธจ่ายสินไหม,2,More than 1 topic
41641208,ความล่าช้าในการจ่ายสินไหม,2,More than 1 topic
41641289,ประกันโควิด,2,More than 1 topic
41641289,การยกเลิกกรมธรรม์,2,More than 1 topic
41642654,การยกเลิกกรมธรรม์,1,1 Topic
41644238,ประกันโควิด,2,More than 1 topic
41644238,ความล่าช้าในการจ่ายสินไหม,2,More than 1 topic
41645762,ประกันโควิด,2,More than 1 topic
41645762,ความล่าช้าในการจ่ายสินไหม,2,More than 1 topic
41647457,การยกเลิกกรมธรรม์,1,1 Topic
41648637,การยกเลิกกรมธรรม์,1,1 Topic
41651805,การปฏิเสธจ่ายสินไหม,1,1 Topic
41654375,การยกเลิกกรมธรรม์,1,1 Topic
41656174,ประกันโควิด,1,1 Topic
41656767,การยกเลิกกรมธรรม์,1,1 Topic
41657000,ประกันโควิด,1,1 Topic
41659219,การยกเลิกกรมธรรม์,1,1 Topic
41659630,การปฏิเสธจ่ายสินไหม,1,1 Topic
41664001,การยกเลิกกรมธรรม์,1,1 Topic
41665998,ประกันโควิด,1,1 Topic
41670710,การยกเลิกกรมธรรม์,1,1 Topic
41670988,การยกเลิกกรมธรรม์,1,1 Topic
41675226,การยกเลิกกรมธรรม์,2,More than 1 topic
41675226,ค่าเบี้ยประกัน,2,More than 1 topic
41675262,ความล่าช้าในการจ่ายสินไหม,1,1 Topic
41677335,การยกเลิกกรมธรรม์,2,More than 1 topic
41677335,ค่าเบี้ยประกัน,2,More than 1 topic
41678374,การยกเลิกกรมธรรม์,1,1 Topic
41680036,การยกเลิกกรมธรรม์,1,1 Topic
41680509,ประกันโควิด,2,More than 1 topic
41680509,การปฏิเสธจ่ายสินไหม,2,More than 1 topic
41680639,ความล่าช้าในการจ่ายสินไหม,1,1 Topic
41681209,ประกันโควิด,1,1 Topic
41689267,การยกเลิกกรมธรรม์,1,1 Topic
41691383,การยกเลิกกรมธรรม์,1,1 Topic
41692538,การยกเลิกกรมธรรม์,3,More than 1 topic
41692538,การปฏิเสธจ่ายสินไหม,3,More than 1 topic
41692538,ค่าเบี้ยประกัน,3,More than 1 topic
41693353,ความล่าช้าในการจ่ายสินไหม,1,1 Topic
41694314,ความล่าช้าในการจ่ายสินไหม,1,1 Topic
41694518,การปฏิเสธจ่ายสินไหม,1,1 Topic
41694893,ค่าเบี้ยประกัน,1,1 Topic
41696394,การยกเลิกกรมธรรม์,1,1 Topic
41696659,การยกเลิกกรมธรรม์,1,1 Topic
41698069,การยกเลิกกรมธรรม์,1,1 Topic
41698870,ความล่าช้าในการจ่ายสินไหม,1,1 Topic
41699884,ค่าเบี้ยประกัน,1,1 Topic
41700959,การยกเลิกกรมธรรม์,1,1 Topic
41701956,การยกเลิกกรมธรรม์,2,More than 1 topic
41701956,ความล่าช้าในการจ่ายสินไหม,2,More than 1 topic
41702787,การยกเลิกกรมธรรม์,1,1 Topic
41704002,ประกันโควิด,3,More than 1 topic
41704002,การปฏิเสธจ่ายสินไหม,3,More than 1 topic
41704002,ความล่าช้าในการจ่ายสินไหม,3,More than 1 topic
41705813,การยกเลิกกรมธรรม์,2,More than 1 topic
41705813,ค่าเบี้ยประกัน,2,More than 1 topic
41709325,การปฏิเสธจ่ายสินไหม,1,1 Topic
41710673,การปฏิเสธจ่ายสินไหม,1,1 Topic
41711651,ประกันโควิด,1,1 Topic
41711716,การยกเลิกกรมธรรม์,1,1 Topic
41711720,การปฏิเสธจ่ายสินไหม,1,1 Topic
41712758,การปฏิเสธจ่ายสินไหม,2,More than 1 topic
41712758,ความล่าช้าในการจ่ายสินไหม,2,More than 1 topic
41714461,การยกเลิกกรมธรรม์,1,1 Topic
41720688,การยกเลิกกรมธรรม์,1,1 Topic
41724806,การปฏิเสธจ่ายสินไหม,1,1 Topic
41729875,ประกันโควิด,2,More than 1 topic
41729875,การปฏิเสธจ่ายสินไหม,2,More than 1 topic
41731674,ความล่าช้าในการจ่ายสินไหม,1,1 Topic
41731812,การปฏิเสธจ่ายสินไหม,1,1 Topic
41733452,การยกเลิกกรมธรรม์,2,More than 1 topic
41733452,ความล่าช้าในการจ่ายสินไหม,2,More than 1 topic
41735587,ค่าเบี้ยประกัน,1,1 Topic
41736252,การยกเลิกกรมธรรม์,1,1 Topic
41737513,ประกันโควิด,4,More than 1 topic
41737513,การยกเลิกกรมธรรม์,4,More than 1 topic
41737513,การปฏิเสธจ่ายสินไหม,4,More than 1 topic
41737513,ค่าเบี้ยประกัน,4,More than 1 topic
41737933,การยกเลิกกรมธรรม์,1,1 Topic
41738133,การยกเลิกกรมธรรม์,1,1 Topic
41738196,ประกันโควิด,1,1 Topic
41739213,ความล่าช้าในการจ่ายสินไหม,1,1 Topic
41742856,ความล่าช้าในการจ่ายสินไหม,1,1 Topic
41743635,การยกเลิกกรมธรรม์,1,1 Topic
41744097,ความล่าช้าในการจ่ายสินไหม,1,1 Topic
41746546,การปฏิเสธจ่ายสินไหม,1,1 Topic
41748731,ความล่าช้าในการจ่ายสินไหม,1,1 Topic
41748931,การยกเลิกกรมธรรม์,1,1 Topic
41751418,ประกันโควิด,3,More than 1 topic
41751418,การยกเลิกกรมธรรม์,3,More than 1 topic
41751418,การปฏิเสธจ่ายสินไหม,3,More than 1 topic
41751924,การปฏิเสธจ่ายสินไหม,2,More than 1 topic
41751924,ความล่าช้าในการจ่ายสินไหม,2,More than 1 topic
41755229,การยกเลิกกรมธรรม์,1,1 Topic
41756155,ประกันโควิด,2,More than 1 topic
41756155,การปฏิเสธจ่ายสินไหม,2,More than 1 topic
41758386,การยกเลิกกรมธรรม์,1,1 Topic
41759097,การยกเลิกกรมธรรม์,1,1 Topic
41759797,การปฏิเสธจ่ายสินไหม,1,1 Topic
41761460,การยกเลิกกรมธรรม์,1,1 Topic
41764933,การยกเลิกกรมธรรม์,1,1 Topic
41765587,การยกเลิกกรมธรรม์,1,1 Topic
41768900,ประกันโควิด,1,1 Topic
41768907,การยกเลิกกรมธรรม์,1,1 Topic
41769003,การปฏิเสธจ่ายสินไหม,1,1 Topic
41769068,การยกเลิกกรมธรรม์,1,1 Topic
41774910,การยกเลิกกรมธรรม์,1,1 Topic
41777909,ความล่าช้าในการจ่ายสินไหม,5,More than 1 topic
41777909,ค่าเบี้ยประกัน,5,More than 1 topic
41777909,ประกันโควิด,5,More than 1 topic
41777909,การยกเลิกกรมธรรม์,5,More than 1 topic
41777909,การปฏิเสธจ่ายสินไหม,5,More than 1 topic
41778216,ประกันโควิด,1,1 Topic
41779311,ประกันโควิด,2,More than 1 topic
41779311,การปฏิเสธจ่ายสินไหม,2,More than 1 topic
41781683,การปฏิเสธจ่ายสินไหม,1,1 Topic
41782094,การยกเลิกกรมธรรม์,1,1 Topic
41782881,ประกันโควิด,3,More than 1 topic
41782881,การยกเลิกกรมธรรม์,3,More than 1 topic
41782881,ค่าเบี้ยประกัน,3,More than 1 topic
41797999,ประกันโควิด,2,More than 1 topic
41797999,การปฏิเสธจ่ายสินไหม,2,More than 1 topic
41798245,ความล่าช้าในการจ่ายสินไหม,1,1 Topic
41799249,การยกเลิกกรมธรรม์,1,1 Topic
41800118,การปฏิเสธจ่ายสินไหม,1,1 Topic
41806329,การปฏิเสธจ่ายสินไหม,2,More than 1 topic
41806329,ความล่าช้าในการจ่ายสินไหม,2,More than 1 topic
41806391,การยกเลิกกรมธรรม์,1,1 Topic
41807784,การยกเลิกกรมธรรม์,1,1 Topic
41808685,ค่าเบี้ยประกัน,1,1 Topic
41808896,การยกเลิกกรมธรรม์,1,1 Topic
41810286,ความล่าช้าในการจ่ายสินไหม,3,More than 1 topic
41810286,การปฏิเสธจ่ายสินไหม,3,More than 1 topic
41810286,ค่าเบี้ยประกัน,3,More than 1 topic
41814838,การยกเลิกกรมธรรม์,2,More than 1 topic
41814838,การปฏิเสธจ่ายสินไหม,2,More than 1 topic
41816075,การปฏิเสธจ่ายสินไหม,1,1 Topic
41818325,การยกเลิกกรมธรรม์,2,More than 1 topic
41818325,การปฏิเสธจ่ายสินไหม,2,More than 1 topic
41818631,การยกเลิกกรมธรรม์,1,1 Topic
41819672,การยกเลิกกรมธรรม์,2,More than 1 topic
41819672,การปฏิเสธจ่ายสินไหม,2,More than 1 topic
41821011,การปฏิเสธจ่ายสินไหม,2,More than 1 topic
41821011,ความล่าช้าในการจ่ายสินไหม,2,More than 1 topic
41822109,การยกเลิกกรมธรรม์,1,1 Topic
41823564,การยกเลิกกรมธรรม์,1,1 Topic
41825613,การยกเลิกกรมธรรม์,1,1 Topic
41827288,การยกเลิกกรมธรรม์,1,1 Topic
41827415,ความล่าช้าในการจ่ายสินไหม,1,1 Topic
41829677,ประกันโควิด,1,1 Topic
41833329,ความล่าช้าในการจ่ายสินไหม,1,1 Topic
41834556,ค่าเบี้ยประกัน,1,1 Topic
41834792,ค่าเบี้ยประกัน,1,1 Topic
41836107,ความล่าช้าในการจ่ายสินไหม,1,1 Topic
41836700,การยกเลิกกรมธรรม์,1,1 Topic
41836825,ประกันโควิด,2,More than 1 topic
41836825,ความล่าช้าในการจ่ายสินไหม,2,More than 1 topic
41838051,การยกเลิกกรมธรรม์,3,More than 1 topic
41838051,การปฏิเสธจ่ายสินไหม,3,More than 1 topic
41838051,ค่าเบี้ยประกัน,3,More than 1 topic
41840421,การยกเลิกกรมธรรม์,1,1 Topic
41841360,การยกเลิกกรมธรรม์,1,1 Topic
41845874,ความล่าช้าในการจ่ายสินไหม,1,1 Topic
41848065,ประกันโควิด,1,1 Topic
41849784,การยกเลิกกรมธรรม์,1,1 Topic
41852350,การยกเลิกกรมธรรม์,1,1 Topic
41852494,การยกเลิกกรมธรรม์,1,1 Topic
41852621,การยกเลิกกรมธรรม์,2,More than 1 topic
41852621,การปฏิเสธจ่ายสินไหม,2,More than 1 topic
41853434,การยกเลิกกรมธรรม์,1,1 Topic
41853979,การยกเลิกกรมธรรม์,2,More than 1 topic
41853979,ค่าเบี้ยประกัน,2,More than 1 topic
41854211,การยกเลิกกรมธรรม์,1,1 Topic
41854647,การปฏิเสธจ่ายสินไหม,1,1 Topic
41854887,ความล่าช้าในการจ่ายสินไหม,1,1 Topic
41855707,การยกเลิกกรมธรรม์,1,1 Topic
41856423,การยกเลิกกรมธรรม์,1,1 Topic
41857856,การปฏิเสธจ่ายสินไหม,2,More than 1 topic
41857856,ความล่าช้าในการจ่ายสินไหม,2,More than 1 topic
41863365,การยกเลิกกรมธรรม์,2,More than 1 topic
41863365,ค่าเบี้ยประกัน,2,More than 1 topic
41863953,การยกเลิกกรมธรรม์,1,1 Topic
41864459,ความล่าช้าในการจ่ายสินไหม,1,1 Topic
41864853,ประกันโควิด,1,1 Topic
41865425,ประกันโควิด,1,1 Topic
41868941,การยกเลิกกรมธรรม์,2,More than 1 topic
41868941,การปฏิเสธจ่ายสินไหม,2,More than 1 topic
41869358,การปฏิเสธจ่ายสินไหม,1,1 Topic
41871405,การยกเลิกกรมธรรม์,1,1 Topic
41873330,ประกันโควิด,2,More than 1 topic
41873330,การปฏิเสธจ่ายสินไหม,2,More than 1 topic
41874048,การยกเลิกกรมธรรม์,1,1 Topic
41875312,การยกเลิกกรมธรรม์,1,1 Topic
41876123,ความล่าช้าในการจ่ายสินไหม,1,1 Topic
41879699,การยกเลิกกรมธรรม์,1,1 Topic
41881390,การยกเลิกกรมธรรม์,1,1 Topic
41884153,ค่าเบี้ยประกัน,1,1 Topic
41885927,การยกเลิกกรมธรรม์,1,1 Topic
41886995,ความล่าช้าในการจ่ายสินไหม,1,1 Topic
41888683,การยกเลิกกรมธรรม์,1,1 Topic
41895579,การยกเลิกกรมธรรม์,1,1 Topic
41899019,การยกเลิกกรมธรรม์,1,1 Topic
41899260,ประกันโควิด,2,More than 1 topic
41899260,ความล่าช้าในการจ่ายสินไหม,2,More than 1 topic
41903246,ความล่าช้าในการจ่ายสินไหม,1,1 Topic
41903407,การยกเลิกกรมธรรม์,1,1 Topic
41903787,การยกเลิกกรมธรรม์,1,1 Topic
41903789,การปฏิเสธจ่ายสินไหม,1,1 Topic
41904452,การยกเลิกกรมธรรม์,1,1 Topic
41904809,ค่าเบี้ยประกัน,1,1 Topic
41905186,การปฏิเสธจ่ายสินไหม,1,1 Topic
41907143,การยกเลิกกรมธรรม์,1,1 Topic
41909562,การยกเลิกกรมธรรม์,1,1 Topic
41911093,การยกเลิกกรมธรรม์,2,More than 1 topic
41911093,การปฏิเสธจ่ายสินไหม,2,More than 1 topic
41912792,การยกเลิกกรมธรรม์,1,1 Topic
41915958,การยกเลิกกรมธรรม์,1,1 Topic
41916983,ความล่าช้าในการจ่ายสินไหม,1,1 Topic
41917604,การยกเลิกกรมธรรม์,3,More than 1 topic
41917604,การปฏิเสธจ่ายสินไหม,3,More than 1 topic
41917604,ค่าเบี้ยประกัน,3,More than 1 topic
41918571,ความล่าช้าในการจ่ายสินไหม,2,More than 1 topic
41918571,ค่าเบี้ยประกัน,2,More than 1 topic
41921432,ความล่าช้าในการจ่ายสินไหม,1,1 Topic
41922312,การยกเลิกกรมธรรม์,2,More than 1 topic
41922312,การปฏิเสธจ่ายสินไหม,2,More than 1 topic
41924346,การยกเลิกกรมธรรม์,1,1 Topic
41924618,ความล่าช้าในการจ่ายสินไหม,1,1 Topic
41926725,การยกเลิกกรมธรรม์,1,1 Topic
41927101,การปฏิเสธจ่ายสินไหม,2,More than 1 topic
41927101,ความล่าช้าในการจ่ายสินไหม,2,More than 1 topic
41929776,การปฏิเสธจ่ายสินไหม,1,1 Topic
41931296,การยกเลิกกรมธรรม์,1,1 Topic
41932440,การยกเลิกกรมธรรม์,2,More than 1 topic
41932440,ค่าเบี้ยประกัน,2,More than 1 topic
41933366,การยกเลิกกรมธรรม์,1,1 Topic
41939355,การปฏิเสธจ่ายสินไหม,2,More than 1 topic
41939355,ความล่าช้าในการจ่ายสินไหม,2,More than 1 topic
41940221,การยกเลิกกรมธรรม์,1,1 Topic
41941432,การยกเลิกกรมธรรม์,1,1 Topic
41941632,ค่าเบี้ยประกัน,1,1 Topic
41943826,การยกเลิกกรมธรรม์,1,1 Topic
41944230,การยกเลิกกรมธรรม์,1,1 Topic
41944327,การยกเลิกกรมธรรม์,1,1 Topic
41944954,ความล่าช้าในการจ่ายสินไหม,2,More than 1 topic
41944954,ค่าเบี้ยประกัน,2,More than 1 topic
41946796,การยกเลิกกรมธรรม์,1,1 Topic
41951431,ความล่าช้าในการจ่ายสินไหม,1,1 Topic
41951697,ประกันโควิด,1,1 Topic
41952340,การยกเลิกกรมธรรม์,1,1 Topic
41955181,การยกเลิกกรมธรรม์,1,1 Topic
41959876,การยกเลิกกรมธรรม์,1,1 Topic
41962963,ความล่าช้าในการจ่ายสินไหม,2,More than 1 topic
41962963,ค่าเบี้ยประกัน,2,More than 1 topic
41966593,การยกเลิกกรมธรรม์,2,More than 1 topic
41966593,ค่าเบี้ยประกัน,2,More than 1 topic
41970454,การยกเลิกกรมธรรม์,1,1 Topic
41970979,ประกันโควิด,1,1 Topic
41972028,การยกเลิกกรมธรรม์,1,1 Topic
41972082,การยกเลิกกรมธรรม์,1,1 Topic
41972139,การปฏิเสธจ่ายสินไหม,2,More than 1 topic
41972139,ความล่าช้าในการจ่ายสินไหม,2,More than 1 topic
41972979,ความล่าช้าในการจ่ายสินไหม,1,1 Topic
41976847,การยกเลิกกรมธรรม์,3,More than 1 topic
41976847,การปฏิเสธจ่ายสินไหม,3,More than 1 topic
41976847,ความล่าช้าในการจ่ายสินไหม,3,More than 1 topic
41980289,ความล่าช้าในการจ่ายสินไหม,1,1 Topic
41980468,ความล่าช้าในการจ่ายสินไหม,1,1 Topic
41980879,การยกเลิกกรมธรรม์,1,1 Topic
41983571,การยกเลิกกรมธรรม์,1,1 Topic
41984360,ค่าเบี้ยประกัน,1,1 Topic
41986430,การปฏิเสธจ่ายสินไหม,1,1 Topic
41987555,การยกเลิกกรมธรรม์,1,1 Topic
41988334,การยกเลิกกรมธรรม์,1,1 Topic
41991382,การยกเลิกกรมธรรม์,1,1 Topic
41992288,การยกเลิกกรมธรรม์,2,More than 1 topic
41992288,ความล่าช้าในการจ่ายสินไหม,2,More than 1 topic
41995671,การยกเลิกกรมธรรม์,1,1 Topic
41995688,การยกเลิกกรมธรรม์,1,1 Topic
41995800,การยกเลิกกรมธรรม์,1,1 Topic
41995932,การยกเลิกกรมธรรม์,1,1 Topic
41996183,ความล่าช้าในการจ่ายสินไหม,1,1 Topic
41996411,การยกเลิกกรมธรรม์,1,1 Topic
41997041,การยกเลิกกรมธรรม์,1,1 Topic
41997861,การยกเลิกกรมธรรม์,1,1 Topic
42001005,การยกเลิกกรมธรรม์,1,1 Topic
42001823,การปฏิเสธจ่ายสินไหม,1,1 Topic
42004708,การยกเลิกกรมธรรม์,2,More than 1 topic
42004708,การปฏิเสธจ่ายสินไหม,2,More than 1 topic
42004780,ประกันโควิด,2,More than 1 topic
42004780,ความล่าช้าในการจ่ายสินไหม,2,More than 1 topic
42005117,ความล่าช้าในการจ่ายสินไหม,1,1 Topic
42005980,การยกเลิกกรมธรรม์,1,1 Topic
42007404,การยกเลิกกรมธรรม์,1,1 Topic
42009308,การยกเลิกกรมธรรม์,1,1 Topic
42014337,การยกเลิกกรมธรรม์,1,1 Topic
42016690,การยกเลิกกรมธรรม์,1,1 Topic
42022083,การยกเลิกกรมธรรม์,1,1 Topic
42023525,การยกเลิกกรมธรรม์,1,1 Topic
42023679,การยกเลิกกรมธรรม์,1,1 Topic
42024939,การปฏิเสธจ่ายสินไหม,1,1 Topic
42029556,การยกเลิกกรมธรรม์,1,1 Topic
42030888,ประกันโควิด,2,More than 1 topic
42030888,ความล่าช้าในการจ่ายสินไหม,2,More than 1 topic
42031974,การยกเลิกกรมธรรม์,1,1 Topic
42036067,การยกเลิกกรมธรรม์,1,1 Topic
42036471,การยกเลิกกรมธรรม์,2,More than 1 topic
42036471,การปฏิเสธจ่ายสินไหม,2,More than 1 topic
42037340,การยกเลิกกรมธรรม์,1,1 Topic
42037431,ความล่าช้าในการจ่ายสินไหม,1,1 Topic
42040709,การยกเลิกกรมธรรม์,1,1 Topic
42041039,การปฏิเสธจ่ายสินไหม,1,1 Topic
42041419,การยกเลิกกรมธรรม์,1,1 Topic
42044786,การยกเลิกกรมธรรม์,1,1 Topic
42044833,การยกเลิกกรมธรรม์,2,More than 1 topic
42044833,การปฏิเสธจ่ายสินไหม,2,More than 1 topic
42045097,การปฏิเสธจ่ายสินไหม,1,1 Topic
42050361,การยกเลิกกรมธรรม์,1,1 Topic
42052048,ความล่าช้าในการจ่ายสินไหม,1,1 Topic
42053356,การยกเลิกกรมธรรม์,1,1 Topic
42054477,การยกเลิกกรมธรรม์,2,More than 1 topic
42054477,การปฏิเสธจ่ายสินไหม,2,More than 1 topic
42055989,ความล่าช้าในการจ่ายสินไหม,1,1 Topic
42056749,ความล่าช้าในการจ่ายสินไหม,1,1 Topic
42057775,การยกเลิกกรมธรรม์,1,1 Topic
42059891,การยกเลิกกรมธรรม์,1,1 Topic
42061050,การยกเลิกกรมธรรม์,1,1 Topic
42062097,การยกเลิกกรมธรรม์,1,1 Topic
42064222,การยกเลิกกรมธรรม์,1,1 Topic
42065168,การยกเลิกกรมธรรม์,1,1 Topic
42066684,การปฏิเสธจ่ายสินไหม,1,1 Topic
42068194,การยกเลิกกรมธรรม์,2,More than 1 topic
42068194,การปฏิเสธจ่ายสินไหม,2,More than 1 topic
42068271,การยกเลิกกรมธรรม์,1,1 Topic
42068433,การยกเลิกกรมธรรม์,1,1 Topic
42069385,การยกเลิกกรมธรรม์,1,1 Topic
42070548,การยกเลิกกรมธรรม์,1,1 Topic
42071151,การยกเลิกกรมธรรม์,1,1 Topic
42071375,การยกเลิกกรมธรรม์,1,1 Topic
42072717,ประกันโควิด,3,More than 1 topic
42072717,การยกเลิกกรมธรรม์,3,More than 1 topic
42072717,การปฏิเสธจ่ายสินไหม,3,More than 1 topic
42073830,ความล่าช้าในการจ่ายสินไหม,1,1 Topic
42077906,การยกเลิกกรมธรรม์,2,More than 1 topic
42077906,การปฏิเสธจ่ายสินไหม,2,More than 1 topic
42078373,การปฏิเสธจ่ายสินไหม,1,1 Topic
42079137,การปฏิเสธจ่ายสินไหม,1,1 Topic
42081457,การปฏิเสธจ่ายสินไหม,1,1 Topic
42083133,การยกเลิกกรมธรรม์,1,1 Topic
42084104,การยกเลิกกรมธรรม์,1,1 Topic
42087957,การปฏิเสธจ่ายสินไหม,1,1 Topic
42089515,ค่าเบี้ยประกัน,1,1 Topic
42090243,การยกเลิกกรมธรรม์,1,1 Topic
42091825,การยกเลิกกรมธรรม์,1,1 Topic
42093338,การปฏิเสธจ่ายสินไหม,1,1 Topic
42093468,ความล่าช้าในการจ่ายสินไหม,1,1 Topic
42093679,การปฏิเสธจ่ายสินไหม,1,1 Topic
42095173,การยกเลิกกรมธรรม์,1,1 Topic
42096546,การปฏิเสธจ่ายสินไหม,1,1 Topic
42097410,การยกเลิกกรมธรรม์,1,1 Topic
42097523,การยกเลิกกรมธรรม์,1,1 Topic
42099956,การปฏิเสธจ่ายสินไหม,1,1 Topic
42100386,การยกเลิกกรมธรรม์,1,1 Topic
42101471,การยกเลิกกรมธรรม์,1,1 Topic
42102622,การยกเลิกกรมธรรม์,1,1 Topic
42109454,การยกเลิกกรมธรรม์,1,1 Topic
42110025,การยกเลิกกรมธรรม์,1,1 Topic
42110367,การยกเลิกกรมธรรม์,2,More than 1 topic
42110367,การปฏิเสธจ่ายสินไหม,2,More than 1 topic
42110972,การปฏิเสธจ่ายสินไหม,1,1 Topic
42114718,การยกเลิกกรมธรรม์,1,1 Topic
42117263,ความล่าช้าในการจ่ายสินไหม,1,1 Topic
42121247,การยกเลิกกรมธรรม์,1,1 Topic
42123443,การยกเลิกกรมธรรม์,1,1 Topic
42123478,การยกเลิกกรมธรรม์,1,1 Topic
42124313,การปฏิเสธจ่ายสินไหม,2,More than 1 topic
42124313,ความล่าช้าในการจ่ายสินไหม,2,More than 1 topic
42125028,การยกเลิกกรมธรรม์,2,More than 1 topic
42125028,การปฏิเสธจ่ายสินไหม,2,More than 1 topic
42125711,ความล่าช้าในการจ่ายสินไหม,2,More than 1 topic
42125711,ค่าเบี้ยประกัน,2,More than 1 topic
42135579,ความล่าช้าในการจ่ายสินไหม,1,1 Topic
42135854,การยกเลิกกรมธรรม์,1,1 Topic
42136513,การยกเลิกกรมธรรม์,1,1 Topic
42137374,การยกเลิกกรมธรรม์,1,1 Topic
42137824,การยกเลิกกรมธรรม์,1,1 Topic
42138857,ค่าเบี้ยประกัน,1,1 Topic
42139425,การยกเลิกกรมธรรม์,1,1 Topic
42141294,การยกเลิกกรมธรรม์,1,1 Topic
42144766,ประกันโควิด,2,More than 1 topic
42144766,ค่าเบี้ยประกัน,2,More than 1 topic
42147945,ความล่าช้าในการจ่ายสินไหม,3,More than 1 topic
42147945,การปฏิเสธจ่ายสินไหม,3,More than 1 topic
42147945,ค่าเบี้ยประกัน,3,More than 1 topic
42148722,การยกเลิกกรมธรรม์,2,More than 1 topic
42148722,การปฏิเสธจ่ายสินไหม,2,More than 1 topic
42149187,การยกเลิกกรมธรรม์,1,1 Topic
42150912,การปฏิเสธจ่ายสินไหม,1,1 Topic
42151649,การยกเลิกกรมธรรม์,2,More than 1 topic
42151649,การปฏิเสธจ่ายสินไหม,2,More than 1 topic
42157487,ความล่าช้าในการจ่ายสินไหม,1,1 Topic
42158390,การปฏิเสธจ่ายสินไหม,1,1 Topic
42160316,การยกเลิกกรมธรรม์,1,1 Topic
42161095,ความล่าช้าในการจ่ายสินไหม,1,1 Topic
42162601,การยกเลิกกรมธรรม์,1,1 Topic
42164690,ค่าเบี้ยประกัน,1,1 Topic
42167489,ประกันโควิด,2,More than 1 topic
42167489,การยกเลิกกรมธรรม์,2,More than 1 topic
42169732,การยกเลิกกรมธรรม์,1,1 Topic
42169878,ความล่าช้าในการจ่ายสินไหม,1,1 Topic
42171448,การปฏิเสธจ่ายสินไหม,1,1 Topic
42172172,ประกันโควิด,1,1 Topic
42172709,การยกเลิกกรมธรรม์,2,More than 1 topic
42172709,การปฏิเสธจ่ายสินไหม,2,More than 1 topic
42172739,ความล่าช้าในการจ่ายสินไหม,1,1 Topic
42174194,การยกเลิกกรมธรรม์,1,1 Topic
42174236,ค่าเบี้ยประกัน,1,1 Topic
42174544,การยกเลิกกรมธรรม์,1,1 Topic
42175694,ค่าเบี้ยประกัน,1,1 Topic
42176570,การปฏิเสธจ่ายสินไหม,1,1 Topic
42176577,การยกเลิกกรมธรรม์,1,1 Topic
42178285,การยกเลิกกรมธรรม์,1,1 Topic
42179585,ความล่าช้าในการจ่ายสินไหม,1,1 Topic
42180029,การยกเลิกกรมธรรม์,1,1 Topic
42180129,การยกเลิกกรมธรรม์,1,1 Topic
42181473,การยกเลิกกรมธรรม์,1,1 Topic
42182763,การยกเลิกกรมธรรม์,1,1 Topic
42183444,การยกเลิกกรมธรรม์,1,1 Topic
42184837,ประกันโควิด,1,1 Topic
42186861,การปฏิเสธจ่ายสินไหม,2,More than 1 topic
42186861,ความล่าช้าในการจ่ายสินไหม,2,More than 1 topic
42190305,การยกเลิกกรมธรรม์,1,1 Topic
42190660,การปฏิเสธจ่ายสินไหม,1,1 Topic
42191904,การยกเลิกกรมธรรม์,1,1 Topic
42193376,การยกเลิกกรมธรรม์,1,1 Topic
42194034,ประกันโควิด,1,1 Topic
42195687,การยกเลิกกรมธรรม์,1,1 Topic
42195828,การยกเลิกกรมธรรม์,1,1 Topic
42197004,การยกเลิกกรมธรรม์,1,1 Topic
42199532,การยกเลิกกรมธรรม์,1,1 Topic
42199550,ค่าเบี้ยประกัน,1,1 Topic
42203269,การปฏิเสธจ่ายสินไหม,1,1 Topic
42206442,การปฏิเสธจ่ายสินไหม,1,1 Topic
42207084,การยกเลิกกรมธรรม์,1,1 Topic
42210322,การยกเลิกกรมธรรม์,1,1 Topic
42212869,การปฏิเสธจ่ายสินไหม,1,1 Topic
42213122,ค่าเบี้ยประกัน,1,1 Topic
42216220,การยกเลิกกรมธรรม์,2,More than 1 topic
42216220,การปฏิเสธจ่ายสินไหม,2,More than 1 topic
42217153,การปฏิเสธจ่ายสินไหม,1,1 Topic
42217533,ความล่าช้าในการจ่ายสินไหม,2,More than 1 topic
42217533,ค่าเบี้ยประกัน,2,More than 1 topic
42223748,ความล่าช้าในการจ่ายสินไหม,1,1 Topic
42227842,ความล่าช้าในการจ่ายสินไหม,1,1 Topic
42227869,การยกเลิกกรมธรรม์,2,More than 1 topic
42227869,การปฏิเสธจ่ายสินไหม,2,More than 1 topic
42228640,การยกเลิกกรมธรรม์,1,1 Topic
42229647,ประกันโควิด,2,More than 1 topic
42229647,การปฏิเสธจ่ายสินไหม,2,More than 1 topic
42233366,การยกเลิกกรมธรรม์,1,1 Topic
42239175,ความล่าช้าในการจ่ายสินไหม,1,1 Topic
42243277,การยกเลิกกรมธรรม์,1,1 Topic
42243437,การยกเลิกกรมธรรม์,2,More than 1 topic
42243437,ความล่าช้าในการจ่ายสินไหม,2,More than 1 topic
42244659,การยกเลิกกรมธรรม์,1,1 Topic
42249037,การปฏิเสธจ่ายสินไหม,1,1 Topic
42249906,การยกเลิกกรมธรรม์,1,1 Topic
42250077,การยกเลิกกรมธรรม์,1,1 Topic
42253135,การยกเลิกกรมธรรม์,2,More than 1 topic
42253135,ค่าเบี้ยประกัน,2,More than 1 topic
42253585,การยกเลิกกรมธรรม์,1,1 Topic
42253589,การยกเลิกกรมธรรม์,1,1 Topic
42254555,การปฏิเสธจ่ายสินไหม,1,1 Topic
42257755,ความล่าช้าในการจ่ายสินไหม,1,1 Topic
42260666,การยกเลิกกรมธรรม์,1,1 Topic
42261223,การปฏิเสธจ่ายสินไหม,1,1 Topic
42262731,การยกเลิกกรมธรรม์,1,1 Topic
42262997,ความล่าช้าในการจ่ายสินไหม,1,1 Topic
42266919,การยกเลิกกรมธรรม์,1,1 Topic
42267902,การยกเลิกกรมธรรม์,1,1 Topic
42271087,การยกเลิกกรมธรรม์,1,1 Topic
42271126,การยกเลิกกรมธรรม์,1,1 Topic
42271585,การปฏิเสธจ่ายสินไหม,2,More than 1 topic
42271585,ความล่าช้าในการจ่ายสินไหม,2,More than 1 topic
42271846,การปฏิเสธจ่ายสินไหม,1,1 Topic
42272624,การยกเลิกกรมธรรม์,2,More than 1 topic
42272624,การปฏิเสธจ่ายสินไหม,2,More than 1 topic
42280709,การยกเลิกกรมธรรม์,1,1 Topic
42280839,ความล่าช้าในการจ่ายสินไหม,1,1 Topic
42280874,การยกเลิกกรมธรรม์,1,1 Topic
42281925,การปฏิเสธจ่ายสินไหม,1,1 Topic
42282102,การปฏิเสธจ่ายสินไหม,1,1 Topic
42286924,ค่าเบี้ยประกัน,1,1 Topic
42290590,การยกเลิกกรมธรรม์,1,1 Topic
42290696,การปฏิเสธจ่ายสินไหม,1,1 Topic
42291344,การยกเลิกกรมธรรม์,1,1 Topic
42296691,การปฏิเสธจ่ายสินไหม,1,1 Topic
42297235,ความล่าช้าในการจ่ายสินไหม,1,1 Topic
42297594,การยกเลิกกรมธรรม์,1,1 Topic
42299716,การยกเลิกกรมธรรม์,2,More than 1 topic
42299716,ค่าเบี้ยประกัน,2,More than 1 topic
42299732,การปฏิเสธจ่ายสินไหม,1,1 Topic
42299929,การปฏิเสธจ่ายสินไหม,2,More than 1 topic
42299929,ความล่าช้าในการจ่ายสินไหม,2,More than 1 topic
42301249,การยกเลิกกรมธรรม์,1,1 Topic
42301830,ความล่าช้าในการจ่ายสินไหม,1,1 Topic
42303502,การปฏิเสธจ่ายสินไหม,1,1 Topic
42304801,การยกเลิกกรมธรรม์,1,1 Topic
42305675,การยกเลิกกรมธรรม์,1,1 Topic
42306390,การปฏิเสธจ่ายสินไหม,1,1 Topic
42310351,ความล่าช้าในการจ่ายสินไหม,1,1 Topic
42311135,ความล่าช้าในการจ่ายสินไหม,1,1 Topic
42312453,การยกเลิกกรมธรรม์,1,1 Topic
42313529,การปฏิเสธจ่ายสินไหม,1,1 Topic
42315139,การยกเลิกกรมธรรม์,2,More than 1 topic
42315139,การปฏิเสธจ่ายสินไหม,2,More than 1 topic
42315831,การยกเลิกกรมธรรม์,1,1 Topic
42319248,การยกเลิกกรมธรรม์,1,1 Topic
42319518,ประกันโควิด,1,1 Topic
42320208,การยกเลิกกรมธรรม์,1,1 Topic
42320967,การยกเลิกกรมธรรม์,1,1 Topic
42324833,การปฏิเสธจ่ายสินไหม,1,1 Topic
42326683,การปฏิเสธจ่ายสินไหม,1,1 Topic
42327691,ประกันโควิด,3,More than 1 topic
42327691,การปฏิเสธจ่ายสินไหม,3,More than 1 topic
42327691,ความล่าช้าในการจ่ายสินไหม,3,More than 1 topic
42328071,การยกเลิกกรมธรรม์,1,1 Topic
42330160,การยกเลิกกรมธรรม์,1,1 Topic
42330476,ความล่าช้าในการจ่ายสินไหม,1,1 Topic
42333847,ความล่าช้าในการจ่ายสินไหม,1,1 Topic
42340782,การยกเลิกกรมธรรม์,1,1 Topic
42341709,ค่าเบี้ยประกัน,1,1 Topic
42341965,ค่าเบี้ยประกัน,1,1 Topic
42342271,ความล่าช้าในการจ่ายสินไหม,1,1 Topic
42342888,ความล่าช้าในการจ่ายสินไหม,1,1 Topic
42346198,การปฏิเสธจ่ายสินไหม,1,1 Topic
42349740,การปฏิเสธจ่ายสินไหม,1,1 Topic
42350101,ค่าเบี้ยประกัน,1,1 Topic
42351317,การปฏิเสธจ่ายสินไหม,1,1 Topic
42352510,การยกเลิกกรมธรรม์,3,More than 1 topic
42352510,การปฏิเสธจ่ายสินไหม,3,More than 1 topic
42352510,ความล่าช้าในการจ่ายสินไหม,3,More than 1 topic
42354562,การยกเลิกกรมธรรม์,1,1 Topic
42355598,การยกเลิกกรมธรรม์,1,1 Topic
42355653,ค่าเบี้ยประกัน,1,1 Topic
42355685,การยกเลิกกรมธรรม์,1,1 Topic
42356119,การปฏิเสธจ่ายสินไหม,1,1 Topic
42360479,ความล่าช้าในการจ่ายสินไหม,3,More than 1 topic
42360479,การปฏิเสธจ่ายสินไหม,3,More than 1 topic
42360479,ค่าเบี้ยประกัน,3,More than 1 topic
42360826,ความล่าช้าในการจ่ายสินไหม,1,1 Topic
42361362,การปฏิเสธจ่ายสินไหม,1,1 Topic
42363657,ความล่าช้าในการจ่ายสินไหม,1,1 Topic
42363764,การยกเลิกกรมธรรม์,1,1 Topic
42365666,ความล่าช้าในการจ่ายสินไหม,1,1 Topic
42367144,ประกันโควิด,3,More than 1 topic
42367144,การปฏิเสธจ่ายสินไหม,3,More than 1 topic
42367144,ความล่าช้าในการจ่ายสินไหม,3,More than 1 topic
42369854,การยกเลิกกรมธรรม์,1,1 Topic
42370652,การยกเลิกกรมธรรม์,1,1 Topic
42371039,การยกเลิกกรมธรรม์,1,1 Topic
42371514,ค่าเบี้ยประกัน,1,1 Topic
42371647,ความล่าช้าในการจ่ายสินไหม,1,1 Topic
42371857,การยกเลิกกรมธรรม์,2,More than 1 topic
42371857,การปฏิเสธจ่ายสินไหม,2,More than 1 topic
42372161,การยกเลิกกรมธรรม์,1,1 Topic
42373772,ความล่าช้าในการจ่ายสินไหม,2,More than 1 topic
42373772,ค่าเบี้ยประกัน,2,More than 1 topic
42375738,ความล่าช้าในการจ่ายสินไหม,1,1 Topic
42375871,การยกเลิกกรมธรรม์,2,More than 1 topic
42375871,ค่าเบี้ยประกัน,2,More than 1 topic
42376161,ความล่าช้าในการจ่ายสินไหม,1,1 Topic
42376690,การยกเลิกกรมธรรม์,1,1 Topic
42377372,การยกเลิกกรมธรรม์,1,1 Topic
42381417,การปฏิเสธจ่ายสินไหม,1,1 Topic
42383607,การปฏิเสธจ่ายสินไหม,1,1 Topic
42383708,การยกเลิกกรมธรรม์,1,1 Topic
42383936,ความล่าช้าในการจ่ายสินไหม,1,1 Topic
42385398,การยกเลิกกรมธรรม์,1,1 Topic
42386781,การยกเลิกกรมธรรม์,1,1 Topic
42387566,การยกเลิกกรมธรรม์,1,1 Topic
42390463,ประกันโควิด,2,More than 1 topic
42390463,การปฏิเสธจ่ายสินไหม,2,More than 1 topic
42392234,ความล่าช้าในการจ่ายสินไหม,1,1 Topic
42392920,การยกเลิกกรมธรรม์,1,1 Topic
42393715,การปฏิเสธจ่ายสินไหม,1,1 Topic
42399782,การยกเลิกกรมธรรม์,1,1 Topic
42400294,การปฏิเสธจ่ายสินไหม,1,1 Topic
42406426,การปฏิเสธจ่ายสินไหม,1,1 Topic
42410305,การยกเลิกกรมธรรม์,1,1 Topic
42411499,ประกันโควิด,2,More than 1 topic
42411499,ความล่าช้าในการจ่ายสินไหม,2,More than 1 topic
42415271,การยกเลิกกรมธรรม์,2,More than 1 topic
42415271,การปฏิเสธจ่ายสินไหม,2,More than 1 topic
42417934,ค่าเบี้ยประกัน,1,1 Topic
42419034,การยกเลิกกรมธรรม์,3,More than 1 topic
42419034,การปฏิเสธจ่ายสินไหม,3,More than 1 topic
42419034,ค่าเบี้ยประกัน,3,More than 1 topic
42423713,การปฏิเสธจ่ายสินไหม,1,1 Topic
42423758,การยกเลิกกรมธรรม์,1,1 Topic
42424476,ค่าเบี้ยประกัน,1,1 Topic
42426853,การยกเลิกกรมธรรม์,1,1 Topic
42426997,ค่าเบี้ยประกัน,1,1 Topic
42428120,ความล่าช้าในการจ่ายสินไหม,1,1 Topic
42429184,ความล่าช้าในการจ่ายสินไหม,1,1 Topic
42432573,การปฏิเสธจ่ายสินไหม,1,1 Topic
42432586,การปฏิเสธจ่ายสินไหม,1,1 Topic
42434168,การยกเลิกกรมธรรม์,1,1 Topic
42436459,ความล่าช้าในการจ่ายสินไหม,1,1 Topic
42437662,การยกเลิกกรมธรรม์,1,1 Topic
42437880,การปฏิเสธจ่ายสินไหม,2,More than 1 topic
42437880,ความล่าช้าในการจ่ายสินไหม,2,More than 1 topic
42438941,การปฏิเสธจ่ายสินไหม,1,1 Topic
42440170,การยกเลิกกรมธรรม์,2,More than 1 topic
42440170,ค่าเบี้ยประกัน,2,More than 1 topic
42440695,การยกเลิกกรมธรรม์,1,1 Topic
42440716,การปฏิเสธจ่ายสินไหม,2,More than 1 topic
42440716,ความล่าช้าในการจ่ายสินไหม,2,More than 1 topic
42440881,การยกเลิกกรมธรรม์,2,More than 1 topic
42440881,การปฏิเสธจ่ายสินไหม,2,More than 1 topic
42442397,การยกเลิกกรมธรรม์,1,1 Topic
42449116,การปฏิเสธจ่ายสินไหม,2,More than 1 topic
42449116,ความล่าช้าในการจ่ายสินไหม,2,More than 1 topic
42449611,การยกเลิกกรมธรรม์,1,1 Topic
42451162,การยกเลิกกรมธรรม์,1,1 Topic
42451688,การยกเลิกกรมธรรม์,1,1 Topic
42452116,การยกเลิกกรมธรรม์,2,More than 1 topic
42452116,ค่าเบี้ยประกัน,2,More than 1 topic
42452862,การยกเลิกกรมธรรม์,2,More than 1 topic
42452862,ค่าเบี้ยประกัน,2,More than 1 topic
42453267,การปฏิเสธจ่ายสินไหม,2,More than 1 topic
42453267,ความล่าช้าในการจ่ายสินไหม,2,More than 1 topic
42453649,ความล่าช้าในการจ่ายสินไหม,1,1 Topic
42460485,การยกเลิกกรมธรรม์,1,1 Topic
42463009,ความล่าช้าในการจ่ายสินไหม,1,1 Topic
42464034,ประกันโควิด,2,More than 1 topic
42464034,การยกเลิกกรมธรรม์,2,More than 1 topic
42464893,การปฏิเสธจ่ายสินไหม,1,1 Topic
42468097,ความล่าช้าในการจ่ายสินไหม,1,1 Topic
42471523,ค่าเบี้ยประกัน,1,1 Topic
42474274,การยกเลิกกรมธรรม์,1,1 Topic
42474697,การยกเลิกกรมธรรม์,1,1 Topic
42475413,การปฏิเสธจ่ายสินไหม,1,1 Topic
42476416,ประกันโควิด,2,More than 1 topic
42476416,การปฏิเสธจ่ายสินไหม,2,More than 1 topic
42478663,การปฏิเสธจ่ายสินไหม,1,1 Topic
42479184,ความล่าช้าในการจ่ายสินไหม,1,1 Topic
42479831,การปฏิเสธจ่ายสินไหม,2,More than 1 topic
42479831,ค่าเบี้ยประกัน,2,More than 1 topic
42481947,การยกเลิกกรมธรรม์,1,1 Topic
42482284,การยกเลิกกรมธรรม์,1,1 Topic
42483836,การยกเลิกกรมธรรม์,1,1 Topic
42488672,การยกเลิกกรมธรรม์,1,1 Topic
42490767,ความล่าช้าในการจ่ายสินไหม,1,1 Topic
42491459,การยกเลิกกรมธรรม์,1,1 Topic
42491865,ความล่าช้าในการจ่ายสินไหม,1,1 Topic
42494871,การปฏิเสธจ่ายสินไหม,1,1 Topic
42497289,ประกันโควิด,1,1 Topic
42500130,การยกเลิกกรมธรรม์,1,1 Topic
42504921,การปฏิเสธจ่ายสินไหม,1,1 Topic
42506433,การยกเลิกกรมธรรม์,1,1 Topic
42507531,ประกันโควิด,3,More than 1 topic
42507531,การยกเลิกกรมธรรม์,3,More than 1 topic
42507531,การปฏิเสธจ่ายสินไหม,3,More than 1 topic
42508087,ประกันโควิด,3,More than 1 topic
42508087,การปฏิเสธจ่ายสินไหม,3,More than 1 topic
42508087,ค่าเบี้ยประกัน,3,More than 1 topic
42508658,การยกเลิกกรมธรรม์,1,1 Topic
42514824,การยกเลิกกรมธรรม์,1,1 Topic
42515484,การยกเลิกกรมธรรม์,1,1 Topic
42516432,การยกเลิกกรมธรรม์,1,1 Topic
42516957,การปฏิเสธจ่ายสินไหม,1,1 Topic
42517498,การยกเลิกกรมธรรม์,1,1 Topic
42518764,ความล่าช้าในการจ่ายสินไหม,1,1 Topic
42519842,ความล่าช้าในการจ่ายสินไหม,1,1 Topic
42520754,การยกเลิกกรมธรรม์,1,1 Topic
42524371,การยกเลิกกรมธรรม์,1,1 Topic
42527236,การยกเลิกกรมธรรม์,1,1 Topic
42527605,ความล่าช้าในการจ่ายสินไหม,1,1 Topic
42530329,การยกเลิกกรมธรรม์,1,1 Topic
42531681,การปฏิเสธจ่ายสินไหม,2,More than 1 topic
42531681,ความล่าช้าในการจ่ายสินไหม,2,More than 1 topic
42532298,ค่าเบี้ยประกัน,1,1 Topic
42534289,การยกเลิกกรมธรรม์,1,1 Topic
42534457,ความล่าช้าในการจ่ายสินไหม,1,1 Topic
42536943,การยกเลิกกรมธรรม์,1,1 Topic
42539173,การยกเลิกกรมธรรม์,1,1 Topic
42543120,ประกันโควิด,3,More than 1 topic
42543120,การยกเลิกกรมธรรม์,3,More than 1 topic
42543120,การปฏิเสธจ่ายสินไหม,3,More than 1 topic
42543628,การยกเลิกกรมธรรม์,1,1 Topic
42545273,ความล่าช้าในการจ่ายสินไหม,1,1 Topic
42545276,การยกเลิกกรมธรรม์,2,More than 1 topic
42545276,การปฏิเสธจ่ายสินไหม,2,More than 1 topic
42546160,การปฏิเสธจ่ายสินไหม,1,1 Topic
42548769,การยกเลิกกรมธรรม์,1,1 Topic
42549006,การยกเลิกกรมธรรม์,1,1 Topic
42550188,ความล่าช้าในการจ่ายสินไหม,1,1 Topic
42557592,ประกันโควิด,4,More than 1 topic
42557592,การยกเลิกกรมธรรม์,4,More than 1 topic
42557592,การปฏิเสธจ่ายสินไหม,4,More than 1 topic
42557592,ความล่าช้าในการจ่ายสินไหม,4,More than 1 topic
42559110,การปฏิเสธจ่ายสินไหม,1,1 Topic
42559552,ประกันโควิด,1,1 Topic
42563841,การยกเลิกกรมธรรม์,2,More than 1 topic
42563841,การปฏิเสธจ่ายสินไหม,2,More than 1 topic
42564728,การยกเลิกกรมธรรม์,1,1 Topic
42564993,การยกเลิกกรมธรรม์,1,1 Topic
42565215,การยกเลิกกรมธรรม์,1,1 Topic
42565358,ความล่าช้าในการจ่ายสินไหม,1,1 Topic
42569235,การปฏิเสธจ่ายสินไหม,1,1 Topic
42572138,การยกเลิกกรมธรรม์,1,1 Topic
42573561,ประกันโควิด,1,1 Topic
42574190,การปฏิเสธจ่ายสินไหม,1,1 Topic
42574411,การยกเลิกกรมธรรม์,1,1 Topic
42575184,การยกเลิกกรมธรรม์,1,1 Topic
42576704,การปฏิเสธจ่ายสินไหม,1,1 Topic
42577224,การปฏิเสธจ่ายสินไหม,1,1 Topic
42586323,ความล่าช้าในการจ่ายสินไหม,1,1 Topic
42587684,การยกเลิกกรมธรรม์,1,1 Topic
42589691,ความล่าช้าในการจ่ายสินไหม,1,1 Topic
42597265,การยกเลิกกรมธรรม์,1,1 Topic
42597318,ความล่าช้าในการจ่ายสินไหม,1,1 Topic
42597451,การปฏิเสธจ่ายสินไหม,1,1 Topic
42599560,การยกเลิกกรมธรรม์,2,More than 1 topic
42599560,การปฏิเสธจ่ายสินไหม,2,More than 1 topic
42601082,การยกเลิกกรมธรรม์,1,1 Topic
42603216,การยกเลิกกรมธรรม์,3,More than 1 topic
42603216,การปฏิเสธจ่ายสินไหม,3,More than 1 topic
42603216,ความล่าช้าในการจ่ายสินไหม,3,More than 1 topic
42603752,การยกเลิกกรมธรรม์,1,1 Topic
42606879,การยกเลิกกรมธรรม์,1,1 Topic
42609980,ความล่าช้าในการจ่ายสินไหม,1,1 Topic
42616637,การยกเลิกกรมธรรม์,1,1 Topic
42617898,การยกเลิกกรมธรรม์,2,More than 1 topic
42617898,การปฏิเสธจ่ายสินไหม,2,More than 1 topic
42618466,การยกเลิกกรมธรรม์,1,1 Topic
42619263,ความล่าช้าในการจ่ายสินไหม,1,1 Topic
42626812,การยกเลิกกรมธรรม์,2,More than 1 topic
42626812,การปฏิเสธจ่ายสินไหม,2,More than 1 topic
42627853,การยกเลิกกรมธรรม์,2,More than 1 topic
42627853,การปฏิเสธจ่ายสินไหม,2,More than 1 topic
42634067,การยกเลิกกรมธรรม์,1,1 Topic
42634201,ประกันโควิด,2,More than 1 topic
42634201,ความล่าช้าในการจ่ายสินไหม,2,More than 1 topic
42638362,ประกันโควิด,4,More than 1 topic
42638362,การยกเลิกกรมธรรม์,4,More than 1 topic
42638362,ความล่าช้าในการจ่ายสินไหม,4,More than 1 topic
42638362,ค่าเบี้ยประกัน,4,More than 1 topic
42639475,การปฏิเสธจ่ายสินไหม,1,1 Topic
42639490,การยกเลิกกรมธรรม์,1,1 Topic
42639836,การยกเลิกกรมธรรม์,1,1 Topic
42643584,การปฏิเสธจ่ายสินไหม,1,1 Topic
42645941,การปฏิเสธจ่ายสินไหม,1,1 Topic
42652395,การยกเลิกกรมธรรม์,1,1 Topic
42660160,ค่าเบี้ยประกัน,1,1 Topic
42665678,การยกเลิกกรมธรรม์,1,1 Topic
42670569,การยกเลิกกรมธรรม์,1,1 Topic
42671613,ประกันโควิด,3,More than 1 topic
42671613,การยกเลิกกรมธรรม์,3,More than 1 topic
42671613,การปฏิเสธจ่ายสินไหม,3,More than 1 topic
42673675,การยกเลิกกรมธรรม์,1,1 Topic
42677602,การยกเลิกกรมธรรม์,1,1 Topic
42679710,ค่าเบี้ยประกัน,1,1 Topic
42682937,ค่าเบี้ยประกัน,1,1 Topic
42684045,การยกเลิกกรมธรรม์,1,1 Topic
42684081,การยกเลิกกรมธรรม์,3,More than 1 topic
42684081,การปฏิเสธจ่ายสินไหม,3,More than 1 topic
42684081,ความล่าช้าในการจ่ายสินไหม,3,More than 1 topic
42685046,การยกเลิกกรมธรรม์,1,1 Topic
42685189,การยกเลิกกรมธรรม์,2,More than 1 topic
42685189,ค่าเบี้ยประกัน,2,More than 1 topic
42685351,การยกเลิกกรมธรรม์,2,More than 1 topic
42685351,การปฏิเสธจ่ายสินไหม,2,More than 1 topic
42685753,ค่าเบี้ยประกัน,1,1 Topic
42689899,ความล่าช้าในการจ่ายสินไหม,1,1 Topic
42691241,การปฏิเสธจ่ายสินไหม,2,More than 1 topic
42691241,ความล่าช้าในการจ่ายสินไหม,2,More than 1 topic
42692008,การยกเลิกกรมธรรม์,1,1 Topic
42692547,การยกเลิกกรมธรรม์,1,1 Topic
42693275,การปฏิเสธจ่ายสินไหม,2,More than 1 topic
42693275,ความล่าช้าในการจ่ายสินไหม,2,More than 1 topic
42695803,การยกเลิกกรมธรรม์,2,More than 1 topic
42695803,การปฏิเสธจ่ายสินไหม,2,More than 1 topic
42697307,ความล่าช้าในการจ่ายสินไหม,2,More than 1 topic
42697307,ค่าเบี้ยประกัน,2,More than 1 topic
42698797,การปฏิเสธจ่ายสินไหม,2,More than 1 topic
42698797,ความล่าช้าในการจ่ายสินไหม,2,More than 1 topic
42701580,การปฏิเสธจ่ายสินไหม,1,1 Topic
42702155,การยกเลิกกรมธรรม์,1,1 Topic
42708519,การปฏิเสธจ่ายสินไหม,2,More than 1 topic
42708519,ความล่าช้าในการจ่ายสินไหม,2,More than 1 topic
42710228,ความล่าช้าในการจ่ายสินไหม,1,1 Topic
42710662,การยกเลิกกรมธรรม์,1,1 Topic
42711901,การยกเลิกกรมธรรม์,1,1 Topic
42712100,ค่าเบี้ยประกัน,1,1 Topic
42712545,การยกเลิกกรมธรรม์,3,More than 1 topic
42712545,การปฏิเสธจ่ายสินไหม,3,More than 1 topic
42712545,ความล่าช้าในการจ่ายสินไหม,3,More than 1 topic
42712950,การยกเลิกกรมธรรม์,1,1 Topic
42712963,การยกเลิกกรมธรรม์,1,1 Topic
42713194,ความล่าช้าในการจ่ายสินไหม,2,More than 1 topic
42713194,ค่าเบี้ยประกัน,2,More than 1 topic
42717891,ประกันโควิด,2,More than 1 topic
42717891,ค่าเบี้ยประกัน,2,More than 1 topic
42722231,การยกเลิกกรมธรรม์,1,1 Topic
42722392,การยกเลิกกรมธรรม์,1,1 Topic
42724115,การปฏิเสธจ่ายสินไหม,2,More than 1 topic
42724115,ค่าเบี้ยประกัน,2,More than 1 topic
42725575,การยกเลิกกรมธรรม์,1,1 Topic
42725704,การยกเลิกกรมธรรม์,1,1 Topic
42727708,การปฏิเสธจ่ายสินไหม,1,1 Topic
42728648,ความล่าช้าในการจ่ายสินไหม,1,1 Topic
42730527,การยกเลิกกรมธรรม์,1,1 Topic
42732349,การยกเลิกกรมธรรม์,1,1 Topic
42732976,การยกเลิกกรมธรรม์,1,1 Topic
42734190,การปฏิเสธจ่ายสินไหม,1,1 Topic
42737431,การยกเลิกกรมธรรม์,1,1 Topic
42740719,การยกเลิกกรมธรรม์,1,1 Topic
42741616,การยกเลิกกรมธรรม์,1,1 Topic
42741946,การยกเลิกกรมธรรม์,1,1 Topic
42746481,การยกเลิกกรมธรรม์,1,1 Topic
42753081,การปฏิเสธจ่ายสินไหม,1,1 Topic
42756698,การยกเลิกกรมธรรม์,1,1 Topic
42758720,การยกเลิกกรมธรรม์,3,More than 1 topic
42758720,การปฏิเสธจ่ายสินไหม,3,More than 1 topic
42758720,ความล่าช้าในการจ่ายสินไหม,3,More than 1 topic
42764888,การยกเลิกกรมธรรม์,1,1 Topic
42770205,การปฏิเสธจ่ายสินไหม,1,1 Topic
42770967,การยกเลิกกรมธรรม์,3,More than 1 topic
42770967,การปฏิเสธจ่ายสินไหม,3,More than 1 topic
42770967,ค่าเบี้ยประกัน,3,More than 1 topic
42771369,ประกันโควิด,1,1 Topic
42773408,การยกเลิกกรมธรรม์,1,1 Topic
42776083,การปฏิเสธจ่ายสินไหม,1,1 Topic
42776679,ความล่าช้าในการจ่ายสินไหม,1,1 Topic
42780357,ความล่าช้าในการจ่ายสินไหม,1,1 Topic
42783453,การยกเลิกกรมธรรม์,1,1 Topic
42788674,ค่าเบี้ยประกัน,1,1 Topic
42791041,ค่าเบี้ยประกัน,1,1 Topic
42793487,ค่าเบี้ยประกัน,1,1 Topic
42797188,การยกเลิกกรมธรรม์,1,1 Topic
42798710,การปฏิเสธจ่ายสินไหม,1,1 Topic
42801158,การยกเลิกกรมธรรม์,1,1 Topic
42801543,การยกเลิกกรมธรรม์,1,1 Topic
42803077,การยกเลิกกรมธรรม์,1,1 Topic
42803832,การยกเลิกกรมธรรม์,2,More than 1 topic
42803832,ค่าเบี้ยประกัน,2,More than 1 topic
42809643,การปฏิเสธจ่ายสินไหม,1,1 Topic
42809662,การยกเลิกกรมธรรม์,1,1 Topic
42811716,การปฏิเสธจ่ายสินไหม,1,1 Topic
42812214,ค่าเบี้ยประกัน,1,1 Topic
42813787,การปฏิเสธจ่ายสินไหม,1,1 Topic
42815155,การยกเลิกกรมธรรม์,1,1 Topic
42817118,ประกันโควิด,2,More than 1 topic
42817118,ค่าเบี้ยประกัน,2,More than 1 topic
42819116,การปฏิเสธจ่ายสินไหม,1,1 Topic
42820859,การยกเลิกกรมธรรม์,1,1 Topic
42823638,ค่าเบี้ยประกัน,1,1 Topic
42824196,การปฏิเสธจ่ายสินไหม,2,More than 1 topic
42824196,ความล่าช้าในการจ่ายสินไหม,2,More than 1 topic
42824552,ความล่าช้าในการจ่ายสินไหม,1,1 Topic
42826319,ประกันโควิด,2,More than 1 topic
42826319,ค่าเบี้ยประกัน,2,More than 1 topic
42831011,การปฏิเสธจ่ายสินไหม,1,1 Topic
42831099,การยกเลิกกรมธรรม์,1,1 Topic
42831977,ความล่าช้าในการจ่ายสินไหม,1,1 Topic
42834653,การยกเลิกกรมธรรม์,1,1 Topic
42839016,การปฏิเสธจ่ายสินไหม,1,1 Topic
42839060,ประกันโควิด,2,More than 1 topic
42839060,การยกเลิกกรมธรรม์,2,More than 1 topic
42839969,การยกเลิกกรมธรรม์,1,1 Topic
42840605,การยกเลิกกรมธรรม์,1,1 Topic
42840987,ค่าเบี้ยประกัน,1,1 Topic
42843301,ค่าเบี้ยประกัน,1,1 Topic
42843582,การยกเลิกกรมธรรม์,1,1 Topic
42844078,การปฏิเสธจ่ายสินไหม,1,1 Topic
42846169,การยกเลิกกรมธรรม์,1,1 Topic
42849253,การยกเลิกกรมธรรม์,1,1 Topic
42849633,ความล่าช้าในการจ่ายสินไหม,1,1 Topic
42849803,การยกเลิกกรมธรรม์,1,1 Topic
42851573,การยกเลิกกรมธรรม์,1,1 Topic
42851580,การปฏิเสธจ่ายสินไหม,2,More than 1 topic
42851580,ความล่าช้าในการจ่ายสินไหม,2,More than 1 topic
42853885,ประกันโควิด,1,1 Topic
42854741,การปฏิเสธจ่ายสินไหม,1,1 Topic
42858677,การยกเลิกกรมธรรม์,2,More than 1 topic
42858677,การปฏิเสธจ่ายสินไหม,2,More than 1 topic
42858761,ความล่าช้าในการจ่ายสินไหม,1,1 Topic
42860581,การยกเลิกกรมธรรม์,2,More than 1 topic
42860581,การปฏิเสธจ่ายสินไหม,2,More than 1 topic
42862854,การยกเลิกกรมธรรม์,1,1 Topic
42863404,การยกเลิกกรมธรรม์,1,1 Topic
42863708,การยกเลิกกรมธรรม์,1,1 Topic
42867094,การยกเลิกกรมธรรม์,1,1 Topic
42867100,ค่าเบี้ยประกัน,1,1 Topic
42872953,การปฏิเสธจ่ายสินไหม,1,1 Topic
42875593,การปฏิเสธจ่ายสินไหม,1,1 Topic
42876465,การยกเลิกกรมธรรม์,1,1 Topic
42877765,การปฏิเสธจ่ายสินไหม,1,1 Topic
42878864,การยกเลิกกรมธรรม์,1,1 Topic
42879603,ความล่าช้าในการจ่ายสินไหม,1,1 Topic
42882748,ความล่าช้าในการจ่ายสินไหม,1,1 Topic
42885573,ความล่าช้าในการจ่ายสินไหม,1,1 Topic
42888845,การยกเลิกกรมธรรม์,2,More than 1 topic
42888845,ค่าเบี้ยประกัน,2,More than 1 topic
42889372,การปฏิเสธจ่ายสินไหม,1,1 Topic
42890377,ความล่าช้าในการจ่ายสินไหม,1,1 Topic
42894496,การยกเลิกกรมธรรม์,1,1 Topic
42895203,การยกเลิกกรมธรรม์,1,1 Topic
42895398,ความล่าช้าในการจ่ายสินไหม,1,1 Topic
42895401,การยกเลิกกรมธรรม์,1,1 Topic
42899519,การปฏิเสธจ่ายสินไหม,2,More than 1 topic
42899519,ความล่าช้าในการจ่ายสินไหม,2,More than 1 topic
42900932,ความล่าช้าในการจ่ายสินไหม,1,1 Topic
42903158,ประกันโควิด,3,More than 1 topic
42903158,ความล่าช้าในการจ่ายสินไหม,3,More than 1 topic
42903158,ค่าเบี้ยประกัน,3,More than 1 topic
42904168,ประกันโควิด,1,1 Topic
42904827,การยกเลิกกรมธรรม์,1,1 Topic
42904945,ค่าเบี้ยประกัน,1,1 Topic
42905179,ความล่าช้าในการจ่ายสินไหม,2,More than 1 topic
42905179,ค่าเบี้ยประกัน,2,More than 1 topic
42905745,การปฏิเสธจ่ายสินไหม,1,1 Topic
42906675,การยกเลิกกรมธรรม์,1,1 Topic
42911299,การปฏิเสธจ่ายสินไหม,1,1 Topic
42914838,ความล่าช้าในการจ่ายสินไหม,5,More than 1 topic
42914838,ค่าเบี้ยประกัน,5,More than 1 topic
42914838,ประกันโควิด,5,More than 1 topic
42914838,การยกเลิกกรมธรรม์,5,More than 1 topic
42914838,การปฏิเสธจ่ายสินไหม,5,More than 1 topic
42915042,การยกเลิกกรมธรรม์,2,More than 1 topic
42915042,การปฏิเสธจ่ายสินไหม,2,More than 1 topic
42916460,การยกเลิกกรมธรรม์,1,1 Topic
42918233,ความล่าช้าในการจ่ายสินไหม,1,1 Topic
42918574,การยกเลิกกรมธรรม์,2,More than 1 topic
42918574,ค่าเบี้ยประกัน,2,More than 1 topic
42918682,ความล่าช้าในการจ่ายสินไหม,1,1 Topic
42918966,การยกเลิกกรมธรรม์,3,More than 1 topic
42918966,ความล่าช้าในการจ่ายสินไหม,3,More than 1 topic
42918966,ค่าเบี้ยประกัน,3,More than 1 topic
42919337,การปฏิเสธจ่ายสินไหม,1,1 Topic
42920420,ความล่าช้าในการจ่ายสินไหม,5,More than 1 topic
42920420,ค่าเบี้ยประกัน,5,More than 1 topic
42920420,ประกันโควิด,5,More than 1 topic
42920420,การยกเลิกกรมธรรม์,5,More than 1 topic
42920420,การปฏิเสธจ่ายสินไหม,5,More than 1 topic
42920874,การยกเลิกกรมธรรม์,1,1 Topic
42920877,การปฏิเสธจ่ายสินไหม,2,More than 1 topic
42920877,ความล่าช้าในการจ่ายสินไหม,2,More than 1 topic
42921893,การยกเลิกกรมธรรม์,1,1 Topic
42924534,การปฏิเสธจ่ายสินไหม,1,1 Topic
42924892,การยกเลิกกรมธรรม์,2,More than 1 topic
42924892,ความล่าช้าในการจ่ายสินไหม,2,More than 1 topic
42924929,การยกเลิกกรมธรรม์,1,1 Topic
42925931,การยกเลิกกรมธรรม์,1,1 Topic
42926202,การยกเลิกกรมธรรม์,1,1 Topic
42926294,การยกเลิกกรมธรรม์,1,1 Topic
42926314,การปฏิเสธจ่ายสินไหม,2,More than 1 topic
42926314,ค่าเบี้ยประกัน,2,More than 1 topic
42926343,การยกเลิกกรมธรรม์,1,1 Topic
42928564,ค่าเบี้ยประกัน,1,1 Topic
42928949,การยกเลิกกรมธรรม์,1,1 Topic
42929222,การยกเลิกกรมธรรม์,1,1 Topic
42929531,การยกเลิกกรมธรรม์,1,1 Topic
42930302,การปฏิเสธจ่ายสินไหม,2,More than 1 topic
42930302,ความล่าช้าในการจ่ายสินไหม,2,More than 1 topic
42934151,การยกเลิกกรมธรรม์,1,1 Topic
42937731,การยกเลิกกรมธรรม์,1,1 Topic
42940861,ความล่าช้าในการจ่ายสินไหม,1,1 Topic
42941482,ความล่าช้าในการจ่ายสินไหม,1,1 Topic
42941581,การยกเลิกกรมธรรม์,2,More than 1 topic
42941581,ค่าเบี้ยประกัน,2,More than 1 topic
42943237,ประกันโควิด,1,1 Topic
42943261,ความล่าช้าในการจ่ายสินไหม,1,1 Topic
42944039,ความล่าช้าในการจ่ายสินไหม,1,1 Topic
42945055,การยกเลิกกรมธรรม์,1,1 Topic
42946217,การยกเลิกกรมธรรม์,1,1 Topic
42947170,ประกันโควิด,1,1 Topic
42949921,การยกเลิกกรมธรรม์,2,More than 1 topic
42949921,ค่าเบี้ยประกัน,2,More than 1 topic
42955224,ค่าเบี้ยประกัน,1,1 Topic
42955575,การยกเลิกกรมธรรม์,1,1 Topic
42955947,การยกเลิกกรมธรรม์,1,1 Topic
42957340,การปฏิเสธจ่ายสินไหม,1,1 Topic
42959510,การยกเลิกกรมธรรม์,1,1 Topic
42959634,การยกเลิกกรมธรรม์,1,1 Topic
42959858,การยกเลิกกรมธรรม์,3,More than 1 topic
42959858,การปฏิเสธจ่ายสินไหม,3,More than 1 topic
42959858,ค่าเบี้ยประกัน,3,More than 1 topic
42960431,ค่าเบี้ยประกัน,1,1 Topic
42960985,การยกเลิกกรมธรรม์,1,1 Topic
42960990,การยกเลิกกรมธรรม์,1,1 Topic
42962510,ค่าเบี้ยประกัน,1,1 Topic
42963679,ประกันโควิด,1,1 Topic
42966662,การยกเลิกกรมธรรม์,2,More than 1 topic
42966662,การปฏิเสธจ่ายสินไหม,2,More than 1 topic
42967323,การปฏิเสธจ่ายสินไหม,1,1 Topic
42969073,การยกเลิกกรมธรรม์,1,1 Topic
42971334,การยกเลิกกรมธรรม์,1,1 Topic
42973160,ความล่าช้าในการจ่ายสินไหม,1,1 Topic
42974922,ความล่าช้าในการจ่ายสินไหม,1,1 Topic
42975087,การยกเลิกกรมธรรม์,1,1 Topic
42978215,การยกเลิกกรมธรรม์,1,1 Topic
42983528,ค่าเบี้ยประกัน,1,1 Topic
42984183,การยกเลิกกรมธรรม์,1,1 Topic
42986768,การยกเลิกกรมธรรม์,1,1 Topic
42988284,การปฏิเสธจ่ายสินไหม,2,More than 1 topic
42988284,ความล่าช้าในการจ่ายสินไหม,2,More than 1 topic
42988342,การยกเลิกกรมธรรม์,1,1 Topic
42989467,การยกเลิกกรมธรรม์,1,1 Topic
42990065,การยกเลิกกรมธรรม์,1,1 Topic
42993920,การยกเลิกกรมธรรม์,1,1 Topic
42994338,การยกเลิกกรมธรรม์,1,1 Topic
42994525,การปฏิเสธจ่ายสินไหม,1,1 Topic
42999957,ความล่าช้าในการจ่ายสินไหม,1,1 Topic
43001411,การยกเลิกกรมธรรม์,1,1 Topic
43003836,การยกเลิกกรมธรรม์,1,1 Topic
43004602,ความล่าช้าในการจ่ายสินไหม,1,1 Topic
43013670,การยกเลิกกรมธรรม์,2,More than 1 topic
43013670,ความล่าช้าในการจ่ายสินไหม,2,More than 1 topic
43013755,การยกเลิกกรมธรรม์,1,1 Topic
43016858,ประกันโควิด,1,1 Topic
43020381,ความล่าช้าในการจ่ายสินไหม,1,1 Topic
43023841,ประกันโควิด,1,1 Topic
43024381,การปฏิเสธจ่ายสินไหม,2,More than 1 topic
43024381,ความล่าช้าในการจ่ายสินไหม,2,More than 1 topic
43025268,การยกเลิกกรมธรรม์,1,1 Topic
43028827,การยกเลิกกรมธรรม์,1,1 Topic
43031542,การยกเลิกกรมธรรม์,1,1 Topic
43032583,การยกเลิกกรมธรรม์,3,More than 1 topic
43032583,ความล่าช้าในการจ่ายสินไหม,3,More than 1 topic
43032583,ค่าเบี้ยประกัน,3,More than 1 topic
43034751,การยกเลิกกรมธรรม์,1,1 Topic
43034889,การยกเลิกกรมธรรม์,1,1 Topic
43036153,ความล่าช้าในการจ่ายสินไหม,1,1 Topic
43037233,การยกเลิกกรมธรรม์,1,1 Topic
43039081,การยกเลิกกรมธรรม์,1,1 Topic
43040655,การปฏิเสธจ่ายสินไหม,1,1 Topic
43043499,ความล่าช้าในการจ่ายสินไหม,1,1 Topic
43044586,การยกเลิกกรมธรรม์,1,1 Topic
43045381,การยกเลิกกรมธรรม์,1,1 Topic
43045575,การยกเลิกกรมธรรม์,1,1 Topic
43045900,การยกเลิกกรมธรรม์,1,1 Topic
43047029,การยกเลิกกรมธรรม์,1,1 Topic
43047694,การยกเลิกกรมธรรม์,1,1 Topic
43049754,การยกเลิกกรมธรรม์,1,1 Topic
43050278,ประกันโควิด,3,More than 1 topic
43050278,การยกเลิกกรมธรรม์,3,More than 1 topic
43050278,ค่าเบี้ยประกัน,3,More than 1 topic
43051074,ความล่าช้าในการจ่ายสินไหม,1,1 Topic
43051493,ความล่าช้าในการจ่ายสินไหม,1,1 Topic
43051499,การปฏิเสธจ่ายสินไหม,2,More than 1 topic
43051499,ความล่าช้าในการจ่ายสินไหม,2,More than 1 topic
43051527,การยกเลิกกรมธรรม์,1,1 Topic
43051906,การยกเลิกกรมธรรม์,1,1 Topic
43052280,การยกเลิกกรมธรรม์,1,1 Topic
43053042,ความล่าช้าในการจ่ายสินไหม,1,1 Topic
43053154,การยกเลิกกรมธรรม์,3,More than 1 topic
43053154,การปฏิเสธจ่ายสินไหม,3,More than 1 topic
43053154,ความล่าช้าในการจ่ายสินไหม,3,More than 1 topic
43053197,ค่าเบี้ยประกัน,1,1 Topic
43053975,การยกเลิกกรมธรรม์,3,More than 1 topic
43053975,การปฏิเสธจ่ายสินไหม,3,More than 1 topic
43053975,ค่าเบี้ยประกัน,3,More than 1 topic
43054648,การยกเลิกกรมธรรม์,1,1 Topic
43055281,ค่าเบี้ยประกัน,1,1 Topic
43057277,ค่าเบี้ยประกัน,1,1 Topic
43057496,การยกเลิกกรมธรรม์,3,More than 1 topic
43057496,การปฏิเสธจ่ายสินไหม,3,More than 1 topic
43057496,ความล่าช้าในการจ่ายสินไหม,3,More than 1 topic
43058269,ความล่าช้าในการจ่ายสินไหม,1,1 Topic
43059559,การปฏิเสธจ่ายสินไหม,1,1 Topic
43059710,การยกเลิกกรมธรรม์,1,1 Topic
43060927,การยกเลิกกรมธรรม์,1,1 Topic
43061113,การยกเลิกกรมธรรม์,1,1 Topic
43061622,ความล่าช้าในการจ่ายสินไหม,1,1 Topic
43061742,ความล่าช้าในการจ่ายสินไหม,1,1 Topic
43064431,การปฏิเสธจ่ายสินไหม,1,1 Topic
43066456,การยกเลิกกรมธรรม์,1,1 Topic
43066520,การยกเลิกกรมธรรม์,1,1 Topic
43066774,การยกเลิกกรมธรรม์,1,1 Topic
43068226,ค่าเบี้ยประกัน,1,1 Topic
43069223,การยกเลิกกรมธรรม์,1,1 Topic
43072029,การยกเลิกกรมธรรม์,1,1 Topic
43072737,การยกเลิกกรมธรรม์,1,1 Topic
43072913,การยกเลิกกรมธรรม์,1,1 Topic
43075527,การปฏิเสธจ่ายสินไหม,1,1 Topic
43075945,ประกันโควิด,1,1 Topic
43078711,การยกเลิกกรมธรรม์,1,1 Topic
43078896,ความล่าช้าในการจ่ายสินไหม,1,1 Topic
43079556,ค่าเบี้ยประกัน,1,1 Topic
43079779,ค่าเบี้ยประกัน,1,1 Topic
43080586,การยกเลิกกรมธรรม์,1,1 Topic
43081256,ค่าเบี้ยประกัน,1,1 Topic
43083838,การยกเลิกกรมธรรม์,2,More than 1 topic
43083838,ความล่าช้าในการจ่ายสินไหม,2,More than 1 topic
43084659,การปฏิเสธจ่ายสินไหม,1,1 Topic
43085661,ประกันโควิด,2,More than 1 topic
43085661,การยกเลิกกรมธรรม์,2,More than 1 topic
43087128,การปฏิเสธจ่ายสินไหม,1,1 Topic
43089458,การยกเลิกกรมธรรม์,1,1 Topic
43092878,การปฏิเสธจ่ายสินไหม,1,1 Topic
43093136,การยกเลิกกรมธรรม์,1,1 Topic
43093170,ความล่าช้าในการจ่ายสินไหม,1,1 Topic
43095923,การปฏิเสธจ่ายสินไหม,1,1 Topic
43097160,ประกันโควิด,1,1 Topic
43097681,การปฏิเสธจ่ายสินไหม,1,1 Topic
43099334,การยกเลิกกรมธรรม์,1,1 Topic
43104638,การยกเลิกกรมธรรม์,2,More than 1 topic
43104638,การปฏิเสธจ่ายสินไหม,2,More than 1 topic
43105377,การยกเลิกกรมธรรม์,1,1 Topic
43105793,ความล่าช้าในการจ่ายสินไหม,1,1 Topic
43108355,การปฏิเสธจ่ายสินไหม,2,More than 1 topic
43108355,ความล่าช้าในการจ่ายสินไหม,2,More than 1 topic
43108513,การยกเลิกกรมธรรม์,2,More than 1 topic
43108513,ค่าเบี้ยประกัน,2,More than 1 topic
43109049,การยกเลิกกรมธรรม์,1,1 Topic
43113054,การยกเลิกกรมธรรม์,1,1 Topic
43117911,การปฏิเสธจ่ายสินไหม,1,1 Topic
43118337,การปฏิเสธจ่ายสินไหม,2,More than 1 topic
43118337,ความล่าช้าในการจ่ายสินไหม,2,More than 1 topic
43120154,การยกเลิกกรมธรรม์,2,More than 1 topic
43120154,ความล่าช้าในการจ่ายสินไหม,2,More than 1 topic
43121553,การยกเลิกกรมธรรม์,1,1 Topic
43124940,การยกเลิกกรมธรรม์,1,1 Topic
43126294,การยกเลิกกรมธรรม์,1,1 Topic
43126375,การยกเลิกกรมธรรม์,2,More than 1 topic
43126375,การปฏิเสธจ่ายสินไหม,2,More than 1 topic
43128086,การยกเลิกกรมธรรม์,1,1 Topic
43128150,การปฏิเสธจ่ายสินไหม,1,1 Topic
43129747,การยกเลิกกรมธรรม์,1,1 Topic
43131032,ประกันโควิด,4,More than 1 topic
43131032,การยกเลิกกรมธรรม์,4,More than 1 topic
43131032,การปฏิเสธจ่ายสินไหม,4,More than 1 topic
43131032,ค่าเบี้ยประกัน,4,More than 1 topic
43131263,การปฏิเสธจ่ายสินไหม,2,More than 1 topic
43131263,ความล่าช้าในการจ่ายสินไหม,2,More than 1 topic
43132014,การยกเลิกกรมธรรม์,3,More than 1 topic
43132014,การปฏิเสธจ่ายสินไหม,3,More than 1 topic
43132014,ความล่าช้าในการจ่ายสินไหม,3,More than 1 topic
43135463,การยกเลิกกรมธรรม์,1,1 Topic
43136603,การยกเลิกกรมธรรม์,1,1 Topic
43137634,การยกเลิกกรมธรรม์,1,1 Topic
43138796,การยกเลิกกรมธรรม์,1,1 Topic
43139633,การยกเลิกกรมธรรม์,1,1 Topic
43141372,ความล่าช้าในการจ่ายสินไหม,1,1 Topic
43144366,การยกเลิกกรมธรรม์,1,1 Topic
43147079,การยกเลิกกรมธรรม์,1,1 Topic
43148209,ความล่าช้าในการจ่ายสินไหม,1,1 Topic
43148850,การยกเลิกกรมธรรม์,1,1 Topic
43149646,การปฏิเสธจ่ายสินไหม,1,1 Topic
43150224,การยกเลิกกรมธรรม์,1,1 Topic
43151283,ประกันโควิด,1,1 Topic
43151534,การยกเลิกกรมธรรม์,1,1 Topic
43153691,การยกเลิกกรมธรรม์,1,1 Topic
43156837,การยกเลิกกรมธรรม์,1,1 Topic
43157572,การยกเลิกกรมธรรม์,1,1 Topic
43160461,การปฏิเสธจ่ายสินไหม,1,1 Topic
43161155,การยกเลิกกรมธรรม์,1,1 Topic
43161596,ค่าเบี้ยประกัน,1,1 Topic
43161653,ประกันโควิด,1,1 Topic
43162805,การยกเลิกกรมธรรม์,1,1 Topic
43164506,ค่าเบี้ยประกัน,1,1 Topic
43164943,การยกเลิกกรมธรรม์,1,1 Topic
43165004,การยกเลิกกรมธรรม์,1,1 Topic
43168169,การยกเลิกกรมธรรม์,1,1 Topic
43169875,การยกเลิกกรมธรรม์,1,1 Topic
43172944,การยกเลิกกรมธรรม์,1,1 Topic
43176944,ค่าเบี้ยประกัน,1,1 Topic
43178432,ค่าเบี้ยประกัน,1,1 Topic
43179366,การยกเลิกกรมธรรม์,1,1 Topic
43184971,ค่าเบี้ยประกัน,1,1 Topic
43186019,การยกเลิกกรมธรรม์,1,1 Topic
43186516,การยกเลิกกรมธรรม์,1,1 Topic
43186914,การยกเลิกกรมธรรม์,1,1 Topic
43187058,ค่าเบี้ยประกัน,1,1 Topic
43187532,การยกเลิกกรมธรรม์,1,1 Topic
43193579,การยกเลิกกรมธรรม์,1,1 Topic
43194977,การปฏิเสธจ่ายสินไหม,2,More than 1 topic
43194977,ความล่าช้าในการจ่ายสินไหม,2,More than 1 topic
43199030,ค่าเบี้ยประกัน,1,1 Topic
43199183,การยกเลิกกรมธรรม์,1,1 Topic
43202743,การยกเลิกกรมธรรม์,1,1 Topic
43202759,การปฏิเสธจ่ายสินไหม,2,More than 1 topic
43202759,ความล่าช้าในการจ่ายสินไหม,2,More than 1 topic
43204289,การยกเลิกกรมธรรม์,1,1 Topic
43205360,ความล่าช้าในการจ่ายสินไหม,1,1 Topic
43208413,ความล่าช้าในการจ่ายสินไหม,1,1 Topic
43214627,การยกเลิกกรมธรรม์,1,1 Topic
43215909,การยกเลิกกรมธรรม์,1,1 Topic
43222763,การยกเลิกกรมธรรม์,1,1 Topic
43225193,การยกเลิกกรมธรรม์,1,1 Topic
43225329,การปฏิเสธจ่ายสินไหม,1,1 Topic
43225638,การยกเลิกกรมธรรม์,1,1 Topic
43227722,การยกเลิกกรมธรรม์,1,1 Topic
43229615,การยกเลิกกรมธรรม์,2,More than 1 topic
43229615,การปฏิเสธจ่ายสินไหม,2,More than 1 topic
43238644,การยกเลิกกรมธรรม์,1,1 Topic
43238948,ความล่าช้าในการจ่ายสินไหม,1,1 Topic
43238998,การยกเลิกกรมธรรม์,1,1 Topic
43239182,การยกเลิกกรมธรรม์,2,More than 1 topic
43239182,การปฏิเสธจ่ายสินไหม,2,More than 1 topic
43239589,การปฏิเสธจ่ายสินไหม,1,1 Topic
43240646,การยกเลิกกรมธรรม์,1,1 Topic
43244260,การยกเลิกกรมธรรม์,1,1 Topic
43244287,ความล่าช้าในการจ่ายสินไหม,1,1 Topic
43248193,การยกเลิกกรมธรรม์,1,1 Topic
43250816,การปฏิเสธจ่ายสินไหม,1,1 Topic
43250880,ความล่าช้าในการจ่ายสินไหม,1,1 Topic
43252167,การยกเลิกกรมธรรม์,1,1 Topic
43254571,การยกเลิกกรมธรรม์,1,1 Topic
43255445,การยกเลิกกรมธรรม์,1,1 Topic
43257090,ความล่าช้าในการจ่ายสินไหม,1,1 Topic
43257295,การปฏิเสธจ่ายสินไหม,1,1 Topic
43259958,การปฏิเสธจ่ายสินไหม,1,1 Topic
43262796,การปฏิเสธจ่ายสินไหม,1,1 Topic
43264849,การยกเลิกกรมธรรม์,2,More than 1 topic
43264849,ความล่าช้าในการจ่ายสินไหม,2,More than 1 topic
43267970,การยกเลิกกรมธรรม์,1,1 Topic
43271179,การยกเลิกกรมธรรม์,1,1 Topic
43271392,การปฏิเสธจ่ายสินไหม,1,1 Topic
43272202,การปฏิเสธจ่ายสินไหม,1,1 Topic
43275921,การยกเลิกกรมธรรม์,2,More than 1 topic
43275921,การปฏิเสธจ่ายสินไหม,2,More than 1 topic
43277231,การยกเลิกกรมธรรม์,2,More than 1 topic
43277231,ค่าเบี้ยประกัน,2,More than 1 topic
43278587,ค่าเบี้ยประกัน,1,1 Topic
43278665,การปฏิเสธจ่ายสินไหม,1,1 Topic
43279116,การยกเลิกกรมธรรม์,1,1 Topic
43279836,การยกเลิกกรมธรรม์,1,1 Topic
43281926,การยกเลิกกรมธรรม์,1,1 Topic
43281932,ความล่าช้าในการจ่ายสินไหม,1,1 Topic
43282181,การยกเลิกกรมธรรม์,1,1 Topic
43287357,การยกเลิกกรมธรรม์,2,More than 1 topic
43287357,ค่าเบี้ยประกัน,2,More than 1 topic
43287634,การปฏิเสธจ่ายสินไหม,1,1 Topic
43291182,ความล่าช้าในการจ่ายสินไหม,1,1 Topic
43291307,การยกเลิกกรมธรรม์,1,1 Topic
43293863,การยกเลิกกรมธรรม์,1,1 Topic
43294053,ความล่าช้าในการจ่ายสินไหม,1,1 Topic
43297950,การยกเลิกกรมธรรม์,1,1 Topic
43299505,การปฏิเสธจ่ายสินไหม,1,1 Topic
43299647,ความล่าช้าในการจ่ายสินไหม,1,1 Topic
43306251,ความล่าช้าในการจ่ายสินไหม,1,1 Topic
43308617,ประกันโควิด,2,More than 1 topic
43308617,การปฏิเสธจ่ายสินไหม,2,More than 1 topic
43309460,การยกเลิกกรมธรรม์,1,1 Topic
43311835,ค่าเบี้ยประกัน,1,1 Topic
43316704,การยกเลิกกรมธรรม์,1,1 Topic
43320463,การปฏิเสธจ่ายสินไหม,1,1 Topic
43323040,การยกเลิกกรมธรรม์,1,1 Topic
43323294,การยกเลิกกรมธรรม์,1,1 Topic
43330577,การยกเลิกกรมธรรม์,2,More than 1 topic
43330577,การปฏิเสธจ่ายสินไหม,2,More than 1 topic
43341437,การปฏิเสธจ่ายสินไหม,1,1 Topic
43341689,การยกเลิกกรมธรรม์,1,1 Topic
43346645,การยกเลิกกรมธรรม์,1,1 Topic
43352694,การปฏิเสธจ่ายสินไหม,1,1 Topic
43354897,ประกันโควิด,2,More than 1 topic
43354897,การปฏิเสธจ่ายสินไหม,2,More than 1 topic
43356379,ความล่าช้าในการจ่ายสินไหม,1,1 Topic
43363994,การยกเลิกกรมธรรม์,1,1 Topic
43364121,การปฏิเสธจ่ายสินไหม,1,1 Topic
43366069,ความล่าช้าในการจ่ายสินไหม,1,1 Topic
43378053,การยกเลิกกรมธรรม์,1,1 Topic
43380270,การยกเลิกกรมธรรม์,1,1 Topic
43382629,การปฏิเสธจ่ายสินไหม,2,More than 1 topic
43382629,ความล่าช้าในการจ่ายสินไหม,2,More than 1 topic
43385780,การปฏิเสธจ่ายสินไหม,2,More than 1 topic
43385780,ค่าเบี้ยประกัน,2,More than 1 topic
43386620,การปฏิเสธจ่ายสินไหม,1,1 Topic
43397129,การยกเลิกกรมธรรม์,1,1 Topic
43397472,การยกเลิกกรมธรรม์,1,1 Topic
43399207,การปฏิเสธจ่ายสินไหม,1,1 Topic
43404078,ความล่าช้าในการจ่ายสินไหม,1,1 Topic
43406541,การปฏิเสธจ่ายสินไหม,1,1 Topic
43408192,การยกเลิกกรมธรรม์,2,More than 1 topic
43408192,การปฏิเสธจ่ายสินไหม,2,More than 1 topic
43410347,ค่าเบี้ยประกัน,1,1 Topic
43410991,การยกเลิกกรมธรรม์,1,1 Topic
43412917,การปฏิเสธจ่ายสินไหม,1,1 Topic
43412994,การยกเลิกกรมธรรม์,1,1 Topic
43415086,การปฏิเสธจ่ายสินไหม,2,More than 1 topic
43415086,ความล่าช้าในการจ่ายสินไหม,2,More than 1 topic
43417809,การยกเลิกกรมธรรม์,3,More than 1 topic
43417809,การปฏิเสธจ่ายสินไหม,3,More than 1 topic
43417809,ค่าเบี้ยประกัน,3,More than 1 topic
43418049,การปฏิเสธจ่ายสินไหม,1,1 Topic
43418519,การยกเลิกกรมธรรม์,1,1 Topic
43425497,การยกเลิกกรมธรรม์,1,1 Topic
43429585,การยกเลิกกรมธรรม์,3,More than 1 topic
43429585,การปฏิเสธจ่ายสินไหม,3,More than 1 topic
43429585,ความล่าช้าในการจ่ายสินไหม,3,More than 1 topic
43434663,การยกเลิกกรมธรรม์,1,1 Topic
43438037,การปฏิเสธจ่ายสินไหม,2,More than 1 topic
43438037,ความล่าช้าในการจ่ายสินไหม,2,More than 1 topic
43444878,การยกเลิกกรมธรรม์,1,1 Topic
43447055,การยกเลิกกรมธรรม์,1,1 Topic
43447662,ความล่าช้าในการจ่ายสินไหม,1,1 Topic
43448523,ความล่าช้าในการจ่ายสินไหม,1,1 Topic
43448869,การยกเลิกกรมธรรม์,1,1 Topic
43450528,การยกเลิกกรมธรรม์,1,1 Topic
43450952,ประกันโควิด,4,More than 1 topic
43450952,ความล่าช้าในการจ่ายสินไหม,4,More than 1 topic
43450952,การปฏิเสธจ่ายสินไหม,4,More than 1 topic
43450952,ค่าเบี้ยประกัน,4,More than 1 topic
43455344,การยกเลิกกรมธรรม์,1,1 Topic
43460735,ประกันโควิด,3,More than 1 topic
43460735,การปฏิเสธจ่ายสินไหม,3,More than 1 topic
43460735,ความล่าช้าในการจ่ายสินไหม,3,More than 1 topic
43466229,การยกเลิกกรมธรรม์,1,1 Topic
43467624,การปฏิเสธจ่ายสินไหม,1,1 Topic
43472340,การยกเลิกกรมธรรม์,1,1 Topic
43473477,การยกเลิกกรมธรรม์,1,1 Topic
43474256,การยกเลิกกรมธรรม์,1,1 Topic
43480273,การยกเลิกกรมธรรม์,2,More than 1 topic
43480273,ค่าเบี้ยประกัน,2,More than 1 topic
43480893,ความล่าช้าในการจ่ายสินไหม,1,1 Topic
43485337,ความล่าช้าในการจ่ายสินไหม,1,1 Topic
43488551,ความล่าช้าในการจ่ายสินไหม,1,1 Topic
43492572,ความล่าช้าในการจ่ายสินไหม,1,1 Topic
43493141,การยกเลิกกรมธรรม์,1,1 Topic
43496799,ความล่าช้าในการจ่ายสินไหม,1,1 Topic
43496882,การยกเลิกกรมธรรม์,1,1 Topic
43497472,การยกเลิกกรมธรรม์,1,1 Topic
43497619,การยกเลิกกรมธรรม์,1,1 Topic
43498767,การยกเลิกกรมธรรม์,1,1 Topic
43499684,การยกเลิกกรมธรรม์,1,1 Topic
43503584,การยกเลิกกรมธรรม์,2,More than 1 topic
43503584,ค่าเบี้ยประกัน,2,More than 1 topic
43511478,ประกันโควิด,1,1 Topic
43511585,ความล่าช้าในการจ่ายสินไหม,1,1 Topic
43511653,ความล่าช้าในการจ่ายสินไหม,1,1 Topic
43515739,ค่าเบี้ยประกัน,1,1 Topic
43516196,การยกเลิกกรมธรรม์,1,1 Topic
43517850,ความล่าช้าในการจ่ายสินไหม,1,1 Topic
43526988,การปฏิเสธจ่ายสินไหม,1,1 Topic
43527917,ค่าเบี้ยประกัน,1,1 Topic
43532646,การปฏิเสธจ่ายสินไหม,1,1 Topic
43535241,การปฏิเสธจ่ายสินไหม,2,More than 1 topic
43535241,ความล่าช้าในการจ่ายสินไหม,2,More than 1 topic
43536635,การยกเลิกกรมธรรม์,1,1 Topic
43539880,การยกเลิกกรมธรรม์,1,1 Topic
43541300,ความล่าช้าในการจ่ายสินไหม,1,1 Topic
43543520,การยกเลิกกรมธรรม์,1,1 Topic
43544071,การยกเลิกกรมธรรม์,1,1 Topic
43545783,การปฏิเสธจ่ายสินไหม,1,1 Topic
43547615,ประกันโควิด,2,More than 1 topic
43547615,การปฏิเสธจ่ายสินไหม,2,More than 1 topic
43548499,การยกเลิกกรมธรรม์,1,1 Topic
43549439,การยกเลิกกรมธรรม์,2,More than 1 topic
43549439,ค่าเบี้ยประกัน,2,More than 1 topic
43550264,การยกเลิกกรมธรรม์,1,1 Topic
43550377,การยกเลิกกรมธรรม์,1,1 Topic
43551214,การยกเลิกกรมธรรม์,1,1 Topic
43552364,ความล่าช้าในการจ่ายสินไหม,1,1 Topic
43552957,การยกเลิกกรมธรรม์,1,1 Topic
43554730,ความล่าช้าในการจ่ายสินไหม,1,1 Topic
43554912,การยกเลิกกรมธรรม์,1,1 Topic
43555630,การปฏิเสธจ่ายสินไหม,1,1 Topic
43557730,การยกเลิกกรมธรรม์,1,1 Topic
43559299,ค่าเบี้ยประกัน,1,1 Topic
43560286,ค่าเบี้ยประกัน,1,1 Topic
43560334,การยกเลิกกรมธรรม์,2,More than 1 topic
43560334,ค่าเบี้ยประกัน,2,More than 1 topic
43561108,ความล่าช้าในการจ่ายสินไหม,1,1 Topic
43562088,การยกเลิกกรมธรรม์,3,More than 1 topic
43562088,การปฏิเสธจ่ายสินไหม,3,More than 1 topic
43562088,ความล่าช้าในการจ่ายสินไหม,3,More than 1 topic
43562964,การยกเลิกกรมธรรม์,1,1 Topic
43563758,การปฏิเสธจ่ายสินไหม,2,More than 1 topic
43563758,ความล่าช้าในการจ่ายสินไหม,2,More than 1 topic
43564917,ความล่าช้าในการจ่ายสินไหม,1,1 Topic
43565167,ความล่าช้าในการจ่ายสินไหม,1,1 Topic
43566597,การยกเลิกกรมธรรม์,1,1 Topic
43566776,การยกเลิกกรมธรรม์,1,1 Topic
43568247,ประกันโควิด,2,More than 1 topic
43568247,ค่าเบี้ยประกัน,2,More than 1 topic
43570094,ความล่าช้าในการจ่ายสินไหม,1,1 Topic
43570201,การยกเลิกกรมธรรม์,1,1 Topic
43570661,ความล่าช้าในการจ่ายสินไหม,1,1 Topic
43572292,ความล่าช้าในการจ่ายสินไหม,1,1 Topic
43572723,ความล่าช้าในการจ่ายสินไหม,1,1 Topic
43573866,การยกเลิกกรมธรรม์,1,1 Topic
43574951,การยกเลิกกรมธรรม์,1,1 Topic
43575449,การปฏิเสธจ่ายสินไหม,2,More than 1 topic
43575449,ความล่าช้าในการจ่ายสินไหม,2,More than 1 topic
43578117,ค่าเบี้ยประกัน,1,1 Topic
43580523,ความล่าช้าในการจ่ายสินไหม,3,More than 1 topic
43580523,การปฏิเสธจ่ายสินไหม,3,More than 1 topic
43580523,ค่าเบี้ยประกัน,3,More than 1 topic
43581105,การยกเลิกกรมธรรม์,1,1 Topic
43581587,การยกเลิกกรมธรรม์,2,More than 1 topic
43581587,การปฏิเสธจ่ายสินไหม,2,More than 1 topic
43581714,การยกเลิกกรมธรรม์,1,1 Topic
43582204,ความล่าช้าในการจ่ายสินไหม,1,1 Topic
43582228,ค่าเบี้ยประกัน,1,1 Topic
43582237,การยกเลิกกรมธรรม์,1,1 Topic
43582769,การยกเลิกกรมธรรม์,2,More than 1 topic
43582769,การปฏิเสธจ่ายสินไหม,2,More than 1 topic
43583134,การปฏิเสธจ่ายสินไหม,1,1 Topic
43583191,ประกันโควิด,2,More than 1 topic
43583191,ความล่าช้าในการจ่ายสินไหม,2,More than 1 topic
43583481,การยกเลิกกรมธรรม์,1,1 Topic
43583600,การยกเลิกกรมธรรม์,1,1 Topic
43583818,ค่าเบี้ยประกัน,1,1 Topic
43584619,ค่าเบี้ยประกัน,1,1 Topic
43585779,การยกเลิกกรมธรรม์,2,More than 1 topic
43585779,การปฏิเสธจ่ายสินไหม,2,More than 1 topic
43586185,การปฏิเสธจ่ายสินไหม,1,1 Topic
43588334,ความล่าช้าในการจ่ายสินไหม,1,1 Topic
43588414,การยกเลิกกรมธรรม์,1,1 Topic
43590570,การยกเลิกกรมธรรม์,1,1 Topic
43592013,การปฏิเสธจ่ายสินไหม,1,1 Topic
43593359,การยกเลิกกรมธรรม์,1,1 Topic
43593891,ค่าเบี้ยประกัน,1,1 Topic
43594889,การยกเลิกกรมธรรม์,1,1 Topic
43595337,ความล่าช้าในการจ่ายสินไหม,1,1 Topic
43597857,ความล่าช้าในการจ่ายสินไหม,1,1 Topic
43599086,การยกเลิกกรมธรรม์,1,1 Topic
43599891,การปฏิเสธจ่ายสินไหม,1,1 Topic
43602042,การยกเลิกกรมธรรม์,1,1 Topic
43604578,การปฏิเสธจ่ายสินไหม,1,1 Topic
43609143,ความล่าช้าในการจ่ายสินไหม,1,1 Topic
43609439,การปฏิเสธจ่ายสินไหม,1,1 Topic
43609630,การยกเลิกกรมธรรม์,1,1 Topic
43609747,การยกเลิกกรมธรรม์,1,1 Topic
43614844,ความล่าช้าในการจ่ายสินไหม,1,1 Topic
43616503,การยกเลิกกรมธรรม์,1,1 Topic
43616873,การยกเลิกกรมธรรม์,1,1 Topic
43618373,ความล่าช้าในการจ่ายสินไหม,2,More than 1 topic
43618373,ค่าเบี้ยประกัน,2,More than 1 topic
43618615,ความล่าช้าในการจ่ายสินไหม,1,1 Topic
43618773,การยกเลิกกรมธรรม์,3,More than 1 topic
43618773,การปฏิเสธจ่ายสินไหม,3,More than 1 topic
43618773,ค่าเบี้ยประกัน,3,More than 1 topic
43618950,ความล่าช้าในการจ่ายสินไหม,1,1 Topic
43625454,การปฏิเสธจ่ายสินไหม,1,1 Topic
43625513,ความล่าช้าในการจ่ายสินไหม,1,1 Topic
43626907,ความล่าช้าในการจ่ายสินไหม,1,1 Topic
43627009,การปฏิเสธจ่ายสินไหม,2,More than 1 topic
43627009,ความล่าช้าในการจ่ายสินไหม,2,More than 1 topic
43628652,ความล่าช้าในการจ่ายสินไหม,1,1 Topic
43630218,ค่าเบี้ยประกัน,1,1 Topic
43632531,การปฏิเสธจ่ายสินไหม,1,1 Topic
43634018,ความล่าช้าในการจ่ายสินไหม,1,1 Topic
43634466,การยกเลิกกรมธรรม์,1,1 Topic
43634811,การยกเลิกกรมธรรม์,1,1 Topic
43635186,ความล่าช้าในการจ่ายสินไหม,1,1 Topic
43635925,ความล่าช้าในการจ่ายสินไหม,1,1 Topic
43636031,การปฏิเสธจ่ายสินไหม,2,More than 1 topic
43636031,ความล่าช้าในการจ่ายสินไหม,2,More than 1 topic
43640167,การปฏิเสธจ่ายสินไหม,1,1 Topic
43643127,การยกเลิกกรมธรรม์,1,1 Topic
43643693,การยกเลิกกรมธรรม์,2,More than 1 topic
43643693,ค่าเบี้ยประกัน,2,More than 1 topic
43643739,ความล่าช้าในการจ่ายสินไหม,1,1 Topic
43643909,การยกเลิกกรมธรรม์,2,More than 1 topic
43643909,ค่าเบี้ยประกัน,2,More than 1 topic
43643973,การปฏิเสธจ่ายสินไหม,2,More than 1 topic
43643973,ความล่าช้าในการจ่ายสินไหม,2,More than 1 topic
43644673,การยกเลิกกรมธรรม์,2,More than 1 topic
43644673,การปฏิเสธจ่ายสินไหม,2,More than 1 topic
43646425,การยกเลิกกรมธรรม์,1,1 Topic
43648245,ค่าเบี้ยประกัน,1,1 Topic
43648686,ความล่าช้าในการจ่ายสินไหม,1,1 Topic
43648710,การยกเลิกกรมธรรม์,1,1 Topic
43649966,การปฏิเสธจ่ายสินไหม,1,1 Topic
43651251,ความล่าช้าในการจ่ายสินไหม,1,1 Topic
43651747,การยกเลิกกรมธรรม์,1,1 Topic
43651918,การปฏิเสธจ่ายสินไหม,1,1 Topic
43652575,การยกเลิกกรมธรรม์,1,1 Topic
43659461,การปฏิเสธจ่ายสินไหม,1,1 Topic
43663355,ความล่าช้าในการจ่ายสินไหม,1,1 Topic
43663656,ค่าเบี้ยประกัน,1,1 Topic
43665682,การปฏิเสธจ่ายสินไหม,1,1 Topic
43666205,ประกันโควิด,3,More than 1 topic
43666205,การยกเลิกกรมธรรม์,3,More than 1 topic
43666205,การปฏิเสธจ่ายสินไหม,3,More than 1 topic
43666226,การยกเลิกกรมธรรม์,1,1 Topic
43666983,ความล่าช้าในการจ่ายสินไหม,1,1 Topic
43668832,การยกเลิกกรมธรรม์,1,1 Topic
43670007,การปฏิเสธจ่ายสินไหม,1,1 Topic
43671253,การยกเลิกกรมธรรม์,1,1 Topic
43671424,การยกเลิกกรมธรรม์,1,1 Topic
43672582,ความล่าช้าในการจ่ายสินไหม,1,1 Topic
43673090,การยกเลิกกรมธรรม์,1,1 Topic
43673093,ความล่าช้าในการจ่ายสินไหม,1,1 Topic
43673122,การยกเลิกกรมธรรม์,1,1 Topic
43673491,การปฏิเสธจ่ายสินไหม,1,1 Topic
43673992,การยกเลิกกรมธรรม์,1,1 Topic
43675596,การยกเลิกกรมธรรม์,1,1 Topic
43677528,ค่าเบี้ยประกัน,1,1 Topic
43679795,การปฏิเสธจ่ายสินไหม,2,More than 1 topic
43679795,ความล่าช้าในการจ่ายสินไหม,2,More than 1 topic
43682338,การยกเลิกกรมธรรม์,1,1 Topic
43685408,การยกเลิกกรมธรรม์,1,1 Topic
43687059,ค่าเบี้ยประกัน,1,1 Topic
43690175,ความล่าช้าในการจ่ายสินไหม,1,1 Topic
43690388,การยกเลิกกรมธรรม์,1,1 Topic
43691323,การปฏิเสธจ่ายสินไหม,2,More than 1 topic
43691323,ความล่าช้าในการจ่ายสินไหม,2,More than 1 topic
43691434,การยกเลิกกรมธรรม์,1,1 Topic
43691938,การยกเลิกกรมธรรม์,1,1 Topic
43693388,ความล่าช้าในการจ่ายสินไหม,1,1 Topic
43693508,การยกเลิกกรมธรรม์,1,1 Topic
43694338,การยกเลิกกรมธรรม์,3,More than 1 topic
43694338,การปฏิเสธจ่ายสินไหม,3,More than 1 topic
43694338,ความล่าช้าในการจ่ายสินไหม,3,More than 1 topic
43696280,การปฏิเสธจ่ายสินไหม,1,1 Topic
43698223,การปฏิเสธจ่ายสินไหม,1,1 Topic
43699157,ความล่าช้าในการจ่ายสินไหม,1,1 Topic
43699658,ความล่าช้าในการจ่ายสินไหม,1,1 Topic
43705867,การยกเลิกกรมธรรม์,1,1 Topic
43706270,การยกเลิกกรมธรรม์,1,1 Topic
43708929,การยกเลิกกรมธรรม์,1,1 Topic
43711619,ความล่าช้าในการจ่ายสินไหม,1,1 Topic
