id,mentioned_comp_name,category,keywords
30043043,ไทยวิวัฒน์,non_life,"['ไทยวิวัฒน์', 'thaivivat', 'ไทยวิวัตน์']"
30043098,ธนชาตประกันภัย,non_life,"['ธนชาตประกันภัย', 'ธนชาต', 'ธนชาติ', 'ประกันภัยสีส้ม']"
30049687,,,
30055843,กรุงเทพประกันภัย,non_life,"['กรุงเทพประกันภัย', 'bangkok insurance', 'กรุงเทพ', 'bki']"
30081108,ไทยประกันชีวิต,life,"['ไทยประกันชีวิต', 'ไทยประกัน']"
30081108,ไทยประกันชีวิต,life,"['ไทยประกันชีวิต', 'ไทยประกัน']"
30081108,ไทยประกันชีวิต,life,"['ไทยประกันชีวิต', 'ไทยประกัน']"
30081108,วิริยะประกันภัย,non_life,"['วิริยะ', 'viriyah', 'วรย', 'วิริยา']"
30081108,วิริยะประกันภัย,non_life,"['วิริยะ', 'viriyah', 'วรย', 'วิริยา']"
30081108,วิริยะประกันภัย,non_life,"['วิริยะ', 'viriyah', 'วรย', 'วิริยา']"
30081108,กรุงเทพประกันภัย,non_life,"['กรุงเทพประกันภัย', 'bangkok insurance', 'กรุงเทพ', 'bki']"
30081108,กรุงเทพประกันภัย,non_life,"['กรุงเทพประกันภัย', 'bangkok insurance', 'กรุงเทพ', 'bki']"
30081108,กรุงเทพประกันภัย,non_life,"['กรุงเทพประกันภัย', 'bangkok insurance', 'กรุงเทพ', 'bki']"
30081108,ทิพยประกันภัย,non_life,"['ทิพย', 'ทิพยประกันภัย', 'dip', 'dhp', 'tip']"
30081108,ทิพยประกันภัย,non_life,"['ทิพย', 'ทิพยประกันภัย', 'dip', 'dhp', 'tip']"
30081108,ทิพยประกันภัย,non_life,"['ทิพย', 'ทิพยประกันภัย', 'dip', 'dhp', 'tip']"
30081108,ธนชาตประกันภัย,non_life,"['ธนชาตประกันภัย', 'ธนชาต', 'ธนชาติ', 'ประกันภัยสีส้ม']"
30081108,ธนชาตประกันภัย,non_life,"['ธนชาตประกันภัย', 'ธนชาต', 'ธนชาติ', 'ประกันภัยสีส้ม']"
30081108,ธนชาตประกันภัย,non_life,"['ธนชาตประกันภัย', 'ธนชาต', 'ธนชาติ', 'ประกันภัยสีส้ม']"
30081108,Krungthai AXA,non_life,"['กรุงไทยแอกซ่า', 'axa', 'แอกซ่า', 'แอกซา', 'เเอกซ่า', 'แอคซ่า', 'เเอคซา', 'กรุงไทยแอกซา', 'แอ๊คซ่า', 'แอ๊กซ่า', 'เเอกซ่า', 'axxa']"
30081108,Krungthai AXA,non_life,"['กรุงไทยแอกซ่า', 'axa', 'แอกซ่า', 'แอกซา', 'เเอกซ่า', 'แอคซ่า', 'เเอคซา', 'กรุงไทยแอกซา', 'แอ๊คซ่า', 'แอ๊กซ่า', 'เเอกซ่า', 'axxa']"
30081108,Krungthai AXA,non_life,"['กรุงไทยแอกซ่า', 'axa', 'แอกซ่า', 'แอกซา', 'เเอกซ่า', 'แอคซ่า', 'เเอคซา', 'กรุงไทยแอกซา', 'แอ๊คซ่า', 'แอ๊กซ่า', 'เเอกซ่า', 'axxa']"
30081108,ไทยประกันภัย,non_life,['ไทยประกันภัย']
30081108,ไทยประกันภัย,non_life,['ไทยประกันภัย']
30081108,ไทยประกันภัย,non_life,['ไทยประกันภัย']
30081108,SCB,broker,"['scb', 'ไทยพาณิชย์', 'ไทยพานิชย์', 'ธนาคารสีม่วง', 'cardx']"
30081108,SCB,broker,"['scb', 'ไทยพาณิชย์', 'ไทยพานิชย์', 'ธนาคารสีม่วง', 'cardx']"
30081108,SCB,broker,"['scb', 'ไทยพาณิชย์', 'ไทยพานิชย์', 'ธนาคารสีม่วง', 'cardx']"
30089403,,,
30095215,ทิพยประกันภัย,non_life,"['ทิพย', 'ทิพยประกันภัย', 'dip', 'dhp', 'tip']"
30102981,เอเชียประกันภัย,non_life,"['เอเชียประกันภัย', 'เอเชีย', 'asia']"
30102981,เอเชียประกันภัย,non_life,"['เอเชียประกันภัย', 'เอเชีย', 'asia']"
30102981,Ark Insure,broker,"['ark insure', 'อาร์ค', 'ark']"
30102981,Ark Insure,broker,"['ark insure', 'อาร์ค', 'ark']"
30102981,ANC,broker,"['anc', 'เอเอ็นซี']"
30102981,ANC,broker,"['anc', 'เอเอ็นซี']"
30123346,วิริยะประกันภัย,non_life,"['วิริยะ', 'viriyah', 'วรย', 'วิริยา']"
30124841,วิริยะประกันภัย,non_life,"['วิริยะ', 'viriyah', 'วรย', 'วิริยา']"
30124841,LMG,non_life,"['lmg', 'แอลเอ็มจี']"
30125668,ANC,broker,"['anc', 'เอเอ็นซี']"
30125983,,,
30134871,ไทยวิวัฒน์,non_life,"['ไทยวิวัฒน์', 'thaivivat', 'ไทยวิวัตน์']"
30163990,,,
30168920,,,
30183302,,,
30190568,วิริยะประกันภัย,non_life,"['วิริยะ', 'viriyah', 'วรย', 'วิริยา']"
30190568,วิริยะประกันภัย,non_life,"['วิริยะ', 'viriyah', 'วรย', 'วิริยา']"
30190568,SCB,broker,"['scb', 'ไทยพาณิชย์', 'ไทยพานิชย์', 'ธนาคารสีม่วง', 'cardx']"
30190568,SCB,broker,"['scb', 'ไทยพาณิชย์', 'ไทยพานิชย์', 'ธนาคารสีม่วง', 'cardx']"
30191812,วิริยะประกันภัย,non_life,"['วิริยะ', 'viriyah', 'วรย', 'วิริยา']"
30191812,กรุงเทพประกันภัย,non_life,"['กรุงเทพประกันภัย', 'bangkok insurance', 'กรุงเทพ', 'bki']"
30191812,คุ้มภัยโตเกียวมารีน,non_life,"['ประกันคุ้มภัย', 'คุ้มภัย', 'คภ.', 'โตเกียวมารีน', 'tokio marine']"
30198542,ไทยประกันชีวิต,life,"['ไทยประกันชีวิต', 'ไทยประกัน']"
30198542,ไทยประกันชีวิต,life,"['ไทยประกันชีวิต', 'ไทยประกัน']"
30198542,ไทยประกันชีวิต,life,"['ไทยประกันชีวิต', 'ไทยประกัน']"
30198542,ไทยประกันภัย,non_life,['ไทยประกันภัย']
30198542,ไทยประกันภัย,non_life,['ไทยประกันภัย']
30198542,ไทยประกันภัย,non_life,['ไทยประกันภัย']
30198542,ทหารไทยธนชาต,broker,"['ทหารไทยธนชาต', 'ttb', 'tmb', 'ธนาคารทหารไทย', 'ทหารไทย']"
30198542,ทหารไทยธนชาต,broker,"['ทหารไทยธนชาต', 'ttb', 'tmb', 'ธนาคารทหารไทย', 'ทหารไทย']"
30198542,ทหารไทยธนชาต,broker,"['ทหารไทยธนชาต', 'ttb', 'tmb', 'ธนาคารทหารไทย', 'ทหารไทย']"
30210077,ทิพยประกันภัย,non_life,"['ทิพย', 'ทิพยประกันภัย', 'dip', 'dhp', 'tip']"
30211343,สินมั่นคง,non_life,"['สินมั่นคง', 'สินมั่งคง']"
30211343,นวกิจประกันภัย,non_life,['นวกิจ']
30216660,LMG,non_life,"['lmg', 'แอลเอ็มจี']"
30216660,LMG,non_life,"['lmg', 'แอลเอ็มจี']"
30216660,อินทรประกันภัย,non_life,['อินทร']
30216660,อินทรประกันภัย,non_life,['อินทร']
30216660,TISCO Insure,broker,['ทิสโก้']
30216660,TISCO Insure,broker,['ทิสโก้']
30217636,,,
30217941,,,
30219146,,,
30220162,กรุงเทพประกันภัย,non_life,"['กรุงเทพประกันภัย', 'bangkok insurance', 'กรุงเทพ', 'bki']"
30222377,,,
30241507,คุ้มภัยโตเกียวมารีน,non_life,"['ประกันคุ้มภัย', 'คุ้มภัย', 'คภ.', 'โตเกียวมารีน', 'tokio marine']"
30242343,,,
30288943,มิตรแท้ประกันภัย,non_life,"['มิตรแท้ประกันภัย', 'มิตรแท้']"
30307093,,,
30307846,,,
30313188,,,
30319241,,,
30324287,วิริยะประกันภัย,non_life,"['วิริยะ', 'viriyah', 'วรย', 'วิริยา']"
30324287,คุ้มภัยโตเกียวมารีน,non_life,"['ประกันคุ้มภัย', 'คุ้มภัย', 'คภ.', 'โตเกียวมารีน', 'tokio marine']"
30329609,,,
30353942,วิริยะประกันภัย,non_life,"['วิริยะ', 'viriyah', 'วรย', 'วิริยา']"
30355254,SCB,broker,"['scb', 'ไทยพาณิชย์', 'ไทยพานิชย์', 'ธนาคารสีม่วง', 'cardx']"
30355423,ธนชาตประกันภัย,non_life,"['ธนชาตประกันภัย', 'ธนชาต', 'ธนชาติ', 'ประกันภัยสีส้ม']"
30367867,Bupa,life,"['bupa', 'บูพา', 'บูพ่า']"
30387784,,,
30398955,SCB,broker,"['scb', 'ไทยพาณิชย์', 'ไทยพานิชย์', 'ธนาคารสีม่วง', 'cardx']"
30403908,,,
30420776,,,
30423413,วิริยะประกันภัย,non_life,"['วิริยะ', 'viriyah', 'วรย', 'วิริยา']"
30442875,วิริยะประกันภัย,non_life,"['วิริยะ', 'viriyah', 'วรย', 'วิริยา']"
30442875,ทิพยประกันภัย,non_life,"['ทิพย', 'ทิพยประกันภัย', 'dip', 'dhp', 'tip']"
30442875,สินมั่นคง,non_life,"['สินมั่นคง', 'สินมั่งคง']"
30442875,ธนชาตประกันภัย,non_life,"['ธนชาตประกันภัย', 'ธนชาต', 'ธนชาติ', 'ประกันภัยสีส้ม']"
30442875,Krungthai AXA,non_life,"['กรุงไทยแอกซ่า', 'axa', 'แอกซ่า', 'แอกซา', 'เเอกซ่า', 'แอคซ่า', 'เเอคซา', 'กรุงไทยแอกซา', 'แอ๊คซ่า', 'แอ๊กซ่า', 'เเอกซ่า', 'axxa']"
30459023,,,
30460231,,,
30466838,,,
30468199,,,
30477831,,,
30478160,คุ้มภัยโตเกียวมารีน,non_life,"['ประกันคุ้มภัย', 'คุ้มภัย', 'คภ.', 'โตเกียวมารีน', 'tokio marine']"
30481090,,,
30488038,,,
30495546,อาคเนย์,non_life,"['อาคเนย์', 'aekn']"
30516216,Bupa,life,"['bupa', 'บูพา', 'บูพ่า']"
30516983,,,
30517303,ไทยประกันชีวิต,life,"['ไทยประกันชีวิต', 'ไทยประกัน']"
30517303,ไทยประกันชีวิต,life,"['ไทยประกันชีวิต', 'ไทยประกัน']"
30517303,กรุงไทยพานิชประกันภัย,non_life,"['kpi', 'กรุงไทยประกันภัย', 'กรุงไทย ธนวัฏ', 'กรุงไทยพานิช']"
30517303,กรุงไทยพานิชประกันภัย,non_life,"['kpi', 'กรุงไทยประกันภัย', 'กรุงไทย ธนวัฏ', 'กรุงไทยพานิช']"
30517303,ไทยประกันภัย,non_life,['ไทยประกันภัย']
30517303,ไทยประกันภัย,non_life,['ไทยประกันภัย']
30522867,ส่งเสริมประกันภัย,non_life,['ส่งเสริมประกันภัย']
30522867,วิริยะประกันภัย,non_life,"['วิริยะ', 'viriyah', 'วรย', 'วิริยา']"
30523383,,,
30523677,,,
30533608,,,
30554940,,,
30556623,,,
30557674,,,
30560517,,,
30562987,,,
30568559,ไทยเศรษฐกิจประกันภัย,non_life,['ไทยเศรษฐกิจ']
30578030,,,
30578816,,,
30581444,,,
30585467,,,
30585661,วิริยะประกันภัย,non_life,"['วิริยะ', 'viriyah', 'วรย', 'วิริยา']"
30588768,AIA,life,"['aia', 'เอไอเอ']"
30590547,สินมั่นคง,non_life,"['สินมั่นคง', 'สินมั่งคง']"
30590547,วิริยะประกันภัย,non_life,"['วิริยะ', 'viriyah', 'วรย', 'วิริยา']"
30590547,กรุงเทพประกันภัย,non_life,"['กรุงเทพประกันภัย', 'bangkok insurance', 'กรุงเทพ', 'bki']"
30592421,วิริยะประกันภัย,non_life,"['วิริยะ', 'viriyah', 'วรย', 'วิริยา']"
30593779,AEON,broker,"['aeon', 'อิออน']"
30598882,ทิพยประกันภัย,non_life,"['ทิพย', 'ทิพยประกันภัย', 'dip', 'dhp', 'tip']"
30616977,AIOI,non_life,"['aioi', 'ไอโออิ']"
30619452,วิริยะประกันภัย,non_life,"['วิริยะ', 'viriyah', 'วรย', 'วิริยา']"
30620339,,,
30628046,SCB,broker,"['scb', 'ไทยพาณิชย์', 'ไทยพานิชย์', 'ธนาคารสีม่วง', 'cardx']"
30647882,SCB,broker,"['scb', 'ไทยพาณิชย์', 'ไทยพานิชย์', 'ธนาคารสีม่วง', 'cardx']"
30655054,AIA,life,"['aia', 'เอไอเอ']"
30664016,มิตซุย สุมิโตโม,non_life,['มิตซุย']
30674225,,,
30677636,,,
30680636,,,
30688100,,,
30704717,,,
30705206,กรุงเทพประกันภัย,non_life,"['กรุงเทพประกันภัย', 'bangkok insurance', 'กรุงเทพ', 'bki']"
30705206,วิริยะประกันภัย,non_life,"['วิริยะ', 'viriyah', 'วรย', 'วิริยา']"
30714836,,,
30722934,,,
30723381,,,
30731743,,,
30733923,,,
30740299,มิตรแท้ประกันภัย,non_life,"['มิตรแท้ประกันภัย', 'มิตรแท้']"
30740809,คุ้มภัยโตเกียวมารีน,non_life,"['ประกันคุ้มภัย', 'คุ้มภัย', 'คภ.', 'โตเกียวมารีน', 'tokio marine']"
30745748,วิริยะประกันภัย,non_life,"['วิริยะ', 'viriyah', 'วรย', 'วิริยา']"
30750222,,,
30761574,กสิกรไทย,broker,"['กสิกร', 'k bank', 'แบงค์เขียว']"
30764097,วิริยะประกันภัย,non_life,"['วิริยะ', 'viriyah', 'วรย', 'วิริยา']"
30764107,,,
30764825,,,
30765320,Krungthai AXA,non_life,"['กรุงไทยแอกซ่า', 'axa', 'แอกซ่า', 'แอกซา', 'เเอกซ่า', 'แอคซ่า', 'เเอคซา', 'กรุงไทยแอกซา', 'แอ๊คซ่า', 'แอ๊กซ่า', 'เเอกซ่า', 'axxa']"
30767196,,,
30769283,สินมั่นคง,non_life,"['สินมั่นคง', 'สินมั่งคง']"
30773640,,,
30778154,กรุงเทพประกันภัย,non_life,"['กรุงเทพประกันภัย', 'bangkok insurance', 'กรุงเทพ', 'bki']"
30778154,กรุงเทพประกันภัย,non_life,"['กรุงเทพประกันภัย', 'bangkok insurance', 'กรุงเทพ', 'bki']"
30778154,ANC,broker,"['anc', 'เอเอ็นซี']"
30778154,ANC,broker,"['anc', 'เอเอ็นซี']"
30789856,มิตรแท้ประกันภัย,non_life,"['มิตรแท้ประกันภัย', 'มิตรแท้']"
30796665,Allianz Ayudhya,life,"['allianz', 'อลิอันซ์', 'อลิอันซ์อยุธยา', 'azay', 'อริอันซ์ อยุธยา', 'อลิอันช์', 'alianz ayudhya', 'az y']"
30807646,,,
30815036,เมืองไทยประกันชีวิต,life,"['เมืองไทยประกันชีวิต', 'เมืองไทย', 'muangthai', 'mtl', 'ประกันชีวิตสีชมพู']"
30815036,ไทยประกันชีวิต,life,"['ไทยประกันชีวิต', 'ไทยประกัน']"
30817603,Bupa,life,"['bupa', 'บูพา', 'บูพ่า']"
30822622,,,
30822973,,,
30833145,ไทยศรีประกันภัย,non_life,['ไทยศรี']
30833145,สินทรัพย์ประกันภัย,non_life,['สินทรัพย์']
30837777,AIA,life,"['aia', 'เอไอเอ']"
30837777,AIA,life,"['aia', 'เอไอเอ']"
30837777,เมืองไทยประกันชีวิต,life,"['เมืองไทยประกันชีวิต', 'เมืองไทย', 'muangthai', 'mtl', 'ประกันชีวิตสีชมพู']"
30837777,เมืองไทยประกันชีวิต,life,"['เมืองไทยประกันชีวิต', 'เมืองไทย', 'muangthai', 'mtl', 'ประกันชีวิตสีชมพู']"
30837777,ไทยประกันชีวิต,life,"['ไทยประกันชีวิต', 'ไทยประกัน']"
30837777,ไทยประกันชีวิต,life,"['ไทยประกันชีวิต', 'ไทยประกัน']"
30837777,อาคเนย์,non_life,"['อาคเนย์', 'aekn']"
30837777,อาคเนย์,non_life,"['อาคเนย์', 'aekn']"
30839025,Bupa,life,"['bupa', 'บูพา', 'บูพ่า']"
30841887,กรุงเทพประกันภัย,non_life,"['กรุงเทพประกันภัย', 'bangkok insurance', 'กรุงเทพ', 'bki']"
30843416,Bupa,life,"['bupa', 'บูพา', 'บูพ่า']"
30859449,SCB,broker,"['scb', 'ไทยพาณิชย์', 'ไทยพานิชย์', 'ธนาคารสีม่วง', 'cardx']"
30859510,อินทรประกันภัย,non_life,['อินทร']
30861609,,,
30862506,,,
30866696,AIA,life,"['aia', 'เอไอเอ']"
30871512,Bupa,life,"['bupa', 'บูพา', 'บูพ่า']"
30881346,,,
30884548,AIA,life,"['aia', 'เอไอเอ']"
30887332,,,
30894598,,,
30909596,คุ้มภัยโตเกียวมารีน,non_life,"['ประกันคุ้มภัย', 'คุ้มภัย', 'คภ.', 'โตเกียวมารีน', 'tokio marine']"
30910326,คุ้มภัยโตเกียวมารีน,non_life,"['ประกันคุ้มภัย', 'คุ้มภัย', 'คภ.', 'โตเกียวมารีน', 'tokio marine']"
30912927,ธนาคารออมสิน,broker,"['GSB', 'ออมสิน']"
30922372,Bupa,life,"['bupa', 'บูพา', 'บูพ่า']"
30922372,Bupa,life,"['bupa', 'บูพา', 'บูพ่า']"
30922372,Bupa,life,"['bupa', 'บูพา', 'บูพ่า']"
30922372,กรุงเทพประกันภัย,non_life,"['กรุงเทพประกันภัย', 'bangkok insurance', 'กรุงเทพ', 'bki']"
30922372,กรุงเทพประกันภัย,non_life,"['กรุงเทพประกันภัย', 'bangkok insurance', 'กรุงเทพ', 'bki']"
30922372,กรุงเทพประกันภัย,non_life,"['กรุงเทพประกันภัย', 'bangkok insurance', 'กรุงเทพ', 'bki']"
30922372,SCB,broker,"['scb', 'ไทยพาณิชย์', 'ไทยพานิชย์', 'ธนาคารสีม่วง', 'cardx']"
30922372,SCB,broker,"['scb', 'ไทยพาณิชย์', 'ไทยพานิชย์', 'ธนาคารสีม่วง', 'cardx']"
30922372,SCB,broker,"['scb', 'ไทยพาณิชย์', 'ไทยพานิชย์', 'ธนาคารสีม่วง', 'cardx']"
30928096,,,
30928383,มิตรแท้ประกันภัย,non_life,"['มิตรแท้ประกันภัย', 'มิตรแท้']"
30930394,,,
30946732,,,
30947891,,,
30950980,,,
30968623,กรุงเทพประกันภัย,non_life,"['กรุงเทพประกันภัย', 'bangkok insurance', 'กรุงเทพ', 'bki']"
30968722,,,
30974353,ทิพยประกันภัย,non_life,"['ทิพย', 'ทิพยประกันภัย', 'dip', 'dhp', 'tip']"
30979932,,,
30988837,Krungsri First Choice,broker,"['first choice', 'กรุงศรี เฟิร์สช้อยส์', 'กรุงศรีเฟิร์สช้อย', 'เฟิสช้อย', 'เฟริสช้อย']"
30991350,AIA,life,"['aia', 'เอไอเอ']"
30991949,,,
30995163,,,
30999993,,,
31006210,ธนชาตประกันภัย,non_life,"['ธนชาตประกันภัย', 'ธนชาต', 'ธนชาติ', 'ประกันภัยสีส้ม']"
31009208,อาคเนย์,non_life,"['อาคเนย์', 'aekn']"
31015132,,,
31016363,,,
31017863,วิริยะประกันภัย,non_life,"['วิริยะ', 'viriyah', 'วรย', 'วิริยา']"
31017863,ธนชาตประกันภัย,non_life,"['ธนชาตประกันภัย', 'ธนชาต', 'ธนชาติ', 'ประกันภัยสีส้ม']"
31017863,คุ้มภัยโตเกียวมารีน,non_life,"['ประกันคุ้มภัย', 'คุ้มภัย', 'คภ.', 'โตเกียวมารีน', 'tokio marine']"
31026713,,,
31029953,,,
31031040,,,
31035659,กสิกรไทย,broker,"['กสิกร', 'k bank', 'แบงค์เขียว']"
31035659,กสิกรไทย,broker,"['กสิกร', 'k bank', 'แบงค์เขียว']"
31035659,กสิกรไทย,broker,"['กสิกร', 'k bank', 'แบงค์เขียว']"
31035659,เมืองไทยประกันชีวิต,life,"['เมืองไทยประกันชีวิต', 'เมืองไทย', 'muangthai', 'mtl', 'ประกันชีวิตสีชมพู']"
31035659,เมืองไทยประกันชีวิต,life,"['เมืองไทยประกันชีวิต', 'เมืองไทย', 'muangthai', 'mtl', 'ประกันชีวิตสีชมพู']"
31035659,เมืองไทยประกันชีวิต,life,"['เมืองไทยประกันชีวิต', 'เมืองไทย', 'muangthai', 'mtl', 'ประกันชีวิตสีชมพู']"
31035659,กรุงเทพประกันภัย,non_life,"['กรุงเทพประกันภัย', 'bangkok insurance', 'กรุงเทพ', 'bki']"
31035659,กรุงเทพประกันภัย,non_life,"['กรุงเทพประกันภัย', 'bangkok insurance', 'กรุงเทพ', 'bki']"
31035659,กรุงเทพประกันภัย,non_life,"['กรุงเทพประกันภัย', 'bangkok insurance', 'กรุงเทพ', 'bki']"
31035807,,,
31041494,Bupa,life,"['bupa', 'บูพา', 'บูพ่า']"
31041494,AIA,life,"['aia', 'เอไอเอ']"
31045320,เมืองไทยประกันชีวิต,life,"['เมืองไทยประกันชีวิต', 'เมืองไทย', 'muangthai', 'mtl', 'ประกันชีวิตสีชมพู']"
31049466,ธนชาตประกันภัย,non_life,"['ธนชาตประกันภัย', 'ธนชาต', 'ธนชาติ', 'ประกันภัยสีส้ม']"
31049466,กรุงเทพประกันภัย,non_life,"['กรุงเทพประกันภัย', 'bangkok insurance', 'กรุงเทพ', 'bki']"
31051099,วิริยะประกันภัย,non_life,"['วิริยะ', 'viriyah', 'วรย', 'วิริยา']"
31057006,,,
31071188,ทิพยประกันภัย,non_life,"['ทิพย', 'ทิพยประกันภัย', 'dip', 'dhp', 'tip']"
31071188,คุ้มภัยโตเกียวมารีน,non_life,"['ประกันคุ้มภัย', 'คุ้มภัย', 'คภ.', 'โตเกียวมารีน', 'tokio marine']"
31076666,คุ้มภัยโตเกียวมารีน,non_life,"['ประกันคุ้มภัย', 'คุ้มภัย', 'คภ.', 'โตเกียวมารีน', 'tokio marine']"
31077089,เมืองไทยประกันชีวิต,life,"['เมืองไทยประกันชีวิต', 'เมืองไทย', 'muangthai', 'mtl', 'ประกันชีวิตสีชมพู']"
31077089,ไทยประกันชีวิต,life,"['ไทยประกันชีวิต', 'ไทยประกัน']"
31083807,,,
31094091,กรุงเทพประกันภัย,non_life,"['กรุงเทพประกันภัย', 'bangkok insurance', 'กรุงเทพ', 'bki']"
31094091,เอเชียประกันภัย,non_life,"['เอเชียประกันภัย', 'เอเชีย', 'asia']"
31101466,,,
31103209,AIA,life,"['aia', 'เอไอเอ']"
31103209,AIA,life,"['aia', 'เอไอเอ']"
31103209,กรุงเทพประกันภัย,non_life,"['กรุงเทพประกันภัย', 'bangkok insurance', 'กรุงเทพ', 'bki']"
31103209,กรุงเทพประกันภัย,non_life,"['กรุงเทพประกันภัย', 'bangkok insurance', 'กรุงเทพ', 'bki']"
31118516,,,
31120412,กสิกรไทย,broker,"['กสิกร', 'k bank', 'แบงค์เขียว']"
31120412,กสิกรไทย,broker,"['กสิกร', 'k bank', 'แบงค์เขียว']"
31120412,กสิกรไทย,broker,"['กสิกร', 'k bank', 'แบงค์เขียว']"
31120412,เมืองไทยประกันชีวิต,life,"['เมืองไทยประกันชีวิต', 'เมืองไทย', 'muangthai', 'mtl', 'ประกันชีวิตสีชมพู']"
31120412,เมืองไทยประกันชีวิต,life,"['เมืองไทยประกันชีวิต', 'เมืองไทย', 'muangthai', 'mtl', 'ประกันชีวิตสีชมพู']"
31120412,เมืองไทยประกันชีวิต,life,"['เมืองไทยประกันชีวิต', 'เมืองไทย', 'muangthai', 'mtl', 'ประกันชีวิตสีชมพู']"
31120412,ไทยประกันชีวิต,life,"['ไทยประกันชีวิต', 'ไทยประกัน']"
31120412,ไทยประกันชีวิต,life,"['ไทยประกันชีวิต', 'ไทยประกัน']"
31120412,ไทยประกันชีวิต,life,"['ไทยประกันชีวิต', 'ไทยประกัน']"
31120412,กรุงเทพประกันภัย,non_life,"['กรุงเทพประกันภัย', 'bangkok insurance', 'กรุงเทพ', 'bki']"
31120412,กรุงเทพประกันภัย,non_life,"['กรุงเทพประกันภัย', 'bangkok insurance', 'กรุงเทพ', 'bki']"
31120412,กรุงเทพประกันภัย,non_life,"['กรุงเทพประกันภัย', 'bangkok insurance', 'กรุงเทพ', 'bki']"
31120904,,,
31123700,,,
31126534,วิริยะประกันภัย,non_life,"['วิริยะ', 'viriyah', 'วรย', 'วิริยา']"
31135174,,,
31138337,วิริยะประกันภัย,non_life,"['วิริยะ', 'viriyah', 'วรย', 'วิริยา']"
31146924,AIA,life,"['aia', 'เอไอเอ']"
31149820,เมืองไทยประกันชีวิต,life,"['เมืองไทยประกันชีวิต', 'เมืองไทย', 'muangthai', 'mtl', 'ประกันชีวิตสีชมพู']"
31149820,ไทยประกันชีวิต,life,"['ไทยประกันชีวิต', 'ไทยประกัน']"
31151565,กรุงเทพประกันภัย,non_life,"['กรุงเทพประกันภัย', 'bangkok insurance', 'กรุงเทพ', 'bki']"
31155363,Krungthai AXA,non_life,"['กรุงไทยแอกซ่า', 'axa', 'แอกซ่า', 'แอกซา', 'เเอกซ่า', 'แอคซ่า', 'เเอคซา', 'กรุงไทยแอกซา', 'แอ๊คซ่า', 'แอ๊กซ่า', 'เเอกซ่า', 'axxa']"
31161688,สินมั่นคง,non_life,"['สินมั่นคง', 'สินมั่งคง']"
31166083,AIA,life,"['aia', 'เอไอเอ']"
31166083,เมืองไทยประกันชีวิต,life,"['เมืองไทยประกันชีวิต', 'เมืองไทย', 'muangthai', 'mtl', 'ประกันชีวิตสีชมพู']"
31166083,ไทยประกันชีวิต,life,"['ไทยประกันชีวิต', 'ไทยประกัน']"
31167875,,,
31171408,,,
31174398,วิริยะประกันภัย,non_life,"['วิริยะ', 'viriyah', 'วรย', 'วิริยา']"
31174647,Allianz Ayudhya,life,"['allianz', 'อลิอันซ์', 'อลิอันซ์อยุธยา', 'azay', 'อริอันซ์ อยุธยา', 'อลิอันช์', 'alianz ayudhya', 'az y']"
31175832,,,
31181720,ไทยประกันชีวิต,life,"['ไทยประกันชีวิต', 'ไทยประกัน']"
31183443,,,
31186037,,,
31190189,,,
31193821,,,
31195973,AIA,life,"['aia', 'เอไอเอ']"
31196466,,,
31200392,ทิพยประกันภัย,non_life,"['ทิพย', 'ทิพยประกันภัย', 'dip', 'dhp', 'tip']"
31203034,,,
31207562,Krungthai AXA,non_life,"['กรุงไทยแอกซ่า', 'axa', 'แอกซ่า', 'แอกซา', 'เเอกซ่า', 'แอคซ่า', 'เเอคซา', 'กรุงไทยแอกซา', 'แอ๊คซ่า', 'แอ๊กซ่า', 'เเอกซ่า', 'axxa']"
31207918,ธนชาตประกันภัย,non_life,"['ธนชาตประกันภัย', 'ธนชาต', 'ธนชาติ', 'ประกันภัยสีส้ม']"
31211181,AIA,life,"['aia', 'เอไอเอ']"
31232341,SCB,broker,"['scb', 'ไทยพาณิชย์', 'ไทยพานิชย์', 'ธนาคารสีม่วง', 'cardx']"
31232341,SCB,broker,"['scb', 'ไทยพาณิชย์', 'ไทยพานิชย์', 'ธนาคารสีม่วง', 'cardx']"
31232341,SCB,broker,"['scb', 'ไทยพาณิชย์', 'ไทยพานิชย์', 'ธนาคารสีม่วง', 'cardx']"
31232341,เมืองไทยประกันชีวิต,life,"['เมืองไทยประกันชีวิต', 'เมืองไทย', 'muangthai', 'mtl', 'ประกันชีวิตสีชมพู']"
31232341,เมืองไทยประกันชีวิต,life,"['เมืองไทยประกันชีวิต', 'เมืองไทย', 'muangthai', 'mtl', 'ประกันชีวิตสีชมพู']"
31232341,เมืองไทยประกันชีวิต,life,"['เมืองไทยประกันชีวิต', 'เมืองไทย', 'muangthai', 'mtl', 'ประกันชีวิตสีชมพู']"
31232341,กรุงเทพประกันภัย,non_life,"['กรุงเทพประกันภัย', 'bangkok insurance', 'กรุงเทพ', 'bki']"
31232341,กรุงเทพประกันภัย,non_life,"['กรุงเทพประกันภัย', 'bangkok insurance', 'กรุงเทพ', 'bki']"
31232341,กรุงเทพประกันภัย,non_life,"['กรุงเทพประกันภัย', 'bangkok insurance', 'กรุงเทพ', 'bki']"
31235208,Bupa,life,"['bupa', 'บูพา', 'บูพ่า']"
31241126,,,
31243079,,,
31257301,ธนชาตประกันภัย,non_life,"['ธนชาตประกันภัย', 'ธนชาต', 'ธนชาติ', 'ประกันภัยสีส้ม']"
31260708,กรุงไทยพานิชประกันภัย,non_life,"['kpi', 'กรุงไทยประกันภัย', 'กรุงไทย ธนวัฏ', 'กรุงไทยพานิช']"
31260708,กรุงไทยพานิชประกันภัย,non_life,"['kpi', 'กรุงไทยประกันภัย', 'กรุงไทย ธนวัฏ', 'กรุงไทยพานิช']"
31260708,กรุงไทยพานิชประกันภัย,non_life,"['kpi', 'กรุงไทยประกันภัย', 'กรุงไทย ธนวัฏ', 'กรุงไทยพานิช']"
31260708,ไทยประกันชีวิต,life,"['ไทยประกันชีวิต', 'ไทยประกัน']"
31260708,ไทยประกันชีวิต,life,"['ไทยประกันชีวิต', 'ไทยประกัน']"
31260708,ไทยประกันชีวิต,life,"['ไทยประกันชีวิต', 'ไทยประกัน']"
31260708,กรุงเทพประกันภัย,non_life,"['กรุงเทพประกันภัย', 'bangkok insurance', 'กรุงเทพ', 'bki']"
31260708,กรุงเทพประกันภัย,non_life,"['กรุงเทพประกันภัย', 'bangkok insurance', 'กรุงเทพ', 'bki']"
31260708,กรุงเทพประกันภัย,non_life,"['กรุงเทพประกันภัย', 'bangkok insurance', 'กรุงเทพ', 'bki']"
31260708,เอเชียประกันภัย,non_life,"['เอเชียประกันภัย', 'เอเชีย', 'asia']"
31260708,เอเชียประกันภัย,non_life,"['เอเชียประกันภัย', 'เอเชีย', 'asia']"
31260708,เอเชียประกันภัย,non_life,"['เอเชียประกันภัย', 'เอเชีย', 'asia']"
31260708,SCB,broker,"['scb', 'ไทยพาณิชย์', 'ไทยพานิชย์', 'ธนาคารสีม่วง', 'cardx']"
31260708,SCB,broker,"['scb', 'ไทยพาณิชย์', 'ไทยพานิชย์', 'ธนาคารสีม่วง', 'cardx']"
31260708,SCB,broker,"['scb', 'ไทยพาณิชย์', 'ไทยพานิชย์', 'ธนาคารสีม่วง', 'cardx']"
31260853,ธนชาตประกันภัย,non_life,"['ธนชาตประกันภัย', 'ธนชาต', 'ธนชาติ', 'ประกันภัยสีส้ม']"
31261641,ทิพยประกันภัย,non_life,"['ทิพย', 'ทิพยประกันภัย', 'dip', 'dhp', 'tip']"
31262523,,,
31268663,,,
31269552,,,
31275473,กรุงเทพประกันภัย,non_life,"['กรุงเทพประกันภัย', 'bangkok insurance', 'กรุงเทพ', 'bki']"
31275473,AIOI,non_life,"['aioi', 'ไอโออิ']"
31282722,,,
31293596,AIA,life,"['aia', 'เอไอเอ']"
31294156,ทิพยประกันภัย,non_life,"['ทิพย', 'ทิพยประกันภัย', 'dip', 'dhp', 'tip']"
31299418,,,
31323016,กรุงเทพประกันภัย,non_life,"['กรุงเทพประกันภัย', 'bangkok insurance', 'กรุงเทพ', 'bki']"
31324941,ไทยประกันชีวิต,life,"['ไทยประกันชีวิต', 'ไทยประกัน']"
31325996,,,
31328796,,,
31329951,,,
31331792,วิริยะประกันภัย,non_life,"['วิริยะ', 'viriyah', 'วรย', 'วิริยา']"
31331792,ทิพยประกันภัย,non_life,"['ทิพย', 'ทิพยประกันภัย', 'dip', 'dhp', 'tip']"
31347414,KTC,broker,"['บัตรกรุงไทย', 'ktc']"
31362660,,,
31369268,,,
31369758,Bupa,life,"['bupa', 'บูพา', 'บูพ่า']"
31370067,AIA,life,"['aia', 'เอไอเอ']"
31384034,AIA,life,"['aia', 'เอไอเอ']"
31384034,AIA,life,"['aia', 'เอไอเอ']"
31384034,ไทยประกันชีวิต,life,"['ไทยประกันชีวิต', 'ไทยประกัน']"
31384034,ไทยประกันชีวิต,life,"['ไทยประกันชีวิต', 'ไทยประกัน']"
31384034,กรุงเทพประกันภัย,non_life,"['กรุงเทพประกันภัย', 'bangkok insurance', 'กรุงเทพ', 'bki']"
31384034,กรุงเทพประกันภัย,non_life,"['กรุงเทพประกันภัย', 'bangkok insurance', 'กรุงเทพ', 'bki']"
31386042,เอเชียประกันภัย,non_life,"['เอเชียประกันภัย', 'เอเชีย', 'asia']"
31389826,วิริยะประกันภัย,non_life,"['วิริยะ', 'viriyah', 'วรย', 'วิริยา']"
31392980,AIA,life,"['aia', 'เอไอเอ']"
31394496,สินมั่นคง,non_life,"['สินมั่นคง', 'สินมั่งคง']"
31397471,,,
31398876,AIA,life,"['aia', 'เอไอเอ']"
31399682,,,
31406355,กรุงเทพประกันภัย,non_life,"['กรุงเทพประกันภัย', 'bangkok insurance', 'กรุงเทพ', 'bki']"
31428273,Cigna,life,"['cigna', 'ซิกน่า', 'ซิกม่า']"
31428273,Bupa,life,"['bupa', 'บูพา', 'บูพ่า']"
31448478,ไทยประกันชีวิต,life,"['ไทยประกันชีวิต', 'ไทยประกัน']"
31462205,ธนชาตประกันภัย,non_life,"['ธนชาตประกันภัย', 'ธนชาต', 'ธนชาติ', 'ประกันภัยสีส้ม']"
31463995,Allianz Ayudhya,life,"['allianz', 'อลิอันซ์', 'อลิอันซ์อยุธยา', 'azay', 'อริอันซ์ อยุธยา', 'อลิอันช์', 'alianz ayudhya', 'az y']"
31463995,Allianz Ayudhya,life,"['allianz', 'อลิอันซ์', 'อลิอันซ์อยุธยา', 'azay', 'อริอันซ์ อยุธยา', 'อลิอันช์', 'alianz ayudhya', 'az y']"
31463995,วิริยะประกันภัย,non_life,"['วิริยะ', 'viriyah', 'วรย', 'วิริยา']"
31463995,วิริยะประกันภัย,non_life,"['วิริยะ', 'viriyah', 'วรย', 'วิริยา']"
31467378,,,
31469020,,,
31471233,,,
31471780,,,
31491185,Bupa,life,"['bupa', 'บูพา', 'บูพ่า']"
31493740,,,
31494778,ทิพยประกันภัย,non_life,"['ทิพย', 'ทิพยประกันภัย', 'dip', 'dhp', 'tip']"
31495714,,,
31499191,,,
31520924,,,
31527131,,,
31530183,,,
31535827,SCB Protect,broker,"['scb protect', 'scb ประกัน', 'ไทยพาณิชย์ประกัน']"
31535827,SCB,broker,"['scb', 'ไทยพาณิชย์', 'ไทยพานิชย์', 'ธนาคารสีม่วง', 'cardx']"
31542397,,,
31542765,ANC,broker,"['anc', 'เอเอ็นซี']"
31542765,ANC,broker,"['anc', 'เอเอ็นซี']"
31542765,วิริยะประกันภัย,non_life,"['วิริยะ', 'viriyah', 'วรย', 'วิริยา']"
31542765,วิริยะประกันภัย,non_life,"['วิริยะ', 'viriyah', 'วรย', 'วิริยา']"
31544094,ทหารไทยธนชาต,broker,"['ทหารไทยธนชาต', 'ttb', 'tmb', 'ธนาคารทหารไทย', 'ทหารไทย']"
31550597,,,
31551749,,,
31555206,คุ้มภัยโตเกียวมารีน,non_life,"['ประกันคุ้มภัย', 'คุ้มภัย', 'คภ.', 'โตเกียวมารีน', 'tokio marine']"
31555310,ไทยประกันชีวิต,life,"['ไทยประกันชีวิต', 'ไทยประกัน']"
31560230,,,
31569392,วิริยะประกันภัย,non_life,"['วิริยะ', 'viriyah', 'วรย', 'วิริยา']"
31572450,,,
31573569,TQM,broker,"['tqm', 'ทีคิวเอ็ม']"
31578275,ไทยประกันชีวิต,life,"['ไทยประกันชีวิต', 'ไทยประกัน']"
31578275,ไทยประกันชีวิต,life,"['ไทยประกันชีวิต', 'ไทยประกัน']"
31578275,ไทยประกันชีวิต,life,"['ไทยประกันชีวิต', 'ไทยประกัน']"
31578275,สินมั่นคง,non_life,"['สินมั่นคง', 'สินมั่งคง']"
31578275,สินมั่นคง,non_life,"['สินมั่นคง', 'สินมั่งคง']"
31578275,สินมั่นคง,non_life,"['สินมั่นคง', 'สินมั่งคง']"
31578275,ทหารไทยธนชาต,broker,"['ทหารไทยธนชาต', 'ttb', 'tmb', 'ธนาคารทหารไทย', 'ทหารไทย']"
31578275,ทหารไทยธนชาต,broker,"['ทหารไทยธนชาต', 'ttb', 'tmb', 'ธนาคารทหารไทย', 'ทหารไทย']"
31578275,ทหารไทยธนชาต,broker,"['ทหารไทยธนชาต', 'ttb', 'tmb', 'ธนาคารทหารไทย', 'ทหารไทย']"
31578701,กรุงเทพประกันภัย,non_life,"['กรุงเทพประกันภัย', 'bangkok insurance', 'กรุงเทพ', 'bki']"
31578701,กรุงเทพประกันภัย,non_life,"['กรุงเทพประกันภัย', 'bangkok insurance', 'กรุงเทพ', 'bki']"
31578701,ANC,broker,"['anc', 'เอเอ็นซี']"
31578701,ANC,broker,"['anc', 'เอเอ็นซี']"
31583044,,,
31612136,Krungthai AXA,non_life,"['กรุงไทยแอกซ่า', 'axa', 'แอกซ่า', 'แอกซา', 'เเอกซ่า', 'แอคซ่า', 'เเอคซา', 'กรุงไทยแอกซา', 'แอ๊คซ่า', 'แอ๊กซ่า', 'เเอกซ่า', 'axxa']"
31614122,กรุงเทพประกันภัย,non_life,"['กรุงเทพประกันภัย', 'bangkok insurance', 'กรุงเทพ', 'bki']"
31614122,กรุงเทพประกันภัย,non_life,"['กรุงเทพประกันภัย', 'bangkok insurance', 'กรุงเทพ', 'bki']"
31614122,ธนาคารกรุงเทพ,broker,"['ธนาคารกรุงเทพ', 'บัวหลวง']"
31614122,ธนาคารกรุงเทพ,broker,"['ธนาคารกรุงเทพ', 'บัวหลวง']"
31622372,กรุงเทพประกันภัย,non_life,"['กรุงเทพประกันภัย', 'bangkok insurance', 'กรุงเทพ', 'bki']"
31622372,กรุงเทพประกันภัย,non_life,"['กรุงเทพประกันภัย', 'bangkok insurance', 'กรุงเทพ', 'bki']"
31622372,ANC,broker,"['anc', 'เอเอ็นซี']"
31622372,ANC,broker,"['anc', 'เอเอ็นซี']"
31631697,,,
31637039,กรุงเทพประกันภัย,non_life,"['กรุงเทพประกันภัย', 'bangkok insurance', 'กรุงเทพ', 'bki']"
31637039,กรุงเทพประกันภัย,non_life,"['กรุงเทพประกันภัย', 'bangkok insurance', 'กรุงเทพ', 'bki']"
31637039,ธนาคารกรุงเทพ,broker,"['ธนาคารกรุงเทพ', 'บัวหลวง']"
31637039,ธนาคารกรุงเทพ,broker,"['ธนาคารกรุงเทพ', 'บัวหลวง']"
31641800,,,
31641941,วิริยะประกันภัย,non_life,"['วิริยะ', 'viriyah', 'วรย', 'วิริยา']"
31642503,กรุงเทพประกันภัย,non_life,"['กรุงเทพประกันภัย', 'bangkok insurance', 'กรุงเทพ', 'bki']"
31642503,กรุงเทพประกันภัย,non_life,"['กรุงเทพประกันภัย', 'bangkok insurance', 'กรุงเทพ', 'bki']"
31642503,ธนาคารกรุงเทพ,broker,"['ธนาคารกรุงเทพ', 'บัวหลวง']"
31642503,ธนาคารกรุงเทพ,broker,"['ธนาคารกรุงเทพ', 'บัวหลวง']"
31657796,สินมั่นคง,non_life,"['สินมั่นคง', 'สินมั่งคง']"
31662750,,,
31670624,AIA,life,"['aia', 'เอไอเอ']"
31675022,วิริยะประกันภัย,non_life,"['วิริยะ', 'viriyah', 'วรย', 'วิริยา']"
31675040,,,
31682877,,,
31696086,วิริยะประกันภัย,non_life,"['วิริยะ', 'viriyah', 'วรย', 'วิริยา']"
31696086,อินทรประกันภัย,non_life,['อินทร']
31701705,Krungthai AXA,non_life,"['กรุงไทยแอกซ่า', 'axa', 'แอกซ่า', 'แอกซา', 'เเอกซ่า', 'แอคซ่า', 'เเอคซา', 'กรุงไทยแอกซา', 'แอ๊คซ่า', 'แอ๊กซ่า', 'เเอกซ่า', 'axxa']"
31704856,ไทยเศรษฐกิจประกันภัย,non_life,['ไทยเศรษฐกิจ']
31710593,วิริยะประกันภัย,non_life,"['วิริยะ', 'viriyah', 'วรย', 'วิริยา']"
31713848,วิริยะประกันภัย,non_life,"['วิริยะ', 'viriyah', 'วรย', 'วิริยา']"
31713848,สินมั่นคง,non_life,"['สินมั่นคง', 'สินมั่งคง']"
31733452,,,
31735025,,,
31736496,,,
31738947,ไทยวิวัฒน์,non_life,"['ไทยวิวัฒน์', 'thaivivat', 'ไทยวิวัตน์']"
31743999,เมืองไทยประกันชีวิต,life,"['เมืองไทยประกันชีวิต', 'เมืองไทย', 'muangthai', 'mtl', 'ประกันชีวิตสีชมพู']"
31743999,เมืองไทยประกันชีวิต,life,"['เมืองไทยประกันชีวิต', 'เมืองไทย', 'muangthai', 'mtl', 'ประกันชีวิตสีชมพู']"
31743999,ไทยประกันชีวิต,life,"['ไทยประกันชีวิต', 'ไทยประกัน']"
31743999,ไทยประกันชีวิต,life,"['ไทยประกันชีวิต', 'ไทยประกัน']"
31743999,กรุงเทพประกันภัย,non_life,"['กรุงเทพประกันภัย', 'bangkok insurance', 'กรุงเทพ', 'bki']"
31743999,กรุงเทพประกันภัย,non_life,"['กรุงเทพประกันภัย', 'bangkok insurance', 'กรุงเทพ', 'bki']"
31743999,เมืองไทยประกันภัย,non_life,['เมืองไทยประกันภัย']
31743999,เมืองไทยประกันภัย,non_life,['เมืองไทยประกันภัย']
31743999,ไทยประกันภัย,non_life,['ไทยประกันภัย']
31743999,ไทยประกันภัย,non_life,['ไทยประกันภัย']
31748517,TISCO Insure,broker,['ทิสโก้']
31748517,TISCO Insure,broker,['ทิสโก้']
31748517,AIA,life,"['aia', 'เอไอเอ']"
31748517,AIA,life,"['aia', 'เอไอเอ']"
31764318,,,
31765338,วิริยะประกันภัย,non_life,"['วิริยะ', 'viriyah', 'วรย', 'วิริยา']"
31765345,ทิพยประกันภัย,non_life,"['ทิพย', 'ทิพยประกันภัย', 'dip', 'dhp', 'tip']"
31765345,ทิพยประกันภัย,non_life,"['ทิพย', 'ทิพยประกันภัย', 'dip', 'dhp', 'tip']"
31765345,AEON,broker,"['aeon', 'อิออน']"
31765345,AEON,broker,"['aeon', 'อิออน']"
31771321,,,
31772370,วิริยะประกันภัย,non_life,"['วิริยะ', 'viriyah', 'วรย', 'วิริยา']"
31778317,AIA,life,"['aia', 'เอไอเอ']"
31778317,Bupa,life,"['bupa', 'บูพา', 'บูพ่า']"
31783556,กรุงไทยพานิชประกันภัย,non_life,"['kpi', 'กรุงไทยประกันภัย', 'กรุงไทย ธนวัฏ', 'กรุงไทยพานิช']"
31790195,,,
31794654,วิริยะประกันภัย,non_life,"['วิริยะ', 'viriyah', 'วรย', 'วิริยา']"
31801827,คุ้มภัยโตเกียวมารีน,non_life,"['ประกันคุ้มภัย', 'คุ้มภัย', 'คภ.', 'โตเกียวมารีน', 'tokio marine']"
31801827,ทิพยประกันภัย,non_life,"['ทิพย', 'ทิพยประกันภัย', 'dip', 'dhp', 'tip']"
31803362,กสิกรไทย,broker,"['กสิกร', 'k bank', 'แบงค์เขียว']"
31804522,AIA,life,"['aia', 'เอไอเอ']"
31808576,มิตซุย สุมิโตโม,non_life,['มิตซุย']
31809872,,,
31823900,LMG,non_life,"['lmg', 'แอลเอ็มจี']"
31828509,AIA,life,"['aia', 'เอไอเอ']"
31831205,,,
31836535,,,
31840362,,,
31846465,,,
31855679,,,
31858651,,,
31859792,คุ้มภัยโตเกียวมารีน,non_life,"['ประกันคุ้มภัย', 'คุ้มภัย', 'คภ.', 'โตเกียวมารีน', 'tokio marine']"
31861739,เมืองไทยประกันชีวิต,life,"['เมืองไทยประกันชีวิต', 'เมืองไทย', 'muangthai', 'mtl', 'ประกันชีวิตสีชมพู']"
31861739,ไทยประกันชีวิต,life,"['ไทยประกันชีวิต', 'ไทยประกัน']"
31862503,,,
31864132,เมืองไทยประกันชีวิต,life,"['เมืองไทยประกันชีวิต', 'เมืองไทย', 'muangthai', 'mtl', 'ประกันชีวิตสีชมพู']"
31864132,ไทยประกันชีวิต,life,"['ไทยประกันชีวิต', 'ไทยประกัน']"
31868324,AIA,life,"['aia', 'เอไอเอ']"
31873866,เมืองไทยประกันชีวิต,life,"['เมืองไทยประกันชีวิต', 'เมืองไทย', 'muangthai', 'mtl', 'ประกันชีวิตสีชมพู']"
31873866,ไทยประกันชีวิต,life,"['ไทยประกันชีวิต', 'ไทยประกัน']"
31874454,,,
31876471,เมืองไทยประกันชีวิต,life,"['เมืองไทยประกันชีวิต', 'เมืองไทย', 'muangthai', 'mtl', 'ประกันชีวิตสีชมพู']"
31876471,เมืองไทยประกันชีวิต,life,"['เมืองไทยประกันชีวิต', 'เมืองไทย', 'muangthai', 'mtl', 'ประกันชีวิตสีชมพู']"
31876471,ไทยประกันชีวิต,life,"['ไทยประกันชีวิต', 'ไทยประกัน']"
31876471,ไทยประกันชีวิต,life,"['ไทยประกันชีวิต', 'ไทยประกัน']"
31876471,กรุงเทพประกันภัย,non_life,"['กรุงเทพประกันภัย', 'bangkok insurance', 'กรุงเทพ', 'bki']"
31876471,กรุงเทพประกันภัย,non_life,"['กรุงเทพประกันภัย', 'bangkok insurance', 'กรุงเทพ', 'bki']"
31893397,FWD,life,"['fwd', 'เอฟดับบลิวดี', 'fwd ประกันชีวิต']"
31894935,ทิพยประกันภัย,non_life,"['ทิพย', 'ทิพยประกันภัย', 'dip', 'dhp', 'tip']"
31897201,,,
31901255,SCB,broker,"['scb', 'ไทยพาณิชย์', 'ไทยพานิชย์', 'ธนาคารสีม่วง', 'cardx']"
31907807,AIA,life,"['aia', 'เอไอเอ']"
31924021,คุ้มภัยโตเกียวมารีน,non_life,"['ประกันคุ้มภัย', 'คุ้มภัย', 'คภ.', 'โตเกียวมารีน', 'tokio marine']"
31924021,ทิพยประกันภัย,non_life,"['ทิพย', 'ทิพยประกันภัย', 'dip', 'dhp', 'tip']"
31924021,สินมั่นคง,non_life,"['สินมั่นคง', 'สินมั่งคง']"
31932969,,,
31933321,กรุงเทพประกันภัย,non_life,"['กรุงเทพประกันภัย', 'bangkok insurance', 'กรุงเทพ', 'bki']"
31933321,ทิพยประกันภัย,non_life,"['ทิพย', 'ทิพยประกันภัย', 'dip', 'dhp', 'tip']"
31933321,อินทรประกันภัย,non_life,['อินทร']
31940402,,,
31943720,ไทยประกันชีวิต,life,"['ไทยประกันชีวิต', 'ไทยประกัน']"
31947552,กรุงเทพประกันภัย,non_life,"['กรุงเทพประกันภัย', 'bangkok insurance', 'กรุงเทพ', 'bki']"
31947552,ธนชาตประกันภัย,non_life,"['ธนชาตประกันภัย', 'ธนชาต', 'ธนชาติ', 'ประกันภัยสีส้ม']"
31948143,ทิพยประกันภัย,non_life,"['ทิพย', 'ทิพยประกันภัย', 'dip', 'dhp', 'tip']"
31948143,ทิพยประกันภัย,non_life,"['ทิพย', 'ทิพยประกันภัย', 'dip', 'dhp', 'tip']"
31948143,TISCO Insure,broker,['ทิสโก้']
31948143,TISCO Insure,broker,['ทิสโก้']
31951453,เมืองไทยประกันชีวิต,life,"['เมืองไทยประกันชีวิต', 'เมืองไทย', 'muangthai', 'mtl', 'ประกันชีวิตสีชมพู']"
31951453,ไทยประกันชีวิต,life,"['ไทยประกันชีวิต', 'ไทยประกัน']"
31956532,,,
31958456,ธนชาตประกันภัย,non_life,"['ธนชาตประกันภัย', 'ธนชาต', 'ธนชาติ', 'ประกันภัยสีส้ม']"
31962091,กรุงไทยพานิชประกันภัย,non_life,"['kpi', 'กรุงไทยประกันภัย', 'กรุงไทย ธนวัฏ', 'กรุงไทยพานิช']"
31968613,AIA,life,"['aia', 'เอไอเอ']"
31975367,,,
31978575,,,
31982626,ทิพยประกันภัย,non_life,"['ทิพย', 'ทิพยประกันภัย', 'dip', 'dhp', 'tip']"
32012210,กรุงเทพประกันภัย,non_life,"['กรุงเทพประกันภัย', 'bangkok insurance', 'กรุงเทพ', 'bki']"
32018800,Krungthai AXA,non_life,"['กรุงไทยแอกซ่า', 'axa', 'แอกซ่า', 'แอกซา', 'เเอกซ่า', 'แอคซ่า', 'เเอคซา', 'กรุงไทยแอกซา', 'แอ๊คซ่า', 'แอ๊กซ่า', 'เเอกซ่า', 'axxa']"
32024132,AIA,life,"['aia', 'เอไอเอ']"
32029519,,,
32043188,,,
32044678,,,
32051402,ไทยประกันชีวิต,life,"['ไทยประกันชีวิต', 'ไทยประกัน']"
32051402,ไทยประกันชีวิต,life,"['ไทยประกันชีวิต', 'ไทยประกัน']"
32051402,กรุงไทยพานิชประกันภัย,non_life,"['kpi', 'กรุงไทยประกันภัย', 'กรุงไทย ธนวัฏ', 'กรุงไทยพานิช']"
32051402,กรุงไทยพานิชประกันภัย,non_life,"['kpi', 'กรุงไทยประกันภัย', 'กรุงไทย ธนวัฏ', 'กรุงไทยพานิช']"
32051402,ไทยประกันภัย,non_life,['ไทยประกันภัย']
32051402,ไทยประกันภัย,non_life,['ไทยประกันภัย']
32060191,,,
32068969,,,
32078977,,,
32085465,,,
32086034,,,
32087380,วิริยะประกันภัย,non_life,"['วิริยะ', 'viriyah', 'วรย', 'วิริยา']"
32087380,เอเชียประกันภัย,non_life,"['เอเชียประกันภัย', 'เอเชีย', 'asia']"
32087984,เมืองไทยประกันชีวิต,life,"['เมืองไทยประกันชีวิต', 'เมืองไทย', 'muangthai', 'mtl', 'ประกันชีวิตสีชมพู']"
32087984,เมืองไทยประกันชีวิต,life,"['เมืองไทยประกันชีวิต', 'เมืองไทย', 'muangthai', 'mtl', 'ประกันชีวิตสีชมพู']"
32087984,ไทยประกันชีวิต,life,"['ไทยประกันชีวิต', 'ไทยประกัน']"
32087984,ไทยประกันชีวิต,life,"['ไทยประกันชีวิต', 'ไทยประกัน']"
32087984,เมืองไทยประกันภัย,non_life,['เมืองไทยประกันภัย']
32087984,เมืองไทยประกันภัย,non_life,['เมืองไทยประกันภัย']
32087984,ไทยประกันภัย,non_life,['ไทยประกันภัย']
32087984,ไทยประกันภัย,non_life,['ไทยประกันภัย']
32087984,วิริยะประกันภัย,non_life,"['วิริยะ', 'viriyah', 'วรย', 'วิริยา']"
32087984,วิริยะประกันภัย,non_life,"['วิริยะ', 'viriyah', 'วรย', 'วิริยา']"
32098917,,,
32104394,,,
32110594,AIA,life,"['aia', 'เอไอเอ']"
32110594,Bupa,life,"['bupa', 'บูพา', 'บูพ่า']"
32111327,กรุงเทพประกันภัย,non_life,"['กรุงเทพประกันภัย', 'bangkok insurance', 'กรุงเทพ', 'bki']"
32121586,AIA,life,"['aia', 'เอไอเอ']"
32126818,,,
32130702,,,
32132871,,,
32141069,,,
32143046,,,
32154903,,,
32161421,,,
32168365,วิริยะประกันภัย,non_life,"['วิริยะ', 'viriyah', 'วรย', 'วิริยา']"
32168365,คุ้มภัยโตเกียวมารีน,non_life,"['ประกันคุ้มภัย', 'คุ้มภัย', 'คภ.', 'โตเกียวมารีน', 'tokio marine']"
32172403,,,
32172413,Krungthai AXA,non_life,"['กรุงไทยแอกซ่า', 'axa', 'แอกซ่า', 'แอกซา', 'เเอกซ่า', 'แอคซ่า', 'เเอคซา', 'กรุงไทยแอกซา', 'แอ๊คซ่า', 'แอ๊กซ่า', 'เเอกซ่า', 'axxa']"
32178544,สินทรัพย์ประกันภัย,non_life,['สินทรัพย์']
32187084,วิริยะประกันภัย,non_life,"['วิริยะ', 'viriyah', 'วรย', 'วิริยา']"
32188457,,,
32199128,,,
32204574,วิริยะประกันภัย,non_life,"['วิริยะ', 'viriyah', 'วรย', 'วิริยา']"
32208420,,,
32215851,ธนชาตประกันภัย,non_life,"['ธนชาตประกันภัย', 'ธนชาต', 'ธนชาติ', 'ประกันภัยสีส้ม']"
32217111,ไทยคาร์ดิฟ,life,"['ไทยคาร์ดีฟ', 'ไทยคาร์ดิฟ', 'thai cardif']"
32217111,ไทยคาร์ดิฟ,life,"['ไทยคาร์ดีฟ', 'ไทยคาร์ดิฟ', 'thai cardif']"
32217111,AEON,broker,"['aeon', 'อิออน']"
32217111,AEON,broker,"['aeon', 'อิออน']"
32230649,,,
32234539,ทิพยประกันภัย,non_life,"['ทิพย', 'ทิพยประกันภัย', 'dip', 'dhp', 'tip']"
32235124,AIA,life,"['aia', 'เอไอเอ']"
32240045,วิริยะประกันภัย,non_life,"['วิริยะ', 'viriyah', 'วรย', 'วิริยา']"
32240045,กรุงเทพประกันภัย,non_life,"['กรุงเทพประกันภัย', 'bangkok insurance', 'กรุงเทพ', 'bki']"
32243785,AIA,life,"['aia', 'เอไอเอ']"
32247757,วิริยะประกันภัย,non_life,"['วิริยะ', 'viriyah', 'วรย', 'วิริยา']"
32252405,วิริยะประกันภัย,non_life,"['วิริยะ', 'viriyah', 'วรย', 'วิริยา']"
32252405,วิริยะประกันภัย,non_life,"['วิริยะ', 'viriyah', 'วรย', 'วิริยา']"
32252405,Ark Insure,broker,"['ark insure', 'อาร์ค', 'ark']"
32252405,Ark Insure,broker,"['ark insure', 'อาร์ค', 'ark']"
32253200,กรุงเทพประกันภัย,non_life,"['กรุงเทพประกันภัย', 'bangkok insurance', 'กรุงเทพ', 'bki']"
32254071,,,
32265578,,,
32274776,,,
32279062,,,
32279431,,,
32288524,เมืองไทยประกันชีวิต,life,"['เมืองไทยประกันชีวิต', 'เมืองไทย', 'muangthai', 'mtl', 'ประกันชีวิตสีชมพู']"
32288771,,,
32292677,Ark Insure,broker,"['ark insure', 'อาร์ค', 'ark']"
32292677,ANC,broker,"['anc', 'เอเอ็นซี']"
32294283,,,
32297815,,,
32301158,,,
32302681,Bupa,life,"['bupa', 'บูพา', 'บูพ่า']"
32302681,Bupa,life,"['bupa', 'บูพา', 'บูพ่า']"
32302681,กรุงเทพประกันภัย,non_life,"['กรุงเทพประกันภัย', 'bangkok insurance', 'กรุงเทพ', 'bki']"
32302681,กรุงเทพประกันภัย,non_life,"['กรุงเทพประกันภัย', 'bangkok insurance', 'กรุงเทพ', 'bki']"
32305922,,,
32309159,,,
32324741,เมืองไทยประกันชีวิต,life,"['เมืองไทยประกันชีวิต', 'เมืองไทย', 'muangthai', 'mtl', 'ประกันชีวิตสีชมพู']"
32324741,ไทยประกันชีวิต,life,"['ไทยประกันชีวิต', 'ไทยประกัน']"
32326319,Krungsri Auto,broker,"['กรุงศรี ออโต้', 'กรุงศรีออโต้']"
32330215,,,
32332553,ไทยวิวัฒน์,non_life,"['ไทยวิวัฒน์', 'thaivivat', 'ไทยวิวัตน์']"
32347728,AIA,life,"['aia', 'เอไอเอ']"
32347728,AIA,life,"['aia', 'เอไอเอ']"
32347728,FWD,life,"['fwd', 'เอฟดับบลิวดี', 'fwd ประกันชีวิต']"
32347728,FWD,life,"['fwd', 'เอฟดับบลิวดี', 'fwd ประกันชีวิต']"
32347728,ศรีอยุธยาประกันภัย,non_life,['ศรีอยุธยา']
32347728,ศรีอยุธยาประกันภัย,non_life,['ศรีอยุธยา']
32355977,,,
32356210,เมืองไทยประกันชีวิต,life,"['เมืองไทยประกันชีวิต', 'เมืองไทย', 'muangthai', 'mtl', 'ประกันชีวิตสีชมพู']"
32356210,เมืองไทยประกันชีวิต,life,"['เมืองไทยประกันชีวิต', 'เมืองไทย', 'muangthai', 'mtl', 'ประกันชีวิตสีชมพู']"
32356210,ทิพยประกันภัย,non_life,"['ทิพย', 'ทิพยประกันภัย', 'dip', 'dhp', 'tip']"
32356210,ทิพยประกันภัย,non_life,"['ทิพย', 'ทิพยประกันภัย', 'dip', 'dhp', 'tip']"
32367298,,,
32375570,,,
32376814,,,
32384486,,,
32391491,กสิกรไทย,broker,"['กสิกร', 'k bank', 'แบงค์เขียว']"
32396721,,,
32402010,,,
32412350,Krungsri First Choice,broker,"['first choice', 'กรุงศรี เฟิร์สช้อยส์', 'กรุงศรีเฟิร์สช้อย', 'เฟิสช้อย', 'เฟริสช้อย']"
32412350,ANC,broker,"['anc', 'เอเอ็นซี']"
32415155,Cigna,life,"['cigna', 'ซิกน่า', 'ซิกม่า']"
32425433,สินมั่นคง,non_life,"['สินมั่นคง', 'สินมั่งคง']"
32428029,ไทยวิวัฒน์,non_life,"['ไทยวิวัฒน์', 'thaivivat', 'ไทยวิวัตน์']"
32431176,Krungthai AXA,non_life,"['กรุงไทยแอกซ่า', 'axa', 'แอกซ่า', 'แอกซา', 'เเอกซ่า', 'แอคซ่า', 'เเอคซา', 'กรุงไทยแอกซา', 'แอ๊คซ่า', 'แอ๊กซ่า', 'เเอกซ่า', 'axxa']"
32449759,อินทรประกันภัย,non_life,['อินทร']
32457179,,,
32458018,AIA,life,"['aia', 'เอไอเอ']"
32467591,,,
32469286,Bupa,life,"['bupa', 'บูพา', 'บูพ่า']"
32469286,Bupa,life,"['bupa', 'บูพา', 'บูพ่า']"
32469286,ทิพยประกันภัย,non_life,"['ทิพย', 'ทิพยประกันภัย', 'dip', 'dhp', 'tip']"
32469286,ทิพยประกันภัย,non_life,"['ทิพย', 'ทิพยประกันภัย', 'dip', 'dhp', 'tip']"
32471961,,,
32474727,,,
32475468,อาสหนุมาน,broker,"['อาสหนุมาน', 'asn', 'อาสค์หนุมาน']"
32477485,Bupa,life,"['bupa', 'บูพา', 'บูพ่า']"
32479426,เมืองไทยประกันชีวิต,life,"['เมืองไทยประกันชีวิต', 'เมืองไทย', 'muangthai', 'mtl', 'ประกันชีวิตสีชมพู']"
32479426,ไทยประกันชีวิต,life,"['ไทยประกันชีวิต', 'ไทยประกัน']"
32481617,,,
32483614,,,
32484773,,,
32485755,AIA,life,"['aia', 'เอไอเอ']"
32485755,Allianz Ayudhya,life,"['allianz', 'อลิอันซ์', 'อลิอันซ์อยุธยา', 'azay', 'อริอันซ์ อยุธยา', 'อลิอันช์', 'alianz ayudhya', 'az y']"
32496777,,,
32497280,สินมั่นคง,non_life,"['สินมั่นคง', 'สินมั่งคง']"
32505976,SCB,broker,"['scb', 'ไทยพาณิชย์', 'ไทยพานิชย์', 'ธนาคารสีม่วง', 'cardx']"
32512031,กรุงเทพประกันภัย,non_life,"['กรุงเทพประกันภัย', 'bangkok insurance', 'กรุงเทพ', 'bki']"
32512031,กรุงเทพประกันภัย,non_life,"['กรุงเทพประกันภัย', 'bangkok insurance', 'กรุงเทพ', 'bki']"
32512031,ANC,broker,"['anc', 'เอเอ็นซี']"
32512031,ANC,broker,"['anc', 'เอเอ็นซี']"
32513139,เมืองไทยประกันชีวิต,life,"['เมืองไทยประกันชีวิต', 'เมืองไทย', 'muangthai', 'mtl', 'ประกันชีวิตสีชมพู']"
32513139,ไทยประกันชีวิต,life,"['ไทยประกันชีวิต', 'ไทยประกัน']"
32514459,ไทยประกันชีวิต,life,"['ไทยประกันชีวิต', 'ไทยประกัน']"
32516549,Bupa,life,"['bupa', 'บูพา', 'บูพ่า']"
32516549,Bupa,life,"['bupa', 'บูพา', 'บูพ่า']"
32516549,Generali,non_life,"['generali', 'เจนเนอราลี่']"
32516549,Generali,non_life,"['generali', 'เจนเนอราลี่']"
32516927,,,
32518070,Krungthai AXA,non_life,"['กรุงไทยแอกซ่า', 'axa', 'แอกซ่า', 'แอกซา', 'เเอกซ่า', 'แอคซ่า', 'เเอคซา', 'กรุงไทยแอกซา', 'แอ๊คซ่า', 'แอ๊กซ่า', 'เเอกซ่า', 'axxa']"
32525248,,,
32528502,,,
32530575,สินมั่นคง,non_life,"['สินมั่นคง', 'สินมั่งคง']"
32538813,ไทยวิวัฒน์,non_life,"['ไทยวิวัฒน์', 'thaivivat', 'ไทยวิวัตน์']"
32545202,,,
32546543,AIA,life,"['aia', 'เอไอเอ']"
32546543,AIA,life,"['aia', 'เอไอเอ']"
32546543,วิริยะประกันภัย,non_life,"['วิริยะ', 'viriyah', 'วรย', 'วิริยา']"
32546543,วิริยะประกันภัย,non_life,"['วิริยะ', 'viriyah', 'วรย', 'วิริยา']"
32551730,AIA,life,"['aia', 'เอไอเอ']"
32556942,AIA,life,"['aia', 'เอไอเอ']"
32559332,,,
32566857,เมืองไทยประกันชีวิต,life,"['เมืองไทยประกันชีวิต', 'เมืองไทย', 'muangthai', 'mtl', 'ประกันชีวิตสีชมพู']"
32566857,เมืองไทยประกันชีวิต,life,"['เมืองไทยประกันชีวิต', 'เมืองไทย', 'muangthai', 'mtl', 'ประกันชีวิตสีชมพู']"
32566857,ไทยประกันชีวิต,life,"['ไทยประกันชีวิต', 'ไทยประกัน']"
32566857,ไทยประกันชีวิต,life,"['ไทยประกันชีวิต', 'ไทยประกัน']"
32566857,กสิกรไทย,broker,"['กสิกร', 'k bank', 'แบงค์เขียว']"
32566857,กสิกรไทย,broker,"['กสิกร', 'k bank', 'แบงค์เขียว']"
32570189,,,
32570202,,,
32576564,TQM,broker,"['tqm', 'ทีคิวเอ็ม']"
32580598,,,
32584400,,,
32586333,,,
32591632,,,
32592811,AIA,life,"['aia', 'เอไอเอ']"
32597841,,,
32599711,AIA,life,"['aia', 'เอไอเอ']"
32601431,กรุงเทพประกันภัย,non_life,"['กรุงเทพประกันภัย', 'bangkok insurance', 'กรุงเทพ', 'bki']"
32603560,คุ้มภัยโตเกียวมารีน,non_life,"['ประกันคุ้มภัย', 'คุ้มภัย', 'คภ.', 'โตเกียวมารีน', 'tokio marine']"
32604904,สินมั่นคง,non_life,"['สินมั่นคง', 'สินมั่งคง']"
32610128,,,
32620553,,,
32622674,ไทยวิวัฒน์,non_life,"['ไทยวิวัฒน์', 'thaivivat', 'ไทยวิวัตน์']"
32627973,,,
32631165,,,
32638311,วิริยะประกันภัย,non_life,"['วิริยะ', 'viriyah', 'วรย', 'วิริยา']"
32638311,อินทรประกันภัย,non_life,['อินทร']
32638672,,,
32639368,,,
32640310,,,
32644461,ANC,broker,"['anc', 'เอเอ็นซี']"
32646226,,,
32652879,,,
32656630,,,
32659818,Bupa,life,"['bupa', 'บูพา', 'บูพ่า']"
32665002,AIA,life,"['aia', 'เอไอเอ']"
32670580,กรุงเทพประกันภัย,non_life,"['กรุงเทพประกันภัย', 'bangkok insurance', 'กรุงเทพ', 'bki']"
32680596,กรุงเทพประกันภัย,non_life,"['กรุงเทพประกันภัย', 'bangkok insurance', 'กรุงเทพ', 'bki']"
32684069,AIA,life,"['aia', 'เอไอเอ']"
32685023,Allianz Ayudhya,life,"['allianz', 'อลิอันซ์', 'อลิอันซ์อยุธยา', 'azay', 'อริอันซ์ อยุธยา', 'อลิอันช์', 'alianz ayudhya', 'az y']"
32688957,,,
32693547,,,
32698786,,,
32705678,,,
32714275,Krungthai AXA,non_life,"['กรุงไทยแอกซ่า', 'axa', 'แอกซ่า', 'แอกซา', 'เเอกซ่า', 'แอคซ่า', 'เเอคซา', 'กรุงไทยแอกซา', 'แอ๊คซ่า', 'แอ๊กซ่า', 'เเอกซ่า', 'axxa']"
32724229,,,
32751363,วิริยะประกันภัย,non_life,"['วิริยะ', 'viriyah', 'วรย', 'วิริยา']"
32754465,AIA,life,"['aia', 'เอไอเอ']"
32767965,,,
32773369,AEON,broker,"['aeon', 'อิออน']"
32776788,AEON,broker,"['aeon', 'อิออน']"
32776788,AEON,broker,"['aeon', 'อิออน']"
32776788,ไทยคาร์ดิฟ,life,"['ไทยคาร์ดีฟ', 'ไทยคาร์ดิฟ', 'thai cardif']"
32776788,ไทยคาร์ดิฟ,life,"['ไทยคาร์ดีฟ', 'ไทยคาร์ดิฟ', 'thai cardif']"
32778339,,,
32780897,เมืองไทยประกันชีวิต,life,"['เมืองไทยประกันชีวิต', 'เมืองไทย', 'muangthai', 'mtl', 'ประกันชีวิตสีชมพู']"
32780897,ไทยประกันชีวิต,life,"['ไทยประกันชีวิต', 'ไทยประกัน']"
32788941,ธนชาตประกันภัย,non_life,"['ธนชาตประกันภัย', 'ธนชาต', 'ธนชาติ', 'ประกันภัยสีส้ม']"
32806330,,,
32812301,,,
32821235,,,
32827491,วิริยะประกันภัย,non_life,"['วิริยะ', 'viriyah', 'วรย', 'วิริยา']"
32828869,,,
32835441,AIA,life,"['aia', 'เอไอเอ']"
32839463,กรุงเทพประกันภัย,non_life,"['กรุงเทพประกันภัย', 'bangkok insurance', 'กรุงเทพ', 'bki']"
32839463,กรุงเทพประกันภัย,non_life,"['กรุงเทพประกันภัย', 'bangkok insurance', 'กรุงเทพ', 'bki']"
32839463,Krungthai AXA,non_life,"['กรุงไทยแอกซ่า', 'axa', 'แอกซ่า', 'แอกซา', 'เเอกซ่า', 'แอคซ่า', 'เเอคซา', 'กรุงไทยแอกซา', 'แอ๊คซ่า', 'แอ๊กซ่า', 'เเอกซ่า', 'axxa']"
32839463,Krungthai AXA,non_life,"['กรุงไทยแอกซ่า', 'axa', 'แอกซ่า', 'แอกซา', 'เเอกซ่า', 'แอคซ่า', 'เเอคซา', 'กรุงไทยแอกซา', 'แอ๊คซ่า', 'แอ๊กซ่า', 'เเอกซ่า', 'axxa']"
32839463,KTC,broker,"['บัตรกรุงไทย', 'ktc']"
32839463,KTC,broker,"['บัตรกรุงไทย', 'ktc']"
32839531,,,
32843340,ไทยประกันชีวิต,life,"['ไทยประกันชีวิต', 'ไทยประกัน']"
32844362,กรุงเทพประกันภัย,non_life,"['กรุงเทพประกันภัย', 'bangkok insurance', 'กรุงเทพ', 'bki']"
32854433,,,
32854466,,,
32857819,,,
32866637,,,
32870745,เอเชียประกันภัย,non_life,"['เอเชียประกันภัย', 'เอเชีย', 'asia']"
32870745,เอเชียประกันภัย,non_life,"['เอเชียประกันภัย', 'เอเชีย', 'asia']"
32870745,Direct Asia,broker,"['ไดเรคเอเชีย', 'ไดเร็คเอเชีย', 'ไดเร๊คเอเชีย', 'Direct Asia']"
32870745,Direct Asia,broker,"['ไดเรคเอเชีย', 'ไดเร็คเอเชีย', 'ไดเร๊คเอเชีย', 'Direct Asia']"
32872118,ANC,broker,"['anc', 'เอเอ็นซี']"
32888852,,,
32892090,Allianz Ayudhya,life,"['allianz', 'อลิอันซ์', 'อลิอันซ์อยุธยา', 'azay', 'อริอันซ์ อยุธยา', 'อลิอันช์', 'alianz ayudhya', 'az y']"
32900471,Silkspan,broker,['silkspan']
32900471,Silkspan,broker,['silkspan']
32900471,ทิพยประกันภัย,non_life,"['ทิพย', 'ทิพยประกันภัย', 'dip', 'dhp', 'tip']"
32900471,ทิพยประกันภัย,non_life,"['ทิพย', 'ทิพยประกันภัย', 'dip', 'dhp', 'tip']"
32900471,SCB,broker,"['scb', 'ไทยพาณิชย์', 'ไทยพานิชย์', 'ธนาคารสีม่วง', 'cardx']"
32900471,SCB,broker,"['scb', 'ไทยพาณิชย์', 'ไทยพานิชย์', 'ธนาคารสีม่วง', 'cardx']"
32900471,KTC,broker,"['บัตรกรุงไทย', 'ktc']"
32900471,KTC,broker,"['บัตรกรุงไทย', 'ktc']"
32905798,ไทยประกันชีวิต,life,"['ไทยประกันชีวิต', 'ไทยประกัน']"
32905798,Bupa,life,"['bupa', 'บูพา', 'บูพ่า']"
32907202,,,
32918208,,,
32926740,,,
32935825,วิริยะประกันภัย,non_life,"['วิริยะ', 'viriyah', 'วรย', 'วิริยา']"
32937060,,,
32938039,,,
32941574,,,
32941902,Bupa,life,"['bupa', 'บูพา', 'บูพ่า']"
32945079,,,
32960048,Allianz Ayudhya,life,"['allianz', 'อลิอันซ์', 'อลิอันซ์อยุธยา', 'azay', 'อริอันซ์ อยุธยา', 'อลิอันช์', 'alianz ayudhya', 'az y']"
32966834,,,
32968030,เมืองไทยประกันชีวิต,life,"['เมืองไทยประกันชีวิต', 'เมืองไทย', 'muangthai', 'mtl', 'ประกันชีวิตสีชมพู']"
32968030,เมืองไทยประกันชีวิต,life,"['เมืองไทยประกันชีวิต', 'เมืองไทย', 'muangthai', 'mtl', 'ประกันชีวิตสีชมพู']"
32968030,เมืองไทยประกันชีวิต,life,"['เมืองไทยประกันชีวิต', 'เมืองไทย', 'muangthai', 'mtl', 'ประกันชีวิตสีชมพู']"
32968030,ไทยประกันชีวิต,life,"['ไทยประกันชีวิต', 'ไทยประกัน']"
32968030,ไทยประกันชีวิต,life,"['ไทยประกันชีวิต', 'ไทยประกัน']"
32968030,ไทยประกันชีวิต,life,"['ไทยประกันชีวิต', 'ไทยประกัน']"
32968030,กสิกรไทย,broker,"['กสิกร', 'k bank', 'แบงค์เขียว']"
32968030,กสิกรไทย,broker,"['กสิกร', 'k bank', 'แบงค์เขียว']"
32968030,กสิกรไทย,broker,"['กสิกร', 'k bank', 'แบงค์เขียว']"
32968030,เมืองไทยประกันภัย,non_life,['เมืองไทยประกันภัย']
32968030,เมืองไทยประกันภัย,non_life,['เมืองไทยประกันภัย']
32968030,เมืองไทยประกันภัย,non_life,['เมืองไทยประกันภัย']
32968030,ไทยประกันภัย,non_life,['ไทยประกันภัย']
32968030,ไทยประกันภัย,non_life,['ไทยประกันภัย']
32968030,ไทยประกันภัย,non_life,['ไทยประกันภัย']
32969056,,,
32976378,เอเชียประกันภัย,non_life,"['เอเชียประกันภัย', 'เอเชีย', 'asia']"
32976378,เอเชียประกันภัย,non_life,"['เอเชียประกันภัย', 'เอเชีย', 'asia']"
32976378,Silkspan,broker,['silkspan']
32976378,Silkspan,broker,['silkspan']
32983864,,,
32998825,เมืองไทยประกันชีวิต,life,"['เมืองไทยประกันชีวิต', 'เมืองไทย', 'muangthai', 'mtl', 'ประกันชีวิตสีชมพู']"
32998825,เมืองไทยประกันชีวิต,life,"['เมืองไทยประกันชีวิต', 'เมืองไทย', 'muangthai', 'mtl', 'ประกันชีวิตสีชมพู']"
32998825,เมืองไทยประกันชีวิต,life,"['เมืองไทยประกันชีวิต', 'เมืองไทย', 'muangthai', 'mtl', 'ประกันชีวิตสีชมพู']"
32998825,ไทยประกันชีวิต,life,"['ไทยประกันชีวิต', 'ไทยประกัน']"
32998825,ไทยประกันชีวิต,life,"['ไทยประกันชีวิต', 'ไทยประกัน']"
32998825,ไทยประกันชีวิต,life,"['ไทยประกันชีวิต', 'ไทยประกัน']"
32998825,เมืองไทยประกันภัย,non_life,['เมืองไทยประกันภัย']
32998825,เมืองไทยประกันภัย,non_life,['เมืองไทยประกันภัย']
32998825,เมืองไทยประกันภัย,non_life,['เมืองไทยประกันภัย']
32998825,ไทยประกันภัย,non_life,['ไทยประกันภัย']
32998825,ไทยประกันภัย,non_life,['ไทยประกันภัย']
32998825,ไทยประกันภัย,non_life,['ไทยประกันภัย']
32998825,กสิกรไทย,broker,"['กสิกร', 'k bank', 'แบงค์เขียว']"
32998825,กสิกรไทย,broker,"['กสิกร', 'k bank', 'แบงค์เขียว']"
32998825,กสิกรไทย,broker,"['กสิกร', 'k bank', 'แบงค์เขียว']"
33000737,วิริยะประกันภัย,non_life,"['วิริยะ', 'viriyah', 'วรย', 'วิริยา']"
33012182,วิริยะประกันภัย,non_life,"['วิริยะ', 'viriyah', 'วรย', 'วิริยา']"
33012182,สินมั่นคง,non_life,"['สินมั่นคง', 'สินมั่งคง']"
33019535,เมืองไทยประกันชีวิต,life,"['เมืองไทยประกันชีวิต', 'เมืองไทย', 'muangthai', 'mtl', 'ประกันชีวิตสีชมพู']"
33019535,เมืองไทยประกันชีวิต,life,"['เมืองไทยประกันชีวิต', 'เมืองไทย', 'muangthai', 'mtl', 'ประกันชีวิตสีชมพู']"
33019535,ไทยประกันชีวิต,life,"['ไทยประกันชีวิต', 'ไทยประกัน']"
33019535,ไทยประกันชีวิต,life,"['ไทยประกันชีวิต', 'ไทยประกัน']"
33019535,SCB,broker,"['scb', 'ไทยพาณิชย์', 'ไทยพานิชย์', 'ธนาคารสีม่วง', 'cardx']"
33019535,SCB,broker,"['scb', 'ไทยพาณิชย์', 'ไทยพานิชย์', 'ธนาคารสีม่วง', 'cardx']"
33019535,ANC,broker,"['anc', 'เอเอ็นซี']"
33019535,ANC,broker,"['anc', 'เอเอ็นซี']"
33019590,วิริยะประกันภัย,non_life,"['วิริยะ', 'viriyah', 'วรย', 'วิริยา']"
33019590,กรุงเทพประกันภัย,non_life,"['กรุงเทพประกันภัย', 'bangkok insurance', 'กรุงเทพ', 'bki']"
33025549,,,
33026237,วิริยะประกันภัย,non_life,"['วิริยะ', 'viriyah', 'วรย', 'วิริยา']"
33026558,พรูเด็นเชียล,life,"['prudential', 'พรูเด็นเชียล', 'พรูเดนเชียล']"
33038180,,,
33060143,,,
33060698,,,
33062689,,,
33062950,,,
33064534,Krungsri First Choice,broker,"['first choice', 'กรุงศรี เฟิร์สช้อยส์', 'กรุงศรีเฟิร์สช้อย', 'เฟิสช้อย', 'เฟริสช้อย']"
33066984,,,
33068330,วิริยะประกันภัย,non_life,"['วิริยะ', 'viriyah', 'วรย', 'วิริยา']"
33073394,,,
33073618,กรุงเทพประกันภัย,non_life,"['กรุงเทพประกันภัย', 'bangkok insurance', 'กรุงเทพ', 'bki']"
33073618,ทิพยประกันภัย,non_life,"['ทิพย', 'ทิพยประกันภัย', 'dip', 'dhp', 'tip']"
33073618,สินมั่นคง,non_life,"['สินมั่นคง', 'สินมั่งคง']"
33077190,ANC,broker,"['anc', 'เอเอ็นซี']"
33081755,Bupa,life,"['bupa', 'บูพา', 'บูพ่า']"
33084181,,,
33086671,,,
33091338,วิริยะประกันภัย,non_life,"['วิริยะ', 'viriyah', 'วรย', 'วิริยา']"
33091338,MSIG,non_life,"['msig', 'เอ็มเอสไอจี']"
33091338,LMG,non_life,"['lmg', 'แอลเอ็มจี']"
33091338,คุ้มภัยโตเกียวมารีน,non_life,"['ประกันคุ้มภัย', 'คุ้มภัย', 'คภ.', 'โตเกียวมารีน', 'tokio marine']"
33098411,,,
33101428,,,
33102029,คุ้มภัยโตเกียวมารีน,non_life,"['ประกันคุ้มภัย', 'คุ้มภัย', 'คภ.', 'โตเกียวมารีน', 'tokio marine']"
33103879,,,
33104389,,,
33110499,,,
33115908,ALL INSURE,broker,"['all insurance', 'a l l insure']"
33115908,ALL INSURE,broker,"['all insurance', 'a l l insure']"
33115908,ธนชาตประกันภัย,non_life,"['ธนชาตประกันภัย', 'ธนชาต', 'ธนชาติ', 'ประกันภัยสีส้ม']"
33115908,ธนชาตประกันภัย,non_life,"['ธนชาตประกันภัย', 'ธนชาต', 'ธนชาติ', 'ประกันภัยสีส้ม']"
33133484,,,
33136977,วิริยะประกันภัย,non_life,"['วิริยะ', 'viriyah', 'วรย', 'วิริยา']"
33138801,,,
33139331,Big Sure Group,broker,"['big sure', 'big insure']"
33139331,Big Sure Group,broker,"['big sure', 'big insure']"
33139331,วิริยะประกันภัย,non_life,"['วิริยะ', 'viriyah', 'วรย', 'วิริยา']"
33139331,วิริยะประกันภัย,non_life,"['วิริยะ', 'viriyah', 'วรย', 'วิริยา']"
33143146,ธนชาตประกันภัย,non_life,"['ธนชาตประกันภัย', 'ธนชาต', 'ธนชาติ', 'ประกันภัยสีส้ม']"
33151575,,,
33152802,,,
33191703,มิตซุย สุมิโตโม,non_life,['มิตซุย']
33193754,,,
33203190,,,
33208467,,,
33216124,,,
33222696,,,
33234884,AIA,life,"['aia', 'เอไอเอ']"
33248396,,,
33244948,วิริยะประกันภัย,non_life,"['วิริยะ', 'viriyah', 'วรย', 'วิริยา']"
33246469,AIA,life,"['aia', 'เอไอเอ']"
33246469,AIA,life,"['aia', 'เอไอเอ']"
33246469,กสิกรไทย,broker,"['กสิกร', 'k bank', 'แบงค์เขียว']"
33246469,กสิกรไทย,broker,"['กสิกร', 'k bank', 'แบงค์เขียว']"
33247383,,,
33253919,วิริยะประกันภัย,non_life,"['วิริยะ', 'viriyah', 'วรย', 'วิริยา']"
33263241,Krungthai AXA,non_life,"['กรุงไทยแอกซ่า', 'axa', 'แอกซ่า', 'แอกซา', 'เเอกซ่า', 'แอคซ่า', 'เเอคซา', 'กรุงไทยแอกซา', 'แอ๊คซ่า', 'แอ๊กซ่า', 'เเอกซ่า', 'axxa']"
33263241,Krungthai AXA,non_life,"['กรุงไทยแอกซ่า', 'axa', 'แอกซ่า', 'แอกซา', 'เเอกซ่า', 'แอคซ่า', 'เเอคซา', 'กรุงไทยแอกซา', 'แอ๊คซ่า', 'แอ๊กซ่า', 'เเอกซ่า', 'axxa']"
33263241,ไทยประกันชีวิต,life,"['ไทยประกันชีวิต', 'ไทยประกัน']"
33263241,ไทยประกันชีวิต,life,"['ไทยประกันชีวิต', 'ไทยประกัน']"
33265218,ทิพยประกันภัย,non_life,"['ทิพย', 'ทิพยประกันภัย', 'dip', 'dhp', 'tip']"
33269967,,,
33270230,,,
33271280,,,
33278992,,,
33281718,,,
33284063,,,
33293155,,,
33294230,,,
33309043,ทิพยประกันภัย,non_life,"['ทิพย', 'ทิพยประกันภัย', 'dip', 'dhp', 'tip']"
33309769,,,
33311154,AIA,life,"['aia', 'เอไอเอ']"
33312329,,,
33318004,วิริยะประกันภัย,non_life,"['วิริยะ', 'viriyah', 'วรย', 'วิริยา']"
33321452,วิริยะประกันภัย,non_life,"['วิริยะ', 'viriyah', 'วรย', 'วิริยา']"
33321816,,,
33324530,,,
33333033,,,
33335803,Cigna,life,"['cigna', 'ซิกน่า', 'ซิกม่า']"
33342943,Krungsri First Choice,broker,"['first choice', 'กรุงศรี เฟิร์สช้อยส์', 'กรุงศรีเฟิร์สช้อย', 'เฟิสช้อย', 'เฟริสช้อย']"
33344137,,,
33349267,Allianz Ayudhya,life,"['allianz', 'อลิอันซ์', 'อลิอันซ์อยุธยา', 'azay', 'อริอันซ์ อยุธยา', 'อลิอันช์', 'alianz ayudhya', 'az y']"
33352888,,,
33373676,เมืองไทยประกันชีวิต,life,"['เมืองไทยประกันชีวิต', 'เมืองไทย', 'muangthai', 'mtl', 'ประกันชีวิตสีชมพู']"
33404786,Krungthai AXA,non_life,"['กรุงไทยแอกซ่า', 'axa', 'แอกซ่า', 'แอกซา', 'เเอกซ่า', 'แอคซ่า', 'เเอคซา', 'กรุงไทยแอกซา', 'แอ๊คซ่า', 'แอ๊กซ่า', 'เเอกซ่า', 'axxa']"
33404786,Krungthai AXA,non_life,"['กรุงไทยแอกซ่า', 'axa', 'แอกซ่า', 'แอกซา', 'เเอกซ่า', 'แอคซ่า', 'เเอคซา', 'กรุงไทยแอกซา', 'แอ๊คซ่า', 'แอ๊กซ่า', 'เเอกซ่า', 'axxa']"
33404786,AIA,life,"['aia', 'เอไอเอ']"
33404786,AIA,life,"['aia', 'เอไอเอ']"
33407552,,,
33411055,Allianz Ayudhya,life,"['allianz', 'อลิอันซ์', 'อลิอันซ์อยุธยา', 'azay', 'อริอันซ์ อยุธยา', 'อลิอันช์', 'alianz ayudhya', 'az y']"
33411638,Krungthai AXA,non_life,"['กรุงไทยแอกซ่า', 'axa', 'แอกซ่า', 'แอกซา', 'เเอกซ่า', 'แอคซ่า', 'เเอคซา', 'กรุงไทยแอกซา', 'แอ๊คซ่า', 'แอ๊กซ่า', 'เเอกซ่า', 'axxa']"
33412558,,,
33416800,,,
33417897,Bupa,life,"['bupa', 'บูพา', 'บูพ่า']"
33427107,Krungthai AXA,non_life,"['กรุงไทยแอกซ่า', 'axa', 'แอกซ่า', 'แอกซา', 'เเอกซ่า', 'แอคซ่า', 'เเอคซา', 'กรุงไทยแอกซา', 'แอ๊คซ่า', 'แอ๊กซ่า', 'เเอกซ่า', 'axxa']"
33430265,เมืองไทยประกันชีวิต,life,"['เมืองไทยประกันชีวิต', 'เมืองไทย', 'muangthai', 'mtl', 'ประกันชีวิตสีชมพู']"
33432037,เมืองไทยประกันชีวิต,life,"['เมืองไทยประกันชีวิต', 'เมืองไทย', 'muangthai', 'mtl', 'ประกันชีวิตสีชมพู']"
33432037,เมืองไทยประกันชีวิต,life,"['เมืองไทยประกันชีวิต', 'เมืองไทย', 'muangthai', 'mtl', 'ประกันชีวิตสีชมพู']"
33432037,ไทยประกันชีวิต,life,"['ไทยประกันชีวิต', 'ไทยประกัน']"
33432037,ไทยประกันชีวิต,life,"['ไทยประกันชีวิต', 'ไทยประกัน']"
33432037,เมืองไทยประกันภัย,non_life,['เมืองไทยประกันภัย']
33432037,เมืองไทยประกันภัย,non_life,['เมืองไทยประกันภัย']
33432037,ไทยประกันภัย,non_life,['ไทยประกันภัย']
33432037,ไทยประกันภัย,non_life,['ไทยประกันภัย']
33433434,,,
33439479,กรุงเทพประกันภัย,non_life,"['กรุงเทพประกันภัย', 'bangkok insurance', 'กรุงเทพ', 'bki']"
33443547,,,
33448343,สินมั่นคง,non_life,"['สินมั่นคง', 'สินมั่งคง']"
33476200,,,
33476520,เมืองไทยประกันชีวิต,life,"['เมืองไทยประกันชีวิต', 'เมืองไทย', 'muangthai', 'mtl', 'ประกันชีวิตสีชมพู']"
33476520,ไทยประกันชีวิต,life,"['ไทยประกันชีวิต', 'ไทยประกัน']"
33496475,วิริยะประกันภัย,non_life,"['วิริยะ', 'viriyah', 'วรย', 'วิริยา']"
33496475,คุ้มภัยโตเกียวมารีน,non_life,"['ประกันคุ้มภัย', 'คุ้มภัย', 'คภ.', 'โตเกียวมารีน', 'tokio marine']"
33503263,ธนชาตประกันภัย,non_life,"['ธนชาตประกันภัย', 'ธนชาต', 'ธนชาติ', 'ประกันภัยสีส้ม']"
33503263,คุ้มภัยโตเกียวมารีน,non_life,"['ประกันคุ้มภัย', 'คุ้มภัย', 'คภ.', 'โตเกียวมารีน', 'tokio marine']"
33505999,,,
33513735,ANC,broker,"['anc', 'เอเอ็นซี']"
33522798,สินมั่นคง,non_life,"['สินมั่นคง', 'สินมั่งคง']"
33524638,,,
33531572,,,
33541876,ไทยเศรษฐกิจประกันภัย,non_life,['ไทยเศรษฐกิจ']
33541876,กรุงเทพประกันภัย,non_life,"['กรุงเทพประกันภัย', 'bangkok insurance', 'กรุงเทพ', 'bki']"
33547271,,,
33551122,เมืองไทยประกันชีวิต,life,"['เมืองไทยประกันชีวิต', 'เมืองไทย', 'muangthai', 'mtl', 'ประกันชีวิตสีชมพู']"
33551122,ไทยประกันชีวิต,life,"['ไทยประกันชีวิต', 'ไทยประกัน']"
33564119,,,
33574121,ANC,broker,"['anc', 'เอเอ็นซี']"
33590659,,,
33592203,,,
33593259,,,
33601364,,,
33614564,,,
33620460,เมืองไทยประกันชีวิต,life,"['เมืองไทยประกันชีวิต', 'เมืองไทย', 'muangthai', 'mtl', 'ประกันชีวิตสีชมพู']"
33620460,เมืองไทยประกันชีวิต,life,"['เมืองไทยประกันชีวิต', 'เมืองไทย', 'muangthai', 'mtl', 'ประกันชีวิตสีชมพู']"
33620460,ไทยประกันชีวิต,life,"['ไทยประกันชีวิต', 'ไทยประกัน']"
33620460,ไทยประกันชีวิต,life,"['ไทยประกันชีวิต', 'ไทยประกัน']"
33620460,กสิกรไทย,broker,"['กสิกร', 'k bank', 'แบงค์เขียว']"
33620460,กสิกรไทย,broker,"['กสิกร', 'k bank', 'แบงค์เขียว']"
33628932,,,
33631051,,,
33637560,ANC,broker,"['anc', 'เอเอ็นซี']"
33639031,,,
33646399,,,
33651811,,,
33651986,,,
33670303,,,
33676492,,,
33698724,AIA,life,"['aia', 'เอไอเอ']"
33699431,,,
33706173,สินมั่นคง,non_life,"['สินมั่นคง', 'สินมั่งคง']"
33715353,ไทยสมุทรประกันชีวิต,life,"['ไทยสมุทร', 'ocean life', 'ไทยสมุทรประกันชีวิต']"
33715511,ANC,broker,"['anc', 'เอเอ็นซี']"
33722540,AIA,life,"['aia', 'เอไอเอ']"
33723509,,,
33732282,,,
33732764,,,
33735951,เมืองไทยประกันชีวิต,life,"['เมืองไทยประกันชีวิต', 'เมืองไทย', 'muangthai', 'mtl', 'ประกันชีวิตสีชมพู']"
33735951,ไทยประกันชีวิต,life,"['ไทยประกันชีวิต', 'ไทยประกัน']"
33738671,ธนชาตประกันภัย,non_life,"['ธนชาตประกันภัย', 'ธนชาต', 'ธนชาติ', 'ประกันภัยสีส้ม']"
33743763,สินมั่นคง,non_life,"['สินมั่นคง', 'สินมั่งคง']"
33743763,AIOI,non_life,"['aioi', 'ไอโออิ']"
33743787,เทเวศประกันภัย,non_life,['เทเวศ']
33743787,คุ้มภัยโตเกียวมารีน,non_life,"['ประกันคุ้มภัย', 'คุ้มภัย', 'คภ.', 'โตเกียวมารีน', 'tokio marine']"
33748188,ทิพยประกันภัย,non_life,"['ทิพย', 'ทิพยประกันภัย', 'dip', 'dhp', 'tip']"
33755731,,,
33760078,,,
33762084,,,
33769704,,,
33772113,กรุงเทพประกันภัย,non_life,"['กรุงเทพประกันภัย', 'bangkok insurance', 'กรุงเทพ', 'bki']"
33779974,Krungthai AXA,non_life,"['กรุงไทยแอกซ่า', 'axa', 'แอกซ่า', 'แอกซา', 'เเอกซ่า', 'แอคซ่า', 'เเอคซา', 'กรุงไทยแอกซา', 'แอ๊คซ่า', 'แอ๊กซ่า', 'เเอกซ่า', 'axxa']"
33787889,Krungthai AXA,non_life,"['กรุงไทยแอกซ่า', 'axa', 'แอกซ่า', 'แอกซา', 'เเอกซ่า', 'แอคซ่า', 'เเอคซา', 'กรุงไทยแอกซา', 'แอ๊คซ่า', 'แอ๊กซ่า', 'เเอกซ่า', 'axxa']"
33791857,,,
33794192,,,
33796565,ทิพยประกันภัย,non_life,"['ทิพย', 'ทิพยประกันภัย', 'dip', 'dhp', 'tip']"
33797499,Allianz Ayudhya,life,"['allianz', 'อลิอันซ์', 'อลิอันซ์อยุธยา', 'azay', 'อริอันซ์ อยุธยา', 'อลิอันช์', 'alianz ayudhya', 'az y']"
33797499,Allianz Ayudhya,life,"['allianz', 'อลิอันซ์', 'อลิอันซ์อยุธยา', 'azay', 'อริอันซ์ อยุธยา', 'อลิอันช์', 'alianz ayudhya', 'az y']"
33797499,Krungsri First Choice,broker,"['first choice', 'กรุงศรี เฟิร์สช้อยส์', 'กรุงศรีเฟิร์สช้อย', 'เฟิสช้อย', 'เฟริสช้อย']"
33797499,Krungsri First Choice,broker,"['first choice', 'กรุงศรี เฟิร์สช้อยส์', 'กรุงศรีเฟิร์สช้อย', 'เฟิสช้อย', 'เฟริสช้อย']"
33801595,,,
33812586,AIA,life,"['aia', 'เอไอเอ']"
33821811,,,
33825524,,,
33842382,วิริยะประกันภัย,non_life,"['วิริยะ', 'viriyah', 'วรย', 'วิริยา']"
33842382,สินมั่นคง,non_life,"['สินมั่นคง', 'สินมั่งคง']"
33845518,AIA,life,"['aia', 'เอไอเอ']"
33847734,กรุงเทพประกันภัย,non_life,"['กรุงเทพประกันภัย', 'bangkok insurance', 'กรุงเทพ', 'bki']"
33852022,เมืองไทยประกันชีวิต,life,"['เมืองไทยประกันชีวิต', 'เมืองไทย', 'muangthai', 'mtl', 'ประกันชีวิตสีชมพู']"
33852022,เมืองไทยประกันชีวิต,life,"['เมืองไทยประกันชีวิต', 'เมืองไทย', 'muangthai', 'mtl', 'ประกันชีวิตสีชมพู']"
33852022,ไทยประกันชีวิต,life,"['ไทยประกันชีวิต', 'ไทยประกัน']"
33852022,ไทยประกันชีวิต,life,"['ไทยประกันชีวิต', 'ไทยประกัน']"
33852022,เมืองไทยประกันภัย,non_life,['เมืองไทยประกันภัย']
33852022,เมืองไทยประกันภัย,non_life,['เมืองไทยประกันภัย']
33852022,ไทยประกันภัย,non_life,['ไทยประกันภัย']
33852022,ไทยประกันภัย,non_life,['ไทยประกันภัย']
33855829,,,
33860276,เทเวศประกันภัย,non_life,['เทเวศ']
33865475,,,
33869005,,,
33869933,SCB,broker,"['scb', 'ไทยพาณิชย์', 'ไทยพานิชย์', 'ธนาคารสีม่วง', 'cardx']"
33873345,,,
33875216,,,
33877106,ธนชาตประกันภัย,non_life,"['ธนชาตประกันภัย', 'ธนชาต', 'ธนชาติ', 'ประกันภัยสีส้ม']"
33879442,ไทยประกันชีวิต,life,"['ไทยประกันชีวิต', 'ไทยประกัน']"
33879442,ไทยประกันชีวิต,life,"['ไทยประกันชีวิต', 'ไทยประกัน']"
33879442,ไทยประกันชีวิต,life,"['ไทยประกันชีวิต', 'ไทยประกัน']"
33879442,ไทยประกันภัย,non_life,['ไทยประกันภัย']
33879442,ไทยประกันภัย,non_life,['ไทยประกันภัย']
33879442,ไทยประกันภัย,non_life,['ไทยประกันภัย']
33879442,ทหารไทยธนชาต,broker,"['ทหารไทยธนชาต', 'ttb', 'tmb', 'ธนาคารทหารไทย', 'ทหารไทย']"
33879442,ทหารไทยธนชาต,broker,"['ทหารไทยธนชาต', 'ttb', 'tmb', 'ธนาคารทหารไทย', 'ทหารไทย']"
33879442,ทหารไทยธนชาต,broker,"['ทหารไทยธนชาต', 'ttb', 'tmb', 'ธนาคารทหารไทย', 'ทหารไทย']"
33879442,Bupa,life,"['bupa', 'บูพา', 'บูพ่า']"
33879442,Bupa,life,"['bupa', 'บูพา', 'บูพ่า']"
33879442,Bupa,life,"['bupa', 'บูพา', 'บูพ่า']"
33884813,,,
33894927,วิริยะประกันภัย,non_life,"['วิริยะ', 'viriyah', 'วรย', 'วิริยา']"
33894927,สินมั่นคง,non_life,"['สินมั่นคง', 'สินมั่งคง']"
33896192,,,
33899733,AIA,life,"['aia', 'เอไอเอ']"
33899733,AIA,life,"['aia', 'เอไอเอ']"
33899733,ทหารไทยธนชาต,broker,"['ทหารไทยธนชาต', 'ttb', 'tmb', 'ธนาคารทหารไทย', 'ทหารไทย']"
33899733,ทหารไทยธนชาต,broker,"['ทหารไทยธนชาต', 'ttb', 'tmb', 'ธนาคารทหารไทย', 'ทหารไทย']"
33902756,,,
33904575,เมืองไทยประกันชีวิต,life,"['เมืองไทยประกันชีวิต', 'เมืองไทย', 'muangthai', 'mtl', 'ประกันชีวิตสีชมพู']"
33904575,เมืองไทยประกันชีวิต,life,"['เมืองไทยประกันชีวิต', 'เมืองไทย', 'muangthai', 'mtl', 'ประกันชีวิตสีชมพู']"
33904575,ไทยประกันชีวิต,life,"['ไทยประกันชีวิต', 'ไทยประกัน']"
33904575,ไทยประกันชีวิต,life,"['ไทยประกันชีวิต', 'ไทยประกัน']"
33904575,เมืองไทยประกันภัย,non_life,['เมืองไทยประกันภัย']
33904575,เมืองไทยประกันภัย,non_life,['เมืองไทยประกันภัย']
33904575,ไทยประกันภัย,non_life,['ไทยประกันภัย']
33904575,ไทยประกันภัย,non_life,['ไทยประกันภัย']
33910910,,,
33911652,เมืองไทยประกันชีวิต,life,"['เมืองไทยประกันชีวิต', 'เมืองไทย', 'muangthai', 'mtl', 'ประกันชีวิตสีชมพู']"
33911652,ไทยประกันชีวิต,life,"['ไทยประกันชีวิต', 'ไทยประกัน']"
33913047,,,
33933260,ไทยวิวัฒน์,non_life,"['ไทยวิวัฒน์', 'thaivivat', 'ไทยวิวัตน์']"
33935650,,,
33936548,กรุงเทพประกันภัย,non_life,"['กรุงเทพประกันภัย', 'bangkok insurance', 'กรุงเทพ', 'bki']"
33936548,MSIG,non_life,"['msig', 'เอ็มเอสไอจี']"
33939731,Cigna,life,"['cigna', 'ซิกน่า', 'ซิกม่า']"
33943890,,,
33953324,,,
33956020,เมืองไทยประกันชีวิต,life,"['เมืองไทยประกันชีวิต', 'เมืองไทย', 'muangthai', 'mtl', 'ประกันชีวิตสีชมพู']"
33956020,เมืองไทยประกันชีวิต,life,"['เมืองไทยประกันชีวิต', 'เมืองไทย', 'muangthai', 'mtl', 'ประกันชีวิตสีชมพู']"
33956020,ไทยประกันชีวิต,life,"['ไทยประกันชีวิต', 'ไทยประกัน']"
33956020,ไทยประกันชีวิต,life,"['ไทยประกันชีวิต', 'ไทยประกัน']"
33956020,เอเชียประกันภัย,non_life,"['เอเชียประกันภัย', 'เอเชีย', 'asia']"
33956020,เอเชียประกันภัย,non_life,"['เอเชียประกันภัย', 'เอเชีย', 'asia']"
33959381,ศรีอยุธยาประกันภัย,non_life,['ศรีอยุธยา']
33959706,,,
33960236,เมืองไทยประกันชีวิต,life,"['เมืองไทยประกันชีวิต', 'เมืองไทย', 'muangthai', 'mtl', 'ประกันชีวิตสีชมพู']"
33960677,,,
33963515,,,
33967395,Cigna,life,"['cigna', 'ซิกน่า', 'ซิกม่า']"
33976020,,,
33976248,,,
33982961,วิริยะประกันภัย,non_life,"['วิริยะ', 'viriyah', 'วรย', 'วิริยา']"
33994582,,,
34006491,Allianz Ayudhya,life,"['allianz', 'อลิอันซ์', 'อลิอันซ์อยุธยา', 'azay', 'อริอันซ์ อยุธยา', 'อลิอันช์', 'alianz ayudhya', 'az y']"
34006491,Allianz Ayudhya,life,"['allianz', 'อลิอันซ์', 'อลิอันซ์อยุธยา', 'azay', 'อริอันซ์ อยุธยา', 'อลิอันช์', 'alianz ayudhya', 'az y']"
34006491,ทิพยประกันภัย,non_life,"['ทิพย', 'ทิพยประกันภัย', 'dip', 'dhp', 'tip']"
34006491,ทิพยประกันภัย,non_life,"['ทิพย', 'ทิพยประกันภัย', 'dip', 'dhp', 'tip']"
34007470,,,
34010529,สินมั่นคง,non_life,"['สินมั่นคง', 'สินมั่งคง']"
34014324,KTC,broker,"['บัตรกรุงไทย', 'ktc']"
34018638,วิริยะประกันภัย,non_life,"['วิริยะ', 'viriyah', 'วรย', 'วิริยา']"
34020455,,,
34036076,,,
34041238,,,
34041632,พรูเด็นเชียล,life,"['prudential', 'พรูเด็นเชียล', 'พรูเดนเชียล']"
34067078,,,
34082283,,,
34096454,,,
34098087,,,
34100001,,,
34102092,,,
34113318,สินมั่นคง,non_life,"['สินมั่นคง', 'สินมั่งคง']"
34113388,,,
34117903,,,
34121608,,,
34133813,,,
34134387,,,
34153846,,,
34155064,Krungthai AXA,non_life,"['กรุงไทยแอกซ่า', 'axa', 'แอกซ่า', 'แอกซา', 'เเอกซ่า', 'แอคซ่า', 'เเอคซา', 'กรุงไทยแอกซา', 'แอ๊คซ่า', 'แอ๊กซ่า', 'เเอกซ่า', 'axxa']"
34162093,กรุงเทพประกันภัย,non_life,"['กรุงเทพประกันภัย', 'bangkok insurance', 'กรุงเทพ', 'bki']"
34162093,ทิพยประกันภัย,non_life,"['ทิพย', 'ทิพยประกันภัย', 'dip', 'dhp', 'tip']"
34162097,,,
34166469,,,
34167066,,,
34175845,กรุงเทพประกันภัย,non_life,"['กรุงเทพประกันภัย', 'bangkok insurance', 'กรุงเทพ', 'bki']"
34182892,,,
34192219,,,
34192247,,,
34194863,,,
34202288,,,
34204772,,,
34205819,,,
34212288,,,
34214497,,,
34217129,Allianz Ayudhya,life,"['allianz', 'อลิอันซ์', 'อลิอันซ์อยุธยา', 'azay', 'อริอันซ์ อยุธยา', 'อลิอันช์', 'alianz ayudhya', 'az y']"
34225459,,,
34229935,,,
34238136,วิริยะประกันภัย,non_life,"['วิริยะ', 'viriyah', 'วรย', 'วิริยา']"
34238198,,,
34240242,เมืองไทยประกันชีวิต,life,"['เมืองไทยประกันชีวิต', 'เมืองไทย', 'muangthai', 'mtl', 'ประกันชีวิตสีชมพู']"
34240242,ไทยประกันชีวิต,life,"['ไทยประกันชีวิต', 'ไทยประกัน']"
34246563,Bupa,life,"['bupa', 'บูพา', 'บูพ่า']"
34246634,,,
34267346,สินมั่นคง,non_life,"['สินมั่นคง', 'สินมั่งคง']"
34268327,วิริยะประกันภัย,non_life,"['วิริยะ', 'viriyah', 'วรย', 'วิริยา']"
34272963,Krungthai AXA,non_life,"['กรุงไทยแอกซ่า', 'axa', 'แอกซ่า', 'แอกซา', 'เเอกซ่า', 'แอคซ่า', 'เเอคซา', 'กรุงไทยแอกซา', 'แอ๊คซ่า', 'แอ๊กซ่า', 'เเอกซ่า', 'axxa']"
34273682,Krungthai AXA,non_life,"['กรุงไทยแอกซ่า', 'axa', 'แอกซ่า', 'แอกซา', 'เเอกซ่า', 'แอคซ่า', 'เเอคซา', 'กรุงไทยแอกซา', 'แอ๊คซ่า', 'แอ๊กซ่า', 'เเอกซ่า', 'axxa']"
34277247,เอเชียประกันภัย,non_life,"['เอเชียประกันภัย', 'เอเชีย', 'asia']"
34277247,เอเชียประกันภัย,non_life,"['เอเชียประกันภัย', 'เอเชีย', 'asia']"
34277247,Direct Asia,broker,"['ไดเรคเอเชีย', 'ไดเร็คเอเชีย', 'ไดเร๊คเอเชีย', 'Direct Asia']"
34277247,Direct Asia,broker,"['ไดเรคเอเชีย', 'ไดเร็คเอเชีย', 'ไดเร๊คเอเชีย', 'Direct Asia']"
34280846,เมืองไทยประกันชีวิต,life,"['เมืองไทยประกันชีวิต', 'เมืองไทย', 'muangthai', 'mtl', 'ประกันชีวิตสีชมพู']"
34280846,ไทยประกันชีวิต,life,"['ไทยประกันชีวิต', 'ไทยประกัน']"
34281184,Krungthai AXA,non_life,"['กรุงไทยแอกซ่า', 'axa', 'แอกซ่า', 'แอกซา', 'เเอกซ่า', 'แอคซ่า', 'เเอคซา', 'กรุงไทยแอกซา', 'แอ๊คซ่า', 'แอ๊กซ่า', 'เเอกซ่า', 'axxa']"
34282072,,,
34286274,วิริยะประกันภัย,non_life,"['วิริยะ', 'viriyah', 'วรย', 'วิริยา']"
34288624,วิริยะประกันภัย,non_life,"['วิริยะ', 'viriyah', 'วรย', 'วิริยา']"
34307244,เมืองไทยประกันชีวิต,life,"['เมืองไทยประกันชีวิต', 'เมืองไทย', 'muangthai', 'mtl', 'ประกันชีวิตสีชมพู']"
34307244,เมืองไทยประกันชีวิต,life,"['เมืองไทยประกันชีวิต', 'เมืองไทย', 'muangthai', 'mtl', 'ประกันชีวิตสีชมพู']"
34307244,เมืองไทยประกันชีวิต,life,"['เมืองไทยประกันชีวิต', 'เมืองไทย', 'muangthai', 'mtl', 'ประกันชีวิตสีชมพู']"
34307244,ไทยประกันชีวิต,life,"['ไทยประกันชีวิต', 'ไทยประกัน']"
34307244,ไทยประกันชีวิต,life,"['ไทยประกันชีวิต', 'ไทยประกัน']"
34307244,ไทยประกันชีวิต,life,"['ไทยประกันชีวิต', 'ไทยประกัน']"
34307244,เมืองไทยประกันภัย,non_life,['เมืองไทยประกันภัย']
34307244,เมืองไทยประกันภัย,non_life,['เมืองไทยประกันภัย']
34307244,เมืองไทยประกันภัย,non_life,['เมืองไทยประกันภัย']
34307244,ไทยประกันภัย,non_life,['ไทยประกันภัย']
34307244,ไทยประกันภัย,non_life,['ไทยประกันภัย']
34307244,ไทยประกันภัย,non_life,['ไทยประกันภัย']
34307244,กสิกรไทย,broker,"['กสิกร', 'k bank', 'แบงค์เขียว']"
34307244,กสิกรไทย,broker,"['กสิกร', 'k bank', 'แบงค์เขียว']"
34307244,กสิกรไทย,broker,"['กสิกร', 'k bank', 'แบงค์เขียว']"
34313983,,,
34315197,,,
34318400,,,
34327419,พรูเด็นเชียล,life,"['prudential', 'พรูเด็นเชียล', 'พรูเดนเชียล']"
34332826,,,
34336249,,,
34357375,Allianz Ayudhya,life,"['allianz', 'อลิอันซ์', 'อลิอันซ์อยุธยา', 'azay', 'อริอันซ์ อยุธยา', 'อลิอันช์', 'alianz ayudhya', 'az y']"
34357375,Allianz Ayudhya,life,"['allianz', 'อลิอันซ์', 'อลิอันซ์อยุธยา', 'azay', 'อริอันซ์ อยุธยา', 'อลิอันช์', 'alianz ayudhya', 'az y']"
34357375,Krungsri First Choice,broker,"['first choice', 'กรุงศรี เฟิร์สช้อยส์', 'กรุงศรีเฟิร์สช้อย', 'เฟิสช้อย', 'เฟริสช้อย']"
34357375,Krungsri First Choice,broker,"['first choice', 'กรุงศรี เฟิร์สช้อยส์', 'กรุงศรีเฟิร์สช้อย', 'เฟิสช้อย', 'เฟริสช้อย']"
34366062,,,
34366603,,,
34377036,AIA,life,"['aia', 'เอไอเอ']"
34385155,Krungthai AXA,non_life,"['กรุงไทยแอกซ่า', 'axa', 'แอกซ่า', 'แอกซา', 'เเอกซ่า', 'แอคซ่า', 'เเอคซา', 'กรุงไทยแอกซา', 'แอ๊คซ่า', 'แอ๊กซ่า', 'เเอกซ่า', 'axxa']"
34393127,,,
34396483,ANC,broker,"['anc', 'เอเอ็นซี']"
34407451,เอเชียประกันภัย,non_life,"['เอเชียประกันภัย', 'เอเชีย', 'asia']"
34442194,กรุงเทพประกันภัย,non_life,"['กรุงเทพประกันภัย', 'bangkok insurance', 'กรุงเทพ', 'bki']"
34446380,เมืองไทยประกันชีวิต,life,"['เมืองไทยประกันชีวิต', 'เมืองไทย', 'muangthai', 'mtl', 'ประกันชีวิตสีชมพู']"
34446380,เมืองไทยประกันชีวิต,life,"['เมืองไทยประกันชีวิต', 'เมืองไทย', 'muangthai', 'mtl', 'ประกันชีวิตสีชมพู']"
34446380,ไทยประกันชีวิต,life,"['ไทยประกันชีวิต', 'ไทยประกัน']"
34446380,ไทยประกันชีวิต,life,"['ไทยประกันชีวิต', 'ไทยประกัน']"
34446380,เมืองไทยประกันภัย,non_life,['เมืองไทยประกันภัย']
34446380,เมืองไทยประกันภัย,non_life,['เมืองไทยประกันภัย']
34446380,ไทยประกันภัย,non_life,['ไทยประกันภัย']
34446380,ไทยประกันภัย,non_life,['ไทยประกันภัย']
34447139,ศรีอยุธยาประกันภัย,non_life,['ศรีอยุธยา']
34452100,,,
34455330,,,
34456850,AIA,life,"['aia', 'เอไอเอ']"
34459525,,,
34464012,,,
34468122,วิริยะประกันภัย,non_life,"['วิริยะ', 'viriyah', 'วรย', 'วิริยา']"
34468122,ศรีอยุธยาประกันภัย,non_life,['ศรีอยุธยา']
34469810,,,
34472068,AIA,life,"['aia', 'เอไอเอ']"
34475817,,,
34476854,,,
34480401,Krungthai AXA,non_life,"['กรุงไทยแอกซ่า', 'axa', 'แอกซ่า', 'แอกซา', 'เเอกซ่า', 'แอคซ่า', 'เเอคซา', 'กรุงไทยแอกซา', 'แอ๊คซ่า', 'แอ๊กซ่า', 'เเอกซ่า', 'axxa']"
34482926,ANC,broker,"['anc', 'เอเอ็นซี']"
34482926,ANC,broker,"['anc', 'เอเอ็นซี']"
34482926,กรุงเทพประกันภัย,non_life,"['กรุงเทพประกันภัย', 'bangkok insurance', 'กรุงเทพ', 'bki']"
34482926,กรุงเทพประกันภัย,non_life,"['กรุงเทพประกันภัย', 'bangkok insurance', 'กรุงเทพ', 'bki']"
34485269,,,
34492282,ทิพยประกันภัย,non_life,"['ทิพย', 'ทิพยประกันภัย', 'dip', 'dhp', 'tip']"
34495100,Allianz Ayudhya,life,"['allianz', 'อลิอันซ์', 'อลิอันซ์อยุธยา', 'azay', 'อริอันซ์ อยุธยา', 'อลิอันช์', 'alianz ayudhya', 'az y']"
34496240,AIA,life,"['aia', 'เอไอเอ']"
34499258,ANC,broker,"['anc', 'เอเอ็นซี']"
34507073,เมืองไทยประกันชีวิต,life,"['เมืองไทยประกันชีวิต', 'เมืองไทย', 'muangthai', 'mtl', 'ประกันชีวิตสีชมพู']"
34507073,ไทยประกันชีวิต,life,"['ไทยประกันชีวิต', 'ไทยประกัน']"
34507975,AIA,life,"['aia', 'เอไอเอ']"
34507975,AIA,life,"['aia', 'เอไอเอ']"
34507975,Krungthai AXA,non_life,"['กรุงไทยแอกซ่า', 'axa', 'แอกซ่า', 'แอกซา', 'เเอกซ่า', 'แอคซ่า', 'เเอคซา', 'กรุงไทยแอกซา', 'แอ๊คซ่า', 'แอ๊กซ่า', 'เเอกซ่า', 'axxa']"
34507975,Krungthai AXA,non_life,"['กรุงไทยแอกซ่า', 'axa', 'แอกซ่า', 'แอกซา', 'เเอกซ่า', 'แอคซ่า', 'เเอคซา', 'กรุงไทยแอกซา', 'แอ๊คซ่า', 'แอ๊กซ่า', 'เเอกซ่า', 'axxa']"
34507975,Bupa,life,"['bupa', 'บูพา', 'บูพ่า']"
34507975,Bupa,life,"['bupa', 'บูพา', 'บูพ่า']"
34509135,,,
34514870,,,
34525201,,,
34525927,,,
34539074,,,
34544911,,,
34545673,,,
34547199,ทิพยประกันภัย,non_life,"['ทิพย', 'ทิพยประกันภัย', 'dip', 'dhp', 'tip']"
34554075,,,
34558798,คุ้มภัยโตเกียวมารีน,non_life,"['ประกันคุ้มภัย', 'คุ้มภัย', 'คภ.', 'โตเกียวมารีน', 'tokio marine']"
34558920,ANC,broker,"['anc', 'เอเอ็นซี']"
34559477,,,
34560766,MSIG,non_life,"['msig', 'เอ็มเอสไอจี']"
34566824,AIA,life,"['aia', 'เอไอเอ']"
34566824,AIA,life,"['aia', 'เอไอเอ']"
34566824,ไทยประกันชีวิต,life,"['ไทยประกันชีวิต', 'ไทยประกัน']"
34566824,ไทยประกันชีวิต,life,"['ไทยประกันชีวิต', 'ไทยประกัน']"
34566824,Krungthai AXA,non_life,"['กรุงไทยแอกซ่า', 'axa', 'แอกซ่า', 'แอกซา', 'เเอกซ่า', 'แอคซ่า', 'เเอคซา', 'กรุงไทยแอกซา', 'แอ๊คซ่า', 'แอ๊กซ่า', 'เเอกซ่า', 'axxa']"
34566824,Krungthai AXA,non_life,"['กรุงไทยแอกซ่า', 'axa', 'แอกซ่า', 'แอกซา', 'เเอกซ่า', 'แอคซ่า', 'เเอคซา', 'กรุงไทยแอกซา', 'แอ๊คซ่า', 'แอ๊กซ่า', 'เเอกซ่า', 'axxa']"
34566918,Cigna,life,"['cigna', 'ซิกน่า', 'ซิกม่า']"
34566923,,,
34567477,,,
34576940,,,
34583765,KTC,broker,"['บัตรกรุงไทย', 'ktc']"
34590961,วิริยะประกันภัย,non_life,"['วิริยะ', 'viriyah', 'วรย', 'วิริยา']"
34599098,,,
34599101,,,
34600167,,,
34606005,,,
34607186,FWD,life,"['fwd', 'เอฟดับบลิวดี', 'fwd ประกันชีวิต']"
34609699,,,
34610857,,,
34612009,,,
34619210,,,
34621470,AIA,life,"['aia', 'เอไอเอ']"
34624471,,,
34636870,,,
34650475,ไทยประกันชีวิต,life,"['ไทยประกันชีวิต', 'ไทยประกัน']"
34650978,,,
34656581,,,
34659184,,,
34666635,,,
34670142,Krungthai AXA,non_life,"['กรุงไทยแอกซ่า', 'axa', 'แอกซ่า', 'แอกซา', 'เเอกซ่า', 'แอคซ่า', 'เเอคซา', 'กรุงไทยแอกซา', 'แอ๊คซ่า', 'แอ๊กซ่า', 'เเอกซ่า', 'axxa']"
34676201,Krungsri First Choice,broker,"['first choice', 'กรุงศรี เฟิร์สช้อยส์', 'กรุงศรีเฟิร์สช้อย', 'เฟิสช้อย', 'เฟริสช้อย']"
34678511,Bupa,life,"['bupa', 'บูพา', 'บูพ่า']"
34685287,,,
34693531,AIA,life,"['aia', 'เอไอเอ']"
34696848,มิตรแท้ประกันภัย,non_life,"['มิตรแท้ประกันภัย', 'มิตรแท้']"
34700093,วิริยะประกันภัย,non_life,"['วิริยะ', 'viriyah', 'วรย', 'วิริยา']"
34700093,วิริยะประกันภัย,non_life,"['วิริยะ', 'viriyah', 'วรย', 'วิริยา']"
34700093,กรุงเทพประกันภัย,non_life,"['กรุงเทพประกันภัย', 'bangkok insurance', 'กรุงเทพ', 'bki']"
34700093,กรุงเทพประกันภัย,non_life,"['กรุงเทพประกันภัย', 'bangkok insurance', 'กรุงเทพ', 'bki']"
34700093,Silkspan,broker,['silkspan']
34700093,Silkspan,broker,['silkspan']
34708740,AIA,life,"['aia', 'เอไอเอ']"
34711807,,,
34713100,กรุงเทพประกันภัย,non_life,"['กรุงเทพประกันภัย', 'bangkok insurance', 'กรุงเทพ', 'bki']"
34713100,กรุงเทพประกันภัย,non_life,"['กรุงเทพประกันภัย', 'bangkok insurance', 'กรุงเทพ', 'bki']"
34713100,SCB,broker,"['scb', 'ไทยพาณิชย์', 'ไทยพานิชย์', 'ธนาคารสีม่วง', 'cardx']"
34713100,SCB,broker,"['scb', 'ไทยพาณิชย์', 'ไทยพานิชย์', 'ธนาคารสีม่วง', 'cardx']"
34713474,,,
34722348,วิริยะประกันภัย,non_life,"['วิริยะ', 'viriyah', 'วรย', 'วิริยา']"
34728408,กรุงเทพประกันภัย,non_life,"['กรุงเทพประกันภัย', 'bangkok insurance', 'กรุงเทพ', 'bki']"
34728408,กรุงเทพประกันภัย,non_life,"['กรุงเทพประกันภัย', 'bangkok insurance', 'กรุงเทพ', 'bki']"
34728408,KTC,broker,"['บัตรกรุงไทย', 'ktc']"
34728408,KTC,broker,"['บัตรกรุงไทย', 'ktc']"
34734348,Krungthai AXA,non_life,"['กรุงไทยแอกซ่า', 'axa', 'แอกซ่า', 'แอกซา', 'เเอกซ่า', 'แอคซ่า', 'เเอคซา', 'กรุงไทยแอกซา', 'แอ๊คซ่า', 'แอ๊กซ่า', 'เเอกซ่า', 'axxa']"
34742763,วิริยะประกันภัย,non_life,"['วิริยะ', 'viriyah', 'วรย', 'วิริยา']"
34742763,วิริยะประกันภัย,non_life,"['วิริยะ', 'viriyah', 'วรย', 'วิริยา']"
34742763,เทเวศประกันภัย,non_life,['เทเวศ']
34742763,เทเวศประกันภัย,non_life,['เทเวศ']
34742763,Silkspan,broker,['silkspan']
34742763,Silkspan,broker,['silkspan']
34751594,ธนชาตประกันภัย,non_life,"['ธนชาตประกันภัย', 'ธนชาต', 'ธนชาติ', 'ประกันภัยสีส้ม']"
34757301,,,
34761006,เมืองไทยประกันชีวิต,life,"['เมืองไทยประกันชีวิต', 'เมืองไทย', 'muangthai', 'mtl', 'ประกันชีวิตสีชมพู']"
34761006,เมืองไทยประกันชีวิต,life,"['เมืองไทยประกันชีวิต', 'เมืองไทย', 'muangthai', 'mtl', 'ประกันชีวิตสีชมพู']"
34761006,ไทยประกันชีวิต,life,"['ไทยประกันชีวิต', 'ไทยประกัน']"
34761006,ไทยประกันชีวิต,life,"['ไทยประกันชีวิต', 'ไทยประกัน']"
34761006,กสิกรไทย,broker,"['กสิกร', 'k bank', 'แบงค์เขียว']"
34761006,กสิกรไทย,broker,"['กสิกร', 'k bank', 'แบงค์เขียว']"
34761006,ธ.ก.ส.,broker,"['ธ.ก.ส.', 'ธกส']"
34761006,ธ.ก.ส.,broker,"['ธ.ก.ส.', 'ธกส']"
34789895,วิริยะประกันภัย,non_life,"['วิริยะ', 'viriyah', 'วรย', 'วิริยา']"
34800246,,,
34811027,,,
34811885,ทหารไทยธนชาต,broker,"['ทหารไทยธนชาต', 'ttb', 'tmb', 'ธนาคารทหารไทย', 'ทหารไทย']"
34815940,,,
34816981,,,
34878413,,,
34886295,,,
34886495,,,
34896021,AIA,life,"['aia', 'เอไอเอ']"
34899477,อาคเนย์,non_life,"['อาคเนย์', 'aekn']"
34902690,เจ้าพระยาประกันภัย,non_life,"['เจ้าพระยาประกันภัย', 'เจ้าพระยา']"
34903913,สินมั่นคง,non_life,"['สินมั่นคง', 'สินมั่งคง']"
34903913,ธนชาตประกันภัย,non_life,"['ธนชาตประกันภัย', 'ธนชาต', 'ธนชาติ', 'ประกันภัยสีส้ม']"
34906010,,,
34910199,ANC,broker,"['anc', 'เอเอ็นซี']"
34910413,,,
34919048,,,
34923981,,,
34924073,Allianz Ayudhya,life,"['allianz', 'อลิอันซ์', 'อลิอันซ์อยุธยา', 'azay', 'อริอันซ์ อยุธยา', 'อลิอันช์', 'alianz ayudhya', 'az y']"
34925591,อินทรประกันภัย,non_life,['อินทร']
34933419,วิริยะประกันภัย,non_life,"['วิริยะ', 'viriyah', 'วรย', 'วิริยา']"
34936889,ไทยประกันชีวิต,life,"['ไทยประกันชีวิต', 'ไทยประกัน']"
34942934,,,
34945840,,,
34956775,วิริยะประกันภัย,non_life,"['วิริยะ', 'viriyah', 'วรย', 'วิริยา']"
34959636,AIA,life,"['aia', 'เอไอเอ']"
34962915,Bupa,life,"['bupa', 'บูพา', 'บูพ่า']"
34962915,Bupa,life,"['bupa', 'บูพา', 'บูพ่า']"
34962915,ทิพยประกันภัย,non_life,"['ทิพย', 'ทิพยประกันภัย', 'dip', 'dhp', 'tip']"
34962915,ทิพยประกันภัย,non_life,"['ทิพย', 'ทิพยประกันภัย', 'dip', 'dhp', 'tip']"
34967815,,,
34971910,AIA,life,"['aia', 'เอไอเอ']"
34975765,,,
34979084,,,
34984334,คุ้มภัยโตเกียวมารีน,non_life,"['ประกันคุ้มภัย', 'คุ้มภัย', 'คภ.', 'โตเกียวมารีน', 'tokio marine']"
34987352,Krungthai AXA,non_life,"['กรุงไทยแอกซ่า', 'axa', 'แอกซ่า', 'แอกซา', 'เเอกซ่า', 'แอคซ่า', 'เเอคซา', 'กรุงไทยแอกซา', 'แอ๊คซ่า', 'แอ๊กซ่า', 'เเอกซ่า', 'axxa']"
34988815,ANC,broker,"['anc', 'เอเอ็นซี']"
34999267,,,
34999824,เมืองไทยประกันชีวิต,life,"['เมืองไทยประกันชีวิต', 'เมืองไทย', 'muangthai', 'mtl', 'ประกันชีวิตสีชมพู']"
34999824,ไทยประกันชีวิต,life,"['ไทยประกันชีวิต', 'ไทยประกัน']"
35004920,,,
35017103,เมืองไทยประกันชีวิต,life,"['เมืองไทยประกันชีวิต', 'เมืองไทย', 'muangthai', 'mtl', 'ประกันชีวิตสีชมพู']"
35018430,,,
35024353,,,
35027808,Allianz Ayudhya,life,"['allianz', 'อลิอันซ์', 'อลิอันซ์อยุธยา', 'azay', 'อริอันซ์ อยุธยา', 'อลิอันช์', 'alianz ayudhya', 'az y']"
35033047,LMG,non_life,"['lmg', 'แอลเอ็มจี']"
35033047,ไทยวิวัฒน์,non_life,"['ไทยวิวัฒน์', 'thaivivat', 'ไทยวิวัตน์']"
35035466,ไทยประกันชีวิต,life,"['ไทยประกันชีวิต', 'ไทยประกัน']"
35050689,ทิพยประกันภัย,non_life,"['ทิพย', 'ทิพยประกันภัย', 'dip', 'dhp', 'tip']"
35063029,ธนาคารออมสิน,broker,"['GSB', 'ออมสิน']"
35065452,,,
35066064,วิริยะประกันภัย,non_life,"['วิริยะ', 'viriyah', 'วรย', 'วิริยา']"
35071226,,,
35073836,คุ้มภัยโตเกียวมารีน,non_life,"['ประกันคุ้มภัย', 'คุ้มภัย', 'คภ.', 'โตเกียวมารีน', 'tokio marine']"
35082188,,,
35082639,วิริยะประกันภัย,non_life,"['วิริยะ', 'viriyah', 'วรย', 'วิริยา']"
35083187,คุ้มภัยโตเกียวมารีน,non_life,"['ประกันคุ้มภัย', 'คุ้มภัย', 'คภ.', 'โตเกียวมารีน', 'tokio marine']"
35086724,เมืองไทยประกันชีวิต,life,"['เมืองไทยประกันชีวิต', 'เมืองไทย', 'muangthai', 'mtl', 'ประกันชีวิตสีชมพู']"
35086724,เมืองไทยประกันชีวิต,life,"['เมืองไทยประกันชีวิต', 'เมืองไทย', 'muangthai', 'mtl', 'ประกันชีวิตสีชมพู']"
35086724,ไทยประกันชีวิต,life,"['ไทยประกันชีวิต', 'ไทยประกัน']"
35086724,ไทยประกันชีวิต,life,"['ไทยประกันชีวิต', 'ไทยประกัน']"
35086724,เมืองไทยประกันภัย,non_life,['เมืองไทยประกันภัย']
35086724,เมืองไทยประกันภัย,non_life,['เมืองไทยประกันภัย']
35086724,ไทยประกันภัย,non_life,['ไทยประกันภัย']
35086724,ไทยประกันภัย,non_life,['ไทยประกันภัย']
35090810,,,
35097111,ANC,broker,"['anc', 'เอเอ็นซี']"
35112911,เมืองไทยประกันชีวิต,life,"['เมืองไทยประกันชีวิต', 'เมืองไทย', 'muangthai', 'mtl', 'ประกันชีวิตสีชมพู']"
35112911,เมืองไทยประกันชีวิต,life,"['เมืองไทยประกันชีวิต', 'เมืองไทย', 'muangthai', 'mtl', 'ประกันชีวิตสีชมพู']"
35112911,ไทยประกันชีวิต,life,"['ไทยประกันชีวิต', 'ไทยประกัน']"
35112911,ไทยประกันชีวิต,life,"['ไทยประกันชีวิต', 'ไทยประกัน']"
35112911,Bupa,life,"['bupa', 'บูพา', 'บูพ่า']"
35112911,Bupa,life,"['bupa', 'บูพา', 'บูพ่า']"
35112911,ANC,broker,"['anc', 'เอเอ็นซี']"
35112911,ANC,broker,"['anc', 'เอเอ็นซี']"
35113022,,,
35117788,,,
35122133,,,
35123017,วิริยะประกันภัย,non_life,"['วิริยะ', 'viriyah', 'วรย', 'วิริยา']"
35123017,กรุงเทพประกันภัย,non_life,"['กรุงเทพประกันภัย', 'bangkok insurance', 'กรุงเทพ', 'bki']"
35123017,เจ้าพระยาประกันภัย,non_life,"['เจ้าพระยาประกันภัย', 'เจ้าพระยา']"
35124014,เมืองไทยประกันชีวิต,life,"['เมืองไทยประกันชีวิต', 'เมืองไทย', 'muangthai', 'mtl', 'ประกันชีวิตสีชมพู']"
35124014,เมืองไทยประกันชีวิต,life,"['เมืองไทยประกันชีวิต', 'เมืองไทย', 'muangthai', 'mtl', 'ประกันชีวิตสีชมพู']"
35124014,ไทยประกันชีวิต,life,"['ไทยประกันชีวิต', 'ไทยประกัน']"
35124014,ไทยประกันชีวิต,life,"['ไทยประกันชีวิต', 'ไทยประกัน']"
35124014,เมืองไทยประกันภัย,non_life,['เมืองไทยประกันภัย']
35124014,เมืองไทยประกันภัย,non_life,['เมืองไทยประกันภัย']
35124014,ไทยประกันภัย,non_life,['ไทยประกันภัย']
35124014,ไทยประกันภัย,non_life,['ไทยประกันภัย']
35129364,ไทยวิวัฒน์,non_life,"['ไทยวิวัฒน์', 'thaivivat', 'ไทยวิวัตน์']"
35136984,ไทยประกันชีวิต,life,"['ไทยประกันชีวิต', 'ไทยประกัน']"
35136984,ไทยประกันชีวิต,life,"['ไทยประกันชีวิต', 'ไทยประกัน']"
35136984,SCB,broker,"['scb', 'ไทยพาณิชย์', 'ไทยพานิชย์', 'ธนาคารสีม่วง', 'cardx']"
35136984,SCB,broker,"['scb', 'ไทยพาณิชย์', 'ไทยพานิชย์', 'ธนาคารสีม่วง', 'cardx']"
35137085,,,
35141003,KTC,broker,"['บัตรกรุงไทย', 'ktc']"
35141003,ANC,broker,"['anc', 'เอเอ็นซี']"
35143165,Krungthai AXA,non_life,"['กรุงไทยแอกซ่า', 'axa', 'แอกซ่า', 'แอกซา', 'เเอกซ่า', 'แอคซ่า', 'เเอคซา', 'กรุงไทยแอกซา', 'แอ๊คซ่า', 'แอ๊กซ่า', 'เเอกซ่า', 'axxa']"
35144514,,,
35148219,ทิพยประกันภัย,non_life,"['ทิพย', 'ทิพยประกันภัย', 'dip', 'dhp', 'tip']"
35148219,ทิพยประกันภัย,non_life,"['ทิพย', 'ทิพยประกันภัย', 'dip', 'dhp', 'tip']"
35148219,ทหารไทยธนชาต,broker,"['ทหารไทยธนชาต', 'ttb', 'tmb', 'ธนาคารทหารไทย', 'ทหารไทย']"
35148219,ทหารไทยธนชาต,broker,"['ทหารไทยธนชาต', 'ttb', 'tmb', 'ธนาคารทหารไทย', 'ทหารไทย']"
35148554,AIA,life,"['aia', 'เอไอเอ']"
35148554,AIA,life,"['aia', 'เอไอเอ']"
35148554,ไทยประกันชีวิต,life,"['ไทยประกันชีวิต', 'ไทยประกัน']"
35148554,ไทยประกันชีวิต,life,"['ไทยประกันชีวิต', 'ไทยประกัน']"
35148554,Bupa,life,"['bupa', 'บูพา', 'บูพ่า']"
35148554,Bupa,life,"['bupa', 'บูพา', 'บูพ่า']"
35148554,Manulife,life,"['manulife', 'เมนูไลฟ์']"
35148554,Manulife,life,"['manulife', 'เมนูไลฟ์']"
35148554,กรุงเทพประกันภัย,non_life,"['กรุงเทพประกันภัย', 'bangkok insurance', 'กรุงเทพ', 'bki']"
35148554,กรุงเทพประกันภัย,non_life,"['กรุงเทพประกันภัย', 'bangkok insurance', 'กรุงเทพ', 'bki']"
35149837,Krungthai AXA,non_life,"['กรุงไทยแอกซ่า', 'axa', 'แอกซ่า', 'แอกซา', 'เเอกซ่า', 'แอคซ่า', 'เเอคซา', 'กรุงไทยแอกซา', 'แอ๊คซ่า', 'แอ๊กซ่า', 'เเอกซ่า', 'axxa']"
35154713,AIA,life,"['aia', 'เอไอเอ']"
35159556,AIA,life,"['aia', 'เอไอเอ']"
35161398,คุ้มภัยโตเกียวมารีน,non_life,"['ประกันคุ้มภัย', 'คุ้มภัย', 'คภ.', 'โตเกียวมารีน', 'tokio marine']"
35161398,อินทรประกันภัย,non_life,['อินทร']
35166160,เอเชียประกันภัย,non_life,"['เอเชียประกันภัย', 'เอเชีย', 'asia']"
35174817,พรูเด็นเชียล,life,"['prudential', 'พรูเด็นเชียล', 'พรูเดนเชียล']"
35184147,,,
35186199,ธนชาตประกันภัย,non_life,"['ธนชาตประกันภัย', 'ธนชาต', 'ธนชาติ', 'ประกันภัยสีส้ม']"
35186199,ไทยวิวัฒน์,non_life,"['ไทยวิวัฒน์', 'thaivivat', 'ไทยวิวัตน์']"
35186940,,,
35189356,KK General Broker,broker,"['kk general broker', 'เคเค เจเนอรัล', 'kk เจนเนอรัล']"
35190097,AIG,non_life,"['aig', 'เอไอจี']"
35191631,,,
35199087,,,
35199252,Silkspan,broker,['silkspan']
35200963,AIG,non_life,"['aig', 'เอไอจี']"
35200963,AIG,non_life,"['aig', 'เอไอจี']"
35200963,ANC,broker,"['anc', 'เอเอ็นซี']"
35200963,ANC,broker,"['anc', 'เอเอ็นซี']"
35202106,,,
35204718,,,
35217572,,,
35227915,กสิกรไทย,broker,"['กสิกร', 'k bank', 'แบงค์เขียว']"
35227915,ANC,broker,"['anc', 'เอเอ็นซี']"
35242480,Allianz Ayudhya,life,"['allianz', 'อลิอันซ์', 'อลิอันซ์อยุธยา', 'azay', 'อริอันซ์ อยุธยา', 'อลิอันช์', 'alianz ayudhya', 'az y']"
35243817,,,
35248353,,,
35249655,Krungthai AXA,non_life,"['กรุงไทยแอกซ่า', 'axa', 'แอกซ่า', 'แอกซา', 'เเอกซ่า', 'แอคซ่า', 'เเอคซา', 'กรุงไทยแอกซา', 'แอ๊คซ่า', 'แอ๊กซ่า', 'เเอกซ่า', 'axxa']"
35251152,,,
35251180,,,
35254112,,,
35255802,Allianz Ayudhya,life,"['allianz', 'อลิอันซ์', 'อลิอันซ์อยุธยา', 'azay', 'อริอันซ์ อยุธยา', 'อลิอันช์', 'alianz ayudhya', 'az y']"
35256952,สินมั่นคง,non_life,"['สินมั่นคง', 'สินมั่งคง']"
35256952,AIOI,non_life,"['aioi', 'ไอโออิ']"
35260674,Bupa,life,"['bupa', 'บูพา', 'บูพ่า']"
35260674,Bupa,life,"['bupa', 'บูพา', 'บูพ่า']"
35260674,สินมั่นคง,non_life,"['สินมั่นคง', 'สินมั่งคง']"
35260674,สินมั่นคง,non_life,"['สินมั่นคง', 'สินมั่งคง']"
35264015,,,
35269098,Krungthai AXA,non_life,"['กรุงไทยแอกซ่า', 'axa', 'แอกซ่า', 'แอกซา', 'เเอกซ่า', 'แอคซ่า', 'เเอคซา', 'กรุงไทยแอกซา', 'แอ๊คซ่า', 'แอ๊กซ่า', 'เเอกซ่า', 'axxa']"
35270703,,,
35270959,Allianz Ayudhya,life,"['allianz', 'อลิอันซ์', 'อลิอันซ์อยุธยา', 'azay', 'อริอันซ์ อยุธยา', 'อลิอันช์', 'alianz ayudhya', 'az y']"
35270959,Allianz Ayudhya,life,"['allianz', 'อลิอันซ์', 'อลิอันซ์อยุธยา', 'azay', 'อริอันซ์ อยุธยา', 'อลิอันช์', 'alianz ayudhya', 'az y']"
35270959,Allianz Ayudhya,life,"['allianz', 'อลิอันซ์', 'อลิอันซ์อยุธยา', 'azay', 'อริอันซ์ อยุธยา', 'อลิอันช์', 'alianz ayudhya', 'az y']"
35270959,Cigna,life,"['cigna', 'ซิกน่า', 'ซิกม่า']"
35270959,Cigna,life,"['cigna', 'ซิกน่า', 'ซิกม่า']"
35270959,Cigna,life,"['cigna', 'ซิกน่า', 'ซิกม่า']"
35270959,Krungthai AXA,non_life,"['กรุงไทยแอกซ่า', 'axa', 'แอกซ่า', 'แอกซา', 'เเอกซ่า', 'แอคซ่า', 'เเอคซา', 'กรุงไทยแอกซา', 'แอ๊คซ่า', 'แอ๊กซ่า', 'เเอกซ่า', 'axxa']"
35270959,Krungthai AXA,non_life,"['กรุงไทยแอกซ่า', 'axa', 'แอกซ่า', 'แอกซา', 'เเอกซ่า', 'แอคซ่า', 'เเอคซา', 'กรุงไทยแอกซา', 'แอ๊คซ่า', 'แอ๊กซ่า', 'เเอกซ่า', 'axxa']"
35270959,Krungthai AXA,non_life,"['กรุงไทยแอกซ่า', 'axa', 'แอกซ่า', 'แอกซา', 'เเอกซ่า', 'แอคซ่า', 'เเอคซา', 'กรุงไทยแอกซา', 'แอ๊คซ่า', 'แอ๊กซ่า', 'เเอกซ่า', 'axxa']"
35270959,MSIG,non_life,"['msig', 'เอ็มเอสไอจี']"
35270959,MSIG,non_life,"['msig', 'เอ็มเอสไอจี']"
35270959,MSIG,non_life,"['msig', 'เอ็มเอสไอจี']"
35270959,ธนาคารออมสิน,broker,"['GSB', 'ออมสิน']"
35270959,ธนาคารออมสิน,broker,"['GSB', 'ออมสิน']"
35270959,ธนาคารออมสิน,broker,"['GSB', 'ออมสิน']"
35270959,KTC,broker,"['บัตรกรุงไทย', 'ktc']"
35270959,KTC,broker,"['บัตรกรุงไทย', 'ktc']"
35270959,KTC,broker,"['บัตรกรุงไทย', 'ktc']"
35270959,ANC,broker,"['anc', 'เอเอ็นซี']"
35270959,ANC,broker,"['anc', 'เอเอ็นซี']"
35270959,ANC,broker,"['anc', 'เอเอ็นซี']"
35270959,ทหารไทยธนชาต,broker,"['ทหารไทยธนชาต', 'ttb', 'tmb', 'ธนาคารทหารไทย', 'ทหารไทย']"
35270959,ทหารไทยธนชาต,broker,"['ทหารไทยธนชาต', 'ttb', 'tmb', 'ธนาคารทหารไทย', 'ทหารไทย']"
35270959,ทหารไทยธนชาต,broker,"['ทหารไทยธนชาต', 'ttb', 'tmb', 'ธนาคารทหารไทย', 'ทหารไทย']"
35271594,,,
35273427,คุ้มภัยโตเกียวมารีน,non_life,"['ประกันคุ้มภัย', 'คุ้มภัย', 'คภ.', 'โตเกียวมารีน', 'tokio marine']"
35274104,AIA,life,"['aia', 'เอไอเอ']"
35278737,,,
35280527,KK General Broker,broker,"['kk general broker', 'เคเค เจเนอรัล', 'kk เจนเนอรัล']"
35281614,เมืองไทยประกันชีวิต,life,"['เมืองไทยประกันชีวิต', 'เมืองไทย', 'muangthai', 'mtl', 'ประกันชีวิตสีชมพู']"
35283423,,,
35284859,,,
35292044,Allianz Ayudhya,life,"['allianz', 'อลิอันซ์', 'อลิอันซ์อยุธยา', 'azay', 'อริอันซ์ อยุธยา', 'อลิอันช์', 'alianz ayudhya', 'az y']"
35296867,AIA,life,"['aia', 'เอไอเอ']"
35300270,,,
35307441,สินทรัพย์ประกันภัย,non_life,['สินทรัพย์']
35310849,,,
35311199,,,
35317480,กสิกรไทย,broker,"['กสิกร', 'k bank', 'แบงค์เขียว']"
35318203,เมืองไทยประกันชีวิต,life,"['เมืองไทยประกันชีวิต', 'เมืองไทย', 'muangthai', 'mtl', 'ประกันชีวิตสีชมพู']"
35319467,คุ้มภัยโตเกียวมารีน,non_life,"['ประกันคุ้มภัย', 'คุ้มภัย', 'คภ.', 'โตเกียวมารีน', 'tokio marine']"
35319467,คุ้มภัยโตเกียวมารีน,non_life,"['ประกันคุ้มภัย', 'คุ้มภัย', 'คภ.', 'โตเกียวมารีน', 'tokio marine']"
35319467,สินทรัพย์ประกันภัย,non_life,['สินทรัพย์']
35319467,สินทรัพย์ประกันภัย,non_life,['สินทรัพย์']
35319467,TQM,broker,"['tqm', 'ทีคิวเอ็ม']"
35319467,TQM,broker,"['tqm', 'ทีคิวเอ็ม']"
35328832,,,
35333106,ศรีอยุธยาประกันภัย,non_life,['ศรีอยุธยา']
35338072,Bupa,life,"['bupa', 'บูพา', 'บูพ่า']"
35343542,ไทยวิวัฒน์,non_life,"['ไทยวิวัฒน์', 'thaivivat', 'ไทยวิวัตน์']"
35345029,Krungthai AXA,non_life,"['กรุงไทยแอกซ่า', 'axa', 'แอกซ่า', 'แอกซา', 'เเอกซ่า', 'แอคซ่า', 'เเอคซา', 'กรุงไทยแอกซา', 'แอ๊คซ่า', 'แอ๊กซ่า', 'เเอกซ่า', 'axxa']"
35346651,Allianz Ayudhya,life,"['allianz', 'อลิอันซ์', 'อลิอันซ์อยุธยา', 'azay', 'อริอันซ์ อยุธยา', 'อลิอันช์', 'alianz ayudhya', 'az y']"
35346948,Bupa,life,"['bupa', 'บูพา', 'บูพ่า']"
35346948,Bupa,life,"['bupa', 'บูพา', 'บูพ่า']"
35346948,ทิพยประกันภัย,non_life,"['ทิพย', 'ทิพยประกันภัย', 'dip', 'dhp', 'tip']"
35346948,ทิพยประกันภัย,non_life,"['ทิพย', 'ทิพยประกันภัย', 'dip', 'dhp', 'tip']"
35346948,สินมั่นคง,non_life,"['สินมั่นคง', 'สินมั่งคง']"
35346948,สินมั่นคง,non_life,"['สินมั่นคง', 'สินมั่งคง']"
35346948,ไทยวิวัฒน์,non_life,"['ไทยวิวัฒน์', 'thaivivat', 'ไทยวิวัตน์']"
35346948,ไทยวิวัฒน์,non_life,"['ไทยวิวัฒน์', 'thaivivat', 'ไทยวิวัตน์']"
35346948,นวกิจประกันภัย,non_life,['นวกิจ']
35346948,นวกิจประกันภัย,non_life,['นวกิจ']
35348326,,,
35348531,Krungthai AXA,non_life,"['กรุงไทยแอกซ่า', 'axa', 'แอกซ่า', 'แอกซา', 'เเอกซ่า', 'แอคซ่า', 'เเอคซา', 'กรุงไทยแอกซา', 'แอ๊คซ่า', 'แอ๊กซ่า', 'เเอกซ่า', 'axxa']"
35363217,Allianz Ayudhya,life,"['allianz', 'อลิอันซ์', 'อลิอันซ์อยุธยา', 'azay', 'อริอันซ์ อยุธยา', 'อลิอันช์', 'alianz ayudhya', 'az y']"
35363217,Allianz Ayudhya,life,"['allianz', 'อลิอันซ์', 'อลิอันซ์อยุธยา', 'azay', 'อริอันซ์ อยุธยา', 'อลิอันช์', 'alianz ayudhya', 'az y']"
35363217,SCB,broker,"['scb', 'ไทยพาณิชย์', 'ไทยพานิชย์', 'ธนาคารสีม่วง', 'cardx']"
35363217,SCB,broker,"['scb', 'ไทยพาณิชย์', 'ไทยพานิชย์', 'ธนาคารสีม่วง', 'cardx']"
35368153,,,
35368434,วิริยะประกันภัย,non_life,"['วิริยะ', 'viriyah', 'วรย', 'วิริยา']"
35369539,วิริยะประกันภัย,non_life,"['วิริยะ', 'viriyah', 'วรย', 'วิริยา']"
35372502,,,
35374672,กรุงเทพประกันภัย,non_life,"['กรุงเทพประกันภัย', 'bangkok insurance', 'กรุงเทพ', 'bki']"
35378320,ทิพยประกันภัย,non_life,"['ทิพย', 'ทิพยประกันภัย', 'dip', 'dhp', 'tip']"
35392757,Krungthai AXA,non_life,"['กรุงไทยแอกซ่า', 'axa', 'แอกซ่า', 'แอกซา', 'เเอกซ่า', 'แอคซ่า', 'เเอคซา', 'กรุงไทยแอกซา', 'แอ๊คซ่า', 'แอ๊กซ่า', 'เเอกซ่า', 'axxa']"
35392757,กรุงเทพประกันภัย,non_life,"['กรุงเทพประกันภัย', 'bangkok insurance', 'กรุงเทพ', 'bki']"
35393750,,,
35401594,,,
35404384,Allianz Ayudhya,life,"['allianz', 'อลิอันซ์', 'อลิอันซ์อยุธยา', 'azay', 'อริอันซ์ อยุธยา', 'อลิอันช์', 'alianz ayudhya', 'az y']"
35405363,,,
35407704,,,
35408278,,,
35409186,,,
35409483,ANC,broker,"['anc', 'เอเอ็นซี']"
35410299,เมืองไทยประกันชีวิต,life,"['เมืองไทยประกันชีวิต', 'เมืองไทย', 'muangthai', 'mtl', 'ประกันชีวิตสีชมพู']"
35410299,ไทยประกันชีวิต,life,"['ไทยประกันชีวิต', 'ไทยประกัน']"
35418730,Allianz Ayudhya,life,"['allianz', 'อลิอันซ์', 'อลิอันซ์อยุธยา', 'azay', 'อริอันซ์ อยุธยา', 'อลิอันช์', 'alianz ayudhya', 'az y']"
35428658,SCB,broker,"['scb', 'ไทยพาณิชย์', 'ไทยพานิชย์', 'ธนาคารสีม่วง', 'cardx']"
35437441,Krungthai AXA,non_life,"['กรุงไทยแอกซ่า', 'axa', 'แอกซ่า', 'แอกซา', 'เเอกซ่า', 'แอคซ่า', 'เเอคซา', 'กรุงไทยแอกซา', 'แอ๊คซ่า', 'แอ๊กซ่า', 'เเอกซ่า', 'axxa']"
35443105,,,
35455270,,,
35458629,,,
35461932,,,
35467809,,,
35471228,เมืองไทยประกันชีวิต,life,"['เมืองไทยประกันชีวิต', 'เมืองไทย', 'muangthai', 'mtl', 'ประกันชีวิตสีชมพู']"
35471228,เมืองไทยประกันชีวิต,life,"['เมืองไทยประกันชีวิต', 'เมืองไทย', 'muangthai', 'mtl', 'ประกันชีวิตสีชมพู']"
35471228,ไทยประกันชีวิต,life,"['ไทยประกันชีวิต', 'ไทยประกัน']"
35471228,ไทยประกันชีวิต,life,"['ไทยประกันชีวิต', 'ไทยประกัน']"
35471228,เมืองไทยประกันภัย,non_life,['เมืองไทยประกันภัย']
35471228,เมืองไทยประกันภัย,non_life,['เมืองไทยประกันภัย']
35471228,ไทยประกันภัย,non_life,['ไทยประกันภัย']
35471228,ไทยประกันภัย,non_life,['ไทยประกันภัย']
35473761,,,
35476082,AIA,life,"['aia', 'เอไอเอ']"
35476082,AIA,life,"['aia', 'เอไอเอ']"
35476082,ทิพยประกันภัย,non_life,"['ทิพย', 'ทิพยประกันภัย', 'dip', 'dhp', 'tip']"
35476082,ทิพยประกันภัย,non_life,"['ทิพย', 'ทิพยประกันภัย', 'dip', 'dhp', 'tip']"
35476321,,,
35479291,,,
35491321,,,
35496987,AIA,life,"['aia', 'เอไอเอ']"
35504756,,,
35512062,ทิพยประกันภัย,non_life,"['ทิพย', 'ทิพยประกันภัย', 'dip', 'dhp', 'tip']"
35513106,ธนชาตประกันภัย,non_life,"['ธนชาตประกันภัย', 'ธนชาต', 'ธนชาติ', 'ประกันภัยสีส้ม']"
35517065,AIA,life,"['aia', 'เอไอเอ']"
35517065,AIA,life,"['aia', 'เอไอเอ']"
35517065,Bupa,life,"['bupa', 'บูพา', 'บูพ่า']"
35517065,Bupa,life,"['bupa', 'บูพา', 'บูพ่า']"
35517065,กรุงเทพประกันภัย,non_life,"['กรุงเทพประกันภัย', 'bangkok insurance', 'กรุงเทพ', 'bki']"
35517065,กรุงเทพประกันภัย,non_life,"['กรุงเทพประกันภัย', 'bangkok insurance', 'กรุงเทพ', 'bki']"
35517065,Generali,non_life,"['generali', 'เจนเนอราลี่']"
35517065,Generali,non_life,"['generali', 'เจนเนอราลี่']"
35518627,,,
35518712,ธ.ก.ส.,broker,"['ธ.ก.ส.', 'ธกส']"
35520732,,,
35528747,ทิพยประกันภัย,non_life,"['ทิพย', 'ทิพยประกันภัย', 'dip', 'dhp', 'tip']"
35528978,,,
35539769,ไทยประกันชีวิต,life,"['ไทยประกันชีวิต', 'ไทยประกัน']"
35540355,,,
35543767,Silkspan,broker,['silkspan']
35549100,Silkspan,broker,['silkspan']
35549462,,,
35552383,,,
35563914,Krungthai AXA,non_life,"['กรุงไทยแอกซ่า', 'axa', 'แอกซ่า', 'แอกซา', 'เเอกซ่า', 'แอคซ่า', 'เเอคซา', 'กรุงไทยแอกซา', 'แอ๊คซ่า', 'แอ๊กซ่า', 'เเอกซ่า', 'axxa']"
35567380,,,
35568758,,,
35574580,ไทยประกันชีวิต,life,"['ไทยประกันชีวิต', 'ไทยประกัน']"
35578845,,,
35578926,,,
35583283,SCB,broker,"['scb', 'ไทยพาณิชย์', 'ไทยพานิชย์', 'ธนาคารสีม่วง', 'cardx']"
35589036,,,
35589330,,,
35601674,,,
35601956,SCB,broker,"['scb', 'ไทยพาณิชย์', 'ไทยพานิชย์', 'ธนาคารสีม่วง', 'cardx']"
35603690,,,
35609694,,,
35611471,ไทยประกันชีวิต,life,"['ไทยประกันชีวิต', 'ไทยประกัน']"
35616583,คุ้มภัยโตเกียวมารีน,non_life,"['ประกันคุ้มภัย', 'คุ้มภัย', 'คภ.', 'โตเกียวมารีน', 'tokio marine']"
35616583,คุ้มภัยโตเกียวมารีน,non_life,"['ประกันคุ้มภัย', 'คุ้มภัย', 'คภ.', 'โตเกียวมารีน', 'tokio marine']"
35616583,SCB Protect,broker,"['scb protect', 'scb ประกัน', 'ไทยพาณิชย์ประกัน']"
35616583,SCB Protect,broker,"['scb protect', 'scb ประกัน', 'ไทยพาณิชย์ประกัน']"
35616583,SCB,broker,"['scb', 'ไทยพาณิชย์', 'ไทยพานิชย์', 'ธนาคารสีม่วง', 'cardx']"
35616583,SCB,broker,"['scb', 'ไทยพาณิชย์', 'ไทยพานิชย์', 'ธนาคารสีม่วง', 'cardx']"
35622467,,,
35628071,,,
35629386,,,
35635425,AIA,life,"['aia', 'เอไอเอ']"
35640800,,,
35649609,ไทยประกันชีวิต,life,"['ไทยประกันชีวิต', 'ไทยประกัน']"
35649609,ไทยประกันชีวิต,life,"['ไทยประกันชีวิต', 'ไทยประกัน']"
35649609,KTC,broker,"['บัตรกรุงไทย', 'ktc']"
35649609,KTC,broker,"['บัตรกรุงไทย', 'ktc']"
35658963,AIA,life,"['aia', 'เอไอเอ']"
35663653,,,
35663684,,,
35666751,ไทยวิวัฒน์,non_life,"['ไทยวิวัฒน์', 'thaivivat', 'ไทยวิวัตน์']"
35667409,,,
35667994,,,
35670495,,,
35673140,,,
35675762,,,
35678315,,,
35681040,,,
35685848,Allianz Ayudhya,life,"['allianz', 'อลิอันซ์', 'อลิอันซ์อยุธยา', 'azay', 'อริอันซ์ อยุธยา', 'อลิอันช์', 'alianz ayudhya', 'az y']"
35685848,Allianz Ayudhya,life,"['allianz', 'อลิอันซ์', 'อลิอันซ์อยุธยา', 'azay', 'อริอันซ์ อยุธยา', 'อลิอันช์', 'alianz ayudhya', 'az y']"
35685848,วิริยะประกันภัย,non_life,"['วิริยะ', 'viriyah', 'วรย', 'วิริยา']"
35685848,วิริยะประกันภัย,non_life,"['วิริยะ', 'viriyah', 'วรย', 'วิริยา']"
35689952,,,
35690428,,,
35694906,,,
35695941,วิริยะประกันภัย,non_life,"['วิริยะ', 'viriyah', 'วรย', 'วิริยา']"
35695941,กรุงเทพประกันภัย,non_life,"['กรุงเทพประกันภัย', 'bangkok insurance', 'กรุงเทพ', 'bki']"
35700487,เมืองไทยประกันชีวิต,life,"['เมืองไทยประกันชีวิต', 'เมืองไทย', 'muangthai', 'mtl', 'ประกันชีวิตสีชมพู']"
35700487,เมืองไทยประกันชีวิต,life,"['เมืองไทยประกันชีวิต', 'เมืองไทย', 'muangthai', 'mtl', 'ประกันชีวิตสีชมพู']"
35700487,SCB,broker,"['scb', 'ไทยพาณิชย์', 'ไทยพานิชย์', 'ธนาคารสีม่วง', 'cardx']"
35700487,SCB,broker,"['scb', 'ไทยพาณิชย์', 'ไทยพานิชย์', 'ธนาคารสีม่วง', 'cardx']"
35703583,,,
35705321,FWD,life,"['fwd', 'เอฟดับบลิวดี', 'fwd ประกันชีวิต']"
35723008,,,
35726993,Krungsri First Choice,broker,"['first choice', 'กรุงศรี เฟิร์สช้อยส์', 'กรุงศรีเฟิร์สช้อย', 'เฟิสช้อย', 'เฟริสช้อย']"
35737942,Silkspan,broker,['silkspan']
35740757,,,
35744470,,,
35758081,,,
35760864,Krungthai AXA,non_life,"['กรุงไทยแอกซ่า', 'axa', 'แอกซ่า', 'แอกซา', 'เเอกซ่า', 'แอคซ่า', 'เเอคซา', 'กรุงไทยแอกซา', 'แอ๊คซ่า', 'แอ๊กซ่า', 'เเอกซ่า', 'axxa']"
35770786,,,
35772965,กรุงเทพประกันภัย,non_life,"['กรุงเทพประกันภัย', 'bangkok insurance', 'กรุงเทพ', 'bki']"
35774759,AIA,life,"['aia', 'เอไอเอ']"
35776543,AIA,life,"['aia', 'เอไอเอ']"
35780037,SCB,broker,"['scb', 'ไทยพาณิชย์', 'ไทยพานิชย์', 'ธนาคารสีม่วง', 'cardx']"
35789696,ทหารไทยธนชาต,broker,"['ทหารไทยธนชาต', 'ttb', 'tmb', 'ธนาคารทหารไทย', 'ทหารไทย']"
35789696,ทหารไทยธนชาต,broker,"['ทหารไทยธนชาต', 'ttb', 'tmb', 'ธนาคารทหารไทย', 'ทหารไทย']"
35789696,FWD,life,"['fwd', 'เอฟดับบลิวดี', 'fwd ประกันชีวิต']"
35789696,FWD,life,"['fwd', 'เอฟดับบลิวดี', 'fwd ประกันชีวิต']"
35799824,,,
35799982,MSIG,non_life,"['msig', 'เอ็มเอสไอจี']"
35799982,AIG,non_life,"['aig', 'เอไอจี']"
35803453,Allianz Ayudhya,life,"['allianz', 'อลิอันซ์', 'อลิอันซ์อยุธยา', 'azay', 'อริอันซ์ อยุธยา', 'อลิอันช์', 'alianz ayudhya', 'az y']"
35803453,AIA,life,"['aia', 'เอไอเอ']"
35808503,,,
35809141,AIA,life,"['aia', 'เอไอเอ']"
35810734,โตเกียวมารีนประกันชีวิต,life,['โตเกียวมารีนประกันชีวิต']
35810734,โตเกียวมารีนประกันชีวิต,life,['โตเกียวมารีนประกันชีวิต']
35810734,โตเกียวมารีนประกันชีวิต,life,['โตเกียวมารีนประกันชีวิต']
35810734,กรุงเทพประกันภัย,non_life,"['กรุงเทพประกันภัย', 'bangkok insurance', 'กรุงเทพ', 'bki']"
35810734,กรุงเทพประกันภัย,non_life,"['กรุงเทพประกันภัย', 'bangkok insurance', 'กรุงเทพ', 'bki']"
35810734,กรุงเทพประกันภัย,non_life,"['กรุงเทพประกันภัย', 'bangkok insurance', 'กรุงเทพ', 'bki']"
35810734,คุ้มภัยโตเกียวมารีน,non_life,"['ประกันคุ้มภัย', 'คุ้มภัย', 'คภ.', 'โตเกียวมารีน', 'tokio marine']"
35810734,คุ้มภัยโตเกียวมารีน,non_life,"['ประกันคุ้มภัย', 'คุ้มภัย', 'คภ.', 'โตเกียวมารีน', 'tokio marine']"
35810734,คุ้มภัยโตเกียวมารีน,non_life,"['ประกันคุ้มภัย', 'คุ้มภัย', 'คภ.', 'โตเกียวมารีน', 'tokio marine']"
35810734,ธนาคารกรุงเทพ,broker,"['ธนาคารกรุงเทพ', 'บัวหลวง']"
35810734,ธนาคารกรุงเทพ,broker,"['ธนาคารกรุงเทพ', 'บัวหลวง']"
35810734,ธนาคารกรุงเทพ,broker,"['ธนาคารกรุงเทพ', 'บัวหลวง']"
35814697,เทเวศประกันภัย,non_life,['เทเวศ']
35823057,เมืองไทยประกันชีวิต,life,"['เมืองไทยประกันชีวิต', 'เมืองไทย', 'muangthai', 'mtl', 'ประกันชีวิตสีชมพู']"
35823057,เมืองไทยประกันชีวิต,life,"['เมืองไทยประกันชีวิต', 'เมืองไทย', 'muangthai', 'mtl', 'ประกันชีวิตสีชมพู']"
35823057,ไทยประกันชีวิต,life,"['ไทยประกันชีวิต', 'ไทยประกัน']"
35823057,ไทยประกันชีวิต,life,"['ไทยประกันชีวิต', 'ไทยประกัน']"
35823057,ทิพยประกันภัย,non_life,"['ทิพย', 'ทิพยประกันภัย', 'dip', 'dhp', 'tip']"
35823057,ทิพยประกันภัย,non_life,"['ทิพย', 'ทิพยประกันภัย', 'dip', 'dhp', 'tip']"
35824128,Cigna,life,"['cigna', 'ซิกน่า', 'ซิกม่า']"
35824128,Cigna,life,"['cigna', 'ซิกน่า', 'ซิกม่า']"
35824128,Krungsri First Choice,broker,"['first choice', 'กรุงศรี เฟิร์สช้อยส์', 'กรุงศรีเฟิร์สช้อย', 'เฟิสช้อย', 'เฟริสช้อย']"
35824128,Krungsri First Choice,broker,"['first choice', 'กรุงศรี เฟิร์สช้อยส์', 'กรุงศรีเฟิร์สช้อย', 'เฟิสช้อย', 'เฟริสช้อย']"
35832838,,,
35836284,กรุงเทพประกันภัย,non_life,"['กรุงเทพประกันภัย', 'bangkok insurance', 'กรุงเทพ', 'bki']"
35844252,,,
35844402,,,
35844484,,,
35844545,วิริยะประกันภัย,non_life,"['วิริยะ', 'viriyah', 'วรย', 'วิริยา']"
35844545,คุ้มภัยโตเกียวมารีน,non_life,"['ประกันคุ้มภัย', 'คุ้มภัย', 'คภ.', 'โตเกียวมารีน', 'tokio marine']"
35846861,,,
35848435,AIA,life,"['aia', 'เอไอเอ']"
35861058,SCB,broker,"['scb', 'ไทยพาณิชย์', 'ไทยพานิชย์', 'ธนาคารสีม่วง', 'cardx']"
35861136,กรุงเทพประกันชีวิต,life,"['กรุงเทพประกันชีวิต', 'bangkok life', 'bblife']"
35861136,กรุงเทพประกันชีวิต,life,"['กรุงเทพประกันชีวิต', 'bangkok life', 'bblife']"
35861136,กรุงเทพประกันภัย,non_life,"['กรุงเทพประกันภัย', 'bangkok insurance', 'กรุงเทพ', 'bki']"
35861136,กรุงเทพประกันภัย,non_life,"['กรุงเทพประกันภัย', 'bangkok insurance', 'กรุงเทพ', 'bki']"
35861683,,,
35866078,,,
35867039,,,
35870625,วิริยะประกันภัย,non_life,"['วิริยะ', 'viriyah', 'วรย', 'วิริยา']"
35886275,อาคเนย์,non_life,"['อาคเนย์', 'aekn']"
35886812,วิริยะประกันภัย,non_life,"['วิริยะ', 'viriyah', 'วรย', 'วิริยา']"
35887581,FWD,life,"['fwd', 'เอฟดับบลิวดี', 'fwd ประกันชีวิต']"
35887756,เมืองไทยประกันชีวิต,life,"['เมืองไทยประกันชีวิต', 'เมืองไทย', 'muangthai', 'mtl', 'ประกันชีวิตสีชมพู']"
35887756,เมืองไทยประกันชีวิต,life,"['เมืองไทยประกันชีวิต', 'เมืองไทย', 'muangthai', 'mtl', 'ประกันชีวิตสีชมพู']"
35887756,ไทยประกันชีวิต,life,"['ไทยประกันชีวิต', 'ไทยประกัน']"
35887756,ไทยประกันชีวิต,life,"['ไทยประกันชีวิต', 'ไทยประกัน']"
35887756,กสิกรไทย,broker,"['กสิกร', 'k bank', 'แบงค์เขียว']"
35887756,กสิกรไทย,broker,"['กสิกร', 'k bank', 'แบงค์เขียว']"
35892359,กรุงเทพประกันภัย,non_life,"['กรุงเทพประกันภัย', 'bangkok insurance', 'กรุงเทพ', 'bki']"
35894199,,,
35899308,,,
35907449,Cigna,life,"['cigna', 'ซิกน่า', 'ซิกม่า']"
35913899,,,
35918500,,,
35918854,,,
35919130,Krungthai AXA,non_life,"['กรุงไทยแอกซ่า', 'axa', 'แอกซ่า', 'แอกซา', 'เเอกซ่า', 'แอคซ่า', 'เเอคซา', 'กรุงไทยแอกซา', 'แอ๊คซ่า', 'แอ๊กซ่า', 'เเอกซ่า', 'axxa']"
35920347,Chubb,non_life,"['chubb', 'ชับบ์', 'chuub', 'ชับ สามัคคี']"
35920347,Chubb,non_life,"['chubb', 'ชับบ์', 'chuub', 'ชับ สามัคคี']"
35920347,ANC,broker,"['anc', 'เอเอ็นซี']"
35920347,ANC,broker,"['anc', 'เอเอ็นซี']"
35920347,ทิพยประกันภัย,non_life,"['ทิพย', 'ทิพยประกันภัย', 'dip', 'dhp', 'tip']"
35920347,ทิพยประกันภัย,non_life,"['ทิพย', 'ทิพยประกันภัย', 'dip', 'dhp', 'tip']"
35928379,,,
35930445,AIA,life,"['aia', 'เอไอเอ']"
35930445,AIA,life,"['aia', 'เอไอเอ']"
35930445,AIA,life,"['aia', 'เอไอเอ']"
35930445,กรุงเทพประกันภัย,non_life,"['กรุงเทพประกันภัย', 'bangkok insurance', 'กรุงเทพ', 'bki']"
35930445,กรุงเทพประกันภัย,non_life,"['กรุงเทพประกันภัย', 'bangkok insurance', 'กรุงเทพ', 'bki']"
35930445,กรุงเทพประกันภัย,non_life,"['กรุงเทพประกันภัย', 'bangkok insurance', 'กรุงเทพ', 'bki']"
35930445,ธนาคารกรุงเทพ,broker,"['ธนาคารกรุงเทพ', 'บัวหลวง']"
35930445,ธนาคารกรุงเทพ,broker,"['ธนาคารกรุงเทพ', 'บัวหลวง']"
35930445,ธนาคารกรุงเทพ,broker,"['ธนาคารกรุงเทพ', 'บัวหลวง']"
35930468,,,
35936157,,,
35937006,,,
35939222,เมืองไทยประกันชีวิต,life,"['เมืองไทยประกันชีวิต', 'เมืองไทย', 'muangthai', 'mtl', 'ประกันชีวิตสีชมพู']"
35946606,พรูเด็นเชียล,life,"['prudential', 'พรูเด็นเชียล', 'พรูเดนเชียล']"
35950765,Allianz Ayudhya,life,"['allianz', 'อลิอันซ์', 'อลิอันซ์อยุธยา', 'azay', 'อริอันซ์ อยุธยา', 'อลิอันช์', 'alianz ayudhya', 'az y']"
35952262,Krungthai AXA,non_life,"['กรุงไทยแอกซ่า', 'axa', 'แอกซ่า', 'แอกซา', 'เเอกซ่า', 'แอคซ่า', 'เเอคซา', 'กรุงไทยแอกซา', 'แอ๊คซ่า', 'แอ๊กซ่า', 'เเอกซ่า', 'axxa']"
35954423,SCB,broker,"['scb', 'ไทยพาณิชย์', 'ไทยพานิชย์', 'ธนาคารสีม่วง', 'cardx']"
35963421,เมืองไทยประกันชีวิต,life,"['เมืองไทยประกันชีวิต', 'เมืองไทย', 'muangthai', 'mtl', 'ประกันชีวิตสีชมพู']"
35963421,ไทยประกันชีวิต,life,"['ไทยประกันชีวิต', 'ไทยประกัน']"
35963832,,,
35967031,,,
35971190,วิริยะประกันภัย,non_life,"['วิริยะ', 'viriyah', 'วรย', 'วิริยา']"
35971626,,,
35975941,รู้ใจประกันภัย,non_life,"['รู้ใจประกันภัย', 'ประกันรู้ใจ', 'ประกันจิงโจ้', 'roo jai', 'roojai']"
35975941,กรุงไทยพานิชประกันภัย,non_life,"['kpi', 'กรุงไทยประกันภัย', 'กรุงไทย ธนวัฏ', 'กรุงไทยพานิช']"
35975941,ธนชาตประกันภัย,non_life,"['ธนชาตประกันภัย', 'ธนชาต', 'ธนชาติ', 'ประกันภัยสีส้ม']"
35975941,ไทยวิวัฒน์,non_life,"['ไทยวิวัฒน์', 'thaivivat', 'ไทยวิวัตน์']"
35976803,วิริยะประกันภัย,non_life,"['วิริยะ', 'viriyah', 'วรย', 'วิริยา']"
35982511,เมืองไทยประกันชีวิต,life,"['เมืองไทยประกันชีวิต', 'เมืองไทย', 'muangthai', 'mtl', 'ประกันชีวิตสีชมพู']"
35982511,ไทยประกันชีวิต,life,"['ไทยประกันชีวิต', 'ไทยประกัน']"
35984158,SCB,broker,"['scb', 'ไทยพาณิชย์', 'ไทยพานิชย์', 'ธนาคารสีม่วง', 'cardx']"
35984158,ทหารไทยธนชาต,broker,"['ทหารไทยธนชาต', 'ttb', 'tmb', 'ธนาคารทหารไทย', 'ทหารไทย']"
35985080,อินทรประกันภัย,non_life,['อินทร']
35993757,,,
35997156,กสิกรไทย,broker,"['กสิกร', 'k bank', 'แบงค์เขียว']"
36001082,,,
36002318,,,
36008946,,,
36012541,เอเชียประกันภัย,non_life,"['เอเชียประกันภัย', 'เอเชีย', 'asia']"
36022968,,,
36026477,,,
36026826,,,
36029666,,,
36030792,กรุงไทยพานิชประกันภัย,non_life,"['kpi', 'กรุงไทยประกันภัย', 'กรุงไทย ธนวัฏ', 'กรุงไทยพานิช']"
36032254,,,
36032474,วิริยะประกันภัย,non_life,"['วิริยะ', 'viriyah', 'วรย', 'วิริยา']"
36033869,,,
36034529,AIG,non_life,"['aig', 'เอไอจี']"
36036797,กรุงเทพประกันภัย,non_life,"['กรุงเทพประกันภัย', 'bangkok insurance', 'กรุงเทพ', 'bki']"
36039146,,,
36042169,,,
36044909,,,
36045758,Allianz Ayudhya,life,"['allianz', 'อลิอันซ์', 'อลิอันซ์อยุธยา', 'azay', 'อริอันซ์ อยุธยา', 'อลิอันช์', 'alianz ayudhya', 'az y']"
36045758,Allianz Ayudhya,life,"['allianz', 'อลิอันซ์', 'อลิอันซ์อยุธยา', 'azay', 'อริอันซ์ อยุธยา', 'อลิอันช์', 'alianz ayudhya', 'az y']"
36045758,Allianz Ayudhya,life,"['allianz', 'อลิอันซ์', 'อลิอันซ์อยุธยา', 'azay', 'อริอันซ์ อยุธยา', 'อลิอันช์', 'alianz ayudhya', 'az y']"
36045758,สินทรัพย์ประกันภัย,non_life,['สินทรัพย์']
36045758,สินทรัพย์ประกันภัย,non_life,['สินทรัพย์']
36045758,สินทรัพย์ประกันภัย,non_life,['สินทรัพย์']
36045758,AEON,broker,"['aeon', 'อิออน']"
36045758,AEON,broker,"['aeon', 'อิออน']"
36045758,AEON,broker,"['aeon', 'อิออน']"
36045758,ANC,broker,"['anc', 'เอเอ็นซี']"
36045758,ANC,broker,"['anc', 'เอเอ็นซี']"
36045758,ANC,broker,"['anc', 'เอเอ็นซี']"
36048156,ไทยวิวัฒน์,non_life,"['ไทยวิวัฒน์', 'thaivivat', 'ไทยวิวัตน์']"
36048156,ทิพยประกันภัย,non_life,"['ทิพย', 'ทิพยประกันภัย', 'dip', 'dhp', 'tip']"
36048156,ธนชาตประกันภัย,non_life,"['ธนชาตประกันภัย', 'ธนชาต', 'ธนชาติ', 'ประกันภัยสีส้ม']"
36050093,โตเกียวมารีนประกันชีวิต,life,['โตเกียวมารีนประกันชีวิต']
36050093,โตเกียวมารีนประกันชีวิต,life,['โตเกียวมารีนประกันชีวิต']
36050093,คุ้มภัยโตเกียวมารีน,non_life,"['ประกันคุ้มภัย', 'คุ้มภัย', 'คภ.', 'โตเกียวมารีน', 'tokio marine']"
36050093,คุ้มภัยโตเกียวมารีน,non_life,"['ประกันคุ้มภัย', 'คุ้มภัย', 'คภ.', 'โตเกียวมารีน', 'tokio marine']"
36050093,ธนชาตประกันภัย,non_life,"['ธนชาตประกันภัย', 'ธนชาต', 'ธนชาติ', 'ประกันภัยสีส้ม']"
36050093,ธนชาตประกันภัย,non_life,"['ธนชาตประกันภัย', 'ธนชาต', 'ธนชาติ', 'ประกันภัยสีส้ม']"
36050809,Krungthai AXA,non_life,"['กรุงไทยแอกซ่า', 'axa', 'แอกซ่า', 'แอกซา', 'เเอกซ่า', 'แอคซ่า', 'เเอคซา', 'กรุงไทยแอกซา', 'แอ๊คซ่า', 'แอ๊กซ่า', 'เเอกซ่า', 'axxa']"
36050809,Krungthai AXA,non_life,"['กรุงไทยแอกซ่า', 'axa', 'แอกซ่า', 'แอกซา', 'เเอกซ่า', 'แอคซ่า', 'เเอคซา', 'กรุงไทยแอกซา', 'แอ๊คซ่า', 'แอ๊กซ่า', 'เเอกซ่า', 'axxa']"
36050809,ธนาคารกรุงไทย,broker,['ธนาคารกรุงไทย']
36050809,ธนาคารกรุงไทย,broker,['ธนาคารกรุงไทย']
36052333,,,
36053817,AIA,life,"['aia', 'เอไอเอ']"
36055385,Krungthai AXA,non_life,"['กรุงไทยแอกซ่า', 'axa', 'แอกซ่า', 'แอกซา', 'เเอกซ่า', 'แอคซ่า', 'เเอคซา', 'กรุงไทยแอกซา', 'แอ๊คซ่า', 'แอ๊กซ่า', 'เเอกซ่า', 'axxa']"
36058585,,,
36075056,,,
36075811,,,
36075812,สินทรัพย์ประกันภัย,non_life,['สินทรัพย์']
36075812,สินทรัพย์ประกันภัย,non_life,['สินทรัพย์']
36075812,Ark Insure,broker,"['ark insure', 'อาร์ค', 'ark']"
36075812,Ark Insure,broker,"['ark insure', 'อาร์ค', 'ark']"
36085106,Krungthai AXA,non_life,"['กรุงไทยแอกซ่า', 'axa', 'แอกซ่า', 'แอกซา', 'เเอกซ่า', 'แอคซ่า', 'เเอคซา', 'กรุงไทยแอกซา', 'แอ๊คซ่า', 'แอ๊กซ่า', 'เเอกซ่า', 'axxa']"
36085743,,,
36089308,,,
36098265,วิริยะประกันภัย,non_life,"['วิริยะ', 'viriyah', 'วรย', 'วิริยา']"
36111757,,,
36112288,Cigna,life,"['cigna', 'ซิกน่า', 'ซิกม่า']"
36113102,,,
36115159,สินมั่นคง,non_life,"['สินมั่นคง', 'สินมั่งคง']"
36115159,อาคเนย์,non_life,"['อาคเนย์', 'aekn']"
36120202,,,
36130670,,,
36131227,กรุงเทพประกันภัย,non_life,"['กรุงเทพประกันภัย', 'bangkok insurance', 'กรุงเทพ', 'bki']"
36137076,Krungthai AXA,non_life,"['กรุงไทยแอกซ่า', 'axa', 'แอกซ่า', 'แอกซา', 'เเอกซ่า', 'แอคซ่า', 'เเอคซา', 'กรุงไทยแอกซา', 'แอ๊คซ่า', 'แอ๊กซ่า', 'เเอกซ่า', 'axxa']"
36141881,,,
36144827,Krungthai AXA,non_life,"['กรุงไทยแอกซ่า', 'axa', 'แอกซ่า', 'แอกซา', 'เเอกซ่า', 'แอคซ่า', 'เเอคซา', 'กรุงไทยแอกซา', 'แอ๊คซ่า', 'แอ๊กซ่า', 'เเอกซ่า', 'axxa']"
36146736,,,
36147208,,,
36149488,,,
36149905,,,
36150400,วิริยะประกันภัย,non_life,"['วิริยะ', 'viriyah', 'วรย', 'วิริยา']"
36158102,สินมั่นคง,non_life,"['สินมั่นคง', 'สินมั่งคง']"
36161551,Allianz Ayudhya,life,"['allianz', 'อลิอันซ์', 'อลิอันซ์อยุธยา', 'azay', 'อริอันซ์ อยุธยา', 'อลิอันช์', 'alianz ayudhya', 'az y']"
36161551,Allianz Ayudhya,life,"['allianz', 'อลิอันซ์', 'อลิอันซ์อยุธยา', 'azay', 'อริอันซ์ อยุธยา', 'อลิอันช์', 'alianz ayudhya', 'az y']"
36161551,ทิพยประกันภัย,non_life,"['ทิพย', 'ทิพยประกันภัย', 'dip', 'dhp', 'tip']"
36161551,ทิพยประกันภัย,non_life,"['ทิพย', 'ทิพยประกันภัย', 'dip', 'dhp', 'tip']"
36163415,,,
36164054,Cigna,life,"['cigna', 'ซิกน่า', 'ซิกม่า']"
36164666,,,
36167068,,,
36177640,AIA,life,"['aia', 'เอไอเอ']"
36183617,เมืองไทยประกันชีวิต,life,"['เมืองไทยประกันชีวิต', 'เมืองไทย', 'muangthai', 'mtl', 'ประกันชีวิตสีชมพู']"
36183617,เมืองไทยประกันชีวิต,life,"['เมืองไทยประกันชีวิต', 'เมืองไทย', 'muangthai', 'mtl', 'ประกันชีวิตสีชมพู']"
36183617,วิริยะประกันภัย,non_life,"['วิริยะ', 'viriyah', 'วรย', 'วิริยา']"
36183617,วิริยะประกันภัย,non_life,"['วิริยะ', 'viriyah', 'วรย', 'วิริยา']"
36183751,เอเชียประกันภัย,non_life,"['เอเชียประกันภัย', 'เอเชีย', 'asia']"
36193723,ธนชาตประกันภัย,non_life,"['ธนชาตประกันภัย', 'ธนชาต', 'ธนชาติ', 'ประกันภัยสีส้ม']"
36196771,เมืองไทยประกันชีวิต,life,"['เมืองไทยประกันชีวิต', 'เมืองไทย', 'muangthai', 'mtl', 'ประกันชีวิตสีชมพู']"
36196771,เมืองไทยประกันชีวิต,life,"['เมืองไทยประกันชีวิต', 'เมืองไทย', 'muangthai', 'mtl', 'ประกันชีวิตสีชมพู']"
36196771,ไทยประกันชีวิต,life,"['ไทยประกันชีวิต', 'ไทยประกัน']"
36196771,ไทยประกันชีวิต,life,"['ไทยประกันชีวิต', 'ไทยประกัน']"
36196771,วิริยะประกันภัย,non_life,"['วิริยะ', 'viriyah', 'วรย', 'วิริยา']"
36196771,วิริยะประกันภัย,non_life,"['วิริยะ', 'viriyah', 'วรย', 'วิริยา']"
36196771,ทิพยประกันภัย,non_life,"['ทิพย', 'ทิพยประกันภัย', 'dip', 'dhp', 'tip']"
36196771,ทิพยประกันภัย,non_life,"['ทิพย', 'ทิพยประกันภัย', 'dip', 'dhp', 'tip']"
36198142,,,
36200522,Krungthai AXA,non_life,"['กรุงไทยแอกซ่า', 'axa', 'แอกซ่า', 'แอกซา', 'เเอกซ่า', 'แอคซ่า', 'เเอคซา', 'กรุงไทยแอกซา', 'แอ๊คซ่า', 'แอ๊กซ่า', 'เเอกซ่า', 'axxa']"
36200522,ทิพยประกันภัย,non_life,"['ทิพย', 'ทิพยประกันภัย', 'dip', 'dhp', 'tip']"
36200728,,,
36217699,สินมั่นคง,non_life,"['สินมั่นคง', 'สินมั่งคง']"
36225217,,,
36226589,,,
36229327,,,
36232680,AIA,life,"['aia', 'เอไอเอ']"
36234151,,,
36237715,วิริยะประกันภัย,non_life,"['วิริยะ', 'viriyah', 'วรย', 'วิริยา']"
36245480,AIA,life,"['aia', 'เอไอเอ']"
36247387,,,
36248534,,,
36252546,Chubb,non_life,"['chubb', 'ชับบ์', 'chuub', 'ชับ สามัคคี']"
36252546,Chubb,non_life,"['chubb', 'ชับบ์', 'chuub', 'ชับ สามัคคี']"
36252546,SCB,broker,"['scb', 'ไทยพาณิชย์', 'ไทยพานิชย์', 'ธนาคารสีม่วง', 'cardx']"
36252546,SCB,broker,"['scb', 'ไทยพาณิชย์', 'ไทยพานิชย์', 'ธนาคารสีม่วง', 'cardx']"
36254246,กรุงเทพประกันภัย,non_life,"['กรุงเทพประกันภัย', 'bangkok insurance', 'กรุงเทพ', 'bki']"
36254246,ทิพยประกันภัย,non_life,"['ทิพย', 'ทิพยประกันภัย', 'dip', 'dhp', 'tip']"
36256078,Krungthai AXA,non_life,"['กรุงไทยแอกซ่า', 'axa', 'แอกซ่า', 'แอกซา', 'เเอกซ่า', 'แอคซ่า', 'เเอคซา', 'กรุงไทยแอกซา', 'แอ๊คซ่า', 'แอ๊กซ่า', 'เเอกซ่า', 'axxa']"
36256578,เมืองไทยประกันชีวิต,life,"['เมืองไทยประกันชีวิต', 'เมืองไทย', 'muangthai', 'mtl', 'ประกันชีวิตสีชมพู']"
36271351,,,
36271784,วิริยะประกันภัย,non_life,"['วิริยะ', 'viriyah', 'วรย', 'วิริยา']"
36271784,วิริยะประกันภัย,non_life,"['วิริยะ', 'viriyah', 'วรย', 'วิริยา']"
36271784,ธ.ก.ส.,broker,"['ธ.ก.ส.', 'ธกส']"
36271784,ธ.ก.ส.,broker,"['ธ.ก.ส.', 'ธกส']"
36279110,คุ้มภัยโตเกียวมารีน,non_life,"['ประกันคุ้มภัย', 'คุ้มภัย', 'คภ.', 'โตเกียวมารีน', 'tokio marine']"
36280939,Krungthai AXA,non_life,"['กรุงไทยแอกซ่า', 'axa', 'แอกซ่า', 'แอกซา', 'เเอกซ่า', 'แอคซ่า', 'เเอคซา', 'กรุงไทยแอกซา', 'แอ๊คซ่า', 'แอ๊กซ่า', 'เเอกซ่า', 'axxa']"
36288574,ไทยวิวัฒน์,non_life,"['ไทยวิวัฒน์', 'thaivivat', 'ไทยวิวัตน์']"
36292904,ไทยประกันชีวิต,life,"['ไทยประกันชีวิต', 'ไทยประกัน']"
36292904,ไทยประกันชีวิต,life,"['ไทยประกันชีวิต', 'ไทยประกัน']"
36292904,ไทยประกันชีวิต,life,"['ไทยประกันชีวิต', 'ไทยประกัน']"
36292904,AIA,life,"['aia', 'เอไอเอ']"
36292904,AIA,life,"['aia', 'เอไอเอ']"
36292904,AIA,life,"['aia', 'เอไอเอ']"
36292904,กรุงเทพประกันภัย,non_life,"['กรุงเทพประกันภัย', 'bangkok insurance', 'กรุงเทพ', 'bki']"
36292904,กรุงเทพประกันภัย,non_life,"['กรุงเทพประกันภัย', 'bangkok insurance', 'กรุงเทพ', 'bki']"
36292904,กรุงเทพประกันภัย,non_life,"['กรุงเทพประกันภัย', 'bangkok insurance', 'กรุงเทพ', 'bki']"
36292904,ธนชาตประกันภัย,non_life,"['ธนชาตประกันภัย', 'ธนชาต', 'ธนชาติ', 'ประกันภัยสีส้ม']"
36292904,ธนชาตประกันภัย,non_life,"['ธนชาตประกันภัย', 'ธนชาต', 'ธนชาติ', 'ประกันภัยสีส้ม']"
36292904,ธนชาตประกันภัย,non_life,"['ธนชาตประกันภัย', 'ธนชาต', 'ธนชาติ', 'ประกันภัยสีส้ม']"
36292904,ศรีอยุธยาประกันภัย,non_life,['ศรีอยุธยา']
36292904,ศรีอยุธยาประกันภัย,non_life,['ศรีอยุธยา']
36292904,ศรีอยุธยาประกันภัย,non_life,['ศรีอยุธยา']
36292904,กสิกรไทย,broker,"['กสิกร', 'k bank', 'แบงค์เขียว']"
36292904,กสิกรไทย,broker,"['กสิกร', 'k bank', 'แบงค์เขียว']"
36292904,กสิกรไทย,broker,"['กสิกร', 'k bank', 'แบงค์เขียว']"
36292904,SCB,broker,"['scb', 'ไทยพาณิชย์', 'ไทยพานิชย์', 'ธนาคารสีม่วง', 'cardx']"
36292904,SCB,broker,"['scb', 'ไทยพาณิชย์', 'ไทยพานิชย์', 'ธนาคารสีม่วง', 'cardx']"
36292904,SCB,broker,"['scb', 'ไทยพาณิชย์', 'ไทยพานิชย์', 'ธนาคารสีม่วง', 'cardx']"
36292904,ธนาคารกรุงเทพ,broker,"['ธนาคารกรุงเทพ', 'บัวหลวง']"
36292904,ธนาคารกรุงเทพ,broker,"['ธนาคารกรุงเทพ', 'บัวหลวง']"
36292904,ธนาคารกรุงเทพ,broker,"['ธนาคารกรุงเทพ', 'บัวหลวง']"
36292904,ธนาคารออมสิน,broker,"['GSB', 'ออมสิน']"
36292904,ธนาคารออมสิน,broker,"['GSB', 'ออมสิน']"
36292904,ธนาคารออมสิน,broker,"['GSB', 'ออมสิน']"
36292904,ธนาคารกรุงไทย,broker,['ธนาคารกรุงไทย']
36292904,ธนาคารกรุงไทย,broker,['ธนาคารกรุงไทย']
36292904,ธนาคารกรุงไทย,broker,['ธนาคารกรุงไทย']
36292904,ทหารไทยธนชาต,broker,"['ทหารไทยธนชาต', 'ttb', 'tmb', 'ธนาคารทหารไทย', 'ทหารไทย']"
36292904,ทหารไทยธนชาต,broker,"['ทหารไทยธนชาต', 'ttb', 'tmb', 'ธนาคารทหารไทย', 'ทหารไทย']"
36292904,ทหารไทยธนชาต,broker,"['ทหารไทยธนชาต', 'ttb', 'tmb', 'ธนาคารทหารไทย', 'ทหารไทย']"
36293682,เมืองไทยประกันชีวิต,life,"['เมืองไทยประกันชีวิต', 'เมืองไทย', 'muangthai', 'mtl', 'ประกันชีวิตสีชมพู']"
36313949,ไทยวิวัฒน์,non_life,"['ไทยวิวัฒน์', 'thaivivat', 'ไทยวิวัตน์']"
36314281,,,
36320511,,,
36324345,,,
36329139,AIA,life,"['aia', 'เอไอเอ']"
36329139,ไทยประกันชีวิต,life,"['ไทยประกันชีวิต', 'ไทยประกัน']"
36337492,,,
36346476,ธนชาตประกันภัย,non_life,"['ธนชาตประกันภัย', 'ธนชาต', 'ธนชาติ', 'ประกันภัยสีส้ม']"
36348522,SOMPO,non_life,"['sompo', 'ซมโปะ']"
36351063,,,
36351072,เมืองไทยประกันชีวิต,life,"['เมืองไทยประกันชีวิต', 'เมืองไทย', 'muangthai', 'mtl', 'ประกันชีวิตสีชมพู']"
36351072,ไทยประกันชีวิต,life,"['ไทยประกันชีวิต', 'ไทยประกัน']"
36352588,AIA,life,"['aia', 'เอไอเอ']"
36358663,,,
36358812,SCB,broker,"['scb', 'ไทยพาณิชย์', 'ไทยพานิชย์', 'ธนาคารสีม่วง', 'cardx']"
36365766,,,
36369465,,,
36372426,กรุงเทพประกันภัย,non_life,"['กรุงเทพประกันภัย', 'bangkok insurance', 'กรุงเทพ', 'bki']"
36386366,,,
36389129,เมืองไทยประกันชีวิต,life,"['เมืองไทยประกันชีวิต', 'เมืองไทย', 'muangthai', 'mtl', 'ประกันชีวิตสีชมพู']"
36389129,ไทยประกันชีวิต,life,"['ไทยประกันชีวิต', 'ไทยประกัน']"
36389184,ธนชาตประกันภัย,non_life,"['ธนชาตประกันภัย', 'ธนชาต', 'ธนชาติ', 'ประกันภัยสีส้ม']"
36389893,Allianz Ayudhya,life,"['allianz', 'อลิอันซ์', 'อลิอันซ์อยุธยา', 'azay', 'อริอันซ์ อยุธยา', 'อลิอันช์', 'alianz ayudhya', 'az y']"
36389893,Allianz Ayudhya,life,"['allianz', 'อลิอันซ์', 'อลิอันซ์อยุธยา', 'azay', 'อริอันซ์ อยุธยา', 'อลิอันช์', 'alianz ayudhya', 'az y']"
36389893,AEON,broker,"['aeon', 'อิออน']"
36389893,AEON,broker,"['aeon', 'อิออน']"
36393284,ไทยประกันชีวิต,life,"['ไทยประกันชีวิต', 'ไทยประกัน']"
36393284,เมืองไทยประกันชีวิต,life,"['เมืองไทยประกันชีวิต', 'เมืองไทย', 'muangthai', 'mtl', 'ประกันชีวิตสีชมพู']"
36393433,,,
36401629,Krungsri First Choice,broker,"['first choice', 'กรุงศรี เฟิร์สช้อยส์', 'กรุงศรีเฟิร์สช้อย', 'เฟิสช้อย', 'เฟริสช้อย']"
36413254,,,
36445720,Krungsri First Choice,broker,"['first choice', 'กรุงศรี เฟิร์สช้อยส์', 'กรุงศรีเฟิร์สช้อย', 'เฟิสช้อย', 'เฟริสช้อย']"
36447687,อาคเนย์,non_life,"['อาคเนย์', 'aekn']"
36447687,อินทรประกันภัย,non_life,['อินทร']
36455708,ไทยวิวัฒน์,non_life,"['ไทยวิวัฒน์', 'thaivivat', 'ไทยวิวัตน์']"
36460218,,,
36460447,ทิพยประกันภัย,non_life,"['ทิพย', 'ทิพยประกันภัย', 'dip', 'dhp', 'tip']"
36460447,อาคเนย์,non_life,"['อาคเนย์', 'aekn']"
36460447,อินทรประกันภัย,non_life,['อินทร']
36463041,ไทยวิวัฒน์,non_life,"['ไทยวิวัฒน์', 'thaivivat', 'ไทยวิวัตน์']"
36463041,กรุงเทพประกันภัย,non_life,"['กรุงเทพประกันภัย', 'bangkok insurance', 'กรุงเทพ', 'bki']"
36466896,MSIG,non_life,"['msig', 'เอ็มเอสไอจี']"
36476816,,,
36479477,วิริยะประกันภัย,non_life,"['วิริยะ', 'viriyah', 'วรย', 'วิริยา']"
36479477,วิริยะประกันภัย,non_life,"['วิริยะ', 'viriyah', 'วรย', 'วิริยา']"
36479477,Silkspan,broker,['silkspan']
36479477,Silkspan,broker,['silkspan']
36479477,ธนชาตประกันภัย,non_life,"['ธนชาตประกันภัย', 'ธนชาต', 'ธนชาติ', 'ประกันภัยสีส้ม']"
36479477,ธนชาตประกันภัย,non_life,"['ธนชาตประกันภัย', 'ธนชาต', 'ธนชาติ', 'ประกันภัยสีส้ม']"
36481909,เมืองไทยประกันชีวิต,life,"['เมืองไทยประกันชีวิต', 'เมืองไทย', 'muangthai', 'mtl', 'ประกันชีวิตสีชมพู']"
36485996,อาคเนย์,non_life,"['อาคเนย์', 'aekn']"
36485996,อาคเนย์,non_life,"['อาคเนย์', 'aekn']"
36485996,KTC,broker,"['บัตรกรุงไทย', 'ktc']"
36485996,KTC,broker,"['บัตรกรุงไทย', 'ktc']"
36487853,,,
36496198,,,
36504867,,,
36508298,ธนชาตประกันภัย,non_life,"['ธนชาตประกันภัย', 'ธนชาต', 'ธนชาติ', 'ประกันภัยสีส้ม']"
36510613,Generali,non_life,"['generali', 'เจนเนอราลี่']"
36510613,Generali,non_life,"['generali', 'เจนเนอราลี่']"
36510613,ANC,broker,"['anc', 'เอเอ็นซี']"
36510613,ANC,broker,"['anc', 'เอเอ็นซี']"
36510613,KTC,broker,"['บัตรกรุงไทย', 'ktc']"
36510613,KTC,broker,"['บัตรกรุงไทย', 'ktc']"
36511205,,,
36520227,,,
36522329,,,
36532686,,,
36540202,,,
36540421,,,
36540691,,,
36541135,,,
36541566,,,
36543284,,,
36546977,Chubb,non_life,"['chubb', 'ชับบ์', 'chuub', 'ชับ สามัคคี']"
36547446,,,
36547726,,,
36548004,เมืองไทยประกันชีวิต,life,"['เมืองไทยประกันชีวิต', 'เมืองไทย', 'muangthai', 'mtl', 'ประกันชีวิตสีชมพู']"
36548524,MSIG,non_life,"['msig', 'เอ็มเอสไอจี']"
36548524,กรุงเทพประกันภัย,non_life,"['กรุงเทพประกันภัย', 'bangkok insurance', 'กรุงเทพ', 'bki']"
36553101,,,
36554848,ไทยประกันชีวิต,life,"['ไทยประกันชีวิต', 'ไทยประกัน']"
36559994,,,
36565723,,,
36571400,,,
36572211,,,
36575498,วิริยะประกันภัย,non_life,"['วิริยะ', 'viriyah', 'วรย', 'วิริยา']"
36575498,กรุงเทพประกันภัย,non_life,"['กรุงเทพประกันภัย', 'bangkok insurance', 'กรุงเทพ', 'bki']"
36579390,,,
36582784,,,
36582833,,,
36583498,MSIG,non_life,"['msig', 'เอ็มเอสไอจี']"
36585102,Krungthai AXA,non_life,"['กรุงไทยแอกซ่า', 'axa', 'แอกซ่า', 'แอกซา', 'เเอกซ่า', 'แอคซ่า', 'เเอคซา', 'กรุงไทยแอกซา', 'แอ๊คซ่า', 'แอ๊กซ่า', 'เเอกซ่า', 'axxa']"
36585102,Krungthai AXA,non_life,"['กรุงไทยแอกซ่า', 'axa', 'แอกซ่า', 'แอกซา', 'เเอกซ่า', 'แอคซ่า', 'เเอคซา', 'กรุงไทยแอกซา', 'แอ๊คซ่า', 'แอ๊กซ่า', 'เเอกซ่า', 'axxa']"
36585102,ธนาคารกรุงไทย,broker,['ธนาคารกรุงไทย']
36585102,ธนาคารกรุงไทย,broker,['ธนาคารกรุงไทย']
36585102,กรุงไทยพานิชประกันภัย,non_life,"['kpi', 'กรุงไทยประกันภัย', 'กรุงไทย ธนวัฏ', 'กรุงไทยพานิช']"
36585102,กรุงไทยพานิชประกันภัย,non_life,"['kpi', 'กรุงไทยประกันภัย', 'กรุงไทย ธนวัฏ', 'กรุงไทยพานิช']"
36586818,,,
36588220,ไทยไพบูลย์,non_life,"['ไทยไพบูลย์', 'ไทยไพบูร']"
36588906,,,
36593124,AIA,life,"['aia', 'เอไอเอ']"
36594689,,,
36602402,,,
36609328,ธนชาตประกันภัย,non_life,"['ธนชาตประกันภัย', 'ธนชาต', 'ธนชาติ', 'ประกันภัยสีส้ม']"
36609328,อินทรประกันภัย,non_life,['อินทร']
36610954,,,
36615793,วิริยะประกันภัย,non_life,"['วิริยะ', 'viriyah', 'วรย', 'วิริยา']"
36616537,,,
36627447,,,
36632085,Cigna,life,"['cigna', 'ซิกน่า', 'ซิกม่า']"
36632085,Cigna,life,"['cigna', 'ซิกน่า', 'ซิกม่า']"
36632085,กรุงเทพประกันภัย,non_life,"['กรุงเทพประกันภัย', 'bangkok insurance', 'กรุงเทพ', 'bki']"
36632085,กรุงเทพประกันภัย,non_life,"['กรุงเทพประกันภัย', 'bangkok insurance', 'กรุงเทพ', 'bki']"
36634418,,,
36635702,Krungthai AXA,non_life,"['กรุงไทยแอกซ่า', 'axa', 'แอกซ่า', 'แอกซา', 'เเอกซ่า', 'แอคซ่า', 'เเอคซา', 'กรุงไทยแอกซา', 'แอ๊คซ่า', 'แอ๊กซ่า', 'เเอกซ่า', 'axxa']"
36636644,,,
36638012,Allianz Ayudhya,life,"['allianz', 'อลิอันซ์', 'อลิอันซ์อยุธยา', 'azay', 'อริอันซ์ อยุธยา', 'อลิอันช์', 'alianz ayudhya', 'az y']"
36638012,Allianz Ayudhya,life,"['allianz', 'อลิอันซ์', 'อลิอันซ์อยุธยา', 'azay', 'อริอันซ์ อยุธยา', 'อลิอันช์', 'alianz ayudhya', 'az y']"
36638012,Krungsri First Choice,broker,"['first choice', 'กรุงศรี เฟิร์สช้อยส์', 'กรุงศรีเฟิร์สช้อย', 'เฟิสช้อย', 'เฟริสช้อย']"
36638012,Krungsri First Choice,broker,"['first choice', 'กรุงศรี เฟิร์สช้อยส์', 'กรุงศรีเฟิร์สช้อย', 'เฟิสช้อย', 'เฟริสช้อย']"
36639563,AIA,life,"['aia', 'เอไอเอ']"
36639563,AIA,life,"['aia', 'เอไอเอ']"
36639563,AIA,life,"['aia', 'เอไอเอ']"
36639563,เทเวศประกันภัย,non_life,['เทเวศ']
36639563,เทเวศประกันภัย,non_life,['เทเวศ']
36639563,เทเวศประกันภัย,non_life,['เทเวศ']
36639563,SCB,broker,"['scb', 'ไทยพาณิชย์', 'ไทยพานิชย์', 'ธนาคารสีม่วง', 'cardx']"
36639563,SCB,broker,"['scb', 'ไทยพาณิชย์', 'ไทยพานิชย์', 'ธนาคารสีม่วง', 'cardx']"
36639563,SCB,broker,"['scb', 'ไทยพาณิชย์', 'ไทยพานิชย์', 'ธนาคารสีม่วง', 'cardx']"
36641471,,,
36642938,,,
36644689,AIA,life,"['aia', 'เอไอเอ']"
36644689,เมืองไทยประกันชีวิต,life,"['เมืองไทยประกันชีวิต', 'เมืองไทย', 'muangthai', 'mtl', 'ประกันชีวิตสีชมพู']"
36656808,AIA,life,"['aia', 'เอไอเอ']"
36656861,,,
36661401,AIA,life,"['aia', 'เอไอเอ']"
36663241,AEON,broker,"['aeon', 'อิออน']"
36670691,,,
36674323,พรูเด็นเชียล,life,"['prudential', 'พรูเด็นเชียล', 'พรูเดนเชียล']"
36675031,วิริยะประกันภัย,non_life,"['วิริยะ', 'viriyah', 'วรย', 'วิริยา']"
36677594,AIA,life,"['aia', 'เอไอเอ']"
36679941,,,
36689418,Krungthai AXA,non_life,"['กรุงไทยแอกซ่า', 'axa', 'แอกซ่า', 'แอกซา', 'เเอกซ่า', 'แอคซ่า', 'เเอคซา', 'กรุงไทยแอกซา', 'แอ๊คซ่า', 'แอ๊กซ่า', 'เเอกซ่า', 'axxa']"
36691193,,,
36704803,,,
36704928,ธนชาตประกันภัย,non_life,"['ธนชาตประกันภัย', 'ธนชาต', 'ธนชาติ', 'ประกันภัยสีส้ม']"
36706598,,,
36707687,,,
36709047,,,
36717813,ANC,broker,"['anc', 'เอเอ็นซี']"
36718877,,,
36719083,,,
36720228,,,
36723394,เมืองไทยประกันชีวิต,life,"['เมืองไทยประกันชีวิต', 'เมืองไทย', 'muangthai', 'mtl', 'ประกันชีวิตสีชมพู']"
36723394,เมืองไทยประกันชีวิต,life,"['เมืองไทยประกันชีวิต', 'เมืองไทย', 'muangthai', 'mtl', 'ประกันชีวิตสีชมพู']"
36723394,กรุงเทพประกันภัย,non_life,"['กรุงเทพประกันภัย', 'bangkok insurance', 'กรุงเทพ', 'bki']"
36723394,กรุงเทพประกันภัย,non_life,"['กรุงเทพประกันภัย', 'bangkok insurance', 'กรุงเทพ', 'bki']"
36723409,AIA,life,"['aia', 'เอไอเอ']"
36723409,AIA,life,"['aia', 'เอไอเอ']"
36723409,Krungthai AXA,non_life,"['กรุงไทยแอกซ่า', 'axa', 'แอกซ่า', 'แอกซา', 'เเอกซ่า', 'แอคซ่า', 'เเอคซา', 'กรุงไทยแอกซา', 'แอ๊คซ่า', 'แอ๊กซ่า', 'เเอกซ่า', 'axxa']"
36723409,Krungthai AXA,non_life,"['กรุงไทยแอกซ่า', 'axa', 'แอกซ่า', 'แอกซา', 'เเอกซ่า', 'แอคซ่า', 'เเอคซา', 'กรุงไทยแอกซา', 'แอ๊คซ่า', 'แอ๊กซ่า', 'เเอกซ่า', 'axxa']"
36726782,,,
36726822,Krungthai AXA,non_life,"['กรุงไทยแอกซ่า', 'axa', 'แอกซ่า', 'แอกซา', 'เเอกซ่า', 'แอคซ่า', 'เเอคซา', 'กรุงไทยแอกซา', 'แอ๊คซ่า', 'แอ๊กซ่า', 'เเอกซ่า', 'axxa']"
36726822,Krungthai AXA,non_life,"['กรุงไทยแอกซ่า', 'axa', 'แอกซ่า', 'แอกซา', 'เเอกซ่า', 'แอคซ่า', 'เเอคซา', 'กรุงไทยแอกซา', 'แอ๊คซ่า', 'แอ๊กซ่า', 'เเอกซ่า', 'axxa']"
36726822,เอเชียประกันภัย,non_life,"['เอเชียประกันภัย', 'เอเชีย', 'asia']"
36726822,เอเชียประกันภัย,non_life,"['เอเชียประกันภัย', 'เอเชีย', 'asia']"
36726822,ANC,broker,"['anc', 'เอเอ็นซี']"
36726822,ANC,broker,"['anc', 'เอเอ็นซี']"
36726954,Krungthai AXA,non_life,"['กรุงไทยแอกซ่า', 'axa', 'แอกซ่า', 'แอกซา', 'เเอกซ่า', 'แอคซ่า', 'เเอคซา', 'กรุงไทยแอกซา', 'แอ๊คซ่า', 'แอ๊กซ่า', 'เเอกซ่า', 'axxa']"
36727280,AIA,life,"['aia', 'เอไอเอ']"
36730902,,,
36733603,,,
36737661,กรุงเทพประกันภัย,non_life,"['กรุงเทพประกันภัย', 'bangkok insurance', 'กรุงเทพ', 'bki']"
36737720,FWD,life,"['fwd', 'เอฟดับบลิวดี', 'fwd ประกันชีวิต']"
36737720,FWD,life,"['fwd', 'เอฟดับบลิวดี', 'fwd ประกันชีวิต']"
36737720,ทหารไทยธนชาต,broker,"['ทหารไทยธนชาต', 'ttb', 'tmb', 'ธนาคารทหารไทย', 'ทหารไทย']"
36737720,ทหารไทยธนชาต,broker,"['ทหารไทยธนชาต', 'ttb', 'tmb', 'ธนาคารทหารไทย', 'ทหารไทย']"
36738002,ไทยประกันชีวิต,life,"['ไทยประกันชีวิต', 'ไทยประกัน']"
36738002,ไทยประกันชีวิต,life,"['ไทยประกันชีวิต', 'ไทยประกัน']"
36738002,ทหารไทยธนชาต,broker,"['ทหารไทยธนชาต', 'ttb', 'tmb', 'ธนาคารทหารไทย', 'ทหารไทย']"
36738002,ทหารไทยธนชาต,broker,"['ทหารไทยธนชาต', 'ttb', 'tmb', 'ธนาคารทหารไทย', 'ทหารไทย']"
36738401,,,
36739052,,,
36739514,Thai Samsung Life,life,"['thai samsung life', 'thai samsung']"
36739514,Thai Samsung Life,life,"['thai samsung life', 'thai samsung']"
36739514,AIS,broker,['ais']
36739514,AIS,broker,['ais']
36744086,วิริยะประกันภัย,non_life,"['วิริยะ', 'viriyah', 'วรย', 'วิริยา']"
36744337,Krungthai AXA,non_life,"['กรุงไทยแอกซ่า', 'axa', 'แอกซ่า', 'แอกซา', 'เเอกซ่า', 'แอคซ่า', 'เเอคซา', 'กรุงไทยแอกซา', 'แอ๊คซ่า', 'แอ๊กซ่า', 'เเอกซ่า', 'axxa']"
36750219,AIA,life,"['aia', 'เอไอเอ']"
36756245,Bupa,life,"['bupa', 'บูพา', 'บูพ่า']"
36756245,Bupa,life,"['bupa', 'บูพา', 'บูพ่า']"
36756245,Generali,non_life,"['generali', 'เจนเนอราลี่']"
36756245,Generali,non_life,"['generali', 'เจนเนอราลี่']"
36762657,,,
36762880,กรุงเทพประกันภัย,non_life,"['กรุงเทพประกันภัย', 'bangkok insurance', 'กรุงเทพ', 'bki']"
36764428,,,
36770280,Silkspan,broker,['silkspan']
36773741,FWD,life,"['fwd', 'เอฟดับบลิวดี', 'fwd ประกันชีวิต']"
36773741,FWD,life,"['fwd', 'เอฟดับบลิวดี', 'fwd ประกันชีวิต']"
36773741,ทหารไทยธนชาต,broker,"['ทหารไทยธนชาต', 'ttb', 'tmb', 'ธนาคารทหารไทย', 'ทหารไทย']"
36773741,ทหารไทยธนชาต,broker,"['ทหารไทยธนชาต', 'ttb', 'tmb', 'ธนาคารทหารไทย', 'ทหารไทย']"
36776124,AIA,life,"['aia', 'เอไอเอ']"
36776124,AIA,life,"['aia', 'เอไอเอ']"
36776124,วิริยะประกันภัย,non_life,"['วิริยะ', 'viriyah', 'วรย', 'วิริยา']"
36776124,วิริยะประกันภัย,non_life,"['วิริยะ', 'viriyah', 'วรย', 'วิริยา']"
36776124,ทิพยประกันภัย,non_life,"['ทิพย', 'ทิพยประกันภัย', 'dip', 'dhp', 'tip']"
36776124,ทิพยประกันภัย,non_life,"['ทิพย', 'ทิพยประกันภัย', 'dip', 'dhp', 'tip']"
36781404,MSIG,non_life,"['msig', 'เอ็มเอสไอจี']"
36788459,AIA,life,"['aia', 'เอไอเอ']"
36788459,AIA,life,"['aia', 'เอไอเอ']"
36788459,AIA,life,"['aia', 'เอไอเอ']"
36788459,เมืองไทยประกันชีวิต,life,"['เมืองไทยประกันชีวิต', 'เมืองไทย', 'muangthai', 'mtl', 'ประกันชีวิตสีชมพู']"
36788459,เมืองไทยประกันชีวิต,life,"['เมืองไทยประกันชีวิต', 'เมืองไทย', 'muangthai', 'mtl', 'ประกันชีวิตสีชมพู']"
36788459,เมืองไทยประกันชีวิต,life,"['เมืองไทยประกันชีวิต', 'เมืองไทย', 'muangthai', 'mtl', 'ประกันชีวิตสีชมพู']"
36788459,ไทยประกันชีวิต,life,"['ไทยประกันชีวิต', 'ไทยประกัน']"
36788459,ไทยประกันชีวิต,life,"['ไทยประกันชีวิต', 'ไทยประกัน']"
36788459,ไทยประกันชีวิต,life,"['ไทยประกันชีวิต', 'ไทยประกัน']"
36788459,กรุงเทพประกันชีวิต,life,"['กรุงเทพประกันชีวิต', 'bangkok life', 'bblife']"
36788459,กรุงเทพประกันชีวิต,life,"['กรุงเทพประกันชีวิต', 'bangkok life', 'bblife']"
36788459,กรุงเทพประกันชีวิต,life,"['กรุงเทพประกันชีวิต', 'bangkok life', 'bblife']"
36788459,กรุงเทพประกันภัย,non_life,"['กรุงเทพประกันภัย', 'bangkok insurance', 'กรุงเทพ', 'bki']"
36788459,กรุงเทพประกันภัย,non_life,"['กรุงเทพประกันภัย', 'bangkok insurance', 'กรุงเทพ', 'bki']"
36788459,กรุงเทพประกันภัย,non_life,"['กรุงเทพประกันภัย', 'bangkok insurance', 'กรุงเทพ', 'bki']"
36788459,ทิพยประกันภัย,non_life,"['ทิพย', 'ทิพยประกันภัย', 'dip', 'dhp', 'tip']"
36788459,ทิพยประกันภัย,non_life,"['ทิพย', 'ทิพยประกันภัย', 'dip', 'dhp', 'tip']"
36788459,ทิพยประกันภัย,non_life,"['ทิพย', 'ทิพยประกันภัย', 'dip', 'dhp', 'tip']"
36788459,ธนาคารออมสิน,broker,"['GSB', 'ออมสิน']"
36788459,ธนาคารออมสิน,broker,"['GSB', 'ออมสิน']"
36788459,ธนาคารออมสิน,broker,"['GSB', 'ออมสิน']"
36790625,,,
36791928,AIA,life,"['aia', 'เอไอเอ']"
36791928,AIA,life,"['aia', 'เอไอเอ']"
36791928,AIA,life,"['aia', 'เอไอเอ']"
36791928,กรุงเทพประกันภัย,non_life,"['กรุงเทพประกันภัย', 'bangkok insurance', 'กรุงเทพ', 'bki']"
36791928,กรุงเทพประกันภัย,non_life,"['กรุงเทพประกันภัย', 'bangkok insurance', 'กรุงเทพ', 'bki']"
36791928,กรุงเทพประกันภัย,non_life,"['กรุงเทพประกันภัย', 'bangkok insurance', 'กรุงเทพ', 'bki']"
36791928,SCB,broker,"['scb', 'ไทยพาณิชย์', 'ไทยพานิชย์', 'ธนาคารสีม่วง', 'cardx']"
36791928,SCB,broker,"['scb', 'ไทยพาณิชย์', 'ไทยพานิชย์', 'ธนาคารสีม่วง', 'cardx']"
36791928,SCB,broker,"['scb', 'ไทยพาณิชย์', 'ไทยพานิชย์', 'ธนาคารสีม่วง', 'cardx']"
36793737,,,
36796515,วิริยะประกันภัย,non_life,"['วิริยะ', 'viriyah', 'วรย', 'วิริยา']"
36796515,วิริยะประกันภัย,non_life,"['วิริยะ', 'viriyah', 'วรย', 'วิริยา']"
36796515,TISCO Insure,broker,['ทิสโก้']
36796515,TISCO Insure,broker,['ทิสโก้']
36797206,ไทยสมุทรประกันชีวิต,life,"['ไทยสมุทร', 'ocean life', 'ไทยสมุทรประกันชีวิต']"
36797893,,,
36798853,,,
36800410,เมืองไทยประกันชีวิต,life,"['เมืองไทยประกันชีวิต', 'เมืองไทย', 'muangthai', 'mtl', 'ประกันชีวิตสีชมพู']"
36800410,เมืองไทยประกันชีวิต,life,"['เมืองไทยประกันชีวิต', 'เมืองไทย', 'muangthai', 'mtl', 'ประกันชีวิตสีชมพู']"
36800410,เมืองไทยประกันชีวิต,life,"['เมืองไทยประกันชีวิต', 'เมืองไทย', 'muangthai', 'mtl', 'ประกันชีวิตสีชมพู']"
36800410,ไทยประกันชีวิต,life,"['ไทยประกันชีวิต', 'ไทยประกัน']"
36800410,ไทยประกันชีวิต,life,"['ไทยประกันชีวิต', 'ไทยประกัน']"
36800410,ไทยประกันชีวิต,life,"['ไทยประกันชีวิต', 'ไทยประกัน']"
36800410,เมืองไทยประกันภัย,non_life,['เมืองไทยประกันภัย']
36800410,เมืองไทยประกันภัย,non_life,['เมืองไทยประกันภัย']
36800410,เมืองไทยประกันภัย,non_life,['เมืองไทยประกันภัย']
36800410,Krungthai AXA,non_life,"['กรุงไทยแอกซ่า', 'axa', 'แอกซ่า', 'แอกซา', 'เเอกซ่า', 'แอคซ่า', 'เเอคซา', 'กรุงไทยแอกซา', 'แอ๊คซ่า', 'แอ๊กซ่า', 'เเอกซ่า', 'axxa']"
36800410,Krungthai AXA,non_life,"['กรุงไทยแอกซ่า', 'axa', 'แอกซ่า', 'แอกซา', 'เเอกซ่า', 'แอคซ่า', 'เเอคซา', 'กรุงไทยแอกซา', 'แอ๊คซ่า', 'แอ๊กซ่า', 'เเอกซ่า', 'axxa']"
36800410,Krungthai AXA,non_life,"['กรุงไทยแอกซ่า', 'axa', 'แอกซ่า', 'แอกซา', 'เเอกซ่า', 'แอคซ่า', 'เเอคซา', 'กรุงไทยแอกซา', 'แอ๊คซ่า', 'แอ๊กซ่า', 'เเอกซ่า', 'axxa']"
36800410,MSIG,non_life,"['msig', 'เอ็มเอสไอจี']"
36800410,MSIG,non_life,"['msig', 'เอ็มเอสไอจี']"
36800410,MSIG,non_life,"['msig', 'เอ็มเอสไอจี']"
36800410,ไทยวิวัฒน์,non_life,"['ไทยวิวัฒน์', 'thaivivat', 'ไทยวิวัตน์']"
36800410,ไทยวิวัฒน์,non_life,"['ไทยวิวัฒน์', 'thaivivat', 'ไทยวิวัตน์']"
36800410,ไทยวิวัฒน์,non_life,"['ไทยวิวัฒน์', 'thaivivat', 'ไทยวิวัตน์']"
36800410,ไทยประกันภัย,non_life,['ไทยประกันภัย']
36800410,ไทยประกันภัย,non_life,['ไทยประกันภัย']
36800410,ไทยประกันภัย,non_life,['ไทยประกันภัย']
36800410,ANC,broker,"['anc', 'เอเอ็นซี']"
36800410,ANC,broker,"['anc', 'เอเอ็นซี']"
36800410,ANC,broker,"['anc', 'เอเอ็นซี']"
36801558,,,
36801848,,,
36801871,Krungthai AXA,non_life,"['กรุงไทยแอกซ่า', 'axa', 'แอกซ่า', 'แอกซา', 'เเอกซ่า', 'แอคซ่า', 'เเอคซา', 'กรุงไทยแอกซา', 'แอ๊คซ่า', 'แอ๊กซ่า', 'เเอกซ่า', 'axxa']"
36811932,,,
36814812,วิริยะประกันภัย,non_life,"['วิริยะ', 'viriyah', 'วรย', 'วิริยา']"
36817977,AIA,life,"['aia', 'เอไอเอ']"
36823806,กรุงเทพประกันภัย,non_life,"['กรุงเทพประกันภัย', 'bangkok insurance', 'กรุงเทพ', 'bki']"
36829282,เมืองไทยประกันชีวิต,life,"['เมืองไทยประกันชีวิต', 'เมืองไทย', 'muangthai', 'mtl', 'ประกันชีวิตสีชมพู']"
36829282,เมืองไทยประกันชีวิต,life,"['เมืองไทยประกันชีวิต', 'เมืองไทย', 'muangthai', 'mtl', 'ประกันชีวิตสีชมพู']"
36829282,ไทยประกันชีวิต,life,"['ไทยประกันชีวิต', 'ไทยประกัน']"
36829282,ไทยประกันชีวิต,life,"['ไทยประกันชีวิต', 'ไทยประกัน']"
36829282,เมืองไทยประกันภัย,non_life,['เมืองไทยประกันภัย']
36829282,เมืองไทยประกันภัย,non_life,['เมืองไทยประกันภัย']
36829282,ทิพยประกันภัย,non_life,"['ทิพย', 'ทิพยประกันภัย', 'dip', 'dhp', 'tip']"
36829282,ทิพยประกันภัย,non_life,"['ทิพย', 'ทิพยประกันภัย', 'dip', 'dhp', 'tip']"
36829282,ไทยประกันภัย,non_life,['ไทยประกันภัย']
36829282,ไทยประกันภัย,non_life,['ไทยประกันภัย']
36829282,ฟอลคอนประกันภัย,non_life,['ฟอลคอน']
36829282,ฟอลคอนประกันภัย,non_life,['ฟอลคอน']
36829848,,,
36841547,,,
36845847,กรุงเทพประกันภัย,non_life,"['กรุงเทพประกันภัย', 'bangkok insurance', 'กรุงเทพ', 'bki']"
36845847,กรุงเทพประกันภัย,non_life,"['กรุงเทพประกันภัย', 'bangkok insurance', 'กรุงเทพ', 'bki']"
36845847,วิริยะประกันภัย,non_life,"['วิริยะ', 'viriyah', 'วรย', 'วิริยา']"
36845847,วิริยะประกันภัย,non_life,"['วิริยะ', 'viriyah', 'วรย', 'วิริยา']"
36845847,TQM,broker,"['tqm', 'ทีคิวเอ็ม']"
36845847,TQM,broker,"['tqm', 'ทีคิวเอ็ม']"
36846418,กรุงเทพประกันภัย,non_life,"['กรุงเทพประกันภัย', 'bangkok insurance', 'กรุงเทพ', 'bki']"
36850037,ไทยประกันชีวิต,life,"['ไทยประกันชีวิต', 'ไทยประกัน']"
36850037,ไทยประกันชีวิต,life,"['ไทยประกันชีวิต', 'ไทยประกัน']"
36850037,KTC,broker,"['บัตรกรุงไทย', 'ktc']"
36850037,KTC,broker,"['บัตรกรุงไทย', 'ktc']"
36865090,Krungthai AXA,non_life,"['กรุงไทยแอกซ่า', 'axa', 'แอกซ่า', 'แอกซา', 'เเอกซ่า', 'แอคซ่า', 'เเอคซา', 'กรุงไทยแอกซา', 'แอ๊คซ่า', 'แอ๊กซ่า', 'เเอกซ่า', 'axxa']"
36868446,,,
36869206,AIA,life,"['aia', 'เอไอเอ']"
36869206,AIA,life,"['aia', 'เอไอเอ']"
36869206,Bupa,life,"['bupa', 'บูพา', 'บูพ่า']"
36869206,Bupa,life,"['bupa', 'บูพา', 'บูพ่า']"
36869206,Krungthai AXA,non_life,"['กรุงไทยแอกซ่า', 'axa', 'แอกซ่า', 'แอกซา', 'เเอกซ่า', 'แอคซ่า', 'เเอคซา', 'กรุงไทยแอกซา', 'แอ๊คซ่า', 'แอ๊กซ่า', 'เเอกซ่า', 'axxa']"
36869206,Krungthai AXA,non_life,"['กรุงไทยแอกซ่า', 'axa', 'แอกซ่า', 'แอกซา', 'เเอกซ่า', 'แอคซ่า', 'เเอคซา', 'กรุงไทยแอกซา', 'แอ๊คซ่า', 'แอ๊กซ่า', 'เเอกซ่า', 'axxa']"
36873885,AIA,life,"['aia', 'เอไอเอ']"
36882971,,,
36887000,Krungthai AXA,non_life,"['กรุงไทยแอกซ่า', 'axa', 'แอกซ่า', 'แอกซา', 'เเอกซ่า', 'แอคซ่า', 'เเอคซา', 'กรุงไทยแอกซา', 'แอ๊คซ่า', 'แอ๊กซ่า', 'เเอกซ่า', 'axxa']"
36887000,Krungthai AXA,non_life,"['กรุงไทยแอกซ่า', 'axa', 'แอกซ่า', 'แอกซา', 'เเอกซ่า', 'แอคซ่า', 'เเอคซา', 'กรุงไทยแอกซา', 'แอ๊คซ่า', 'แอ๊กซ่า', 'เเอกซ่า', 'axxa']"
36887000,AIS,broker,['ais']
36887000,AIS,broker,['ais']
36891147,,,
36893141,,,
36894575,,,
36897949,วิริยะประกันภัย,non_life,"['วิริยะ', 'viriyah', 'วรย', 'วิริยา']"
36897949,กรุงเทพประกันภัย,non_life,"['กรุงเทพประกันภัย', 'bangkok insurance', 'กรุงเทพ', 'bki']"
36899908,,,
36901888,AIA,life,"['aia', 'เอไอเอ']"
36902112,Bupa,life,"['bupa', 'บูพา', 'บูพ่า']"
36904903,,,
36906900,ไทยประกันชีวิต,life,"['ไทยประกันชีวิต', 'ไทยประกัน']"
36912160,,,
36916589,,,
36923935,เมืองไทยประกันชีวิต,life,"['เมืองไทยประกันชีวิต', 'เมืองไทย', 'muangthai', 'mtl', 'ประกันชีวิตสีชมพู']"
36923935,เมืองไทยประกันชีวิต,life,"['เมืองไทยประกันชีวิต', 'เมืองไทย', 'muangthai', 'mtl', 'ประกันชีวิตสีชมพู']"
36923935,กรุงเทพประกันภัย,non_life,"['กรุงเทพประกันภัย', 'bangkok insurance', 'กรุงเทพ', 'bki']"
36923935,กรุงเทพประกันภัย,non_life,"['กรุงเทพประกันภัย', 'bangkok insurance', 'กรุงเทพ', 'bki']"
36929751,Allianz Ayudhya,life,"['allianz', 'อลิอันซ์', 'อลิอันซ์อยุธยา', 'azay', 'อริอันซ์ อยุธยา', 'อลิอันช์', 'alianz ayudhya', 'az y']"
36929751,Allianz Ayudhya,life,"['allianz', 'อลิอันซ์', 'อลิอันซ์อยุธยา', 'azay', 'อริอันซ์ อยุธยา', 'อลิอันช์', 'alianz ayudhya', 'az y']"
36929751,ทหารไทยธนชาต,broker,"['ทหารไทยธนชาต', 'ttb', 'tmb', 'ธนาคารทหารไทย', 'ทหารไทย']"
36929751,ทหารไทยธนชาต,broker,"['ทหารไทยธนชาต', 'ttb', 'tmb', 'ธนาคารทหารไทย', 'ทหารไทย']"
36934167,,,
36936821,AIA,life,"['aia', 'เอไอเอ']"
36937572,AIA,life,"['aia', 'เอไอเอ']"
36937572,AIA,life,"['aia', 'เอไอเอ']"
36937572,กรุงเทพประกันภัย,non_life,"['กรุงเทพประกันภัย', 'bangkok insurance', 'กรุงเทพ', 'bki']"
36937572,กรุงเทพประกันภัย,non_life,"['กรุงเทพประกันภัย', 'bangkok insurance', 'กรุงเทพ', 'bki']"
36939151,วิริยะประกันภัย,non_life,"['วิริยะ', 'viriyah', 'วรย', 'วิริยา']"
36940565,,,
36947466,,,
36950833,เมืองไทยประกันชีวิต,life,"['เมืองไทยประกันชีวิต', 'เมืองไทย', 'muangthai', 'mtl', 'ประกันชีวิตสีชมพู']"
36950833,เมืองไทยประกันชีวิต,life,"['เมืองไทยประกันชีวิต', 'เมืองไทย', 'muangthai', 'mtl', 'ประกันชีวิตสีชมพู']"
36950833,เมืองไทยประกันชีวิต,life,"['เมืองไทยประกันชีวิต', 'เมืองไทย', 'muangthai', 'mtl', 'ประกันชีวิตสีชมพู']"
36950833,ไทยประกันชีวิต,life,"['ไทยประกันชีวิต', 'ไทยประกัน']"
36950833,ไทยประกันชีวิต,life,"['ไทยประกันชีวิต', 'ไทยประกัน']"
36950833,ไทยประกันชีวิต,life,"['ไทยประกันชีวิต', 'ไทยประกัน']"
36950833,Bupa,life,"['bupa', 'บูพา', 'บูพ่า']"
36950833,Bupa,life,"['bupa', 'บูพา', 'บูพ่า']"
36950833,Bupa,life,"['bupa', 'บูพา', 'บูพ่า']"
36950833,วิริยะประกันภัย,non_life,"['วิริยะ', 'viriyah', 'วรย', 'วิริยา']"
36950833,วิริยะประกันภัย,non_life,"['วิริยะ', 'viriyah', 'วรย', 'วิริยา']"
36950833,วิริยะประกันภัย,non_life,"['วิริยะ', 'viriyah', 'วรย', 'วิริยา']"
36950833,เมืองไทยประกันภัย,non_life,['เมืองไทยประกันภัย']
36950833,เมืองไทยประกันภัย,non_life,['เมืองไทยประกันภัย']
36950833,เมืองไทยประกันภัย,non_life,['เมืองไทยประกันภัย']
36950833,ทิพยประกันภัย,non_life,"['ทิพย', 'ทิพยประกันภัย', 'dip', 'dhp', 'tip']"
36950833,ทิพยประกันภัย,non_life,"['ทิพย', 'ทิพยประกันภัย', 'dip', 'dhp', 'tip']"
36950833,ทิพยประกันภัย,non_life,"['ทิพย', 'ทิพยประกันภัย', 'dip', 'dhp', 'tip']"
36950833,Generali,non_life,"['generali', 'เจนเนอราลี่']"
36950833,Generali,non_life,"['generali', 'เจนเนอราลี่']"
36950833,Generali,non_life,"['generali', 'เจนเนอราลี่']"
36950833,LMG,non_life,"['lmg', 'แอลเอ็มจี']"
36950833,LMG,non_life,"['lmg', 'แอลเอ็มจี']"
36950833,LMG,non_life,"['lmg', 'แอลเอ็มจี']"
36950833,ไทยวิวัฒน์,non_life,"['ไทยวิวัฒน์', 'thaivivat', 'ไทยวิวัตน์']"
36950833,ไทยวิวัฒน์,non_life,"['ไทยวิวัฒน์', 'thaivivat', 'ไทยวิวัตน์']"
36950833,ไทยวิวัฒน์,non_life,"['ไทยวิวัฒน์', 'thaivivat', 'ไทยวิวัตน์']"
36950833,ไทยประกันภัย,non_life,['ไทยประกันภัย']
36950833,ไทยประกันภัย,non_life,['ไทยประกันภัย']
36950833,ไทยประกันภัย,non_life,['ไทยประกันภัย']
36950833,กสิกรไทย,broker,"['กสิกร', 'k bank', 'แบงค์เขียว']"
36950833,กสิกรไทย,broker,"['กสิกร', 'k bank', 'แบงค์เขียว']"
36950833,กสิกรไทย,broker,"['กสิกร', 'k bank', 'แบงค์เขียว']"
36950833,ทหารไทยธนชาต,broker,"['ทหารไทยธนชาต', 'ttb', 'tmb', 'ธนาคารทหารไทย', 'ทหารไทย']"
36950833,ทหารไทยธนชาต,broker,"['ทหารไทยธนชาต', 'ttb', 'tmb', 'ธนาคารทหารไทย', 'ทหารไทย']"
36950833,ทหารไทยธนชาต,broker,"['ทหารไทยธนชาต', 'ttb', 'tmb', 'ธนาคารทหารไทย', 'ทหารไทย']"
36952453,AIA,life,"['aia', 'เอไอเอ']"
36958229,Allianz Ayudhya,life,"['allianz', 'อลิอันซ์', 'อลิอันซ์อยุธยา', 'azay', 'อริอันซ์ อยุธยา', 'อลิอันช์', 'alianz ayudhya', 'az y']"
36958229,FWD,life,"['fwd', 'เอฟดับบลิวดี', 'fwd ประกันชีวิต']"
36959053,,,
36959354,,,
36959365,Chubb,non_life,"['chubb', 'ชับบ์', 'chuub', 'ชับ สามัคคี']"
36959365,Chubb,non_life,"['chubb', 'ชับบ์', 'chuub', 'ชับ สามัคคี']"
36959365,Krungsri First Choice,broker,"['first choice', 'กรุงศรี เฟิร์สช้อยส์', 'กรุงศรีเฟิร์สช้อย', 'เฟิสช้อย', 'เฟริสช้อย']"
36959365,Krungsri First Choice,broker,"['first choice', 'กรุงศรี เฟิร์สช้อยส์', 'กรุงศรีเฟิร์สช้อย', 'เฟิสช้อย', 'เฟริสช้อย']"
36960532,FWD,life,"['fwd', 'เอฟดับบลิวดี', 'fwd ประกันชีวิต']"
36960532,FWD,life,"['fwd', 'เอฟดับบลิวดี', 'fwd ประกันชีวิต']"
36960532,ทหารไทยธนชาต,broker,"['ทหารไทยธนชาต', 'ttb', 'tmb', 'ธนาคารทหารไทย', 'ทหารไทย']"
36960532,ทหารไทยธนชาต,broker,"['ทหารไทยธนชาต', 'ttb', 'tmb', 'ธนาคารทหารไทย', 'ทหารไทย']"
36962200,ANC,broker,"['anc', 'เอเอ็นซี']"
36965746,กสิกรไทย,broker,"['กสิกร', 'k bank', 'แบงค์เขียว']"
36965746,กสิกรไทย,broker,"['กสิกร', 'k bank', 'แบงค์เขียว']"
36965746,กสิกรไทย,broker,"['กสิกร', 'k bank', 'แบงค์เขียว']"
36965746,เมืองไทยประกันชีวิต,life,"['เมืองไทยประกันชีวิต', 'เมืองไทย', 'muangthai', 'mtl', 'ประกันชีวิตสีชมพู']"
36965746,เมืองไทยประกันชีวิต,life,"['เมืองไทยประกันชีวิต', 'เมืองไทย', 'muangthai', 'mtl', 'ประกันชีวิตสีชมพู']"
36965746,เมืองไทยประกันชีวิต,life,"['เมืองไทยประกันชีวิต', 'เมืองไทย', 'muangthai', 'mtl', 'ประกันชีวิตสีชมพู']"
36965746,ไทยประกันชีวิต,life,"['ไทยประกันชีวิต', 'ไทยประกัน']"
36965746,ไทยประกันชีวิต,life,"['ไทยประกันชีวิต', 'ไทยประกัน']"
36965746,ไทยประกันชีวิต,life,"['ไทยประกันชีวิต', 'ไทยประกัน']"
36965746,กรุงไทยพานิชประกันภัย,non_life,"['kpi', 'กรุงไทยประกันภัย', 'กรุงไทย ธนวัฏ', 'กรุงไทยพานิช']"
36965746,กรุงไทยพานิชประกันภัย,non_life,"['kpi', 'กรุงไทยประกันภัย', 'กรุงไทย ธนวัฏ', 'กรุงไทยพานิช']"
36965746,กรุงไทยพานิชประกันภัย,non_life,"['kpi', 'กรุงไทยประกันภัย', 'กรุงไทย ธนวัฏ', 'กรุงไทยพานิช']"
36965746,ANC,broker,"['anc', 'เอเอ็นซี']"
36965746,ANC,broker,"['anc', 'เอเอ็นซี']"
36965746,ANC,broker,"['anc', 'เอเอ็นซี']"
36965746,ทหารไทยธนชาต,broker,"['ทหารไทยธนชาต', 'ttb', 'tmb', 'ธนาคารทหารไทย', 'ทหารไทย']"
36965746,ทหารไทยธนชาต,broker,"['ทหารไทยธนชาต', 'ttb', 'tmb', 'ธนาคารทหารไทย', 'ทหารไทย']"
36965746,ทหารไทยธนชาต,broker,"['ทหารไทยธนชาต', 'ttb', 'tmb', 'ธนาคารทหารไทย', 'ทหารไทย']"
36968387,Krungthai AXA,non_life,"['กรุงไทยแอกซ่า', 'axa', 'แอกซ่า', 'แอกซา', 'เเอกซ่า', 'แอคซ่า', 'เเอคซา', 'กรุงไทยแอกซา', 'แอ๊คซ่า', 'แอ๊กซ่า', 'เเอกซ่า', 'axxa']"
36981093,เมืองไทยประกันชีวิต,life,"['เมืองไทยประกันชีวิต', 'เมืองไทย', 'muangthai', 'mtl', 'ประกันชีวิตสีชมพู']"
36981093,เมืองไทยประกันชีวิต,life,"['เมืองไทยประกันชีวิต', 'เมืองไทย', 'muangthai', 'mtl', 'ประกันชีวิตสีชมพู']"
36981093,ไทยประกันชีวิต,life,"['ไทยประกันชีวิต', 'ไทยประกัน']"
36981093,ไทยประกันชีวิต,life,"['ไทยประกันชีวิต', 'ไทยประกัน']"
36981093,กสิกรไทย,broker,"['กสิกร', 'k bank', 'แบงค์เขียว']"
36981093,กสิกรไทย,broker,"['กสิกร', 'k bank', 'แบงค์เขียว']"
36981093,ANC,broker,"['anc', 'เอเอ็นซี']"
36981093,ANC,broker,"['anc', 'เอเอ็นซี']"
36981334,,,
36987288,,,
36997821,Krungthai AXA,non_life,"['กรุงไทยแอกซ่า', 'axa', 'แอกซ่า', 'แอกซา', 'เเอกซ่า', 'แอคซ่า', 'เเอคซา', 'กรุงไทยแอกซา', 'แอ๊คซ่า', 'แอ๊กซ่า', 'เเอกซ่า', 'axxa']"
36997821,Krungthai AXA,non_life,"['กรุงไทยแอกซ่า', 'axa', 'แอกซ่า', 'แอกซา', 'เเอกซ่า', 'แอคซ่า', 'เเอคซา', 'กรุงไทยแอกซา', 'แอ๊คซ่า', 'แอ๊กซ่า', 'เเอกซ่า', 'axxa']"
36997821,Bupa,life,"['bupa', 'บูพา', 'บูพ่า']"
36997821,Bupa,life,"['bupa', 'บูพา', 'บูพ่า']"
37030252,ไทยประกันชีวิต,life,"['ไทยประกันชีวิต', 'ไทยประกัน']"
37030252,ไทยประกันชีวิต,life,"['ไทยประกันชีวิต', 'ไทยประกัน']"
37030252,ไทยประกันชีวิต,life,"['ไทยประกันชีวิต', 'ไทยประกัน']"
37030252,ไทยประกันภัย,non_life,['ไทยประกันภัย']
37030252,ไทยประกันภัย,non_life,['ไทยประกันภัย']
37030252,ไทยประกันภัย,non_life,['ไทยประกันภัย']
37030252,ทหารไทยธนชาต,broker,"['ทหารไทยธนชาต', 'ttb', 'tmb', 'ธนาคารทหารไทย', 'ทหารไทย']"
37030252,ทหารไทยธนชาต,broker,"['ทหารไทยธนชาต', 'ttb', 'tmb', 'ธนาคารทหารไทย', 'ทหารไทย']"
37030252,ทหารไทยธนชาต,broker,"['ทหารไทยธนชาต', 'ttb', 'tmb', 'ธนาคารทหารไทย', 'ทหารไทย']"
37036626,AIA,life,"['aia', 'เอไอเอ']"
37036626,AIA,life,"['aia', 'เอไอเอ']"
37036626,Bupa,life,"['bupa', 'บูพา', 'บูพ่า']"
37036626,Bupa,life,"['bupa', 'บูพา', 'บูพ่า']"
37036626,Krungthai AXA,non_life,"['กรุงไทยแอกซ่า', 'axa', 'แอกซ่า', 'แอกซา', 'เเอกซ่า', 'แอคซ่า', 'เเอคซา', 'กรุงไทยแอกซา', 'แอ๊คซ่า', 'แอ๊กซ่า', 'เเอกซ่า', 'axxa']"
37036626,Krungthai AXA,non_life,"['กรุงไทยแอกซ่า', 'axa', 'แอกซ่า', 'แอกซา', 'เเอกซ่า', 'แอคซ่า', 'เเอคซา', 'กรุงไทยแอกซา', 'แอ๊คซ่า', 'แอ๊กซ่า', 'เเอกซ่า', 'axxa']"
37039885,AIA,life,"['aia', 'เอไอเอ']"
37040221,วิริยะประกันภัย,non_life,"['วิริยะ', 'viriyah', 'วรย', 'วิริยา']"
37046913,Chubb,non_life,"['chubb', 'ชับบ์', 'chuub', 'ชับ สามัคคี']"
37050171,,,
37051289,,,
37051340,AIA,life,"['aia', 'เอไอเอ']"
37054197,Chubb,non_life,"['chubb', 'ชับบ์', 'chuub', 'ชับ สามัคคี']"
37058621,Krungthai AXA,non_life,"['กรุงไทยแอกซ่า', 'axa', 'แอกซ่า', 'แอกซา', 'เเอกซ่า', 'แอคซ่า', 'เเอคซา', 'กรุงไทยแอกซา', 'แอ๊คซ่า', 'แอ๊กซ่า', 'เเอกซ่า', 'axxa']"
37063081,Krungthai AXA,non_life,"['กรุงไทยแอกซ่า', 'axa', 'แอกซ่า', 'แอกซา', 'เเอกซ่า', 'แอคซ่า', 'เเอคซา', 'กรุงไทยแอกซา', 'แอ๊คซ่า', 'แอ๊กซ่า', 'เเอกซ่า', 'axxa']"
37067448,เจ้าพระยาประกันภัย,non_life,"['เจ้าพระยาประกันภัย', 'เจ้าพระยา']"
37083823,,,
37084704,,,
37086935,Chubb,non_life,"['chubb', 'ชับบ์', 'chuub', 'ชับ สามัคคี']"
37086935,Chubb,non_life,"['chubb', 'ชับบ์', 'chuub', 'ชับ สามัคคี']"
37086935,Krungsri First Choice,broker,"['first choice', 'กรุงศรี เฟิร์สช้อยส์', 'กรุงศรีเฟิร์สช้อย', 'เฟิสช้อย', 'เฟริสช้อย']"
37086935,Krungsri First Choice,broker,"['first choice', 'กรุงศรี เฟิร์สช้อยส์', 'กรุงศรีเฟิร์สช้อย', 'เฟิสช้อย', 'เฟริสช้อย']"
37095944,AIA,life,"['aia', 'เอไอเอ']"
37096331,,,
37100357,FWD,life,"['fwd', 'เอฟดับบลิวดี', 'fwd ประกันชีวิต']"
37100357,FWD,life,"['fwd', 'เอฟดับบลิวดี', 'fwd ประกันชีวิต']"
37100357,ทหารไทยธนชาต,broker,"['ทหารไทยธนชาต', 'ttb', 'tmb', 'ธนาคารทหารไทย', 'ทหารไทย']"
37100357,ทหารไทยธนชาต,broker,"['ทหารไทยธนชาต', 'ttb', 'tmb', 'ธนาคารทหารไทย', 'ทหารไทย']"
37102342,,,
37107464,,,
37107674,Krungthai AXA,non_life,"['กรุงไทยแอกซ่า', 'axa', 'แอกซ่า', 'แอกซา', 'เเอกซ่า', 'แอคซ่า', 'เเอคซา', 'กรุงไทยแอกซา', 'แอ๊คซ่า', 'แอ๊กซ่า', 'เเอกซ่า', 'axxa']"
37109800,ธนชาตประกันภัย,non_life,"['ธนชาตประกันภัย', 'ธนชาต', 'ธนชาติ', 'ประกันภัยสีส้ม']"
37121925,Silkspan,broker,['silkspan']
37124072,,,
37126369,Krungthai AXA,non_life,"['กรุงไทยแอกซ่า', 'axa', 'แอกซ่า', 'แอกซา', 'เเอกซ่า', 'แอคซ่า', 'เเอคซา', 'กรุงไทยแอกซา', 'แอ๊คซ่า', 'แอ๊กซ่า', 'เเอกซ่า', 'axxa']"
37127932,Cigna,life,"['cigna', 'ซิกน่า', 'ซิกม่า']"
37129650,,,
37130333,Chubb,non_life,"['chubb', 'ชับบ์', 'chuub', 'ชับ สามัคคี']"
37135827,,,
37137179,,,
37139129,AIA,life,"['aia', 'เอไอเอ']"
37139129,AIA,life,"['aia', 'เอไอเอ']"
37139129,วิริยะประกันภัย,non_life,"['วิริยะ', 'viriyah', 'วรย', 'วิริยา']"
37139129,วิริยะประกันภัย,non_life,"['วิริยะ', 'viriyah', 'วรย', 'วิริยา']"
37140099,,,
37141269,เอเชียประกันภัย,non_life,"['เอเชียประกันภัย', 'เอเชีย', 'asia']"
37166302,,,
37167879,,,
37170404,มิตรแท้ประกันภัย,non_life,"['มิตรแท้ประกันภัย', 'มิตรแท้']"
37170404,มิตรแท้ประกันภัย,non_life,"['มิตรแท้ประกันภัย', 'มิตรแท้']"
37170404,เทเวศประกันภัย,non_life,['เทเวศ']
37170404,เทเวศประกันภัย,non_life,['เทเวศ']
37170404,SCB Protect,broker,"['scb protect', 'scb ประกัน', 'ไทยพาณิชย์ประกัน']"
37170404,SCB Protect,broker,"['scb protect', 'scb ประกัน', 'ไทยพาณิชย์ประกัน']"
37170404,SCB,broker,"['scb', 'ไทยพาณิชย์', 'ไทยพานิชย์', 'ธนาคารสีม่วง', 'cardx']"
37170404,SCB,broker,"['scb', 'ไทยพาณิชย์', 'ไทยพานิชย์', 'ธนาคารสีม่วง', 'cardx']"
37171242,AIA,life,"['aia', 'เอไอเอ']"
37171242,AIA,life,"['aia', 'เอไอเอ']"
37171242,KTC,broker,"['บัตรกรุงไทย', 'ktc']"
37171242,KTC,broker,"['บัตรกรุงไทย', 'ktc']"
37172960,,,
37179178,,,
37179180,Allianz Ayudhya,life,"['allianz', 'อลิอันซ์', 'อลิอันซ์อยุธยา', 'azay', 'อริอันซ์ อยุธยา', 'อลิอันช์', 'alianz ayudhya', 'az y']"
37179232,,,
37182113,,,
37182135,ธนาคารออมสิน,broker,"['GSB', 'ออมสิน']"
37183018,Krungthai AXA,non_life,"['กรุงไทยแอกซ่า', 'axa', 'แอกซ่า', 'แอกซา', 'เเอกซ่า', 'แอคซ่า', 'เเอคซา', 'กรุงไทยแอกซา', 'แอ๊คซ่า', 'แอ๊กซ่า', 'เเอกซ่า', 'axxa']"
37189243,ทิพยประกันภัย,non_life,"['ทิพย', 'ทิพยประกันภัย', 'dip', 'dhp', 'tip']"
37191435,AIS,broker,['ais']
37191435,AIS,broker,['ais']
37191435,เอเชียประกันภัย,non_life,"['เอเชียประกันภัย', 'เอเชีย', 'asia']"
37191435,เอเชียประกันภัย,non_life,"['เอเชียประกันภัย', 'เอเชีย', 'asia']"
37195657,,,
37209142,วิริยะประกันภัย,non_life,"['วิริยะ', 'viriyah', 'วรย', 'วิริยา']"
37210898,,,
37217301,,,
37217881,,,
37224312,ไทยประกันชีวิต,life,"['ไทยประกันชีวิต', 'ไทยประกัน']"
37224517,AIA,life,"['aia', 'เอไอเอ']"
37226547,Cigna,life,"['cigna', 'ซิกน่า', 'ซิกม่า']"
37227155,สินมั่นคง,non_life,"['สินมั่นคง', 'สินมั่งคง']"
37227155,ทิพยประกันภัย,non_life,"['ทิพย', 'ทิพยประกันภัย', 'dip', 'dhp', 'tip']"
37230010,,,
37233060,,,
37243906,วิริยะประกันภัย,non_life,"['วิริยะ', 'viriyah', 'วรย', 'วิริยา']"
37258133,,,
37258673,,,
37261661,Krungthai AXA,non_life,"['กรุงไทยแอกซ่า', 'axa', 'แอกซ่า', 'แอกซา', 'เเอกซ่า', 'แอคซ่า', 'เเอคซา', 'กรุงไทยแอกซา', 'แอ๊คซ่า', 'แอ๊กซ่า', 'เเอกซ่า', 'axxa']"
37261699,Generali,non_life,"['generali', 'เจนเนอราลี่']"
37272597,วิริยะประกันภัย,non_life,"['วิริยะ', 'viriyah', 'วรย', 'วิริยา']"
37273555,วิริยะประกันภัย,non_life,"['วิริยะ', 'viriyah', 'วรย', 'วิริยา']"
37273555,วิริยะประกันภัย,non_life,"['วิริยะ', 'viriyah', 'วรย', 'วิริยา']"
37273555,ANC,broker,"['anc', 'เอเอ็นซี']"
37273555,ANC,broker,"['anc', 'เอเอ็นซี']"
37274781,,,
37277535,,,
37281020,เมืองไทยประกันชีวิต,life,"['เมืองไทยประกันชีวิต', 'เมืองไทย', 'muangthai', 'mtl', 'ประกันชีวิตสีชมพู']"
37281020,เมืองไทยประกันชีวิต,life,"['เมืองไทยประกันชีวิต', 'เมืองไทย', 'muangthai', 'mtl', 'ประกันชีวิตสีชมพู']"
37281020,เมืองไทยประกันชีวิต,life,"['เมืองไทยประกันชีวิต', 'เมืองไทย', 'muangthai', 'mtl', 'ประกันชีวิตสีชมพู']"
37281020,ไทยประกันชีวิต,life,"['ไทยประกันชีวิต', 'ไทยประกัน']"
37281020,ไทยประกันชีวิต,life,"['ไทยประกันชีวิต', 'ไทยประกัน']"
37281020,ไทยประกันชีวิต,life,"['ไทยประกันชีวิต', 'ไทยประกัน']"
37281020,เมืองไทยประกันภัย,non_life,['เมืองไทยประกันภัย']
37281020,เมืองไทยประกันภัย,non_life,['เมืองไทยประกันภัย']
37281020,เมืองไทยประกันภัย,non_life,['เมืองไทยประกันภัย']
37281020,ไทยประกันภัย,non_life,['ไทยประกันภัย']
37281020,ไทยประกันภัย,non_life,['ไทยประกันภัย']
37281020,ไทยประกันภัย,non_life,['ไทยประกันภัย']
37281020,กสิกรไทย,broker,"['กสิกร', 'k bank', 'แบงค์เขียว']"
37281020,กสิกรไทย,broker,"['กสิกร', 'k bank', 'แบงค์เขียว']"
37281020,กสิกรไทย,broker,"['กสิกร', 'k bank', 'แบงค์เขียว']"
37286245,,,
37290863,,,
37291037,วิริยะประกันภัย,non_life,"['วิริยะ', 'viriyah', 'วรย', 'วิริยา']"
37291037,วิริยะประกันภัย,non_life,"['วิริยะ', 'viriyah', 'วรย', 'วิริยา']"
37291037,สินมั่นคง,non_life,"['สินมั่นคง', 'สินมั่งคง']"
37291037,สินมั่นคง,non_life,"['สินมั่นคง', 'สินมั่งคง']"
37291037,TISCO Insure,broker,['ทิสโก้']
37291037,TISCO Insure,broker,['ทิสโก้']
37291738,,,
37301756,,,
37333050,,,
37354554,,,
37356453,Krungthai AXA,non_life,"['กรุงไทยแอกซ่า', 'axa', 'แอกซ่า', 'แอกซา', 'เเอกซ่า', 'แอคซ่า', 'เเอคซา', 'กรุงไทยแอกซา', 'แอ๊คซ่า', 'แอ๊กซ่า', 'เเอกซ่า', 'axxa']"
37362685,,,
37362849,LMG,non_life,"['lmg', 'แอลเอ็มจี']"
37363968,Allianz Ayudhya,life,"['allianz', 'อลิอันซ์', 'อลิอันซ์อยุธยา', 'azay', 'อริอันซ์ อยุธยา', 'อลิอันช์', 'alianz ayudhya', 'az y']"
37379207,Krungthai AXA,non_life,"['กรุงไทยแอกซ่า', 'axa', 'แอกซ่า', 'แอกซา', 'เเอกซ่า', 'แอคซ่า', 'เเอคซา', 'กรุงไทยแอกซา', 'แอ๊คซ่า', 'แอ๊กซ่า', 'เเอกซ่า', 'axxa']"
37379207,กรุงเทพประกันภัย,non_life,"['กรุงเทพประกันภัย', 'bangkok insurance', 'กรุงเทพ', 'bki']"
37384808,ไทยประกันชีวิต,life,"['ไทยประกันชีวิต', 'ไทยประกัน']"
37389359,AIA,life,"['aia', 'เอไอเอ']"
37396068,AIA,life,"['aia', 'เอไอเอ']"
37396672,ธนชาตประกันภัย,non_life,"['ธนชาตประกันภัย', 'ธนชาต', 'ธนชาติ', 'ประกันภัยสีส้ม']"
37412581,AIA,life,"['aia', 'เอไอเอ']"
37412581,AIA,life,"['aia', 'เอไอเอ']"
37412581,Krungthai AXA,non_life,"['กรุงไทยแอกซ่า', 'axa', 'แอกซ่า', 'แอกซา', 'เเอกซ่า', 'แอคซ่า', 'เเอคซา', 'กรุงไทยแอกซา', 'แอ๊คซ่า', 'แอ๊กซ่า', 'เเอกซ่า', 'axxa']"
37412581,Krungthai AXA,non_life,"['กรุงไทยแอกซ่า', 'axa', 'แอกซ่า', 'แอกซา', 'เเอกซ่า', 'แอคซ่า', 'เเอคซา', 'กรุงไทยแอกซา', 'แอ๊คซ่า', 'แอ๊กซ่า', 'เเอกซ่า', 'axxa']"
37414350,ไทยประกันชีวิต,life,"['ไทยประกันชีวิต', 'ไทยประกัน']"
37416951,,,
37417864,เมืองไทยประกันชีวิต,life,"['เมืองไทยประกันชีวิต', 'เมืองไทย', 'muangthai', 'mtl', 'ประกันชีวิตสีชมพู']"
37420829,Krungthai AXA,non_life,"['กรุงไทยแอกซ่า', 'axa', 'แอกซ่า', 'แอกซา', 'เเอกซ่า', 'แอคซ่า', 'เเอคซา', 'กรุงไทยแอกซา', 'แอ๊คซ่า', 'แอ๊กซ่า', 'เเอกซ่า', 'axxa']"
37423701,,,
37425348,Krungthai AXA,non_life,"['กรุงไทยแอกซ่า', 'axa', 'แอกซ่า', 'แอกซา', 'เเอกซ่า', 'แอคซ่า', 'เเอคซา', 'กรุงไทยแอกซา', 'แอ๊คซ่า', 'แอ๊กซ่า', 'เเอกซ่า', 'axxa']"
37426750,วิริยะประกันภัย,non_life,"['วิริยะ', 'viriyah', 'วรย', 'วิริยา']"
37433436,Krungthai AXA,non_life,"['กรุงไทยแอกซ่า', 'axa', 'แอกซ่า', 'แอกซา', 'เเอกซ่า', 'แอคซ่า', 'เเอคซา', 'กรุงไทยแอกซา', 'แอ๊คซ่า', 'แอ๊กซ่า', 'เเอกซ่า', 'axxa']"
37442705,,,
37447185,,,
37450690,Chubb,non_life,"['chubb', 'ชับบ์', 'chuub', 'ชับ สามัคคี']"
37452114,,,
37456287,วิริยะประกันภัย,non_life,"['วิริยะ', 'viriyah', 'วรย', 'วิริยา']"
37456783,Chubb,non_life,"['chubb', 'ชับบ์', 'chuub', 'ชับ สามัคคี']"
37456783,Chubb,non_life,"['chubb', 'ชับบ์', 'chuub', 'ชับ สามัคคี']"
37456783,Krungsri First Choice,broker,"['first choice', 'กรุงศรี เฟิร์สช้อยส์', 'กรุงศรีเฟิร์สช้อย', 'เฟิสช้อย', 'เฟริสช้อย']"
37456783,Krungsri First Choice,broker,"['first choice', 'กรุงศรี เฟิร์สช้อยส์', 'กรุงศรีเฟิร์สช้อย', 'เฟิสช้อย', 'เฟริสช้อย']"
37461614,,,
37462724,ธนชาตประกันภัย,non_life,"['ธนชาตประกันภัย', 'ธนชาต', 'ธนชาติ', 'ประกันภัยสีส้ม']"
37462779,กรุงเทพประกันภัย,non_life,"['กรุงเทพประกันภัย', 'bangkok insurance', 'กรุงเทพ', 'bki']"
37466890,,,
37470065,กรุงเทพประกันภัย,non_life,"['กรุงเทพประกันภัย', 'bangkok insurance', 'กรุงเทพ', 'bki']"
37470603,ANC,broker,"['anc', 'เอเอ็นซี']"
37483693,Chubb,non_life,"['chubb', 'ชับบ์', 'chuub', 'ชับ สามัคคี']"
37483693,Chubb,non_life,"['chubb', 'ชับบ์', 'chuub', 'ชับ สามัคคี']"
37483693,Krungsri First Choice,broker,"['first choice', 'กรุงศรี เฟิร์สช้อยส์', 'กรุงศรีเฟิร์สช้อย', 'เฟิสช้อย', 'เฟริสช้อย']"
37483693,Krungsri First Choice,broker,"['first choice', 'กรุงศรี เฟิร์สช้อยส์', 'กรุงศรีเฟิร์สช้อย', 'เฟิสช้อย', 'เฟริสช้อย']"
37491602,Krungsri First Choice,broker,"['first choice', 'กรุงศรี เฟิร์สช้อยส์', 'กรุงศรีเฟิร์สช้อย', 'เฟิสช้อย', 'เฟริสช้อย']"
37499101,,,
37501498,,,
37507957,วิริยะประกันภัย,non_life,"['วิริยะ', 'viriyah', 'วรย', 'วิริยา']"
37518126,Allianz Ayudhya,life,"['allianz', 'อลิอันซ์', 'อลิอันซ์อยุธยา', 'azay', 'อริอันซ์ อยุธยา', 'อลิอันช์', 'alianz ayudhya', 'az y']"
37524225,,,
37530134,Silkspan,broker,['silkspan']
37532644,,,
37533511,กรุงเทพประกันภัย,non_life,"['กรุงเทพประกันภัย', 'bangkok insurance', 'กรุงเทพ', 'bki']"
37533511,AIOI,non_life,"['aioi', 'ไอโออิ']"
37533616,,,
37534792,เมืองไทยประกันชีวิต,life,"['เมืองไทยประกันชีวิต', 'เมืองไทย', 'muangthai', 'mtl', 'ประกันชีวิตสีชมพู']"
37534792,เมืองไทยประกันชีวิต,life,"['เมืองไทยประกันชีวิต', 'เมืองไทย', 'muangthai', 'mtl', 'ประกันชีวิตสีชมพู']"
37534792,ไทยประกันชีวิต,life,"['ไทยประกันชีวิต', 'ไทยประกัน']"
37534792,ไทยประกันชีวิต,life,"['ไทยประกันชีวิต', 'ไทยประกัน']"
37534792,กสิกรไทย,broker,"['กสิกร', 'k bank', 'แบงค์เขียว']"
37534792,กสิกรไทย,broker,"['กสิกร', 'k bank', 'แบงค์เขียว']"
37536046,เมืองไทยประกันชีวิต,life,"['เมืองไทยประกันชีวิต', 'เมืองไทย', 'muangthai', 'mtl', 'ประกันชีวิตสีชมพู']"
37537506,AIA,life,"['aia', 'เอไอเอ']"
37537506,AIA,life,"['aia', 'เอไอเอ']"
37537506,AIA,life,"['aia', 'เอไอเอ']"
37537506,Krungthai AXA,non_life,"['กรุงไทยแอกซ่า', 'axa', 'แอกซ่า', 'แอกซา', 'เเอกซ่า', 'แอคซ่า', 'เเอคซา', 'กรุงไทยแอกซา', 'แอ๊คซ่า', 'แอ๊กซ่า', 'เเอกซ่า', 'axxa']"
37537506,Krungthai AXA,non_life,"['กรุงไทยแอกซ่า', 'axa', 'แอกซ่า', 'แอกซา', 'เเอกซ่า', 'แอคซ่า', 'เเอคซา', 'กรุงไทยแอกซา', 'แอ๊คซ่า', 'แอ๊กซ่า', 'เเอกซ่า', 'axxa']"
37537506,Krungthai AXA,non_life,"['กรุงไทยแอกซ่า', 'axa', 'แอกซ่า', 'แอกซา', 'เเอกซ่า', 'แอคซ่า', 'เเอคซา', 'กรุงไทยแอกซา', 'แอ๊คซ่า', 'แอ๊กซ่า', 'เเอกซ่า', 'axxa']"
37537506,SCB Protect,broker,"['scb protect', 'scb ประกัน', 'ไทยพาณิชย์ประกัน']"
37537506,SCB Protect,broker,"['scb protect', 'scb ประกัน', 'ไทยพาณิชย์ประกัน']"
37537506,SCB Protect,broker,"['scb protect', 'scb ประกัน', 'ไทยพาณิชย์ประกัน']"
37537506,SCB,broker,"['scb', 'ไทยพาณิชย์', 'ไทยพานิชย์', 'ธนาคารสีม่วง', 'cardx']"
37537506,SCB,broker,"['scb', 'ไทยพาณิชย์', 'ไทยพานิชย์', 'ธนาคารสีม่วง', 'cardx']"
37537506,SCB,broker,"['scb', 'ไทยพาณิชย์', 'ไทยพานิชย์', 'ธนาคารสีม่วง', 'cardx']"
37537506,ธนาคารออมสิน,broker,"['GSB', 'ออมสิน']"
37537506,ธนาคารออมสิน,broker,"['GSB', 'ออมสิน']"
37537506,ธนาคารออมสิน,broker,"['GSB', 'ออมสิน']"
37537506,ANC,broker,"['anc', 'เอเอ็นซี']"
37537506,ANC,broker,"['anc', 'เอเอ็นซี']"
37537506,ANC,broker,"['anc', 'เอเอ็นซี']"
37548212,SCB,broker,"['scb', 'ไทยพาณิชย์', 'ไทยพานิชย์', 'ธนาคารสีม่วง', 'cardx']"
37553637,Krungsri First Choice,broker,"['first choice', 'กรุงศรี เฟิร์สช้อยส์', 'กรุงศรีเฟิร์สช้อย', 'เฟิสช้อย', 'เฟริสช้อย']"
37557104,,,
37566531,เมืองไทยประกันชีวิต,life,"['เมืองไทยประกันชีวิต', 'เมืองไทย', 'muangthai', 'mtl', 'ประกันชีวิตสีชมพู']"
37566531,ไทยประกันชีวิต,life,"['ไทยประกันชีวิต', 'ไทยประกัน']"
37570703,,,
37571797,Krungthai AXA,non_life,"['กรุงไทยแอกซ่า', 'axa', 'แอกซ่า', 'แอกซา', 'เเอกซ่า', 'แอคซ่า', 'เเอคซา', 'กรุงไทยแอกซา', 'แอ๊คซ่า', 'แอ๊กซ่า', 'เเอกซ่า', 'axxa']"
37575365,AIA,life,"['aia', 'เอไอเอ']"
37575365,AIA,life,"['aia', 'เอไอเอ']"
37575365,Krungthai AXA,non_life,"['กรุงไทยแอกซ่า', 'axa', 'แอกซ่า', 'แอกซา', 'เเอกซ่า', 'แอคซ่า', 'เเอคซา', 'กรุงไทยแอกซา', 'แอ๊คซ่า', 'แอ๊กซ่า', 'เเอกซ่า', 'axxa']"
37575365,Krungthai AXA,non_life,"['กรุงไทยแอกซ่า', 'axa', 'แอกซ่า', 'แอกซา', 'เเอกซ่า', 'แอคซ่า', 'เเอคซา', 'กรุงไทยแอกซา', 'แอ๊คซ่า', 'แอ๊กซ่า', 'เเอกซ่า', 'axxa']"
37576470,ไทยประกันชีวิต,life,"['ไทยประกันชีวิต', 'ไทยประกัน']"
37576628,,,
37577788,,,
37579900,ANC,broker,"['anc', 'เอเอ็นซี']"
37584308,,,
37584372,อาคเนย์,non_life,"['อาคเนย์', 'aekn']"
37585239,AIA,life,"['aia', 'เอไอเอ']"
37585472,Cigna,life,"['cigna', 'ซิกน่า', 'ซิกม่า']"
37595837,Cigna,life,"['cigna', 'ซิกน่า', 'ซิกม่า']"
37605267,อาคเนย์,non_life,"['อาคเนย์', 'aekn']"
37610888,AIA,life,"['aia', 'เอไอเอ']"
37613721,,,
37629076,Allianz Ayudhya,life,"['allianz', 'อลิอันซ์', 'อลิอันซ์อยุธยา', 'azay', 'อริอันซ์ อยุธยา', 'อลิอันช์', 'alianz ayudhya', 'az y']"
37629478,ไทยประกันชีวิต,life,"['ไทยประกันชีวิต', 'ไทยประกัน']"
37629478,ไทยประกันชีวิต,life,"['ไทยประกันชีวิต', 'ไทยประกัน']"
37629478,ทิพยประกันภัย,non_life,"['ทิพย', 'ทิพยประกันภัย', 'dip', 'dhp', 'tip']"
37629478,ทิพยประกันภัย,non_life,"['ทิพย', 'ทิพยประกันภัย', 'dip', 'dhp', 'tip']"
37637839,เมืองไทยประกันชีวิต,life,"['เมืองไทยประกันชีวิต', 'เมืองไทย', 'muangthai', 'mtl', 'ประกันชีวิตสีชมพู']"
37640420,,,
37642128,เทเวศประกันภัย,non_life,['เทเวศ']
37642128,เทเวศประกันภัย,non_life,['เทเวศ']
37642128,Silkspan,broker,['silkspan']
37642128,Silkspan,broker,['silkspan']
37643195,Krungthai AXA,non_life,"['กรุงไทยแอกซ่า', 'axa', 'แอกซ่า', 'แอกซา', 'เเอกซ่า', 'แอคซ่า', 'เเอคซา', 'กรุงไทยแอกซา', 'แอ๊คซ่า', 'แอ๊กซ่า', 'เเอกซ่า', 'axxa']"
37644134,ธนชาตประกันภัย,non_life,"['ธนชาตประกันภัย', 'ธนชาต', 'ธนชาติ', 'ประกันภัยสีส้ม']"
37649224,,,
37649649,,,
37650341,,,
37653170,SCB,broker,"['scb', 'ไทยพาณิชย์', 'ไทยพานิชย์', 'ธนาคารสีม่วง', 'cardx']"
37654159,,,
37662821,AIA,life,"['aia', 'เอไอเอ']"
37665591,,,
37669194,Cigna,life,"['cigna', 'ซิกน่า', 'ซิกม่า']"
37672150,อาคเนย์,non_life,"['อาคเนย์', 'aekn']"
37672391,,,
37677325,Krungthai AXA,non_life,"['กรุงไทยแอกซ่า', 'axa', 'แอกซ่า', 'แอกซา', 'เเอกซ่า', 'แอคซ่า', 'เเอคซา', 'กรุงไทยแอกซา', 'แอ๊คซ่า', 'แอ๊กซ่า', 'เเอกซ่า', 'axxa']"
37680246,,,
37686059,เมืองไทยประกันชีวิต,life,"['เมืองไทยประกันชีวิต', 'เมืองไทย', 'muangthai', 'mtl', 'ประกันชีวิตสีชมพู']"
37686059,ไทยประกันชีวิต,life,"['ไทยประกันชีวิต', 'ไทยประกัน']"
37690307,,,
37706395,Krungthai AXA,non_life,"['กรุงไทยแอกซ่า', 'axa', 'แอกซ่า', 'แอกซา', 'เเอกซ่า', 'แอคซ่า', 'เเอคซา', 'กรุงไทยแอกซา', 'แอ๊คซ่า', 'แอ๊กซ่า', 'เเอกซ่า', 'axxa']"
37706395,Krungthai AXA,non_life,"['กรุงไทยแอกซ่า', 'axa', 'แอกซ่า', 'แอกซา', 'เเอกซ่า', 'แอคซ่า', 'เเอคซา', 'กรุงไทยแอกซา', 'แอ๊คซ่า', 'แอ๊กซ่า', 'เเอกซ่า', 'axxa']"
37706395,Krungthai AXA,non_life,"['กรุงไทยแอกซ่า', 'axa', 'แอกซ่า', 'แอกซา', 'เเอกซ่า', 'แอคซ่า', 'เเอคซา', 'กรุงไทยแอกซา', 'แอ๊คซ่า', 'แอ๊กซ่า', 'เเอกซ่า', 'axxa']"
37706395,เมืองไทยประกันชีวิต,life,"['เมืองไทยประกันชีวิต', 'เมืองไทย', 'muangthai', 'mtl', 'ประกันชีวิตสีชมพู']"
37706395,เมืองไทยประกันชีวิต,life,"['เมืองไทยประกันชีวิต', 'เมืองไทย', 'muangthai', 'mtl', 'ประกันชีวิตสีชมพู']"
37706395,เมืองไทยประกันชีวิต,life,"['เมืองไทยประกันชีวิต', 'เมืองไทย', 'muangthai', 'mtl', 'ประกันชีวิตสีชมพู']"
37706395,กรุงเทพประกันภัย,non_life,"['กรุงเทพประกันภัย', 'bangkok insurance', 'กรุงเทพ', 'bki']"
37706395,กรุงเทพประกันภัย,non_life,"['กรุงเทพประกันภัย', 'bangkok insurance', 'กรุงเทพ', 'bki']"
37706395,กรุงเทพประกันภัย,non_life,"['กรุงเทพประกันภัย', 'bangkok insurance', 'กรุงเทพ', 'bki']"
37706395,ธนาคารกรุงไทย,broker,['ธนาคารกรุงไทย']
37706395,ธนาคารกรุงไทย,broker,['ธนาคารกรุงไทย']
37706395,ธนาคารกรุงไทย,broker,['ธนาคารกรุงไทย']
37706596,วิริยะประกันภัย,non_life,"['วิริยะ', 'viriyah', 'วรย', 'วิริยา']"
37706596,LMG,non_life,"['lmg', 'แอลเอ็มจี']"
37706596,เทเวศประกันภัย,non_life,['เทเวศ']
37706891,ไทยประกันชีวิต,life,"['ไทยประกันชีวิต', 'ไทยประกัน']"
37713021,ไทยประกันชีวิต,life,"['ไทยประกันชีวิต', 'ไทยประกัน']"
37713443,AIA,life,"['aia', 'เอไอเอ']"
37722764,FWD,life,"['fwd', 'เอฟดับบลิวดี', 'fwd ประกันชีวิต']"
37727976,,,
37728443,,,
37729484,,,
37735513,AIA,life,"['aia', 'เอไอเอ']"
37738177,,,
37741760,,,
37742234,คุ้มภัยโตเกียวมารีน,non_life,"['ประกันคุ้มภัย', 'คุ้มภัย', 'คภ.', 'โตเกียวมารีน', 'tokio marine']"
37743887,,,
37744945,Krungthai AXA,non_life,"['กรุงไทยแอกซ่า', 'axa', 'แอกซ่า', 'แอกซา', 'เเอกซ่า', 'แอคซ่า', 'เเอคซา', 'กรุงไทยแอกซา', 'แอ๊คซ่า', 'แอ๊กซ่า', 'เเอกซ่า', 'axxa']"
37752328,MSIG,non_life,"['msig', 'เอ็มเอสไอจี']"
37752328,MSIG,non_life,"['msig', 'เอ็มเอสไอจี']"
37752328,MSIG,non_life,"['msig', 'เอ็มเอสไอจี']"
37752328,เมืองไทยประกันชีวิต,life,"['เมืองไทยประกันชีวิต', 'เมืองไทย', 'muangthai', 'mtl', 'ประกันชีวิตสีชมพู']"
37752328,เมืองไทยประกันชีวิต,life,"['เมืองไทยประกันชีวิต', 'เมืองไทย', 'muangthai', 'mtl', 'ประกันชีวิตสีชมพู']"
37752328,เมืองไทยประกันชีวิต,life,"['เมืองไทยประกันชีวิต', 'เมืองไทย', 'muangthai', 'mtl', 'ประกันชีวิตสีชมพู']"
37752328,กสิกรไทย,broker,"['กสิกร', 'k bank', 'แบงค์เขียว']"
37752328,กสิกรไทย,broker,"['กสิกร', 'k bank', 'แบงค์เขียว']"
37752328,กสิกรไทย,broker,"['กสิกร', 'k bank', 'แบงค์เขียว']"
37753214,Chubb,non_life,"['chubb', 'ชับบ์', 'chuub', 'ชับ สามัคคี']"
37753214,Chubb,non_life,"['chubb', 'ชับบ์', 'chuub', 'ชับ สามัคคี']"
37753214,Krungsri First Choice,broker,"['first choice', 'กรุงศรี เฟิร์สช้อยส์', 'กรุงศรีเฟิร์สช้อย', 'เฟิสช้อย', 'เฟริสช้อย']"
37753214,Krungsri First Choice,broker,"['first choice', 'กรุงศรี เฟิร์สช้อยส์', 'กรุงศรีเฟิร์สช้อย', 'เฟิสช้อย', 'เฟริสช้อย']"
37759534,Allianz Ayudhya,life,"['allianz', 'อลิอันซ์', 'อลิอันซ์อยุธยา', 'azay', 'อริอันซ์ อยุธยา', 'อลิอันช์', 'alianz ayudhya', 'az y']"
37762625,,,
37764473,,,
37767757,,,
37770555,Allianz Ayudhya,life,"['allianz', 'อลิอันซ์', 'อลิอันซ์อยุธยา', 'azay', 'อริอันซ์ อยุธยา', 'อลิอันช์', 'alianz ayudhya', 'az y']"
37770555,Allianz Ayudhya,life,"['allianz', 'อลิอันซ์', 'อลิอันซ์อยุธยา', 'azay', 'อริอันซ์ อยุธยา', 'อลิอันช์', 'alianz ayudhya', 'az y']"
37770555,วิริยะประกันภัย,non_life,"['วิริยะ', 'viriyah', 'วรย', 'วิริยา']"
37770555,วิริยะประกันภัย,non_life,"['วิริยะ', 'viriyah', 'วรย', 'วิริยา']"
37772051,กรุงเทพประกันชีวิต,life,"['กรุงเทพประกันชีวิต', 'bangkok life', 'bblife']"
37772051,กรุงเทพประกันชีวิต,life,"['กรุงเทพประกันชีวิต', 'bangkok life', 'bblife']"
37772051,Chubb,non_life,"['chubb', 'ชับบ์', 'chuub', 'ชับ สามัคคี']"
37772051,Chubb,non_life,"['chubb', 'ชับบ์', 'chuub', 'ชับ สามัคคี']"
37773718,AEON,broker,"['aeon', 'อิออน']"
37773718,AEON,broker,"['aeon', 'อิออน']"
37773718,เมืองไทยประกันชีวิต,life,"['เมืองไทยประกันชีวิต', 'เมืองไทย', 'muangthai', 'mtl', 'ประกันชีวิตสีชมพู']"
37773718,เมืองไทยประกันชีวิต,life,"['เมืองไทยประกันชีวิต', 'เมืองไทย', 'muangthai', 'mtl', 'ประกันชีวิตสีชมพู']"
37773718,ไทยประกันชีวิต,life,"['ไทยประกันชีวิต', 'ไทยประกัน']"
37773718,ไทยประกันชีวิต,life,"['ไทยประกันชีวิต', 'ไทยประกัน']"
37773718,Cigna,life,"['cigna', 'ซิกน่า', 'ซิกม่า']"
37773718,Cigna,life,"['cigna', 'ซิกน่า', 'ซิกม่า']"
37773857,,,
37780298,,,
37780636,ไทยวิวัฒน์,non_life,"['ไทยวิวัฒน์', 'thaivivat', 'ไทยวิวัตน์']"
37782556,,,
37792263,,,
37798567,,,
37806811,ไทยประกันชีวิต,life,"['ไทยประกันชีวิต', 'ไทยประกัน']"
37812229,Generali,non_life,"['generali', 'เจนเนอราลี่']"
37813961,,,
37815882,Manulife,life,"['manulife', 'เมนูไลฟ์']"
37816501,เมืองไทยประกันชีวิต,life,"['เมืองไทยประกันชีวิต', 'เมืองไทย', 'muangthai', 'mtl', 'ประกันชีวิตสีชมพู']"
37816501,ไทยประกันชีวิต,life,"['ไทยประกันชีวิต', 'ไทยประกัน']"
37818699,Allianz Ayudhya,life,"['allianz', 'อลิอันซ์', 'อลิอันซ์อยุธยา', 'azay', 'อริอันซ์ อยุธยา', 'อลิอันช์', 'alianz ayudhya', 'az y']"
37818699,Allianz Ayudhya,life,"['allianz', 'อลิอันซ์', 'อลิอันซ์อยุธยา', 'azay', 'อริอันซ์ อยุธยา', 'อลิอันช์', 'alianz ayudhya', 'az y']"
37818699,ไทยวิวัฒน์,non_life,"['ไทยวิวัฒน์', 'thaivivat', 'ไทยวิวัตน์']"
37818699,ไทยวิวัฒน์,non_life,"['ไทยวิวัฒน์', 'thaivivat', 'ไทยวิวัตน์']"
37824571,เมืองไทยประกันชีวิต,life,"['เมืองไทยประกันชีวิต', 'เมืองไทย', 'muangthai', 'mtl', 'ประกันชีวิตสีชมพู']"
37824571,เมืองไทยประกันชีวิต,life,"['เมืองไทยประกันชีวิต', 'เมืองไทย', 'muangthai', 'mtl', 'ประกันชีวิตสีชมพู']"
37824571,Allianz Ayudhya,life,"['allianz', 'อลิอันซ์', 'อลิอันซ์อยุธยา', 'azay', 'อริอันซ์ อยุธยา', 'อลิอันช์', 'alianz ayudhya', 'az y']"
37824571,Allianz Ayudhya,life,"['allianz', 'อลิอันซ์', 'อลิอันซ์อยุธยา', 'azay', 'อริอันซ์ อยุธยา', 'อลิอันช์', 'alianz ayudhya', 'az y']"
37824571,FWD,life,"['fwd', 'เอฟดับบลิวดี', 'fwd ประกันชีวิต']"
37824571,FWD,life,"['fwd', 'เอฟดับบลิวดี', 'fwd ประกันชีวิต']"
37824571,Krungthai AXA,non_life,"['กรุงไทยแอกซ่า', 'axa', 'แอกซ่า', 'แอกซา', 'เเอกซ่า', 'แอคซ่า', 'เเอคซา', 'กรุงไทยแอกซา', 'แอ๊คซ่า', 'แอ๊กซ่า', 'เเอกซ่า', 'axxa']"
37824571,Krungthai AXA,non_life,"['กรุงไทยแอกซ่า', 'axa', 'แอกซ่า', 'แอกซา', 'เเอกซ่า', 'แอคซ่า', 'เเอคซา', 'กรุงไทยแอกซา', 'แอ๊คซ่า', 'แอ๊กซ่า', 'เเอกซ่า', 'axxa']"
37824571,ไทยวิวัฒน์,non_life,"['ไทยวิวัฒน์', 'thaivivat', 'ไทยวิวัตน์']"
37824571,ไทยวิวัฒน์,non_life,"['ไทยวิวัฒน์', 'thaivivat', 'ไทยวิวัตน์']"
37825503,,,
37830227,เมืองไทยประกันชีวิต,life,"['เมืองไทยประกันชีวิต', 'เมืองไทย', 'muangthai', 'mtl', 'ประกันชีวิตสีชมพู']"
37835005,วารุณีพร อินชัวร์รันซ์,broker,"['วารุณีพร อินชัวร์รันซ์', 'วารุณี อินชัวร์รันซ์']"
37858016,,,
37862130,Krungthai AXA,non_life,"['กรุงไทยแอกซ่า', 'axa', 'แอกซ่า', 'แอกซา', 'เเอกซ่า', 'แอคซ่า', 'เเอคซา', 'กรุงไทยแอกซา', 'แอ๊คซ่า', 'แอ๊กซ่า', 'เเอกซ่า', 'axxa']"
37873368,ธนาคารออมสิน,broker,"['GSB', 'ออมสิน']"
37874830,,,
37882286,กรุงเทพประกันภัย,non_life,"['กรุงเทพประกันภัย', 'bangkok insurance', 'กรุงเทพ', 'bki']"
37884291,FWD,life,"['fwd', 'เอฟดับบลิวดี', 'fwd ประกันชีวิต']"
37885245,ทิพยประกันภัย,non_life,"['ทิพย', 'ทิพยประกันภัย', 'dip', 'dhp', 'tip']"
37885245,ทิพยประกันภัย,non_life,"['ทิพย', 'ทิพยประกันภัย', 'dip', 'dhp', 'tip']"
37885245,ธนาคารกรุงไทย,broker,['ธนาคารกรุงไทย']
37885245,ธนาคารกรุงไทย,broker,['ธนาคารกรุงไทย']
37886130,AIA,life,"['aia', 'เอไอเอ']"
37886130,AIA,life,"['aia', 'เอไอเอ']"
37886130,Krungthai AXA,non_life,"['กรุงไทยแอกซ่า', 'axa', 'แอกซ่า', 'แอกซา', 'เเอกซ่า', 'แอคซ่า', 'เเอคซา', 'กรุงไทยแอกซา', 'แอ๊คซ่า', 'แอ๊กซ่า', 'เเอกซ่า', 'axxa']"
37886130,Krungthai AXA,non_life,"['กรุงไทยแอกซ่า', 'axa', 'แอกซ่า', 'แอกซา', 'เเอกซ่า', 'แอคซ่า', 'เเอคซา', 'กรุงไทยแอกซา', 'แอ๊คซ่า', 'แอ๊กซ่า', 'เเอกซ่า', 'axxa']"
37891313,ไทยประกันชีวิต,life,"['ไทยประกันชีวิต', 'ไทยประกัน']"
37893013,ธนชาตประกันภัย,non_life,"['ธนชาตประกันภัย', 'ธนชาต', 'ธนชาติ', 'ประกันภัยสีส้ม']"
37894239,Krungthai AXA,non_life,"['กรุงไทยแอกซ่า', 'axa', 'แอกซ่า', 'แอกซา', 'เเอกซ่า', 'แอคซ่า', 'เเอคซา', 'กรุงไทยแอกซา', 'แอ๊คซ่า', 'แอ๊กซ่า', 'เเอกซ่า', 'axxa']"
37913038,,,
37915560,Bupa,life,"['bupa', 'บูพา', 'บูพ่า']"
37924896,,,
37925033,กรุงเทพประกันภัย,non_life,"['กรุงเทพประกันภัย', 'bangkok insurance', 'กรุงเทพ', 'bki']"
37925033,สินมั่นคง,non_life,"['สินมั่นคง', 'สินมั่งคง']"
37927327,วิริยะประกันภัย,non_life,"['วิริยะ', 'viriyah', 'วรย', 'วิริยา']"
37929609,,,
37931387,Krungthai AXA,non_life,"['กรุงไทยแอกซ่า', 'axa', 'แอกซ่า', 'แอกซา', 'เเอกซ่า', 'แอคซ่า', 'เเอคซา', 'กรุงไทยแอกซา', 'แอ๊คซ่า', 'แอ๊กซ่า', 'เเอกซ่า', 'axxa']"
37932272,,,
37933246,วิริยะประกันภัย,non_life,"['วิริยะ', 'viriyah', 'วรย', 'วิริยา']"
37933246,สินมั่นคง,non_life,"['สินมั่นคง', 'สินมั่งคง']"
37938455,,,
37944236,Chubb,non_life,"['chubb', 'ชับบ์', 'chuub', 'ชับ สามัคคี']"
37948741,,,
37948912,FWD,life,"['fwd', 'เอฟดับบลิวดี', 'fwd ประกันชีวิต']"
37965284,Silkspan,broker,['silkspan']
37966024,,,
37966262,กรุงไทยพานิชประกันภัย,non_life,"['kpi', 'กรุงไทยประกันภัย', 'กรุงไทย ธนวัฏ', 'กรุงไทยพานิช']"
37966914,,,
37970158,,,
37978144,กรุงเทพประกันภัย,non_life,"['กรุงเทพประกันภัย', 'bangkok insurance', 'กรุงเทพ', 'bki']"
37980036,,,
37981733,,,
37984715,Chubb,non_life,"['chubb', 'ชับบ์', 'chuub', 'ชับ สามัคคี']"
37989128,Cigna,life,"['cigna', 'ซิกน่า', 'ซิกม่า']"
37989128,Cigna,life,"['cigna', 'ซิกน่า', 'ซิกม่า']"
37989128,ทหารไทยธนชาต,broker,"['ทหารไทยธนชาต', 'ttb', 'tmb', 'ธนาคารทหารไทย', 'ทหารไทย']"
37989128,ทหารไทยธนชาต,broker,"['ทหารไทยธนชาต', 'ttb', 'tmb', 'ธนาคารทหารไทย', 'ทหารไทย']"
37989192,AIA,life,"['aia', 'เอไอเอ']"
37989192,เมืองไทยประกันชีวิต,life,"['เมืองไทยประกันชีวิต', 'เมืองไทย', 'muangthai', 'mtl', 'ประกันชีวิตสีชมพู']"
37992699,,,
37994703,,,
37997956,,,
38002825,,,
38007681,,,
38010077,AEON,broker,"['aeon', 'อิออน']"
38018311,,,
38029171,,,
38029850,คุ้มภัยโตเกียวมารีน,non_life,"['ประกันคุ้มภัย', 'คุ้มภัย', 'คภ.', 'โตเกียวมารีน', 'tokio marine']"
38029850,คุ้มภัยโตเกียวมารีน,non_life,"['ประกันคุ้มภัย', 'คุ้มภัย', 'คภ.', 'โตเกียวมารีน', 'tokio marine']"
38029850,Ark Insure,broker,"['ark insure', 'อาร์ค', 'ark']"
38029850,Ark Insure,broker,"['ark insure', 'อาร์ค', 'ark']"
38029850,AIS,broker,['ais']
38029850,AIS,broker,['ais']
38029891,Allianz Ayudhya,life,"['allianz', 'อลิอันซ์', 'อลิอันซ์อยุธยา', 'azay', 'อริอันซ์ อยุธยา', 'อลิอันช์', 'alianz ayudhya', 'az y']"
38032303,,,
38033344,,,
38035763,Krungthai AXA,non_life,"['กรุงไทยแอกซ่า', 'axa', 'แอกซ่า', 'แอกซา', 'เเอกซ่า', 'แอคซ่า', 'เเอคซา', 'กรุงไทยแอกซา', 'แอ๊คซ่า', 'แอ๊กซ่า', 'เเอกซ่า', 'axxa']"
38038631,,,
38039504,ทหารไทยธนชาต,broker,"['ทหารไทยธนชาต', 'ttb', 'tmb', 'ธนาคารทหารไทย', 'ทหารไทย']"
38042078,,,
38043061,AIA,life,"['aia', 'เอไอเอ']"
38047530,,,
38050468,วิริยะประกันภัย,non_life,"['วิริยะ', 'viriyah', 'วรย', 'วิริยา']"
38052060,Generali,non_life,"['generali', 'เจนเนอราลี่']"
38055193,,,
38055445,เอเชียประกันภัย,non_life,"['เอเชียประกันภัย', 'เอเชีย', 'asia']"
38056427,ANC,broker,"['anc', 'เอเอ็นซี']"
38063319,,,
38066054,Krungthai AXA,non_life,"['กรุงไทยแอกซ่า', 'axa', 'แอกซ่า', 'แอกซา', 'เเอกซ่า', 'แอคซ่า', 'เเอคซา', 'กรุงไทยแอกซา', 'แอ๊คซ่า', 'แอ๊กซ่า', 'เเอกซ่า', 'axxa']"
38066054,กรุงเทพประกันภัย,non_life,"['กรุงเทพประกันภัย', 'bangkok insurance', 'กรุงเทพ', 'bki']"
38068431,ธนาคารอาคารสงเคราะห์,broker,"['ธ.อ.ส.', 'ธอส']"
38068778,สินมั่นคง,non_life,"['สินมั่นคง', 'สินมั่งคง']"
38071673,MSIG,non_life,"['msig', 'เอ็มเอสไอจี']"
38072423,คุ้มภัยโตเกียวมารีน,non_life,"['ประกันคุ้มภัย', 'คุ้มภัย', 'คภ.', 'โตเกียวมารีน', 'tokio marine']"
38072423,คุ้มภัยโตเกียวมารีน,non_life,"['ประกันคุ้มภัย', 'คุ้มภัย', 'คภ.', 'โตเกียวมารีน', 'tokio marine']"
38072423,กสิกรไทย,broker,"['กสิกร', 'k bank', 'แบงค์เขียว']"
38072423,กสิกรไทย,broker,"['กสิกร', 'k bank', 'แบงค์เขียว']"
38072423,ทหารไทยธนชาต,broker,"['ทหารไทยธนชาต', 'ttb', 'tmb', 'ธนาคารทหารไทย', 'ทหารไทย']"
38072423,ทหารไทยธนชาต,broker,"['ทหารไทยธนชาต', 'ttb', 'tmb', 'ธนาคารทหารไทย', 'ทหารไทย']"
38078184,,,
38080217,,,
38084104,AIA,life,"['aia', 'เอไอเอ']"
38102699,วิริยะประกันภัย,non_life,"['วิริยะ', 'viriyah', 'วรย', 'วิริยา']"
38113877,เทเวศประกันภัย,non_life,['เทเวศ']
38114836,,,
38116807,กสิกรไทย,broker,"['กสิกร', 'k bank', 'แบงค์เขียว']"
38126325,,,
38126609,,,
38133056,Cigna,life,"['cigna', 'ซิกน่า', 'ซิกม่า']"
38133056,Cigna,life,"['cigna', 'ซิกน่า', 'ซิกม่า']"
38133056,ทหารไทยธนชาต,broker,"['ทหารไทยธนชาต', 'ttb', 'tmb', 'ธนาคารทหารไทย', 'ทหารไทย']"
38133056,ทหารไทยธนชาต,broker,"['ทหารไทยธนชาต', 'ttb', 'tmb', 'ธนาคารทหารไทย', 'ทหารไทย']"
38141739,,,
38144455,,,
38145023,,,
38150630,กรุงเทพประกันภัย,non_life,"['กรุงเทพประกันภัย', 'bangkok insurance', 'กรุงเทพ', 'bki']"
38151746,กรุงเทพประกันภัย,non_life,"['กรุงเทพประกันภัย', 'bangkok insurance', 'กรุงเทพ', 'bki']"
38153721,MSIG,non_life,"['msig', 'เอ็มเอสไอจี']"
38157623,Allianz Ayudhya,life,"['allianz', 'อลิอันซ์', 'อลิอันซ์อยุธยา', 'azay', 'อริอันซ์ อยุธยา', 'อลิอันช์', 'alianz ayudhya', 'az y']"
38160658,AEON,broker,"['aeon', 'อิออน']"
38162068,,,
38177927,Cigna,life,"['cigna', 'ซิกน่า', 'ซิกม่า']"
38182504,วิริยะประกันภัย,non_life,"['วิริยะ', 'viriyah', 'วรย', 'วิริยา']"
38192957,Aetna,life,['aetna']
38200217,,,
38201202,Krungthai AXA,non_life,"['กรุงไทยแอกซ่า', 'axa', 'แอกซ่า', 'แอกซา', 'เเอกซ่า', 'แอคซ่า', 'เเอคซา', 'กรุงไทยแอกซา', 'แอ๊คซ่า', 'แอ๊กซ่า', 'เเอกซ่า', 'axxa']"
38209514,,,
38218615,,,
38224617,Luma Care,broker,['Luma']
38238117,,,
38239623,LMG,non_life,"['lmg', 'แอลเอ็มจี']"
38239680,ไทยวิวัฒน์,non_life,"['ไทยวิวัฒน์', 'thaivivat', 'ไทยวิวัตน์']"
38245188,,,
38245382,,,
38250442,KTC,broker,"['บัตรกรุงไทย', 'ktc']"
38250442,KTC,broker,"['บัตรกรุงไทย', 'ktc']"
38250442,Generali,non_life,"['generali', 'เจนเนอราลี่']"
38250442,Generali,non_life,"['generali', 'เจนเนอราลี่']"
38250442,ไทยศรีประกันภัย,non_life,['ไทยศรี']
38250442,ไทยศรีประกันภัย,non_life,['ไทยศรี']
38250596,AIA,life,"['aia', 'เอไอเอ']"
38250596,AIA,life,"['aia', 'เอไอเอ']"
38250596,Allianz Ayudhya,life,"['allianz', 'อลิอันซ์', 'อลิอันซ์อยุธยา', 'azay', 'อริอันซ์ อยุธยา', 'อลิอันช์', 'alianz ayudhya', 'az y']"
38250596,Allianz Ayudhya,life,"['allianz', 'อลิอันซ์', 'อลิอันซ์อยุธยา', 'azay', 'อริอันซ์ อยุธยา', 'อลิอันช์', 'alianz ayudhya', 'az y']"
38250596,Krungthai AXA,non_life,"['กรุงไทยแอกซ่า', 'axa', 'แอกซ่า', 'แอกซา', 'เเอกซ่า', 'แอคซ่า', 'เเอคซา', 'กรุงไทยแอกซา', 'แอ๊คซ่า', 'แอ๊กซ่า', 'เเอกซ่า', 'axxa']"
38250596,Krungthai AXA,non_life,"['กรุงไทยแอกซ่า', 'axa', 'แอกซ่า', 'แอกซา', 'เเอกซ่า', 'แอคซ่า', 'เเอคซา', 'กรุงไทยแอกซา', 'แอ๊คซ่า', 'แอ๊กซ่า', 'เเอกซ่า', 'axxa']"
38255321,ธนชาตประกันภัย,non_life,"['ธนชาตประกันภัย', 'ธนชาต', 'ธนชาติ', 'ประกันภัยสีส้ม']"
38255321,ธนชาตประกันภัย,non_life,"['ธนชาตประกันภัย', 'ธนชาต', 'ธนชาติ', 'ประกันภัยสีส้ม']"
38255321,วิริยะประกันภัย,non_life,"['วิริยะ', 'viriyah', 'วรย', 'วิริยา']"
38255321,วิริยะประกันภัย,non_life,"['วิริยะ', 'viriyah', 'วรย', 'วิริยา']"
38255321,TISCO Insure,broker,['ทิสโก้']
38255321,TISCO Insure,broker,['ทิสโก้']
38255321,ANC,broker,"['anc', 'เอเอ็นซี']"
38255321,ANC,broker,"['anc', 'เอเอ็นซี']"
38256001,MSIG,non_life,"['msig', 'เอ็มเอสไอจี']"
38268040,,,
38277596,,,
38278431,,,
38285237,ธนชาตประกันภัย,non_life,"['ธนชาตประกันภัย', 'ธนชาต', 'ธนชาติ', 'ประกันภัยสีส้ม']"
38295101,Cigna,life,"['cigna', 'ซิกน่า', 'ซิกม่า']"
38295101,Cigna,life,"['cigna', 'ซิกน่า', 'ซิกม่า']"
38295101,AIS,broker,['ais']
38295101,AIS,broker,['ais']
38298748,,,
38306235,AEON,broker,"['aeon', 'อิออน']"
38314852,,,
38317892,SCB,broker,"['scb', 'ไทยพาณิชย์', 'ไทยพานิชย์', 'ธนาคารสีม่วง', 'cardx']"
38324032,กรุงเทพประกันภัย,non_life,"['กรุงเทพประกันภัย', 'bangkok insurance', 'กรุงเทพ', 'bki']"
38324032,อาคเนย์,non_life,"['อาคเนย์', 'aekn']"
38324225,กรุงเทพประกันภัย,non_life,"['กรุงเทพประกันภัย', 'bangkok insurance', 'กรุงเทพ', 'bki']"
38324225,ทิพยประกันภัย,non_life,"['ทิพย', 'ทิพยประกันภัย', 'dip', 'dhp', 'tip']"
38325616,,,
38329389,,,
38330232,Allianz Ayudhya,life,"['allianz', 'อลิอันซ์', 'อลิอันซ์อยุธยา', 'azay', 'อริอันซ์ อยุธยา', 'อลิอันช์', 'alianz ayudhya', 'az y']"
38330232,Allianz Ayudhya,life,"['allianz', 'อลิอันซ์', 'อลิอันซ์อยุธยา', 'azay', 'อริอันซ์ อยุธยา', 'อลิอันช์', 'alianz ayudhya', 'az y']"
38330232,วิริยะประกันภัย,non_life,"['วิริยะ', 'viriyah', 'วรย', 'วิริยา']"
38330232,วิริยะประกันภัย,non_life,"['วิริยะ', 'viriyah', 'วรย', 'วิริยา']"
38335808,,,
38349430,SOMPO,non_life,"['sompo', 'ซมโปะ']"
38357545,ทิพยประกันภัย,non_life,"['ทิพย', 'ทิพยประกันภัย', 'dip', 'dhp', 'tip']"
38364633,เงินติดล้อ,broker,['เงินติดล้อ']
38368345,,,
38368775,,,
38372139,วิริยะประกันภัย,non_life,"['วิริยะ', 'viriyah', 'วรย', 'วิริยา']"
38374260,,,
38376571,กรุงเทพประกันภัย,non_life,"['กรุงเทพประกันภัย', 'bangkok insurance', 'กรุงเทพ', 'bki']"
38376571,กรุงเทพประกันภัย,non_life,"['กรุงเทพประกันภัย', 'bangkok insurance', 'กรุงเทพ', 'bki']"
38376571,Silkspan,broker,['silkspan']
38376571,Silkspan,broker,['silkspan']
38378258,AEON,broker,"['aeon', 'อิออน']"
38379601,ไทยประกันชีวิต,life,"['ไทยประกันชีวิต', 'ไทยประกัน']"
38385154,วิริยะประกันภัย,non_life,"['วิริยะ', 'viriyah', 'วรย', 'วิริยา']"
38385844,Krungthai AXA,non_life,"['กรุงไทยแอกซ่า', 'axa', 'แอกซ่า', 'แอกซา', 'เเอกซ่า', 'แอคซ่า', 'เเอคซา', 'กรุงไทยแอกซา', 'แอ๊คซ่า', 'แอ๊กซ่า', 'เเอกซ่า', 'axxa']"
38388586,,,
38394661,,,
38394838,,,
38397840,Allianz Ayudhya,life,"['allianz', 'อลิอันซ์', 'อลิอันซ์อยุธยา', 'azay', 'อริอันซ์ อยุธยา', 'อลิอันช์', 'alianz ayudhya', 'az y']"
38402862,,,
38406750,AIA,life,"['aia', 'เอไอเอ']"
38414156,FWD,life,"['fwd', 'เอฟดับบลิวดี', 'fwd ประกันชีวิต']"
38424984,,,
38425324,อินทรประกันภัย,non_life,['อินทร']
38431275,,,
38434244,Generali,non_life,"['generali', 'เจนเนอราลี่']"
38434244,Generali,non_life,"['generali', 'เจนเนอราลี่']"
38434244,ทหารไทยธนชาต,broker,"['ทหารไทยธนชาต', 'ttb', 'tmb', 'ธนาคารทหารไทย', 'ทหารไทย']"
38434244,ทหารไทยธนชาต,broker,"['ทหารไทยธนชาต', 'ttb', 'tmb', 'ธนาคารทหารไทย', 'ทหารไทย']"
38437965,Generali,non_life,"['generali', 'เจนเนอราลี่']"
38437965,Generali,non_life,"['generali', 'เจนเนอราลี่']"
38437965,สินมั่นคง,non_life,"['สินมั่นคง', 'สินมั่งคง']"
38437965,สินมั่นคง,non_life,"['สินมั่นคง', 'สินมั่งคง']"
38437965,ทหารไทยธนชาต,broker,"['ทหารไทยธนชาต', 'ttb', 'tmb', 'ธนาคารทหารไทย', 'ทหารไทย']"
38437965,ทหารไทยธนชาต,broker,"['ทหารไทยธนชาต', 'ttb', 'tmb', 'ธนาคารทหารไทย', 'ทหารไทย']"
38439308,,,
38442564,,,
38464584,สินมั่นคง,non_life,"['สินมั่นคง', 'สินมั่งคง']"
38465715,กรุงเทพประกันภัย,non_life,"['กรุงเทพประกันภัย', 'bangkok insurance', 'กรุงเทพ', 'bki']"
38465715,กรุงเทพประกันภัย,non_life,"['กรุงเทพประกันภัย', 'bangkok insurance', 'กรุงเทพ', 'bki']"
38465715,กรุงเทพประกันภัย,non_life,"['กรุงเทพประกันภัย', 'bangkok insurance', 'กรุงเทพ', 'bki']"
38465715,ธนาคารกรุงเทพ,broker,"['ธนาคารกรุงเทพ', 'บัวหลวง']"
38465715,ธนาคารกรุงเทพ,broker,"['ธนาคารกรุงเทพ', 'บัวหลวง']"
38465715,ธนาคารกรุงเทพ,broker,"['ธนาคารกรุงเทพ', 'บัวหลวง']"
38465715,กรุงเทพประกันชีวิต,life,"['กรุงเทพประกันชีวิต', 'bangkok life', 'bblife']"
38465715,กรุงเทพประกันชีวิต,life,"['กรุงเทพประกันชีวิต', 'bangkok life', 'bblife']"
38465715,กรุงเทพประกันชีวิต,life,"['กรุงเทพประกันชีวิต', 'bangkok life', 'bblife']"
38469109,ANC,broker,"['anc', 'เอเอ็นซี']"
38469283,,,
38470312,Generali,non_life,"['generali', 'เจนเนอราลี่']"
38470312,กรุงเทพประกันภัย,non_life,"['กรุงเทพประกันภัย', 'bangkok insurance', 'กรุงเทพ', 'bki']"
38473837,,,
38484642,,,
38484776,,,
38486550,,,
38491416,,,
38497359,,,
38497882,AIA,life,"['aia', 'เอไอเอ']"
38499519,สินมั่นคง,non_life,"['สินมั่นคง', 'สินมั่งคง']"
38499519,คุ้มภัยโตเกียวมารีน,non_life,"['ประกันคุ้มภัย', 'คุ้มภัย', 'คภ.', 'โตเกียวมารีน', 'tokio marine']"
38499578,,,
38500769,,,
38501895,สินทรัพย์ประกันภัย,non_life,['สินทรัพย์']
38502266,,,
38504776,Chubb,non_life,"['chubb', 'ชับบ์', 'chuub', 'ชับ สามัคคี']"
38504776,Chubb,non_life,"['chubb', 'ชับบ์', 'chuub', 'ชับ สามัคคี']"
38504776,Krungsri First Choice,broker,"['first choice', 'กรุงศรี เฟิร์สช้อยส์', 'กรุงศรีเฟิร์สช้อย', 'เฟิสช้อย', 'เฟริสช้อย']"
38504776,Krungsri First Choice,broker,"['first choice', 'กรุงศรี เฟิร์สช้อยส์', 'กรุงศรีเฟิร์สช้อย', 'เฟิสช้อย', 'เฟริสช้อย']"
38506962,Chubb,non_life,"['chubb', 'ชับบ์', 'chuub', 'ชับ สามัคคี']"
38508069,,,
38512193,Krungsri First Choice,broker,"['first choice', 'กรุงศรี เฟิร์สช้อยส์', 'กรุงศรีเฟิร์สช้อย', 'เฟิสช้อย', 'เฟริสช้อย']"
38512193,Krungsri First Choice,broker,"['first choice', 'กรุงศรี เฟิร์สช้อยส์', 'กรุงศรีเฟิร์สช้อย', 'เฟิสช้อย', 'เฟริสช้อย']"
38512193,Cigna,life,"['cigna', 'ซิกน่า', 'ซิกม่า']"
38512193,Cigna,life,"['cigna', 'ซิกน่า', 'ซิกม่า']"
38512371,Cigna,life,"['cigna', 'ซิกน่า', 'ซิกม่า']"
38521124,,,
38523119,,,
38536614,,,
38537222,Silkspan,broker,['silkspan']
38543145,FWD,life,"['fwd', 'เอฟดับบลิวดี', 'fwd ประกันชีวิต']"
38543145,FWD,life,"['fwd', 'เอฟดับบลิวดี', 'fwd ประกันชีวิต']"
38543145,SCB,broker,"['scb', 'ไทยพาณิชย์', 'ไทยพานิชย์', 'ธนาคารสีม่วง', 'cardx']"
38543145,SCB,broker,"['scb', 'ไทยพาณิชย์', 'ไทยพานิชย์', 'ธนาคารสีม่วง', 'cardx']"
38543145,ทหารไทยธนชาต,broker,"['ทหารไทยธนชาต', 'ttb', 'tmb', 'ธนาคารทหารไทย', 'ทหารไทย']"
38543145,ทหารไทยธนชาต,broker,"['ทหารไทยธนชาต', 'ttb', 'tmb', 'ธนาคารทหารไทย', 'ทหารไทย']"
38545181,,,
38545617,,,
38549255,,,
38549778,AIA,life,"['aia', 'เอไอเอ']"
38553161,Cigna,life,"['cigna', 'ซิกน่า', 'ซิกม่า']"
38553161,Cigna,life,"['cigna', 'ซิกน่า', 'ซิกม่า']"
38553161,Cigna,life,"['cigna', 'ซิกน่า', 'ซิกม่า']"
38553161,กรุงเทพประกันภัย,non_life,"['กรุงเทพประกันภัย', 'bangkok insurance', 'กรุงเทพ', 'bki']"
38553161,กรุงเทพประกันภัย,non_life,"['กรุงเทพประกันภัย', 'bangkok insurance', 'กรุงเทพ', 'bki']"
38553161,กรุงเทพประกันภัย,non_life,"['กรุงเทพประกันภัย', 'bangkok insurance', 'กรุงเทพ', 'bki']"
38553161,AIS,broker,['ais']
38553161,AIS,broker,['ais']
38553161,AIS,broker,['ais']
38555231,วิริยะประกันภัย,non_life,"['วิริยะ', 'viriyah', 'วรย', 'วิริยา']"
38558571,วิริยะประกันภัย,non_life,"['วิริยะ', 'viriyah', 'วรย', 'วิริยา']"
38558664,ธนชาตประกันภัย,non_life,"['ธนชาตประกันภัย', 'ธนชาต', 'ธนชาติ', 'ประกันภัยสีส้ม']"
38561159,Generali,non_life,"['generali', 'เจนเนอราลี่']"
38565160,,,
38573708,ไทยประกันชีวิต,life,"['ไทยประกันชีวิต', 'ไทยประกัน']"
38573708,ไทยประกันชีวิต,life,"['ไทยประกันชีวิต', 'ไทยประกัน']"
38573708,KTC,broker,"['บัตรกรุงไทย', 'ktc']"
38573708,KTC,broker,"['บัตรกรุงไทย', 'ktc']"
38574937,,,
38576471,Generali,non_life,"['generali', 'เจนเนอราลี่']"
38577935,,,
38578009,,,
38584051,Generali,non_life,"['generali', 'เจนเนอราลี่']"
38586676,,,
38587268,,,
38592423,,,
38594800,Allianz Ayudhya,life,"['allianz', 'อลิอันซ์', 'อลิอันซ์อยุธยา', 'azay', 'อริอันซ์ อยุธยา', 'อลิอันช์', 'alianz ayudhya', 'az y']"
38595411,ทิพยประกันภัย,non_life,"['ทิพย', 'ทิพยประกันภัย', 'dip', 'dhp', 'tip']"
38595583,Cigna,life,"['cigna', 'ซิกน่า', 'ซิกม่า']"
38595583,Cigna,life,"['cigna', 'ซิกน่า', 'ซิกม่า']"
38595583,MSIG,non_life,"['msig', 'เอ็มเอสไอจี']"
38595583,MSIG,non_life,"['msig', 'เอ็มเอสไอจี']"
38599298,กรุงเทพประกันภัย,non_life,"['กรุงเทพประกันภัย', 'bangkok insurance', 'กรุงเทพ', 'bki']"
38602351,วิริยะประกันภัย,non_life,"['วิริยะ', 'viriyah', 'วรย', 'วิริยา']"
38602847,Krungsri First Choice,broker,"['first choice', 'กรุงศรี เฟิร์สช้อยส์', 'กรุงศรีเฟิร์สช้อย', 'เฟิสช้อย', 'เฟริสช้อย']"
38616875,,,
38618891,Chubb,non_life,"['chubb', 'ชับบ์', 'chuub', 'ชับ สามัคคี']"
38618891,Chubb,non_life,"['chubb', 'ชับบ์', 'chuub', 'ชับ สามัคคี']"
38618891,Krungsri First Choice,broker,"['first choice', 'กรุงศรี เฟิร์สช้อยส์', 'กรุงศรีเฟิร์สช้อย', 'เฟิสช้อย', 'เฟริสช้อย']"
38618891,Krungsri First Choice,broker,"['first choice', 'กรุงศรี เฟิร์สช้อยส์', 'กรุงศรีเฟิร์สช้อย', 'เฟิสช้อย', 'เฟริสช้อย']"
38630671,Krungthai AXA,non_life,"['กรุงไทยแอกซ่า', 'axa', 'แอกซ่า', 'แอกซา', 'เเอกซ่า', 'แอคซ่า', 'เเอคซา', 'กรุงไทยแอกซา', 'แอ๊คซ่า', 'แอ๊กซ่า', 'เเอกซ่า', 'axxa']"
38633426,Allianz Ayudhya,life,"['allianz', 'อลิอันซ์', 'อลิอันซ์อยุธยา', 'azay', 'อริอันซ์ อยุธยา', 'อลิอันช์', 'alianz ayudhya', 'az y']"
38633426,Allianz Ayudhya,life,"['allianz', 'อลิอันซ์', 'อลิอันซ์อยุธยา', 'azay', 'อริอันซ์ อยุธยา', 'อลิอันช์', 'alianz ayudhya', 'az y']"
38633426,Allianz Ayudhya,life,"['allianz', 'อลิอันซ์', 'อลิอันซ์อยุธยา', 'azay', 'อริอันซ์ อยุธยา', 'อลิอันช์', 'alianz ayudhya', 'az y']"
38633426,ทิพยประกันภัย,non_life,"['ทิพย', 'ทิพยประกันภัย', 'dip', 'dhp', 'tip']"
38633426,ทิพยประกันภัย,non_life,"['ทิพย', 'ทิพยประกันภัย', 'dip', 'dhp', 'tip']"
38633426,ทิพยประกันภัย,non_life,"['ทิพย', 'ทิพยประกันภัย', 'dip', 'dhp', 'tip']"
38633426,Krungsri First Choice,broker,"['first choice', 'กรุงศรี เฟิร์สช้อยส์', 'กรุงศรีเฟิร์สช้อย', 'เฟิสช้อย', 'เฟริสช้อย']"
38633426,Krungsri First Choice,broker,"['first choice', 'กรุงศรี เฟิร์สช้อยส์', 'กรุงศรีเฟิร์สช้อย', 'เฟิสช้อย', 'เฟริสช้อย']"
38633426,Krungsri First Choice,broker,"['first choice', 'กรุงศรี เฟิร์สช้อยส์', 'กรุงศรีเฟิร์สช้อย', 'เฟิสช้อย', 'เฟริสช้อย']"
38634852,วิริยะประกันภัย,non_life,"['วิริยะ', 'viriyah', 'วรย', 'วิริยา']"
38635906,,,
38638441,,,
38639793,,,
38648065,เมืองไทยประกันชีวิต,life,"['เมืองไทยประกันชีวิต', 'เมืองไทย', 'muangthai', 'mtl', 'ประกันชีวิตสีชมพู']"
38648065,เมืองไทยประกันชีวิต,life,"['เมืองไทยประกันชีวิต', 'เมืองไทย', 'muangthai', 'mtl', 'ประกันชีวิตสีชมพู']"
38648065,Cigna,life,"['cigna', 'ซิกน่า', 'ซิกม่า']"
38648065,Cigna,life,"['cigna', 'ซิกน่า', 'ซิกม่า']"
38648065,ทิพยประกันภัย,non_life,"['ทิพย', 'ทิพยประกันภัย', 'dip', 'dhp', 'tip']"
38648065,ทิพยประกันภัย,non_life,"['ทิพย', 'ทิพยประกันภัย', 'dip', 'dhp', 'tip']"
38648065,Krungthai AXA,non_life,"['กรุงไทยแอกซ่า', 'axa', 'แอกซ่า', 'แอกซา', 'เเอกซ่า', 'แอคซ่า', 'เเอคซา', 'กรุงไทยแอกซา', 'แอ๊คซ่า', 'แอ๊กซ่า', 'เเอกซ่า', 'axxa']"
38648065,Krungthai AXA,non_life,"['กรุงไทยแอกซ่า', 'axa', 'แอกซ่า', 'แอกซา', 'เเอกซ่า', 'แอคซ่า', 'เเอคซา', 'กรุงไทยแอกซา', 'แอ๊คซ่า', 'แอ๊กซ่า', 'เเอกซ่า', 'axxa']"
38648065,MSIG,non_life,"['msig', 'เอ็มเอสไอจี']"
38648065,MSIG,non_life,"['msig', 'เอ็มเอสไอจี']"
38648065,AIG,non_life,"['aig', 'เอไอจี']"
38648065,AIG,non_life,"['aig', 'เอไอจี']"
38648065,SOMPO,non_life,"['sompo', 'ซมโปะ']"
38648065,SOMPO,non_life,"['sompo', 'ซมโปะ']"
38651243,วิริยะประกันภัย,non_life,"['วิริยะ', 'viriyah', 'วรย', 'วิริยา']"
38651498,,,
38651656,Krungsri First Choice,broker,"['first choice', 'กรุงศรี เฟิร์สช้อยส์', 'กรุงศรีเฟิร์สช้อย', 'เฟิสช้อย', 'เฟริสช้อย']"
38651770,AIA,life,"['aia', 'เอไอเอ']"
38655074,Chubb,non_life,"['chubb', 'ชับบ์', 'chuub', 'ชับ สามัคคี']"
38660016,Generali,non_life,"['generali', 'เจนเนอราลี่']"
38660016,Generali,non_life,"['generali', 'เจนเนอราลี่']"
38660016,ทหารไทยธนชาต,broker,"['ทหารไทยธนชาต', 'ttb', 'tmb', 'ธนาคารทหารไทย', 'ทหารไทย']"
38660016,ทหารไทยธนชาต,broker,"['ทหารไทยธนชาต', 'ttb', 'tmb', 'ธนาคารทหารไทย', 'ทหารไทย']"
38669914,Krungthai AXA,non_life,"['กรุงไทยแอกซ่า', 'axa', 'แอกซ่า', 'แอกซา', 'เเอกซ่า', 'แอคซ่า', 'เเอคซา', 'กรุงไทยแอกซา', 'แอ๊คซ่า', 'แอ๊กซ่า', 'เเอกซ่า', 'axxa']"
38672140,Krungthai AXA,non_life,"['กรุงไทยแอกซ่า', 'axa', 'แอกซ่า', 'แอกซา', 'เเอกซ่า', 'แอคซ่า', 'เเอคซา', 'กรุงไทยแอกซา', 'แอ๊คซ่า', 'แอ๊กซ่า', 'เเอกซ่า', 'axxa']"
38675001,,,
38677823,,,
38678494,Generali,non_life,"['generali', 'เจนเนอราลี่']"
38679476,AIA,life,"['aia', 'เอไอเอ']"
38683571,ไทยวิวัฒน์,non_life,"['ไทยวิวัฒน์', 'thaivivat', 'ไทยวิวัตน์']"
38695395,,,
38700523,Chubb,non_life,"['chubb', 'ชับบ์', 'chuub', 'ชับ สามัคคี']"
38700523,Chubb,non_life,"['chubb', 'ชับบ์', 'chuub', 'ชับ สามัคคี']"
38700523,Krungsri First Choice,broker,"['first choice', 'กรุงศรี เฟิร์สช้อยส์', 'กรุงศรีเฟิร์สช้อย', 'เฟิสช้อย', 'เฟริสช้อย']"
38700523,Krungsri First Choice,broker,"['first choice', 'กรุงศรี เฟิร์สช้อยส์', 'กรุงศรีเฟิร์สช้อย', 'เฟิสช้อย', 'เฟริสช้อย']"
38701954,Krungthai AXA,non_life,"['กรุงไทยแอกซ่า', 'axa', 'แอกซ่า', 'แอกซา', 'เเอกซ่า', 'แอคซ่า', 'เเอคซา', 'กรุงไทยแอกซา', 'แอ๊คซ่า', 'แอ๊กซ่า', 'เเอกซ่า', 'axxa']"
38712441,คุ้มภัยโตเกียวมารีน,non_life,"['ประกันคุ้มภัย', 'คุ้มภัย', 'คภ.', 'โตเกียวมารีน', 'tokio marine']"
38715646,วิริยะประกันภัย,non_life,"['วิริยะ', 'viriyah', 'วรย', 'วิริยา']"
38715646,วิริยะประกันภัย,non_life,"['วิริยะ', 'viriyah', 'วรย', 'วิริยา']"
38715646,กสิกรไทย,broker,"['กสิกร', 'k bank', 'แบงค์เขียว']"
38715646,กสิกรไทย,broker,"['กสิกร', 'k bank', 'แบงค์เขียว']"
38715646,KTC,broker,"['บัตรกรุงไทย', 'ktc']"
38715646,KTC,broker,"['บัตรกรุงไทย', 'ktc']"
38722707,,,
38730970,Cigna,life,"['cigna', 'ซิกน่า', 'ซิกม่า']"
38731758,,,
38732225,,,
38740817,ทิพยประกันภัย,non_life,"['ทิพย', 'ทิพยประกันภัย', 'dip', 'dhp', 'tip']"
38747163,กสิกรไทย,broker,"['กสิกร', 'k bank', 'แบงค์เขียว']"
38747163,กสิกรไทย,broker,"['กสิกร', 'k bank', 'แบงค์เขียว']"
38747163,Thai Samsung Life,life,"['thai samsung life', 'thai samsung']"
38747163,Thai Samsung Life,life,"['thai samsung life', 'thai samsung']"
38747163,AIS,broker,['ais']
38747163,AIS,broker,['ais']
38748493,,,
38753277,,,
38754149,วิริยะประกันภัย,non_life,"['วิริยะ', 'viriyah', 'วรย', 'วิริยา']"
38758141,AIA,life,"['aia', 'เอไอเอ']"
38758141,AIA,life,"['aia', 'เอไอเอ']"
38758141,กรุงเทพประกันภัย,non_life,"['กรุงเทพประกันภัย', 'bangkok insurance', 'กรุงเทพ', 'bki']"
38758141,กรุงเทพประกันภัย,non_life,"['กรุงเทพประกันภัย', 'bangkok insurance', 'กรุงเทพ', 'bki']"
38766013,Krungthai AXA,non_life,"['กรุงไทยแอกซ่า', 'axa', 'แอกซ่า', 'แอกซา', 'เเอกซ่า', 'แอคซ่า', 'เเอคซา', 'กรุงไทยแอกซา', 'แอ๊คซ่า', 'แอ๊กซ่า', 'เเอกซ่า', 'axxa']"
38774961,,,
38779169,,,
38783245,ทิพยประกันภัย,non_life,"['ทิพย', 'ทิพยประกันภัย', 'dip', 'dhp', 'tip']"
38783691,Krungthai AXA,non_life,"['กรุงไทยแอกซ่า', 'axa', 'แอกซ่า', 'แอกซา', 'เเอกซ่า', 'แอคซ่า', 'เเอคซา', 'กรุงไทยแอกซา', 'แอ๊คซ่า', 'แอ๊กซ่า', 'เเอกซ่า', 'axxa']"
38798911,,,
38799059,,,
38809138,,,
38814699,,,
38816831,FWD,life,"['fwd', 'เอฟดับบลิวดี', 'fwd ประกันชีวิต']"
38824797,KTC,broker,"['บัตรกรุงไทย', 'ktc']"
38824812,,,
38826557,,,
38827600,Cigna,life,"['cigna', 'ซิกน่า', 'ซิกม่า']"
38830352,,,
38834223,ทหารไทยธนชาต,broker,"['ทหารไทยธนชาต', 'ttb', 'tmb', 'ธนาคารทหารไทย', 'ทหารไทย']"
38834223,ทหารไทยธนชาต,broker,"['ทหารไทยธนชาต', 'ttb', 'tmb', 'ธนาคารทหารไทย', 'ทหารไทย']"
38834223,FWD,life,"['fwd', 'เอฟดับบลิวดี', 'fwd ประกันชีวิต']"
38834223,FWD,life,"['fwd', 'เอฟดับบลิวดี', 'fwd ประกันชีวิต']"
38839052,,,
38840304,,,
38858104,กสิกรไทย,broker,"['กสิกร', 'k bank', 'แบงค์เขียว']"
38858104,กสิกรไทย,broker,"['กสิกร', 'k bank', 'แบงค์เขียว']"
38858104,เมืองไทยประกันชีวิต,life,"['เมืองไทยประกันชีวิต', 'เมืองไทย', 'muangthai', 'mtl', 'ประกันชีวิตสีชมพู']"
38858104,เมืองไทยประกันชีวิต,life,"['เมืองไทยประกันชีวิต', 'เมืองไทย', 'muangthai', 'mtl', 'ประกันชีวิตสีชมพู']"
38858104,ไทยประกันชีวิต,life,"['ไทยประกันชีวิต', 'ไทยประกัน']"
38858104,ไทยประกันชีวิต,life,"['ไทยประกันชีวิต', 'ไทยประกัน']"
38858104,ANC,broker,"['anc', 'เอเอ็นซี']"
38858104,ANC,broker,"['anc', 'เอเอ็นซี']"
38860149,,,
38865658,,,
38871300,,,
38871618,ทหารไทยธนชาต,broker,"['ทหารไทยธนชาต', 'ttb', 'tmb', 'ธนาคารทหารไทย', 'ทหารไทย']"
38875137,,,
38886359,TQM,broker,"['tqm', 'ทีคิวเอ็ม']"
38888814,,,
38892603,FWD,life,"['fwd', 'เอฟดับบลิวดี', 'fwd ประกันชีวิต']"
38901493,ทิพยประกันภัย,non_life,"['ทิพย', 'ทิพยประกันภัย', 'dip', 'dhp', 'tip']"
38902306,Krungthai AXA,non_life,"['กรุงไทยแอกซ่า', 'axa', 'แอกซ่า', 'แอกซา', 'เเอกซ่า', 'แอคซ่า', 'เเอคซา', 'กรุงไทยแอกซา', 'แอ๊คซ่า', 'แอ๊กซ่า', 'เเอกซ่า', 'axxa']"
38905666,,,
38910961,,,
38911505,,,
38916572,,,
38921383,ธนชาตประกันภัย,non_life,"['ธนชาตประกันภัย', 'ธนชาต', 'ธนชาติ', 'ประกันภัยสีส้ม']"
38937724,วิริยะประกันภัย,non_life,"['วิริยะ', 'viriyah', 'วรย', 'วิริยา']"
38937724,คุ้มภัยโตเกียวมารีน,non_life,"['ประกันคุ้มภัย', 'คุ้มภัย', 'คภ.', 'โตเกียวมารีน', 'tokio marine']"
38937906,Krungthai AXA,non_life,"['กรุงไทยแอกซ่า', 'axa', 'แอกซ่า', 'แอกซา', 'เเอกซ่า', 'แอคซ่า', 'เเอคซา', 'กรุงไทยแอกซา', 'แอ๊คซ่า', 'แอ๊กซ่า', 'เเอกซ่า', 'axxa']"
38941826,กรุงไทยพานิชประกันภัย,non_life,"['kpi', 'กรุงไทยประกันภัย', 'กรุงไทย ธนวัฏ', 'กรุงไทยพานิช']"
38941826,กรุงไทยพานิชประกันภัย,non_life,"['kpi', 'กรุงไทยประกันภัย', 'กรุงไทย ธนวัฏ', 'กรุงไทยพานิช']"
38941826,SCB Protect,broker,"['scb protect', 'scb ประกัน', 'ไทยพาณิชย์ประกัน']"
38941826,SCB Protect,broker,"['scb protect', 'scb ประกัน', 'ไทยพาณิชย์ประกัน']"
38941826,SCB,broker,"['scb', 'ไทยพาณิชย์', 'ไทยพานิชย์', 'ธนาคารสีม่วง', 'cardx']"
38941826,SCB,broker,"['scb', 'ไทยพาณิชย์', 'ไทยพานิชย์', 'ธนาคารสีม่วง', 'cardx']"
38943140,AEON,broker,"['aeon', 'อิออน']"
38943140,AEON,broker,"['aeon', 'อิออน']"
38943140,Allianz Ayudhya,life,"['allianz', 'อลิอันซ์', 'อลิอันซ์อยุธยา', 'azay', 'อริอันซ์ อยุธยา', 'อลิอันช์', 'alianz ayudhya', 'az y']"
38943140,Allianz Ayudhya,life,"['allianz', 'อลิอันซ์', 'อลิอันซ์อยุธยา', 'azay', 'อริอันซ์ อยุธยา', 'อลิอันช์', 'alianz ayudhya', 'az y']"
38943360,AIA,life,"['aia', 'เอไอเอ']"
38951746,,,
38952895,,,
38953594,,,
38959296,,,
38959631,AEON,broker,"['aeon', 'อิออน']"
38963100,ธนชาตประกันภัย,non_life,"['ธนชาตประกันภัย', 'ธนชาต', 'ธนชาติ', 'ประกันภัยสีส้ม']"
38965153,สินมั่นคง,non_life,"['สินมั่นคง', 'สินมั่งคง']"
38967216,,,
38984334,,,
38988660,เมืองไทยประกันชีวิต,life,"['เมืองไทยประกันชีวิต', 'เมืองไทย', 'muangthai', 'mtl', 'ประกันชีวิตสีชมพู']"
38988660,เมืองไทยประกันชีวิต,life,"['เมืองไทยประกันชีวิต', 'เมืองไทย', 'muangthai', 'mtl', 'ประกันชีวิตสีชมพู']"
38988660,AIOI,non_life,"['aioi', 'ไอโออิ']"
38988660,AIOI,non_life,"['aioi', 'ไอโออิ']"
38988877,Krungsri First Choice,broker,"['first choice', 'กรุงศรี เฟิร์สช้อยส์', 'กรุงศรีเฟิร์สช้อย', 'เฟิสช้อย', 'เฟริสช้อย']"
38993650,,,
38994831,LMG,non_life,"['lmg', 'แอลเอ็มจี']"
39000604,Krungthai AXA,non_life,"['กรุงไทยแอกซ่า', 'axa', 'แอกซ่า', 'แอกซา', 'เเอกซ่า', 'แอคซ่า', 'เเอคซา', 'กรุงไทยแอกซา', 'แอ๊คซ่า', 'แอ๊กซ่า', 'เเอกซ่า', 'axxa']"
39000604,Krungthai AXA,non_life,"['กรุงไทยแอกซ่า', 'axa', 'แอกซ่า', 'แอกซา', 'เเอกซ่า', 'แอคซ่า', 'เเอคซา', 'กรุงไทยแอกซา', 'แอ๊คซ่า', 'แอ๊กซ่า', 'เเอกซ่า', 'axxa']"
39000604,AIA,life,"['aia', 'เอไอเอ']"
39000604,AIA,life,"['aia', 'เอไอเอ']"
39000604,ไทยประกันชีวิต,life,"['ไทยประกันชีวิต', 'ไทยประกัน']"
39000604,ไทยประกันชีวิต,life,"['ไทยประกันชีวิต', 'ไทยประกัน']"
39006769,,,
39007591,อาคเนย์,non_life,"['อาคเนย์', 'aekn']"
39009891,AIA,life,"['aia', 'เอไอเอ']"
39015549,,,
39020180,,,
39024679,ธนาคารอาคารสงเคราะห์,broker,"['ธ.อ.ส.', 'ธอส']"
39029395,,,
39035229,,,
39040555,เมืองไทยประกันชีวิต,life,"['เมืองไทยประกันชีวิต', 'เมืองไทย', 'muangthai', 'mtl', 'ประกันชีวิตสีชมพู']"
39043158,,,
39047835,,,
39054907,Krungthai AXA,non_life,"['กรุงไทยแอกซ่า', 'axa', 'แอกซ่า', 'แอกซา', 'เเอกซ่า', 'แอคซ่า', 'เเอคซา', 'กรุงไทยแอกซา', 'แอ๊คซ่า', 'แอ๊กซ่า', 'เเอกซ่า', 'axxa']"
39058408,Krungthai AXA,non_life,"['กรุงไทยแอกซ่า', 'axa', 'แอกซ่า', 'แอกซา', 'เเอกซ่า', 'แอคซ่า', 'เเอคซา', 'กรุงไทยแอกซา', 'แอ๊คซ่า', 'แอ๊กซ่า', 'เเอกซ่า', 'axxa']"
39058679,Krungthai AXA,non_life,"['กรุงไทยแอกซ่า', 'axa', 'แอกซ่า', 'แอกซา', 'เเอกซ่า', 'แอคซ่า', 'เเอคซา', 'กรุงไทยแอกซา', 'แอ๊คซ่า', 'แอ๊กซ่า', 'เเอกซ่า', 'axxa']"
39062642,,,
39066935,AIA,life,"['aia', 'เอไอเอ']"
39072870,,,
39075868,FWD,life,"['fwd', 'เอฟดับบลิวดี', 'fwd ประกันชีวิต']"
39081248,กรุงเทพประกันชีวิต,life,"['กรุงเทพประกันชีวิต', 'bangkok life', 'bblife']"
39081248,กรุงเทพประกันชีวิต,life,"['กรุงเทพประกันชีวิต', 'bangkok life', 'bblife']"
39081248,กรุงเทพประกันภัย,non_life,"['กรุงเทพประกันภัย', 'bangkok insurance', 'กรุงเทพ', 'bki']"
39081248,กรุงเทพประกันภัย,non_life,"['กรุงเทพประกันภัย', 'bangkok insurance', 'กรุงเทพ', 'bki']"
39081248,สินมั่นคง,non_life,"['สินมั่นคง', 'สินมั่งคง']"
39081248,สินมั่นคง,non_life,"['สินมั่นคง', 'สินมั่งคง']"
39081248,อาคเนย์,non_life,"['อาคเนย์', 'aekn']"
39081248,อาคเนย์,non_life,"['อาคเนย์', 'aekn']"
39083629,FWD,life,"['fwd', 'เอฟดับบลิวดี', 'fwd ประกันชีวิต']"
39087922,,,
39089379,,,
39090497,คุ้มภัยโตเกียวมารีน,non_life,"['ประกันคุ้มภัย', 'คุ้มภัย', 'คภ.', 'โตเกียวมารีน', 'tokio marine']"
39094816,,,
39099707,,,
39101866,,,
39107813,,,
39108098,วิริยะประกันภัย,non_life,"['วิริยะ', 'viriyah', 'วรย', 'วิริยา']"
39110846,,,
39115896,Chubb,non_life,"['chubb', 'ชับบ์', 'chuub', 'ชับ สามัคคี']"
39115896,Chubb,non_life,"['chubb', 'ชับบ์', 'chuub', 'ชับ สามัคคี']"
39115896,KTC,broker,"['บัตรกรุงไทย', 'ktc']"
39115896,KTC,broker,"['บัตรกรุงไทย', 'ktc']"
39116094,ทิพยประกันภัย,non_life,"['ทิพย', 'ทิพยประกันภัย', 'dip', 'dhp', 'tip']"
39116393,,,
39122077,,,
39122459,Krungthai AXA,non_life,"['กรุงไทยแอกซ่า', 'axa', 'แอกซ่า', 'แอกซา', 'เเอกซ่า', 'แอคซ่า', 'เเอคซา', 'กรุงไทยแอกซา', 'แอ๊คซ่า', 'แอ๊กซ่า', 'เเอกซ่า', 'axxa']"
39124417,วิริยะประกันภัย,non_life,"['วิริยะ', 'viriyah', 'วรย', 'วิริยา']"
39125400,AIOI,non_life,"['aioi', 'ไอโออิ']"
39125892,SCB,broker,"['scb', 'ไทยพาณิชย์', 'ไทยพานิชย์', 'ธนาคารสีม่วง', 'cardx']"
39132109,ไทยประกันชีวิต,life,"['ไทยประกันชีวิต', 'ไทยประกัน']"
39140981,ANC,broker,"['anc', 'เอเอ็นซี']"
39142646,,,
39149555,SCB,broker,"['scb', 'ไทยพาณิชย์', 'ไทยพานิชย์', 'ธนาคารสีม่วง', 'cardx']"
39158221,Allianz Ayudhya,life,"['allianz', 'อลิอันซ์', 'อลิอันซ์อยุธยา', 'azay', 'อริอันซ์ อยุธยา', 'อลิอันช์', 'alianz ayudhya', 'az y']"
39158358,Krungthai AXA,non_life,"['กรุงไทยแอกซ่า', 'axa', 'แอกซ่า', 'แอกซา', 'เเอกซ่า', 'แอคซ่า', 'เเอคซา', 'กรุงไทยแอกซา', 'แอ๊คซ่า', 'แอ๊กซ่า', 'เเอกซ่า', 'axxa']"
39162201,,,
39162657,,,
39165328,,,
39167623,,,
39169236,,,
39169723,SCB,broker,"['scb', 'ไทยพาณิชย์', 'ไทยพานิชย์', 'ธนาคารสีม่วง', 'cardx']"
39169908,Chubb,non_life,"['chubb', 'ชับบ์', 'chuub', 'ชับ สามัคคี']"
39169908,Chubb,non_life,"['chubb', 'ชับบ์', 'chuub', 'ชับ สามัคคี']"
39169908,Krungsri First Choice,broker,"['first choice', 'กรุงศรี เฟิร์สช้อยส์', 'กรุงศรีเฟิร์สช้อย', 'เฟิสช้อย', 'เฟริสช้อย']"
39169908,Krungsri First Choice,broker,"['first choice', 'กรุงศรี เฟิร์สช้อยส์', 'กรุงศรีเฟิร์สช้อย', 'เฟิสช้อย', 'เฟริสช้อย']"
39170017,Allianz Ayudhya,life,"['allianz', 'อลิอันซ์', 'อลิอันซ์อยุธยา', 'azay', 'อริอันซ์ อยุธยา', 'อลิอันช์', 'alianz ayudhya', 'az y']"
39171712,,,
39178268,,,
39178379,AIA,life,"['aia', 'เอไอเอ']"
39179112,,,
39182207,AIA,life,"['aia', 'เอไอเอ']"
39182627,ไทยเศรษฐกิจประกันภัย,non_life,['ไทยเศรษฐกิจ']
39183416,,,
39184464,,,
39184501,,,
39185614,ธนชาตประกันภัย,non_life,"['ธนชาตประกันภัย', 'ธนชาต', 'ธนชาติ', 'ประกันภัยสีส้ม']"
39187212,,,
39188551,,,
39189331,Allianz Ayudhya,life,"['allianz', 'อลิอันซ์', 'อลิอันซ์อยุธยา', 'azay', 'อริอันซ์ อยุธยา', 'อลิอันช์', 'alianz ayudhya', 'az y']"
39190982,AIA,life,"['aia', 'เอไอเอ']"
39195120,,,
39200362,,,
39200872,AIA,life,"['aia', 'เอไอเอ']"
39200872,AIA,life,"['aia', 'เอไอเอ']"
39200872,กรุงเทพประกันภัย,non_life,"['กรุงเทพประกันภัย', 'bangkok insurance', 'กรุงเทพ', 'bki']"
39200872,กรุงเทพประกันภัย,non_life,"['กรุงเทพประกันภัย', 'bangkok insurance', 'กรุงเทพ', 'bki']"
39200917,TQM,broker,"['tqm', 'ทีคิวเอ็ม']"
39202418,,,
39204055,นวกิจประกันภัย,non_life,['นวกิจ']
39206822,,,
39207214,,,
39215150,,,
39216368,,,
39216875,,,
39217193,,,
39218090,เมืองไทยประกันชีวิต,life,"['เมืองไทยประกันชีวิต', 'เมืองไทย', 'muangthai', 'mtl', 'ประกันชีวิตสีชมพู']"
39218090,เมืองไทยประกันชีวิต,life,"['เมืองไทยประกันชีวิต', 'เมืองไทย', 'muangthai', 'mtl', 'ประกันชีวิตสีชมพู']"
39218090,เมืองไทยประกันชีวิต,life,"['เมืองไทยประกันชีวิต', 'เมืองไทย', 'muangthai', 'mtl', 'ประกันชีวิตสีชมพู']"
39218090,คุ้มภัยโตเกียวมารีน,non_life,"['ประกันคุ้มภัย', 'คุ้มภัย', 'คภ.', 'โตเกียวมารีน', 'tokio marine']"
39218090,คุ้มภัยโตเกียวมารีน,non_life,"['ประกันคุ้มภัย', 'คุ้มภัย', 'คภ.', 'โตเกียวมารีน', 'tokio marine']"
39218090,คุ้มภัยโตเกียวมารีน,non_life,"['ประกันคุ้มภัย', 'คุ้มภัย', 'คภ.', 'โตเกียวมารีน', 'tokio marine']"
39218090,TQM,broker,"['tqm', 'ทีคิวเอ็ม']"
39218090,TQM,broker,"['tqm', 'ทีคิวเอ็ม']"
39218090,TQM,broker,"['tqm', 'ทีคิวเอ็ม']"
39220601,,,
39221225,Chubb,non_life,"['chubb', 'ชับบ์', 'chuub', 'ชับ สามัคคี']"
39224501,อาคเนย์,non_life,"['อาคเนย์', 'aekn']"
39228902,AIA,life,"['aia', 'เอไอเอ']"
39228902,AIA,life,"['aia', 'เอไอเอ']"
39228902,TISCO Insure,broker,['ทิสโก้']
39228902,TISCO Insure,broker,['ทิสโก้']
39229007,คุ้มภัยโตเกียวมารีน,non_life,"['ประกันคุ้มภัย', 'คุ้มภัย', 'คภ.', 'โตเกียวมารีน', 'tokio marine']"
39229030,ไทยวิวัฒน์,non_life,"['ไทยวิวัฒน์', 'thaivivat', 'ไทยวิวัตน์']"
39231273,,,
39232792,,,
39237002,สินมั่นคง,non_life,"['สินมั่นคง', 'สินมั่งคง']"
39237484,Krungsri First Choice,broker,"['first choice', 'กรุงศรี เฟิร์สช้อยส์', 'กรุงศรีเฟิร์สช้อย', 'เฟิสช้อย', 'เฟริสช้อย']"
39240439,,,
39243038,,,
39243821,,,
39244493,AEON,broker,"['aeon', 'อิออน']"
39246190,ธนชาตประกันภัย,non_life,"['ธนชาตประกันภัย', 'ธนชาต', 'ธนชาติ', 'ประกันภัยสีส้ม']"
39246795,ไทยประกันชีวิต,life,"['ไทยประกันชีวิต', 'ไทยประกัน']"
39246795,ไทยประกันชีวิต,life,"['ไทยประกันชีวิต', 'ไทยประกัน']"
39246795,Krungthai AXA,non_life,"['กรุงไทยแอกซ่า', 'axa', 'แอกซ่า', 'แอกซา', 'เเอกซ่า', 'แอคซ่า', 'เเอคซา', 'กรุงไทยแอกซา', 'แอ๊คซ่า', 'แอ๊กซ่า', 'เเอกซ่า', 'axxa']"
39246795,Krungthai AXA,non_life,"['กรุงไทยแอกซ่า', 'axa', 'แอกซ่า', 'แอกซา', 'เเอกซ่า', 'แอคซ่า', 'เเอคซา', 'กรุงไทยแอกซา', 'แอ๊คซ่า', 'แอ๊กซ่า', 'เเอกซ่า', 'axxa']"
39247597,Generali,non_life,"['generali', 'เจนเนอราลี่']"
39256165,ธนชาตประกันภัย,non_life,"['ธนชาตประกันภัย', 'ธนชาต', 'ธนชาติ', 'ประกันภัยสีส้ม']"
39257219,FWD,life,"['fwd', 'เอฟดับบลิวดี', 'fwd ประกันชีวิต']"
39257908,เมืองไทยประกันชีวิต,life,"['เมืองไทยประกันชีวิต', 'เมืองไทย', 'muangthai', 'mtl', 'ประกันชีวิตสีชมพู']"
39257908,เมืองไทยประกันชีวิต,life,"['เมืองไทยประกันชีวิต', 'เมืองไทย', 'muangthai', 'mtl', 'ประกันชีวิตสีชมพู']"
39257908,เมืองไทยประกันชีวิต,life,"['เมืองไทยประกันชีวิต', 'เมืองไทย', 'muangthai', 'mtl', 'ประกันชีวิตสีชมพู']"
39257908,ไทยประกันชีวิต,life,"['ไทยประกันชีวิต', 'ไทยประกัน']"
39257908,ไทยประกันชีวิต,life,"['ไทยประกันชีวิต', 'ไทยประกัน']"
39257908,ไทยประกันชีวิต,life,"['ไทยประกันชีวิต', 'ไทยประกัน']"
39257908,Cigna,life,"['cigna', 'ซิกน่า', 'ซิกม่า']"
39257908,Cigna,life,"['cigna', 'ซิกน่า', 'ซิกม่า']"
39257908,Cigna,life,"['cigna', 'ซิกน่า', 'ซิกม่า']"
39257908,เมืองไทยประกันภัย,non_life,['เมืองไทยประกันภัย']
39257908,เมืองไทยประกันภัย,non_life,['เมืองไทยประกันภัย']
39257908,เมืองไทยประกันภัย,non_life,['เมืองไทยประกันภัย']
39257908,ทิพยประกันภัย,non_life,"['ทิพย', 'ทิพยประกันภัย', 'dip', 'dhp', 'tip']"
39257908,ทิพยประกันภัย,non_life,"['ทิพย', 'ทิพยประกันภัย', 'dip', 'dhp', 'tip']"
39257908,ทิพยประกันภัย,non_life,"['ทิพย', 'ทิพยประกันภัย', 'dip', 'dhp', 'tip']"
39257908,MSIG,non_life,"['msig', 'เอ็มเอสไอจี']"
39257908,MSIG,non_life,"['msig', 'เอ็มเอสไอจี']"
39257908,MSIG,non_life,"['msig', 'เอ็มเอสไอจี']"
39257908,ไทยวิวัฒน์,non_life,"['ไทยวิวัฒน์', 'thaivivat', 'ไทยวิวัตน์']"
39257908,ไทยวิวัฒน์,non_life,"['ไทยวิวัฒน์', 'thaivivat', 'ไทยวิวัตน์']"
39257908,ไทยวิวัฒน์,non_life,"['ไทยวิวัฒน์', 'thaivivat', 'ไทยวิวัตน์']"
39257908,ไทยประกันภัย,non_life,['ไทยประกันภัย']
39257908,ไทยประกันภัย,non_life,['ไทยประกันภัย']
39257908,ไทยประกันภัย,non_life,['ไทยประกันภัย']
39257908,กสิกรไทย,broker,"['กสิกร', 'k bank', 'แบงค์เขียว']"
39257908,กสิกรไทย,broker,"['กสิกร', 'k bank', 'แบงค์เขียว']"
39257908,กสิกรไทย,broker,"['กสิกร', 'k bank', 'แบงค์เขียว']"
39257975,Allianz Ayudhya,life,"['allianz', 'อลิอันซ์', 'อลิอันซ์อยุธยา', 'azay', 'อริอันซ์ อยุธยา', 'อลิอันช์', 'alianz ayudhya', 'az y']"
39258924,ธนชาตประกันภัย,non_life,"['ธนชาตประกันภัย', 'ธนชาต', 'ธนชาติ', 'ประกันภัยสีส้ม']"
39261311,ไทยประกันชีวิต,life,"['ไทยประกันชีวิต', 'ไทยประกัน']"
39262237,,,
39262502,วิริยะประกันภัย,non_life,"['วิริยะ', 'viriyah', 'วรย', 'วิริยา']"
39262502,อาคเนย์,non_life,"['อาคเนย์', 'aekn']"
39273991,Krungthai AXA,non_life,"['กรุงไทยแอกซ่า', 'axa', 'แอกซ่า', 'แอกซา', 'เเอกซ่า', 'แอคซ่า', 'เเอคซา', 'กรุงไทยแอกซา', 'แอ๊คซ่า', 'แอ๊กซ่า', 'เเอกซ่า', 'axxa']"
39276939,,,
39278196,,,
39278548,,,
39281872,,,
39282576,,,
39287439,Allianz Ayudhya,life,"['allianz', 'อลิอันซ์', 'อลิอันซ์อยุธยา', 'azay', 'อริอันซ์ อยุธยา', 'อลิอันช์', 'alianz ayudhya', 'az y']"
39287439,Allianz Ayudhya,life,"['allianz', 'อลิอันซ์', 'อลิอันซ์อยุธยา', 'azay', 'อริอันซ์ อยุธยา', 'อลิอันช์', 'alianz ayudhya', 'az y']"
39287439,AEON,broker,"['aeon', 'อิออน']"
39287439,AEON,broker,"['aeon', 'อิออน']"
39287451,,,
39288336,เมืองไทยประกันชีวิต,life,"['เมืองไทยประกันชีวิต', 'เมืองไทย', 'muangthai', 'mtl', 'ประกันชีวิตสีชมพู']"
39288336,เมืองไทยประกันชีวิต,life,"['เมืองไทยประกันชีวิต', 'เมืองไทย', 'muangthai', 'mtl', 'ประกันชีวิตสีชมพู']"
39288336,ไทยประกันชีวิต,life,"['ไทยประกันชีวิต', 'ไทยประกัน']"
39288336,ไทยประกันชีวิต,life,"['ไทยประกันชีวิต', 'ไทยประกัน']"
39288336,เมืองไทยประกันภัย,non_life,['เมืองไทยประกันภัย']
39288336,เมืองไทยประกันภัย,non_life,['เมืองไทยประกันภัย']
39288336,ไทยประกันภัย,non_life,['ไทยประกันภัย']
39288336,ไทยประกันภัย,non_life,['ไทยประกันภัย']
39288621,,,
39300386,Chubb,non_life,"['chubb', 'ชับบ์', 'chuub', 'ชับ สามัคคี']"
39304277,Krungthai AXA,non_life,"['กรุงไทยแอกซ่า', 'axa', 'แอกซ่า', 'แอกซา', 'เเอกซ่า', 'แอคซ่า', 'เเอคซา', 'กรุงไทยแอกซา', 'แอ๊คซ่า', 'แอ๊กซ่า', 'เเอกซ่า', 'axxa']"
39304277,Krungthai AXA,non_life,"['กรุงไทยแอกซ่า', 'axa', 'แอกซ่า', 'แอกซา', 'เเอกซ่า', 'แอคซ่า', 'เเอคซา', 'กรุงไทยแอกซา', 'แอ๊คซ่า', 'แอ๊กซ่า', 'เเอกซ่า', 'axxa']"
39304277,Krungthai AXA,non_life,"['กรุงไทยแอกซ่า', 'axa', 'แอกซ่า', 'แอกซา', 'เเอกซ่า', 'แอคซ่า', 'เเอคซา', 'กรุงไทยแอกซา', 'แอ๊คซ่า', 'แอ๊กซ่า', 'เเอกซ่า', 'axxa']"
39304277,Generali,non_life,"['generali', 'เจนเนอราลี่']"
39304277,Generali,non_life,"['generali', 'เจนเนอราลี่']"
39304277,Generali,non_life,"['generali', 'เจนเนอราลี่']"
39304277,AIA,life,"['aia', 'เอไอเอ']"
39304277,AIA,life,"['aia', 'เอไอเอ']"
39304277,AIA,life,"['aia', 'เอไอเอ']"
39304277,ANC,broker,"['anc', 'เอเอ็นซี']"
39304277,ANC,broker,"['anc', 'เอเอ็นซี']"
39304277,ANC,broker,"['anc', 'เอเอ็นซี']"
39304717,Generali,non_life,"['generali', 'เจนเนอราลี่']"
39308310,,,
39310637,Krungthai AXA,non_life,"['กรุงไทยแอกซ่า', 'axa', 'แอกซ่า', 'แอกซา', 'เเอกซ่า', 'แอคซ่า', 'เเอคซา', 'กรุงไทยแอกซา', 'แอ๊คซ่า', 'แอ๊กซ่า', 'เเอกซ่า', 'axxa']"
39311129,เงินติดล้อ,broker,['เงินติดล้อ']
39313735,,,
39314596,,,
39314913,ไทยประกันชีวิต,life,"['ไทยประกันชีวิต', 'ไทยประกัน']"
39317821,ไทยวิวัฒน์,non_life,"['ไทยวิวัฒน์', 'thaivivat', 'ไทยวิวัตน์']"
39319878,Krungthai AXA,non_life,"['กรุงไทยแอกซ่า', 'axa', 'แอกซ่า', 'แอกซา', 'เเอกซ่า', 'แอคซ่า', 'เเอคซา', 'กรุงไทยแอกซา', 'แอ๊คซ่า', 'แอ๊กซ่า', 'เเอกซ่า', 'axxa']"
39325685,,,
39326053,Chubb,non_life,"['chubb', 'ชับบ์', 'chuub', 'ชับ สามัคคี']"
39330280,,,
39331978,ไทยวิวัฒน์,non_life,"['ไทยวิวัฒน์', 'thaivivat', 'ไทยวิวัตน์']"
39342036,,,
39345657,เมืองไทยประกันชีวิต,life,"['เมืองไทยประกันชีวิต', 'เมืองไทย', 'muangthai', 'mtl', 'ประกันชีวิตสีชมพู']"
39345657,เมืองไทยประกันชีวิต,life,"['เมืองไทยประกันชีวิต', 'เมืองไทย', 'muangthai', 'mtl', 'ประกันชีวิตสีชมพู']"
39345657,ANC,broker,"['anc', 'เอเอ็นซี']"
39345657,ANC,broker,"['anc', 'เอเอ็นซี']"
39359144,,,
39361342,สินทรัพย์ประกันภัย,non_life,['สินทรัพย์']
39361721,Bupa,life,"['bupa', 'บูพา', 'บูพ่า']"
39364773,,,
39364821,KTC,broker,"['บัตรกรุงไทย', 'ktc']"
39364827,เมืองไทยประกันชีวิต,life,"['เมืองไทยประกันชีวิต', 'เมืองไทย', 'muangthai', 'mtl', 'ประกันชีวิตสีชมพู']"
39364827,ไทยประกันชีวิต,life,"['ไทยประกันชีวิต', 'ไทยประกัน']"
39365784,Chubb,non_life,"['chubb', 'ชับบ์', 'chuub', 'ชับ สามัคคี']"
39369570,Allianz Ayudhya,life,"['allianz', 'อลิอันซ์', 'อลิอันซ์อยุธยา', 'azay', 'อริอันซ์ อยุธยา', 'อลิอันช์', 'alianz ayudhya', 'az y']"
39380399,AIA,life,"['aia', 'เอไอเอ']"
39380399,AIA,life,"['aia', 'เอไอเอ']"
39380399,TISCO Insure,broker,['ทิสโก้']
39380399,TISCO Insure,broker,['ทิสโก้']
39384735,AIA,life,"['aia', 'เอไอเอ']"
39386748,,,
39389622,วิริยะประกันภัย,non_life,"['วิริยะ', 'viriyah', 'วรย', 'วิริยา']"
39392094,,,
39394587,AIA,life,"['aia', 'เอไอเอ']"
39394839,,,
39396741,Krungthai AXA,non_life,"['กรุงไทยแอกซ่า', 'axa', 'แอกซ่า', 'แอกซา', 'เเอกซ่า', 'แอคซ่า', 'เเอคซา', 'กรุงไทยแอกซา', 'แอ๊คซ่า', 'แอ๊กซ่า', 'เเอกซ่า', 'axxa']"
39398042,,,
39401938,,,
39409550,Allianz Ayudhya,life,"['allianz', 'อลิอันซ์', 'อลิอันซ์อยุธยา', 'azay', 'อริอันซ์ อยุธยา', 'อลิอันช์', 'alianz ayudhya', 'az y']"
39423357,,,
39425389,SCB,broker,"['scb', 'ไทยพาณิชย์', 'ไทยพานิชย์', 'ธนาคารสีม่วง', 'cardx']"
39425747,,,
39429154,,,
39435710,,,
39439506,,,
39440760,,,
39442088,ธนาคารอาคารสงเคราะห์,broker,"['ธ.อ.ส.', 'ธอส']"
39444127,FWD,life,"['fwd', 'เอฟดับบลิวดี', 'fwd ประกันชีวิต']"
39445508,กรุงเทพประกันภัย,non_life,"['กรุงเทพประกันภัย', 'bangkok insurance', 'กรุงเทพ', 'bki']"
39465589,FWD,life,"['fwd', 'เอฟดับบลิวดี', 'fwd ประกันชีวิต']"
39465589,FWD,life,"['fwd', 'เอฟดับบลิวดี', 'fwd ประกันชีวิต']"
39465589,ทหารไทยธนชาต,broker,"['ทหารไทยธนชาต', 'ttb', 'tmb', 'ธนาคารทหารไทย', 'ทหารไทย']"
39465589,ทหารไทยธนชาต,broker,"['ทหารไทยธนชาต', 'ttb', 'tmb', 'ธนาคารทหารไทย', 'ทหารไทย']"
39474214,Krungthai AXA,non_life,"['กรุงไทยแอกซ่า', 'axa', 'แอกซ่า', 'แอกซา', 'เเอกซ่า', 'แอคซ่า', 'เเอคซา', 'กรุงไทยแอกซา', 'แอ๊คซ่า', 'แอ๊กซ่า', 'เเอกซ่า', 'axxa']"
39474214,Krungthai AXA,non_life,"['กรุงไทยแอกซ่า', 'axa', 'แอกซ่า', 'แอกซา', 'เเอกซ่า', 'แอคซ่า', 'เเอคซา', 'กรุงไทยแอกซา', 'แอ๊คซ่า', 'แอ๊กซ่า', 'เเอกซ่า', 'axxa']"
39474214,AIA,life,"['aia', 'เอไอเอ']"
39474214,AIA,life,"['aia', 'เอไอเอ']"
39475850,วิริยะประกันภัย,non_life,"['วิริยะ', 'viriyah', 'วรย', 'วิริยา']"
39478487,ไทยประกันชีวิต,life,"['ไทยประกันชีวิต', 'ไทยประกัน']"
39478487,ไทยประกันชีวิต,life,"['ไทยประกันชีวิต', 'ไทยประกัน']"
39478487,KTC,broker,"['บัตรกรุงไทย', 'ktc']"
39478487,KTC,broker,"['บัตรกรุงไทย', 'ktc']"
39480826,Krungthai AXA,non_life,"['กรุงไทยแอกซ่า', 'axa', 'แอกซ่า', 'แอกซา', 'เเอกซ่า', 'แอคซ่า', 'เเอคซา', 'กรุงไทยแอกซา', 'แอ๊คซ่า', 'แอ๊กซ่า', 'เเอกซ่า', 'axxa']"
39484289,,,
39490393,Krungthai AXA,non_life,"['กรุงไทยแอกซ่า', 'axa', 'แอกซ่า', 'แอกซา', 'เเอกซ่า', 'แอคซ่า', 'เเอคซา', 'กรุงไทยแอกซา', 'แอ๊คซ่า', 'แอ๊กซ่า', 'เเอกซ่า', 'axxa']"
39492960,,,
39494646,Chubb,non_life,"['chubb', 'ชับบ์', 'chuub', 'ชับ สามัคคี']"
39500044,Krungthai AXA,non_life,"['กรุงไทยแอกซ่า', 'axa', 'แอกซ่า', 'แอกซา', 'เเอกซ่า', 'แอคซ่า', 'เเอคซา', 'กรุงไทยแอกซา', 'แอ๊คซ่า', 'แอ๊กซ่า', 'เเอกซ่า', 'axxa']"
39500732,,,
39501024,กรุงเทพประกันชีวิต,life,"['กรุงเทพประกันชีวิต', 'bangkok life', 'bblife']"
39501024,กรุงเทพประกันชีวิต,life,"['กรุงเทพประกันชีวิต', 'bangkok life', 'bblife']"
39501024,กรุงเทพประกันชีวิต,life,"['กรุงเทพประกันชีวิต', 'bangkok life', 'bblife']"
39501024,กรุงเทพประกันภัย,non_life,"['กรุงเทพประกันภัย', 'bangkok insurance', 'กรุงเทพ', 'bki']"
39501024,กรุงเทพประกันภัย,non_life,"['กรุงเทพประกันภัย', 'bangkok insurance', 'กรุงเทพ', 'bki']"
39501024,กรุงเทพประกันภัย,non_life,"['กรุงเทพประกันภัย', 'bangkok insurance', 'กรุงเทพ', 'bki']"
39501024,วิริยะประกันภัย,non_life,"['วิริยะ', 'viriyah', 'วรย', 'วิริยา']"
39501024,วิริยะประกันภัย,non_life,"['วิริยะ', 'viriyah', 'วรย', 'วิริยา']"
39501024,วิริยะประกันภัย,non_life,"['วิริยะ', 'viriyah', 'วรย', 'วิริยา']"
39501024,ธนาคารกรุงเทพ,broker,"['ธนาคารกรุงเทพ', 'บัวหลวง']"
39501024,ธนาคารกรุงเทพ,broker,"['ธนาคารกรุงเทพ', 'บัวหลวง']"
39501024,ธนาคารกรุงเทพ,broker,"['ธนาคารกรุงเทพ', 'บัวหลวง']"
39505181,,,
39507181,,,
39510481,AIA,life,"['aia', 'เอไอเอ']"
39510481,เมืองไทยประกันชีวิต,life,"['เมืองไทยประกันชีวิต', 'เมืองไทย', 'muangthai', 'mtl', 'ประกันชีวิตสีชมพู']"
39512453,,,
39532930,TQM,broker,"['tqm', 'ทีคิวเอ็ม']"
39535565,เมืองไทยประกันชีวิต,life,"['เมืองไทยประกันชีวิต', 'เมืองไทย', 'muangthai', 'mtl', 'ประกันชีวิตสีชมพู']"
39535565,ไทยประกันชีวิต,life,"['ไทยประกันชีวิต', 'ไทยประกัน']"
39541205,กสิกรไทย,broker,"['กสิกร', 'k bank', 'แบงค์เขียว']"
39542639,Allianz Ayudhya,life,"['allianz', 'อลิอันซ์', 'อลิอันซ์อยุธยา', 'azay', 'อริอันซ์ อยุธยา', 'อลิอันช์', 'alianz ayudhya', 'az y']"
39549272,Allianz Ayudhya,life,"['allianz', 'อลิอันซ์', 'อลิอันซ์อยุธยา', 'azay', 'อริอันซ์ อยุธยา', 'อลิอันช์', 'alianz ayudhya', 'az y']"
39550402,ธนชาตประกันภัย,non_life,"['ธนชาตประกันภัย', 'ธนชาต', 'ธนชาติ', 'ประกันภัยสีส้ม']"
39550446,,,
39551560,วิริยะประกันภัย,non_life,"['วิริยะ', 'viriyah', 'วรย', 'วิริยา']"
39553736,,,
39560653,,,
39560994,,,
39561754,,,
39562537,AIOI,non_life,"['aioi', 'ไอโออิ']"
39562537,กรุงเทพประกันภัย,non_life,"['กรุงเทพประกันภัย', 'bangkok insurance', 'กรุงเทพ', 'bki']"
39562814,,,
39563275,AEON,broker,"['aeon', 'อิออน']"
39567317,,,
39569041,,,
39569103,ทิพยประกันภัย,non_life,"['ทิพย', 'ทิพยประกันภัย', 'dip', 'dhp', 'tip']"
39573752,,,
39578614,,,
39584616,Krungthai AXA,non_life,"['กรุงไทยแอกซ่า', 'axa', 'แอกซ่า', 'แอกซา', 'เเอกซ่า', 'แอคซ่า', 'เเอคซา', 'กรุงไทยแอกซา', 'แอ๊คซ่า', 'แอ๊กซ่า', 'เเอกซ่า', 'axxa']"
39585101,,,
39587074,FWD,life,"['fwd', 'เอฟดับบลิวดี', 'fwd ประกันชีวิต']"
39594574,ANC,broker,"['anc', 'เอเอ็นซี']"
39595467,,,
39596905,,,
39597325,,,
39597359,Chubb,non_life,"['chubb', 'ชับบ์', 'chuub', 'ชับ สามัคคี']"
39597359,Chubb,non_life,"['chubb', 'ชับบ์', 'chuub', 'ชับ สามัคคี']"
39597359,Krungsri First Choice,broker,"['first choice', 'กรุงศรี เฟิร์สช้อยส์', 'กรุงศรีเฟิร์สช้อย', 'เฟิสช้อย', 'เฟริสช้อย']"
39597359,Krungsri First Choice,broker,"['first choice', 'กรุงศรี เฟิร์สช้อยส์', 'กรุงศรีเฟิร์สช้อย', 'เฟิสช้อย', 'เฟริสช้อย']"
39598879,AEON,broker,"['aeon', 'อิออน']"
39599133,เอเชียประกันภัย,non_life,"['เอเชียประกันภัย', 'เอเชีย', 'asia']"
39599133,เอเชียประกันภัย,non_life,"['เอเชียประกันภัย', 'เอเชีย', 'asia']"
39599133,Direct Asia,broker,"['ไดเรคเอเชีย', 'ไดเร็คเอเชีย', 'ไดเร๊คเอเชีย', 'Direct Asia']"
39599133,Direct Asia,broker,"['ไดเรคเอเชีย', 'ไดเร็คเอเชีย', 'ไดเร๊คเอเชีย', 'Direct Asia']"
39599408,,,
39602414,,,
39603399,,,
39604350,Cigna,life,"['cigna', 'ซิกน่า', 'ซิกม่า']"
39604350,Cigna,life,"['cigna', 'ซิกน่า', 'ซิกม่า']"
39604350,ทหารไทยธนชาต,broker,"['ทหารไทยธนชาต', 'ttb', 'tmb', 'ธนาคารทหารไทย', 'ทหารไทย']"
39604350,ทหารไทยธนชาต,broker,"['ทหารไทยธนชาต', 'ttb', 'tmb', 'ธนาคารทหารไทย', 'ทหารไทย']"
39613461,,,
39617085,Cigna,life,"['cigna', 'ซิกน่า', 'ซิกม่า']"
39617691,AIA,life,"['aia', 'เอไอเอ']"
39620084,,,
39622528,,,
39625284,สินทรัพย์ประกันภัย,non_life,['สินทรัพย์']
39625312,วิริยะประกันภัย,non_life,"['วิริยะ', 'viriyah', 'วรย', 'วิริยา']"
39626269,,,
39629614,,,
39630283,,,
39630662,,,
39631201,ไทยศรีประกันภัย,non_life,['ไทยศรี']
39631201,วิริยะประกันภัย,non_life,"['วิริยะ', 'viriyah', 'วรย', 'วิริยา']"
39632766,,,
39633461,Krungsri First Choice,broker,"['first choice', 'กรุงศรี เฟิร์สช้อยส์', 'กรุงศรีเฟิร์สช้อย', 'เฟิสช้อย', 'เฟริสช้อย']"
39634397,ทิพยประกันภัย,non_life,"['ทิพย', 'ทิพยประกันภัย', 'dip', 'dhp', 'tip']"
39636639,AIA,life,"['aia', 'เอไอเอ']"
39636639,AIA,life,"['aia', 'เอไอเอ']"
39636639,กรุงเทพประกันภัย,non_life,"['กรุงเทพประกันภัย', 'bangkok insurance', 'กรุงเทพ', 'bki']"
39636639,กรุงเทพประกันภัย,non_life,"['กรุงเทพประกันภัย', 'bangkok insurance', 'กรุงเทพ', 'bki']"
39638281,Krungthai AXA,non_life,"['กรุงไทยแอกซ่า', 'axa', 'แอกซ่า', 'แอกซา', 'เเอกซ่า', 'แอคซ่า', 'เเอคซา', 'กรุงไทยแอกซา', 'แอ๊คซ่า', 'แอ๊กซ่า', 'เเอกซ่า', 'axxa']"
39641735,,,
39642735,,,
39643130,,,
39645290,AIA,life,"['aia', 'เอไอเอ']"
39649936,,,
39651499,ทิพยประกันภัย,non_life,"['ทิพย', 'ทิพยประกันภัย', 'dip', 'dhp', 'tip']"
39653375,ANC,broker,"['anc', 'เอเอ็นซี']"
39658591,Cigna,life,"['cigna', 'ซิกน่า', 'ซิกม่า']"
39664476,Aetna,life,['aetna']
39664476,Aetna,life,['aetna']
39664476,วิริยะประกันภัย,non_life,"['วิริยะ', 'viriyah', 'วรย', 'วิริยา']"
39664476,วิริยะประกันภัย,non_life,"['วิริยะ', 'viriyah', 'วรย', 'วิริยา']"
39667117,Cigna,life,"['cigna', 'ซิกน่า', 'ซิกม่า']"
39667117,Cigna,life,"['cigna', 'ซิกน่า', 'ซิกม่า']"
39667117,ทหารไทยธนชาต,broker,"['ทหารไทยธนชาต', 'ttb', 'tmb', 'ธนาคารทหารไทย', 'ทหารไทย']"
39667117,ทหารไทยธนชาต,broker,"['ทหารไทยธนชาต', 'ttb', 'tmb', 'ธนาคารทหารไทย', 'ทหารไทย']"
39667754,,,
39668041,สินมั่นคง,non_life,"['สินมั่นคง', 'สินมั่งคง']"
39668388,,,
39670677,ไทยวิวัฒน์,non_life,"['ไทยวิวัฒน์', 'thaivivat', 'ไทยวิวัตน์']"
39670793,เมืองไทยประกันชีวิต,life,"['เมืองไทยประกันชีวิต', 'เมืองไทย', 'muangthai', 'mtl', 'ประกันชีวิตสีชมพู']"
39670793,เมืองไทยประกันชีวิต,life,"['เมืองไทยประกันชีวิต', 'เมืองไทย', 'muangthai', 'mtl', 'ประกันชีวิตสีชมพู']"
39670793,ไทยประกันชีวิต,life,"['ไทยประกันชีวิต', 'ไทยประกัน']"
39670793,ไทยประกันชีวิต,life,"['ไทยประกันชีวิต', 'ไทยประกัน']"
39670793,อาคเนย์,non_life,"['อาคเนย์', 'aekn']"
39670793,อาคเนย์,non_life,"['อาคเนย์', 'aekn']"
39670793,คุ้มภัยโตเกียวมารีน,non_life,"['ประกันคุ้มภัย', 'คุ้มภัย', 'คภ.', 'โตเกียวมารีน', 'tokio marine']"
39670793,คุ้มภัยโตเกียวมารีน,non_life,"['ประกันคุ้มภัย', 'คุ้มภัย', 'คภ.', 'โตเกียวมารีน', 'tokio marine']"
39671005,Cigna,life,"['cigna', 'ซิกน่า', 'ซิกม่า']"
39671005,Cigna,life,"['cigna', 'ซิกน่า', 'ซิกม่า']"
39671005,ทิพยประกันภัย,non_life,"['ทิพย', 'ทิพยประกันภัย', 'dip', 'dhp', 'tip']"
39671005,ทิพยประกันภัย,non_life,"['ทิพย', 'ทิพยประกันภัย', 'dip', 'dhp', 'tip']"
39673932,Chubb,non_life,"['chubb', 'ชับบ์', 'chuub', 'ชับ สามัคคี']"
39675789,KTC,broker,"['บัตรกรุงไทย', 'ktc']"
39681204,,,
39681453,Cigna,life,"['cigna', 'ซิกน่า', 'ซิกม่า']"
39682587,,,
39683241,วิริยะประกันภัย,non_life,"['วิริยะ', 'viriyah', 'วรย', 'วิริยา']"
39683558,,,
39687002,,,
39687286,,,
39689302,สินมั่นคง,non_life,"['สินมั่นคง', 'สินมั่งคง']"
39691858,,,
39700580,Chubb,non_life,"['chubb', 'ชับบ์', 'chuub', 'ชับ สามัคคี']"
39703989,ANC,broker,"['anc', 'เอเอ็นซี']"
39705778,กรุงไทยพานิชประกันภัย,non_life,"['kpi', 'กรุงไทยประกันภัย', 'กรุงไทย ธนวัฏ', 'กรุงไทยพานิช']"
39705778,กรุงเทพประกันภัย,non_life,"['กรุงเทพประกันภัย', 'bangkok insurance', 'กรุงเทพ', 'bki']"
39709205,ทิพยประกันภัย,non_life,"['ทิพย', 'ทิพยประกันภัย', 'dip', 'dhp', 'tip']"
39711734,,,
39712067,สินมั่นคง,non_life,"['สินมั่นคง', 'สินมั่งคง']"
39713735,,,
39714490,ทิพยประกันภัย,non_life,"['ทิพย', 'ทิพยประกันภัย', 'dip', 'dhp', 'tip']"
39714523,,,
39714714,ไทยประกันชีวิต,life,"['ไทยประกันชีวิต', 'ไทยประกัน']"
39714714,ไทยประกันชีวิต,life,"['ไทยประกันชีวิต', 'ไทยประกัน']"
39714714,ไทยประกันชีวิต,life,"['ไทยประกันชีวิต', 'ไทยประกัน']"
39714714,วิริยะประกันภัย,non_life,"['วิริยะ', 'viriyah', 'วรย', 'วิริยา']"
39714714,วิริยะประกันภัย,non_life,"['วิริยะ', 'viriyah', 'วรย', 'วิริยา']"
39714714,วิริยะประกันภัย,non_life,"['วิริยะ', 'viriyah', 'วรย', 'วิริยา']"
39714714,กรุงเทพประกันภัย,non_life,"['กรุงเทพประกันภัย', 'bangkok insurance', 'กรุงเทพ', 'bki']"
39714714,กรุงเทพประกันภัย,non_life,"['กรุงเทพประกันภัย', 'bangkok insurance', 'กรุงเทพ', 'bki']"
39714714,กรุงเทพประกันภัย,non_life,"['กรุงเทพประกันภัย', 'bangkok insurance', 'กรุงเทพ', 'bki']"
39714714,สินมั่นคง,non_life,"['สินมั่นคง', 'สินมั่งคง']"
39714714,สินมั่นคง,non_life,"['สินมั่นคง', 'สินมั่งคง']"
39714714,สินมั่นคง,non_life,"['สินมั่นคง', 'สินมั่งคง']"
39714714,ไทยประกันภัย,non_life,['ไทยประกันภัย']
39714714,ไทยประกันภัย,non_life,['ไทยประกันภัย']
39714714,ไทยประกันภัย,non_life,['ไทยประกันภัย']
39714714,สินทรัพย์ประกันภัย,non_life,['สินทรัพย์']
39714714,สินทรัพย์ประกันภัย,non_life,['สินทรัพย์']
39714714,สินทรัพย์ประกันภัย,non_life,['สินทรัพย์']
39714714,SCB,broker,"['scb', 'ไทยพาณิชย์', 'ไทยพานิชย์', 'ธนาคารสีม่วง', 'cardx']"
39714714,SCB,broker,"['scb', 'ไทยพาณิชย์', 'ไทยพานิชย์', 'ธนาคารสีม่วง', 'cardx']"
39714714,SCB,broker,"['scb', 'ไทยพาณิชย์', 'ไทยพานิชย์', 'ธนาคารสีม่วง', 'cardx']"
39715854,ทิพยประกันภัย,non_life,"['ทิพย', 'ทิพยประกันภัย', 'dip', 'dhp', 'tip']"
39716973,,,
39717514,,,
39719016,สินมั่นคง,non_life,"['สินมั่นคง', 'สินมั่งคง']"
39720578,,,
39721672,AIA,life,"['aia', 'เอไอเอ']"
39721806,,,
39722083,กสิกรไทย,broker,"['กสิกร', 'k bank', 'แบงค์เขียว']"
39722083,กสิกรไทย,broker,"['กสิกร', 'k bank', 'แบงค์เขียว']"
39722083,เมืองไทยประกันชีวิต,life,"['เมืองไทยประกันชีวิต', 'เมืองไทย', 'muangthai', 'mtl', 'ประกันชีวิตสีชมพู']"
39722083,เมืองไทยประกันชีวิต,life,"['เมืองไทยประกันชีวิต', 'เมืองไทย', 'muangthai', 'mtl', 'ประกันชีวิตสีชมพู']"
39722083,ไทยประกันชีวิต,life,"['ไทยประกันชีวิต', 'ไทยประกัน']"
39722083,ไทยประกันชีวิต,life,"['ไทยประกันชีวิต', 'ไทยประกัน']"
39722259,,,
39722456,เมืองไทยประกันชีวิต,life,"['เมืองไทยประกันชีวิต', 'เมืองไทย', 'muangthai', 'mtl', 'ประกันชีวิตสีชมพู']"
39722456,เมืองไทยประกันชีวิต,life,"['เมืองไทยประกันชีวิต', 'เมืองไทย', 'muangthai', 'mtl', 'ประกันชีวิตสีชมพู']"
39722456,ไทยประกันชีวิต,life,"['ไทยประกันชีวิต', 'ไทยประกัน']"
39722456,ไทยประกันชีวิต,life,"['ไทยประกันชีวิต', 'ไทยประกัน']"
39722456,เมืองไทยประกันภัย,non_life,['เมืองไทยประกันภัย']
39722456,เมืองไทยประกันภัย,non_life,['เมืองไทยประกันภัย']
39722456,ไทยประกันภัย,non_life,['ไทยประกันภัย']
39722456,ไทยประกันภัย,non_life,['ไทยประกันภัย']
39723506,,,
39723837,,,
39723979,ทิพยประกันภัย,non_life,"['ทิพย', 'ทิพยประกันภัย', 'dip', 'dhp', 'tip']"
39724056,,,
39724348,กสิกรไทย,broker,"['กสิกร', 'k bank', 'แบงค์เขียว']"
39724348,SCB,broker,"['scb', 'ไทยพาณิชย์', 'ไทยพานิชย์', 'ธนาคารสีม่วง', 'cardx']"
39725099,,,
39725207,เทเวศประกันภัย,non_life,['เทเวศ']
39725207,เทเวศประกันภัย,non_life,['เทเวศ']
39725207,SCB,broker,"['scb', 'ไทยพาณิชย์', 'ไทยพานิชย์', 'ธนาคารสีม่วง', 'cardx']"
39725207,SCB,broker,"['scb', 'ไทยพาณิชย์', 'ไทยพานิชย์', 'ธนาคารสีม่วง', 'cardx']"
39725469,กสิกรไทย,broker,"['กสิกร', 'k bank', 'แบงค์เขียว']"
39725660,สินทรัพย์ประกันภัย,non_life,['สินทรัพย์']
39726369,Krungsri First Choice,broker,"['first choice', 'กรุงศรี เฟิร์สช้อยส์', 'กรุงศรีเฟิร์สช้อย', 'เฟิสช้อย', 'เฟริสช้อย']"
39727230,,,
39727758,,,
39728071,,,
39728145,,,
39728340,,,
39728859,,,
39728915,SCB,broker,"['scb', 'ไทยพาณิชย์', 'ไทยพานิชย์', 'ธนาคารสีม่วง', 'cardx']"
39728934,KTC,broker,"['บัตรกรุงไทย', 'ktc']"
39728934,ธนาคารกรุงไทย,broker,['ธนาคารกรุงไทย']
39729174,กรุงเทพประกันภัย,non_life,"['กรุงเทพประกันภัย', 'bangkok insurance', 'กรุงเทพ', 'bki']"
39729174,สินทรัพย์ประกันภัย,non_life,['สินทรัพย์']
39729389,,,
39729689,,,
39730098,ไทยคาร์ดิฟ,life,"['ไทยคาร์ดีฟ', 'ไทยคาร์ดิฟ', 'thai cardif']"
39730193,ทิพยประกันภัย,non_life,"['ทิพย', 'ทิพยประกันภัย', 'dip', 'dhp', 'tip']"
39731131,กรุงเทพประกันภัย,non_life,"['กรุงเทพประกันภัย', 'bangkok insurance', 'กรุงเทพ', 'bki']"
39731219,,,
39731259,SCB,broker,"['scb', 'ไทยพาณิชย์', 'ไทยพานิชย์', 'ธนาคารสีม่วง', 'cardx']"
39731259,SCB,broker,"['scb', 'ไทยพาณิชย์', 'ไทยพานิชย์', 'ธนาคารสีม่วง', 'cardx']"
39731259,เทเวศประกันภัย,non_life,['เทเวศ']
39731259,เทเวศประกันภัย,non_life,['เทเวศ']
39732608,,,
39733637,วิริยะประกันภัย,non_life,"['วิริยะ', 'viriyah', 'วรย', 'วิริยา']"
39734053,สินมั่นคง,non_life,"['สินมั่นคง', 'สินมั่งคง']"
39735218,,,
39735437,,,
39736495,,,
39736520,,,
39737221,วิริยะประกันภัย,non_life,"['วิริยะ', 'viriyah', 'วรย', 'วิริยา']"
39738085,,,
39738410,,,
39738588,,,
39740516,,,
39740877,วิริยะประกันภัย,non_life,"['วิริยะ', 'viriyah', 'วรย', 'วิริยา']"
39741031,,,
39742184,เมืองไทยประกันชีวิต,life,"['เมืองไทยประกันชีวิต', 'เมืองไทย', 'muangthai', 'mtl', 'ประกันชีวิตสีชมพู']"
39742184,ไทยประกันชีวิต,life,"['ไทยประกันชีวิต', 'ไทยประกัน']"
39742862,ธนชาตประกันภัย,non_life,"['ธนชาตประกันภัย', 'ธนชาต', 'ธนชาติ', 'ประกันภัยสีส้ม']"
39742862,ธนชาตประกันภัย,non_life,"['ธนชาตประกันภัย', 'ธนชาต', 'ธนชาติ', 'ประกันภัยสีส้ม']"
39742862,ANC,broker,"['anc', 'เอเอ็นซี']"
39742862,ANC,broker,"['anc', 'เอเอ็นซี']"
39747367,ทิพยประกันภัย,non_life,"['ทิพย', 'ทิพยประกันภัย', 'dip', 'dhp', 'tip']"
39747367,ทิพยประกันภัย,non_life,"['ทิพย', 'ทิพยประกันภัย', 'dip', 'dhp', 'tip']"
39747367,สินทรัพย์ประกันภัย,non_life,['สินทรัพย์']
39747367,สินทรัพย์ประกันภัย,non_life,['สินทรัพย์']
39747367,ANC,broker,"['anc', 'เอเอ็นซี']"
39747367,ANC,broker,"['anc', 'เอเอ็นซี']"
39748347,,,
39750322,,,
39751025,กรุงเทพประกันภัย,non_life,"['กรุงเทพประกันภัย', 'bangkok insurance', 'กรุงเทพ', 'bki']"
39751153,ธนชาตประกันภัย,non_life,"['ธนชาตประกันภัย', 'ธนชาต', 'ธนชาติ', 'ประกันภัยสีส้ม']"
39751153,ธนชาตประกันภัย,non_life,"['ธนชาตประกันภัย', 'ธนชาต', 'ธนชาติ', 'ประกันภัยสีส้ม']"
39751153,KTC,broker,"['บัตรกรุงไทย', 'ktc']"
39751153,KTC,broker,"['บัตรกรุงไทย', 'ktc']"
39751153,Ark Insure,broker,"['ark insure', 'อาร์ค', 'ark']"
39751153,Ark Insure,broker,"['ark insure', 'อาร์ค', 'ark']"
39751153,ANC,broker,"['anc', 'เอเอ็นซี']"
39751153,ANC,broker,"['anc', 'เอเอ็นซี']"
39751153,TVD Broker,broker,"['tvd', 'ทีวีดี']"
39751153,TVD Broker,broker,"['tvd', 'ทีวีดี']"
39751461,,,
39752157,Krungthai AXA,non_life,"['กรุงไทยแอกซ่า', 'axa', 'แอกซ่า', 'แอกซา', 'เเอกซ่า', 'แอคซ่า', 'เเอคซา', 'กรุงไทยแอกซา', 'แอ๊คซ่า', 'แอ๊กซ่า', 'เเอกซ่า', 'axxa']"
39753753,,,
39755538,Krungthai AXA,non_life,"['กรุงไทยแอกซ่า', 'axa', 'แอกซ่า', 'แอกซา', 'เเอกซ่า', 'แอคซ่า', 'เเอคซา', 'กรุงไทยแอกซา', 'แอ๊คซ่า', 'แอ๊กซ่า', 'เเอกซ่า', 'axxa']"
39755538,Krungthai AXA,non_life,"['กรุงไทยแอกซ่า', 'axa', 'แอกซ่า', 'แอกซา', 'เเอกซ่า', 'แอคซ่า', 'เเอคซา', 'กรุงไทยแอกซา', 'แอ๊คซ่า', 'แอ๊กซ่า', 'เเอกซ่า', 'axxa']"
39755538,เมืองไทยประกันชีวิต,life,"['เมืองไทยประกันชีวิต', 'เมืองไทย', 'muangthai', 'mtl', 'ประกันชีวิตสีชมพู']"
39755538,เมืองไทยประกันชีวิต,life,"['เมืองไทยประกันชีวิต', 'เมืองไทย', 'muangthai', 'mtl', 'ประกันชีวิตสีชมพู']"
39757314,,,
39758890,Krungthai AXA,non_life,"['กรุงไทยแอกซ่า', 'axa', 'แอกซ่า', 'แอกซา', 'เเอกซ่า', 'แอคซ่า', 'เเอคซา', 'กรุงไทยแอกซา', 'แอ๊คซ่า', 'แอ๊กซ่า', 'เเอกซ่า', 'axxa']"
39759883,ไทยประกันชีวิต,life,"['ไทยประกันชีวิต', 'ไทยประกัน']"
39759883,ไทยประกันชีวิต,life,"['ไทยประกันชีวิต', 'ไทยประกัน']"
39759883,วิริยะประกันภัย,non_life,"['วิริยะ', 'viriyah', 'วรย', 'วิริยา']"
39759883,วิริยะประกันภัย,non_life,"['วิริยะ', 'viriyah', 'วรย', 'วิริยา']"
39760536,ทิพยประกันภัย,non_life,"['ทิพย', 'ทิพยประกันภัย', 'dip', 'dhp', 'tip']"
39760536,ทิพยประกันภัย,non_life,"['ทิพย', 'ทิพยประกันภัย', 'dip', 'dhp', 'tip']"
39760536,กสิกรไทย,broker,"['กสิกร', 'k bank', 'แบงค์เขียว']"
39760536,กสิกรไทย,broker,"['กสิกร', 'k bank', 'แบงค์เขียว']"
39760613,AIA,life,"['aia', 'เอไอเอ']"
39765173,,,
39765313,Chubb,non_life,"['chubb', 'ชับบ์', 'chuub', 'ชับ สามัคคี']"
39765670,วิริยะประกันภัย,non_life,"['วิริยะ', 'viriyah', 'วรย', 'วิริยา']"
39765670,คุ้มภัยโตเกียวมารีน,non_life,"['ประกันคุ้มภัย', 'คุ้มภัย', 'คภ.', 'โตเกียวมารีน', 'tokio marine']"
39767094,,,
39767765,เทเวศประกันภัย,non_life,['เทเวศ']
39768146,SCB,broker,"['scb', 'ไทยพาณิชย์', 'ไทยพานิชย์', 'ธนาคารสีม่วง', 'cardx']"
39768513,เทเวศประกันภัย,non_life,['เทเวศ']
39768513,เทเวศประกันภัย,non_life,['เทเวศ']
39768513,SCB,broker,"['scb', 'ไทยพาณิชย์', 'ไทยพานิชย์', 'ธนาคารสีม่วง', 'cardx']"
39768513,SCB,broker,"['scb', 'ไทยพาณิชย์', 'ไทยพานิชย์', 'ธนาคารสีม่วง', 'cardx']"
39768846,,,
39769026,เทเวศประกันภัย,non_life,['เทเวศ']
39769026,เทเวศประกันภัย,non_life,['เทเวศ']
39769026,SCB,broker,"['scb', 'ไทยพาณิชย์', 'ไทยพานิชย์', 'ธนาคารสีม่วง', 'cardx']"
39769026,SCB,broker,"['scb', 'ไทยพาณิชย์', 'ไทยพานิชย์', 'ธนาคารสีม่วง', 'cardx']"
39770964,AIA,life,"['aia', 'เอไอเอ']"
39770964,AIA,life,"['aia', 'เอไอเอ']"
39770964,คุ้มภัยโตเกียวมารีน,non_life,"['ประกันคุ้มภัย', 'คุ้มภัย', 'คภ.', 'โตเกียวมารีน', 'tokio marine']"
39770964,คุ้มภัยโตเกียวมารีน,non_life,"['ประกันคุ้มภัย', 'คุ้มภัย', 'คภ.', 'โตเกียวมารีน', 'tokio marine']"
39770964,วิริยะประกันภัย,non_life,"['วิริยะ', 'viriyah', 'วรย', 'วิริยา']"
39770964,วิริยะประกันภัย,non_life,"['วิริยะ', 'viriyah', 'วรย', 'วิริยา']"
39771189,,,
39771302,วิริยะประกันภัย,non_life,"['วิริยะ', 'viriyah', 'วรย', 'วิริยา']"
39771447,สินมั่นคง,non_life,"['สินมั่นคง', 'สินมั่งคง']"
39771447,สินมั่นคง,non_life,"['สินมั่นคง', 'สินมั่งคง']"
39771447,เงินติดล้อ,broker,['เงินติดล้อ']
39771447,เงินติดล้อ,broker,['เงินติดล้อ']
39771942,,,
39771957,ทิพยประกันภัย,non_life,"['ทิพย', 'ทิพยประกันภัย', 'dip', 'dhp', 'tip']"
39773043,Rabbit Finance,broker,"['rabbit', 'แรบบิท']"
39773043,Rabbit Finance,broker,"['rabbit', 'แรบบิท']"
39773043,ANC,broker,"['anc', 'เอเอ็นซี']"
39773043,ANC,broker,"['anc', 'เอเอ็นซี']"
39773043,วิริยะประกันภัย,non_life,"['วิริยะ', 'viriyah', 'วรย', 'วิริยา']"
39773043,วิริยะประกันภัย,non_life,"['วิริยะ', 'viriyah', 'วรย', 'วิริยา']"
39774375,,,
39774961,วิริยะประกันภัย,non_life,"['วิริยะ', 'viriyah', 'วรย', 'วิริยา']"
39778787,,,
39780767,เอเชียประกันภัย,non_life,"['เอเชียประกันภัย', 'เอเชีย', 'asia']"
39780767,เอเชียประกันภัย,non_life,"['เอเชียประกันภัย', 'เอเชีย', 'asia']"
39780767,Rabbit Finance,broker,"['rabbit', 'แรบบิท']"
39780767,Rabbit Finance,broker,"['rabbit', 'แรบบิท']"
39784300,เทเวศประกันภัย,non_life,['เทเวศ']
39784300,เทเวศประกันภัย,non_life,['เทเวศ']
39784300,SCB,broker,"['scb', 'ไทยพาณิชย์', 'ไทยพานิชย์', 'ธนาคารสีม่วง', 'cardx']"
39784300,SCB,broker,"['scb', 'ไทยพาณิชย์', 'ไทยพานิชย์', 'ธนาคารสีม่วง', 'cardx']"
39785658,,,
39789998,SCB,broker,"['scb', 'ไทยพาณิชย์', 'ไทยพานิชย์', 'ธนาคารสีม่วง', 'cardx']"
39791995,ทหารไทยธนชาต,broker,"['ทหารไทยธนชาต', 'ttb', 'tmb', 'ธนาคารทหารไทย', 'ทหารไทย']"
39792668,เมืองไทยประกันชีวิต,life,"['เมืองไทยประกันชีวิต', 'เมืองไทย', 'muangthai', 'mtl', 'ประกันชีวิตสีชมพู']"
39792668,เมืองไทยประกันชีวิต,life,"['เมืองไทยประกันชีวิต', 'เมืองไทย', 'muangthai', 'mtl', 'ประกันชีวิตสีชมพู']"
39792668,ไทยประกันชีวิต,life,"['ไทยประกันชีวิต', 'ไทยประกัน']"
39792668,ไทยประกันชีวิต,life,"['ไทยประกันชีวิต', 'ไทยประกัน']"
39792668,เมืองไทยประกันภัย,non_life,['เมืองไทยประกันภัย']
39792668,เมืองไทยประกันภัย,non_life,['เมืองไทยประกันภัย']
39792668,ไทยประกันภัย,non_life,['ไทยประกันภัย']
39792668,ไทยประกันภัย,non_life,['ไทยประกันภัย']
39796112,Allianz Ayudhya,life,"['allianz', 'อลิอันซ์', 'อลิอันซ์อยุธยา', 'azay', 'อริอันซ์ อยุธยา', 'อลิอันช์', 'alianz ayudhya', 'az y']"
39801091,,,
39802881,,,
39808829,กรุงเทพประกันภัย,non_life,"['กรุงเทพประกันภัย', 'bangkok insurance', 'กรุงเทพ', 'bki']"
39808849,คุ้มภัยโตเกียวมารีน,non_life,"['ประกันคุ้มภัย', 'คุ้มภัย', 'คภ.', 'โตเกียวมารีน', 'tokio marine']"
39813570,,,
39817782,Generali,non_life,"['generali', 'เจนเนอราลี่']"
39818281,AIA,life,"['aia', 'เอไอเอ']"
39818281,AIA,life,"['aia', 'เอไอเอ']"
39818281,Krungthai AXA,non_life,"['กรุงไทยแอกซ่า', 'axa', 'แอกซ่า', 'แอกซา', 'เเอกซ่า', 'แอคซ่า', 'เเอคซา', 'กรุงไทยแอกซา', 'แอ๊คซ่า', 'แอ๊กซ่า', 'เเอกซ่า', 'axxa']"
39818281,Krungthai AXA,non_life,"['กรุงไทยแอกซ่า', 'axa', 'แอกซ่า', 'แอกซา', 'เเอกซ่า', 'แอคซ่า', 'เเอคซา', 'กรุงไทยแอกซา', 'แอ๊คซ่า', 'แอ๊กซ่า', 'เเอกซ่า', 'axxa']"
39820989,,,
39826119,ทิพยประกันภัย,non_life,"['ทิพย', 'ทิพยประกันภัย', 'dip', 'dhp', 'tip']"
39830232,,,
39830586,FWD,life,"['fwd', 'เอฟดับบลิวดี', 'fwd ประกันชีวิต']"
39831394,,,
39832199,Krungthai AXA,non_life,"['กรุงไทยแอกซ่า', 'axa', 'แอกซ่า', 'แอกซา', 'เเอกซ่า', 'แอคซ่า', 'เเอคซา', 'กรุงไทยแอกซา', 'แอ๊คซ่า', 'แอ๊กซ่า', 'เเอกซ่า', 'axxa']"
39832359,,,
39833681,AIA,life,"['aia', 'เอไอเอ']"
39837655,,,
39838874,Allianz Ayudhya,life,"['allianz', 'อลิอันซ์', 'อลิอันซ์อยุธยา', 'azay', 'อริอันซ์ อยุธยา', 'อลิอันช์', 'alianz ayudhya', 'az y']"
39846198,SCB,broker,"['scb', 'ไทยพาณิชย์', 'ไทยพานิชย์', 'ธนาคารสีม่วง', 'cardx']"
39850756,SCB,broker,"['scb', 'ไทยพาณิชย์', 'ไทยพานิชย์', 'ธนาคารสีม่วง', 'cardx']"
39854403,Krungthai AXA,non_life,"['กรุงไทยแอกซ่า', 'axa', 'แอกซ่า', 'แอกซา', 'เเอกซ่า', 'แอคซ่า', 'เเอคซา', 'กรุงไทยแอกซา', 'แอ๊คซ่า', 'แอ๊กซ่า', 'เเอกซ่า', 'axxa']"
39859016,เมืองไทยประกันชีวิต,life,"['เมืองไทยประกันชีวิต', 'เมืองไทย', 'muangthai', 'mtl', 'ประกันชีวิตสีชมพู']"
39859016,เมืองไทยประกันชีวิต,life,"['เมืองไทยประกันชีวิต', 'เมืองไทย', 'muangthai', 'mtl', 'ประกันชีวิตสีชมพู']"
39859016,ไทยประกันชีวิต,life,"['ไทยประกันชีวิต', 'ไทยประกัน']"
39859016,ไทยประกันชีวิต,life,"['ไทยประกันชีวิต', 'ไทยประกัน']"
39859016,กสิกรไทย,broker,"['กสิกร', 'k bank', 'แบงค์เขียว']"
39859016,กสิกรไทย,broker,"['กสิกร', 'k bank', 'แบงค์เขียว']"
39864995,กรุงเทพประกันภัย,non_life,"['กรุงเทพประกันภัย', 'bangkok insurance', 'กรุงเทพ', 'bki']"
39867307,AIA,life,"['aia', 'เอไอเอ']"
39868832,Allianz Ayudhya,life,"['allianz', 'อลิอันซ์', 'อลิอันซ์อยุธยา', 'azay', 'อริอันซ์ อยุธยา', 'อลิอันช์', 'alianz ayudhya', 'az y']"
39869240,Allianz Ayudhya,life,"['allianz', 'อลิอันซ์', 'อลิอันซ์อยุธยา', 'azay', 'อริอันซ์ อยุธยา', 'อลิอันช์', 'alianz ayudhya', 'az y']"
39869631,Krungthai AXA,non_life,"['กรุงไทยแอกซ่า', 'axa', 'แอกซ่า', 'แอกซา', 'เเอกซ่า', 'แอคซ่า', 'เเอคซา', 'กรุงไทยแอกซา', 'แอ๊คซ่า', 'แอ๊กซ่า', 'เเอกซ่า', 'axxa']"
39869832,Silkspan,broker,['silkspan']
39870204,เมืองไทยประกันชีวิต,life,"['เมืองไทยประกันชีวิต', 'เมืองไทย', 'muangthai', 'mtl', 'ประกันชีวิตสีชมพู']"
39870204,เมืองไทยประกันชีวิต,life,"['เมืองไทยประกันชีวิต', 'เมืองไทย', 'muangthai', 'mtl', 'ประกันชีวิตสีชมพู']"
39870204,เอเชียประกันภัย,non_life,"['เอเชียประกันภัย', 'เอเชีย', 'asia']"
39870204,เอเชียประกันภัย,non_life,"['เอเชียประกันภัย', 'เอเชีย', 'asia']"
39874516,Allianz Ayudhya,life,"['allianz', 'อลิอันซ์', 'อลิอันซ์อยุธยา', 'azay', 'อริอันซ์ อยุธยา', 'อลิอันช์', 'alianz ayudhya', 'az y']"
39876568,AIA,life,"['aia', 'เอไอเอ']"
39876568,AIA,life,"['aia', 'เอไอเอ']"
39876568,เมืองไทยประกันชีวิต,life,"['เมืองไทยประกันชีวิต', 'เมืองไทย', 'muangthai', 'mtl', 'ประกันชีวิตสีชมพู']"
39876568,เมืองไทยประกันชีวิต,life,"['เมืองไทยประกันชีวิต', 'เมืองไทย', 'muangthai', 'mtl', 'ประกันชีวิตสีชมพู']"
39876568,Krungthai AXA,non_life,"['กรุงไทยแอกซ่า', 'axa', 'แอกซ่า', 'แอกซา', 'เเอกซ่า', 'แอคซ่า', 'เเอคซา', 'กรุงไทยแอกซา', 'แอ๊คซ่า', 'แอ๊กซ่า', 'เเอกซ่า', 'axxa']"
39876568,Krungthai AXA,non_life,"['กรุงไทยแอกซ่า', 'axa', 'แอกซ่า', 'แอกซา', 'เเอกซ่า', 'แอคซ่า', 'เเอคซา', 'กรุงไทยแอกซา', 'แอ๊คซ่า', 'แอ๊กซ่า', 'เเอกซ่า', 'axxa']"
39882263,Allianz Ayudhya,life,"['allianz', 'อลิอันซ์', 'อลิอันซ์อยุธยา', 'azay', 'อริอันซ์ อยุธยา', 'อลิอันช์', 'alianz ayudhya', 'az y']"
39886108,กรุงเทพประกันภัย,non_life,"['กรุงเทพประกันภัย', 'bangkok insurance', 'กรุงเทพ', 'bki']"
39887944,เอเชียประกันภัย,non_life,"['เอเชียประกันภัย', 'เอเชีย', 'asia']"
39887944,เอเชียประกันภัย,non_life,"['เอเชียประกันภัย', 'เอเชีย', 'asia']"
39887944,Direct Asia,broker,"['ไดเรคเอเชีย', 'ไดเร็คเอเชีย', 'ไดเร๊คเอเชีย', 'Direct Asia']"
39887944,Direct Asia,broker,"['ไดเรคเอเชีย', 'ไดเร็คเอเชีย', 'ไดเร๊คเอเชีย', 'Direct Asia']"
39890122,,,
39897335,,,
39904255,SCB,broker,"['scb', 'ไทยพาณิชย์', 'ไทยพานิชย์', 'ธนาคารสีม่วง', 'cardx']"
39908350,Krungsri First Choice,broker,"['first choice', 'กรุงศรี เฟิร์สช้อยส์', 'กรุงศรีเฟิร์สช้อย', 'เฟิสช้อย', 'เฟริสช้อย']"
39909873,AIA,life,"['aia', 'เอไอเอ']"
39911969,,,
39912142,,,
39913698,,,
39915127,,,
39916555,วิริยะประกันภัย,non_life,"['วิริยะ', 'viriyah', 'วรย', 'วิริยา']"
39916951,,,
39918074,Krungthai AXA,non_life,"['กรุงไทยแอกซ่า', 'axa', 'แอกซ่า', 'แอกซา', 'เเอกซ่า', 'แอคซ่า', 'เเอคซา', 'กรุงไทยแอกซา', 'แอ๊คซ่า', 'แอ๊กซ่า', 'เเอกซ่า', 'axxa']"
39922584,,,
39926666,,,
39927094,,,
39929994,SCB,broker,"['scb', 'ไทยพาณิชย์', 'ไทยพานิชย์', 'ธนาคารสีม่วง', 'cardx']"
39932569,เมืองไทยประกันชีวิต,life,"['เมืองไทยประกันชีวิต', 'เมืองไทย', 'muangthai', 'mtl', 'ประกันชีวิตสีชมพู']"
39932569,เมืองไทยประกันชีวิต,life,"['เมืองไทยประกันชีวิต', 'เมืองไทย', 'muangthai', 'mtl', 'ประกันชีวิตสีชมพู']"
39932569,ไทยประกันชีวิต,life,"['ไทยประกันชีวิต', 'ไทยประกัน']"
39932569,ไทยประกันชีวิต,life,"['ไทยประกันชีวิต', 'ไทยประกัน']"
39932569,เมืองไทยประกันภัย,non_life,['เมืองไทยประกันภัย']
39932569,เมืองไทยประกันภัย,non_life,['เมืองไทยประกันภัย']
39932569,ไทยประกันภัย,non_life,['ไทยประกันภัย']
39932569,ไทยประกันภัย,non_life,['ไทยประกันภัย']
39932733,อาคเนย์,non_life,"['อาคเนย์', 'aekn']"
39934059,Generali,non_life,"['generali', 'เจนเนอราลี่']"
39937394,กสิกรไทย,broker,"['กสิกร', 'k bank', 'แบงค์เขียว']"
39937394,ANC,broker,"['anc', 'เอเอ็นซี']"
39937542,Allianz Ayudhya,life,"['allianz', 'อลิอันซ์', 'อลิอันซ์อยุธยา', 'azay', 'อริอันซ์ อยุธยา', 'อลิอันช์', 'alianz ayudhya', 'az y']"
39941750,,,
39949381,,,
39950002,Cigna,life,"['cigna', 'ซิกน่า', 'ซิกม่า']"
39955970,วิริยะประกันภัย,non_life,"['วิริยะ', 'viriyah', 'วรย', 'วิริยา']"
39957329,Allianz Ayudhya,life,"['allianz', 'อลิอันซ์', 'อลิอันซ์อยุธยา', 'azay', 'อริอันซ์ อยุธยา', 'อลิอันช์', 'alianz ayudhya', 'az y']"
39958981,Krungthai AXA,non_life,"['กรุงไทยแอกซ่า', 'axa', 'แอกซ่า', 'แอกซา', 'เเอกซ่า', 'แอคซ่า', 'เเอคซา', 'กรุงไทยแอกซา', 'แอ๊คซ่า', 'แอ๊กซ่า', 'เเอกซ่า', 'axxa']"
39960044,Krungsri First Choice,broker,"['first choice', 'กรุงศรี เฟิร์สช้อยส์', 'กรุงศรีเฟิร์สช้อย', 'เฟิสช้อย', 'เฟริสช้อย']"
39961028,LMG,non_life,"['lmg', 'แอลเอ็มจี']"
39963738,ไทยประกันชีวิต,life,"['ไทยประกันชีวิต', 'ไทยประกัน']"
39964496,เมืองไทยประกันชีวิต,life,"['เมืองไทยประกันชีวิต', 'เมืองไทย', 'muangthai', 'mtl', 'ประกันชีวิตสีชมพู']"
39964496,ไทยประกันชีวิต,life,"['ไทยประกันชีวิต', 'ไทยประกัน']"
39966792,,,
39970045,กรุงเทพประกันภัย,non_life,"['กรุงเทพประกันภัย', 'bangkok insurance', 'กรุงเทพ', 'bki']"
39972814,AIA,life,"['aia', 'เอไอเอ']"
39972814,AIA,life,"['aia', 'เอไอเอ']"
39972814,กรุงเทพประกันภัย,non_life,"['กรุงเทพประกันภัย', 'bangkok insurance', 'กรุงเทพ', 'bki']"
39972814,กรุงเทพประกันภัย,non_life,"['กรุงเทพประกันภัย', 'bangkok insurance', 'กรุงเทพ', 'bki']"
39972814,คุ้มภัยโตเกียวมารีน,non_life,"['ประกันคุ้มภัย', 'คุ้มภัย', 'คภ.', 'โตเกียวมารีน', 'tokio marine']"
39972814,คุ้มภัยโตเกียวมารีน,non_life,"['ประกันคุ้มภัย', 'คุ้มภัย', 'คภ.', 'โตเกียวมารีน', 'tokio marine']"
39974772,AIS,broker,['ais']
39976894,สินมั่นคง,non_life,"['สินมั่นคง', 'สินมั่งคง']"
39976894,ทิพยประกันภัย,non_life,"['ทิพย', 'ทิพยประกันภัย', 'dip', 'dhp', 'tip']"
39978595,SCB,broker,"['scb', 'ไทยพาณิชย์', 'ไทยพานิชย์', 'ธนาคารสีม่วง', 'cardx']"
39978948,กรุงเทพประกันชีวิต,life,"['กรุงเทพประกันชีวิต', 'bangkok life', 'bblife']"
39978948,กรุงเทพประกันชีวิต,life,"['กรุงเทพประกันชีวิต', 'bangkok life', 'bblife']"
39978948,กรุงเทพประกันภัย,non_life,"['กรุงเทพประกันภัย', 'bangkok insurance', 'กรุงเทพ', 'bki']"
39978948,กรุงเทพประกันภัย,non_life,"['กรุงเทพประกันภัย', 'bangkok insurance', 'กรุงเทพ', 'bki']"
39979629,,,
39982056,เมืองไทยประกันชีวิต,life,"['เมืองไทยประกันชีวิต', 'เมืองไทย', 'muangthai', 'mtl', 'ประกันชีวิตสีชมพู']"
39982056,เมืองไทยประกันชีวิต,life,"['เมืองไทยประกันชีวิต', 'เมืองไทย', 'muangthai', 'mtl', 'ประกันชีวิตสีชมพู']"
39982056,ไทยประกันชีวิต,life,"['ไทยประกันชีวิต', 'ไทยประกัน']"
39982056,ไทยประกันชีวิต,life,"['ไทยประกันชีวิต', 'ไทยประกัน']"
39982056,กสิกรไทย,broker,"['กสิกร', 'k bank', 'แบงค์เขียว']"
39982056,กสิกรไทย,broker,"['กสิกร', 'k bank', 'แบงค์เขียว']"
39984783,,,
39984915,กรุงเทพประกันภัย,non_life,"['กรุงเทพประกันภัย', 'bangkok insurance', 'กรุงเทพ', 'bki']"
39998540,,,
40000967,AIA,life,"['aia', 'เอไอเอ']"
40002208,ไทยประกันชีวิต,life,"['ไทยประกันชีวิต', 'ไทยประกัน']"
40002208,ไทยประกันชีวิต,life,"['ไทยประกันชีวิต', 'ไทยประกัน']"
40002208,KTC,broker,"['บัตรกรุงไทย', 'ktc']"
40002208,KTC,broker,"['บัตรกรุงไทย', 'ktc']"
40009367,พรูเด็นเชียล,life,"['prudential', 'พรูเด็นเชียล', 'พรูเดนเชียล']"
40009367,พรูเด็นเชียล,life,"['prudential', 'พรูเด็นเชียล', 'พรูเดนเชียล']"
40009367,AIS,broker,['ais']
40009367,AIS,broker,['ais']
40010108,,,
40010560,,,
40013434,ไทยประกันชีวิต,life,"['ไทยประกันชีวิต', 'ไทยประกัน']"
40021965,Allianz Ayudhya,life,"['allianz', 'อลิอันซ์', 'อลิอันซ์อยุธยา', 'azay', 'อริอันซ์ อยุธยา', 'อลิอันช์', 'alianz ayudhya', 'az y']"
40029660,,,
40031393,ธนาคารกรุงไทย,broker,['ธนาคารกรุงไทย']
40031495,,,
40034592,,,
40035580,เมืองไทยประกันชีวิต,life,"['เมืองไทยประกันชีวิต', 'เมืองไทย', 'muangthai', 'mtl', 'ประกันชีวิตสีชมพู']"
40035580,เมืองไทยประกันชีวิต,life,"['เมืองไทยประกันชีวิต', 'เมืองไทย', 'muangthai', 'mtl', 'ประกันชีวิตสีชมพู']"
40035580,เมืองไทยประกันชีวิต,life,"['เมืองไทยประกันชีวิต', 'เมืองไทย', 'muangthai', 'mtl', 'ประกันชีวิตสีชมพู']"
40035580,ไทยประกันชีวิต,life,"['ไทยประกันชีวิต', 'ไทยประกัน']"
40035580,ไทยประกันชีวิต,life,"['ไทยประกันชีวิต', 'ไทยประกัน']"
40035580,ไทยประกันชีวิต,life,"['ไทยประกันชีวิต', 'ไทยประกัน']"
40035580,Allianz Ayudhya,life,"['allianz', 'อลิอันซ์', 'อลิอันซ์อยุธยา', 'azay', 'อริอันซ์ อยุธยา', 'อลิอันช์', 'alianz ayudhya', 'az y']"
40035580,Allianz Ayudhya,life,"['allianz', 'อลิอันซ์', 'อลิอันซ์อยุธยา', 'azay', 'อริอันซ์ อยุธยา', 'อลิอันช์', 'alianz ayudhya', 'az y']"
40035580,Allianz Ayudhya,life,"['allianz', 'อลิอันซ์', 'อลิอันซ์อยุธยา', 'azay', 'อริอันซ์ อยุธยา', 'อลิอันช์', 'alianz ayudhya', 'az y']"
40035580,Aetna,life,['aetna']
40035580,Aetna,life,['aetna']
40035580,Aetna,life,['aetna']
40035580,วิริยะประกันภัย,non_life,"['วิริยะ', 'viriyah', 'วรย', 'วิริยา']"
40035580,วิริยะประกันภัย,non_life,"['วิริยะ', 'viriyah', 'วรย', 'วิริยา']"
40035580,วิริยะประกันภัย,non_life,"['วิริยะ', 'viriyah', 'วรย', 'วิริยา']"
40035580,TISCO Insure,broker,['ทิสโก้']
40035580,TISCO Insure,broker,['ทิสโก้']
40035580,TISCO Insure,broker,['ทิสโก้']
40039364,วิริยะประกันภัย,non_life,"['วิริยะ', 'viriyah', 'วรย', 'วิริยา']"
40040922,ทิพยประกันภัย,non_life,"['ทิพย', 'ทิพยประกันภัย', 'dip', 'dhp', 'tip']"
40040922,ทิพยประกันภัย,non_life,"['ทิพย', 'ทิพยประกันภัย', 'dip', 'dhp', 'tip']"
40040922,Ark Insure,broker,"['ark insure', 'อาร์ค', 'ark']"
40040922,Ark Insure,broker,"['ark insure', 'อาร์ค', 'ark']"
40045593,ทิพยประกันภัย,non_life,"['ทิพย', 'ทิพยประกันภัย', 'dip', 'dhp', 'tip']"
40051907,สินมั่นคง,non_life,"['สินมั่นคง', 'สินมั่งคง']"
40054275,เมืองไทยประกันชีวิต,life,"['เมืองไทยประกันชีวิต', 'เมืองไทย', 'muangthai', 'mtl', 'ประกันชีวิตสีชมพู']"
40054275,เมืองไทยประกันชีวิต,life,"['เมืองไทยประกันชีวิต', 'เมืองไทย', 'muangthai', 'mtl', 'ประกันชีวิตสีชมพู']"
40054275,เมืองไทยประกันชีวิต,life,"['เมืองไทยประกันชีวิต', 'เมืองไทย', 'muangthai', 'mtl', 'ประกันชีวิตสีชมพู']"
40054275,ไทยประกันชีวิต,life,"['ไทยประกันชีวิต', 'ไทยประกัน']"
40054275,ไทยประกันชีวิต,life,"['ไทยประกันชีวิต', 'ไทยประกัน']"
40054275,ไทยประกันชีวิต,life,"['ไทยประกันชีวิต', 'ไทยประกัน']"
40054275,เมืองไทยประกันภัย,non_life,['เมืองไทยประกันภัย']
40054275,เมืองไทยประกันภัย,non_life,['เมืองไทยประกันภัย']
40054275,เมืองไทยประกันภัย,non_life,['เมืองไทยประกันภัย']
40054275,ไทยประกันภัย,non_life,['ไทยประกันภัย']
40054275,ไทยประกันภัย,non_life,['ไทยประกันภัย']
40054275,ไทยประกันภัย,non_life,['ไทยประกันภัย']
40054275,กสิกรไทย,broker,"['กสิกร', 'k bank', 'แบงค์เขียว']"
40054275,กสิกรไทย,broker,"['กสิกร', 'k bank', 'แบงค์เขียว']"
40054275,กสิกรไทย,broker,"['กสิกร', 'k bank', 'แบงค์เขียว']"
40054275,ANC,broker,"['anc', 'เอเอ็นซี']"
40054275,ANC,broker,"['anc', 'เอเอ็นซี']"
40054275,ANC,broker,"['anc', 'เอเอ็นซี']"
40055051,AIA,life,"['aia', 'เอไอเอ']"
40056263,,,
40057997,KTC,broker,"['บัตรกรุงไทย', 'ktc']"
40058640,ทิพยประกันภัย,non_life,"['ทิพย', 'ทิพยประกันภัย', 'dip', 'dhp', 'tip']"
40058640,ทิพยประกันภัย,non_life,"['ทิพย', 'ทิพยประกันภัย', 'dip', 'dhp', 'tip']"
40058640,ธนชาตประกันภัย,non_life,"['ธนชาตประกันภัย', 'ธนชาต', 'ธนชาติ', 'ประกันภัยสีส้ม']"
40058640,ธนชาตประกันภัย,non_life,"['ธนชาตประกันภัย', 'ธนชาต', 'ธนชาติ', 'ประกันภัยสีส้ม']"
40058640,Rabbit Finance,broker,"['rabbit', 'แรบบิท']"
40058640,Rabbit Finance,broker,"['rabbit', 'แรบบิท']"
40058640,ANC,broker,"['anc', 'เอเอ็นซี']"
40058640,ANC,broker,"['anc', 'เอเอ็นซี']"
40062630,,,
40071938,,,
40071971,,,
40073689,,,
40077121,วิริยะประกันภัย,non_life,"['วิริยะ', 'viriyah', 'วรย', 'วิริยา']"
40080473,,,
40085703,Generali,non_life,"['generali', 'เจนเนอราลี่']"
40085703,ทิพยประกันภัย,non_life,"['ทิพย', 'ทิพยประกันภัย', 'dip', 'dhp', 'tip']"
40088622,ไทยวิวัฒน์,non_life,"['ไทยวิวัฒน์', 'thaivivat', 'ไทยวิวัตน์']"
40088622,ธนชาตประกันภัย,non_life,"['ธนชาตประกันภัย', 'ธนชาต', 'ธนชาติ', 'ประกันภัยสีส้ม']"
40090950,,,
40094440,FWD,life,"['fwd', 'เอฟดับบลิวดี', 'fwd ประกันชีวิต']"
40095367,Cigna,life,"['cigna', 'ซิกน่า', 'ซิกม่า']"
40096565,SCB,broker,"['scb', 'ไทยพาณิชย์', 'ไทยพานิชย์', 'ธนาคารสีม่วง', 'cardx']"
40099733,Chubb,non_life,"['chubb', 'ชับบ์', 'chuub', 'ชับ สามัคคี']"
40101242,,,
40105543,ไทยประกันชีวิต,life,"['ไทยประกันชีวิต', 'ไทยประกัน']"
40105543,ไทยประกันชีวิต,life,"['ไทยประกันชีวิต', 'ไทยประกัน']"
40105543,กรุงเทพประกันภัย,non_life,"['กรุงเทพประกันภัย', 'bangkok insurance', 'กรุงเทพ', 'bki']"
40105543,กรุงเทพประกันภัย,non_life,"['กรุงเทพประกันภัย', 'bangkok insurance', 'กรุงเทพ', 'bki']"
40110621,Krungthai AXA,non_life,"['กรุงไทยแอกซ่า', 'axa', 'แอกซ่า', 'แอกซา', 'เเอกซ่า', 'แอคซ่า', 'เเอคซา', 'กรุงไทยแอกซา', 'แอ๊คซ่า', 'แอ๊กซ่า', 'เเอกซ่า', 'axxa']"
40111078,,,
40111665,Chubb,non_life,"['chubb', 'ชับบ์', 'chuub', 'ชับ สามัคคี']"
40111665,Chubb,non_life,"['chubb', 'ชับบ์', 'chuub', 'ชับ สามัคคี']"
40111665,Krungsri First Choice,broker,"['first choice', 'กรุงศรี เฟิร์สช้อยส์', 'กรุงศรีเฟิร์สช้อย', 'เฟิสช้อย', 'เฟริสช้อย']"
40111665,Krungsri First Choice,broker,"['first choice', 'กรุงศรี เฟิร์สช้อยส์', 'กรุงศรีเฟิร์สช้อย', 'เฟิสช้อย', 'เฟริสช้อย']"
40112890,,,
40113034,AIA,life,"['aia', 'เอไอเอ']"
40113501,KTC,broker,"['บัตรกรุงไทย', 'ktc']"
40122741,,,
40123755,,,
40125247,Aetna,life,['aetna']
40125247,เมืองไทยประกันชีวิต,life,"['เมืองไทยประกันชีวิต', 'เมืองไทย', 'muangthai', 'mtl', 'ประกันชีวิตสีชมพู']"
40125247,ไทยประกันชีวิต,life,"['ไทยประกันชีวิต', 'ไทยประกัน']"
40125247,Bupa,life,"['bupa', 'บูพา', 'บูพ่า']"
40126980,,,
40129075,Generali,non_life,"['generali', 'เจนเนอราลี่']"
40129203,AIA,life,"['aia', 'เอไอเอ']"
40132795,,,
40134945,,,
40137438,,,
40138076,,,
40139610,Allianz Ayudhya,life,"['allianz', 'อลิอันซ์', 'อลิอันซ์อยุธยา', 'azay', 'อริอันซ์ อยุธยา', 'อลิอันช์', 'alianz ayudhya', 'az y']"
40140102,Krungthai AXA,non_life,"['กรุงไทยแอกซ่า', 'axa', 'แอกซ่า', 'แอกซา', 'เเอกซ่า', 'แอคซ่า', 'เเอคซา', 'กรุงไทยแอกซา', 'แอ๊คซ่า', 'แอ๊กซ่า', 'เเอกซ่า', 'axxa']"
40140102,Krungthai AXA,non_life,"['กรุงไทยแอกซ่า', 'axa', 'แอกซ่า', 'แอกซา', 'เเอกซ่า', 'แอคซ่า', 'เเอคซา', 'กรุงไทยแอกซา', 'แอ๊คซ่า', 'แอ๊กซ่า', 'เเอกซ่า', 'axxa']"
40140102,AIA,life,"['aia', 'เอไอเอ']"
40140102,AIA,life,"['aia', 'เอไอเอ']"
40140102,เมืองไทยประกันชีวิต,life,"['เมืองไทยประกันชีวิต', 'เมืองไทย', 'muangthai', 'mtl', 'ประกันชีวิตสีชมพู']"
40140102,เมืองไทยประกันชีวิต,life,"['เมืองไทยประกันชีวิต', 'เมืองไทย', 'muangthai', 'mtl', 'ประกันชีวิตสีชมพู']"
40142449,,,
40144967,,,
40145885,วิริยะประกันภัย,non_life,"['วิริยะ', 'viriyah', 'วรย', 'วิริยา']"
40145885,ทิพยประกันภัย,non_life,"['ทิพย', 'ทิพยประกันภัย', 'dip', 'dhp', 'tip']"
40151109,,,
40152401,,,
40156234,Cigna,life,"['cigna', 'ซิกน่า', 'ซิกม่า']"
40156789,Krungthai AXA,non_life,"['กรุงไทยแอกซ่า', 'axa', 'แอกซ่า', 'แอกซา', 'เเอกซ่า', 'แอคซ่า', 'เเอคซา', 'กรุงไทยแอกซา', 'แอ๊คซ่า', 'แอ๊กซ่า', 'เเอกซ่า', 'axxa']"
40157221,วิริยะประกันภัย,non_life,"['วิริยะ', 'viriyah', 'วรย', 'วิริยา']"
40157456,,,
40160472,,,
40160986,Allianz Ayudhya,life,"['allianz', 'อลิอันซ์', 'อลิอันซ์อยุธยา', 'azay', 'อริอันซ์ อยุธยา', 'อลิอันช์', 'alianz ayudhya', 'az y']"
40169553,Krungthai AXA,non_life,"['กรุงไทยแอกซ่า', 'axa', 'แอกซ่า', 'แอกซา', 'เเอกซ่า', 'แอคซ่า', 'เเอคซา', 'กรุงไทยแอกซา', 'แอ๊คซ่า', 'แอ๊กซ่า', 'เเอกซ่า', 'axxa']"
40169553,Krungthai AXA,non_life,"['กรุงไทยแอกซ่า', 'axa', 'แอกซ่า', 'แอกซา', 'เเอกซ่า', 'แอคซ่า', 'เเอคซา', 'กรุงไทยแอกซา', 'แอ๊คซ่า', 'แอ๊กซ่า', 'เเอกซ่า', 'axxa']"
40169553,พรูเด็นเชียล,life,"['prudential', 'พรูเด็นเชียล', 'พรูเดนเชียล']"
40169553,พรูเด็นเชียล,life,"['prudential', 'พรูเด็นเชียล', 'พรูเดนเชียล']"
40169553,กรุงเทพประกันภัย,non_life,"['กรุงเทพประกันภัย', 'bangkok insurance', 'กรุงเทพ', 'bki']"
40169553,กรุงเทพประกันภัย,non_life,"['กรุงเทพประกันภัย', 'bangkok insurance', 'กรุงเทพ', 'bki']"
40171497,ธนชาตประกันภัย,non_life,"['ธนชาตประกันภัย', 'ธนชาต', 'ธนชาติ', 'ประกันภัยสีส้ม']"
40172544,,,
40172745,ทิพยประกันภัย,non_life,"['ทิพย', 'ทิพยประกันภัย', 'dip', 'dhp', 'tip']"
40173536,Cigna,life,"['cigna', 'ซิกน่า', 'ซิกม่า']"
40173536,Cigna,life,"['cigna', 'ซิกน่า', 'ซิกม่า']"
40173536,ทหารไทยธนชาต,broker,"['ทหารไทยธนชาต', 'ttb', 'tmb', 'ธนาคารทหารไทย', 'ทหารไทย']"
40173536,ทหารไทยธนชาต,broker,"['ทหารไทยธนชาต', 'ttb', 'tmb', 'ธนาคารทหารไทย', 'ทหารไทย']"
40178497,ไทยศรีประกันภัย,non_life,['ไทยศรี']
40179293,,,
40179333,Krungthai AXA,non_life,"['กรุงไทยแอกซ่า', 'axa', 'แอกซ่า', 'แอกซา', 'เเอกซ่า', 'แอคซ่า', 'เเอคซา', 'กรุงไทยแอกซา', 'แอ๊คซ่า', 'แอ๊กซ่า', 'เเอกซ่า', 'axxa']"
40179333,Krungthai AXA,non_life,"['กรุงไทยแอกซ่า', 'axa', 'แอกซ่า', 'แอกซา', 'เเอกซ่า', 'แอคซ่า', 'เเอคซา', 'กรุงไทยแอกซา', 'แอ๊คซ่า', 'แอ๊กซ่า', 'เเอกซ่า', 'axxa']"
40179333,AIA,life,"['aia', 'เอไอเอ']"
40179333,AIA,life,"['aia', 'เอไอเอ']"
40179333,ทิพยประกันภัย,non_life,"['ทิพย', 'ทิพยประกันภัย', 'dip', 'dhp', 'tip']"
40179333,ทิพยประกันภัย,non_life,"['ทิพย', 'ทิพยประกันภัย', 'dip', 'dhp', 'tip']"
40184408,วิริยะประกันภัย,non_life,"['วิริยะ', 'viriyah', 'วรย', 'วิริยา']"
40185888,เมืองไทยประกันชีวิต,life,"['เมืองไทยประกันชีวิต', 'เมืองไทย', 'muangthai', 'mtl', 'ประกันชีวิตสีชมพู']"
40185888,เมืองไทยประกันชีวิต,life,"['เมืองไทยประกันชีวิต', 'เมืองไทย', 'muangthai', 'mtl', 'ประกันชีวิตสีชมพู']"
40185888,ไทยประกันชีวิต,life,"['ไทยประกันชีวิต', 'ไทยประกัน']"
40185888,ไทยประกันชีวิต,life,"['ไทยประกันชีวิต', 'ไทยประกัน']"
40185888,Allianz Ayudhya,life,"['allianz', 'อลิอันซ์', 'อลิอันซ์อยุธยา', 'azay', 'อริอันซ์ อยุธยา', 'อลิอันช์', 'alianz ayudhya', 'az y']"
40185888,Allianz Ayudhya,life,"['allianz', 'อลิอันซ์', 'อลิอันซ์อยุธยา', 'azay', 'อริอันซ์ อยุธยา', 'อลิอันช์', 'alianz ayudhya', 'az y']"
40185888,Krungthai AXA,non_life,"['กรุงไทยแอกซ่า', 'axa', 'แอกซ่า', 'แอกซา', 'เเอกซ่า', 'แอคซ่า', 'เเอคซา', 'กรุงไทยแอกซา', 'แอ๊คซ่า', 'แอ๊กซ่า', 'เเอกซ่า', 'axxa']"
40185888,Krungthai AXA,non_life,"['กรุงไทยแอกซ่า', 'axa', 'แอกซ่า', 'แอกซา', 'เเอกซ่า', 'แอคซ่า', 'เเอคซา', 'กรุงไทยแอกซา', 'แอ๊คซ่า', 'แอ๊กซ่า', 'เเอกซ่า', 'axxa']"
40186798,,,
40188313,กรุงเทพประกันภัย,non_life,"['กรุงเทพประกันภัย', 'bangkok insurance', 'กรุงเทพ', 'bki']"
40188313,LMG,non_life,"['lmg', 'แอลเอ็มจี']"
40191909,,,
40196492,,,
40197457,นวกิจประกันภัย,non_life,['นวกิจ']
40199005,เมืองไทยประกันชีวิต,life,"['เมืองไทยประกันชีวิต', 'เมืองไทย', 'muangthai', 'mtl', 'ประกันชีวิตสีชมพู']"
40205190,วิริยะประกันภัย,non_life,"['วิริยะ', 'viriyah', 'วรย', 'วิริยา']"
40205190,คุ้มภัยโตเกียวมารีน,non_life,"['ประกันคุ้มภัย', 'คุ้มภัย', 'คภ.', 'โตเกียวมารีน', 'tokio marine']"
40205190,กรุงเทพประกันภัย,non_life,"['กรุงเทพประกันภัย', 'bangkok insurance', 'กรุงเทพ', 'bki']"
40206275,,,
40208628,AIA,life,"['aia', 'เอไอเอ']"
40210006,วิริยะประกันภัย,non_life,"['วิริยะ', 'viriyah', 'วรย', 'วิริยา']"
40212176,เมืองไทยประกันชีวิต,life,"['เมืองไทยประกันชีวิต', 'เมืองไทย', 'muangthai', 'mtl', 'ประกันชีวิตสีชมพู']"
40212176,ไทยประกันชีวิต,life,"['ไทยประกันชีวิต', 'ไทยประกัน']"
40212685,ธนชาตประกันภัย,non_life,"['ธนชาตประกันภัย', 'ธนชาต', 'ธนชาติ', 'ประกันภัยสีส้ม']"
40216938,Allianz Ayudhya,life,"['allianz', 'อลิอันซ์', 'อลิอันซ์อยุธยา', 'azay', 'อริอันซ์ อยุธยา', 'อลิอันช์', 'alianz ayudhya', 'az y']"
40216938,Allianz Ayudhya,life,"['allianz', 'อลิอันซ์', 'อลิอันซ์อยุธยา', 'azay', 'อริอันซ์ อยุธยา', 'อลิอันช์', 'alianz ayudhya', 'az y']"
40216938,Chubb,non_life,"['chubb', 'ชับบ์', 'chuub', 'ชับ สามัคคี']"
40216938,Chubb,non_life,"['chubb', 'ชับบ์', 'chuub', 'ชับ สามัคคี']"
40217014,Chubb,non_life,"['chubb', 'ชับบ์', 'chuub', 'ชับ สามัคคี']"
40217014,Chubb,non_life,"['chubb', 'ชับบ์', 'chuub', 'ชับ สามัคคี']"
40217014,Krungsri First Choice,broker,"['first choice', 'กรุงศรี เฟิร์สช้อยส์', 'กรุงศรีเฟิร์สช้อย', 'เฟิสช้อย', 'เฟริสช้อย']"
40217014,Krungsri First Choice,broker,"['first choice', 'กรุงศรี เฟิร์สช้อยส์', 'กรุงศรีเฟิร์สช้อย', 'เฟิสช้อย', 'เฟริสช้อย']"
40219489,ทิพยประกันภัย,non_life,"['ทิพย', 'ทิพยประกันภัย', 'dip', 'dhp', 'tip']"
40219489,ธนชาตประกันภัย,non_life,"['ธนชาตประกันภัย', 'ธนชาต', 'ธนชาติ', 'ประกันภัยสีส้ม']"
40222266,LMG,non_life,"['lmg', 'แอลเอ็มจี']"
40231293,Chubb,non_life,"['chubb', 'ชับบ์', 'chuub', 'ชับ สามัคคี']"
40234285,Chubb,non_life,"['chubb', 'ชับบ์', 'chuub', 'ชับ สามัคคี']"
40234285,Chubb,non_life,"['chubb', 'ชับบ์', 'chuub', 'ชับ สามัคคี']"
40234285,Krungsri First Choice,broker,"['first choice', 'กรุงศรี เฟิร์สช้อยส์', 'กรุงศรีเฟิร์สช้อย', 'เฟิสช้อย', 'เฟริสช้อย']"
40234285,Krungsri First Choice,broker,"['first choice', 'กรุงศรี เฟิร์สช้อยส์', 'กรุงศรีเฟิร์สช้อย', 'เฟิสช้อย', 'เฟริสช้อย']"
40237285,AIG,non_life,"['aig', 'เอไอจี']"
40237285,AIG,non_life,"['aig', 'เอไอจี']"
40237285,Krungsri First Choice,broker,"['first choice', 'กรุงศรี เฟิร์สช้อยส์', 'กรุงศรีเฟิร์สช้อย', 'เฟิสช้อย', 'เฟริสช้อย']"
40237285,Krungsri First Choice,broker,"['first choice', 'กรุงศรี เฟิร์สช้อยส์', 'กรุงศรีเฟิร์สช้อย', 'เฟิสช้อย', 'เฟริสช้อย']"
40239879,Krungthai AXA,non_life,"['กรุงไทยแอกซ่า', 'axa', 'แอกซ่า', 'แอกซา', 'เเอกซ่า', 'แอคซ่า', 'เเอคซา', 'กรุงไทยแอกซา', 'แอ๊คซ่า', 'แอ๊กซ่า', 'เเอกซ่า', 'axxa']"
40241736,,,
40243023,,,
40244967,ไทยประกันชีวิต,life,"['ไทยประกันชีวิต', 'ไทยประกัน']"
40244967,ไทยประกันชีวิต,life,"['ไทยประกันชีวิต', 'ไทยประกัน']"
40244967,ทหารไทยธนชาต,broker,"['ทหารไทยธนชาต', 'ttb', 'tmb', 'ธนาคารทหารไทย', 'ทหารไทย']"
40244967,ทหารไทยธนชาต,broker,"['ทหารไทยธนชาต', 'ttb', 'tmb', 'ธนาคารทหารไทย', 'ทหารไทย']"
40246239,ไทยประกันชีวิต,life,"['ไทยประกันชีวิต', 'ไทยประกัน']"
40246239,ไทยประกันชีวิต,life,"['ไทยประกันชีวิต', 'ไทยประกัน']"
40246239,ไทยประกันชีวิต,life,"['ไทยประกันชีวิต', 'ไทยประกัน']"
40246239,ไทยประกันภัย,non_life,['ไทยประกันภัย']
40246239,ไทยประกันภัย,non_life,['ไทยประกันภัย']
40246239,ไทยประกันภัย,non_life,['ไทยประกันภัย']
40246239,ทหารไทยธนชาต,broker,"['ทหารไทยธนชาต', 'ttb', 'tmb', 'ธนาคารทหารไทย', 'ทหารไทย']"
40246239,ทหารไทยธนชาต,broker,"['ทหารไทยธนชาต', 'ttb', 'tmb', 'ธนาคารทหารไทย', 'ทหารไทย']"
40246239,ทหารไทยธนชาต,broker,"['ทหารไทยธนชาต', 'ttb', 'tmb', 'ธนาคารทหารไทย', 'ทหารไทย']"
40246582,,,
40249711,ธนชาตประกันภัย,non_life,"['ธนชาตประกันภัย', 'ธนชาต', 'ธนชาติ', 'ประกันภัยสีส้ม']"
40255045,ไทยประกันชีวิต,life,"['ไทยประกันชีวิต', 'ไทยประกัน']"
40258153,วิริยะประกันภัย,non_life,"['วิริยะ', 'viriyah', 'วรย', 'วิริยา']"
40258343,ไทยวิวัฒน์,non_life,"['ไทยวิวัฒน์', 'thaivivat', 'ไทยวิวัตน์']"
40264289,,,
40269787,,,
40270685,เมืองไทยประกันชีวิต,life,"['เมืองไทยประกันชีวิต', 'เมืองไทย', 'muangthai', 'mtl', 'ประกันชีวิตสีชมพู']"
40270685,ไทยประกันชีวิต,life,"['ไทยประกันชีวิต', 'ไทยประกัน']"
40274299,Generali,non_life,"['generali', 'เจนเนอราลี่']"
40277964,,,
40287481,SCB,broker,"['scb', 'ไทยพาณิชย์', 'ไทยพานิชย์', 'ธนาคารสีม่วง', 'cardx']"
40290801,เมืองไทยประกันชีวิต,life,"['เมืองไทยประกันชีวิต', 'เมืองไทย', 'muangthai', 'mtl', 'ประกันชีวิตสีชมพู']"
40290801,เมืองไทยประกันชีวิต,life,"['เมืองไทยประกันชีวิต', 'เมืองไทย', 'muangthai', 'mtl', 'ประกันชีวิตสีชมพู']"
40290801,ไทยประกันชีวิต,life,"['ไทยประกันชีวิต', 'ไทยประกัน']"
40290801,ไทยประกันชีวิต,life,"['ไทยประกันชีวิต', 'ไทยประกัน']"
40290801,AIA,life,"['aia', 'เอไอเอ']"
40290801,AIA,life,"['aia', 'เอไอเอ']"
40290801,กรุงเทพประกันภัย,non_life,"['กรุงเทพประกันภัย', 'bangkok insurance', 'กรุงเทพ', 'bki']"
40290801,กรุงเทพประกันภัย,non_life,"['กรุงเทพประกันภัย', 'bangkok insurance', 'กรุงเทพ', 'bki']"
40298442,Krungthai AXA,non_life,"['กรุงไทยแอกซ่า', 'axa', 'แอกซ่า', 'แอกซา', 'เเอกซ่า', 'แอคซ่า', 'เเอคซา', 'กรุงไทยแอกซา', 'แอ๊คซ่า', 'แอ๊กซ่า', 'เเอกซ่า', 'axxa']"
40298478,กรุงเทพประกันภัย,non_life,"['กรุงเทพประกันภัย', 'bangkok insurance', 'กรุงเทพ', 'bki']"
40302612,Allianz Ayudhya,life,"['allianz', 'อลิอันซ์', 'อลิอันซ์อยุธยา', 'azay', 'อริอันซ์ อยุธยา', 'อลิอันช์', 'alianz ayudhya', 'az y']"
40305666,,,
40308116,,,
40308946,Krungthai AXA,non_life,"['กรุงไทยแอกซ่า', 'axa', 'แอกซ่า', 'แอกซา', 'เเอกซ่า', 'แอคซ่า', 'เเอคซา', 'กรุงไทยแอกซา', 'แอ๊คซ่า', 'แอ๊กซ่า', 'เเอกซ่า', 'axxa']"
40309055,ไทยประกันชีวิต,life,"['ไทยประกันชีวิต', 'ไทยประกัน']"
40313417,ไทยประกันชีวิต,life,"['ไทยประกันชีวิต', 'ไทยประกัน']"
40313417,ไทยประกันชีวิต,life,"['ไทยประกันชีวิต', 'ไทยประกัน']"
40313417,กรุงเทพประกันชีวิต,life,"['กรุงเทพประกันชีวิต', 'bangkok life', 'bblife']"
40313417,กรุงเทพประกันชีวิต,life,"['กรุงเทพประกันชีวิต', 'bangkok life', 'bblife']"
40313417,Cigna,life,"['cigna', 'ซิกน่า', 'ซิกม่า']"
40313417,Cigna,life,"['cigna', 'ซิกน่า', 'ซิกม่า']"
40313417,กรุงเทพประกันภัย,non_life,"['กรุงเทพประกันภัย', 'bangkok insurance', 'กรุงเทพ', 'bki']"
40313417,กรุงเทพประกันภัย,non_life,"['กรุงเทพประกันภัย', 'bangkok insurance', 'กรุงเทพ', 'bki']"
40318287,เมืองไทยประกันชีวิต,life,"['เมืองไทยประกันชีวิต', 'เมืองไทย', 'muangthai', 'mtl', 'ประกันชีวิตสีชมพู']"
40318287,เมืองไทยประกันชีวิต,life,"['เมืองไทยประกันชีวิต', 'เมืองไทย', 'muangthai', 'mtl', 'ประกันชีวิตสีชมพู']"
40318287,ไทยประกันชีวิต,life,"['ไทยประกันชีวิต', 'ไทยประกัน']"
40318287,ไทยประกันชีวิต,life,"['ไทยประกันชีวิต', 'ไทยประกัน']"
40318287,Krungthai AXA,non_life,"['กรุงไทยแอกซ่า', 'axa', 'แอกซ่า', 'แอกซา', 'เเอกซ่า', 'แอคซ่า', 'เเอคซา', 'กรุงไทยแอกซา', 'แอ๊คซ่า', 'แอ๊กซ่า', 'เเอกซ่า', 'axxa']"
40318287,Krungthai AXA,non_life,"['กรุงไทยแอกซ่า', 'axa', 'แอกซ่า', 'แอกซา', 'เเอกซ่า', 'แอคซ่า', 'เเอคซา', 'กรุงไทยแอกซา', 'แอ๊คซ่า', 'แอ๊กซ่า', 'เเอกซ่า', 'axxa']"
40321297,,,
40325151,Silkspan,broker,['silkspan']
40325151,Krungsri First Choice,broker,"['first choice', 'กรุงศรี เฟิร์สช้อยส์', 'กรุงศรีเฟิร์สช้อย', 'เฟิสช้อย', 'เฟริสช้อย']"
40327791,,,
40334490,,,
40335600,AIA,life,"['aia', 'เอไอเอ']"
40335600,AIA,life,"['aia', 'เอไอเอ']"
40335600,กรุงเทพประกันภัย,non_life,"['กรุงเทพประกันภัย', 'bangkok insurance', 'กรุงเทพ', 'bki']"
40335600,กรุงเทพประกันภัย,non_life,"['กรุงเทพประกันภัย', 'bangkok insurance', 'กรุงเทพ', 'bki']"
40335977,Allianz Ayudhya,life,"['allianz', 'อลิอันซ์', 'อลิอันซ์อยุธยา', 'azay', 'อริอันซ์ อยุธยา', 'อลิอันช์', 'alianz ayudhya', 'az y']"
40343884,สินมั่นคง,non_life,"['สินมั่นคง', 'สินมั่งคง']"
40345271,,,
40360224,เมืองไทยประกันชีวิต,life,"['เมืองไทยประกันชีวิต', 'เมืองไทย', 'muangthai', 'mtl', 'ประกันชีวิตสีชมพู']"
40360224,เมืองไทยประกันชีวิต,life,"['เมืองไทยประกันชีวิต', 'เมืองไทย', 'muangthai', 'mtl', 'ประกันชีวิตสีชมพู']"
40360224,ไทยประกันชีวิต,life,"['ไทยประกันชีวิต', 'ไทยประกัน']"
40360224,ไทยประกันชีวิต,life,"['ไทยประกันชีวิต', 'ไทยประกัน']"
40360224,Aetna,life,['aetna']
40360224,Aetna,life,['aetna']
40360224,เมืองไทยประกันภัย,non_life,['เมืองไทยประกันภัย']
40360224,เมืองไทยประกันภัย,non_life,['เมืองไทยประกันภัย']
40360224,ไทยประกันภัย,non_life,['ไทยประกันภัย']
40360224,ไทยประกันภัย,non_life,['ไทยประกันภัย']
40360529,,,
40360583,Allianz Ayudhya,life,"['allianz', 'อลิอันซ์', 'อลิอันซ์อยุธยา', 'azay', 'อริอันซ์ อยุธยา', 'อลิอันช์', 'alianz ayudhya', 'az y']"
40360735,AIA,life,"['aia', 'เอไอเอ']"
40361146,AIA,life,"['aia', 'เอไอเอ']"
40362118,,,
40362991,Chubb,non_life,"['chubb', 'ชับบ์', 'chuub', 'ชับ สามัคคี']"
40362991,Chubb,non_life,"['chubb', 'ชับบ์', 'chuub', 'ชับ สามัคคี']"
40362991,Krungsri First Choice,broker,"['first choice', 'กรุงศรี เฟิร์สช้อยส์', 'กรุงศรีเฟิร์สช้อย', 'เฟิสช้อย', 'เฟริสช้อย']"
40362991,Krungsri First Choice,broker,"['first choice', 'กรุงศรี เฟิร์สช้อยส์', 'กรุงศรีเฟิร์สช้อย', 'เฟิสช้อย', 'เฟริสช้อย']"
40368958,AIA,life,"['aia', 'เอไอเอ']"
40370533,วิริยะประกันภัย,non_life,"['วิริยะ', 'viriyah', 'วรย', 'วิริยา']"
40371000,,,
40373624,,,
40374507,,,
40378213,Allianz Ayudhya,life,"['allianz', 'อลิอันซ์', 'อลิอันซ์อยุธยา', 'azay', 'อริอันซ์ อยุธยา', 'อลิอันช์', 'alianz ayudhya', 'az y']"
40379954,,,
40380846,Allianz Ayudhya,life,"['allianz', 'อลิอันซ์', 'อลิอันซ์อยุธยา', 'azay', 'อริอันซ์ อยุธยา', 'อลิอันช์', 'alianz ayudhya', 'az y']"
40383202,เมืองไทยประกันชีวิต,life,"['เมืองไทยประกันชีวิต', 'เมืองไทย', 'muangthai', 'mtl', 'ประกันชีวิตสีชมพู']"
40383202,เมืองไทยประกันชีวิต,life,"['เมืองไทยประกันชีวิต', 'เมืองไทย', 'muangthai', 'mtl', 'ประกันชีวิตสีชมพู']"
40383202,ไทยประกันชีวิต,life,"['ไทยประกันชีวิต', 'ไทยประกัน']"
40383202,ไทยประกันชีวิต,life,"['ไทยประกันชีวิต', 'ไทยประกัน']"
40383202,เมืองไทยประกันภัย,non_life,['เมืองไทยประกันภัย']
40383202,เมืองไทยประกันภัย,non_life,['เมืองไทยประกันภัย']
40383202,ไทยประกันภัย,non_life,['ไทยประกันภัย']
40383202,ไทยประกันภัย,non_life,['ไทยประกันภัย']
40384265,Allianz Ayudhya,life,"['allianz', 'อลิอันซ์', 'อลิอันซ์อยุธยา', 'azay', 'อริอันซ์ อยุธยา', 'อลิอันช์', 'alianz ayudhya', 'az y']"
40385709,เมืองไทยประกันชีวิต,life,"['เมืองไทยประกันชีวิต', 'เมืองไทย', 'muangthai', 'mtl', 'ประกันชีวิตสีชมพู']"
40385709,เมืองไทยประกันชีวิต,life,"['เมืองไทยประกันชีวิต', 'เมืองไทย', 'muangthai', 'mtl', 'ประกันชีวิตสีชมพู']"
40385709,ไทยประกันชีวิต,life,"['ไทยประกันชีวิต', 'ไทยประกัน']"
40385709,ไทยประกันชีวิต,life,"['ไทยประกันชีวิต', 'ไทยประกัน']"
40385709,เมืองไทยประกันภัย,non_life,['เมืองไทยประกันภัย']
40385709,เมืองไทยประกันภัย,non_life,['เมืองไทยประกันภัย']
40385709,ไทยประกันภัย,non_life,['ไทยประกันภัย']
40385709,ไทยประกันภัย,non_life,['ไทยประกันภัย']
40390117,ทิพยประกันภัย,non_life,"['ทิพย', 'ทิพยประกันภัย', 'dip', 'dhp', 'tip']"
40390616,Allianz Ayudhya,life,"['allianz', 'อลิอันซ์', 'อลิอันซ์อยุธยา', 'azay', 'อริอันซ์ อยุธยา', 'อลิอันช์', 'alianz ayudhya', 'az y']"
40390616,Allianz Ayudhya,life,"['allianz', 'อลิอันซ์', 'อลิอันซ์อยุธยา', 'azay', 'อริอันซ์ อยุธยา', 'อลิอันช์', 'alianz ayudhya', 'az y']"
40390616,Krungsri First Choice,broker,"['first choice', 'กรุงศรี เฟิร์สช้อยส์', 'กรุงศรีเฟิร์สช้อย', 'เฟิสช้อย', 'เฟริสช้อย']"
40390616,Krungsri First Choice,broker,"['first choice', 'กรุงศรี เฟิร์สช้อยส์', 'กรุงศรีเฟิร์สช้อย', 'เฟิสช้อย', 'เฟริสช้อย']"
40395205,ธนชาตประกันภัย,non_life,"['ธนชาตประกันภัย', 'ธนชาต', 'ธนชาติ', 'ประกันภัยสีส้ม']"
40395774,,,
40396307,,,
40398777,Allianz Ayudhya,life,"['allianz', 'อลิอันซ์', 'อลิอันซ์อยุธยา', 'azay', 'อริอันซ์ อยุธยา', 'อลิอันช์', 'alianz ayudhya', 'az y']"
40399115,คุ้มภัยโตเกียวมารีน,non_life,"['ประกันคุ้มภัย', 'คุ้มภัย', 'คภ.', 'โตเกียวมารีน', 'tokio marine']"
40399115,วิริยะประกันภัย,non_life,"['วิริยะ', 'viriyah', 'วรย', 'วิริยา']"
40400172,,,
40400505,,,
40400699,,,
40402046,,,
40404202,AIA,life,"['aia', 'เอไอเอ']"
40404922,Allianz Ayudhya,life,"['allianz', 'อลิอันซ์', 'อลิอันซ์อยุธยา', 'azay', 'อริอันซ์ อยุธยา', 'อลิอันช์', 'alianz ayudhya', 'az y']"
40404922,Allianz Ayudhya,life,"['allianz', 'อลิอันซ์', 'อลิอันซ์อยุธยา', 'azay', 'อริอันซ์ อยุธยา', 'อลิอันช์', 'alianz ayudhya', 'az y']"
40404922,Krungsri First Choice,broker,"['first choice', 'กรุงศรี เฟิร์สช้อยส์', 'กรุงศรีเฟิร์สช้อย', 'เฟิสช้อย', 'เฟริสช้อย']"
40404922,Krungsri First Choice,broker,"['first choice', 'กรุงศรี เฟิร์สช้อยส์', 'กรุงศรีเฟิร์สช้อย', 'เฟิสช้อย', 'เฟริสช้อย']"
40406064,,,
40407445,สินมั่นคง,non_life,"['สินมั่นคง', 'สินมั่งคง']"
40407445,อินทรประกันภัย,non_life,['อินทร']
40413419,,,
40413520,,,
40418157,,,
40423013,Chubb,non_life,"['chubb', 'ชับบ์', 'chuub', 'ชับ สามัคคี']"
40423013,Chubb,non_life,"['chubb', 'ชับบ์', 'chuub', 'ชับ สามัคคี']"
40423013,Krungsri First Choice,broker,"['first choice', 'กรุงศรี เฟิร์สช้อยส์', 'กรุงศรีเฟิร์สช้อย', 'เฟิสช้อย', 'เฟริสช้อย']"
40423013,Krungsri First Choice,broker,"['first choice', 'กรุงศรี เฟิร์สช้อยส์', 'กรุงศรีเฟิร์สช้อย', 'เฟิสช้อย', 'เฟริสช้อย']"
40426446,,,
40426669,Allianz Ayudhya,life,"['allianz', 'อลิอันซ์', 'อลิอันซ์อยุธยา', 'azay', 'อริอันซ์ อยุธยา', 'อลิอันช์', 'alianz ayudhya', 'az y']"
40427142,ทิพยประกันภัย,non_life,"['ทิพย', 'ทิพยประกันภัย', 'dip', 'dhp', 'tip']"
40427142,เอเชียประกันภัย,non_life,"['เอเชียประกันภัย', 'เอเชีย', 'asia']"
40428526,วิริยะประกันภัย,non_life,"['วิริยะ', 'viriyah', 'วรย', 'วิริยา']"
40429077,True Money,broker,['truemoney']
40430240,,,
40431341,AIG,non_life,"['aig', 'เอไอจี']"
40431341,AIG,non_life,"['aig', 'เอไอจี']"
40431341,SCB,broker,"['scb', 'ไทยพาณิชย์', 'ไทยพานิชย์', 'ธนาคารสีม่วง', 'cardx']"
40431341,SCB,broker,"['scb', 'ไทยพาณิชย์', 'ไทยพานิชย์', 'ธนาคารสีม่วง', 'cardx']"
40431664,วิริยะประกันภัย,non_life,"['วิริยะ', 'viriyah', 'วรย', 'วิริยา']"
40432590,SCB,broker,"['scb', 'ไทยพาณิชย์', 'ไทยพานิชย์', 'ธนาคารสีม่วง', 'cardx']"
40437343,กสิกรไทย,broker,"['กสิกร', 'k bank', 'แบงค์เขียว']"
40437456,ทิพยประกันภัย,non_life,"['ทิพย', 'ทิพยประกันภัย', 'dip', 'dhp', 'tip']"
40440440,,,
40442020,,,
40442211,LMG,non_life,"['lmg', 'แอลเอ็มจี']"
40442211,วิริยะประกันภัย,non_life,"['วิริยะ', 'viriyah', 'วรย', 'วิริยา']"
40443492,,,
40444104,วิริยะประกันภัย,non_life,"['วิริยะ', 'viriyah', 'วรย', 'วิริยา']"
40444506,สินทรัพย์ประกันภัย,non_life,['สินทรัพย์']
40445527,Cigna,life,"['cigna', 'ซิกน่า', 'ซิกม่า']"
40446887,,,
40447909,,,
40448965,,,
40449496,,,
40449725,วิริยะประกันภัย,non_life,"['วิริยะ', 'viriyah', 'วรย', 'วิริยา']"
40450511,,,
40457691,,,
40460828,Krungthai AXA,non_life,"['กรุงไทยแอกซ่า', 'axa', 'แอกซ่า', 'แอกซา', 'เเอกซ่า', 'แอคซ่า', 'เเอคซา', 'กรุงไทยแอกซา', 'แอ๊คซ่า', 'แอ๊กซ่า', 'เเอกซ่า', 'axxa']"
40462649,ทิพยประกันภัย,non_life,"['ทิพย', 'ทิพยประกันภัย', 'dip', 'dhp', 'tip']"
40462867,Allianz Ayudhya,life,"['allianz', 'อลิอันซ์', 'อลิอันซ์อยุธยา', 'azay', 'อริอันซ์ อยุธยา', 'อลิอันช์', 'alianz ayudhya', 'az y']"
40465043,Chubb,non_life,"['chubb', 'ชับบ์', 'chuub', 'ชับ สามัคคี']"
40465106,,,
40465849,ทิพยประกันภัย,non_life,"['ทิพย', 'ทิพยประกันภัย', 'dip', 'dhp', 'tip']"
40467677,ธนชาตประกันภัย,non_life,"['ธนชาตประกันภัย', 'ธนชาต', 'ธนชาติ', 'ประกันภัยสีส้ม']"
40467677,ไทยวิวัฒน์,non_life,"['ไทยวิวัฒน์', 'thaivivat', 'ไทยวิวัตน์']"
40468112,,,
40468400,,,
40470912,,,
40474353,AIA,life,"['aia', 'เอไอเอ']"
40474906,,,
40477225,,,
40479206,Allianz Ayudhya,life,"['allianz', 'อลิอันซ์', 'อลิอันซ์อยุธยา', 'azay', 'อริอันซ์ อยุธยา', 'อลิอันช์', 'alianz ayudhya', 'az y']"
40479622,,,
40481432,ANC,broker,"['anc', 'เอเอ็นซี']"
40481908,ANC,broker,"['anc', 'เอเอ็นซี']"
40483080,,,
40484403,,,
40485666,,,
40491064,,,
40491949,,,
40494728,วิริยะประกันภัย,non_life,"['วิริยะ', 'viriyah', 'วรย', 'วิริยา']"
40497642,สินทรัพย์ประกันภัย,non_life,['สินทรัพย์']
40498042,,,
40500025,Allianz Ayudhya,life,"['allianz', 'อลิอันซ์', 'อลิอันซ์อยุธยา', 'azay', 'อริอันซ์ อยุธยา', 'อลิอันช์', 'alianz ayudhya', 'az y']"
40500742,,,
40507366,Chubb,non_life,"['chubb', 'ชับบ์', 'chuub', 'ชับ สามัคคี']"
40507366,Chubb,non_life,"['chubb', 'ชับบ์', 'chuub', 'ชับ สามัคคี']"
40507366,Krungsri First Choice,broker,"['first choice', 'กรุงศรี เฟิร์สช้อยส์', 'กรุงศรีเฟิร์สช้อย', 'เฟิสช้อย', 'เฟริสช้อย']"
40507366,Krungsri First Choice,broker,"['first choice', 'กรุงศรี เฟิร์สช้อยส์', 'กรุงศรีเฟิร์สช้อย', 'เฟิสช้อย', 'เฟริสช้อย']"
40509273,ทิพยประกันภัย,non_life,"['ทิพย', 'ทิพยประกันภัย', 'dip', 'dhp', 'tip']"
40509273,ทิพยประกันภัย,non_life,"['ทิพย', 'ทิพยประกันภัย', 'dip', 'dhp', 'tip']"
40509273,ทหารไทยธนชาต,broker,"['ทหารไทยธนชาต', 'ttb', 'tmb', 'ธนาคารทหารไทย', 'ทหารไทย']"
40509273,ทหารไทยธนชาต,broker,"['ทหารไทยธนชาต', 'ttb', 'tmb', 'ธนาคารทหารไทย', 'ทหารไทย']"
40510985,,,
40512204,,,
40512754,,,
40522143,KTC,broker,"['บัตรกรุงไทย', 'ktc']"
40522837,Allianz Ayudhya,life,"['allianz', 'อลิอันซ์', 'อลิอันซ์อยุธยา', 'azay', 'อริอันซ์ อยุธยา', 'อลิอันช์', 'alianz ayudhya', 'az y']"
40522837,Allianz Ayudhya,life,"['allianz', 'อลิอันซ์', 'อลิอันซ์อยุธยา', 'azay', 'อริอันซ์ อยุธยา', 'อลิอันช์', 'alianz ayudhya', 'az y']"
40522837,Krungsri First Choice,broker,"['first choice', 'กรุงศรี เฟิร์สช้อยส์', 'กรุงศรีเฟิร์สช้อย', 'เฟิสช้อย', 'เฟริสช้อย']"
40522837,Krungsri First Choice,broker,"['first choice', 'กรุงศรี เฟิร์สช้อยส์', 'กรุงศรีเฟิร์สช้อย', 'เฟิสช้อย', 'เฟริสช้อย']"
40524604,Cigna,life,"['cigna', 'ซิกน่า', 'ซิกม่า']"
40528706,Cigna,life,"['cigna', 'ซิกน่า', 'ซิกม่า']"
40528839,Krungthai AXA,non_life,"['กรุงไทยแอกซ่า', 'axa', 'แอกซ่า', 'แอกซา', 'เเอกซ่า', 'แอคซ่า', 'เเอคซา', 'กรุงไทยแอกซา', 'แอ๊คซ่า', 'แอ๊กซ่า', 'เเอกซ่า', 'axxa']"
40532743,ทิพยประกันภัย,non_life,"['ทิพย', 'ทิพยประกันภัย', 'dip', 'dhp', 'tip']"
40532743,ทิพยประกันภัย,non_life,"['ทิพย', 'ทิพยประกันภัย', 'dip', 'dhp', 'tip']"
40532743,ทิพยประกันภัย,non_life,"['ทิพย', 'ทิพยประกันภัย', 'dip', 'dhp', 'tip']"
40532743,ไทยประกันชีวิต,life,"['ไทยประกันชีวิต', 'ไทยประกัน']"
40532743,ไทยประกันชีวิต,life,"['ไทยประกันชีวิต', 'ไทยประกัน']"
40532743,ไทยประกันชีวิต,life,"['ไทยประกันชีวิต', 'ไทยประกัน']"
40532743,ธนาคารกรุงไทย,broker,['ธนาคารกรุงไทย']
40532743,ธนาคารกรุงไทย,broker,['ธนาคารกรุงไทย']
40532743,ธนาคารกรุงไทย,broker,['ธนาคารกรุงไทย']
40536363,วิริยะประกันภัย,non_life,"['วิริยะ', 'viriyah', 'วรย', 'วิริยา']"
40537406,ทิพยประกันภัย,non_life,"['ทิพย', 'ทิพยประกันภัย', 'dip', 'dhp', 'tip']"
40537406,เทเวศประกันภัย,non_life,['เทเวศ']
40538822,Allianz Ayudhya,life,"['allianz', 'อลิอันซ์', 'อลิอันซ์อยุธยา', 'azay', 'อริอันซ์ อยุธยา', 'อลิอันช์', 'alianz ayudhya', 'az y']"
40544109,Krungthai AXA,non_life,"['กรุงไทยแอกซ่า', 'axa', 'แอกซ่า', 'แอกซา', 'เเอกซ่า', 'แอคซ่า', 'เเอคซา', 'กรุงไทยแอกซา', 'แอ๊คซ่า', 'แอ๊กซ่า', 'เเอกซ่า', 'axxa']"
40548266,,,
40548626,เมืองไทยประกันชีวิต,life,"['เมืองไทยประกันชีวิต', 'เมืองไทย', 'muangthai', 'mtl', 'ประกันชีวิตสีชมพู']"
40548626,เมืองไทยประกันชีวิต,life,"['เมืองไทยประกันชีวิต', 'เมืองไทย', 'muangthai', 'mtl', 'ประกันชีวิตสีชมพู']"
40548626,กรุงเทพประกันภัย,non_life,"['กรุงเทพประกันภัย', 'bangkok insurance', 'กรุงเทพ', 'bki']"
40548626,กรุงเทพประกันภัย,non_life,"['กรุงเทพประกันภัย', 'bangkok insurance', 'กรุงเทพ', 'bki']"
40552109,Allianz Ayudhya,life,"['allianz', 'อลิอันซ์', 'อลิอันซ์อยุธยา', 'azay', 'อริอันซ์ อยุธยา', 'อลิอันช์', 'alianz ayudhya', 'az y']"
40552109,Allianz Ayudhya,life,"['allianz', 'อลิอันซ์', 'อลิอันซ์อยุธยา', 'azay', 'อริอันซ์ อยุธยา', 'อลิอันช์', 'alianz ayudhya', 'az y']"
40552109,Allianz Ayudhya,life,"['allianz', 'อลิอันซ์', 'อลิอันซ์อยุธยา', 'azay', 'อริอันซ์ อยุธยา', 'อลิอันช์', 'alianz ayudhya', 'az y']"
40552109,Chubb,non_life,"['chubb', 'ชับบ์', 'chuub', 'ชับ สามัคคี']"
40552109,Chubb,non_life,"['chubb', 'ชับบ์', 'chuub', 'ชับ สามัคคี']"
40552109,Chubb,non_life,"['chubb', 'ชับบ์', 'chuub', 'ชับ สามัคคี']"
40552109,AEON,broker,"['aeon', 'อิออน']"
40552109,AEON,broker,"['aeon', 'อิออน']"
40552109,AEON,broker,"['aeon', 'อิออน']"
40553520,,,
40554405,,,
40559103,,,
40559748,,,
40559751,,,
40560194,,,
40560883,กรุงเทพประกันภัย,non_life,"['กรุงเทพประกันภัย', 'bangkok insurance', 'กรุงเทพ', 'bki']"
40560883,กรุงเทพประกันภัย,non_life,"['กรุงเทพประกันภัย', 'bangkok insurance', 'กรุงเทพ', 'bki']"
40560883,กรุงเทพประกันภัย,non_life,"['กรุงเทพประกันภัย', 'bangkok insurance', 'กรุงเทพ', 'bki']"
40560883,Cigna,life,"['cigna', 'ซิกน่า', 'ซิกม่า']"
40560883,Cigna,life,"['cigna', 'ซิกน่า', 'ซิกม่า']"
40560883,Cigna,life,"['cigna', 'ซิกน่า', 'ซิกม่า']"
40560883,Generali,non_life,"['generali', 'เจนเนอราลี่']"
40560883,Generali,non_life,"['generali', 'เจนเนอราลี่']"
40560883,Generali,non_life,"['generali', 'เจนเนอราลี่']"
40560883,กสิกรไทย,broker,"['กสิกร', 'k bank', 'แบงค์เขียว']"
40560883,กสิกรไทย,broker,"['กสิกร', 'k bank', 'แบงค์เขียว']"
40560883,กสิกรไทย,broker,"['กสิกร', 'k bank', 'แบงค์เขียว']"
40560883,TQM,broker,"['tqm', 'ทีคิวเอ็ม']"
40560883,TQM,broker,"['tqm', 'ทีคิวเอ็ม']"
40560883,TQM,broker,"['tqm', 'ทีคิวเอ็ม']"
40564020,,,
40564722,,,
40565568,Allianz Ayudhya,life,"['allianz', 'อลิอันซ์', 'อลิอันซ์อยุธยา', 'azay', 'อริอันซ์ อยุธยา', 'อลิอันช์', 'alianz ayudhya', 'az y']"
40565946,วิริยะประกันภัย,non_life,"['วิริยะ', 'viriyah', 'วรย', 'วิริยา']"
40567568,,,
40568142,AEON,broker,"['aeon', 'อิออน']"
40569561,,,
40571059,,,
40572982,AIA,life,"['aia', 'เอไอเอ']"
40579824,ทิพยประกันภัย,non_life,"['ทิพย', 'ทิพยประกันภัย', 'dip', 'dhp', 'tip']"
40580343,วิริยะประกันภัย,non_life,"['วิริยะ', 'viriyah', 'วรย', 'วิริยา']"
40581856,,,
40586456,กรุงเทพประกันภัย,non_life,"['กรุงเทพประกันภัย', 'bangkok insurance', 'กรุงเทพ', 'bki']"
40591062,Krungthai AXA,non_life,"['กรุงไทยแอกซ่า', 'axa', 'แอกซ่า', 'แอกซา', 'เเอกซ่า', 'แอคซ่า', 'เเอคซา', 'กรุงไทยแอกซา', 'แอ๊คซ่า', 'แอ๊กซ่า', 'เเอกซ่า', 'axxa']"
40591878,,,
40592962,,,
40593078,Krungthai AXA,non_life,"['กรุงไทยแอกซ่า', 'axa', 'แอกซ่า', 'แอกซา', 'เเอกซ่า', 'แอคซ่า', 'เเอคซา', 'กรุงไทยแอกซา', 'แอ๊คซ่า', 'แอ๊กซ่า', 'เเอกซ่า', 'axxa']"
40594902,,,
40603147,,,
40606101,วิริยะประกันภัย,non_life,"['วิริยะ', 'viriyah', 'วรย', 'วิริยา']"
40606101,วิริยะประกันภัย,non_life,"['วิริยะ', 'viriyah', 'วรย', 'วิริยา']"
40606101,AIA,life,"['aia', 'เอไอเอ']"
40606101,AIA,life,"['aia', 'เอไอเอ']"
40606101,Aetna,life,['aetna']
40606101,Aetna,life,['aetna']
40606101,กรุงเทพประกันภัย,non_life,"['กรุงเทพประกันภัย', 'bangkok insurance', 'กรุงเทพ', 'bki']"
40606101,กรุงเทพประกันภัย,non_life,"['กรุงเทพประกันภัย', 'bangkok insurance', 'กรุงเทพ', 'bki']"
40606222,,,
40606623,SCB,broker,"['scb', 'ไทยพาณิชย์', 'ไทยพานิชย์', 'ธนาคารสีม่วง', 'cardx']"
40608117,ไทยวิวัฒน์,non_life,"['ไทยวิวัฒน์', 'thaivivat', 'ไทยวิวัตน์']"
40608117,ไทยวิวัฒน์,non_life,"['ไทยวิวัฒน์', 'thaivivat', 'ไทยวิวัตน์']"
40608117,ทหารไทยธนชาต,broker,"['ทหารไทยธนชาต', 'ttb', 'tmb', 'ธนาคารทหารไทย', 'ทหารไทย']"
40608117,ทหารไทยธนชาต,broker,"['ทหารไทยธนชาต', 'ttb', 'tmb', 'ธนาคารทหารไทย', 'ทหารไทย']"
40609216,Krungthai AXA,non_life,"['กรุงไทยแอกซ่า', 'axa', 'แอกซ่า', 'แอกซา', 'เเอกซ่า', 'แอคซ่า', 'เเอคซา', 'กรุงไทยแอกซา', 'แอ๊คซ่า', 'แอ๊กซ่า', 'เเอกซ่า', 'axxa']"
40609324,KTC,broker,"['บัตรกรุงไทย', 'ktc']"
40615593,Allianz Ayudhya,life,"['allianz', 'อลิอันซ์', 'อลิอันซ์อยุธยา', 'azay', 'อริอันซ์ อยุธยา', 'อลิอันช์', 'alianz ayudhya', 'az y']"
40615593,Allianz Ayudhya,life,"['allianz', 'อลิอันซ์', 'อลิอันซ์อยุธยา', 'azay', 'อริอันซ์ อยุธยา', 'อลิอันช์', 'alianz ayudhya', 'az y']"
40615593,ธนาคารกรุงไทย,broker,['ธนาคารกรุงไทย']
40615593,ธนาคารกรุงไทย,broker,['ธนาคารกรุงไทย']
40615593,AEON,broker,"['aeon', 'อิออน']"
40615593,AEON,broker,"['aeon', 'อิออน']"
40617003,AIA,life,"['aia', 'เอไอเอ']"
40623999,วิริยะประกันภัย,non_life,"['วิริยะ', 'viriyah', 'วรย', 'วิริยา']"
40623999,คุ้มภัยโตเกียวมารีน,non_life,"['ประกันคุ้มภัย', 'คุ้มภัย', 'คภ.', 'โตเกียวมารีน', 'tokio marine']"
40626498,Allianz Ayudhya,life,"['allianz', 'อลิอันซ์', 'อลิอันซ์อยุธยา', 'azay', 'อริอันซ์ อยุธยา', 'อลิอันช์', 'alianz ayudhya', 'az y']"
40626664,,,
40628340,,,
40630119,สินมั่นคง,non_life,"['สินมั่นคง', 'สินมั่งคง']"
40630119,สินมั่นคง,non_life,"['สินมั่นคง', 'สินมั่งคง']"
40630119,ทิพยประกันภัย,non_life,"['ทิพย', 'ทิพยประกันภัย', 'dip', 'dhp', 'tip']"
40630119,ทิพยประกันภัย,non_life,"['ทิพย', 'ทิพยประกันภัย', 'dip', 'dhp', 'tip']"
40630119,กสิกรไทย,broker,"['กสิกร', 'k bank', 'แบงค์เขียว']"
40630119,กสิกรไทย,broker,"['กสิกร', 'k bank', 'แบงค์เขียว']"
40630586,พรูเด็นเชียล,life,"['prudential', 'พรูเด็นเชียล', 'พรูเดนเชียล']"
40630586,พรูเด็นเชียล,life,"['prudential', 'พรูเด็นเชียล', 'พรูเดนเชียล']"
40630586,Krungthai AXA,non_life,"['กรุงไทยแอกซ่า', 'axa', 'แอกซ่า', 'แอกซา', 'เเอกซ่า', 'แอคซ่า', 'เเอคซา', 'กรุงไทยแอกซา', 'แอ๊คซ่า', 'แอ๊กซ่า', 'เเอกซ่า', 'axxa']"
40630586,Krungthai AXA,non_life,"['กรุงไทยแอกซ่า', 'axa', 'แอกซ่า', 'แอกซา', 'เเอกซ่า', 'แอคซ่า', 'เเอคซา', 'กรุงไทยแอกซา', 'แอ๊คซ่า', 'แอ๊กซ่า', 'เเอกซ่า', 'axxa']"
40631115,,,
40631772,วิริยะประกันภัย,non_life,"['วิริยะ', 'viriyah', 'วรย', 'วิริยา']"
40631772,กรุงเทพประกันภัย,non_life,"['กรุงเทพประกันภัย', 'bangkok insurance', 'กรุงเทพ', 'bki']"
40632709,,,
40632819,สินมั่นคง,non_life,"['สินมั่นคง', 'สินมั่งคง']"
40632819,สินมั่นคง,non_life,"['สินมั่นคง', 'สินมั่งคง']"
40632819,กสิกรไทย,broker,"['กสิกร', 'k bank', 'แบงค์เขียว']"
40632819,กสิกรไทย,broker,"['กสิกร', 'k bank', 'แบงค์เขียว']"
40633886,Allianz Ayudhya,life,"['allianz', 'อลิอันซ์', 'อลิอันซ์อยุธยา', 'azay', 'อริอันซ์ อยุธยา', 'อลิอันช์', 'alianz ayudhya', 'az y']"
40633886,Allianz Ayudhya,life,"['allianz', 'อลิอันซ์', 'อลิอันซ์อยุธยา', 'azay', 'อริอันซ์ อยุธยา', 'อลิอันช์', 'alianz ayudhya', 'az y']"
40633886,Allianz Ayudhya,life,"['allianz', 'อลิอันซ์', 'อลิอันซ์อยุธยา', 'azay', 'อริอันซ์ อยุธยา', 'อลิอันช์', 'alianz ayudhya', 'az y']"
40633886,Generali,non_life,"['generali', 'เจนเนอราลี่']"
40633886,Generali,non_life,"['generali', 'เจนเนอราลี่']"
40633886,Generali,non_life,"['generali', 'เจนเนอราลี่']"
40633886,AIA,life,"['aia', 'เอไอเอ']"
40633886,AIA,life,"['aia', 'เอไอเอ']"
40633886,AIA,life,"['aia', 'เอไอเอ']"
40633886,เมืองไทยประกันชีวิต,life,"['เมืองไทยประกันชีวิต', 'เมืองไทย', 'muangthai', 'mtl', 'ประกันชีวิตสีชมพู']"
40633886,เมืองไทยประกันชีวิต,life,"['เมืองไทยประกันชีวิต', 'เมืองไทย', 'muangthai', 'mtl', 'ประกันชีวิตสีชมพู']"
40633886,เมืองไทยประกันชีวิต,life,"['เมืองไทยประกันชีวิต', 'เมืองไทย', 'muangthai', 'mtl', 'ประกันชีวิตสีชมพู']"
40633886,ไทยประกันชีวิต,life,"['ไทยประกันชีวิต', 'ไทยประกัน']"
40633886,ไทยประกันชีวิต,life,"['ไทยประกันชีวิต', 'ไทยประกัน']"
40633886,ไทยประกันชีวิต,life,"['ไทยประกันชีวิต', 'ไทยประกัน']"
40633886,กสิกรไทย,broker,"['กสิกร', 'k bank', 'แบงค์เขียว']"
40633886,กสิกรไทย,broker,"['กสิกร', 'k bank', 'แบงค์เขียว']"
40633886,กสิกรไทย,broker,"['กสิกร', 'k bank', 'แบงค์เขียว']"
40634094,,,
40635037,Generali,non_life,"['generali', 'เจนเนอราลี่']"
40637125,,,
40638124,,,
40638457,สินมั่นคง,non_life,"['สินมั่นคง', 'สินมั่งคง']"
40638554,สินมั่นคง,non_life,"['สินมั่นคง', 'สินมั่งคง']"
40638597,ANC,broker,"['anc', 'เอเอ็นซี']"
40639249,AIA,life,"['aia', 'เอไอเอ']"
40640108,,,
40644204,,,
40645018,เมืองไทยประกันชีวิต,life,"['เมืองไทยประกันชีวิต', 'เมืองไทย', 'muangthai', 'mtl', 'ประกันชีวิตสีชมพู']"
40645193,,,
40645464,,,
40648574,,,
40650659,,,
40651110,AIA,life,"['aia', 'เอไอเอ']"
40651444,,,
40651779,TQM,broker,"['tqm', 'ทีคิวเอ็ม']"
40654200,,,
40654496,ทิพยประกันภัย,non_life,"['ทิพย', 'ทิพยประกันภัย', 'dip', 'dhp', 'tip']"
40654496,ทิพยประกันภัย,non_life,"['ทิพย', 'ทิพยประกันภัย', 'dip', 'dhp', 'tip']"
40654496,Ark Insure,broker,"['ark insure', 'อาร์ค', 'ark']"
40654496,Ark Insure,broker,"['ark insure', 'อาร์ค', 'ark']"
40654510,กรุงเทพประกันภัย,non_life,"['กรุงเทพประกันภัย', 'bangkok insurance', 'กรุงเทพ', 'bki']"
40654510,กรุงเทพประกันภัย,non_life,"['กรุงเทพประกันภัย', 'bangkok insurance', 'กรุงเทพ', 'bki']"
40654510,อาคเนย์,non_life,"['อาคเนย์', 'aekn']"
40654510,อาคเนย์,non_life,"['อาคเนย์', 'aekn']"
40654510,Rabbit Finance,broker,"['rabbit', 'แรบบิท']"
40654510,Rabbit Finance,broker,"['rabbit', 'แรบบิท']"
40654510,ANC,broker,"['anc', 'เอเอ็นซี']"
40654510,ANC,broker,"['anc', 'เอเอ็นซี']"
40654640,สินมั่นคง,non_life,"['สินมั่นคง', 'สินมั่งคง']"
40654828,สินมั่นคง,non_life,"['สินมั่นคง', 'สินมั่งคง']"
40655999,,,
40656197,สินมั่นคง,non_life,"['สินมั่นคง', 'สินมั่งคง']"
40656492,,,
40657272,เมืองไทยประกันชีวิต,life,"['เมืองไทยประกันชีวิต', 'เมืองไทย', 'muangthai', 'mtl', 'ประกันชีวิตสีชมพู']"
40657272,เมืองไทยประกันชีวิต,life,"['เมืองไทยประกันชีวิต', 'เมืองไทย', 'muangthai', 'mtl', 'ประกันชีวิตสีชมพู']"
40657272,เมืองไทยประกันชีวิต,life,"['เมืองไทยประกันชีวิต', 'เมืองไทย', 'muangthai', 'mtl', 'ประกันชีวิตสีชมพู']"
40657272,ไทยประกันชีวิต,life,"['ไทยประกันชีวิต', 'ไทยประกัน']"
40657272,ไทยประกันชีวิต,life,"['ไทยประกันชีวิต', 'ไทยประกัน']"
40657272,ไทยประกันชีวิต,life,"['ไทยประกันชีวิต', 'ไทยประกัน']"
40657272,เมืองไทยประกันภัย,non_life,['เมืองไทยประกันภัย']
40657272,เมืองไทยประกันภัย,non_life,['เมืองไทยประกันภัย']
40657272,เมืองไทยประกันภัย,non_life,['เมืองไทยประกันภัย']
40657272,ไทยประกันภัย,non_life,['ไทยประกันภัย']
40657272,ไทยประกันภัย,non_life,['ไทยประกันภัย']
40657272,ไทยประกันภัย,non_life,['ไทยประกันภัย']
40657272,กสิกรไทย,broker,"['กสิกร', 'k bank', 'แบงค์เขียว']"
40657272,กสิกรไทย,broker,"['กสิกร', 'k bank', 'แบงค์เขียว']"
40657272,กสิกรไทย,broker,"['กสิกร', 'k bank', 'แบงค์เขียว']"
40658295,สินมั่นคง,non_life,"['สินมั่นคง', 'สินมั่งคง']"
40658373,,,
40658860,กรุงเทพประกันภัย,non_life,"['กรุงเทพประกันภัย', 'bangkok insurance', 'กรุงเทพ', 'bki']"
40659747,,,
40659820,สินมั่นคง,non_life,"['สินมั่นคง', 'สินมั่งคง']"
40659832,,,
40659994,วิริยะประกันภัย,non_life,"['วิริยะ', 'viriyah', 'วรย', 'วิริยา']"
40660151,เมืองไทยประกันชีวิต,life,"['เมืองไทยประกันชีวิต', 'เมืองไทย', 'muangthai', 'mtl', 'ประกันชีวิตสีชมพู']"
40660151,เมืองไทยประกันชีวิต,life,"['เมืองไทยประกันชีวิต', 'เมืองไทย', 'muangthai', 'mtl', 'ประกันชีวิตสีชมพู']"
40660151,เมืองไทยประกันชีวิต,life,"['เมืองไทยประกันชีวิต', 'เมืองไทย', 'muangthai', 'mtl', 'ประกันชีวิตสีชมพู']"
40660151,ไทยประกันชีวิต,life,"['ไทยประกันชีวิต', 'ไทยประกัน']"
40660151,ไทยประกันชีวิต,life,"['ไทยประกันชีวิต', 'ไทยประกัน']"
40660151,ไทยประกันชีวิต,life,"['ไทยประกันชีวิต', 'ไทยประกัน']"
40660151,เมืองไทยประกันภัย,non_life,['เมืองไทยประกันภัย']
40660151,เมืองไทยประกันภัย,non_life,['เมืองไทยประกันภัย']
40660151,เมืองไทยประกันภัย,non_life,['เมืองไทยประกันภัย']
40660151,ไทยประกันภัย,non_life,['ไทยประกันภัย']
40660151,ไทยประกันภัย,non_life,['ไทยประกันภัย']
40660151,ไทยประกันภัย,non_life,['ไทยประกันภัย']
40660151,กสิกรไทย,broker,"['กสิกร', 'k bank', 'แบงค์เขียว']"
40660151,กสิกรไทย,broker,"['กสิกร', 'k bank', 'แบงค์เขียว']"
40660151,กสิกรไทย,broker,"['กสิกร', 'k bank', 'แบงค์เขียว']"
40660333,,,
40660339,,,
40660744,,,
40662384,เมืองไทยประกันชีวิต,life,"['เมืองไทยประกันชีวิต', 'เมืองไทย', 'muangthai', 'mtl', 'ประกันชีวิตสีชมพู']"
40662384,เมืองไทยประกันชีวิต,life,"['เมืองไทยประกันชีวิต', 'เมืองไทย', 'muangthai', 'mtl', 'ประกันชีวิตสีชมพู']"
40662384,เมืองไทยประกันชีวิต,life,"['เมืองไทยประกันชีวิต', 'เมืองไทย', 'muangthai', 'mtl', 'ประกันชีวิตสีชมพู']"
40662384,ทิพยประกันภัย,non_life,"['ทิพย', 'ทิพยประกันภัย', 'dip', 'dhp', 'tip']"
40662384,ทิพยประกันภัย,non_life,"['ทิพย', 'ทิพยประกันภัย', 'dip', 'dhp', 'tip']"
40662384,ทิพยประกันภัย,non_life,"['ทิพย', 'ทิพยประกันภัย', 'dip', 'dhp', 'tip']"
40662384,กสิกรไทย,broker,"['กสิกร', 'k bank', 'แบงค์เขียว']"
40662384,กสิกรไทย,broker,"['กสิกร', 'k bank', 'แบงค์เขียว']"
40662384,กสิกรไทย,broker,"['กสิกร', 'k bank', 'แบงค์เขียว']"
40662384,ธนาคารกรุงไทย,broker,['ธนาคารกรุงไทย']
40662384,ธนาคารกรุงไทย,broker,['ธนาคารกรุงไทย']
40662384,ธนาคารกรุงไทย,broker,['ธนาคารกรุงไทย']
40663386,,,
40664811,Chubb,non_life,"['chubb', 'ชับบ์', 'chuub', 'ชับ สามัคคี']"
40664892,,,
40665615,,,
40666101,,,
40666872,Krungthai AXA,non_life,"['กรุงไทยแอกซ่า', 'axa', 'แอกซ่า', 'แอกซา', 'เเอกซ่า', 'แอคซ่า', 'เเอคซา', 'กรุงไทยแอกซา', 'แอ๊คซ่า', 'แอ๊กซ่า', 'เเอกซ่า', 'axxa']"
40666928,ศรีสวัสดิ์,broker,['ศรีสวัสดิ์']
40667418,,,
40668778,ทิพยประกันภัย,non_life,"['ทิพย', 'ทิพยประกันภัย', 'dip', 'dhp', 'tip']"
40669250,,,
40670449,,,
40671275,กรุงเทพประกันภัย,non_life,"['กรุงเทพประกันภัย', 'bangkok insurance', 'กรุงเทพ', 'bki']"
40671480,,,
40672144,เมืองไทยประกันชีวิต,life,"['เมืองไทยประกันชีวิต', 'เมืองไทย', 'muangthai', 'mtl', 'ประกันชีวิตสีชมพู']"
40672144,เมืองไทยประกันชีวิต,life,"['เมืองไทยประกันชีวิต', 'เมืองไทย', 'muangthai', 'mtl', 'ประกันชีวิตสีชมพู']"
40672144,เมืองไทยประกันชีวิต,life,"['เมืองไทยประกันชีวิต', 'เมืองไทย', 'muangthai', 'mtl', 'ประกันชีวิตสีชมพู']"
40672144,ไทยประกันชีวิต,life,"['ไทยประกันชีวิต', 'ไทยประกัน']"
40672144,ไทยประกันชีวิต,life,"['ไทยประกันชีวิต', 'ไทยประกัน']"
40672144,ไทยประกันชีวิต,life,"['ไทยประกันชีวิต', 'ไทยประกัน']"
40672144,เมืองไทยประกันภัย,non_life,['เมืองไทยประกันภัย']
40672144,เมืองไทยประกันภัย,non_life,['เมืองไทยประกันภัย']
40672144,เมืองไทยประกันภัย,non_life,['เมืองไทยประกันภัย']
40672144,ไทยประกันภัย,non_life,['ไทยประกันภัย']
40672144,ไทยประกันภัย,non_life,['ไทยประกันภัย']
40672144,ไทยประกันภัย,non_life,['ไทยประกันภัย']
40672144,กสิกรไทย,broker,"['กสิกร', 'k bank', 'แบงค์เขียว']"
40672144,กสิกรไทย,broker,"['กสิกร', 'k bank', 'แบงค์เขียว']"
40672144,กสิกรไทย,broker,"['กสิกร', 'k bank', 'แบงค์เขียว']"
40673249,เมืองไทยประกันชีวิต,life,"['เมืองไทยประกันชีวิต', 'เมืองไทย', 'muangthai', 'mtl', 'ประกันชีวิตสีชมพู']"
40673249,Allianz Ayudhya,life,"['allianz', 'อลิอันซ์', 'อลิอันซ์อยุธยา', 'azay', 'อริอันซ์ อยุธยา', 'อลิอันช์', 'alianz ayudhya', 'az y']"
40673324,Allianz Ayudhya,life,"['allianz', 'อลิอันซ์', 'อลิอันซ์อยุธยา', 'azay', 'อริอันซ์ อยุธยา', 'อลิอันช์', 'alianz ayudhya', 'az y']"
40673324,Allianz Ayudhya,life,"['allianz', 'อลิอันซ์', 'อลิอันซ์อยุธยา', 'azay', 'อริอันซ์ อยุธยา', 'อลิอันช์', 'alianz ayudhya', 'az y']"
40673324,Ark Insure,broker,"['ark insure', 'อาร์ค', 'ark']"
40673324,Ark Insure,broker,"['ark insure', 'อาร์ค', 'ark']"
40673706,,,
40674202,,,
40674805,เอเชียประกันภัย,non_life,"['เอเชียประกันภัย', 'เอเชีย', 'asia']"
40674805,เอเชียประกันภัย,non_life,"['เอเชียประกันภัย', 'เอเชีย', 'asia']"
40674805,ANC,broker,"['anc', 'เอเอ็นซี']"
40674805,ANC,broker,"['anc', 'เอเอ็นซี']"
40675937,เมืองไทยประกันชีวิต,life,"['เมืองไทยประกันชีวิต', 'เมืองไทย', 'muangthai', 'mtl', 'ประกันชีวิตสีชมพู']"
40675937,เมืองไทยประกันชีวิต,life,"['เมืองไทยประกันชีวิต', 'เมืองไทย', 'muangthai', 'mtl', 'ประกันชีวิตสีชมพู']"
40675937,เมืองไทยประกันชีวิต,life,"['เมืองไทยประกันชีวิต', 'เมืองไทย', 'muangthai', 'mtl', 'ประกันชีวิตสีชมพู']"
40675937,ไทยประกันชีวิต,life,"['ไทยประกันชีวิต', 'ไทยประกัน']"
40675937,ไทยประกันชีวิต,life,"['ไทยประกันชีวิต', 'ไทยประกัน']"
40675937,ไทยประกันชีวิต,life,"['ไทยประกันชีวิต', 'ไทยประกัน']"
40675937,เมืองไทยประกันภัย,non_life,['เมืองไทยประกันภัย']
40675937,เมืองไทยประกันภัย,non_life,['เมืองไทยประกันภัย']
40675937,เมืองไทยประกันภัย,non_life,['เมืองไทยประกันภัย']
40675937,ไทยประกันภัย,non_life,['ไทยประกันภัย']
40675937,ไทยประกันภัย,non_life,['ไทยประกันภัย']
40675937,ไทยประกันภัย,non_life,['ไทยประกันภัย']
40675937,กสิกรไทย,broker,"['กสิกร', 'k bank', 'แบงค์เขียว']"
40675937,กสิกรไทย,broker,"['กสิกร', 'k bank', 'แบงค์เขียว']"
40675937,กสิกรไทย,broker,"['กสิกร', 'k bank', 'แบงค์เขียว']"
40676695,อาคเนย์,non_life,"['อาคเนย์', 'aekn']"
40676695,สินมั่นคง,non_life,"['สินมั่นคง', 'สินมั่งคง']"
40677682,ทิพยประกันภัย,non_life,"['ทิพย', 'ทิพยประกันภัย', 'dip', 'dhp', 'tip']"
40679754,,,
40679881,Chubb,non_life,"['chubb', 'ชับบ์', 'chuub', 'ชับ สามัคคี']"
40679881,Chubb,non_life,"['chubb', 'ชับบ์', 'chuub', 'ชับ สามัคคี']"
40679881,Krungsri First Choice,broker,"['first choice', 'กรุงศรี เฟิร์สช้อยส์', 'กรุงศรีเฟิร์สช้อย', 'เฟิสช้อย', 'เฟริสช้อย']"
40679881,Krungsri First Choice,broker,"['first choice', 'กรุงศรี เฟิร์สช้อยส์', 'กรุงศรีเฟิร์สช้อย', 'เฟิสช้อย', 'เฟริสช้อย']"
40680543,กรุงเทพประกันภัย,non_life,"['กรุงเทพประกันภัย', 'bangkok insurance', 'กรุงเทพ', 'bki']"
40680904,กรุงเทพประกันภัย,non_life,"['กรุงเทพประกันภัย', 'bangkok insurance', 'กรุงเทพ', 'bki']"
40683110,เงินติดล้อ,broker,['เงินติดล้อ']
40684727,Silkspan,broker,['silkspan']
40687183,เมืองไทยประกันชีวิต,life,"['เมืองไทยประกันชีวิต', 'เมืองไทย', 'muangthai', 'mtl', 'ประกันชีวิตสีชมพู']"
40687183,เมืองไทยประกันชีวิต,life,"['เมืองไทยประกันชีวิต', 'เมืองไทย', 'muangthai', 'mtl', 'ประกันชีวิตสีชมพู']"
40687183,เมืองไทยประกันชีวิต,life,"['เมืองไทยประกันชีวิต', 'เมืองไทย', 'muangthai', 'mtl', 'ประกันชีวิตสีชมพู']"
40687183,ไทยประกันชีวิต,life,"['ไทยประกันชีวิต', 'ไทยประกัน']"
40687183,ไทยประกันชีวิต,life,"['ไทยประกันชีวิต', 'ไทยประกัน']"
40687183,ไทยประกันชีวิต,life,"['ไทยประกันชีวิต', 'ไทยประกัน']"
40687183,เมืองไทยประกันภัย,non_life,['เมืองไทยประกันภัย']
40687183,เมืองไทยประกันภัย,non_life,['เมืองไทยประกันภัย']
40687183,เมืองไทยประกันภัย,non_life,['เมืองไทยประกันภัย']
40687183,ไทยประกันภัย,non_life,['ไทยประกันภัย']
40687183,ไทยประกันภัย,non_life,['ไทยประกันภัย']
40687183,ไทยประกันภัย,non_life,['ไทยประกันภัย']
40687183,กสิกรไทย,broker,"['กสิกร', 'k bank', 'แบงค์เขียว']"
40687183,กสิกรไทย,broker,"['กสิกร', 'k bank', 'แบงค์เขียว']"
40687183,กสิกรไทย,broker,"['กสิกร', 'k bank', 'แบงค์เขียว']"
40689121,ทิพยประกันภัย,non_life,"['ทิพย', 'ทิพยประกันภัย', 'dip', 'dhp', 'tip']"
40689121,ทิพยประกันภัย,non_life,"['ทิพย', 'ทิพยประกันภัย', 'dip', 'dhp', 'tip']"
40689121,KTC,broker,"['บัตรกรุงไทย', 'ktc']"
40689121,KTC,broker,"['บัตรกรุงไทย', 'ktc']"
40689340,,,
40689781,,,
40690104,,,
40693940,,,
40694386,,,
40694510,สินทรัพย์ประกันภัย,non_life,['สินทรัพย์']
40694510,สินทรัพย์ประกันภัย,non_life,['สินทรัพย์']
40694510,TQM,broker,"['tqm', 'ทีคิวเอ็ม']"
40694510,TQM,broker,"['tqm', 'ทีคิวเอ็ม']"
40695037,Krungthai AXA,non_life,"['กรุงไทยแอกซ่า', 'axa', 'แอกซ่า', 'แอกซา', 'เเอกซ่า', 'แอคซ่า', 'เเอคซา', 'กรุงไทยแอกซา', 'แอ๊คซ่า', 'แอ๊กซ่า', 'เเอกซ่า', 'axxa']"
40695727,สินทรัพย์ประกันภัย,non_life,['สินทรัพย์']
40696914,TQM,broker,"['tqm', 'ทีคิวเอ็ม']"
40696914,TQM,broker,"['tqm', 'ทีคิวเอ็ม']"
40696914,ทิพยประกันภัย,non_life,"['ทิพย', 'ทิพยประกันภัย', 'dip', 'dhp', 'tip']"
40696914,ทิพยประกันภัย,non_life,"['ทิพย', 'ทิพยประกันภัย', 'dip', 'dhp', 'tip']"
40696914,คุ้มภัยโตเกียวมารีน,non_life,"['ประกันคุ้มภัย', 'คุ้มภัย', 'คภ.', 'โตเกียวมารีน', 'tokio marine']"
40696914,คุ้มภัยโตเกียวมารีน,non_life,"['ประกันคุ้มภัย', 'คุ้มภัย', 'คภ.', 'โตเกียวมารีน', 'tokio marine']"
40697354,,,
40698395,,,
40699055,,,
40699366,Chubb,non_life,"['chubb', 'ชับบ์', 'chuub', 'ชับ สามัคคี']"
40699366,Chubb,non_life,"['chubb', 'ชับบ์', 'chuub', 'ชับ สามัคคี']"
40699366,Krungsri First Choice,broker,"['first choice', 'กรุงศรี เฟิร์สช้อยส์', 'กรุงศรีเฟิร์สช้อย', 'เฟิสช้อย', 'เฟริสช้อย']"
40699366,Krungsri First Choice,broker,"['first choice', 'กรุงศรี เฟิร์สช้อยส์', 'กรุงศรีเฟิร์สช้อย', 'เฟิสช้อย', 'เฟริสช้อย']"
40699380,ธนชาตประกันภัย,non_life,"['ธนชาตประกันภัย', 'ธนชาต', 'ธนชาติ', 'ประกันภัยสีส้ม']"
40699846,,,
40700556,Allianz Ayudhya,life,"['allianz', 'อลิอันซ์', 'อลิอันซ์อยุธยา', 'azay', 'อริอันซ์ อยุธยา', 'อลิอันช์', 'alianz ayudhya', 'az y']"
40702823,Allianz Ayudhya,life,"['allianz', 'อลิอันซ์', 'อลิอันซ์อยุธยา', 'azay', 'อริอันซ์ อยุธยา', 'อลิอันช์', 'alianz ayudhya', 'az y']"
40703422,,,
40703508,Allianz Ayudhya,life,"['allianz', 'อลิอันซ์', 'อลิอันซ์อยุธยา', 'azay', 'อริอันซ์ อยุธยา', 'อลิอันช์', 'alianz ayudhya', 'az y']"
40704702,Chubb,non_life,"['chubb', 'ชับบ์', 'chuub', 'ชับ สามัคคี']"
40704702,Chubb,non_life,"['chubb', 'ชับบ์', 'chuub', 'ชับ สามัคคี']"
40704702,Krungsri First Choice,broker,"['first choice', 'กรุงศรี เฟิร์สช้อยส์', 'กรุงศรีเฟิร์สช้อย', 'เฟิสช้อย', 'เฟริสช้อย']"
40704702,Krungsri First Choice,broker,"['first choice', 'กรุงศรี เฟิร์สช้อยส์', 'กรุงศรีเฟิร์สช้อย', 'เฟิสช้อย', 'เฟริสช้อย']"
40707260,,,
40708062,,,
40709928,วิริยะประกันภัย,non_life,"['วิริยะ', 'viriyah', 'วรย', 'วิริยา']"
40710057,SCB,broker,"['scb', 'ไทยพาณิชย์', 'ไทยพานิชย์', 'ธนาคารสีม่วง', 'cardx']"
40710877,,,
40711522,,,
40712165,,,
40712509,Krungthai AXA,non_life,"['กรุงไทยแอกซ่า', 'axa', 'แอกซ่า', 'แอกซา', 'เเอกซ่า', 'แอคซ่า', 'เเอคซา', 'กรุงไทยแอกซา', 'แอ๊คซ่า', 'แอ๊กซ่า', 'เเอกซ่า', 'axxa']"
40714525,,,
40716112,,,
40716502,,,
40717402,FWD,life,"['fwd', 'เอฟดับบลิวดี', 'fwd ประกันชีวิต']"
40717402,FWD,life,"['fwd', 'เอฟดับบลิวดี', 'fwd ประกันชีวิต']"
40717402,FWD,life,"['fwd', 'เอฟดับบลิวดี', 'fwd ประกันชีวิต']"
40717402,SCB,broker,"['scb', 'ไทยพาณิชย์', 'ไทยพานิชย์', 'ธนาคารสีม่วง', 'cardx']"
40717402,SCB,broker,"['scb', 'ไทยพาณิชย์', 'ไทยพานิชย์', 'ธนาคารสีม่วง', 'cardx']"
40717402,SCB,broker,"['scb', 'ไทยพาณิชย์', 'ไทยพานิชย์', 'ธนาคารสีม่วง', 'cardx']"
40717402,ศรีอยุธยาประกันภัย,non_life,['ศรีอยุธยา']
40717402,ศรีอยุธยาประกันภัย,non_life,['ศรีอยุธยา']
40717402,ศรีอยุธยาประกันภัย,non_life,['ศรีอยุธยา']
40717402,กสิกรไทย,broker,"['กสิกร', 'k bank', 'แบงค์เขียว']"
40717402,กสิกรไทย,broker,"['กสิกร', 'k bank', 'แบงค์เขียว']"
40717402,กสิกรไทย,broker,"['กสิกร', 'k bank', 'แบงค์เขียว']"
40719210,,,
40719811,อาคเนย์,non_life,"['อาคเนย์', 'aekn']"
40719811,เอเชียประกันภัย,non_life,"['เอเชียประกันภัย', 'เอเชีย', 'asia']"
40721588,,,
40721664,Krungthai AXA,non_life,"['กรุงไทยแอกซ่า', 'axa', 'แอกซ่า', 'แอกซา', 'เเอกซ่า', 'แอคซ่า', 'เเอคซา', 'กรุงไทยแอกซา', 'แอ๊คซ่า', 'แอ๊กซ่า', 'เเอกซ่า', 'axxa']"
40721664,Krungthai AXA,non_life,"['กรุงไทยแอกซ่า', 'axa', 'แอกซ่า', 'แอกซา', 'เเอกซ่า', 'แอคซ่า', 'เเอคซา', 'กรุงไทยแอกซา', 'แอ๊คซ่า', 'แอ๊กซ่า', 'เเอกซ่า', 'axxa']"
40721664,AIA,life,"['aia', 'เอไอเอ']"
40721664,AIA,life,"['aia', 'เอไอเอ']"
40721758,,,
40721986,,,
40722637,Luma Care,broker,['Luma']
40723782,,,
40724095,วิริยะประกันภัย,non_life,"['วิริยะ', 'viriyah', 'วรย', 'วิริยา']"
40724096,,,
40726540,สินมั่นคง,non_life,"['สินมั่นคง', 'สินมั่งคง']"
40728083,,,
40728791,เมืองไทยประกันชีวิต,life,"['เมืองไทยประกันชีวิต', 'เมืองไทย', 'muangthai', 'mtl', 'ประกันชีวิตสีชมพู']"
40728791,เมืองไทยประกันชีวิต,life,"['เมืองไทยประกันชีวิต', 'เมืองไทย', 'muangthai', 'mtl', 'ประกันชีวิตสีชมพู']"
40728791,ไทยประกันชีวิต,life,"['ไทยประกันชีวิต', 'ไทยประกัน']"
40728791,ไทยประกันชีวิต,life,"['ไทยประกันชีวิต', 'ไทยประกัน']"
40728791,ทิพยประกันภัย,non_life,"['ทิพย', 'ทิพยประกันภัย', 'dip', 'dhp', 'tip']"
40728791,ทิพยประกันภัย,non_life,"['ทิพย', 'ทิพยประกันภัย', 'dip', 'dhp', 'tip']"
40728791,สินมั่นคง,non_life,"['สินมั่นคง', 'สินมั่งคง']"
40728791,สินมั่นคง,non_life,"['สินมั่นคง', 'สินมั่งคง']"
40729016,,,
40730207,TQM,broker,"['tqm', 'ทีคิวเอ็ม']"
40730274,พรูเด็นเชียล,life,"['prudential', 'พรูเด็นเชียล', 'พรูเดนเชียล']"
40731779,Krungthai AXA,non_life,"['กรุงไทยแอกซ่า', 'axa', 'แอกซ่า', 'แอกซา', 'เเอกซ่า', 'แอคซ่า', 'เเอคซา', 'กรุงไทยแอกซา', 'แอ๊คซ่า', 'แอ๊กซ่า', 'เเอกซ่า', 'axxa']"
40732434,อาคเนย์,non_life,"['อาคเนย์', 'aekn']"
40732884,,,
40733096,,,
40733397,,,
40738945,วิริยะประกันภัย,non_life,"['วิริยะ', 'viriyah', 'วรย', 'วิริยา']"
40740189,เมืองไทยประกันชีวิต,life,"['เมืองไทยประกันชีวิต', 'เมืองไทย', 'muangthai', 'mtl', 'ประกันชีวิตสีชมพู']"
40740189,เมืองไทยประกันชีวิต,life,"['เมืองไทยประกันชีวิต', 'เมืองไทย', 'muangthai', 'mtl', 'ประกันชีวิตสีชมพู']"
40740189,ไทยประกันชีวิต,life,"['ไทยประกันชีวิต', 'ไทยประกัน']"
40740189,ไทยประกันชีวิต,life,"['ไทยประกันชีวิต', 'ไทยประกัน']"
40740189,เมืองไทยประกันภัย,non_life,['เมืองไทยประกันภัย']
40740189,เมืองไทยประกันภัย,non_life,['เมืองไทยประกันภัย']
40740189,ทิพยประกันภัย,non_life,"['ทิพย', 'ทิพยประกันภัย', 'dip', 'dhp', 'tip']"
40740189,ทิพยประกันภัย,non_life,"['ทิพย', 'ทิพยประกันภัย', 'dip', 'dhp', 'tip']"
40740189,ไทยประกันภัย,non_life,['ไทยประกันภัย']
40740189,ไทยประกันภัย,non_life,['ไทยประกันภัย']
40743172,,,
40745818,อาคเนย์,non_life,"['อาคเนย์', 'aekn']"
40746111,TQM,broker,"['tqm', 'ทีคิวเอ็ม']"
40752610,อาคเนย์,non_life,"['อาคเนย์', 'aekn']"
40752610,กรุงเทพประกันภัย,non_life,"['กรุงเทพประกันภัย', 'bangkok insurance', 'กรุงเทพ', 'bki']"
40753209,,,
40755085,,,
40759512,,,
40760411,สินมั่นคง,non_life,"['สินมั่นคง', 'สินมั่งคง']"
40760411,สินมั่นคง,non_life,"['สินมั่นคง', 'สินมั่งคง']"
40760411,ANC,broker,"['anc', 'เอเอ็นซี']"
40760411,ANC,broker,"['anc', 'เอเอ็นซี']"
40762658,Rabbit Finance,broker,"['rabbit', 'แรบบิท']"
40762658,ANC,broker,"['anc', 'เอเอ็นซี']"
40763520,Cigna,life,"['cigna', 'ซิกน่า', 'ซิกม่า']"
40763520,Cigna,life,"['cigna', 'ซิกน่า', 'ซิกม่า']"
40763520,วิริยะประกันภัย,non_life,"['วิริยะ', 'viriyah', 'วรย', 'วิริยา']"
40763520,วิริยะประกันภัย,non_life,"['วิริยะ', 'viriyah', 'วรย', 'วิริยา']"
40763997,,,
40765309,อาคเนย์,non_life,"['อาคเนย์', 'aekn']"
40766982,,,
40767457,อาคเนย์,non_life,"['อาคเนย์', 'aekn']"
40769645,,,
40769676,,,
40769863,Generali,non_life,"['generali', 'เจนเนอราลี่']"
40769863,กรุงเทพประกันภัย,non_life,"['กรุงเทพประกันภัย', 'bangkok insurance', 'กรุงเทพ', 'bki']"
40770162,,,
40771755,เมืองไทยประกันชีวิต,life,"['เมืองไทยประกันชีวิต', 'เมืองไทย', 'muangthai', 'mtl', 'ประกันชีวิตสีชมพู']"
40771755,ไทยประกันชีวิต,life,"['ไทยประกันชีวิต', 'ไทยประกัน']"
40777302,AIA,life,"['aia', 'เอไอเอ']"
40780433,SCB,broker,"['scb', 'ไทยพาณิชย์', 'ไทยพานิชย์', 'ธนาคารสีม่วง', 'cardx']"
40785381,วิริยะประกันภัย,non_life,"['วิริยะ', 'viriyah', 'วรย', 'วิริยา']"
40785672,,,
40787582,,,
40791962,,,
40793174,Cigna,life,"['cigna', 'ซิกน่า', 'ซิกม่า']"
40800372,,,
40800625,,,
40800805,กรุงเทพประกันภัย,non_life,"['กรุงเทพประกันภัย', 'bangkok insurance', 'กรุงเทพ', 'bki']"
40801447,,,
40805223,,,
40805397,ทิพยประกันภัย,non_life,"['ทิพย', 'ทิพยประกันภัย', 'dip', 'dhp', 'tip']"
40805397,วิริยะประกันภัย,non_life,"['วิริยะ', 'viriyah', 'วรย', 'วิริยา']"
40806216,,,
40806919,LMG,non_life,"['lmg', 'แอลเอ็มจี']"
40808926,Cigna,life,"['cigna', 'ซิกน่า', 'ซิกม่า']"
40809499,,,
40811629,ไทยประกันชีวิต,life,"['ไทยประกันชีวิต', 'ไทยประกัน']"
40811844,Krungthai AXA,non_life,"['กรุงไทยแอกซ่า', 'axa', 'แอกซ่า', 'แอกซา', 'เเอกซ่า', 'แอคซ่า', 'เเอคซา', 'กรุงไทยแอกซา', 'แอ๊คซ่า', 'แอ๊กซ่า', 'เเอกซ่า', 'axxa']"
40812096,ไทยประกันชีวิต,life,"['ไทยประกันชีวิต', 'ไทยประกัน']"
40814266,,,
40817832,,,
40818061,Generali,non_life,"['generali', 'เจนเนอราลี่']"
40818109,,,
40819680,ไทยประกันชีวิต,life,"['ไทยประกันชีวิต', 'ไทยประกัน']"
40819680,ไทยประกันชีวิต,life,"['ไทยประกันชีวิต', 'ไทยประกัน']"
40819680,ไทยประกันภัย,non_life,['ไทยประกันภัย']
40819680,ไทยประกันภัย,non_life,['ไทยประกันภัย']
40819780,,,
40819837,,,
40820856,,,
40821586,สินมั่นคง,non_life,"['สินมั่นคง', 'สินมั่งคง']"
40824134,Krungthai AXA,non_life,"['กรุงไทยแอกซ่า', 'axa', 'แอกซ่า', 'แอกซา', 'เเอกซ่า', 'แอคซ่า', 'เเอคซา', 'กรุงไทยแอกซา', 'แอ๊คซ่า', 'แอ๊กซ่า', 'เเอกซ่า', 'axxa']"
40824134,Krungthai AXA,non_life,"['กรุงไทยแอกซ่า', 'axa', 'แอกซ่า', 'แอกซา', 'เเอกซ่า', 'แอคซ่า', 'เเอคซา', 'กรุงไทยแอกซา', 'แอ๊คซ่า', 'แอ๊กซ่า', 'เเอกซ่า', 'axxa']"
40824134,AIA,life,"['aia', 'เอไอเอ']"
40824134,AIA,life,"['aia', 'เอไอเอ']"
40824134,เมืองไทยประกันชีวิต,life,"['เมืองไทยประกันชีวิต', 'เมืองไทย', 'muangthai', 'mtl', 'ประกันชีวิตสีชมพู']"
40824134,เมืองไทยประกันชีวิต,life,"['เมืองไทยประกันชีวิต', 'เมืองไทย', 'muangthai', 'mtl', 'ประกันชีวิตสีชมพู']"
40824134,ไทยประกันชีวิต,life,"['ไทยประกันชีวิต', 'ไทยประกัน']"
40824134,ไทยประกันชีวิต,life,"['ไทยประกันชีวิต', 'ไทยประกัน']"
40824134,วิริยะประกันภัย,non_life,"['วิริยะ', 'viriyah', 'วรย', 'วิริยา']"
40824134,วิริยะประกันภัย,non_life,"['วิริยะ', 'viriyah', 'วรย', 'วิริยา']"
40824471,Generali,non_life,"['generali', 'เจนเนอราลี่']"
40825381,วิริยะประกันภัย,non_life,"['วิริยะ', 'viriyah', 'วรย', 'วิริยา']"
40825394,,,
40826941,,,
40827306,,,
40828489,ไทยวิวัฒน์,non_life,"['ไทยวิวัฒน์', 'thaivivat', 'ไทยวิวัตน์']"
40828761,,,
40829875,,,
40831704,,,
40832666,Krungthai AXA,non_life,"['กรุงไทยแอกซ่า', 'axa', 'แอกซ่า', 'แอกซา', 'เเอกซ่า', 'แอคซ่า', 'เเอคซา', 'กรุงไทยแอกซา', 'แอ๊คซ่า', 'แอ๊กซ่า', 'เเอกซ่า', 'axxa']"
40832985,,,
40834494,,,
40835047,,,
40835586,วิริยะประกันภัย,non_life,"['วิริยะ', 'viriyah', 'วรย', 'วิริยา']"
40835586,วิริยะประกันภัย,non_life,"['วิริยะ', 'viriyah', 'วรย', 'วิริยา']"
40835586,วิริยะประกันภัย,non_life,"['วิริยะ', 'viriyah', 'วรย', 'วิริยา']"
40835586,AIA,life,"['aia', 'เอไอเอ']"
40835586,AIA,life,"['aia', 'เอไอเอ']"
40835586,AIA,life,"['aia', 'เอไอเอ']"
40835586,กสิกรไทย,broker,"['กสิกร', 'k bank', 'แบงค์เขียว']"
40835586,กสิกรไทย,broker,"['กสิกร', 'k bank', 'แบงค์เขียว']"
40835586,กสิกรไทย,broker,"['กสิกร', 'k bank', 'แบงค์เขียว']"
40836103,,,
40838274,,,
40840363,Krungthai AXA,non_life,"['กรุงไทยแอกซ่า', 'axa', 'แอกซ่า', 'แอกซา', 'เเอกซ่า', 'แอคซ่า', 'เเอคซา', 'กรุงไทยแอกซา', 'แอ๊คซ่า', 'แอ๊กซ่า', 'เเอกซ่า', 'axxa']"
40842623,,,
40844480,สินมั่นคง,non_life,"['สินมั่นคง', 'สินมั่งคง']"
40844647,สินมั่นคง,non_life,"['สินมั่นคง', 'สินมั่งคง']"
40844701,,,
40844762,สินมั่นคง,non_life,"['สินมั่นคง', 'สินมั่งคง']"
40844792,,,
40844876,,,
40844895,,,
40844940,วิริยะประกันภัย,non_life,"['วิริยะ', 'viriyah', 'วรย', 'วิริยา']"
40844952,,,
40845213,กรุงเทพประกันภัย,non_life,"['กรุงเทพประกันภัย', 'bangkok insurance', 'กรุงเทพ', 'bki']"
40845213,กรุงเทพประกันภัย,non_life,"['กรุงเทพประกันภัย', 'bangkok insurance', 'กรุงเทพ', 'bki']"
40845213,สินมั่นคง,non_life,"['สินมั่นคง', 'สินมั่งคง']"
40845213,สินมั่นคง,non_life,"['สินมั่นคง', 'สินมั่งคง']"
40845213,ANC,broker,"['anc', 'เอเอ็นซี']"
40845213,ANC,broker,"['anc', 'เอเอ็นซี']"
40845590,,,
40845621,,,
40845656,สินมั่นคง,non_life,"['สินมั่นคง', 'สินมั่งคง']"
40845766,,,
40847349,สินมั่นคง,non_life,"['สินมั่นคง', 'สินมั่งคง']"
40847349,กรุงเทพประกันภัย,non_life,"['กรุงเทพประกันภัย', 'bangkok insurance', 'กรุงเทพ', 'bki']"
40847432,สินมั่นคง,non_life,"['สินมั่นคง', 'สินมั่งคง']"
40847707,TQM,broker,"['tqm', 'ทีคิวเอ็ม']"
40847969,,,
40848315,สินมั่นคง,non_life,"['สินมั่นคง', 'สินมั่งคง']"
40848479,วิริยะประกันภัย,non_life,"['วิริยะ', 'viriyah', 'วรย', 'วิริยา']"
40848479,กรุงเทพประกันภัย,non_life,"['กรุงเทพประกันภัย', 'bangkok insurance', 'กรุงเทพ', 'bki']"
40849004,,,
40849112,สินมั่นคง,non_life,"['สินมั่นคง', 'สินมั่งคง']"
40850556,,,
40851023,,,
40853015,,,
40853734,เทเวศประกันภัย,non_life,['เทเวศ']
40854594,ธนาคารกรุงไทย,broker,['ธนาคารกรุงไทย']
40856492,,,
40858158,,,
40858513,อาคเนย์,non_life,"['อาคเนย์', 'aekn']"
40860962,KTC,broker,"['บัตรกรุงไทย', 'ktc']"
40861397,AIA,life,"['aia', 'เอไอเอ']"
40862218,MSIG,non_life,"['msig', 'เอ็มเอสไอจี']"
40865030,ทิพยประกันภัย,non_life,"['ทิพย', 'ทิพยประกันภัย', 'dip', 'dhp', 'tip']"
40865262,,,
40865486,,,
40866730,,,
40871728,Chubb,non_life,"['chubb', 'ชับบ์', 'chuub', 'ชับ สามัคคี']"
40872679,,,
40873540,,,
40873850,,,
40874287,อาคเนย์,non_life,"['อาคเนย์', 'aekn']"
40874479,กสิกรไทย,broker,"['กสิกร', 'k bank', 'แบงค์เขียว']"
40875704,อาคเนย์,non_life,"['อาคเนย์', 'aekn']"
40875704,อาคเนย์,non_life,"['อาคเนย์', 'aekn']"
40875704,ANC,broker,"['anc', 'เอเอ็นซี']"
40875704,ANC,broker,"['anc', 'เอเอ็นซี']"
40875923,กรุงเทพประกันภัย,non_life,"['กรุงเทพประกันภัย', 'bangkok insurance', 'กรุงเทพ', 'bki']"
40875923,กรุงเทพประกันภัย,non_life,"['กรุงเทพประกันภัย', 'bangkok insurance', 'กรุงเทพ', 'bki']"
40875923,ธนาคารกรุงเทพ,broker,"['ธนาคารกรุงเทพ', 'บัวหลวง']"
40875923,ธนาคารกรุงเทพ,broker,"['ธนาคารกรุงเทพ', 'บัวหลวง']"
40876152,เอเชียประกันภัย,non_life,"['เอเชียประกันภัย', 'เอเชีย', 'asia']"
40876156,,,
40876232,,,
40876385,วิริยะประกันภัย,non_life,"['วิริยะ', 'viriyah', 'วรย', 'วิริยา']"
40876937,อาคเนย์,non_life,"['อาคเนย์', 'aekn']"
40876937,อาคเนย์,non_life,"['อาคเนย์', 'aekn']"
40876937,ทิพยประกันภัย,non_life,"['ทิพย', 'ทิพยประกันภัย', 'dip', 'dhp', 'tip']"
40876937,ทิพยประกันภัย,non_life,"['ทิพย', 'ทิพยประกันภัย', 'dip', 'dhp', 'tip']"
40876937,Rabbit Finance,broker,"['rabbit', 'แรบบิท']"
40876937,Rabbit Finance,broker,"['rabbit', 'แรบบิท']"
40877563,,,
40877835,สินมั่นคง,non_life,"['สินมั่นคง', 'สินมั่งคง']"
40879432,ธนาคารออมสิน,broker,"['GSB', 'ออมสิน']"
40879741,Generali,non_life,"['generali', 'เจนเนอราลี่']"
40880482,เงินติดล้อ,broker,['เงินติดล้อ']
40880666,,,
40880676,,,
40882271,ทิพยประกันภัย,non_life,"['ทิพย', 'ทิพยประกันภัย', 'dip', 'dhp', 'tip']"
40882699,,,
40882862,Allianz Ayudhya,life,"['allianz', 'อลิอันซ์', 'อลิอันซ์อยุธยา', 'azay', 'อริอันซ์ อยุธยา', 'อลิอันช์', 'alianz ayudhya', 'az y']"
40883390,,,
40883618,Krungthai AXA,non_life,"['กรุงไทยแอกซ่า', 'axa', 'แอกซ่า', 'แอกซา', 'เเอกซ่า', 'แอคซ่า', 'เเอคซา', 'กรุงไทยแอกซา', 'แอ๊คซ่า', 'แอ๊กซ่า', 'เเอกซ่า', 'axxa']"
40885014,ทิพยประกันภัย,non_life,"['ทิพย', 'ทิพยประกันภัย', 'dip', 'dhp', 'tip']"
40885844,,,
40887170,วิริยะประกันภัย,non_life,"['วิริยะ', 'viriyah', 'วรย', 'วิริยา']"
40888666,,,
40889193,สินทรัพย์ประกันภัย,non_life,['สินทรัพย์']
40889193,สินทรัพย์ประกันภัย,non_life,['สินทรัพย์']
40889193,TQM,broker,"['tqm', 'ทีคิวเอ็ม']"
40889193,TQM,broker,"['tqm', 'ทีคิวเอ็ม']"
40889288,สินมั่นคง,non_life,"['สินมั่นคง', 'สินมั่งคง']"
40891824,,,
40891896,,,
40892096,,,
40892194,วิริยะประกันภัย,non_life,"['วิริยะ', 'viriyah', 'วรย', 'วิริยา']"
40893396,,,
40893531,อาคเนย์,non_life,"['อาคเนย์', 'aekn']"
40894497,,,
40894529,สินมั่นคง,non_life,"['สินมั่นคง', 'สินมั่งคง']"
40894563,AIA,life,"['aia', 'เอไอเอ']"
40897934,สินทรัพย์ประกันภัย,non_life,['สินทรัพย์']
40899155,สินมั่นคง,non_life,"['สินมั่นคง', 'สินมั่งคง']"
40899155,สินมั่นคง,non_life,"['สินมั่นคง', 'สินมั่งคง']"
40899155,กสิกรไทย,broker,"['กสิกร', 'k bank', 'แบงค์เขียว']"
40899155,กสิกรไทย,broker,"['กสิกร', 'k bank', 'แบงค์เขียว']"
40899474,วิริยะประกันภัย,non_life,"['วิริยะ', 'viriyah', 'วรย', 'วิริยา']"
40899483,,,
40899686,กรุงเทพประกันภัย,non_life,"['กรุงเทพประกันภัย', 'bangkok insurance', 'กรุงเทพ', 'bki']"
40899785,,,
40899916,กรุงเทพประกันภัย,non_life,"['กรุงเทพประกันภัย', 'bangkok insurance', 'กรุงเทพ', 'bki']"
40900656,,,
40901313,วิริยะประกันภัย,non_life,"['วิริยะ', 'viriyah', 'วรย', 'วิริยา']"
40903111,ไทยประกันชีวิต,life,"['ไทยประกันชีวิต', 'ไทยประกัน']"
40903111,ไทยประกันชีวิต,life,"['ไทยประกันชีวิต', 'ไทยประกัน']"
40903111,ไทยประกันภัย,non_life,['ไทยประกันภัย']
40903111,ไทยประกันภัย,non_life,['ไทยประกันภัย']
40904060,สินทรัพย์ประกันภัย,non_life,['สินทรัพย์']
40904390,วิริยะประกันภัย,non_life,"['วิริยะ', 'viriyah', 'วรย', 'วิริยา']"
40904646,อาคเนย์,non_life,"['อาคเนย์', 'aekn']"
40904872,,,
40905465,ทิพยประกันภัย,non_life,"['ทิพย', 'ทิพยประกันภัย', 'dip', 'dhp', 'tip']"
40905465,ทิพยประกันภัย,non_life,"['ทิพย', 'ทิพยประกันภัย', 'dip', 'dhp', 'tip']"
40905465,เอเชียประกันภัย,non_life,"['เอเชียประกันภัย', 'เอเชีย', 'asia']"
40905465,เอเชียประกันภัย,non_life,"['เอเชียประกันภัย', 'เอเชีย', 'asia']"
40905465,Direct Asia,broker,"['ไดเรคเอเชีย', 'ไดเร็คเอเชีย', 'ไดเร๊คเอเชีย', 'Direct Asia']"
40905465,Direct Asia,broker,"['ไดเรคเอเชีย', 'ไดเร็คเอเชีย', 'ไดเร๊คเอเชีย', 'Direct Asia']"
40905465,รู้ใจประกันภัย,non_life,"['รู้ใจประกันภัย', 'ประกันรู้ใจ', 'ประกันจิงโจ้', 'roo jai', 'roojai']"
40905465,รู้ใจประกันภัย,non_life,"['รู้ใจประกันภัย', 'ประกันรู้ใจ', 'ประกันจิงโจ้', 'roo jai', 'roojai']"
40905465,กรุงไทยพานิชประกันภัย,non_life,"['kpi', 'กรุงไทยประกันภัย', 'กรุงไทย ธนวัฏ', 'กรุงไทยพานิช']"
40905465,กรุงไทยพานิชประกันภัย,non_life,"['kpi', 'กรุงไทยประกันภัย', 'กรุงไทย ธนวัฏ', 'กรุงไทยพานิช']"
40905713,ไทยประกันชีวิต,life,"['ไทยประกันชีวิต', 'ไทยประกัน']"
40905713,ไทยประกันชีวิต,life,"['ไทยประกันชีวิต', 'ไทยประกัน']"
40905713,อาคเนย์,non_life,"['อาคเนย์', 'aekn']"
40905713,อาคเนย์,non_life,"['อาคเนย์', 'aekn']"
40905713,เอเชียประกันภัย,non_life,"['เอเชียประกันภัย', 'เอเชีย', 'asia']"
40905713,เอเชียประกันภัย,non_life,"['เอเชียประกันภัย', 'เอเชีย', 'asia']"
40905713,ไทยประกันภัย,non_life,['ไทยประกันภัย']
40905713,ไทยประกันภัย,non_life,['ไทยประกันภัย']
40906190,อาคเนย์,non_life,"['อาคเนย์', 'aekn']"
40906289,,,
40907267,Allianz Ayudhya,life,"['allianz', 'อลิอันซ์', 'อลิอันซ์อยุธยา', 'azay', 'อริอันซ์ อยุธยา', 'อลิอันช์', 'alianz ayudhya', 'az y']"
40907267,Allianz Ayudhya,life,"['allianz', 'อลิอันซ์', 'อลิอันซ์อยุธยา', 'azay', 'อริอันซ์ อยุธยา', 'อลิอันช์', 'alianz ayudhya', 'az y']"
40907267,วิริยะประกันภัย,non_life,"['วิริยะ', 'viriyah', 'วรย', 'วิริยา']"
40907267,วิริยะประกันภัย,non_life,"['วิริยะ', 'viriyah', 'วรย', 'วิริยา']"
40907677,สินทรัพย์ประกันภัย,non_life,['สินทรัพย์']
40908387,เอเชียประกันภัย,non_life,"['เอเชียประกันภัย', 'เอเชีย', 'asia']"
40909015,กรุงเทพประกันภัย,non_life,"['กรุงเทพประกันภัย', 'bangkok insurance', 'กรุงเทพ', 'bki']"
40909041,สินมั่นคง,non_life,"['สินมั่นคง', 'สินมั่งคง']"
40910283,วิริยะประกันภัย,non_life,"['วิริยะ', 'viriyah', 'วรย', 'วิริยา']"
40912377,อาคเนย์,non_life,"['อาคเนย์', 'aekn']"
40912478,วิริยะประกันภัย,non_life,"['วิริยะ', 'viriyah', 'วรย', 'วิริยา']"
40912655,,,
40913424,วิริยะประกันภัย,non_life,"['วิริยะ', 'viriyah', 'วรย', 'วิริยา']"
40913726,ทิพยประกันภัย,non_life,"['ทิพย', 'ทิพยประกันภัย', 'dip', 'dhp', 'tip']"
40913814,สินทรัพย์ประกันภัย,non_life,['สินทรัพย์']
40914610,เอเชียประกันภัย,non_life,"['เอเชียประกันภัย', 'เอเชีย', 'asia']"
40915984,วิริยะประกันภัย,non_life,"['วิริยะ', 'viriyah', 'วรย', 'วิริยา']"
40916608,LMG,non_life,"['lmg', 'แอลเอ็มจี']"
40917344,ทิพยประกันภัย,non_life,"['ทิพย', 'ทิพยประกันภัย', 'dip', 'dhp', 'tip']"
40917904,,,
40918139,สินมั่นคง,non_life,"['สินมั่นคง', 'สินมั่งคง']"
40918332,สินมั่นคง,non_life,"['สินมั่นคง', 'สินมั่งคง']"
40919033,สินทรัพย์ประกันภัย,non_life,['สินทรัพย์']
40919033,สินทรัพย์ประกันภัย,non_life,['สินทรัพย์']
40919033,TQM,broker,"['tqm', 'ทีคิวเอ็ม']"
40919033,TQM,broker,"['tqm', 'ทีคิวเอ็ม']"
40920226,เอเชียประกันภัย,non_life,"['เอเชียประกันภัย', 'เอเชีย', 'asia']"
40920226,สินมั่นคง,non_life,"['สินมั่นคง', 'สินมั่งคง']"
40922747,สินมั่นคง,non_life,"['สินมั่นคง', 'สินมั่งคง']"
40922747,กรุงเทพประกันภัย,non_life,"['กรุงเทพประกันภัย', 'bangkok insurance', 'กรุงเทพ', 'bki']"
40922869,เอเชียประกันภัย,non_life,"['เอเชียประกันภัย', 'เอเชีย', 'asia']"
40922869,เอเชียประกันภัย,non_life,"['เอเชียประกันภัย', 'เอเชีย', 'asia']"
40922869,ANC,broker,"['anc', 'เอเอ็นซี']"
40922869,ANC,broker,"['anc', 'เอเอ็นซี']"
40922971,TQM,broker,"['tqm', 'ทีคิวเอ็ม']"
40923275,วิริยะประกันภัย,non_life,"['วิริยะ', 'viriyah', 'วรย', 'วิริยา']"
40923373,Cigna,life,"['cigna', 'ซิกน่า', 'ซิกม่า']"
40924023,,,
40925376,สินทรัพย์ประกันภัย,non_life,['สินทรัพย์']
40927713,,,
40929115,,,
40929310,วิริยะประกันภัย,non_life,"['วิริยะ', 'viriyah', 'วรย', 'วิริยา']"
40929766,สินมั่นคง,non_life,"['สินมั่นคง', 'สินมั่งคง']"
40929807,อาคเนย์,non_life,"['อาคเนย์', 'aekn']"
40931078,ทิพยประกันภัย,non_life,"['ทิพย', 'ทิพยประกันภัย', 'dip', 'dhp', 'tip']"
40931397,Chubb,non_life,"['chubb', 'ชับบ์', 'chuub', 'ชับ สามัคคี']"
40931397,Chubb,non_life,"['chubb', 'ชับบ์', 'chuub', 'ชับ สามัคคี']"
40931397,SCB,broker,"['scb', 'ไทยพาณิชย์', 'ไทยพานิชย์', 'ธนาคารสีม่วง', 'cardx']"
40931397,SCB,broker,"['scb', 'ไทยพาณิชย์', 'ไทยพานิชย์', 'ธนาคารสีม่วง', 'cardx']"
40932215,อาคเนย์,non_life,"['อาคเนย์', 'aekn']"
40935556,,,
40935915,สินมั่นคง,non_life,"['สินมั่นคง', 'สินมั่งคง']"
40935976,,,
40936137,AIA,life,"['aia', 'เอไอเอ']"
40937204,AIA,life,"['aia', 'เอไอเอ']"
40937204,AIA,life,"['aia', 'เอไอเอ']"
40937204,FWD,life,"['fwd', 'เอฟดับบลิวดี', 'fwd ประกันชีวิต']"
40937204,FWD,life,"['fwd', 'เอฟดับบลิวดี', 'fwd ประกันชีวิต']"
40937204,Krungthai AXA,non_life,"['กรุงไทยแอกซ่า', 'axa', 'แอกซ่า', 'แอกซา', 'เเอกซ่า', 'แอคซ่า', 'เเอคซา', 'กรุงไทยแอกซา', 'แอ๊คซ่า', 'แอ๊กซ่า', 'เเอกซ่า', 'axxa']"
40937204,Krungthai AXA,non_life,"['กรุงไทยแอกซ่า', 'axa', 'แอกซ่า', 'แอกซา', 'เเอกซ่า', 'แอคซ่า', 'เเอคซา', 'กรุงไทยแอกซา', 'แอ๊คซ่า', 'แอ๊กซ่า', 'เเอกซ่า', 'axxa']"
40937519,AIA,life,"['aia', 'เอไอเอ']"
40938175,ไทยประกันชีวิต,life,"['ไทยประกันชีวิต', 'ไทยประกัน']"
40938175,ไทยประกันชีวิต,life,"['ไทยประกันชีวิต', 'ไทยประกัน']"
40938175,ไทยประกันภัย,non_life,['ไทยประกันภัย']
40938175,ไทยประกันภัย,non_life,['ไทยประกันภัย']
40938408,,,
40938823,สินทรัพย์ประกันภัย,non_life,['สินทรัพย์']
40938974,กรุงเทพประกันภัย,non_life,"['กรุงเทพประกันภัย', 'bangkok insurance', 'กรุงเทพ', 'bki']"
40939522,วิริยะประกันภัย,non_life,"['วิริยะ', 'viriyah', 'วรย', 'วิริยา']"
40939961,อาคเนย์,non_life,"['อาคเนย์', 'aekn']"
40941602,,,
40942708,อาคเนย์,non_life,"['อาคเนย์', 'aekn']"
40942908,,,
40943279,,,
40944832,อาคเนย์,non_life,"['อาคเนย์', 'aekn']"
40944832,อาคเนย์,non_life,"['อาคเนย์', 'aekn']"
40944832,เมืองไทยประกันชีวิต,life,"['เมืองไทยประกันชีวิต', 'เมืองไทย', 'muangthai', 'mtl', 'ประกันชีวิตสีชมพู']"
40944832,เมืองไทยประกันชีวิต,life,"['เมืองไทยประกันชีวิต', 'เมืองไทย', 'muangthai', 'mtl', 'ประกันชีวิตสีชมพู']"
40944832,ไทยประกันชีวิต,life,"['ไทยประกันชีวิต', 'ไทยประกัน']"
40944832,ไทยประกันชีวิต,life,"['ไทยประกันชีวิต', 'ไทยประกัน']"
40944832,เมืองไทยประกันภัย,non_life,['เมืองไทยประกันภัย']
40944832,เมืองไทยประกันภัย,non_life,['เมืองไทยประกันภัย']
40944832,สินมั่นคง,non_life,"['สินมั่นคง', 'สินมั่งคง']"
40944832,สินมั่นคง,non_life,"['สินมั่นคง', 'สินมั่งคง']"
40944832,ไทยประกันภัย,non_life,['ไทยประกันภัย']
40944832,ไทยประกันภัย,non_life,['ไทยประกันภัย']
40944884,เมืองไทยประกันชีวิต,life,"['เมืองไทยประกันชีวิต', 'เมืองไทย', 'muangthai', 'mtl', 'ประกันชีวิตสีชมพู']"
40944884,เมืองไทยประกันชีวิต,life,"['เมืองไทยประกันชีวิต', 'เมืองไทย', 'muangthai', 'mtl', 'ประกันชีวิตสีชมพู']"
40944884,ไทยประกันชีวิต,life,"['ไทยประกันชีวิต', 'ไทยประกัน']"
40944884,ไทยประกันชีวิต,life,"['ไทยประกันชีวิต', 'ไทยประกัน']"
40944884,วิริยะประกันภัย,non_life,"['วิริยะ', 'viriyah', 'วรย', 'วิริยา']"
40944884,วิริยะประกันภัย,non_life,"['วิริยะ', 'viriyah', 'วรย', 'วิริยา']"
40944884,เมืองไทยประกันภัย,non_life,['เมืองไทยประกันภัย']
40944884,เมืองไทยประกันภัย,non_life,['เมืองไทยประกันภัย']
40944884,อาคเนย์,non_life,"['อาคเนย์', 'aekn']"
40944884,อาคเนย์,non_life,"['อาคเนย์', 'aekn']"
40944884,ไทยประกันภัย,non_life,['ไทยประกันภัย']
40944884,ไทยประกันภัย,non_life,['ไทยประกันภัย']
40944902,KTC,broker,"['บัตรกรุงไทย', 'ktc']"
40944902,KTC,broker,"['บัตรกรุงไทย', 'ktc']"
40944902,ไทยประกันชีวิต,life,"['ไทยประกันชีวิต', 'ไทยประกัน']"
40944902,ไทยประกันชีวิต,life,"['ไทยประกันชีวิต', 'ไทยประกัน']"
40945852,วิริยะประกันภัย,non_life,"['วิริยะ', 'viriyah', 'วรย', 'วิริยา']"
40946602,วิริยะประกันภัย,non_life,"['วิริยะ', 'viriyah', 'วรย', 'วิริยา']"
40946604,,,
40946823,วิริยะประกันภัย,non_life,"['วิริยะ', 'viriyah', 'วรย', 'วิริยา']"
40947548,กรุงเทพประกันภัย,non_life,"['กรุงเทพประกันภัย', 'bangkok insurance', 'กรุงเทพ', 'bki']"
40947548,AIOI,non_life,"['aioi', 'ไอโออิ']"
40950654,สินมั่นคง,non_life,"['สินมั่นคง', 'สินมั่งคง']"
40951689,อาคเนย์,non_life,"['อาคเนย์', 'aekn']"
40951911,สินทรัพย์ประกันภัย,non_life,['สินทรัพย์']
40952506,เอเชียประกันภัย,non_life,"['เอเชียประกันภัย', 'เอเชีย', 'asia']"
40952752,สินมั่นคง,non_life,"['สินมั่นคง', 'สินมั่งคง']"
40952832,,,
40953464,,,
40954108,,,
40954187,กรุงเทพประกันภัย,non_life,"['กรุงเทพประกันภัย', 'bangkok insurance', 'กรุงเทพ', 'bki']"
40954187,สินมั่นคง,non_life,"['สินมั่นคง', 'สินมั่งคง']"
40955089,สินทรัพย์ประกันภัย,non_life,['สินทรัพย์']
40955089,ทิพยประกันภัย,non_life,"['ทิพย', 'ทิพยประกันภัย', 'dip', 'dhp', 'tip']"
40957862,,,
40957892,,,
40962363,Krungthai AXA,non_life,"['กรุงไทยแอกซ่า', 'axa', 'แอกซ่า', 'แอกซา', 'เเอกซ่า', 'แอคซ่า', 'เเอคซา', 'กรุงไทยแอกซา', 'แอ๊คซ่า', 'แอ๊กซ่า', 'เเอกซ่า', 'axxa']"
40962428,ไทยประกันชีวิต,life,"['ไทยประกันชีวิต', 'ไทยประกัน']"
40962539,,,
40962610,Allianz Ayudhya,life,"['allianz', 'อลิอันซ์', 'อลิอันซ์อยุธยา', 'azay', 'อริอันซ์ อยุธยา', 'อลิอันช์', 'alianz ayudhya', 'az y']"
40963154,อาคเนย์,non_life,"['อาคเนย์', 'aekn']"
40964474,วิริยะประกันภัย,non_life,"['วิริยะ', 'viriyah', 'วรย', 'วิริยา']"
40965228,ทิพยประกันภัย,non_life,"['ทิพย', 'ทิพยประกันภัย', 'dip', 'dhp', 'tip']"
40966816,,,
40967387,สินมั่นคง,non_life,"['สินมั่นคง', 'สินมั่งคง']"
40967387,อาคเนย์,non_life,"['อาคเนย์', 'aekn']"
40967387,สินทรัพย์ประกันภัย,non_life,['สินทรัพย์']
40968792,,,
40969576,อาคเนย์,non_life,"['อาคเนย์', 'aekn']"
40972031,ทิพยประกันภัย,non_life,"['ทิพย', 'ทิพยประกันภัย', 'dip', 'dhp', 'tip']"
40974521,ทิพยประกันภัย,non_life,"['ทิพย', 'ทิพยประกันภัย', 'dip', 'dhp', 'tip']"
40974736,,,
40974782,,,
40976508,สินมั่นคง,non_life,"['สินมั่นคง', 'สินมั่งคง']"
40976508,สินมั่นคง,non_life,"['สินมั่นคง', 'สินมั่งคง']"
40976508,AIA,life,"['aia', 'เอไอเอ']"
40976508,AIA,life,"['aia', 'เอไอเอ']"
40976508,ทิพยประกันภัย,non_life,"['ทิพย', 'ทิพยประกันภัย', 'dip', 'dhp', 'tip']"
40976508,ทิพยประกันภัย,non_life,"['ทิพย', 'ทิพยประกันภัย', 'dip', 'dhp', 'tip']"
40976681,FWD,life,"['fwd', 'เอฟดับบลิวดี', 'fwd ประกันชีวิต']"
40976681,FWD,life,"['fwd', 'เอฟดับบลิวดี', 'fwd ประกันชีวิต']"
40976681,ไทยไพบูลย์,non_life,"['ไทยไพบูลย์', 'ไทยไพบูร']"
40976681,ไทยไพบูลย์,non_life,"['ไทยไพบูลย์', 'ไทยไพบูร']"
40976990,,,
40978630,สินทรัพย์ประกันภัย,non_life,['สินทรัพย์']
40979305,คุ้มภัยโตเกียวมารีน,non_life,"['ประกันคุ้มภัย', 'คุ้มภัย', 'คภ.', 'โตเกียวมารีน', 'tokio marine']"
40979608,,,
40980016,,,
40981143,FWD,life,"['fwd', 'เอฟดับบลิวดี', 'fwd ประกันชีวิต']"
40981143,FWD,life,"['fwd', 'เอฟดับบลิวดี', 'fwd ประกันชีวิต']"
40981143,SCB,broker,"['scb', 'ไทยพาณิชย์', 'ไทยพานิชย์', 'ธนาคารสีม่วง', 'cardx']"
40981143,SCB,broker,"['scb', 'ไทยพาณิชย์', 'ไทยพานิชย์', 'ธนาคารสีม่วง', 'cardx']"
40982763,,,
40983172,,,
40983973,กรุงเทพประกันภัย,non_life,"['กรุงเทพประกันภัย', 'bangkok insurance', 'กรุงเทพ', 'bki']"
40984433,กรุงไทยพานิชประกันภัย,non_life,"['kpi', 'กรุงไทยประกันภัย', 'กรุงไทย ธนวัฏ', 'กรุงไทยพานิช']"
40984433,รู้ใจประกันภัย,non_life,"['รู้ใจประกันภัย', 'ประกันรู้ใจ', 'ประกันจิงโจ้', 'roo jai', 'roojai']"
40984723,,,
40985031,ทิพยประกันภัย,non_life,"['ทิพย', 'ทิพยประกันภัย', 'dip', 'dhp', 'tip']"
40985363,,,
40989016,Rabbit Finance,broker,"['rabbit', 'แรบบิท']"
40989016,ANC,broker,"['anc', 'เอเอ็นซี']"
40989673,วิริยะประกันภัย,non_life,"['วิริยะ', 'viriyah', 'วรย', 'วิริยา']"
40991665,AIOI,non_life,"['aioi', 'ไอโออิ']"
40991665,AIOI,non_life,"['aioi', 'ไอโออิ']"
40991665,เมืองไทยประกันชีวิต,life,"['เมืองไทยประกันชีวิต', 'เมืองไทย', 'muangthai', 'mtl', 'ประกันชีวิตสีชมพู']"
40991665,เมืองไทยประกันชีวิต,life,"['เมืองไทยประกันชีวิต', 'เมืองไทย', 'muangthai', 'mtl', 'ประกันชีวิตสีชมพู']"
40991665,ไทยประกันชีวิต,life,"['ไทยประกันชีวิต', 'ไทยประกัน']"
40991665,ไทยประกันชีวิต,life,"['ไทยประกันชีวิต', 'ไทยประกัน']"
40991665,เมืองไทยประกันภัย,non_life,['เมืองไทยประกันภัย']
40991665,เมืองไทยประกันภัย,non_life,['เมืองไทยประกันภัย']
40991665,ไทยประกันภัย,non_life,['ไทยประกันภัย']
40991665,ไทยประกันภัย,non_life,['ไทยประกันภัย']
40991933,FWD,life,"['fwd', 'เอฟดับบลิวดี', 'fwd ประกันชีวิต']"
40991933,FWD,life,"['fwd', 'เอฟดับบลิวดี', 'fwd ประกันชีวิต']"
40991933,วิริยะประกันภัย,non_life,"['วิริยะ', 'viriyah', 'วรย', 'วิริยา']"
40991933,วิริยะประกันภัย,non_life,"['วิริยะ', 'viriyah', 'วรย', 'วิริยา']"
40993201,ทหารไทยธนชาต,broker,"['ทหารไทยธนชาต', 'ttb', 'tmb', 'ธนาคารทหารไทย', 'ทหารไทย']"
40994069,,,
40994269,เมืองไทยประกันชีวิต,life,"['เมืองไทยประกันชีวิต', 'เมืองไทย', 'muangthai', 'mtl', 'ประกันชีวิตสีชมพู']"
40994269,ไทยประกันชีวิต,life,"['ไทยประกันชีวิต', 'ไทยประกัน']"
40996384,Krungthai AXA,non_life,"['กรุงไทยแอกซ่า', 'axa', 'แอกซ่า', 'แอกซา', 'เเอกซ่า', 'แอคซ่า', 'เเอคซา', 'กรุงไทยแอกซา', 'แอ๊คซ่า', 'แอ๊กซ่า', 'เเอกซ่า', 'axxa']"
41004598,,,
41005944,Allianz Ayudhya,life,"['allianz', 'อลิอันซ์', 'อลิอันซ์อยุธยา', 'azay', 'อริอันซ์ อยุธยา', 'อลิอันช์', 'alianz ayudhya', 'az y']"
41006470,,,
41008765,ทิพยประกันภัย,non_life,"['ทิพย', 'ทิพยประกันภัย', 'dip', 'dhp', 'tip']"
41010656,ทิพยประกันภัย,non_life,"['ทิพย', 'ทิพยประกันภัย', 'dip', 'dhp', 'tip']"
41011714,,,
41011876,,,
41013009,,,
41014139,,,
41017761,อาคเนย์,non_life,"['อาคเนย์', 'aekn']"
41019177,,,
41019926,Cigna,life,"['cigna', 'ซิกน่า', 'ซิกม่า']"
41021243,สินมั่นคง,non_life,"['สินมั่นคง', 'สินมั่งคง']"
41023728,,,
41023872,เอเชียประกันภัย,non_life,"['เอเชียประกันภัย', 'เอเชีย', 'asia']"
41024891,Allianz Ayudhya,life,"['allianz', 'อลิอันซ์', 'อลิอันซ์อยุธยา', 'azay', 'อริอันซ์ อยุธยา', 'อลิอันช์', 'alianz ayudhya', 'az y']"
41025252,ไทยประกันชีวิต,life,"['ไทยประกันชีวิต', 'ไทยประกัน']"
41025252,ไทยประกันชีวิต,life,"['ไทยประกันชีวิต', 'ไทยประกัน']"
41025252,ไทยประกันภัย,non_life,['ไทยประกันภัย']
41025252,ไทยประกันภัย,non_life,['ไทยประกันภัย']
41025374,,,
41025908,,,
41026679,,,
41027599,เอเชียประกันภัย,non_life,"['เอเชียประกันภัย', 'เอเชีย', 'asia']"
41027599,เอเชียประกันภัย,non_life,"['เอเชียประกันภัย', 'เอเชีย', 'asia']"
41027599,ANC,broker,"['anc', 'เอเอ็นซี']"
41027599,ANC,broker,"['anc', 'เอเอ็นซี']"
41028337,,,
41030266,,,
41031960,เมืองไทยประกันชีวิต,life,"['เมืองไทยประกันชีวิต', 'เมืองไทย', 'muangthai', 'mtl', 'ประกันชีวิตสีชมพู']"
41031960,เมืองไทยประกันชีวิต,life,"['เมืองไทยประกันชีวิต', 'เมืองไทย', 'muangthai', 'mtl', 'ประกันชีวิตสีชมพู']"
41031960,กรุงเทพประกันภัย,non_life,"['กรุงเทพประกันภัย', 'bangkok insurance', 'กรุงเทพ', 'bki']"
41031960,กรุงเทพประกันภัย,non_life,"['กรุงเทพประกันภัย', 'bangkok insurance', 'กรุงเทพ', 'bki']"
41031960,คุ้มภัยโตเกียวมารีน,non_life,"['ประกันคุ้มภัย', 'คุ้มภัย', 'คภ.', 'โตเกียวมารีน', 'tokio marine']"
41031960,คุ้มภัยโตเกียวมารีน,non_life,"['ประกันคุ้มภัย', 'คุ้มภัย', 'คภ.', 'โตเกียวมารีน', 'tokio marine']"
41031960,ไทยประกันชีวิต,life,"['ไทยประกันชีวิต', 'ไทยประกัน']"
41031960,ไทยประกันชีวิต,life,"['ไทยประกันชีวิต', 'ไทยประกัน']"
41031960,กรุงเทพประกันชีวิต,life,"['กรุงเทพประกันชีวิต', 'bangkok life', 'bblife']"
41031960,กรุงเทพประกันชีวิต,life,"['กรุงเทพประกันชีวิต', 'bangkok life', 'bblife']"
41031999,AIA,life,"['aia', 'เอไอเอ']"
41031999,เมืองไทยประกันชีวิต,life,"['เมืองไทยประกันชีวิต', 'เมืองไทย', 'muangthai', 'mtl', 'ประกันชีวิตสีชมพู']"
41031999,ไทยประกันชีวิต,life,"['ไทยประกันชีวิต', 'ไทยประกัน']"
41032087,FWD,life,"['fwd', 'เอฟดับบลิวดี', 'fwd ประกันชีวิต']"
41032087,FWD,life,"['fwd', 'เอฟดับบลิวดี', 'fwd ประกันชีวิต']"
41032087,ANC,broker,"['anc', 'เอเอ็นซี']"
41032087,ANC,broker,"['anc', 'เอเอ็นซี']"
41034699,ไทยไพบูลย์,non_life,"['ไทยไพบูลย์', 'ไทยไพบูร']"
41035865,AIG,non_life,"['aig', 'เอไอจี']"
41035872,Allianz Ayudhya,life,"['allianz', 'อลิอันซ์', 'อลิอันซ์อยุธยา', 'azay', 'อริอันซ์ อยุธยา', 'อลิอันช์', 'alianz ayudhya', 'az y']"
41037568,,,
41038043,Krungthai AXA,non_life,"['กรุงไทยแอกซ่า', 'axa', 'แอกซ่า', 'แอกซา', 'เเอกซ่า', 'แอคซ่า', 'เเอคซา', 'กรุงไทยแอกซา', 'แอ๊คซ่า', 'แอ๊กซ่า', 'เเอกซ่า', 'axxa']"
41038526,,,
41038931,,,
41040439,Allianz Ayudhya,life,"['allianz', 'อลิอันซ์', 'อลิอันซ์อยุธยา', 'azay', 'อริอันซ์ อยุธยา', 'อลิอันช์', 'alianz ayudhya', 'az y']"
41040439,Allianz Ayudhya,life,"['allianz', 'อลิอันซ์', 'อลิอันซ์อยุธยา', 'azay', 'อริอันซ์ อยุธยา', 'อลิอันช์', 'alianz ayudhya', 'az y']"
41040439,กสิกรไทย,broker,"['กสิกร', 'k bank', 'แบงค์เขียว']"
41040439,กสิกรไทย,broker,"['กสิกร', 'k bank', 'แบงค์เขียว']"
41043151,เอเชียประกันภัย,non_life,"['เอเชียประกันภัย', 'เอเชีย', 'asia']"
41045280,,,
41046681,,,
41047131,กรุงเทพประกันภัย,non_life,"['กรุงเทพประกันภัย', 'bangkok insurance', 'กรุงเทพ', 'bki']"
41048502,ทิพยประกันภัย,non_life,"['ทิพย', 'ทิพยประกันภัย', 'dip', 'dhp', 'tip']"
41048590,สินมั่นคง,non_life,"['สินมั่นคง', 'สินมั่งคง']"
41050494,คุ้มภัยโตเกียวมารีน,non_life,"['ประกันคุ้มภัย', 'คุ้มภัย', 'คภ.', 'โตเกียวมารีน', 'tokio marine']"
41052821,FWD,life,"['fwd', 'เอฟดับบลิวดี', 'fwd ประกันชีวิต']"
41053408,เมืองไทยประกันชีวิต,life,"['เมืองไทยประกันชีวิต', 'เมืองไทย', 'muangthai', 'mtl', 'ประกันชีวิตสีชมพู']"
41053408,เมืองไทยประกันชีวิต,life,"['เมืองไทยประกันชีวิต', 'เมืองไทย', 'muangthai', 'mtl', 'ประกันชีวิตสีชมพู']"
41053408,ไทยประกันชีวิต,life,"['ไทยประกันชีวิต', 'ไทยประกัน']"
41053408,ไทยประกันชีวิต,life,"['ไทยประกันชีวิต', 'ไทยประกัน']"
41053408,เมืองไทยประกันภัย,non_life,['เมืองไทยประกันภัย']
41053408,เมืองไทยประกันภัย,non_life,['เมืองไทยประกันภัย']
41053408,ไทยประกันภัย,non_life,['ไทยประกันภัย']
41053408,ไทยประกันภัย,non_life,['ไทยประกันภัย']
41053592,,,
41054353,Chubb,non_life,"['chubb', 'ชับบ์', 'chuub', 'ชับ สามัคคี']"
41054353,Chubb,non_life,"['chubb', 'ชับบ์', 'chuub', 'ชับ สามัคคี']"
41054353,Krungsri First Choice,broker,"['first choice', 'กรุงศรี เฟิร์สช้อยส์', 'กรุงศรีเฟิร์สช้อย', 'เฟิสช้อย', 'เฟริสช้อย']"
41054353,Krungsri First Choice,broker,"['first choice', 'กรุงศรี เฟิร์สช้อยส์', 'กรุงศรีเฟิร์สช้อย', 'เฟิสช้อย', 'เฟริสช้อย']"
41055205,อินทรประกันภัย,non_life,['อินทร']
41055338,,,
41055408,,,
41055688,กรุงเทพประกันภัย,non_life,"['กรุงเทพประกันภัย', 'bangkok insurance', 'กรุงเทพ', 'bki']"
41057194,,,
41057769,วิริยะประกันภัย,non_life,"['วิริยะ', 'viriyah', 'วรย', 'วิริยา']"
41060829,นวกิจประกันภัย,non_life,['นวกิจ']
41060829,นวกิจประกันภัย,non_life,['นวกิจ']
41060829,Luma Care,broker,['Luma']
41060829,Luma Care,broker,['Luma']
41060829,Ark Insure,broker,"['ark insure', 'อาร์ค', 'ark']"
41060829,Ark Insure,broker,"['ark insure', 'อาร์ค', 'ark']"
41061936,เอเชียประกันภัย,non_life,"['เอเชียประกันภัย', 'เอเชีย', 'asia']"
41063911,ธนชาตประกันภัย,non_life,"['ธนชาตประกันภัย', 'ธนชาต', 'ธนชาติ', 'ประกันภัยสีส้ม']"
41063911,ธนชาตประกันภัย,non_life,"['ธนชาตประกันภัย', 'ธนชาต', 'ธนชาติ', 'ประกันภัยสีส้ม']"
41063911,กรุงเทพประกันภัย,non_life,"['กรุงเทพประกันภัย', 'bangkok insurance', 'กรุงเทพ', 'bki']"
41063911,กรุงเทพประกันภัย,non_life,"['กรุงเทพประกันภัย', 'bangkok insurance', 'กรุงเทพ', 'bki']"
41063911,Ark Insure,broker,"['ark insure', 'อาร์ค', 'ark']"
41063911,Ark Insure,broker,"['ark insure', 'อาร์ค', 'ark']"
41064018,,,
41064064,วิริยะประกันภัย,non_life,"['วิริยะ', 'viriyah', 'วรย', 'วิริยา']"
41064116,เอเชียประกันภัย,non_life,"['เอเชียประกันภัย', 'เอเชีย', 'asia']"
41065477,สินมั่นคง,non_life,"['สินมั่นคง', 'สินมั่งคง']"
41068344,วิริยะประกันภัย,non_life,"['วิริยะ', 'viriyah', 'วรย', 'วิริยา']"
41068344,ทิพยประกันภัย,non_life,"['ทิพย', 'ทิพยประกันภัย', 'dip', 'dhp', 'tip']"
41069923,LMG,non_life,"['lmg', 'แอลเอ็มจี']"
41070560,กรุงเทพประกันภัย,non_life,"['กรุงเทพประกันภัย', 'bangkok insurance', 'กรุงเทพ', 'bki']"
41070741,เมืองไทยประกันชีวิต,life,"['เมืองไทยประกันชีวิต', 'เมืองไทย', 'muangthai', 'mtl', 'ประกันชีวิตสีชมพู']"
41070741,เมืองไทยประกันชีวิต,life,"['เมืองไทยประกันชีวิต', 'เมืองไทย', 'muangthai', 'mtl', 'ประกันชีวิตสีชมพู']"
41070741,ANC,broker,"['anc', 'เอเอ็นซี']"
41070741,ANC,broker,"['anc', 'เอเอ็นซี']"
41071046,Krungthai AXA,non_life,"['กรุงไทยแอกซ่า', 'axa', 'แอกซ่า', 'แอกซา', 'เเอกซ่า', 'แอคซ่า', 'เเอคซา', 'กรุงไทยแอกซา', 'แอ๊คซ่า', 'แอ๊กซ่า', 'เเอกซ่า', 'axxa']"
41073582,ทิพยประกันภัย,non_life,"['ทิพย', 'ทิพยประกันภัย', 'dip', 'dhp', 'tip']"
41075940,Cigna,life,"['cigna', 'ซิกน่า', 'ซิกม่า']"
41078317,,,
41079252,,,
41081026,Chubb,non_life,"['chubb', 'ชับบ์', 'chuub', 'ชับ สามัคคี']"
41081733,AIA,life,"['aia', 'เอไอเอ']"
41081733,AIA,life,"['aia', 'เอไอเอ']"
41081733,เมืองไทยประกันชีวิต,life,"['เมืองไทยประกันชีวิต', 'เมืองไทย', 'muangthai', 'mtl', 'ประกันชีวิตสีชมพู']"
41081733,เมืองไทยประกันชีวิต,life,"['เมืองไทยประกันชีวิต', 'เมืองไทย', 'muangthai', 'mtl', 'ประกันชีวิตสีชมพู']"
41081733,ไทยประกันชีวิต,life,"['ไทยประกันชีวิต', 'ไทยประกัน']"
41081733,ไทยประกันชีวิต,life,"['ไทยประกันชีวิต', 'ไทยประกัน']"
41081733,กรุงเทพประกันชีวิต,life,"['กรุงเทพประกันชีวิต', 'bangkok life', 'bblife']"
41081733,กรุงเทพประกันชีวิต,life,"['กรุงเทพประกันชีวิต', 'bangkok life', 'bblife']"
41081733,กรุงเทพประกันภัย,non_life,"['กรุงเทพประกันภัย', 'bangkok insurance', 'กรุงเทพ', 'bki']"
41081733,กรุงเทพประกันภัย,non_life,"['กรุงเทพประกันภัย', 'bangkok insurance', 'กรุงเทพ', 'bki']"
41083399,,,
41084364,ไทยประกันชีวิต,life,"['ไทยประกันชีวิต', 'ไทยประกัน']"
41085977,Chubb,non_life,"['chubb', 'ชับบ์', 'chuub', 'ชับ สามัคคี']"
41085977,Chubb,non_life,"['chubb', 'ชับบ์', 'chuub', 'ชับ สามัคคี']"
41085977,Krungsri First Choice,broker,"['first choice', 'กรุงศรี เฟิร์สช้อยส์', 'กรุงศรีเฟิร์สช้อย', 'เฟิสช้อย', 'เฟริสช้อย']"
41085977,Krungsri First Choice,broker,"['first choice', 'กรุงศรี เฟิร์สช้อยส์', 'กรุงศรีเฟิร์สช้อย', 'เฟิสช้อย', 'เฟริสช้อย']"
41085977,ทิพยประกันภัย,non_life,"['ทิพย', 'ทิพยประกันภัย', 'dip', 'dhp', 'tip']"
41085977,ทิพยประกันภัย,non_life,"['ทิพย', 'ทิพยประกันภัย', 'dip', 'dhp', 'tip']"
41089815,ทิพยประกันภัย,non_life,"['ทิพย', 'ทิพยประกันภัย', 'dip', 'dhp', 'tip']"
41089815,คุ้มภัยโตเกียวมารีน,non_life,"['ประกันคุ้มภัย', 'คุ้มภัย', 'คภ.', 'โตเกียวมารีน', 'tokio marine']"
41090880,,,
41090942,,,
41091247,ทิพยประกันภัย,non_life,"['ทิพย', 'ทิพยประกันภัย', 'dip', 'dhp', 'tip']"
41093383,AIA,life,"['aia', 'เอไอเอ']"
41093383,Cigna,life,"['cigna', 'ซิกน่า', 'ซิกม่า']"
41093465,วิริยะประกันภัย,non_life,"['วิริยะ', 'viriyah', 'วรย', 'วิริยา']"
41096655,,,
41097600,,,
41098284,,,
41098355,,,
41098392,สินทรัพย์ประกันภัย,non_life,['สินทรัพย์']
41098408,,,
41098419,สินมั่นคง,non_life,"['สินมั่นคง', 'สินมั่งคง']"
41098938,,,
41098981,,,
41099026,,,
41099272,,,
41099519,,,
41099775,,,
41099922,,,
41100027,,,
41101609,,,
41101843,,,
41104973,,,
41107476,Cigna,life,"['cigna', 'ซิกน่า', 'ซิกม่า']"
41110132,,,
41110541,AIA,life,"['aia', 'เอไอเอ']"
41111807,,,
41112839,,,
41117519,Chubb,non_life,"['chubb', 'ชับบ์', 'chuub', 'ชับ สามัคคี']"
41117689,Chubb,non_life,"['chubb', 'ชับบ์', 'chuub', 'ชับ สามัคคี']"
41117952,ไทยประกันชีวิต,life,"['ไทยประกันชีวิต', 'ไทยประกัน']"
41118833,ทิพยประกันภัย,non_life,"['ทิพย', 'ทิพยประกันภัย', 'dip', 'dhp', 'tip']"
41119005,,,
41120417,,,
41122373,TQM,broker,"['tqm', 'ทีคิวเอ็ม']"
41123175,กรุงเทพประกันชีวิต,life,"['กรุงเทพประกันชีวิต', 'bangkok life', 'bblife']"
41123175,กรุงเทพประกันชีวิต,life,"['กรุงเทพประกันชีวิต', 'bangkok life', 'bblife']"
41123175,กรุงเทพประกันภัย,non_life,"['กรุงเทพประกันภัย', 'bangkok insurance', 'กรุงเทพ', 'bki']"
41123175,กรุงเทพประกันภัย,non_life,"['กรุงเทพประกันภัย', 'bangkok insurance', 'กรุงเทพ', 'bki']"
41125838,สินทรัพย์ประกันภัย,non_life,['สินทรัพย์']
41128562,TQM,broker,"['tqm', 'ทีคิวเอ็ม']"
41131965,ANC,broker,"['anc', 'เอเอ็นซี']"
41140236,,,
41142103,,,
41142818,ไทยวิวัฒน์,non_life,"['ไทยวิวัฒน์', 'thaivivat', 'ไทยวิวัตน์']"
41143439,,,
41143819,,,
41147138,,,
41147474,AIA,life,"['aia', 'เอไอเอ']"
41147474,AIA,life,"['aia', 'เอไอเอ']"
41147474,Krungthai AXA,non_life,"['กรุงไทยแอกซ่า', 'axa', 'แอกซ่า', 'แอกซา', 'เเอกซ่า', 'แอคซ่า', 'เเอคซา', 'กรุงไทยแอกซา', 'แอ๊คซ่า', 'แอ๊กซ่า', 'เเอกซ่า', 'axxa']"
41147474,Krungthai AXA,non_life,"['กรุงไทยแอกซ่า', 'axa', 'แอกซ่า', 'แอกซา', 'เเอกซ่า', 'แอคซ่า', 'เเอคซา', 'กรุงไทยแอกซา', 'แอ๊คซ่า', 'แอ๊กซ่า', 'เเอกซ่า', 'axxa']"
41147620,,,
41148323,,,
41154877,,,
41155300,สินมั่นคง,non_life,"['สินมั่นคง', 'สินมั่งคง']"
41155735,อาคเนย์,non_life,"['อาคเนย์', 'aekn']"
41155760,สินทรัพย์ประกันภัย,non_life,['สินทรัพย์']
41155901,อาคเนย์,non_life,"['อาคเนย์', 'aekn']"
41157731,ธนาคารอาคารสงเคราะห์,broker,"['ธ.อ.ส.', 'ธอส']"
41158120,Allianz Ayudhya,life,"['allianz', 'อลิอันซ์', 'อลิอันซ์อยุธยา', 'azay', 'อริอันซ์ อยุธยา', 'อลิอันช์', 'alianz ayudhya', 'az y']"
41164510,,,
41164643,สินทรัพย์ประกันภัย,non_life,['สินทรัพย์']
41165375,สินทรัพย์ประกันภัย,non_life,['สินทรัพย์']
41167621,,,
41168685,,,
41171861,,,
41172896,,,
41174050,LMG,non_life,"['lmg', 'แอลเอ็มจี']"
41174050,LMG,non_life,"['lmg', 'แอลเอ็มจี']"
41174050,คุ้มภัยโตเกียวมารีน,non_life,"['ประกันคุ้มภัย', 'คุ้มภัย', 'คภ.', 'โตเกียวมารีน', 'tokio marine']"
41174050,คุ้มภัยโตเกียวมารีน,non_life,"['ประกันคุ้มภัย', 'คุ้มภัย', 'คภ.', 'โตเกียวมารีน', 'tokio marine']"
41174050,TQM,broker,"['tqm', 'ทีคิวเอ็ม']"
41174050,TQM,broker,"['tqm', 'ทีคิวเอ็ม']"
41177788,,,
41178283,,,
41179200,,,
41179688,สินมั่นคง,non_life,"['สินมั่นคง', 'สินมั่งคง']"
41179768,,,
41188645,สินมั่นคง,non_life,"['สินมั่นคง', 'สินมั่งคง']"
41190185,Cigna,life,"['cigna', 'ซิกน่า', 'ซิกม่า']"
41191770,สินทรัพย์ประกันภัย,non_life,['สินทรัพย์']
41193356,,,
41193667,Krungthai AXA,non_life,"['กรุงไทยแอกซ่า', 'axa', 'แอกซ่า', 'แอกซา', 'เเอกซ่า', 'แอคซ่า', 'เเอคซา', 'กรุงไทยแอกซา', 'แอ๊คซ่า', 'แอ๊กซ่า', 'เเอกซ่า', 'axxa']"
41196134,,,
41196964,เอเชียประกันภัย,non_life,"['เอเชียประกันภัย', 'เอเชีย', 'asia']"
41197582,AIA,life,"['aia', 'เอไอเอ']"
41200918,,,
41202185,,,
41203115,,,
41203302,สินมั่นคง,non_life,"['สินมั่นคง', 'สินมั่งคง']"
41203727,,,
41205101,,,
41207667,,,
41208024,,,
41208195,Krungthai AXA,non_life,"['กรุงไทยแอกซ่า', 'axa', 'แอกซ่า', 'แอกซา', 'เเอกซ่า', 'แอคซ่า', 'เเอคซา', 'กรุงไทยแอกซา', 'แอ๊คซ่า', 'แอ๊กซ่า', 'เเอกซ่า', 'axxa']"
41208195,Krungthai AXA,non_life,"['กรุงไทยแอกซ่า', 'axa', 'แอกซ่า', 'แอกซา', 'เเอกซ่า', 'แอคซ่า', 'เเอคซา', 'กรุงไทยแอกซา', 'แอ๊คซ่า', 'แอ๊กซ่า', 'เเอกซ่า', 'axxa']"
41208195,Cigna,life,"['cigna', 'ซิกน่า', 'ซิกม่า']"
41208195,Cigna,life,"['cigna', 'ซิกน่า', 'ซิกม่า']"
41208721,,,
41208953,,,
41209370,สินมั่นคง,non_life,"['สินมั่นคง', 'สินมั่งคง']"
41210666,ทิพยประกันภัย,non_life,"['ทิพย', 'ทิพยประกันภัย', 'dip', 'dhp', 'tip']"
41214502,,,
41216447,วิริยะประกันภัย,non_life,"['วิริยะ', 'viriyah', 'วรย', 'วิริยา']"
41216447,ธนชาตประกันภัย,non_life,"['ธนชาตประกันภัย', 'ธนชาต', 'ธนชาติ', 'ประกันภัยสีส้ม']"
41216447,AIOI,non_life,"['aioi', 'ไอโออิ']"
41216447,กรุงเทพประกันภัย,non_life,"['กรุงเทพประกันภัย', 'bangkok insurance', 'กรุงเทพ', 'bki']"
41218299,วิริยะประกันภัย,non_life,"['วิริยะ', 'viriyah', 'วรย', 'วิริยา']"
41218299,วิริยะประกันภัย,non_life,"['วิริยะ', 'viriyah', 'วรย', 'วิริยา']"
41218299,เมืองไทยประกันชีวิต,life,"['เมืองไทยประกันชีวิต', 'เมืองไทย', 'muangthai', 'mtl', 'ประกันชีวิตสีชมพู']"
41218299,เมืองไทยประกันชีวิต,life,"['เมืองไทยประกันชีวิต', 'เมืองไทย', 'muangthai', 'mtl', 'ประกันชีวิตสีชมพู']"
41218299,ไทยประกันชีวิต,life,"['ไทยประกันชีวิต', 'ไทยประกัน']"
41218299,ไทยประกันชีวิต,life,"['ไทยประกันชีวิต', 'ไทยประกัน']"
41218299,กรุงเทพประกันภัย,non_life,"['กรุงเทพประกันภัย', 'bangkok insurance', 'กรุงเทพ', 'bki']"
41218299,กรุงเทพประกันภัย,non_life,"['กรุงเทพประกันภัย', 'bangkok insurance', 'กรุงเทพ', 'bki']"
41219410,Krungsri First Choice,broker,"['first choice', 'กรุงศรี เฟิร์สช้อยส์', 'กรุงศรีเฟิร์สช้อย', 'เฟิสช้อย', 'เฟริสช้อย']"
41219410,Krungsri First Choice,broker,"['first choice', 'กรุงศรี เฟิร์สช้อยส์', 'กรุงศรีเฟิร์สช้อย', 'เฟิสช้อย', 'เฟริสช้อย']"
41219410,Krungsri First Choice,broker,"['first choice', 'กรุงศรี เฟิร์สช้อยส์', 'กรุงศรีเฟิร์สช้อย', 'เฟิสช้อย', 'เฟริสช้อย']"
41219410,TVD Broker,broker,"['tvd', 'ทีวีดี']"
41219410,TVD Broker,broker,"['tvd', 'ทีวีดี']"
41219410,TVD Broker,broker,"['tvd', 'ทีวีดี']"
41219410,เมืองไทยประกันชีวิต,life,"['เมืองไทยประกันชีวิต', 'เมืองไทย', 'muangthai', 'mtl', 'ประกันชีวิตสีชมพู']"
41219410,เมืองไทยประกันชีวิต,life,"['เมืองไทยประกันชีวิต', 'เมืองไทย', 'muangthai', 'mtl', 'ประกันชีวิตสีชมพู']"
41219410,เมืองไทยประกันชีวิต,life,"['เมืองไทยประกันชีวิต', 'เมืองไทย', 'muangthai', 'mtl', 'ประกันชีวิตสีชมพู']"
41219410,ไทยประกันชีวิต,life,"['ไทยประกันชีวิต', 'ไทยประกัน']"
41219410,ไทยประกันชีวิต,life,"['ไทยประกันชีวิต', 'ไทยประกัน']"
41219410,ไทยประกันชีวิต,life,"['ไทยประกันชีวิต', 'ไทยประกัน']"
41219410,เมืองไทยประกันภัย,non_life,['เมืองไทยประกันภัย']
41219410,เมืองไทยประกันภัย,non_life,['เมืองไทยประกันภัย']
41219410,เมืองไทยประกันภัย,non_life,['เมืองไทยประกันภัย']
41219410,ไทยประกันภัย,non_life,['ไทยประกันภัย']
41219410,ไทยประกันภัย,non_life,['ไทยประกันภัย']
41219410,ไทยประกันภัย,non_life,['ไทยประกันภัย']
41221449,วิริยะประกันภัย,non_life,"['วิริยะ', 'viriyah', 'วรย', 'วิริยา']"
41224409,,,
41225129,ธนาคารกรุงไทย,broker,['ธนาคารกรุงไทย']
41225129,ธนาคารกรุงไทย,broker,['ธนาคารกรุงไทย']
41225129,ทิพยประกันภัย,non_life,"['ทิพย', 'ทิพยประกันภัย', 'dip', 'dhp', 'tip']"
41225129,ทิพยประกันภัย,non_life,"['ทิพย', 'ทิพยประกันภัย', 'dip', 'dhp', 'tip']"
41225129,กรุงไทยพานิชประกันภัย,non_life,"['kpi', 'กรุงไทยประกันภัย', 'กรุงไทย ธนวัฏ', 'กรุงไทยพานิช']"
41225129,กรุงไทยพานิชประกันภัย,non_life,"['kpi', 'กรุงไทยประกันภัย', 'กรุงไทย ธนวัฏ', 'กรุงไทยพานิช']"
41225906,เมืองไทยประกันชีวิต,life,"['เมืองไทยประกันชีวิต', 'เมืองไทย', 'muangthai', 'mtl', 'ประกันชีวิตสีชมพู']"
41225906,เมืองไทยประกันชีวิต,life,"['เมืองไทยประกันชีวิต', 'เมืองไทย', 'muangthai', 'mtl', 'ประกันชีวิตสีชมพู']"
41225906,ไทยประกันชีวิต,life,"['ไทยประกันชีวิต', 'ไทยประกัน']"
41225906,ไทยประกันชีวิต,life,"['ไทยประกันชีวิต', 'ไทยประกัน']"
41225906,Krungsri First Choice,broker,"['first choice', 'กรุงศรี เฟิร์สช้อยส์', 'กรุงศรีเฟิร์สช้อย', 'เฟิสช้อย', 'เฟริสช้อย']"
41225906,Krungsri First Choice,broker,"['first choice', 'กรุงศรี เฟิร์สช้อยส์', 'กรุงศรีเฟิร์สช้อย', 'เฟิสช้อย', 'เฟริสช้อย']"
41225906,TVD Broker,broker,"['tvd', 'ทีวีดี']"
41225906,TVD Broker,broker,"['tvd', 'ทีวีดี']"
41227910,FWD,life,"['fwd', 'เอฟดับบลิวดี', 'fwd ประกันชีวิต']"
41227910,FWD,life,"['fwd', 'เอฟดับบลิวดี', 'fwd ประกันชีวิต']"
41227910,กรุงเทพประกันภัย,non_life,"['กรุงเทพประกันภัย', 'bangkok insurance', 'กรุงเทพ', 'bki']"
41227910,กรุงเทพประกันภัย,non_life,"['กรุงเทพประกันภัย', 'bangkok insurance', 'กรุงเทพ', 'bki']"
41228050,,,
41228497,,,
41230349,ทิพยประกันภัย,non_life,"['ทิพย', 'ทิพยประกันภัย', 'dip', 'dhp', 'tip']"
41231309,,,
41231784,,,
41231909,เอเชียประกันภัย,non_life,"['เอเชียประกันภัย', 'เอเชีย', 'asia']"
41233646,,,
41234054,สินมั่นคง,non_life,"['สินมั่นคง', 'สินมั่งคง']"
41234054,สินมั่นคง,non_life,"['สินมั่นคง', 'สินมั่งคง']"
41234054,อาคเนย์,non_life,"['อาคเนย์', 'aekn']"
41234054,อาคเนย์,non_life,"['อาคเนย์', 'aekn']"
41234054,เอเชียประกันภัย,non_life,"['เอเชียประกันภัย', 'เอเชีย', 'asia']"
41234054,เอเชียประกันภัย,non_life,"['เอเชียประกันภัย', 'เอเชีย', 'asia']"
41234054,เมืองไทยประกันชีวิต,life,"['เมืองไทยประกันชีวิต', 'เมืองไทย', 'muangthai', 'mtl', 'ประกันชีวิตสีชมพู']"
41234054,เมืองไทยประกันชีวิต,life,"['เมืองไทยประกันชีวิต', 'เมืองไทย', 'muangthai', 'mtl', 'ประกันชีวิตสีชมพู']"
41234224,ไทยประกันชีวิต,life,"['ไทยประกันชีวิต', 'ไทยประกัน']"
41234224,ไทยประกันชีวิต,life,"['ไทยประกันชีวิต', 'ไทยประกัน']"
41234224,ไทยประกันภัย,non_life,['ไทยประกันภัย']
41234224,ไทยประกันภัย,non_life,['ไทยประกันภัย']
41235080,,,
41236602,Allianz Ayudhya,life,"['allianz', 'อลิอันซ์', 'อลิอันซ์อยุธยา', 'azay', 'อริอันซ์ อยุธยา', 'อลิอันช์', 'alianz ayudhya', 'az y']"
41238075,Chubb,non_life,"['chubb', 'ชับบ์', 'chuub', 'ชับ สามัคคี']"
41241371,TQM,broker,"['tqm', 'ทีคิวเอ็ม']"
41241608,อาคเนย์,non_life,"['อาคเนย์', 'aekn']"
41242403,วิริยะประกันภัย,non_life,"['วิริยะ', 'viriyah', 'วรย', 'วิริยา']"
41243381,,,
41245144,Cigna,life,"['cigna', 'ซิกน่า', 'ซิกม่า']"
41246253,อาคเนย์,non_life,"['อาคเนย์', 'aekn']"
41247585,,,
41248111,,,
41248851,อาคเนย์,non_life,"['อาคเนย์', 'aekn']"
41248961,Chubb,non_life,"['chubb', 'ชับบ์', 'chuub', 'ชับ สามัคคี']"
41248961,Chubb,non_life,"['chubb', 'ชับบ์', 'chuub', 'ชับ สามัคคี']"
41248961,Krungsri First Choice,broker,"['first choice', 'กรุงศรี เฟิร์สช้อยส์', 'กรุงศรีเฟิร์สช้อย', 'เฟิสช้อย', 'เฟริสช้อย']"
41248961,Krungsri First Choice,broker,"['first choice', 'กรุงศรี เฟิร์สช้อยส์', 'กรุงศรีเฟิร์สช้อย', 'เฟิสช้อย', 'เฟริสช้อย']"
41251197,,,
41252285,,,
41255025,กรุงเทพประกันภัย,non_life,"['กรุงเทพประกันภัย', 'bangkok insurance', 'กรุงเทพ', 'bki']"
41255882,เมืองไทยประกันชีวิต,life,"['เมืองไทยประกันชีวิต', 'เมืองไทย', 'muangthai', 'mtl', 'ประกันชีวิตสีชมพู']"
41255882,เมืองไทยประกันชีวิต,life,"['เมืองไทยประกันชีวิต', 'เมืองไทย', 'muangthai', 'mtl', 'ประกันชีวิตสีชมพู']"
41255882,ไทยประกันชีวิต,life,"['ไทยประกันชีวิต', 'ไทยประกัน']"
41255882,ไทยประกันชีวิต,life,"['ไทยประกันชีวิต', 'ไทยประกัน']"
41255882,เมืองไทยประกันภัย,non_life,['เมืองไทยประกันภัย']
41255882,เมืองไทยประกันภัย,non_life,['เมืองไทยประกันภัย']
41255882,ไทยประกันภัย,non_life,['ไทยประกันภัย']
41255882,ไทยประกันภัย,non_life,['ไทยประกันภัย']
41257517,,,
41259559,อาคเนย์,non_life,"['อาคเนย์', 'aekn']"
41261300,,,
41262164,,,
41262174,เมืองไทยประกันชีวิต,life,"['เมืองไทยประกันชีวิต', 'เมืองไทย', 'muangthai', 'mtl', 'ประกันชีวิตสีชมพู']"
41262282,,,
41262724,กรุงเทพประกันภัย,non_life,"['กรุงเทพประกันภัย', 'bangkok insurance', 'กรุงเทพ', 'bki']"
41263558,อาคเนย์,non_life,"['อาคเนย์', 'aekn']"
41263558,ทิพยประกันภัย,non_life,"['ทิพย', 'ทิพยประกันภัย', 'dip', 'dhp', 'tip']"
41263558,นวกิจประกันภัย,non_life,['นวกิจ']
41263809,กรุงเทพประกันภัย,non_life,"['กรุงเทพประกันภัย', 'bangkok insurance', 'กรุงเทพ', 'bki']"
41266971,สินมั่นคง,non_life,"['สินมั่นคง', 'สินมั่งคง']"
41267299,AIA,life,"['aia', 'เอไอเอ']"
41267299,AIA,life,"['aia', 'เอไอเอ']"
41267299,ANC,broker,"['anc', 'เอเอ็นซี']"
41267299,ANC,broker,"['anc', 'เอเอ็นซี']"
41268621,,,
41268804,,,
41272114,FWD,life,"['fwd', 'เอฟดับบลิวดี', 'fwd ประกันชีวิต']"
41272114,FWD,life,"['fwd', 'เอฟดับบลิวดี', 'fwd ประกันชีวิต']"
41272114,SCB,broker,"['scb', 'ไทยพาณิชย์', 'ไทยพานิชย์', 'ธนาคารสีม่วง', 'cardx']"
41272114,SCB,broker,"['scb', 'ไทยพาณิชย์', 'ไทยพานิชย์', 'ธนาคารสีม่วง', 'cardx']"
41273971,สินมั่นคง,non_life,"['สินมั่นคง', 'สินมั่งคง']"
41275693,อาคเนย์,non_life,"['อาคเนย์', 'aekn']"
41275725,อาคเนย์,non_life,"['อาคเนย์', 'aekn']"
41276617,วิริยะประกันภัย,non_life,"['วิริยะ', 'viriyah', 'วรย', 'วิริยา']"
41276791,ไทยประกันชีวิต,life,"['ไทยประกันชีวิต', 'ไทยประกัน']"
41276791,ไทยประกันชีวิต,life,"['ไทยประกันชีวิต', 'ไทยประกัน']"
41276791,วิริยะประกันภัย,non_life,"['วิริยะ', 'viriyah', 'วรย', 'วิริยา']"
41276791,วิริยะประกันภัย,non_life,"['วิริยะ', 'viriyah', 'วรย', 'วิริยา']"
41276791,สินมั่นคง,non_life,"['สินมั่นคง', 'สินมั่งคง']"
41276791,สินมั่นคง,non_life,"['สินมั่นคง', 'สินมั่งคง']"
41276791,อาคเนย์,non_life,"['อาคเนย์', 'aekn']"
41276791,อาคเนย์,non_life,"['อาคเนย์', 'aekn']"
41276791,เอเชียประกันภัย,non_life,"['เอเชียประกันภัย', 'เอเชีย', 'asia']"
41276791,เอเชียประกันภัย,non_life,"['เอเชียประกันภัย', 'เอเชีย', 'asia']"
41276791,ไทยประกันภัย,non_life,['ไทยประกันภัย']
41276791,ไทยประกันภัย,non_life,['ไทยประกันภัย']
41276791,สินทรัพย์ประกันภัย,non_life,['สินทรัพย์']
41276791,สินทรัพย์ประกันภัย,non_life,['สินทรัพย์']
41277001,วิริยะประกันภัย,non_life,"['วิริยะ', 'viriyah', 'วรย', 'วิริยา']"
41278811,วิริยะประกันภัย,non_life,"['วิริยะ', 'viriyah', 'วรย', 'วิริยา']"
41278811,สินมั่นคง,non_life,"['สินมั่นคง', 'สินมั่งคง']"
41278811,อาคเนย์,non_life,"['อาคเนย์', 'aekn']"
41278811,เอเชียประกันภัย,non_life,"['เอเชียประกันภัย', 'เอเชีย', 'asia']"
41279568,อาคเนย์,non_life,"['อาคเนย์', 'aekn']"
41281196,LMG,non_life,"['lmg', 'แอลเอ็มจี']"
41281226,ทิพยประกันภัย,non_life,"['ทิพย', 'ทิพยประกันภัย', 'dip', 'dhp', 'tip']"
41282429,อาคเนย์,non_life,"['อาคเนย์', 'aekn']"
41282503,ไทยประกันชีวิต,life,"['ไทยประกันชีวิต', 'ไทยประกัน']"
41282503,ไทยประกันชีวิต,life,"['ไทยประกันชีวิต', 'ไทยประกัน']"
41282503,ไทยประกันภัย,non_life,['ไทยประกันภัย']
41282503,ไทยประกันภัย,non_life,['ไทยประกันภัย']
41282577,กรุงเทพประกันภัย,non_life,"['กรุงเทพประกันภัย', 'bangkok insurance', 'กรุงเทพ', 'bki']"
41283097,AIA,life,"['aia', 'เอไอเอ']"
41283750,,,
41284053,,,
41284433,,,
41284700,,,
41285886,,,
41287928,ANC,broker,"['anc', 'เอเอ็นซี']"
41288530,AIA,life,"['aia', 'เอไอเอ']"
41289485,,,
41290442,,,
41291438,,,
41291555,ธนชาตประกันภัย,non_life,"['ธนชาตประกันภัย', 'ธนชาต', 'ธนชาติ', 'ประกันภัยสีส้ม']"
41291555,ไทยศรีประกันภัย,non_life,['ไทยศรี']
41292386,,,
41292840,ทิพยประกันภัย,non_life,"['ทิพย', 'ทิพยประกันภัย', 'dip', 'dhp', 'tip']"
41292857,,,
41295072,สินมั่นคง,non_life,"['สินมั่นคง', 'สินมั่งคง']"
41295134,สินมั่นคง,non_life,"['สินมั่นคง', 'สินมั่งคง']"
41295165,สินทรัพย์ประกันภัย,non_life,['สินทรัพย์']
41295165,สินทรัพย์ประกันภัย,non_life,['สินทรัพย์']
41295165,TQM,broker,"['tqm', 'ทีคิวเอ็ม']"
41295165,TQM,broker,"['tqm', 'ทีคิวเอ็ม']"
41295236,ไทยประกันชีวิต,life,"['ไทยประกันชีวิต', 'ไทยประกัน']"
41295236,ไทยประกันชีวิต,life,"['ไทยประกันชีวิต', 'ไทยประกัน']"
41295236,ไทยประกันภัย,non_life,['ไทยประกันภัย']
41295236,ไทยประกันภัย,non_life,['ไทยประกันภัย']
41295808,ไทยประกันชีวิต,life,"['ไทยประกันชีวิต', 'ไทยประกัน']"
41295808,ไทยประกันชีวิต,life,"['ไทยประกันชีวิต', 'ไทยประกัน']"
41295808,ไทยประกันภัย,non_life,['ไทยประกันภัย']
41295808,ไทยประกันภัย,non_life,['ไทยประกันภัย']
41295893,วิริยะประกันภัย,non_life,"['วิริยะ', 'viriyah', 'วรย', 'วิริยา']"
41296266,,,
41296484,อาคเนย์,non_life,"['อาคเนย์', 'aekn']"
41296863,ไทยประกันชีวิต,life,"['ไทยประกันชีวิต', 'ไทยประกัน']"
41296863,ไทยประกันชีวิต,life,"['ไทยประกันชีวิต', 'ไทยประกัน']"
41296863,ไทยประกันภัย,non_life,['ไทยประกันภัย']
41296863,ไทยประกันภัย,non_life,['ไทยประกันภัย']
41296863,อาคเนย์,non_life,"['อาคเนย์', 'aekn']"
41296863,อาคเนย์,non_life,"['อาคเนย์', 'aekn']"
41297020,ไทยประกันชีวิต,life,"['ไทยประกันชีวิต', 'ไทยประกัน']"
41297020,ไทยประกันชีวิต,life,"['ไทยประกันชีวิต', 'ไทยประกัน']"
41297020,ไทยประกันภัย,non_life,['ไทยประกันภัย']
41297020,ไทยประกันภัย,non_life,['ไทยประกันภัย']
41297477,ไทยประกันชีวิต,life,"['ไทยประกันชีวิต', 'ไทยประกัน']"
41297477,ไทยประกันชีวิต,life,"['ไทยประกันชีวิต', 'ไทยประกัน']"
41297477,ไทยประกันภัย,non_life,['ไทยประกันภัย']
41297477,ไทยประกันภัย,non_life,['ไทยประกันภัย']
41297746,อาคเนย์,non_life,"['อาคเนย์', 'aekn']"
41298309,สินมั่นคง,non_life,"['สินมั่นคง', 'สินมั่งคง']"
41298353,ทิพยประกันภัย,non_life,"['ทิพย', 'ทิพยประกันภัย', 'dip', 'dhp', 'tip']"
41298584,,,
41299191,,,
41299674,,,
41299689,Krungthai AXA,non_life,"['กรุงไทยแอกซ่า', 'axa', 'แอกซ่า', 'แอกซา', 'เเอกซ่า', 'แอคซ่า', 'เเอคซา', 'กรุงไทยแอกซา', 'แอ๊คซ่า', 'แอ๊กซ่า', 'เเอกซ่า', 'axxa']"
41299738,ทิพยประกันภัย,non_life,"['ทิพย', 'ทิพยประกันภัย', 'dip', 'dhp', 'tip']"
41299738,กรุงเทพประกันภัย,non_life,"['กรุงเทพประกันภัย', 'bangkok insurance', 'กรุงเทพ', 'bki']"
41299925,,,
41300710,อาคเนย์,non_life,"['อาคเนย์', 'aekn']"
41301486,เอเชียประกันภัย,non_life,"['เอเชียประกันภัย', 'เอเชีย', 'asia']"
41301611,สินมั่นคง,non_life,"['สินมั่นคง', 'สินมั่งคง']"
41301672,,,
41302738,วิริยะประกันภัย,non_life,"['วิริยะ', 'viriyah', 'วรย', 'วิริยา']"
41303131,วิริยะประกันภัย,non_life,"['วิริยะ', 'viriyah', 'วรย', 'วิริยา']"
41303344,สินมั่นคง,non_life,"['สินมั่นคง', 'สินมั่งคง']"
41303703,เมืองไทยประกันชีวิต,life,"['เมืองไทยประกันชีวิต', 'เมืองไทย', 'muangthai', 'mtl', 'ประกันชีวิตสีชมพู']"
41303703,เมืองไทยประกันชีวิต,life,"['เมืองไทยประกันชีวิต', 'เมืองไทย', 'muangthai', 'mtl', 'ประกันชีวิตสีชมพู']"
41303703,ไทยประกันชีวิต,life,"['ไทยประกันชีวิต', 'ไทยประกัน']"
41303703,ไทยประกันชีวิต,life,"['ไทยประกันชีวิต', 'ไทยประกัน']"
41303703,เมืองไทยประกันภัย,non_life,['เมืองไทยประกันภัย']
41303703,เมืองไทยประกันภัย,non_life,['เมืองไทยประกันภัย']
41303703,ไทยประกันภัย,non_life,['ไทยประกันภัย']
41303703,ไทยประกันภัย,non_life,['ไทยประกันภัย']
41304017,อาคเนย์,non_life,"['อาคเนย์', 'aekn']"
41304117,อาคเนย์,non_life,"['อาคเนย์', 'aekn']"
41304383,ไทยประกันชีวิต,life,"['ไทยประกันชีวิต', 'ไทยประกัน']"
41304383,ไทยประกันชีวิต,life,"['ไทยประกันชีวิต', 'ไทยประกัน']"
41304383,อาคเนย์,non_life,"['อาคเนย์', 'aekn']"
41304383,อาคเนย์,non_life,"['อาคเนย์', 'aekn']"
41304383,ไทยประกันภัย,non_life,['ไทยประกันภัย']
41304383,ไทยประกันภัย,non_life,['ไทยประกันภัย']
41305424,อาคเนย์,non_life,"['อาคเนย์', 'aekn']"
41305928,Allianz Ayudhya,life,"['allianz', 'อลิอันซ์', 'อลิอันซ์อยุธยา', 'azay', 'อริอันซ์ อยุธยา', 'อลิอันช์', 'alianz ayudhya', 'az y']"
41305928,Allianz Ayudhya,life,"['allianz', 'อลิอันซ์', 'อลิอันซ์อยุธยา', 'azay', 'อริอันซ์ อยุธยา', 'อลิอันช์', 'alianz ayudhya', 'az y']"
41305928,Krungthai AXA,non_life,"['กรุงไทยแอกซ่า', 'axa', 'แอกซ่า', 'แอกซา', 'เเอกซ่า', 'แอคซ่า', 'เเอคซา', 'กรุงไทยแอกซา', 'แอ๊คซ่า', 'แอ๊กซ่า', 'เเอกซ่า', 'axxa']"
41305928,Krungthai AXA,non_life,"['กรุงไทยแอกซ่า', 'axa', 'แอกซ่า', 'แอกซา', 'เเอกซ่า', 'แอคซ่า', 'เเอคซา', 'กรุงไทยแอกซา', 'แอ๊คซ่า', 'แอ๊กซ่า', 'เเอกซ่า', 'axxa']"
41305949,Allianz Ayudhya,life,"['allianz', 'อลิอันซ์', 'อลิอันซ์อยุธยา', 'azay', 'อริอันซ์ อยุธยา', 'อลิอันช์', 'alianz ayudhya', 'az y']"
41305949,Allianz Ayudhya,life,"['allianz', 'อลิอันซ์', 'อลิอันซ์อยุธยา', 'azay', 'อริอันซ์ อยุธยา', 'อลิอันช์', 'alianz ayudhya', 'az y']"
41305949,Krungthai AXA,non_life,"['กรุงไทยแอกซ่า', 'axa', 'แอกซ่า', 'แอกซา', 'เเอกซ่า', 'แอคซ่า', 'เเอคซา', 'กรุงไทยแอกซา', 'แอ๊คซ่า', 'แอ๊กซ่า', 'เเอกซ่า', 'axxa']"
41305949,Krungthai AXA,non_life,"['กรุงไทยแอกซ่า', 'axa', 'แอกซ่า', 'แอกซา', 'เเอกซ่า', 'แอคซ่า', 'เเอคซา', 'กรุงไทยแอกซา', 'แอ๊คซ่า', 'แอ๊กซ่า', 'เเอกซ่า', 'axxa']"
41306049,อาคเนย์,non_life,"['อาคเนย์', 'aekn']"
41306130,FWD,life,"['fwd', 'เอฟดับบลิวดี', 'fwd ประกันชีวิต']"
41306659,อาคเนย์,non_life,"['อาคเนย์', 'aekn']"
41307109,เมืองไทยประกันชีวิต,life,"['เมืองไทยประกันชีวิต', 'เมืองไทย', 'muangthai', 'mtl', 'ประกันชีวิตสีชมพู']"
41307226,สินมั่นคง,non_life,"['สินมั่นคง', 'สินมั่งคง']"
41307959,สินทรัพย์ประกันภัย,non_life,['สินทรัพย์']
41307989,ไทยประกันชีวิต,life,"['ไทยประกันชีวิต', 'ไทยประกัน']"
41307989,ไทยประกันชีวิต,life,"['ไทยประกันชีวิต', 'ไทยประกัน']"
41307989,สินมั่นคง,non_life,"['สินมั่นคง', 'สินมั่งคง']"
41307989,สินมั่นคง,non_life,"['สินมั่นคง', 'สินมั่งคง']"
41307989,ไทยประกันภัย,non_life,['ไทยประกันภัย']
41307989,ไทยประกันภัย,non_life,['ไทยประกันภัย']
41308600,วิริยะประกันภัย,non_life,"['วิริยะ', 'viriyah', 'วรย', 'วิริยา']"
41308904,สินมั่นคง,non_life,"['สินมั่นคง', 'สินมั่งคง']"
41309783,,,
41309907,อาคเนย์,non_life,"['อาคเนย์', 'aekn']"
41309907,กรุงเทพประกันภัย,non_life,"['กรุงเทพประกันภัย', 'bangkok insurance', 'กรุงเทพ', 'bki']"
41310126,เมืองไทยประกันชีวิต,life,"['เมืองไทยประกันชีวิต', 'เมืองไทย', 'muangthai', 'mtl', 'ประกันชีวิตสีชมพู']"
41310126,ไทยประกันชีวิต,life,"['ไทยประกันชีวิต', 'ไทยประกัน']"
41310137,สินมั่นคง,non_life,"['สินมั่นคง', 'สินมั่งคง']"
41310752,อาคเนย์,non_life,"['อาคเนย์', 'aekn']"
41310828,Cigna,life,"['cigna', 'ซิกน่า', 'ซิกม่า']"
41311145,อาคเนย์,non_life,"['อาคเนย์', 'aekn']"
41311145,วิริยะประกันภัย,non_life,"['วิริยะ', 'viriyah', 'วรย', 'วิริยา']"
41311150,วิริยะประกันภัย,non_life,"['วิริยะ', 'viriyah', 'วรย', 'วิริยา']"
41311177,สินมั่นคง,non_life,"['สินมั่นคง', 'สินมั่งคง']"
41311325,กรุงเทพประกันภัย,non_life,"['กรุงเทพประกันภัย', 'bangkok insurance', 'กรุงเทพ', 'bki']"
41311325,กรุงเทพประกันภัย,non_life,"['กรุงเทพประกันภัย', 'bangkok insurance', 'กรุงเทพ', 'bki']"
41311325,ANC,broker,"['anc', 'เอเอ็นซี']"
41311325,ANC,broker,"['anc', 'เอเอ็นซี']"
41312479,,,
41312974,,,
41313009,,,
41313336,สินมั่นคง,non_life,"['สินมั่นคง', 'สินมั่งคง']"
41313713,วิริยะประกันภัย,non_life,"['วิริยะ', 'viriyah', 'วรย', 'วิริยา']"
41313885,,,
41313993,วิริยะประกันภัย,non_life,"['วิริยะ', 'viriyah', 'วรย', 'วิริยา']"
41314054,,,
41314609,วิริยะประกันภัย,non_life,"['วิริยะ', 'viriyah', 'วรย', 'วิริยา']"
41314812,,,
41315730,อาคเนย์,non_life,"['อาคเนย์', 'aekn']"
41316780,ทิพยประกันภัย,non_life,"['ทิพย', 'ทิพยประกันภัย', 'dip', 'dhp', 'tip']"
41316931,Cigna,life,"['cigna', 'ซิกน่า', 'ซิกม่า']"
41317313,ทิพยประกันภัย,non_life,"['ทิพย', 'ทิพยประกันภัย', 'dip', 'dhp', 'tip']"
41317722,Allianz Ayudhya,life,"['allianz', 'อลิอันซ์', 'อลิอันซ์อยุธยา', 'azay', 'อริอันซ์ อยุธยา', 'อลิอันช์', 'alianz ayudhya', 'az y']"
41318397,,,
41318548,,,
41319090,Cigna,life,"['cigna', 'ซิกน่า', 'ซิกม่า']"
41320407,ไทยประกันชีวิต,life,"['ไทยประกันชีวิต', 'ไทยประกัน']"
41320407,ไทยประกันชีวิต,life,"['ไทยประกันชีวิต', 'ไทยประกัน']"
41320407,ไทยประกันภัย,non_life,['ไทยประกันภัย']
41320407,ไทยประกันภัย,non_life,['ไทยประกันภัย']
41320517,อาคเนย์,non_life,"['อาคเนย์', 'aekn']"
41320647,กลางคุ้มครองผู้ประสบภัย,non_life,"['บ.กลางคุ้มครอง', 'บจก. กลาง']"
41320647,ทิพยประกันภัย,non_life,"['ทิพย', 'ทิพยประกันภัย', 'dip', 'dhp', 'tip']"
41321311,,,
41321384,เมืองไทยประกันชีวิต,life,"['เมืองไทยประกันชีวิต', 'เมืองไทย', 'muangthai', 'mtl', 'ประกันชีวิตสีชมพู']"
41322210,ทิพยประกันภัย,non_life,"['ทิพย', 'ทิพยประกันภัย', 'dip', 'dhp', 'tip']"
41322543,สินมั่นคง,non_life,"['สินมั่นคง', 'สินมั่งคง']"
41322976,วิริยะประกันภัย,non_life,"['วิริยะ', 'viriyah', 'วรย', 'วิริยา']"
41324281,ทิพยประกันภัย,non_life,"['ทิพย', 'ทิพยประกันภัย', 'dip', 'dhp', 'tip']"
41324506,,,
41324622,,,
41324824,สินมั่นคง,non_life,"['สินมั่นคง', 'สินมั่งคง']"
41324824,สินมั่นคง,non_life,"['สินมั่นคง', 'สินมั่งคง']"
41324824,กสิกรไทย,broker,"['กสิกร', 'k bank', 'แบงค์เขียว']"
41324824,กสิกรไทย,broker,"['กสิกร', 'k bank', 'แบงค์เขียว']"
41325076,อาคเนย์,non_life,"['อาคเนย์', 'aekn']"
41325368,วิริยะประกันภัย,non_life,"['วิริยะ', 'viriyah', 'วรย', 'วิริยา']"
41325950,สินมั่นคง,non_life,"['สินมั่นคง', 'สินมั่งคง']"
41326100,,,
41326143,,,
41326803,,,
41326996,วิริยะประกันภัย,non_life,"['วิริยะ', 'viriyah', 'วรย', 'วิริยา']"
41327205,เมืองไทยประกันชีวิต,life,"['เมืองไทยประกันชีวิต', 'เมืองไทย', 'muangthai', 'mtl', 'ประกันชีวิตสีชมพู']"
41327205,เมืองไทยประกันชีวิต,life,"['เมืองไทยประกันชีวิต', 'เมืองไทย', 'muangthai', 'mtl', 'ประกันชีวิตสีชมพู']"
41327205,ไทยประกันชีวิต,life,"['ไทยประกันชีวิต', 'ไทยประกัน']"
41327205,ไทยประกันชีวิต,life,"['ไทยประกันชีวิต', 'ไทยประกัน']"
41327205,เมืองไทยประกันภัย,non_life,['เมืองไทยประกันภัย']
41327205,เมืองไทยประกันภัย,non_life,['เมืองไทยประกันภัย']
41327205,ไทยประกันภัย,non_life,['ไทยประกันภัย']
41327205,ไทยประกันภัย,non_life,['ไทยประกันภัย']
41327205,AIA,life,"['aia', 'เอไอเอ']"
41327205,AIA,life,"['aia', 'เอไอเอ']"
41327233,,,
41327332,เมืองไทยประกันชีวิต,life,"['เมืองไทยประกันชีวิต', 'เมืองไทย', 'muangthai', 'mtl', 'ประกันชีวิตสีชมพู']"
41327332,เมืองไทยประกันชีวิต,life,"['เมืองไทยประกันชีวิต', 'เมืองไทย', 'muangthai', 'mtl', 'ประกันชีวิตสีชมพู']"
41327332,ไทยประกันชีวิต,life,"['ไทยประกันชีวิต', 'ไทยประกัน']"
41327332,ไทยประกันชีวิต,life,"['ไทยประกันชีวิต', 'ไทยประกัน']"
41327332,เมืองไทยประกันภัย,non_life,['เมืองไทยประกันภัย']
41327332,เมืองไทยประกันภัย,non_life,['เมืองไทยประกันภัย']
41327332,ไทยประกันภัย,non_life,['ไทยประกันภัย']
41327332,ไทยประกันภัย,non_life,['ไทยประกันภัย']
41327507,กรุงเทพประกันภัย,non_life,"['กรุงเทพประกันภัย', 'bangkok insurance', 'กรุงเทพ', 'bki']"
41328197,อาคเนย์,non_life,"['อาคเนย์', 'aekn']"
41328239,,,
41328610,กรุงเทพประกันภัย,non_life,"['กรุงเทพประกันภัย', 'bangkok insurance', 'กรุงเทพ', 'bki']"
41329361,สินมั่นคง,non_life,"['สินมั่นคง', 'สินมั่งคง']"
41329887,ทิพยประกันภัย,non_life,"['ทิพย', 'ทิพยประกันภัย', 'dip', 'dhp', 'tip']"
41330366,วิริยะประกันภัย,non_life,"['วิริยะ', 'viriyah', 'วรย', 'วิริยา']"
41330435,AIG,non_life,"['aig', 'เอไอจี']"
41330435,AIG,non_life,"['aig', 'เอไอจี']"
41330435,ทหารไทยธนชาต,broker,"['ทหารไทยธนชาต', 'ttb', 'tmb', 'ธนาคารทหารไทย', 'ทหารไทย']"
41330435,ทหารไทยธนชาต,broker,"['ทหารไทยธนชาต', 'ttb', 'tmb', 'ธนาคารทหารไทย', 'ทหารไทย']"
41330531,สินมั่นคง,non_life,"['สินมั่นคง', 'สินมั่งคง']"
41330749,เอเชียประกันภัย,non_life,"['เอเชียประกันภัย', 'เอเชีย', 'asia']"
41330903,ทิพยประกันภัย,non_life,"['ทิพย', 'ทิพยประกันภัย', 'dip', 'dhp', 'tip']"
41330966,สินมั่นคง,non_life,"['สินมั่นคง', 'สินมั่งคง']"
41331164,,,
41331959,นวกิจประกันภัย,non_life,['นวกิจ']
41331989,สินมั่นคง,non_life,"['สินมั่นคง', 'สินมั่งคง']"
41332955,กรุงเทพประกันภัย,non_life,"['กรุงเทพประกันภัย', 'bangkok insurance', 'กรุงเทพ', 'bki']"
41333589,,,
41334656,สินมั่นคง,non_life,"['สินมั่นคง', 'สินมั่งคง']"
41334691,Chubb,non_life,"['chubb', 'ชับบ์', 'chuub', 'ชับ สามัคคี']"
41334806,FWD,life,"['fwd', 'เอฟดับบลิวดี', 'fwd ประกันชีวิต']"
41335352,Allianz Ayudhya,life,"['allianz', 'อลิอันซ์', 'อลิอันซ์อยุธยา', 'azay', 'อริอันซ์ อยุธยา', 'อลิอันช์', 'alianz ayudhya', 'az y']"
41335352,Allianz Ayudhya,life,"['allianz', 'อลิอันซ์', 'อลิอันซ์อยุธยา', 'azay', 'อริอันซ์ อยุธยา', 'อลิอันช์', 'alianz ayudhya', 'az y']"
41335352,สินมั่นคง,non_life,"['สินมั่นคง', 'สินมั่งคง']"
41335352,สินมั่นคง,non_life,"['สินมั่นคง', 'สินมั่งคง']"
41335352,AIG,non_life,"['aig', 'เอไอจี']"
41335352,AIG,non_life,"['aig', 'เอไอจี']"
41335782,Allianz Ayudhya,life,"['allianz', 'อลิอันซ์', 'อลิอันซ์อยุธยา', 'azay', 'อริอันซ์ อยุธยา', 'อลิอันช์', 'alianz ayudhya', 'az y']"
41335828,ทิพยประกันภัย,non_life,"['ทิพย', 'ทิพยประกันภัย', 'dip', 'dhp', 'tip']"
41335878,กรุงเทพประกันภัย,non_life,"['กรุงเทพประกันภัย', 'bangkok insurance', 'กรุงเทพ', 'bki']"
41335923,สินมั่นคง,non_life,"['สินมั่นคง', 'สินมั่งคง']"
41336024,ไทยประกันชีวิต,life,"['ไทยประกันชีวิต', 'ไทยประกัน']"
41336024,ไทยประกันชีวิต,life,"['ไทยประกันชีวิต', 'ไทยประกัน']"
41336024,ไทยประกันภัย,non_life,['ไทยประกันภัย']
41336024,ไทยประกันภัย,non_life,['ไทยประกันภัย']
41336085,ทิพยประกันภัย,non_life,"['ทิพย', 'ทิพยประกันภัย', 'dip', 'dhp', 'tip']"
41336085,สินมั่นคง,non_life,"['สินมั่นคง', 'สินมั่งคง']"
41336137,สินมั่นคง,non_life,"['สินมั่นคง', 'สินมั่งคง']"
41336362,สินมั่นคง,non_life,"['สินมั่นคง', 'สินมั่งคง']"
41336404,Cigna,life,"['cigna', 'ซิกน่า', 'ซิกม่า']"
41336575,วิริยะประกันภัย,non_life,"['วิริยะ', 'viriyah', 'วรย', 'วิริยา']"
41336734,,,
41337831,ทิพยประกันภัย,non_life,"['ทิพย', 'ทิพยประกันภัย', 'dip', 'dhp', 'tip']"
41338275,สยามสไมล์,broker,['สยามสไมล์']
41338314,เมืองไทยประกันชีวิต,life,"['เมืองไทยประกันชีวิต', 'เมืองไทย', 'muangthai', 'mtl', 'ประกันชีวิตสีชมพู']"
41338314,เมืองไทยประกันชีวิต,life,"['เมืองไทยประกันชีวิต', 'เมืองไทย', 'muangthai', 'mtl', 'ประกันชีวิตสีชมพู']"
41338314,ไทยประกันชีวิต,life,"['ไทยประกันชีวิต', 'ไทยประกัน']"
41338314,ไทยประกันชีวิต,life,"['ไทยประกันชีวิต', 'ไทยประกัน']"
41338314,เมืองไทยประกันภัย,non_life,['เมืองไทยประกันภัย']
41338314,เมืองไทยประกันภัย,non_life,['เมืองไทยประกันภัย']
41338314,ไทยประกันภัย,non_life,['ไทยประกันภัย']
41338314,ไทยประกันภัย,non_life,['ไทยประกันภัย']
41339382,วิริยะประกันภัย,non_life,"['วิริยะ', 'viriyah', 'วรย', 'วิริยา']"
41339382,วิริยะประกันภัย,non_life,"['วิริยะ', 'viriyah', 'วรย', 'วิริยา']"
41339382,TQM,broker,"['tqm', 'ทีคิวเอ็ม']"
41339382,TQM,broker,"['tqm', 'ทีคิวเอ็ม']"
41339986,เมืองไทยประกันชีวิต,life,"['เมืองไทยประกันชีวิต', 'เมืองไทย', 'muangthai', 'mtl', 'ประกันชีวิตสีชมพู']"
41339986,เมืองไทยประกันชีวิต,life,"['เมืองไทยประกันชีวิต', 'เมืองไทย', 'muangthai', 'mtl', 'ประกันชีวิตสีชมพู']"
41339986,ไทยประกันชีวิต,life,"['ไทยประกันชีวิต', 'ไทยประกัน']"
41339986,ไทยประกันชีวิต,life,"['ไทยประกันชีวิต', 'ไทยประกัน']"
41339986,เมืองไทยประกันภัย,non_life,['เมืองไทยประกันภัย']
41339986,เมืองไทยประกันภัย,non_life,['เมืองไทยประกันภัย']
41339986,ไทยประกันภัย,non_life,['ไทยประกันภัย']
41339986,ไทยประกันภัย,non_life,['ไทยประกันภัย']
41341859,วิริยะประกันภัย,non_life,"['วิริยะ', 'viriyah', 'วรย', 'วิริยา']"
41342624,Cigna,life,"['cigna', 'ซิกน่า', 'ซิกม่า']"
41343531,ทิพยประกันภัย,non_life,"['ทิพย', 'ทิพยประกันภัย', 'dip', 'dhp', 'tip']"
41343531,ทิพยประกันภัย,non_life,"['ทิพย', 'ทิพยประกันภัย', 'dip', 'dhp', 'tip']"
41343531,TQM,broker,"['tqm', 'ทีคิวเอ็ม']"
41343531,TQM,broker,"['tqm', 'ทีคิวเอ็ม']"
41343663,ทิพยประกันภัย,non_life,"['ทิพย', 'ทิพยประกันภัย', 'dip', 'dhp', 'tip']"
41343771,,,
41343864,สินมั่นคง,non_life,"['สินมั่นคง', 'สินมั่งคง']"
41344933,วิริยะประกันภัย,non_life,"['วิริยะ', 'viriyah', 'วรย', 'วิริยา']"
41345253,สินมั่นคง,non_life,"['สินมั่นคง', 'สินมั่งคง']"
41345265,Generali,non_life,"['generali', 'เจนเนอราลี่']"
41345265,ทิพยประกันภัย,non_life,"['ทิพย', 'ทิพยประกันภัย', 'dip', 'dhp', 'tip']"
41345346,Cigna,life,"['cigna', 'ซิกน่า', 'ซิกม่า']"
41345346,Cigna,life,"['cigna', 'ซิกน่า', 'ซิกม่า']"
41345346,ทหารไทยธนชาต,broker,"['ทหารไทยธนชาต', 'ttb', 'tmb', 'ธนาคารทหารไทย', 'ทหารไทย']"
41345346,ทหารไทยธนชาต,broker,"['ทหารไทยธนชาต', 'ttb', 'tmb', 'ธนาคารทหารไทย', 'ทหารไทย']"
41345518,สินมั่นคง,non_life,"['สินมั่นคง', 'สินมั่งคง']"
41345565,ทิพยประกันภัย,non_life,"['ทิพย', 'ทิพยประกันภัย', 'dip', 'dhp', 'tip']"
41346240,กรุงเทพประกันภัย,non_life,"['กรุงเทพประกันภัย', 'bangkok insurance', 'กรุงเทพ', 'bki']"
41346962,สินมั่นคง,non_life,"['สินมั่นคง', 'สินมั่งคง']"
41346962,อาคเนย์,non_life,"['อาคเนย์', 'aekn']"
41347154,ไทยประกันชีวิต,life,"['ไทยประกันชีวิต', 'ไทยประกัน']"
41347154,ไทยประกันชีวิต,life,"['ไทยประกันชีวิต', 'ไทยประกัน']"
41347154,ไทยประกันภัย,non_life,['ไทยประกันภัย']
41347154,ไทยประกันภัย,non_life,['ไทยประกันภัย']
41347539,เมืองไทยประกันชีวิต,life,"['เมืองไทยประกันชีวิต', 'เมืองไทย', 'muangthai', 'mtl', 'ประกันชีวิตสีชมพู']"
41347539,เมืองไทยประกันชีวิต,life,"['เมืองไทยประกันชีวิต', 'เมืองไทย', 'muangthai', 'mtl', 'ประกันชีวิตสีชมพู']"
41347539,ไทยประกันชีวิต,life,"['ไทยประกันชีวิต', 'ไทยประกัน']"
41347539,ไทยประกันชีวิต,life,"['ไทยประกันชีวิต', 'ไทยประกัน']"
41347539,เมืองไทยประกันภัย,non_life,['เมืองไทยประกันภัย']
41347539,เมืองไทยประกันภัย,non_life,['เมืองไทยประกันภัย']
41347539,ไทยประกันภัย,non_life,['ไทยประกันภัย']
41347539,ไทยประกันภัย,non_life,['ไทยประกันภัย']
41347674,ทิพยประกันภัย,non_life,"['ทิพย', 'ทิพยประกันภัย', 'dip', 'dhp', 'tip']"
41347720,วิริยะประกันภัย,non_life,"['วิริยะ', 'viriyah', 'วรย', 'วิริยา']"
41347742,ทิพยประกันภัย,non_life,"['ทิพย', 'ทิพยประกันภัย', 'dip', 'dhp', 'tip']"
41347872,อาคเนย์,non_life,"['อาคเนย์', 'aekn']"
41349031,สินมั่นคง,non_life,"['สินมั่นคง', 'สินมั่งคง']"
41349061,เมืองไทยประกันชีวิต,life,"['เมืองไทยประกันชีวิต', 'เมืองไทย', 'muangthai', 'mtl', 'ประกันชีวิตสีชมพู']"
41349061,เมืองไทยประกันชีวิต,life,"['เมืองไทยประกันชีวิต', 'เมืองไทย', 'muangthai', 'mtl', 'ประกันชีวิตสีชมพู']"
41349061,ไทยประกันชีวิต,life,"['ไทยประกันชีวิต', 'ไทยประกัน']"
41349061,ไทยประกันชีวิต,life,"['ไทยประกันชีวิต', 'ไทยประกัน']"
41349061,เมืองไทยประกันภัย,non_life,['เมืองไทยประกันภัย']
41349061,เมืองไทยประกันภัย,non_life,['เมืองไทยประกันภัย']
41349061,ไทยประกันภัย,non_life,['ไทยประกันภัย']
41349061,ไทยประกันภัย,non_life,['ไทยประกันภัย']
41349204,เมืองไทยประกันชีวิต,life,"['เมืองไทยประกันชีวิต', 'เมืองไทย', 'muangthai', 'mtl', 'ประกันชีวิตสีชมพู']"
41349204,เมืองไทยประกันชีวิต,life,"['เมืองไทยประกันชีวิต', 'เมืองไทย', 'muangthai', 'mtl', 'ประกันชีวิตสีชมพู']"
41349204,ไทยประกันชีวิต,life,"['ไทยประกันชีวิต', 'ไทยประกัน']"
41349204,ไทยประกันชีวิต,life,"['ไทยประกันชีวิต', 'ไทยประกัน']"
41349204,เมืองไทยประกันภัย,non_life,['เมืองไทยประกันภัย']
41349204,เมืองไทยประกันภัย,non_life,['เมืองไทยประกันภัย']
41349204,ไทยประกันภัย,non_life,['ไทยประกันภัย']
41349204,ไทยประกันภัย,non_life,['ไทยประกันภัย']
41349210,สินมั่นคง,non_life,"['สินมั่นคง', 'สินมั่งคง']"
41349489,สินมั่นคง,non_life,"['สินมั่นคง', 'สินมั่งคง']"
41349710,สินมั่นคง,non_life,"['สินมั่นคง', 'สินมั่งคง']"
41349969,,,
41350043,กรุงเทพประกันภัย,non_life,"['กรุงเทพประกันภัย', 'bangkok insurance', 'กรุงเทพ', 'bki']"
41350050,,,
41350272,รู้ใจประกันภัย,non_life,"['รู้ใจประกันภัย', 'ประกันรู้ใจ', 'ประกันจิงโจ้', 'roo jai', 'roojai']"
41350272,อาคเนย์,non_life,"['อาคเนย์', 'aekn']"
41350559,ทิพยประกันภัย,non_life,"['ทิพย', 'ทิพยประกันภัย', 'dip', 'dhp', 'tip']"
41350996,ทิพยประกันภัย,non_life,"['ทิพย', 'ทิพยประกันภัย', 'dip', 'dhp', 'tip']"
41351014,สินมั่นคง,non_life,"['สินมั่นคง', 'สินมั่งคง']"
41351065,เทเวศประกันภัย,non_life,['เทเวศ']
41351065,เทเวศประกันภัย,non_life,['เทเวศ']
41351065,SCB,broker,"['scb', 'ไทยพาณิชย์', 'ไทยพานิชย์', 'ธนาคารสีม่วง', 'cardx']"
41351065,SCB,broker,"['scb', 'ไทยพาณิชย์', 'ไทยพานิชย์', 'ธนาคารสีม่วง', 'cardx']"
41351101,,,
41351433,สินมั่นคง,non_life,"['สินมั่นคง', 'สินมั่งคง']"
41351924,ทิพยประกันภัย,non_life,"['ทิพย', 'ทิพยประกันภัย', 'dip', 'dhp', 'tip']"
41351952,,,
41352201,ไทยประกันชีวิต,life,"['ไทยประกันชีวิต', 'ไทยประกัน']"
41352201,ไทยประกันชีวิต,life,"['ไทยประกันชีวิต', 'ไทยประกัน']"
41352201,ไทยประกันชีวิต,life,"['ไทยประกันชีวิต', 'ไทยประกัน']"
41352201,เอเชียประกันภัย,non_life,"['เอเชียประกันภัย', 'เอเชีย', 'asia']"
41352201,เอเชียประกันภัย,non_life,"['เอเชียประกันภัย', 'เอเชีย', 'asia']"
41352201,เอเชียประกันภัย,non_life,"['เอเชียประกันภัย', 'เอเชีย', 'asia']"
41352201,ไทยประกันภัย,non_life,['ไทยประกันภัย']
41352201,ไทยประกันภัย,non_life,['ไทยประกันภัย']
41352201,ไทยประกันภัย,non_life,['ไทยประกันภัย']
41352201,สินทรัพย์ประกันภัย,non_life,['สินทรัพย์']
41352201,สินทรัพย์ประกันภัย,non_life,['สินทรัพย์']
41352201,สินทรัพย์ประกันภัย,non_life,['สินทรัพย์']
41352201,ANC,broker,"['anc', 'เอเอ็นซี']"
41352201,ANC,broker,"['anc', 'เอเอ็นซี']"
41352201,ANC,broker,"['anc', 'เอเอ็นซี']"
41352389,สินมั่นคง,non_life,"['สินมั่นคง', 'สินมั่งคง']"
41352450,อาคเนย์,non_life,"['อาคเนย์', 'aekn']"
41352638,วิริยะประกันภัย,non_life,"['วิริยะ', 'viriyah', 'วรย', 'วิริยา']"
41353053,,,
41353518,AIA,life,"['aia', 'เอไอเอ']"
41353518,AIA,life,"['aia', 'เอไอเอ']"
41353518,วิริยะประกันภัย,non_life,"['วิริยะ', 'viriyah', 'วรย', 'วิริยา']"
41353518,วิริยะประกันภัย,non_life,"['วิริยะ', 'viriyah', 'วรย', 'วิริยา']"
41355310,ทิพยประกันภัย,non_life,"['ทิพย', 'ทิพยประกันภัย', 'dip', 'dhp', 'tip']"
41356064,กรุงเทพประกันภัย,non_life,"['กรุงเทพประกันภัย', 'bangkok insurance', 'กรุงเทพ', 'bki']"
41356106,ทิพยประกันภัย,non_life,"['ทิพย', 'ทิพยประกันภัย', 'dip', 'dhp', 'tip']"
41356596,,,
41356830,กรุงเทพประกันภัย,non_life,"['กรุงเทพประกันภัย', 'bangkok insurance', 'กรุงเทพ', 'bki']"
41356831,ทิพยประกันภัย,non_life,"['ทิพย', 'ทิพยประกันภัย', 'dip', 'dhp', 'tip']"
41357880,สินมั่นคง,non_life,"['สินมั่นคง', 'สินมั่งคง']"
41358375,สินมั่นคง,non_life,"['สินมั่นคง', 'สินมั่งคง']"
41358429,วิริยะประกันภัย,non_life,"['วิริยะ', 'viriyah', 'วรย', 'วิริยา']"
41358429,วิริยะประกันภัย,non_life,"['วิริยะ', 'viriyah', 'วรย', 'วิริยา']"
41358429,AIA,life,"['aia', 'เอไอเอ']"
41358429,AIA,life,"['aia', 'เอไอเอ']"
41358591,,,
41359190,ทิพยประกันภัย,non_life,"['ทิพย', 'ทิพยประกันภัย', 'dip', 'dhp', 'tip']"
41359190,อาคเนย์,non_life,"['อาคเนย์', 'aekn']"
41359853,ทิพยประกันภัย,non_life,"['ทิพย', 'ทิพยประกันภัย', 'dip', 'dhp', 'tip']"
41359901,วิริยะประกันภัย,non_life,"['วิริยะ', 'viriyah', 'วรย', 'วิริยา']"
41360000,วิริยะประกันภัย,non_life,"['วิริยะ', 'viriyah', 'วรย', 'วิริยา']"
41360048,วิริยะประกันภัย,non_life,"['วิริยะ', 'viriyah', 'วรย', 'วิริยา']"
41360132,กรุงเทพประกันภัย,non_life,"['กรุงเทพประกันภัย', 'bangkok insurance', 'กรุงเทพ', 'bki']"
41360695,Krungthai AXA,non_life,"['กรุงไทยแอกซ่า', 'axa', 'แอกซ่า', 'แอกซา', 'เเอกซ่า', 'แอคซ่า', 'เเอคซา', 'กรุงไทยแอกซา', 'แอ๊คซ่า', 'แอ๊กซ่า', 'เเอกซ่า', 'axxa']"
41360820,สินมั่นคง,non_life,"['สินมั่นคง', 'สินมั่งคง']"
41360959,สินมั่นคง,non_life,"['สินมั่นคง', 'สินมั่งคง']"
41361292,เมืองไทยประกันชีวิต,life,"['เมืองไทยประกันชีวิต', 'เมืองไทย', 'muangthai', 'mtl', 'ประกันชีวิตสีชมพู']"
41361292,เมืองไทยประกันชีวิต,life,"['เมืองไทยประกันชีวิต', 'เมืองไทย', 'muangthai', 'mtl', 'ประกันชีวิตสีชมพู']"
41361292,กสิกรไทย,broker,"['กสิกร', 'k bank', 'แบงค์เขียว']"
41361292,กสิกรไทย,broker,"['กสิกร', 'k bank', 'แบงค์เขียว']"
41362016,วิริยะประกันภัย,non_life,"['วิริยะ', 'viriyah', 'วรย', 'วิริยา']"
41362435,นวกิจประกันภัย,non_life,['นวกิจ']
41363507,FWD,life,"['fwd', 'เอฟดับบลิวดี', 'fwd ประกันชีวิต']"
41363507,FWD,life,"['fwd', 'เอฟดับบลิวดี', 'fwd ประกันชีวิต']"
41363507,ANC,broker,"['anc', 'เอเอ็นซี']"
41363507,ANC,broker,"['anc', 'เอเอ็นซี']"
41363952,ทิพยประกันภัย,non_life,"['ทิพย', 'ทิพยประกันภัย', 'dip', 'dhp', 'tip']"
41364959,สินมั่นคง,non_life,"['สินมั่นคง', 'สินมั่งคง']"
41365920,กรุงเทพประกันภัย,non_life,"['กรุงเทพประกันภัย', 'bangkok insurance', 'กรุงเทพ', 'bki']"
41367187,,,
41367666,ทิพยประกันภัย,non_life,"['ทิพย', 'ทิพยประกันภัย', 'dip', 'dhp', 'tip']"
41368651,,,
41369038,สินมั่นคง,non_life,"['สินมั่นคง', 'สินมั่งคง']"
41369132,ทิพยประกันภัย,non_life,"['ทิพย', 'ทิพยประกันภัย', 'dip', 'dhp', 'tip']"
41369507,TVD Broker,broker,"['tvd', 'ทีวีดี']"
41370755,อาคเนย์,non_life,"['อาคเนย์', 'aekn']"
41370905,เมืองไทยประกันชีวิต,life,"['เมืองไทยประกันชีวิต', 'เมืองไทย', 'muangthai', 'mtl', 'ประกันชีวิตสีชมพู']"
41370905,เมืองไทยประกันชีวิต,life,"['เมืองไทยประกันชีวิต', 'เมืองไทย', 'muangthai', 'mtl', 'ประกันชีวิตสีชมพู']"
41370905,ไทยประกันชีวิต,life,"['ไทยประกันชีวิต', 'ไทยประกัน']"
41370905,ไทยประกันชีวิต,life,"['ไทยประกันชีวิต', 'ไทยประกัน']"
41370905,กรุงเทพประกันชีวิต,life,"['กรุงเทพประกันชีวิต', 'bangkok life', 'bblife']"
41370905,กรุงเทพประกันชีวิต,life,"['กรุงเทพประกันชีวิต', 'bangkok life', 'bblife']"
41370905,Allianz Ayudhya,life,"['allianz', 'อลิอันซ์', 'อลิอันซ์อยุธยา', 'azay', 'อริอันซ์ อยุธยา', 'อลิอันช์', 'alianz ayudhya', 'az y']"
41370905,Allianz Ayudhya,life,"['allianz', 'อลิอันซ์', 'อลิอันซ์อยุธยา', 'azay', 'อริอันซ์ อยุธยา', 'อลิอันช์', 'alianz ayudhya', 'az y']"
41370905,Aetna,life,['aetna']
41370905,Aetna,life,['aetna']
41370905,Bupa,life,"['bupa', 'บูพา', 'บูพ่า']"
41370905,Bupa,life,"['bupa', 'บูพา', 'บูพ่า']"
41370905,วิริยะประกันภัย,non_life,"['วิริยะ', 'viriyah', 'วรย', 'วิริยา']"
41370905,วิริยะประกันภัย,non_life,"['วิริยะ', 'viriyah', 'วรย', 'วิริยา']"
41370905,กรุงเทพประกันภัย,non_life,"['กรุงเทพประกันภัย', 'bangkok insurance', 'กรุงเทพ', 'bki']"
41370905,กรุงเทพประกันภัย,non_life,"['กรุงเทพประกันภัย', 'bangkok insurance', 'กรุงเทพ', 'bki']"
41370905,เมืองไทยประกันภัย,non_life,['เมืองไทยประกันภัย']
41370905,เมืองไทยประกันภัย,non_life,['เมืองไทยประกันภัย']
41370905,ทิพยประกันภัย,non_life,"['ทิพย', 'ทิพยประกันภัย', 'dip', 'dhp', 'tip']"
41370905,ทิพยประกันภัย,non_life,"['ทิพย', 'ทิพยประกันภัย', 'dip', 'dhp', 'tip']"
41370905,ไทยประกันภัย,non_life,['ไทยประกันภัย']
41370905,ไทยประกันภัย,non_life,['ไทยประกันภัย']
41371092,,,
41371565,กรุงเทพประกันภัย,non_life,"['กรุงเทพประกันภัย', 'bangkok insurance', 'กรุงเทพ', 'bki']"
41371981,วิริยะประกันภัย,non_life,"['วิริยะ', 'viriyah', 'วรย', 'วิริยา']"
41372293,,,
41372339,,,
41372368,วิริยะประกันภัย,non_life,"['วิริยะ', 'viriyah', 'วรย', 'วิริยา']"
41372582,ทิพยประกันภัย,non_life,"['ทิพย', 'ทิพยประกันภัย', 'dip', 'dhp', 'tip']"
41372582,Krungthai AXA,non_life,"['กรุงไทยแอกซ่า', 'axa', 'แอกซ่า', 'แอกซา', 'เเอกซ่า', 'แอคซ่า', 'เเอคซา', 'กรุงไทยแอกซา', 'แอ๊คซ่า', 'แอ๊กซ่า', 'เเอกซ่า', 'axxa']"
41372666,วิริยะประกันภัย,non_life,"['วิริยะ', 'viriyah', 'วรย', 'วิริยา']"
41372710,วิริยะประกันภัย,non_life,"['วิริยะ', 'viriyah', 'วรย', 'วิริยา']"
41373853,,,
41373991,วิริยะประกันภัย,non_life,"['วิริยะ', 'viriyah', 'วรย', 'วิริยา']"
41376126,Allianz Ayudhya,life,"['allianz', 'อลิอันซ์', 'อลิอันซ์อยุธยา', 'azay', 'อริอันซ์ อยุธยา', 'อลิอันช์', 'alianz ayudhya', 'az y']"
41376126,Allianz Ayudhya,life,"['allianz', 'อลิอันซ์', 'อลิอันซ์อยุธยา', 'azay', 'อริอันซ์ อยุธยา', 'อลิอันช์', 'alianz ayudhya', 'az y']"
41376126,Krungthai AXA,non_life,"['กรุงไทยแอกซ่า', 'axa', 'แอกซ่า', 'แอกซา', 'เเอกซ่า', 'แอคซ่า', 'เเอคซา', 'กรุงไทยแอกซา', 'แอ๊คซ่า', 'แอ๊กซ่า', 'เเอกซ่า', 'axxa']"
41376126,Krungthai AXA,non_life,"['กรุงไทยแอกซ่า', 'axa', 'แอกซ่า', 'แอกซา', 'เเอกซ่า', 'แอคซ่า', 'เเอคซา', 'กรุงไทยแอกซา', 'แอ๊คซ่า', 'แอ๊กซ่า', 'เเอกซ่า', 'axxa']"
41378334,กรุงเทพประกันภัย,non_life,"['กรุงเทพประกันภัย', 'bangkok insurance', 'กรุงเทพ', 'bki']"
41379421,,,
41379479,ทิพยประกันภัย,non_life,"['ทิพย', 'ทิพยประกันภัย', 'dip', 'dhp', 'tip']"
41380185,วิริยะประกันภัย,non_life,"['วิริยะ', 'viriyah', 'วรย', 'วิริยา']"
41380239,ทิพยประกันภัย,non_life,"['ทิพย', 'ทิพยประกันภัย', 'dip', 'dhp', 'tip']"
41380657,Chubb,non_life,"['chubb', 'ชับบ์', 'chuub', 'ชับ สามัคคี']"
41381131,ทิพยประกันภัย,non_life,"['ทิพย', 'ทิพยประกันภัย', 'dip', 'dhp', 'tip']"
41382166,Allianz Ayudhya,life,"['allianz', 'อลิอันซ์', 'อลิอันซ์อยุธยา', 'azay', 'อริอันซ์ อยุธยา', 'อลิอันช์', 'alianz ayudhya', 'az y']"
41382166,AIA,life,"['aia', 'เอไอเอ']"
41382455,วิริยะประกันภัย,non_life,"['วิริยะ', 'viriyah', 'วรย', 'วิริยา']"
41382461,สินมั่นคง,non_life,"['สินมั่นคง', 'สินมั่งคง']"
41382462,,,
41382479,กรุงเทพประกันภัย,non_life,"['กรุงเทพประกันภัย', 'bangkok insurance', 'กรุงเทพ', 'bki']"
41382552,,,
41383324,LMG,non_life,"['lmg', 'แอลเอ็มจี']"
41383410,มิตรแท้ประกันภัย,non_life,"['มิตรแท้ประกันภัย', 'มิตรแท้']"
41383677,Krungthai AXA,non_life,"['กรุงไทยแอกซ่า', 'axa', 'แอกซ่า', 'แอกซา', 'เเอกซ่า', 'แอคซ่า', 'เเอคซา', 'กรุงไทยแอกซา', 'แอ๊คซ่า', 'แอ๊กซ่า', 'เเอกซ่า', 'axxa']"
41384549,Chubb,non_life,"['chubb', 'ชับบ์', 'chuub', 'ชับ สามัคคี']"
41385355,,,
41385704,ไทยวิวัฒน์,non_life,"['ไทยวิวัฒน์', 'thaivivat', 'ไทยวิวัตน์']"
41386448,,,
41386510,,,
41387054,ไทยประกันชีวิต,life,"['ไทยประกันชีวิต', 'ไทยประกัน']"
41387058,,,
41387346,วิริยะประกันภัย,non_life,"['วิริยะ', 'viriyah', 'วรย', 'วิริยา']"
41387702,วิริยะประกันภัย,non_life,"['วิริยะ', 'viriyah', 'วรย', 'วิริยา']"
41387859,วิริยะประกันภัย,non_life,"['วิริยะ', 'viriyah', 'วรย', 'วิริยา']"
41387884,กรุงเทพประกันภัย,non_life,"['กรุงเทพประกันภัย', 'bangkok insurance', 'กรุงเทพ', 'bki']"
41388500,,,
41388947,Chubb,non_life,"['chubb', 'ชับบ์', 'chuub', 'ชับ สามัคคี']"
41388947,Chubb,non_life,"['chubb', 'ชับบ์', 'chuub', 'ชับ สามัคคี']"
41388947,SCB,broker,"['scb', 'ไทยพาณิชย์', 'ไทยพานิชย์', 'ธนาคารสีม่วง', 'cardx']"
41388947,SCB,broker,"['scb', 'ไทยพาณิชย์', 'ไทยพานิชย์', 'ธนาคารสีม่วง', 'cardx']"
41389137,เมืองไทยประกันชีวิต,life,"['เมืองไทยประกันชีวิต', 'เมืองไทย', 'muangthai', 'mtl', 'ประกันชีวิตสีชมพู']"
41389137,เมืองไทยประกันชีวิต,life,"['เมืองไทยประกันชีวิต', 'เมืองไทย', 'muangthai', 'mtl', 'ประกันชีวิตสีชมพู']"
41389137,ไทยประกันชีวิต,life,"['ไทยประกันชีวิต', 'ไทยประกัน']"
41389137,ไทยประกันชีวิต,life,"['ไทยประกันชีวิต', 'ไทยประกัน']"
41389137,เมืองไทยประกันภัย,non_life,['เมืองไทยประกันภัย']
41389137,เมืองไทยประกันภัย,non_life,['เมืองไทยประกันภัย']
41389137,ไทยประกันภัย,non_life,['ไทยประกันภัย']
41389137,ไทยประกันภัย,non_life,['ไทยประกันภัย']
41389773,กรุงเทพประกันภัย,non_life,"['กรุงเทพประกันภัย', 'bangkok insurance', 'กรุงเทพ', 'bki']"
41390183,,,
41390213,เมืองไทยประกันชีวิต,life,"['เมืองไทยประกันชีวิต', 'เมืองไทย', 'muangthai', 'mtl', 'ประกันชีวิตสีชมพู']"
41390753,ทิพยประกันภัย,non_life,"['ทิพย', 'ทิพยประกันภัย', 'dip', 'dhp', 'tip']"
41391454,วิริยะประกันภัย,non_life,"['วิริยะ', 'viriyah', 'วรย', 'วิริยา']"
41391574,,,
41392245,วิริยะประกันภัย,non_life,"['วิริยะ', 'viriyah', 'วรย', 'วิริยา']"
41392645,วิริยะประกันภัย,non_life,"['วิริยะ', 'viriyah', 'วรย', 'วิริยา']"
41393043,,,
41393661,วิริยะประกันภัย,non_life,"['วิริยะ', 'viriyah', 'วรย', 'วิริยา']"
41394196,ทิพยประกันภัย,non_life,"['ทิพย', 'ทิพยประกันภัย', 'dip', 'dhp', 'tip']"
41395901,ทิพยประกันภัย,non_life,"['ทิพย', 'ทิพยประกันภัย', 'dip', 'dhp', 'tip']"
41397156,เมืองไทยประกันชีวิต,life,"['เมืองไทยประกันชีวิต', 'เมืองไทย', 'muangthai', 'mtl', 'ประกันชีวิตสีชมพู']"
41397156,เมืองไทยประกันชีวิต,life,"['เมืองไทยประกันชีวิต', 'เมืองไทย', 'muangthai', 'mtl', 'ประกันชีวิตสีชมพู']"
41397156,ไทยประกันชีวิต,life,"['ไทยประกันชีวิต', 'ไทยประกัน']"
41397156,ไทยประกันชีวิต,life,"['ไทยประกันชีวิต', 'ไทยประกัน']"
41397156,เมืองไทยประกันภัย,non_life,['เมืองไทยประกันภัย']
41397156,เมืองไทยประกันภัย,non_life,['เมืองไทยประกันภัย']
41397156,ไทยประกันภัย,non_life,['ไทยประกันภัย']
41397156,ไทยประกันภัย,non_life,['ไทยประกันภัย']
41397283,,,
41397453,ไทยวิวัฒน์,non_life,"['ไทยวิวัฒน์', 'thaivivat', 'ไทยวิวัตน์']"
41397626,เมืองไทยประกันชีวิต,life,"['เมืองไทยประกันชีวิต', 'เมืองไทย', 'muangthai', 'mtl', 'ประกันชีวิตสีชมพู']"
41397626,เมืองไทยประกันชีวิต,life,"['เมืองไทยประกันชีวิต', 'เมืองไทย', 'muangthai', 'mtl', 'ประกันชีวิตสีชมพู']"
41397626,ไทยประกันชีวิต,life,"['ไทยประกันชีวิต', 'ไทยประกัน']"
41397626,ไทยประกันชีวิต,life,"['ไทยประกันชีวิต', 'ไทยประกัน']"
41397626,เมืองไทยประกันภัย,non_life,['เมืองไทยประกันภัย']
41397626,เมืองไทยประกันภัย,non_life,['เมืองไทยประกันภัย']
41397626,ไทยประกันภัย,non_life,['ไทยประกันภัย']
41397626,ไทยประกันภัย,non_life,['ไทยประกันภัย']
41398063,,,
41399727,วิริยะประกันภัย,non_life,"['วิริยะ', 'viriyah', 'วรย', 'วิริยา']"
41399803,ทิพยประกันภัย,non_life,"['ทิพย', 'ทิพยประกันภัย', 'dip', 'dhp', 'tip']"
41401366,วิริยะประกันภัย,non_life,"['วิริยะ', 'viriyah', 'วรย', 'วิริยา']"
41401826,สินมั่นคง,non_life,"['สินมั่นคง', 'สินมั่งคง']"
41402031,ทิพยประกันภัย,non_life,"['ทิพย', 'ทิพยประกันภัย', 'dip', 'dhp', 'tip']"
41402280,ทิพยประกันภัย,non_life,"['ทิพย', 'ทิพยประกันภัย', 'dip', 'dhp', 'tip']"
41402554,,,
41403670,เอเชียประกันภัย,non_life,"['เอเชียประกันภัย', 'เอเชีย', 'asia']"
41403670,เอเชียประกันภัย,non_life,"['เอเชียประกันภัย', 'เอเชีย', 'asia']"
41403670,Direct Asia,broker,"['ไดเรคเอเชีย', 'ไดเร็คเอเชีย', 'ไดเร๊คเอเชีย', 'Direct Asia']"
41403670,Direct Asia,broker,"['ไดเรคเอเชีย', 'ไดเร็คเอเชีย', 'ไดเร๊คเอเชีย', 'Direct Asia']"
41404780,Allianz Ayudhya,life,"['allianz', 'อลิอันซ์', 'อลิอันซ์อยุธยา', 'azay', 'อริอันซ์ อยุธยา', 'อลิอันช์', 'alianz ayudhya', 'az y']"
41404844,ทิพยประกันภัย,non_life,"['ทิพย', 'ทิพยประกันภัย', 'dip', 'dhp', 'tip']"
41404962,กรุงเทพประกันภัย,non_life,"['กรุงเทพประกันภัย', 'bangkok insurance', 'กรุงเทพ', 'bki']"
41406774,ทิพยประกันภัย,non_life,"['ทิพย', 'ทิพยประกันภัย', 'dip', 'dhp', 'tip']"
41406774,ทิพยประกันภัย,non_life,"['ทิพย', 'ทิพยประกันภัย', 'dip', 'dhp', 'tip']"
41406774,ธนาคารกรุงไทย,broker,['ธนาคารกรุงไทย']
41406774,ธนาคารกรุงไทย,broker,['ธนาคารกรุงไทย']
41407558,,,
41408235,เมืองไทยประกันชีวิต,life,"['เมืองไทยประกันชีวิต', 'เมืองไทย', 'muangthai', 'mtl', 'ประกันชีวิตสีชมพู']"
41408236,ทิพยประกันภัย,non_life,"['ทิพย', 'ทิพยประกันภัย', 'dip', 'dhp', 'tip']"
41408304,Cigna,life,"['cigna', 'ซิกน่า', 'ซิกม่า']"
41408304,Cigna,life,"['cigna', 'ซิกน่า', 'ซิกม่า']"
41408304,Cigna,life,"['cigna', 'ซิกน่า', 'ซิกม่า']"
41408304,ธนชาตประกันภัย,non_life,"['ธนชาตประกันภัย', 'ธนชาต', 'ธนชาติ', 'ประกันภัยสีส้ม']"
41408304,ธนชาตประกันภัย,non_life,"['ธนชาตประกันภัย', 'ธนชาต', 'ธนชาติ', 'ประกันภัยสีส้ม']"
41408304,ธนชาตประกันภัย,non_life,"['ธนชาตประกันภัย', 'ธนชาต', 'ธนชาติ', 'ประกันภัยสีส้ม']"
41408304,ทหารไทยธนชาต,broker,"['ทหารไทยธนชาต', 'ttb', 'tmb', 'ธนาคารทหารไทย', 'ทหารไทย']"
41408304,ทหารไทยธนชาต,broker,"['ทหารไทยธนชาต', 'ttb', 'tmb', 'ธนาคารทหารไทย', 'ทหารไทย']"
41408304,ทหารไทยธนชาต,broker,"['ทหารไทยธนชาต', 'ttb', 'tmb', 'ธนาคารทหารไทย', 'ทหารไทย']"
41408371,ทิพยประกันภัย,non_life,"['ทิพย', 'ทิพยประกันภัย', 'dip', 'dhp', 'tip']"
41409257,วิริยะประกันภัย,non_life,"['วิริยะ', 'viriyah', 'วรย', 'วิริยา']"
41410057,เมืองไทยประกันชีวิต,life,"['เมืองไทยประกันชีวิต', 'เมืองไทย', 'muangthai', 'mtl', 'ประกันชีวิตสีชมพู']"
41410057,เมืองไทยประกันชีวิต,life,"['เมืองไทยประกันชีวิต', 'เมืองไทย', 'muangthai', 'mtl', 'ประกันชีวิตสีชมพู']"
41410057,กสิกรไทย,broker,"['กสิกร', 'k bank', 'แบงค์เขียว']"
41410057,กสิกรไทย,broker,"['กสิกร', 'k bank', 'แบงค์เขียว']"
41410767,ทิพยประกันภัย,non_life,"['ทิพย', 'ทิพยประกันภัย', 'dip', 'dhp', 'tip']"
41410792,วิริยะประกันภัย,non_life,"['วิริยะ', 'viriyah', 'วรย', 'วิริยา']"
41412940,,,
41413009,สินมั่นคง,non_life,"['สินมั่นคง', 'สินมั่งคง']"
41413672,วิริยะประกันภัย,non_life,"['วิริยะ', 'viriyah', 'วรย', 'วิริยา']"
41413782,ทิพยประกันภัย,non_life,"['ทิพย', 'ทิพยประกันภัย', 'dip', 'dhp', 'tip']"
41413794,สินมั่นคง,non_life,"['สินมั่นคง', 'สินมั่งคง']"
41415167,วิริยะประกันภัย,non_life,"['วิริยะ', 'viriyah', 'วรย', 'วิริยา']"
41415508,,,
41415509,ทิพยประกันภัย,non_life,"['ทิพย', 'ทิพยประกันภัย', 'dip', 'dhp', 'tip']"
41415509,ทิพยประกันภัย,non_life,"['ทิพย', 'ทิพยประกันภัย', 'dip', 'dhp', 'tip']"
41415509,ธนาคารกรุงไทย,broker,['ธนาคารกรุงไทย']
41415509,ธนาคารกรุงไทย,broker,['ธนาคารกรุงไทย']
41416453,,,
41416924,Allianz Ayudhya,life,"['allianz', 'อลิอันซ์', 'อลิอันซ์อยุธยา', 'azay', 'อริอันซ์ อยุธยา', 'อลิอันช์', 'alianz ayudhya', 'az y']"
41417742,เมืองไทยประกันชีวิต,life,"['เมืองไทยประกันชีวิต', 'เมืองไทย', 'muangthai', 'mtl', 'ประกันชีวิตสีชมพู']"
41417742,เมืองไทยประกันชีวิต,life,"['เมืองไทยประกันชีวิต', 'เมืองไทย', 'muangthai', 'mtl', 'ประกันชีวิตสีชมพู']"
41417742,เมืองไทยประกันชีวิต,life,"['เมืองไทยประกันชีวิต', 'เมืองไทย', 'muangthai', 'mtl', 'ประกันชีวิตสีชมพู']"
41417742,ไทยประกันชีวิต,life,"['ไทยประกันชีวิต', 'ไทยประกัน']"
41417742,ไทยประกันชีวิต,life,"['ไทยประกันชีวิต', 'ไทยประกัน']"
41417742,ไทยประกันชีวิต,life,"['ไทยประกันชีวิต', 'ไทยประกัน']"
41417742,เมืองไทยประกันภัย,non_life,['เมืองไทยประกันภัย']
41417742,เมืองไทยประกันภัย,non_life,['เมืองไทยประกันภัย']
41417742,เมืองไทยประกันภัย,non_life,['เมืองไทยประกันภัย']
41417742,ไทยประกันภัย,non_life,['ไทยประกันภัย']
41417742,ไทยประกันภัย,non_life,['ไทยประกันภัย']
41417742,ไทยประกันภัย,non_life,['ไทยประกันภัย']
41417742,กสิกรไทย,broker,"['กสิกร', 'k bank', 'แบงค์เขียว']"
41417742,กสิกรไทย,broker,"['กสิกร', 'k bank', 'แบงค์เขียว']"
41417742,กสิกรไทย,broker,"['กสิกร', 'k bank', 'แบงค์เขียว']"
41419016,,,
41419597,,,
41419614,ทิพยประกันภัย,non_life,"['ทิพย', 'ทิพยประกันภัย', 'dip', 'dhp', 'tip']"
41419614,ทิพยประกันภัย,non_life,"['ทิพย', 'ทิพยประกันภัย', 'dip', 'dhp', 'tip']"
41419614,TQM,broker,"['tqm', 'ทีคิวเอ็ม']"
41419614,TQM,broker,"['tqm', 'ทีคิวเอ็ม']"
41419639,วิริยะประกันภัย,non_life,"['วิริยะ', 'viriyah', 'วรย', 'วิริยา']"
41419810,ไทยประกันชีวิต,life,"['ไทยประกันชีวิต', 'ไทยประกัน']"
41419810,ไทยประกันชีวิต,life,"['ไทยประกันชีวิต', 'ไทยประกัน']"
41419810,ไทยประกันภัย,non_life,['ไทยประกันภัย']
41419810,ไทยประกันภัย,non_life,['ไทยประกันภัย']
41420053,สินมั่นคง,non_life,"['สินมั่นคง', 'สินมั่งคง']"
41420927,AIA,life,"['aia', 'เอไอเอ']"
41420927,AIA,life,"['aia', 'เอไอเอ']"
41420927,คุ้มภัยโตเกียวมารีน,non_life,"['ประกันคุ้มภัย', 'คุ้มภัย', 'คภ.', 'โตเกียวมารีน', 'tokio marine']"
41420927,คุ้มภัยโตเกียวมารีน,non_life,"['ประกันคุ้มภัย', 'คุ้มภัย', 'คภ.', 'โตเกียวมารีน', 'tokio marine']"
41421030,,,
41421450,เมืองไทยประกันชีวิต,life,"['เมืองไทยประกันชีวิต', 'เมืองไทย', 'muangthai', 'mtl', 'ประกันชีวิตสีชมพู']"
41421450,เมืองไทยประกันชีวิต,life,"['เมืองไทยประกันชีวิต', 'เมืองไทย', 'muangthai', 'mtl', 'ประกันชีวิตสีชมพู']"
41421450,ไทยประกันชีวิต,life,"['ไทยประกันชีวิต', 'ไทยประกัน']"
41421450,ไทยประกันชีวิต,life,"['ไทยประกันชีวิต', 'ไทยประกัน']"
41421450,เมืองไทยประกันภัย,non_life,['เมืองไทยประกันภัย']
41421450,เมืองไทยประกันภัย,non_life,['เมืองไทยประกันภัย']
41421450,ไทยประกันภัย,non_life,['ไทยประกันภัย']
41421450,ไทยประกันภัย,non_life,['ไทยประกันภัย']
41421762,เมืองไทยประกันชีวิต,life,"['เมืองไทยประกันชีวิต', 'เมืองไทย', 'muangthai', 'mtl', 'ประกันชีวิตสีชมพู']"
41421762,เมืองไทยประกันชีวิต,life,"['เมืองไทยประกันชีวิต', 'เมืองไทย', 'muangthai', 'mtl', 'ประกันชีวิตสีชมพู']"
41421762,ไทยประกันชีวิต,life,"['ไทยประกันชีวิต', 'ไทยประกัน']"
41421762,ไทยประกันชีวิต,life,"['ไทยประกันชีวิต', 'ไทยประกัน']"
41421762,เมืองไทยประกันภัย,non_life,['เมืองไทยประกันภัย']
41421762,เมืองไทยประกันภัย,non_life,['เมืองไทยประกันภัย']
41421762,ไทยประกันภัย,non_life,['ไทยประกันภัย']
41421762,ไทยประกันภัย,non_life,['ไทยประกันภัย']
41422005,FWD,life,"['fwd', 'เอฟดับบลิวดี', 'fwd ประกันชีวิต']"
41423316,AIA,life,"['aia', 'เอไอเอ']"
41423316,AIA,life,"['aia', 'เอไอเอ']"
41423316,ทิพยประกันภัย,non_life,"['ทิพย', 'ทิพยประกันภัย', 'dip', 'dhp', 'tip']"
41423316,ทิพยประกันภัย,non_life,"['ทิพย', 'ทิพยประกันภัย', 'dip', 'dhp', 'tip']"
41424194,Krungthai AXA,non_life,"['กรุงไทยแอกซ่า', 'axa', 'แอกซ่า', 'แอกซา', 'เเอกซ่า', 'แอคซ่า', 'เเอคซา', 'กรุงไทยแอกซา', 'แอ๊คซ่า', 'แอ๊กซ่า', 'เเอกซ่า', 'axxa']"
41424700,ไทยประกันชีวิต,life,"['ไทยประกันชีวิต', 'ไทยประกัน']"
41425212,กรุงเทพประกันภัย,non_life,"['กรุงเทพประกันภัย', 'bangkok insurance', 'กรุงเทพ', 'bki']"
41425365,,,
41425893,ทิพยประกันภัย,non_life,"['ทิพย', 'ทิพยประกันภัย', 'dip', 'dhp', 'tip']"
41427677,เมืองไทยประกันชีวิต,life,"['เมืองไทยประกันชีวิต', 'เมืองไทย', 'muangthai', 'mtl', 'ประกันชีวิตสีชมพู']"
41427677,เมืองไทยประกันชีวิต,life,"['เมืองไทยประกันชีวิต', 'เมืองไทย', 'muangthai', 'mtl', 'ประกันชีวิตสีชมพู']"
41427677,ไทยประกันชีวิต,life,"['ไทยประกันชีวิต', 'ไทยประกัน']"
41427677,ไทยประกันชีวิต,life,"['ไทยประกันชีวิต', 'ไทยประกัน']"
41427677,เมืองไทยประกันภัย,non_life,['เมืองไทยประกันภัย']
41427677,เมืองไทยประกันภัย,non_life,['เมืองไทยประกันภัย']
41427677,ไทยประกันภัย,non_life,['ไทยประกันภัย']
41427677,ไทยประกันภัย,non_life,['ไทยประกันภัย']
41427743,,,
41429575,เมืองไทยประกันชีวิต,life,"['เมืองไทยประกันชีวิต', 'เมืองไทย', 'muangthai', 'mtl', 'ประกันชีวิตสีชมพู']"
41429575,เมืองไทยประกันชีวิต,life,"['เมืองไทยประกันชีวิต', 'เมืองไทย', 'muangthai', 'mtl', 'ประกันชีวิตสีชมพู']"
41429575,ไทยประกันชีวิต,life,"['ไทยประกันชีวิต', 'ไทยประกัน']"
41429575,ไทยประกันชีวิต,life,"['ไทยประกันชีวิต', 'ไทยประกัน']"
41429575,เมืองไทยประกันภัย,non_life,['เมืองไทยประกันภัย']
41429575,เมืองไทยประกันภัย,non_life,['เมืองไทยประกันภัย']
41429575,ไทยประกันภัย,non_life,['ไทยประกันภัย']
41429575,ไทยประกันภัย,non_life,['ไทยประกันภัย']
41429575,คุ้มภัยโตเกียวมารีน,non_life,"['ประกันคุ้มภัย', 'คุ้มภัย', 'คภ.', 'โตเกียวมารีน', 'tokio marine']"
41429575,คุ้มภัยโตเกียวมารีน,non_life,"['ประกันคุ้มภัย', 'คุ้มภัย', 'คภ.', 'โตเกียวมารีน', 'tokio marine']"
41430808,วิริยะประกันภัย,non_life,"['วิริยะ', 'viriyah', 'วรย', 'วิริยา']"
41432320,,,
41434695,เมืองไทยประกันชีวิต,life,"['เมืองไทยประกันชีวิต', 'เมืองไทย', 'muangthai', 'mtl', 'ประกันชีวิตสีชมพู']"
41434695,เมืองไทยประกันชีวิต,life,"['เมืองไทยประกันชีวิต', 'เมืองไทย', 'muangthai', 'mtl', 'ประกันชีวิตสีชมพู']"
41434695,ไทยประกันชีวิต,life,"['ไทยประกันชีวิต', 'ไทยประกัน']"
41434695,ไทยประกันชีวิต,life,"['ไทยประกันชีวิต', 'ไทยประกัน']"
41434695,เมืองไทยประกันภัย,non_life,['เมืองไทยประกันภัย']
41434695,เมืองไทยประกันภัย,non_life,['เมืองไทยประกันภัย']
41434695,ไทยประกันภัย,non_life,['ไทยประกันภัย']
41434695,ไทยประกันภัย,non_life,['ไทยประกันภัย']
41434737,สินมั่นคง,non_life,"['สินมั่นคง', 'สินมั่งคง']"
41434749,เมืองไทยประกันชีวิต,life,"['เมืองไทยประกันชีวิต', 'เมืองไทย', 'muangthai', 'mtl', 'ประกันชีวิตสีชมพู']"
41434749,เมืองไทยประกันชีวิต,life,"['เมืองไทยประกันชีวิต', 'เมืองไทย', 'muangthai', 'mtl', 'ประกันชีวิตสีชมพู']"
41434749,ไทยประกันชีวิต,life,"['ไทยประกันชีวิต', 'ไทยประกัน']"
41434749,ไทยประกันชีวิต,life,"['ไทยประกันชีวิต', 'ไทยประกัน']"
41434749,เมืองไทยประกันภัย,non_life,['เมืองไทยประกันภัย']
41434749,เมืองไทยประกันภัย,non_life,['เมืองไทยประกันภัย']
41434749,ไทยประกันภัย,non_life,['ไทยประกันภัย']
41434749,ไทยประกันภัย,non_life,['ไทยประกันภัย']
41435392,LMG,non_life,"['lmg', 'แอลเอ็มจี']"
41436274,วิริยะประกันภัย,non_life,"['วิริยะ', 'viriyah', 'วรย', 'วิริยา']"
41436678,วิริยะประกันภัย,non_life,"['วิริยะ', 'viriyah', 'วรย', 'วิริยา']"
41436702,สินมั่นคง,non_life,"['สินมั่นคง', 'สินมั่งคง']"
41436972,เมืองไทยประกันชีวิต,life,"['เมืองไทยประกันชีวิต', 'เมืองไทย', 'muangthai', 'mtl', 'ประกันชีวิตสีชมพู']"
41436972,เมืองไทยประกันชีวิต,life,"['เมืองไทยประกันชีวิต', 'เมืองไทย', 'muangthai', 'mtl', 'ประกันชีวิตสีชมพู']"
41436972,ไทยประกันชีวิต,life,"['ไทยประกันชีวิต', 'ไทยประกัน']"
41436972,ไทยประกันชีวิต,life,"['ไทยประกันชีวิต', 'ไทยประกัน']"
41436972,เมืองไทยประกันภัย,non_life,['เมืองไทยประกันภัย']
41436972,เมืองไทยประกันภัย,non_life,['เมืองไทยประกันภัย']
41436972,ไทยประกันภัย,non_life,['ไทยประกันภัย']
41436972,ไทยประกันภัย,non_life,['ไทยประกันภัย']
41437378,,,
41437698,เมืองไทยประกันชีวิต,life,"['เมืองไทยประกันชีวิต', 'เมืองไทย', 'muangthai', 'mtl', 'ประกันชีวิตสีชมพู']"
41437698,เมืองไทยประกันชีวิต,life,"['เมืองไทยประกันชีวิต', 'เมืองไทย', 'muangthai', 'mtl', 'ประกันชีวิตสีชมพู']"
41437698,ไทยประกันชีวิต,life,"['ไทยประกันชีวิต', 'ไทยประกัน']"
41437698,ไทยประกันชีวิต,life,"['ไทยประกันชีวิต', 'ไทยประกัน']"
41437698,เมืองไทยประกันภัย,non_life,['เมืองไทยประกันภัย']
41437698,เมืองไทยประกันภัย,non_life,['เมืองไทยประกันภัย']
41437698,ไทยประกันภัย,non_life,['ไทยประกันภัย']
41437698,ไทยประกันภัย,non_life,['ไทยประกันภัย']
41439022,Chubb,non_life,"['chubb', 'ชับบ์', 'chuub', 'ชับ สามัคคี']"
41439022,Chubb,non_life,"['chubb', 'ชับบ์', 'chuub', 'ชับ สามัคคี']"
41439022,Krungsri First Choice,broker,"['first choice', 'กรุงศรี เฟิร์สช้อยส์', 'กรุงศรีเฟิร์สช้อย', 'เฟิสช้อย', 'เฟริสช้อย']"
41439022,Krungsri First Choice,broker,"['first choice', 'กรุงศรี เฟิร์สช้อยส์', 'กรุงศรีเฟิร์สช้อย', 'เฟิสช้อย', 'เฟริสช้อย']"
41439034,เมืองไทยประกันชีวิต,life,"['เมืองไทยประกันชีวิต', 'เมืองไทย', 'muangthai', 'mtl', 'ประกันชีวิตสีชมพู']"
41439034,เมืองไทยประกันชีวิต,life,"['เมืองไทยประกันชีวิต', 'เมืองไทย', 'muangthai', 'mtl', 'ประกันชีวิตสีชมพู']"
41439034,ไทยประกันชีวิต,life,"['ไทยประกันชีวิต', 'ไทยประกัน']"
41439034,ไทยประกันชีวิต,life,"['ไทยประกันชีวิต', 'ไทยประกัน']"
41439034,เมืองไทยประกันภัย,non_life,['เมืองไทยประกันภัย']
41439034,เมืองไทยประกันภัย,non_life,['เมืองไทยประกันภัย']
41439034,ไทยประกันภัย,non_life,['ไทยประกันภัย']
41439034,ไทยประกันภัย,non_life,['ไทยประกันภัย']
41439034,ทิพยประกันภัย,non_life,"['ทิพย', 'ทิพยประกันภัย', 'dip', 'dhp', 'tip']"
41439034,ทิพยประกันภัย,non_life,"['ทิพย', 'ทิพยประกันภัย', 'dip', 'dhp', 'tip']"
41439137,วิริยะประกันภัย,non_life,"['วิริยะ', 'viriyah', 'วรย', 'วิริยา']"
41439768,เมืองไทยประกันชีวิต,life,"['เมืองไทยประกันชีวิต', 'เมืองไทย', 'muangthai', 'mtl', 'ประกันชีวิตสีชมพู']"
41439768,เมืองไทยประกันชีวิต,life,"['เมืองไทยประกันชีวิต', 'เมืองไทย', 'muangthai', 'mtl', 'ประกันชีวิตสีชมพู']"
41439768,ไทยประกันชีวิต,life,"['ไทยประกันชีวิต', 'ไทยประกัน']"
41439768,ไทยประกันชีวิต,life,"['ไทยประกันชีวิต', 'ไทยประกัน']"
41439768,เมืองไทยประกันภัย,non_life,['เมืองไทยประกันภัย']
41439768,เมืองไทยประกันภัย,non_life,['เมืองไทยประกันภัย']
41439768,ไทยประกันภัย,non_life,['ไทยประกันภัย']
41439768,ไทยประกันภัย,non_life,['ไทยประกันภัย']
41439938,วิริยะประกันภัย,non_life,"['วิริยะ', 'viriyah', 'วรย', 'วิริยา']"
41441005,เมืองไทยประกันชีวิต,life,"['เมืองไทยประกันชีวิต', 'เมืองไทย', 'muangthai', 'mtl', 'ประกันชีวิตสีชมพู']"
41441005,ไทยประกันชีวิต,life,"['ไทยประกันชีวิต', 'ไทยประกัน']"
41442179,วิริยะประกันภัย,non_life,"['วิริยะ', 'viriyah', 'วรย', 'วิริยา']"
41442295,เมืองไทยประกันชีวิต,life,"['เมืองไทยประกันชีวิต', 'เมืองไทย', 'muangthai', 'mtl', 'ประกันชีวิตสีชมพู']"
41442856,,,
41443895,ทิพยประกันภัย,non_life,"['ทิพย', 'ทิพยประกันภัย', 'dip', 'dhp', 'tip']"
41446537,Chubb,non_life,"['chubb', 'ชับบ์', 'chuub', 'ชับ สามัคคี']"
41446537,Chubb,non_life,"['chubb', 'ชับบ์', 'chuub', 'ชับ สามัคคี']"
41446537,Krungsri First Choice,broker,"['first choice', 'กรุงศรี เฟิร์สช้อยส์', 'กรุงศรีเฟิร์สช้อย', 'เฟิสช้อย', 'เฟริสช้อย']"
41446537,Krungsri First Choice,broker,"['first choice', 'กรุงศรี เฟิร์สช้อยส์', 'กรุงศรีเฟิร์สช้อย', 'เฟิสช้อย', 'เฟริสช้อย']"
41447039,วิริยะประกันภัย,non_life,"['วิริยะ', 'viriyah', 'วรย', 'วิริยา']"
41447398,FWD,life,"['fwd', 'เอฟดับบลิวดี', 'fwd ประกันชีวิต']"
41447398,FWD,life,"['fwd', 'เอฟดับบลิวดี', 'fwd ประกันชีวิต']"
41447398,SCB,broker,"['scb', 'ไทยพาณิชย์', 'ไทยพานิชย์', 'ธนาคารสีม่วง', 'cardx']"
41447398,SCB,broker,"['scb', 'ไทยพาณิชย์', 'ไทยพานิชย์', 'ธนาคารสีม่วง', 'cardx']"
41447405,Cigna,life,"['cigna', 'ซิกน่า', 'ซิกม่า']"
41447555,ทิพยประกันภัย,non_life,"['ทิพย', 'ทิพยประกันภัย', 'dip', 'dhp', 'tip']"
41449615,Allianz Ayudhya,life,"['allianz', 'อลิอันซ์', 'อลิอันซ์อยุธยา', 'azay', 'อริอันซ์ อยุธยา', 'อลิอันช์', 'alianz ayudhya', 'az y']"
41449617,,,
41449650,ทิพยประกันภัย,non_life,"['ทิพย', 'ทิพยประกันภัย', 'dip', 'dhp', 'tip']"
41451376,AIA,life,"['aia', 'เอไอเอ']"
41451376,เมืองไทยประกันชีวิต,life,"['เมืองไทยประกันชีวิต', 'เมืองไทย', 'muangthai', 'mtl', 'ประกันชีวิตสีชมพู']"
41451376,ไทยประกันชีวิต,life,"['ไทยประกันชีวิต', 'ไทยประกัน']"
41452471,กรุงเทพประกันภัย,non_life,"['กรุงเทพประกันภัย', 'bangkok insurance', 'กรุงเทพ', 'bki']"
41452816,รู้ใจประกันภัย,non_life,"['รู้ใจประกันภัย', 'ประกันรู้ใจ', 'ประกันจิงโจ้', 'roo jai', 'roojai']"
41454819,Allianz Ayudhya,life,"['allianz', 'อลิอันซ์', 'อลิอันซ์อยุธยา', 'azay', 'อริอันซ์ อยุธยา', 'อลิอันช์', 'alianz ayudhya', 'az y']"
41455109,,,
41455974,ทิพยประกันภัย,non_life,"['ทิพย', 'ทิพยประกันภัย', 'dip', 'dhp', 'tip']"
41458821,,,
41458841,เมืองไทยประกันชีวิต,life,"['เมืองไทยประกันชีวิต', 'เมืองไทย', 'muangthai', 'mtl', 'ประกันชีวิตสีชมพู']"
41458841,เมืองไทยประกันชีวิต,life,"['เมืองไทยประกันชีวิต', 'เมืองไทย', 'muangthai', 'mtl', 'ประกันชีวิตสีชมพู']"
41458841,ไทยประกันชีวิต,life,"['ไทยประกันชีวิต', 'ไทยประกัน']"
41458841,ไทยประกันชีวิต,life,"['ไทยประกันชีวิต', 'ไทยประกัน']"
41458841,เมืองไทยประกันภัย,non_life,['เมืองไทยประกันภัย']
41458841,เมืองไทยประกันภัย,non_life,['เมืองไทยประกันภัย']
41458841,ไทยประกันภัย,non_life,['ไทยประกันภัย']
41458841,ไทยประกันภัย,non_life,['ไทยประกันภัย']
41460205,เมืองไทยประกันชีวิต,life,"['เมืองไทยประกันชีวิต', 'เมืองไทย', 'muangthai', 'mtl', 'ประกันชีวิตสีชมพู']"
41460205,เมืองไทยประกันชีวิต,life,"['เมืองไทยประกันชีวิต', 'เมืองไทย', 'muangthai', 'mtl', 'ประกันชีวิตสีชมพู']"
41460205,ไทยประกันชีวิต,life,"['ไทยประกันชีวิต', 'ไทยประกัน']"
41460205,ไทยประกันชีวิต,life,"['ไทยประกันชีวิต', 'ไทยประกัน']"
41460205,เมืองไทยประกันภัย,non_life,['เมืองไทยประกันภัย']
41460205,เมืองไทยประกันภัย,non_life,['เมืองไทยประกันภัย']
41460205,ไทยประกันภัย,non_life,['ไทยประกันภัย']
41460205,ไทยประกันภัย,non_life,['ไทยประกันภัย']
41460331,,,
41461463,เอเชียประกันภัย,non_life,"['เอเชียประกันภัย', 'เอเชีย', 'asia']"
41463146,กรุงเทพประกันภัย,non_life,"['กรุงเทพประกันภัย', 'bangkok insurance', 'กรุงเทพ', 'bki']"
41463569,,,
41463579,,,
41465910,วิริยะประกันภัย,non_life,"['วิริยะ', 'viriyah', 'วรย', 'วิริยา']"
41468853,ทิพยประกันภัย,non_life,"['ทิพย', 'ทิพยประกันภัย', 'dip', 'dhp', 'tip']"
41468906,เมืองไทยประกันชีวิต,life,"['เมืองไทยประกันชีวิต', 'เมืองไทย', 'muangthai', 'mtl', 'ประกันชีวิตสีชมพู']"
41468906,เมืองไทยประกันชีวิต,life,"['เมืองไทยประกันชีวิต', 'เมืองไทย', 'muangthai', 'mtl', 'ประกันชีวิตสีชมพู']"
41468906,ไทยประกันชีวิต,life,"['ไทยประกันชีวิต', 'ไทยประกัน']"
41468906,ไทยประกันชีวิต,life,"['ไทยประกันชีวิต', 'ไทยประกัน']"
41468906,เมืองไทยประกันภัย,non_life,['เมืองไทยประกันภัย']
41468906,เมืองไทยประกันภัย,non_life,['เมืองไทยประกันภัย']
41468906,ไทยประกันภัย,non_life,['ไทยประกันภัย']
41468906,ไทยประกันภัย,non_life,['ไทยประกันภัย']
41470526,TVD Broker,broker,"['tvd', 'ทีวีดี']"
41470526,TVD Broker,broker,"['tvd', 'ทีวีดี']"
41470526,TVD Broker,broker,"['tvd', 'ทีวีดี']"
41470526,เมืองไทยประกันชีวิต,life,"['เมืองไทยประกันชีวิต', 'เมืองไทย', 'muangthai', 'mtl', 'ประกันชีวิตสีชมพู']"
41470526,เมืองไทยประกันชีวิต,life,"['เมืองไทยประกันชีวิต', 'เมืองไทย', 'muangthai', 'mtl', 'ประกันชีวิตสีชมพู']"
41470526,เมืองไทยประกันชีวิต,life,"['เมืองไทยประกันชีวิต', 'เมืองไทย', 'muangthai', 'mtl', 'ประกันชีวิตสีชมพู']"
41470526,ไทยประกันชีวิต,life,"['ไทยประกันชีวิต', 'ไทยประกัน']"
41470526,ไทยประกันชีวิต,life,"['ไทยประกันชีวิต', 'ไทยประกัน']"
41470526,ไทยประกันชีวิต,life,"['ไทยประกันชีวิต', 'ไทยประกัน']"
41470526,กรุงเทพประกันภัย,non_life,"['กรุงเทพประกันภัย', 'bangkok insurance', 'กรุงเทพ', 'bki']"
41470526,กรุงเทพประกันภัย,non_life,"['กรุงเทพประกันภัย', 'bangkok insurance', 'กรุงเทพ', 'bki']"
41470526,กรุงเทพประกันภัย,non_life,"['กรุงเทพประกันภัย', 'bangkok insurance', 'กรุงเทพ', 'bki']"
41470526,เมืองไทยประกันภัย,non_life,['เมืองไทยประกันภัย']
41470526,เมืองไทยประกันภัย,non_life,['เมืองไทยประกันภัย']
41470526,เมืองไทยประกันภัย,non_life,['เมืองไทยประกันภัย']
41470526,ไทยประกันภัย,non_life,['ไทยประกันภัย']
41470526,ไทยประกันภัย,non_life,['ไทยประกันภัย']
41470526,ไทยประกันภัย,non_life,['ไทยประกันภัย']
41470526,ธนาคารกรุงเทพ,broker,"['ธนาคารกรุงเทพ', 'บัวหลวง']"
41470526,ธนาคารกรุงเทพ,broker,"['ธนาคารกรุงเทพ', 'บัวหลวง']"
41470526,ธนาคารกรุงเทพ,broker,"['ธนาคารกรุงเทพ', 'บัวหลวง']"
41470719,เอเชียประกันภัย,non_life,"['เอเชียประกันภัย', 'เอเชีย', 'asia']"
41470961,ทิพยประกันภัย,non_life,"['ทิพย', 'ทิพยประกันภัย', 'dip', 'dhp', 'tip']"
41471099,Cigna,life,"['cigna', 'ซิกน่า', 'ซิกม่า']"
41471099,Cigna,life,"['cigna', 'ซิกน่า', 'ซิกม่า']"
41471099,Allianz Ayudhya,life,"['allianz', 'อลิอันซ์', 'อลิอันซ์อยุธยา', 'azay', 'อริอันซ์ อยุธยา', 'อลิอันช์', 'alianz ayudhya', 'az y']"
41471099,Allianz Ayudhya,life,"['allianz', 'อลิอันซ์', 'อลิอันซ์อยุธยา', 'azay', 'อริอันซ์ อยุธยา', 'อลิอันช์', 'alianz ayudhya', 'az y']"
41471099,วิริยะประกันภัย,non_life,"['วิริยะ', 'viriyah', 'วรย', 'วิริยา']"
41471099,วิริยะประกันภัย,non_life,"['วิริยะ', 'viriyah', 'วรย', 'วิริยา']"
41471099,ทิพยประกันภัย,non_life,"['ทิพย', 'ทิพยประกันภัย', 'dip', 'dhp', 'tip']"
41471099,ทิพยประกันภัย,non_life,"['ทิพย', 'ทิพยประกันภัย', 'dip', 'dhp', 'tip']"
41471471,เมืองไทยประกันชีวิต,life,"['เมืองไทยประกันชีวิต', 'เมืองไทย', 'muangthai', 'mtl', 'ประกันชีวิตสีชมพู']"
41471471,เมืองไทยประกันชีวิต,life,"['เมืองไทยประกันชีวิต', 'เมืองไทย', 'muangthai', 'mtl', 'ประกันชีวิตสีชมพู']"
41471471,ไทยประกันชีวิต,life,"['ไทยประกันชีวิต', 'ไทยประกัน']"
41471471,ไทยประกันชีวิต,life,"['ไทยประกันชีวิต', 'ไทยประกัน']"
41471471,เมืองไทยประกันภัย,non_life,['เมืองไทยประกันภัย']
41471471,เมืองไทยประกันภัย,non_life,['เมืองไทยประกันภัย']
41471471,ไทยประกันภัย,non_life,['ไทยประกันภัย']
41471471,ไทยประกันภัย,non_life,['ไทยประกันภัย']
41472598,เมืองไทยประกันชีวิต,life,"['เมืองไทยประกันชีวิต', 'เมืองไทย', 'muangthai', 'mtl', 'ประกันชีวิตสีชมพู']"
41472598,เมืองไทยประกันชีวิต,life,"['เมืองไทยประกันชีวิต', 'เมืองไทย', 'muangthai', 'mtl', 'ประกันชีวิตสีชมพู']"
41472598,ไทยประกันชีวิต,life,"['ไทยประกันชีวิต', 'ไทยประกัน']"
41472598,ไทยประกันชีวิต,life,"['ไทยประกันชีวิต', 'ไทยประกัน']"
41472598,เมืองไทยประกันภัย,non_life,['เมืองไทยประกันภัย']
41472598,เมืองไทยประกันภัย,non_life,['เมืองไทยประกันภัย']
41472598,ไทยประกันภัย,non_life,['ไทยประกันภัย']
41472598,ไทยประกันภัย,non_life,['ไทยประกันภัย']
41472901,,,
41473153,FWD,life,"['fwd', 'เอฟดับบลิวดี', 'fwd ประกันชีวิต']"
41473532,เมืองไทยประกันชีวิต,life,"['เมืองไทยประกันชีวิต', 'เมืองไทย', 'muangthai', 'mtl', 'ประกันชีวิตสีชมพู']"
41473532,เมืองไทยประกันชีวิต,life,"['เมืองไทยประกันชีวิต', 'เมืองไทย', 'muangthai', 'mtl', 'ประกันชีวิตสีชมพู']"
41473532,ไทยประกันชีวิต,life,"['ไทยประกันชีวิต', 'ไทยประกัน']"
41473532,ไทยประกันชีวิต,life,"['ไทยประกันชีวิต', 'ไทยประกัน']"
41473532,เมืองไทยประกันภัย,non_life,['เมืองไทยประกันภัย']
41473532,เมืองไทยประกันภัย,non_life,['เมืองไทยประกันภัย']
41473532,ไทยประกันภัย,non_life,['ไทยประกันภัย']
41473532,ไทยประกันภัย,non_life,['ไทยประกันภัย']
41476368,ทิพยประกันภัย,non_life,"['ทิพย', 'ทิพยประกันภัย', 'dip', 'dhp', 'tip']"
41477306,ทิพยประกันภัย,non_life,"['ทิพย', 'ทิพยประกันภัย', 'dip', 'dhp', 'tip']"
41478225,เมืองไทยประกันชีวิต,life,"['เมืองไทยประกันชีวิต', 'เมืองไทย', 'muangthai', 'mtl', 'ประกันชีวิตสีชมพู']"
41478225,เมืองไทยประกันชีวิต,life,"['เมืองไทยประกันชีวิต', 'เมืองไทย', 'muangthai', 'mtl', 'ประกันชีวิตสีชมพู']"
41478225,ไทยประกันชีวิต,life,"['ไทยประกันชีวิต', 'ไทยประกัน']"
41478225,ไทยประกันชีวิต,life,"['ไทยประกันชีวิต', 'ไทยประกัน']"
41478225,เมืองไทยประกันภัย,non_life,['เมืองไทยประกันภัย']
41478225,เมืองไทยประกันภัย,non_life,['เมืองไทยประกันภัย']
41478225,ไทยประกันภัย,non_life,['ไทยประกันภัย']
41478225,ไทยประกันภัย,non_life,['ไทยประกันภัย']
41478286,เมืองไทยประกันชีวิต,life,"['เมืองไทยประกันชีวิต', 'เมืองไทย', 'muangthai', 'mtl', 'ประกันชีวิตสีชมพู']"
41478286,เมืองไทยประกันชีวิต,life,"['เมืองไทยประกันชีวิต', 'เมืองไทย', 'muangthai', 'mtl', 'ประกันชีวิตสีชมพู']"
41478286,ไทยประกันชีวิต,life,"['ไทยประกันชีวิต', 'ไทยประกัน']"
41478286,ไทยประกันชีวิต,life,"['ไทยประกันชีวิต', 'ไทยประกัน']"
41478286,เมืองไทยประกันภัย,non_life,['เมืองไทยประกันภัย']
41478286,เมืองไทยประกันภัย,non_life,['เมืองไทยประกันภัย']
41478286,ไทยประกันภัย,non_life,['ไทยประกันภัย']
41478286,ไทยประกันภัย,non_life,['ไทยประกันภัย']
41478526,ทิพยประกันภัย,non_life,"['ทิพย', 'ทิพยประกันภัย', 'dip', 'dhp', 'tip']"
41481836,เมืองไทยประกันชีวิต,life,"['เมืองไทยประกันชีวิต', 'เมืองไทย', 'muangthai', 'mtl', 'ประกันชีวิตสีชมพู']"
41481836,เมืองไทยประกันชีวิต,life,"['เมืองไทยประกันชีวิต', 'เมืองไทย', 'muangthai', 'mtl', 'ประกันชีวิตสีชมพู']"
41481836,ไทยประกันชีวิต,life,"['ไทยประกันชีวิต', 'ไทยประกัน']"
41481836,ไทยประกันชีวิต,life,"['ไทยประกันชีวิต', 'ไทยประกัน']"
41481836,เมืองไทยประกันภัย,non_life,['เมืองไทยประกันภัย']
41481836,เมืองไทยประกันภัย,non_life,['เมืองไทยประกันภัย']
41481836,ไทยประกันภัย,non_life,['ไทยประกันภัย']
41481836,ไทยประกันภัย,non_life,['ไทยประกันภัย']
41482515,อาคเนย์,non_life,"['อาคเนย์', 'aekn']"
41483280,,,
41483550,,,
41484950,Allianz Ayudhya,life,"['allianz', 'อลิอันซ์', 'อลิอันซ์อยุธยา', 'azay', 'อริอันซ์ อยุธยา', 'อลิอันช์', 'alianz ayudhya', 'az y']"
41485275,Chubb,non_life,"['chubb', 'ชับบ์', 'chuub', 'ชับ สามัคคี']"
41485497,ไทยประกันชีวิต,life,"['ไทยประกันชีวิต', 'ไทยประกัน']"
41485558,ธนชาตประกันภัย,non_life,"['ธนชาตประกันภัย', 'ธนชาต', 'ธนชาติ', 'ประกันภัยสีส้ม']"
41485558,ธนชาตประกันภัย,non_life,"['ธนชาตประกันภัย', 'ธนชาต', 'ธนชาติ', 'ประกันภัยสีส้ม']"
41485558,กรุงไทยพานิชประกันภัย,non_life,"['kpi', 'กรุงไทยประกันภัย', 'กรุงไทย ธนวัฏ', 'กรุงไทยพานิช']"
41485558,กรุงไทยพานิชประกันภัย,non_life,"['kpi', 'กรุงไทยประกันภัย', 'กรุงไทย ธนวัฏ', 'กรุงไทยพานิช']"
41485558,กสิกรไทย,broker,"['กสิกร', 'k bank', 'แบงค์เขียว']"
41485558,กสิกรไทย,broker,"['กสิกร', 'k bank', 'แบงค์เขียว']"
41486344,TVD Broker,broker,"['tvd', 'ทีวีดี']"
41486344,TVD Broker,broker,"['tvd', 'ทีวีดี']"
41486344,TVD Broker,broker,"['tvd', 'ทีวีดี']"
41486344,เมืองไทยประกันชีวิต,life,"['เมืองไทยประกันชีวิต', 'เมืองไทย', 'muangthai', 'mtl', 'ประกันชีวิตสีชมพู']"
41486344,เมืองไทยประกันชีวิต,life,"['เมืองไทยประกันชีวิต', 'เมืองไทย', 'muangthai', 'mtl', 'ประกันชีวิตสีชมพู']"
41486344,เมืองไทยประกันชีวิต,life,"['เมืองไทยประกันชีวิต', 'เมืองไทย', 'muangthai', 'mtl', 'ประกันชีวิตสีชมพู']"
41486344,ไทยประกันชีวิต,life,"['ไทยประกันชีวิต', 'ไทยประกัน']"
41486344,ไทยประกันชีวิต,life,"['ไทยประกันชีวิต', 'ไทยประกัน']"
41486344,ไทยประกันชีวิต,life,"['ไทยประกันชีวิต', 'ไทยประกัน']"
41486344,วิริยะประกันภัย,non_life,"['วิริยะ', 'viriyah', 'วรย', 'วิริยา']"
41486344,วิริยะประกันภัย,non_life,"['วิริยะ', 'viriyah', 'วรย', 'วิริยา']"
41486344,วิริยะประกันภัย,non_life,"['วิริยะ', 'viriyah', 'วรย', 'วิริยา']"
41486344,เมืองไทยประกันภัย,non_life,['เมืองไทยประกันภัย']
41486344,เมืองไทยประกันภัย,non_life,['เมืองไทยประกันภัย']
41486344,เมืองไทยประกันภัย,non_life,['เมืองไทยประกันภัย']
41486344,ทิพยประกันภัย,non_life,"['ทิพย', 'ทิพยประกันภัย', 'dip', 'dhp', 'tip']"
41486344,ทิพยประกันภัย,non_life,"['ทิพย', 'ทิพยประกันภัย', 'dip', 'dhp', 'tip']"
41486344,ทิพยประกันภัย,non_life,"['ทิพย', 'ทิพยประกันภัย', 'dip', 'dhp', 'tip']"
41486344,ไทยประกันภัย,non_life,['ไทยประกันภัย']
41486344,ไทยประกันภัย,non_life,['ไทยประกันภัย']
41486344,ไทยประกันภัย,non_life,['ไทยประกันภัย']
41486344,KTC,broker,"['บัตรกรุงไทย', 'ktc']"
41486344,KTC,broker,"['บัตรกรุงไทย', 'ktc']"
41486344,KTC,broker,"['บัตรกรุงไทย', 'ktc']"
41486632,ทิพยประกันภัย,non_life,"['ทิพย', 'ทิพยประกันภัย', 'dip', 'dhp', 'tip']"
41488061,,,
41490913,Krungthai AXA,non_life,"['กรุงไทยแอกซ่า', 'axa', 'แอกซ่า', 'แอกซา', 'เเอกซ่า', 'แอคซ่า', 'เเอคซา', 'กรุงไทยแอกซา', 'แอ๊คซ่า', 'แอ๊กซ่า', 'เเอกซ่า', 'axxa']"
41491987,เมืองไทยประกันชีวิต,life,"['เมืองไทยประกันชีวิต', 'เมืองไทย', 'muangthai', 'mtl', 'ประกันชีวิตสีชมพู']"
41491987,ไทยประกันชีวิต,life,"['ไทยประกันชีวิต', 'ไทยประกัน']"
41492403,,,
41492700,ทิพยประกันภัย,non_life,"['ทิพย', 'ทิพยประกันภัย', 'dip', 'dhp', 'tip']"
41494765,เมืองไทยประกันชีวิต,life,"['เมืองไทยประกันชีวิต', 'เมืองไทย', 'muangthai', 'mtl', 'ประกันชีวิตสีชมพู']"
41494765,เมืองไทยประกันชีวิต,life,"['เมืองไทยประกันชีวิต', 'เมืองไทย', 'muangthai', 'mtl', 'ประกันชีวิตสีชมพู']"
41494765,ไทยประกันชีวิต,life,"['ไทยประกันชีวิต', 'ไทยประกัน']"
41494765,ไทยประกันชีวิต,life,"['ไทยประกันชีวิต', 'ไทยประกัน']"
41494765,เมืองไทยประกันภัย,non_life,['เมืองไทยประกันภัย']
41494765,เมืองไทยประกันภัย,non_life,['เมืองไทยประกันภัย']
41494765,ไทยประกันภัย,non_life,['ไทยประกันภัย']
41494765,ไทยประกันภัย,non_life,['ไทยประกันภัย']
41497970,,,
41498064,เมืองไทยประกันชีวิต,life,"['เมืองไทยประกันชีวิต', 'เมืองไทย', 'muangthai', 'mtl', 'ประกันชีวิตสีชมพู']"
41498064,เมืองไทยประกันชีวิต,life,"['เมืองไทยประกันชีวิต', 'เมืองไทย', 'muangthai', 'mtl', 'ประกันชีวิตสีชมพู']"
41498064,ไทยประกันชีวิต,life,"['ไทยประกันชีวิต', 'ไทยประกัน']"
41498064,ไทยประกันชีวิต,life,"['ไทยประกันชีวิต', 'ไทยประกัน']"
41498064,เมืองไทยประกันภัย,non_life,['เมืองไทยประกันภัย']
41498064,เมืองไทยประกันภัย,non_life,['เมืองไทยประกันภัย']
41498064,ไทยประกันภัย,non_life,['ไทยประกันภัย']
41498064,ไทยประกันภัย,non_life,['ไทยประกันภัย']
41498842,เมืองไทยประกันชีวิต,life,"['เมืองไทยประกันชีวิต', 'เมืองไทย', 'muangthai', 'mtl', 'ประกันชีวิตสีชมพู']"
41498842,เมืองไทยประกันชีวิต,life,"['เมืองไทยประกันชีวิต', 'เมืองไทย', 'muangthai', 'mtl', 'ประกันชีวิตสีชมพู']"
41498842,ไทยประกันชีวิต,life,"['ไทยประกันชีวิต', 'ไทยประกัน']"
41498842,ไทยประกันชีวิต,life,"['ไทยประกันชีวิต', 'ไทยประกัน']"
41498842,เมืองไทยประกันภัย,non_life,['เมืองไทยประกันภัย']
41498842,เมืองไทยประกันภัย,non_life,['เมืองไทยประกันภัย']
41498842,ไทยประกันภัย,non_life,['ไทยประกันภัย']
41498842,ไทยประกันภัย,non_life,['ไทยประกันภัย']
41498897,ไทยวิวัฒน์,non_life,"['ไทยวิวัฒน์', 'thaivivat', 'ไทยวิวัตน์']"
41500347,เมืองไทยประกันชีวิต,life,"['เมืองไทยประกันชีวิต', 'เมืองไทย', 'muangthai', 'mtl', 'ประกันชีวิตสีชมพู']"
41500347,เมืองไทยประกันชีวิต,life,"['เมืองไทยประกันชีวิต', 'เมืองไทย', 'muangthai', 'mtl', 'ประกันชีวิตสีชมพู']"
41500347,ไทยประกันชีวิต,life,"['ไทยประกันชีวิต', 'ไทยประกัน']"
41500347,ไทยประกันชีวิต,life,"['ไทยประกันชีวิต', 'ไทยประกัน']"
41500347,เมืองไทยประกันภัย,non_life,['เมืองไทยประกันภัย']
41500347,เมืองไทยประกันภัย,non_life,['เมืองไทยประกันภัย']
41500347,ไทยประกันภัย,non_life,['ไทยประกันภัย']
41500347,ไทยประกันภัย,non_life,['ไทยประกันภัย']
41500347,วิริยะประกันภัย,non_life,"['วิริยะ', 'viriyah', 'วรย', 'วิริยา']"
41500347,วิริยะประกันภัย,non_life,"['วิริยะ', 'viriyah', 'วรย', 'วิริยา']"
41500347,ทิพยประกันภัย,non_life,"['ทิพย', 'ทิพยประกันภัย', 'dip', 'dhp', 'tip']"
41500347,ทิพยประกันภัย,non_life,"['ทิพย', 'ทิพยประกันภัย', 'dip', 'dhp', 'tip']"
41500347,เทเวศประกันภัย,non_life,['เทเวศ']
41500347,เทเวศประกันภัย,non_life,['เทเวศ']
41500893,วิริยะประกันภัย,non_life,"['วิริยะ', 'viriyah', 'วรย', 'วิริยา']"
41501433,เมืองไทยประกันชีวิต,life,"['เมืองไทยประกันชีวิต', 'เมืองไทย', 'muangthai', 'mtl', 'ประกันชีวิตสีชมพู']"
41501433,เมืองไทยประกันชีวิต,life,"['เมืองไทยประกันชีวิต', 'เมืองไทย', 'muangthai', 'mtl', 'ประกันชีวิตสีชมพู']"
41501433,ไทยประกันชีวิต,life,"['ไทยประกันชีวิต', 'ไทยประกัน']"
41501433,ไทยประกันชีวิต,life,"['ไทยประกันชีวิต', 'ไทยประกัน']"
41501433,เมืองไทยประกันภัย,non_life,['เมืองไทยประกันภัย']
41501433,เมืองไทยประกันภัย,non_life,['เมืองไทยประกันภัย']
41501433,ไทยประกันภัย,non_life,['ไทยประกันภัย']
41501433,ไทยประกันภัย,non_life,['ไทยประกันภัย']
41502309,วิริยะประกันภัย,non_life,"['วิริยะ', 'viriyah', 'วรย', 'วิริยา']"
41502309,วิริยะประกันภัย,non_life,"['วิริยะ', 'viriyah', 'วรย', 'วิริยา']"
41502309,AIA,life,"['aia', 'เอไอเอ']"
41502309,AIA,life,"['aia', 'เอไอเอ']"
41502763,Cigna,life,"['cigna', 'ซิกน่า', 'ซิกม่า']"
41504758,,,
41504897,เมืองไทยประกันชีวิต,life,"['เมืองไทยประกันชีวิต', 'เมืองไทย', 'muangthai', 'mtl', 'ประกันชีวิตสีชมพู']"
41504897,เมืองไทยประกันชีวิต,life,"['เมืองไทยประกันชีวิต', 'เมืองไทย', 'muangthai', 'mtl', 'ประกันชีวิตสีชมพู']"
41504897,ไทยประกันชีวิต,life,"['ไทยประกันชีวิต', 'ไทยประกัน']"
41504897,ไทยประกันชีวิต,life,"['ไทยประกันชีวิต', 'ไทยประกัน']"
41504897,เมืองไทยประกันภัย,non_life,['เมืองไทยประกันภัย']
41504897,เมืองไทยประกันภัย,non_life,['เมืองไทยประกันภัย']
41504897,ไทยประกันภัย,non_life,['ไทยประกันภัย']
41504897,ไทยประกันภัย,non_life,['ไทยประกันภัย']
41505141,Cigna,life,"['cigna', 'ซิกน่า', 'ซิกม่า']"
41505141,Cigna,life,"['cigna', 'ซิกน่า', 'ซิกม่า']"
41505141,AEON,broker,"['aeon', 'อิออน']"
41505141,AEON,broker,"['aeon', 'อิออน']"
41507081,เมืองไทยประกันชีวิต,life,"['เมืองไทยประกันชีวิต', 'เมืองไทย', 'muangthai', 'mtl', 'ประกันชีวิตสีชมพู']"
41507081,เมืองไทยประกันชีวิต,life,"['เมืองไทยประกันชีวิต', 'เมืองไทย', 'muangthai', 'mtl', 'ประกันชีวิตสีชมพู']"
41507081,ไทยประกันชีวิต,life,"['ไทยประกันชีวิต', 'ไทยประกัน']"
41507081,ไทยประกันชีวิต,life,"['ไทยประกันชีวิต', 'ไทยประกัน']"
41507081,เมืองไทยประกันภัย,non_life,['เมืองไทยประกันภัย']
41507081,เมืองไทยประกันภัย,non_life,['เมืองไทยประกันภัย']
41507081,ไทยประกันภัย,non_life,['ไทยประกันภัย']
41507081,ไทยประกันภัย,non_life,['ไทยประกันภัย']
41507459,เมืองไทยประกันชีวิต,life,"['เมืองไทยประกันชีวิต', 'เมืองไทย', 'muangthai', 'mtl', 'ประกันชีวิตสีชมพู']"
41507459,เมืองไทยประกันชีวิต,life,"['เมืองไทยประกันชีวิต', 'เมืองไทย', 'muangthai', 'mtl', 'ประกันชีวิตสีชมพู']"
41507459,ไทยประกันชีวิต,life,"['ไทยประกันชีวิต', 'ไทยประกัน']"
41507459,ไทยประกันชีวิต,life,"['ไทยประกันชีวิต', 'ไทยประกัน']"
41507459,เมืองไทยประกันภัย,non_life,['เมืองไทยประกันภัย']
41507459,เมืองไทยประกันภัย,non_life,['เมืองไทยประกันภัย']
41507459,ไทยประกันภัย,non_life,['ไทยประกันภัย']
41507459,ไทยประกันภัย,non_life,['ไทยประกันภัย']
41508233,ทิพยประกันภัย,non_life,"['ทิพย', 'ทิพยประกันภัย', 'dip', 'dhp', 'tip']"
41509431,เมืองไทยประกันชีวิต,life,"['เมืองไทยประกันชีวิต', 'เมืองไทย', 'muangthai', 'mtl', 'ประกันชีวิตสีชมพู']"
41509431,เมืองไทยประกันชีวิต,life,"['เมืองไทยประกันชีวิต', 'เมืองไทย', 'muangthai', 'mtl', 'ประกันชีวิตสีชมพู']"
41509431,ไทยประกันชีวิต,life,"['ไทยประกันชีวิต', 'ไทยประกัน']"
41509431,ไทยประกันชีวิต,life,"['ไทยประกันชีวิต', 'ไทยประกัน']"
41509431,เมืองไทยประกันภัย,non_life,['เมืองไทยประกันภัย']
41509431,เมืองไทยประกันภัย,non_life,['เมืองไทยประกันภัย']
41509431,ไทยประกันภัย,non_life,['ไทยประกันภัย']
41509431,ไทยประกันภัย,non_life,['ไทยประกันภัย']
41509723,เมืองไทยประกันชีวิต,life,"['เมืองไทยประกันชีวิต', 'เมืองไทย', 'muangthai', 'mtl', 'ประกันชีวิตสีชมพู']"
41509855,,,
41510041,เมืองไทยประกันชีวิต,life,"['เมืองไทยประกันชีวิต', 'เมืองไทย', 'muangthai', 'mtl', 'ประกันชีวิตสีชมพู']"
41510041,ไทยประกันชีวิต,life,"['ไทยประกันชีวิต', 'ไทยประกัน']"
41510065,เมืองไทยประกันชีวิต,life,"['เมืองไทยประกันชีวิต', 'เมืองไทย', 'muangthai', 'mtl', 'ประกันชีวิตสีชมพู']"
41511717,,,
41511819,Generali,non_life,"['generali', 'เจนเนอราลี่']"
41512024,วิริยะประกันภัย,non_life,"['วิริยะ', 'viriyah', 'วรย', 'วิริยา']"
41512495,Allianz Ayudhya,life,"['allianz', 'อลิอันซ์', 'อลิอันซ์อยุธยา', 'azay', 'อริอันซ์ อยุธยา', 'อลิอันช์', 'alianz ayudhya', 'az y']"
41512651,ไทยไพบูลย์,non_life,"['ไทยไพบูลย์', 'ไทยไพบูร']"
41513647,,,
41516606,วิริยะประกันภัย,non_life,"['วิริยะ', 'viriyah', 'วรย', 'วิริยา']"
41519808,,,
41519822,เมืองไทยประกันชีวิต,life,"['เมืองไทยประกันชีวิต', 'เมืองไทย', 'muangthai', 'mtl', 'ประกันชีวิตสีชมพู']"
41519822,เมืองไทยประกันชีวิต,life,"['เมืองไทยประกันชีวิต', 'เมืองไทย', 'muangthai', 'mtl', 'ประกันชีวิตสีชมพู']"
41519822,ไทยประกันชีวิต,life,"['ไทยประกันชีวิต', 'ไทยประกัน']"
41519822,ไทยประกันชีวิต,life,"['ไทยประกันชีวิต', 'ไทยประกัน']"
41519822,เมืองไทยประกันภัย,non_life,['เมืองไทยประกันภัย']
41519822,เมืองไทยประกันภัย,non_life,['เมืองไทยประกันภัย']
41519822,ไทยประกันภัย,non_life,['ไทยประกันภัย']
41519822,ไทยประกันภัย,non_life,['ไทยประกันภัย']
41521279,อาคเนย์,non_life,"['อาคเนย์', 'aekn']"
41523337,AIA,life,"['aia', 'เอไอเอ']"
41525347,เมืองไทยประกันชีวิต,life,"['เมืองไทยประกันชีวิต', 'เมืองไทย', 'muangthai', 'mtl', 'ประกันชีวิตสีชมพู']"
41525347,เมืองไทยประกันชีวิต,life,"['เมืองไทยประกันชีวิต', 'เมืองไทย', 'muangthai', 'mtl', 'ประกันชีวิตสีชมพู']"
41525347,ไทยประกันชีวิต,life,"['ไทยประกันชีวิต', 'ไทยประกัน']"
41525347,ไทยประกันชีวิต,life,"['ไทยประกันชีวิต', 'ไทยประกัน']"
41525347,เมืองไทยประกันภัย,non_life,['เมืองไทยประกันภัย']
41525347,เมืองไทยประกันภัย,non_life,['เมืองไทยประกันภัย']
41525347,ไทยประกันภัย,non_life,['ไทยประกันภัย']
41525347,ไทยประกันภัย,non_life,['ไทยประกันภัย']
41527731,ทิพยประกันภัย,non_life,"['ทิพย', 'ทิพยประกันภัย', 'dip', 'dhp', 'tip']"
41529150,พรูเด็นเชียล,life,"['prudential', 'พรูเด็นเชียล', 'พรูเดนเชียล']"
41529795,เมืองไทยประกันชีวิต,life,"['เมืองไทยประกันชีวิต', 'เมืองไทย', 'muangthai', 'mtl', 'ประกันชีวิตสีชมพู']"
41532535,เมืองไทยประกันชีวิต,life,"['เมืองไทยประกันชีวิต', 'เมืองไทย', 'muangthai', 'mtl', 'ประกันชีวิตสีชมพู']"
41535729,เมืองไทยประกันชีวิต,life,"['เมืองไทยประกันชีวิต', 'เมืองไทย', 'muangthai', 'mtl', 'ประกันชีวิตสีชมพู']"
41535729,เมืองไทยประกันชีวิต,life,"['เมืองไทยประกันชีวิต', 'เมืองไทย', 'muangthai', 'mtl', 'ประกันชีวิตสีชมพู']"
41535729,ไทยประกันชีวิต,life,"['ไทยประกันชีวิต', 'ไทยประกัน']"
41535729,ไทยประกันชีวิต,life,"['ไทยประกันชีวิต', 'ไทยประกัน']"
41535729,เมืองไทยประกันภัย,non_life,['เมืองไทยประกันภัย']
41535729,เมืองไทยประกันภัย,non_life,['เมืองไทยประกันภัย']
41535729,ไทยประกันภัย,non_life,['ไทยประกันภัย']
41535729,ไทยประกันภัย,non_life,['ไทยประกันภัย']
41542807,,,
41544264,เมืองไทยประกันชีวิต,life,"['เมืองไทยประกันชีวิต', 'เมืองไทย', 'muangthai', 'mtl', 'ประกันชีวิตสีชมพู']"
41544264,เมืองไทยประกันชีวิต,life,"['เมืองไทยประกันชีวิต', 'เมืองไทย', 'muangthai', 'mtl', 'ประกันชีวิตสีชมพู']"
41544264,เมืองไทยประกันชีวิต,life,"['เมืองไทยประกันชีวิต', 'เมืองไทย', 'muangthai', 'mtl', 'ประกันชีวิตสีชมพู']"
41544264,TVD Broker,broker,"['tvd', 'ทีวีดี']"
41544264,TVD Broker,broker,"['tvd', 'ทีวีดี']"
41544264,TVD Broker,broker,"['tvd', 'ทีวีดี']"
41544264,ไทยประกันชีวิต,life,"['ไทยประกันชีวิต', 'ไทยประกัน']"
41544264,ไทยประกันชีวิต,life,"['ไทยประกันชีวิต', 'ไทยประกัน']"
41544264,ไทยประกันชีวิต,life,"['ไทยประกันชีวิต', 'ไทยประกัน']"
41544264,เมืองไทยประกันภัย,non_life,['เมืองไทยประกันภัย']
41544264,เมืองไทยประกันภัย,non_life,['เมืองไทยประกันภัย']
41544264,เมืองไทยประกันภัย,non_life,['เมืองไทยประกันภัย']
41544264,ไทยประกันภัย,non_life,['ไทยประกันภัย']
41544264,ไทยประกันภัย,non_life,['ไทยประกันภัย']
41544264,ไทยประกันภัย,non_life,['ไทยประกันภัย']
41544283,Krungthai AXA,non_life,"['กรุงไทยแอกซ่า', 'axa', 'แอกซ่า', 'แอกซา', 'เเอกซ่า', 'แอคซ่า', 'เเอคซา', 'กรุงไทยแอกซา', 'แอ๊คซ่า', 'แอ๊กซ่า', 'เเอกซ่า', 'axxa']"
41545125,,,
41546083,,,
41548626,AIA,life,"['aia', 'เอไอเอ']"
41549220,เมืองไทยประกันชีวิต,life,"['เมืองไทยประกันชีวิต', 'เมืองไทย', 'muangthai', 'mtl', 'ประกันชีวิตสีชมพู']"
41549220,เมืองไทยประกันชีวิต,life,"['เมืองไทยประกันชีวิต', 'เมืองไทย', 'muangthai', 'mtl', 'ประกันชีวิตสีชมพู']"
41549220,ไทยประกันชีวิต,life,"['ไทยประกันชีวิต', 'ไทยประกัน']"
41549220,ไทยประกันชีวิต,life,"['ไทยประกันชีวิต', 'ไทยประกัน']"
41549220,เมืองไทยประกันภัย,non_life,['เมืองไทยประกันภัย']
41549220,เมืองไทยประกันภัย,non_life,['เมืองไทยประกันภัย']
41549220,ไทยประกันภัย,non_life,['ไทยประกันภัย']
41549220,ไทยประกันภัย,non_life,['ไทยประกันภัย']
41552448,คุ้มภัยโตเกียวมารีน,non_life,"['ประกันคุ้มภัย', 'คุ้มภัย', 'คภ.', 'โตเกียวมารีน', 'tokio marine']"
41553033,เมืองไทยประกันชีวิต,life,"['เมืองไทยประกันชีวิต', 'เมืองไทย', 'muangthai', 'mtl', 'ประกันชีวิตสีชมพู']"
41553033,เมืองไทยประกันชีวิต,life,"['เมืองไทยประกันชีวิต', 'เมืองไทย', 'muangthai', 'mtl', 'ประกันชีวิตสีชมพู']"
41553033,ไทยประกันชีวิต,life,"['ไทยประกันชีวิต', 'ไทยประกัน']"
41553033,ไทยประกันชีวิต,life,"['ไทยประกันชีวิต', 'ไทยประกัน']"
41553033,เมืองไทยประกันภัย,non_life,['เมืองไทยประกันภัย']
41553033,เมืองไทยประกันภัย,non_life,['เมืองไทยประกันภัย']
41553033,ไทยประกันภัย,non_life,['ไทยประกันภัย']
41553033,ไทยประกันภัย,non_life,['ไทยประกันภัย']
41553094,ไทยวิวัฒน์,non_life,"['ไทยวิวัฒน์', 'thaivivat', 'ไทยวิวัตน์']"
41553094,ไทยวิวัฒน์,non_life,"['ไทยวิวัฒน์', 'thaivivat', 'ไทยวิวัตน์']"
41553094,ANC,broker,"['anc', 'เอเอ็นซี']"
41553094,ANC,broker,"['anc', 'เอเอ็นซี']"
41554963,,,
41555317,เมืองไทยประกันชีวิต,life,"['เมืองไทยประกันชีวิต', 'เมืองไทย', 'muangthai', 'mtl', 'ประกันชีวิตสีชมพู']"
41555317,เมืองไทยประกันชีวิต,life,"['เมืองไทยประกันชีวิต', 'เมืองไทย', 'muangthai', 'mtl', 'ประกันชีวิตสีชมพู']"
41555317,เมืองไทยประกันชีวิต,life,"['เมืองไทยประกันชีวิต', 'เมืองไทย', 'muangthai', 'mtl', 'ประกันชีวิตสีชมพู']"
41555317,ไทยประกันชีวิต,life,"['ไทยประกันชีวิต', 'ไทยประกัน']"
41555317,ไทยประกันชีวิต,life,"['ไทยประกันชีวิต', 'ไทยประกัน']"
41555317,ไทยประกันชีวิต,life,"['ไทยประกันชีวิต', 'ไทยประกัน']"
41555317,เมืองไทยประกันภัย,non_life,['เมืองไทยประกันภัย']
41555317,เมืองไทยประกันภัย,non_life,['เมืองไทยประกันภัย']
41555317,เมืองไทยประกันภัย,non_life,['เมืองไทยประกันภัย']
41555317,ไทยประกันภัย,non_life,['ไทยประกันภัย']
41555317,ไทยประกันภัย,non_life,['ไทยประกันภัย']
41555317,ไทยประกันภัย,non_life,['ไทยประกันภัย']
41555317,TVD Broker,broker,"['tvd', 'ทีวีดี']"
41555317,TVD Broker,broker,"['tvd', 'ทีวีดี']"
41555317,TVD Broker,broker,"['tvd', 'ทีวีดี']"
41556091,Cigna,life,"['cigna', 'ซิกน่า', 'ซิกม่า']"
41558820,ไทยประกันชีวิต,life,"['ไทยประกันชีวิต', 'ไทยประกัน']"
41559735,,,
41560394,เมืองไทยประกันชีวิต,life,"['เมืองไทยประกันชีวิต', 'เมืองไทย', 'muangthai', 'mtl', 'ประกันชีวิตสีชมพู']"
41560394,ไทยประกันชีวิต,life,"['ไทยประกันชีวิต', 'ไทยประกัน']"
41563613,,,
41563632,AIA,life,"['aia', 'เอไอเอ']"
41565413,ไทยประกันชีวิต,life,"['ไทยประกันชีวิต', 'ไทยประกัน']"
41565413,ไทยประกันชีวิต,life,"['ไทยประกันชีวิต', 'ไทยประกัน']"
41565413,ไทยประกันภัย,non_life,['ไทยประกันภัย']
41565413,ไทยประกันภัย,non_life,['ไทยประกันภัย']
41565632,วิริยะประกันภัย,non_life,"['วิริยะ', 'viriyah', 'วรย', 'วิริยา']"
41565632,ทิพยประกันภัย,non_life,"['ทิพย', 'ทิพยประกันภัย', 'dip', 'dhp', 'tip']"
41565953,วิริยะประกันภัย,non_life,"['วิริยะ', 'viriyah', 'วรย', 'วิริยา']"
41565953,วิริยะประกันภัย,non_life,"['วิริยะ', 'viriyah', 'วรย', 'วิริยา']"
41565953,AIA,life,"['aia', 'เอไอเอ']"
41565953,AIA,life,"['aia', 'เอไอเอ']"
41565953,Krungthai AXA,non_life,"['กรุงไทยแอกซ่า', 'axa', 'แอกซ่า', 'แอกซา', 'เเอกซ่า', 'แอคซ่า', 'เเอคซา', 'กรุงไทยแอกซา', 'แอ๊คซ่า', 'แอ๊กซ่า', 'เเอกซ่า', 'axxa']"
41565953,Krungthai AXA,non_life,"['กรุงไทยแอกซ่า', 'axa', 'แอกซ่า', 'แอกซา', 'เเอกซ่า', 'แอคซ่า', 'เเอคซา', 'กรุงไทยแอกซา', 'แอ๊คซ่า', 'แอ๊กซ่า', 'เเอกซ่า', 'axxa']"
41567883,เมืองไทยประกันชีวิต,life,"['เมืองไทยประกันชีวิต', 'เมืองไทย', 'muangthai', 'mtl', 'ประกันชีวิตสีชมพู']"
41567883,ไทยประกันชีวิต,life,"['ไทยประกันชีวิต', 'ไทยประกัน']"
41568956,Cigna,life,"['cigna', 'ซิกน่า', 'ซิกม่า']"
41568956,Cigna,life,"['cigna', 'ซิกน่า', 'ซิกม่า']"
41568956,ทหารไทยธนชาต,broker,"['ทหารไทยธนชาต', 'ttb', 'tmb', 'ธนาคารทหารไทย', 'ทหารไทย']"
41568956,ทหารไทยธนชาต,broker,"['ทหารไทยธนชาต', 'ttb', 'tmb', 'ธนาคารทหารไทย', 'ทหารไทย']"
41569127,LMG,non_life,"['lmg', 'แอลเอ็มจี']"
41570486,เมืองไทยประกันชีวิต,life,"['เมืองไทยประกันชีวิต', 'เมืองไทย', 'muangthai', 'mtl', 'ประกันชีวิตสีชมพู']"
41570486,เมืองไทยประกันชีวิต,life,"['เมืองไทยประกันชีวิต', 'เมืองไทย', 'muangthai', 'mtl', 'ประกันชีวิตสีชมพู']"
41570486,ไทยประกันชีวิต,life,"['ไทยประกันชีวิต', 'ไทยประกัน']"
41570486,ไทยประกันชีวิต,life,"['ไทยประกันชีวิต', 'ไทยประกัน']"
41570486,เมืองไทยประกันภัย,non_life,['เมืองไทยประกันภัย']
41570486,เมืองไทยประกันภัย,non_life,['เมืองไทยประกันภัย']
41570486,ไทยประกันภัย,non_life,['ไทยประกันภัย']
41570486,ไทยประกันภัย,non_life,['ไทยประกันภัย']
41571241,,,
41573959,เมืองไทยประกันชีวิต,life,"['เมืองไทยประกันชีวิต', 'เมืองไทย', 'muangthai', 'mtl', 'ประกันชีวิตสีชมพู']"
41573959,ไทยประกันชีวิต,life,"['ไทยประกันชีวิต', 'ไทยประกัน']"
41574842,Cigna,life,"['cigna', 'ซิกน่า', 'ซิกม่า']"
41576965,,,
41577900,เมืองไทยประกันชีวิต,life,"['เมืองไทยประกันชีวิต', 'เมืองไทย', 'muangthai', 'mtl', 'ประกันชีวิตสีชมพู']"
41577900,เมืองไทยประกันชีวิต,life,"['เมืองไทยประกันชีวิต', 'เมืองไทย', 'muangthai', 'mtl', 'ประกันชีวิตสีชมพู']"
41577900,ไทยประกันชีวิต,life,"['ไทยประกันชีวิต', 'ไทยประกัน']"
41577900,ไทยประกันชีวิต,life,"['ไทยประกันชีวิต', 'ไทยประกัน']"
41577900,เมืองไทยประกันภัย,non_life,['เมืองไทยประกันภัย']
41577900,เมืองไทยประกันภัย,non_life,['เมืองไทยประกันภัย']
41577900,ไทยประกันภัย,non_life,['ไทยประกันภัย']
41577900,ไทยประกันภัย,non_life,['ไทยประกันภัย']
41578855,,,
41585349,,,
41586714,Cigna,life,"['cigna', 'ซิกน่า', 'ซิกม่า']"
41589483,Krungthai AXA,non_life,"['กรุงไทยแอกซ่า', 'axa', 'แอกซ่า', 'แอกซา', 'เเอกซ่า', 'แอคซ่า', 'เเอคซา', 'กรุงไทยแอกซา', 'แอ๊คซ่า', 'แอ๊กซ่า', 'เเอกซ่า', 'axxa']"
41591083,,,
41596765,ไทยวิวัฒน์,non_life,"['ไทยวิวัฒน์', 'thaivivat', 'ไทยวิวัตน์']"
41597731,FWD,life,"['fwd', 'เอฟดับบลิวดี', 'fwd ประกันชีวิต']"
41597731,FWD,life,"['fwd', 'เอฟดับบลิวดี', 'fwd ประกันชีวิต']"
41597731,SCB,broker,"['scb', 'ไทยพาณิชย์', 'ไทยพานิชย์', 'ธนาคารสีม่วง', 'cardx']"
41597731,SCB,broker,"['scb', 'ไทยพาณิชย์', 'ไทยพานิชย์', 'ธนาคารสีม่วง', 'cardx']"
41600295,เมืองไทยประกันชีวิต,life,"['เมืองไทยประกันชีวิต', 'เมืองไทย', 'muangthai', 'mtl', 'ประกันชีวิตสีชมพู']"
41600295,เมืองไทยประกันชีวิต,life,"['เมืองไทยประกันชีวิต', 'เมืองไทย', 'muangthai', 'mtl', 'ประกันชีวิตสีชมพู']"
41600295,ไทยประกันชีวิต,life,"['ไทยประกันชีวิต', 'ไทยประกัน']"
41600295,ไทยประกันชีวิต,life,"['ไทยประกันชีวิต', 'ไทยประกัน']"
41600295,เมืองไทยประกันภัย,non_life,['เมืองไทยประกันภัย']
41600295,เมืองไทยประกันภัย,non_life,['เมืองไทยประกันภัย']
41600295,ไทยประกันภัย,non_life,['ไทยประกันภัย']
41600295,ไทยประกันภัย,non_life,['ไทยประกันภัย']
41600402,เมืองไทยประกันชีวิต,life,"['เมืองไทยประกันชีวิต', 'เมืองไทย', 'muangthai', 'mtl', 'ประกันชีวิตสีชมพู']"
41600402,เมืองไทยประกันชีวิต,life,"['เมืองไทยประกันชีวิต', 'เมืองไทย', 'muangthai', 'mtl', 'ประกันชีวิตสีชมพู']"
41600402,ไทยประกันชีวิต,life,"['ไทยประกันชีวิต', 'ไทยประกัน']"
41600402,ไทยประกันชีวิต,life,"['ไทยประกันชีวิต', 'ไทยประกัน']"
41600402,เมืองไทยประกันภัย,non_life,['เมืองไทยประกันภัย']
41600402,เมืองไทยประกันภัย,non_life,['เมืองไทยประกันภัย']
41600402,ไทยประกันภัย,non_life,['ไทยประกันภัย']
41600402,ไทยประกันภัย,non_life,['ไทยประกันภัย']
41603702,เมืองไทยประกันชีวิต,life,"['เมืองไทยประกันชีวิต', 'เมืองไทย', 'muangthai', 'mtl', 'ประกันชีวิตสีชมพู']"
41603702,เมืองไทยประกันชีวิต,life,"['เมืองไทยประกันชีวิต', 'เมืองไทย', 'muangthai', 'mtl', 'ประกันชีวิตสีชมพู']"
41603702,ไทยประกันชีวิต,life,"['ไทยประกันชีวิต', 'ไทยประกัน']"
41603702,ไทยประกันชีวิต,life,"['ไทยประกันชีวิต', 'ไทยประกัน']"
41603702,เมืองไทยประกันภัย,non_life,['เมืองไทยประกันภัย']
41603702,เมืองไทยประกันภัย,non_life,['เมืองไทยประกันภัย']
41603702,ไทยประกันภัย,non_life,['ไทยประกันภัย']
41603702,ไทยประกันภัย,non_life,['ไทยประกันภัย']
41606760,Cigna,life,"['cigna', 'ซิกน่า', 'ซิกม่า']"
41607856,เมืองไทยประกันชีวิต,life,"['เมืองไทยประกันชีวิต', 'เมืองไทย', 'muangthai', 'mtl', 'ประกันชีวิตสีชมพู']"
41607856,ไทยประกันชีวิต,life,"['ไทยประกันชีวิต', 'ไทยประกัน']"
41608375,AIA,life,"['aia', 'เอไอเอ']"
41609617,,,
41611340,AIA,life,"['aia', 'เอไอเอ']"
41611340,AIA,life,"['aia', 'เอไอเอ']"
41611340,ทิพยประกันภัย,non_life,"['ทิพย', 'ทิพยประกันภัย', 'dip', 'dhp', 'tip']"
41611340,ทิพยประกันภัย,non_life,"['ทิพย', 'ทิพยประกันภัย', 'dip', 'dhp', 'tip']"
41611741,,,
41613970,AEON,broker,"['aeon', 'อิออน']"
41615803,AIA,life,"['aia', 'เอไอเอ']"
41615803,เมืองไทยประกันชีวิต,life,"['เมืองไทยประกันชีวิต', 'เมืองไทย', 'muangthai', 'mtl', 'ประกันชีวิตสีชมพู']"
41615803,ไทยประกันชีวิต,life,"['ไทยประกันชีวิต', 'ไทยประกัน']"
41621085,ไทยวิวัฒน์,non_life,"['ไทยวิวัฒน์', 'thaivivat', 'ไทยวิวัตน์']"
41621225,,,
41624784,,,
41627855,,,
41630440,,,
41630495,เมืองไทยประกันชีวิต,life,"['เมืองไทยประกันชีวิต', 'เมืองไทย', 'muangthai', 'mtl', 'ประกันชีวิตสีชมพู']"
41630495,เมืองไทยประกันชีวิต,life,"['เมืองไทยประกันชีวิต', 'เมืองไทย', 'muangthai', 'mtl', 'ประกันชีวิตสีชมพู']"
41630495,ไทยประกันชีวิต,life,"['ไทยประกันชีวิต', 'ไทยประกัน']"
41630495,ไทยประกันชีวิต,life,"['ไทยประกันชีวิต', 'ไทยประกัน']"
41630495,เมืองไทยประกันภัย,non_life,['เมืองไทยประกันภัย']
41630495,เมืองไทยประกันภัย,non_life,['เมืองไทยประกันภัย']
41630495,ไทยประกันภัย,non_life,['ไทยประกันภัย']
41630495,ไทยประกันภัย,non_life,['ไทยประกันภัย']
41631969,ไทยวิวัฒน์,non_life,"['ไทยวิวัฒน์', 'thaivivat', 'ไทยวิวัตน์']"
41634305,Cigna,life,"['cigna', 'ซิกน่า', 'ซิกม่า']"
41634305,Cigna,life,"['cigna', 'ซิกน่า', 'ซิกม่า']"
41634305,ทหารไทยธนชาต,broker,"['ทหารไทยธนชาต', 'ttb', 'tmb', 'ธนาคารทหารไทย', 'ทหารไทย']"
41634305,ทหารไทยธนชาต,broker,"['ทหารไทยธนชาต', 'ttb', 'tmb', 'ธนาคารทหารไทย', 'ทหารไทย']"
41634600,,,
41634885,เมืองไทยประกันชีวิต,life,"['เมืองไทยประกันชีวิต', 'เมืองไทย', 'muangthai', 'mtl', 'ประกันชีวิตสีชมพู']"
41634885,เมืองไทยประกันชีวิต,life,"['เมืองไทยประกันชีวิต', 'เมืองไทย', 'muangthai', 'mtl', 'ประกันชีวิตสีชมพู']"
41634885,ไทยประกันชีวิต,life,"['ไทยประกันชีวิต', 'ไทยประกัน']"
41634885,ไทยประกันชีวิต,life,"['ไทยประกันชีวิต', 'ไทยประกัน']"
41634885,เมืองไทยประกันภัย,non_life,['เมืองไทยประกันภัย']
41634885,เมืองไทยประกันภัย,non_life,['เมืองไทยประกันภัย']
41634885,ไทยประกันภัย,non_life,['ไทยประกันภัย']
41634885,ไทยประกันภัย,non_life,['ไทยประกันภัย']
41635651,ไทยประกันชีวิต,life,"['ไทยประกันชีวิต', 'ไทยประกัน']"
41635651,ไทยประกันชีวิต,life,"['ไทยประกันชีวิต', 'ไทยประกัน']"
41635651,ไทยประกันภัย,non_life,['ไทยประกันภัย']
41635651,ไทยประกันภัย,non_life,['ไทยประกันภัย']
41635749,ไทยวิวัฒน์,non_life,"['ไทยวิวัฒน์', 'thaivivat', 'ไทยวิวัตน์']"
41636605,เมืองไทยประกันชีวิต,life,"['เมืองไทยประกันชีวิต', 'เมืองไทย', 'muangthai', 'mtl', 'ประกันชีวิตสีชมพู']"
41636605,เมืองไทยประกันชีวิต,life,"['เมืองไทยประกันชีวิต', 'เมืองไทย', 'muangthai', 'mtl', 'ประกันชีวิตสีชมพู']"
41636605,ไทยประกันชีวิต,life,"['ไทยประกันชีวิต', 'ไทยประกัน']"
41636605,ไทยประกันชีวิต,life,"['ไทยประกันชีวิต', 'ไทยประกัน']"
41636605,เมืองไทยประกันภัย,non_life,['เมืองไทยประกันภัย']
41636605,เมืองไทยประกันภัย,non_life,['เมืองไทยประกันภัย']
41636605,ไทยประกันภัย,non_life,['ไทยประกันภัย']
41636605,ไทยประกันภัย,non_life,['ไทยประกันภัย']
41637453,ทิพยประกันภัย,non_life,"['ทิพย', 'ทิพยประกันภัย', 'dip', 'dhp', 'tip']"
41637817,เมืองไทยประกันชีวิต,life,"['เมืองไทยประกันชีวิต', 'เมืองไทย', 'muangthai', 'mtl', 'ประกันชีวิตสีชมพู']"
41637817,เมืองไทยประกันชีวิต,life,"['เมืองไทยประกันชีวิต', 'เมืองไทย', 'muangthai', 'mtl', 'ประกันชีวิตสีชมพู']"
41637817,ไทยประกันชีวิต,life,"['ไทยประกันชีวิต', 'ไทยประกัน']"
41637817,ไทยประกันชีวิต,life,"['ไทยประกันชีวิต', 'ไทยประกัน']"
41637817,เมืองไทยประกันภัย,non_life,['เมืองไทยประกันภัย']
41637817,เมืองไทยประกันภัย,non_life,['เมืองไทยประกันภัย']
41637817,ไทยประกันภัย,non_life,['ไทยประกันภัย']
41637817,ไทยประกันภัย,non_life,['ไทยประกันภัย']
41638142,ไทยประกันชีวิต,life,"['ไทยประกันชีวิต', 'ไทยประกัน']"
41638142,ไทยประกันชีวิต,life,"['ไทยประกันชีวิต', 'ไทยประกัน']"
41638142,ไทยประกันภัย,non_life,['ไทยประกันภัย']
41638142,ไทยประกันภัย,non_life,['ไทยประกันภัย']
41638582,เมืองไทยประกันชีวิต,life,"['เมืองไทยประกันชีวิต', 'เมืองไทย', 'muangthai', 'mtl', 'ประกันชีวิตสีชมพู']"
41638582,เมืองไทยประกันชีวิต,life,"['เมืองไทยประกันชีวิต', 'เมืองไทย', 'muangthai', 'mtl', 'ประกันชีวิตสีชมพู']"
41638582,ไทยประกันชีวิต,life,"['ไทยประกันชีวิต', 'ไทยประกัน']"
41638582,ไทยประกันชีวิต,life,"['ไทยประกันชีวิต', 'ไทยประกัน']"
41638582,เมืองไทยประกันภัย,non_life,['เมืองไทยประกันภัย']
41638582,เมืองไทยประกันภัย,non_life,['เมืองไทยประกันภัย']
41638582,ไทยประกันภัย,non_life,['ไทยประกันภัย']
41638582,ไทยประกันภัย,non_life,['ไทยประกันภัย']
41638621,เมืองไทยประกันชีวิต,life,"['เมืองไทยประกันชีวิต', 'เมืองไทย', 'muangthai', 'mtl', 'ประกันชีวิตสีชมพู']"
41638621,เมืองไทยประกันชีวิต,life,"['เมืองไทยประกันชีวิต', 'เมืองไทย', 'muangthai', 'mtl', 'ประกันชีวิตสีชมพู']"
41638621,ไทยประกันชีวิต,life,"['ไทยประกันชีวิต', 'ไทยประกัน']"
41638621,ไทยประกันชีวิต,life,"['ไทยประกันชีวิต', 'ไทยประกัน']"
41638621,เมืองไทยประกันภัย,non_life,['เมืองไทยประกันภัย']
41638621,เมืองไทยประกันภัย,non_life,['เมืองไทยประกันภัย']
41638621,ไทยประกันภัย,non_life,['ไทยประกันภัย']
41638621,ไทยประกันภัย,non_life,['ไทยประกันภัย']
41641041,เมืองไทยประกันชีวิต,life,"['เมืองไทยประกันชีวิต', 'เมืองไทย', 'muangthai', 'mtl', 'ประกันชีวิตสีชมพู']"
41641041,เมืองไทยประกันชีวิต,life,"['เมืองไทยประกันชีวิต', 'เมืองไทย', 'muangthai', 'mtl', 'ประกันชีวิตสีชมพู']"
41641041,ไทยประกันชีวิต,life,"['ไทยประกันชีวิต', 'ไทยประกัน']"
41641041,ไทยประกันชีวิต,life,"['ไทยประกันชีวิต', 'ไทยประกัน']"
41641041,เมืองไทยประกันภัย,non_life,['เมืองไทยประกันภัย']
41641041,เมืองไทยประกันภัย,non_life,['เมืองไทยประกันภัย']
41641041,ไทยประกันภัย,non_life,['ไทยประกันภัย']
41641041,ไทยประกันภัย,non_life,['ไทยประกันภัย']
41641208,AIA,life,"['aia', 'เอไอเอ']"
41641289,,,
41642654,LMG,non_life,"['lmg', 'แอลเอ็มจี']"
41642654,LMG,non_life,"['lmg', 'แอลเอ็มจี']"
41642654,AEON,broker,"['aeon', 'อิออน']"
41642654,AEON,broker,"['aeon', 'อิออน']"
41644238,เมืองไทยประกันชีวิต,life,"['เมืองไทยประกันชีวิต', 'เมืองไทย', 'muangthai', 'mtl', 'ประกันชีวิตสีชมพู']"
41644238,เมืองไทยประกันชีวิต,life,"['เมืองไทยประกันชีวิต', 'เมืองไทย', 'muangthai', 'mtl', 'ประกันชีวิตสีชมพู']"
41644238,ไทยประกันชีวิต,life,"['ไทยประกันชีวิต', 'ไทยประกัน']"
41644238,ไทยประกันชีวิต,life,"['ไทยประกันชีวิต', 'ไทยประกัน']"
41644238,เมืองไทยประกันภัย,non_life,['เมืองไทยประกันภัย']
41644238,เมืองไทยประกันภัย,non_life,['เมืองไทยประกันภัย']
41644238,ไทยประกันภัย,non_life,['ไทยประกันภัย']
41644238,ไทยประกันภัย,non_life,['ไทยประกันภัย']
41645762,เมืองไทยประกันชีวิต,life,"['เมืองไทยประกันชีวิต', 'เมืองไทย', 'muangthai', 'mtl', 'ประกันชีวิตสีชมพู']"
41645762,เมืองไทยประกันชีวิต,life,"['เมืองไทยประกันชีวิต', 'เมืองไทย', 'muangthai', 'mtl', 'ประกันชีวิตสีชมพู']"
41645762,ไทยประกันชีวิต,life,"['ไทยประกันชีวิต', 'ไทยประกัน']"
41645762,ไทยประกันชีวิต,life,"['ไทยประกันชีวิต', 'ไทยประกัน']"
41645762,เมืองไทยประกันภัย,non_life,['เมืองไทยประกันภัย']
41645762,เมืองไทยประกันภัย,non_life,['เมืองไทยประกันภัย']
41645762,ไทยประกันภัย,non_life,['ไทยประกันภัย']
41645762,ไทยประกันภัย,non_life,['ไทยประกันภัย']
41647457,วิริยะประกันภัย,non_life,"['วิริยะ', 'viriyah', 'วรย', 'วิริยา']"
41648637,,,
41651805,ไทยประกันชีวิต,life,"['ไทยประกันชีวิต', 'ไทยประกัน']"
41654375,Allianz Ayudhya,life,"['allianz', 'อลิอันซ์', 'อลิอันซ์อยุธยา', 'azay', 'อริอันซ์ อยุธยา', 'อลิอันช์', 'alianz ayudhya', 'az y']"
41656174,เมืองไทยประกันชีวิต,life,"['เมืองไทยประกันชีวิต', 'เมืองไทย', 'muangthai', 'mtl', 'ประกันชีวิตสีชมพู']"
41656174,เมืองไทยประกันชีวิต,life,"['เมืองไทยประกันชีวิต', 'เมืองไทย', 'muangthai', 'mtl', 'ประกันชีวิตสีชมพู']"
41656174,ไทยประกันชีวิต,life,"['ไทยประกันชีวิต', 'ไทยประกัน']"
41656174,ไทยประกันชีวิต,life,"['ไทยประกันชีวิต', 'ไทยประกัน']"
41656174,เมืองไทยประกันภัย,non_life,['เมืองไทยประกันภัย']
41656174,เมืองไทยประกันภัย,non_life,['เมืองไทยประกันภัย']
41656174,ไทยประกันภัย,non_life,['ไทยประกันภัย']
41656174,ไทยประกันภัย,non_life,['ไทยประกันภัย']
41656767,วิริยะประกันภัย,non_life,"['วิริยะ', 'viriyah', 'วรย', 'วิริยา']"
41657000,,,
41659219,FWD,life,"['fwd', 'เอฟดับบลิวดี', 'fwd ประกันชีวิต']"
41659219,FWD,life,"['fwd', 'เอฟดับบลิวดี', 'fwd ประกันชีวิต']"
41659219,SCB,broker,"['scb', 'ไทยพาณิชย์', 'ไทยพานิชย์', 'ธนาคารสีม่วง', 'cardx']"
41659219,SCB,broker,"['scb', 'ไทยพาณิชย์', 'ไทยพานิชย์', 'ธนาคารสีม่วง', 'cardx']"
41659630,,,
41664001,FWD,life,"['fwd', 'เอฟดับบลิวดี', 'fwd ประกันชีวิต']"
41664001,FWD,life,"['fwd', 'เอฟดับบลิวดี', 'fwd ประกันชีวิต']"
41664001,SCB,broker,"['scb', 'ไทยพาณิชย์', 'ไทยพานิชย์', 'ธนาคารสีม่วง', 'cardx']"
41664001,SCB,broker,"['scb', 'ไทยพาณิชย์', 'ไทยพานิชย์', 'ธนาคารสีม่วง', 'cardx']"
41665998,สินมั่นคง,non_life,"['สินมั่นคง', 'สินมั่งคง']"
41670710,AEON,broker,"['aeon', 'อิออน']"
41670988,Krungthai AXA,non_life,"['กรุงไทยแอกซ่า', 'axa', 'แอกซ่า', 'แอกซา', 'เเอกซ่า', 'แอคซ่า', 'เเอคซา', 'กรุงไทยแอกซา', 'แอ๊คซ่า', 'แอ๊กซ่า', 'เเอกซ่า', 'axxa']"
41670988,Krungthai AXA,non_life,"['กรุงไทยแอกซ่า', 'axa', 'แอกซ่า', 'แอกซา', 'เเอกซ่า', 'แอคซ่า', 'เเอคซา', 'กรุงไทยแอกซา', 'แอ๊คซ่า', 'แอ๊กซ่า', 'เเอกซ่า', 'axxa']"
41670988,กรุงเทพประกันภัย,non_life,"['กรุงเทพประกันภัย', 'bangkok insurance', 'กรุงเทพ', 'bki']"
41670988,กรุงเทพประกันภัย,non_life,"['กรุงเทพประกันภัย', 'bangkok insurance', 'กรุงเทพ', 'bki']"
41670988,ธนาคารกรุงไทย,broker,['ธนาคารกรุงไทย']
41670988,ธนาคารกรุงไทย,broker,['ธนาคารกรุงไทย']
41675226,,,
41675262,,,
41677335,Krungthai AXA,non_life,"['กรุงไทยแอกซ่า', 'axa', 'แอกซ่า', 'แอกซา', 'เเอกซ่า', 'แอคซ่า', 'เเอคซา', 'กรุงไทยแอกซา', 'แอ๊คซ่า', 'แอ๊กซ่า', 'เเอกซ่า', 'axxa']"
41678374,,,
41680036,,,
41680509,วิริยะประกันภัย,non_life,"['วิริยะ', 'viriyah', 'วรย', 'วิริยา']"
41680509,วิริยะประกันภัย,non_life,"['วิริยะ', 'viriyah', 'วรย', 'วิริยา']"
41680509,วิริยะประกันภัย,non_life,"['วิริยะ', 'viriyah', 'วรย', 'วิริยา']"
41680509,AIA,life,"['aia', 'เอไอเอ']"
41680509,AIA,life,"['aia', 'เอไอเอ']"
41680509,AIA,life,"['aia', 'เอไอเอ']"
41680509,FWD,life,"['fwd', 'เอฟดับบลิวดี', 'fwd ประกันชีวิต']"
41680509,FWD,life,"['fwd', 'เอฟดับบลิวดี', 'fwd ประกันชีวิต']"
41680509,FWD,life,"['fwd', 'เอฟดับบลิวดี', 'fwd ประกันชีวิต']"
41680509,SCB,broker,"['scb', 'ไทยพาณิชย์', 'ไทยพานิชย์', 'ธนาคารสีม่วง', 'cardx']"
41680509,SCB,broker,"['scb', 'ไทยพาณิชย์', 'ไทยพานิชย์', 'ธนาคารสีม่วง', 'cardx']"
41680509,SCB,broker,"['scb', 'ไทยพาณิชย์', 'ไทยพานิชย์', 'ธนาคารสีม่วง', 'cardx']"
41680639,LMG,non_life,"['lmg', 'แอลเอ็มจี']"
41681209,เมืองไทยประกันชีวิต,life,"['เมืองไทยประกันชีวิต', 'เมืองไทย', 'muangthai', 'mtl', 'ประกันชีวิตสีชมพู']"
41681209,เมืองไทยประกันชีวิต,life,"['เมืองไทยประกันชีวิต', 'เมืองไทย', 'muangthai', 'mtl', 'ประกันชีวิตสีชมพู']"
41681209,ไทยประกันชีวิต,life,"['ไทยประกันชีวิต', 'ไทยประกัน']"
41681209,ไทยประกันชีวิต,life,"['ไทยประกันชีวิต', 'ไทยประกัน']"
41681209,เมืองไทยประกันภัย,non_life,['เมืองไทยประกันภัย']
41681209,เมืองไทยประกันภัย,non_life,['เมืองไทยประกันภัย']
41681209,ไทยประกันภัย,non_life,['ไทยประกันภัย']
41681209,ไทยประกันภัย,non_life,['ไทยประกันภัย']
41689267,,,
41691383,,,
41692538,,,
41693353,ไทยวิวัฒน์,non_life,"['ไทยวิวัฒน์', 'thaivivat', 'ไทยวิวัตน์']"
41694314,เมืองไทยประกันชีวิต,life,"['เมืองไทยประกันชีวิต', 'เมืองไทย', 'muangthai', 'mtl', 'ประกันชีวิตสีชมพู']"
41694314,เมืองไทยประกันชีวิต,life,"['เมืองไทยประกันชีวิต', 'เมืองไทย', 'muangthai', 'mtl', 'ประกันชีวิตสีชมพู']"
41694314,ไทยประกันชีวิต,life,"['ไทยประกันชีวิต', 'ไทยประกัน']"
41694314,ไทยประกันชีวิต,life,"['ไทยประกันชีวิต', 'ไทยประกัน']"
41694314,เมืองไทยประกันภัย,non_life,['เมืองไทยประกันภัย']
41694314,เมืองไทยประกันภัย,non_life,['เมืองไทยประกันภัย']
41694314,ไทยประกันภัย,non_life,['ไทยประกันภัย']
41694314,ไทยประกันภัย,non_life,['ไทยประกันภัย']
41694518,,,
41694893,,,
41696394,กสิกรไทย,broker,"['กสิกร', 'k bank', 'แบงค์เขียว']"
41696394,กสิกรไทย,broker,"['กสิกร', 'k bank', 'แบงค์เขียว']"
41696394,Allianz Ayudhya,life,"['allianz', 'อลิอันซ์', 'อลิอันซ์อยุธยา', 'azay', 'อริอันซ์ อยุธยา', 'อลิอันช์', 'alianz ayudhya', 'az y']"
41696394,Allianz Ayudhya,life,"['allianz', 'อลิอันซ์', 'อลิอันซ์อยุธยา', 'azay', 'อริอันซ์ อยุธยา', 'อลิอันช์', 'alianz ayudhya', 'az y']"
41696659,Chubb,non_life,"['chubb', 'ชับบ์', 'chuub', 'ชับ สามัคคี']"
41696659,Chubb,non_life,"['chubb', 'ชับบ์', 'chuub', 'ชับ สามัคคี']"
41696659,SCB,broker,"['scb', 'ไทยพาณิชย์', 'ไทยพานิชย์', 'ธนาคารสีม่วง', 'cardx']"
41696659,SCB,broker,"['scb', 'ไทยพาณิชย์', 'ไทยพานิชย์', 'ธนาคารสีม่วง', 'cardx']"
41698069,,,
41698870,,,
41699884,,,
41700959,,,
41701956,AIG,non_life,"['aig', 'เอไอจี']"
41702787,Krungsri Auto,broker,"['กรุงศรี ออโต้', 'กรุงศรีออโต้']"
41702787,Krungsri Auto,broker,"['กรุงศรี ออโต้', 'กรุงศรีออโต้']"
41702787,วิริยะประกันภัย,non_life,"['วิริยะ', 'viriyah', 'วรย', 'วิริยา']"
41702787,วิริยะประกันภัย,non_life,"['วิริยะ', 'viriyah', 'วรย', 'วิริยา']"
41702787,Chubb,non_life,"['chubb', 'ชับบ์', 'chuub', 'ชับ สามัคคี']"
41702787,Chubb,non_life,"['chubb', 'ชับบ์', 'chuub', 'ชับ สามัคคี']"
41704002,FWD,life,"['fwd', 'เอฟดับบลิวดี', 'fwd ประกันชีวิต']"
41704002,FWD,life,"['fwd', 'เอฟดับบลิวดี', 'fwd ประกันชีวิต']"
41704002,SCB,broker,"['scb', 'ไทยพาณิชย์', 'ไทยพานิชย์', 'ธนาคารสีม่วง', 'cardx']"
41704002,SCB,broker,"['scb', 'ไทยพาณิชย์', 'ไทยพานิชย์', 'ธนาคารสีม่วง', 'cardx']"
41705813,เมืองไทยประกันชีวิต,life,"['เมืองไทยประกันชีวิต', 'เมืองไทย', 'muangthai', 'mtl', 'ประกันชีวิตสีชมพู']"
41705813,เมืองไทยประกันชีวิต,life,"['เมืองไทยประกันชีวิต', 'เมืองไทย', 'muangthai', 'mtl', 'ประกันชีวิตสีชมพู']"
41705813,เมืองไทยประกันชีวิต,life,"['เมืองไทยประกันชีวิต', 'เมืองไทย', 'muangthai', 'mtl', 'ประกันชีวิตสีชมพู']"
41705813,ไทยประกันชีวิต,life,"['ไทยประกันชีวิต', 'ไทยประกัน']"
41705813,ไทยประกันชีวิต,life,"['ไทยประกันชีวิต', 'ไทยประกัน']"
41705813,ไทยประกันชีวิต,life,"['ไทยประกันชีวิต', 'ไทยประกัน']"
41705813,เมืองไทยประกันภัย,non_life,['เมืองไทยประกันภัย']
41705813,เมืองไทยประกันภัย,non_life,['เมืองไทยประกันภัย']
41705813,เมืองไทยประกันภัย,non_life,['เมืองไทยประกันภัย']
41705813,ไทยประกันภัย,non_life,['ไทยประกันภัย']
41705813,ไทยประกันภัย,non_life,['ไทยประกันภัย']
41705813,ไทยประกันภัย,non_life,['ไทยประกันภัย']
41705813,KTC,broker,"['บัตรกรุงไทย', 'ktc']"
41705813,KTC,broker,"['บัตรกรุงไทย', 'ktc']"
41705813,KTC,broker,"['บัตรกรุงไทย', 'ktc']"
41705813,TVD Broker,broker,"['tvd', 'ทีวีดี']"
41705813,TVD Broker,broker,"['tvd', 'ทีวีดี']"
41705813,TVD Broker,broker,"['tvd', 'ทีวีดี']"
41709325,เมืองไทยประกันชีวิต,life,"['เมืองไทยประกันชีวิต', 'เมืองไทย', 'muangthai', 'mtl', 'ประกันชีวิตสีชมพู']"
41709325,ไทยประกันชีวิต,life,"['ไทยประกันชีวิต', 'ไทยประกัน']"
41710673,,,
41711651,สินมั่นคง,non_life,"['สินมั่นคง', 'สินมั่งคง']"
41711716,Chubb,non_life,"['chubb', 'ชับบ์', 'chuub', 'ชับ สามัคคี']"
41711720,,,
41712758,,,
41714461,,,
41720688,,,
41724806,,,
41729875,AIA,life,"['aia', 'เอไอเอ']"
41729875,AIA,life,"['aia', 'เอไอเอ']"
41729875,ไทยประกันชีวิต,life,"['ไทยประกันชีวิต', 'ไทยประกัน']"
41729875,ไทยประกันชีวิต,life,"['ไทยประกันชีวิต', 'ไทยประกัน']"
41729875,คุ้มภัยโตเกียวมารีน,non_life,"['ประกันคุ้มภัย', 'คุ้มภัย', 'คภ.', 'โตเกียวมารีน', 'tokio marine']"
41729875,คุ้มภัยโตเกียวมารีน,non_life,"['ประกันคุ้มภัย', 'คุ้มภัย', 'คภ.', 'โตเกียวมารีน', 'tokio marine']"
41731674,,,
41731812,,,
41733452,ไทยวิวัฒน์,non_life,"['ไทยวิวัฒน์', 'thaivivat', 'ไทยวิวัตน์']"
41733452,กรุงเทพประกันภัย,non_life,"['กรุงเทพประกันภัย', 'bangkok insurance', 'กรุงเทพ', 'bki']"
41735587,,,
41736252,วิริยะประกันภัย,non_life,"['วิริยะ', 'viriyah', 'วรย', 'วิริยา']"
41737513,,,
41737933,,,
41738133,,,
41738196,AIA,life,"['aia', 'เอไอเอ']"
41738196,AIA,life,"['aia', 'เอไอเอ']"
41738196,ทิพยประกันภัย,non_life,"['ทิพย', 'ทิพยประกันภัย', 'dip', 'dhp', 'tip']"
41738196,ทิพยประกันภัย,non_life,"['ทิพย', 'ทิพยประกันภัย', 'dip', 'dhp', 'tip']"
41739213,,,
41742856,อินทรประกันภัย,non_life,['อินทร']
41743635,ธนาคารกรุงไทย,broker,['ธนาคารกรุงไทย']
41744097,ไทยวิวัฒน์,non_life,"['ไทยวิวัฒน์', 'thaivivat', 'ไทยวิวัตน์']"
41746546,,,
41748731,ไทยประกันชีวิต,life,"['ไทยประกันชีวิต', 'ไทยประกัน']"
41748731,ไทยประกันชีวิต,life,"['ไทยประกันชีวิต', 'ไทยประกัน']"
41748731,อินทรประกันภัย,non_life,['อินทร']
41748731,อินทรประกันภัย,non_life,['อินทร']
41748931,วิริยะประกันภัย,non_life,"['วิริยะ', 'viriyah', 'วรย', 'วิริยา']"
41751418,AIA,life,"['aia', 'เอไอเอ']"
41751418,เมืองไทยประกันชีวิต,life,"['เมืองไทยประกันชีวิต', 'เมืองไทย', 'muangthai', 'mtl', 'ประกันชีวิตสีชมพู']"
41751924,Krungthai AXA,non_life,"['กรุงไทยแอกซ่า', 'axa', 'แอกซ่า', 'แอกซา', 'เเอกซ่า', 'แอคซ่า', 'เเอคซา', 'กรุงไทยแอกซา', 'แอ๊คซ่า', 'แอ๊กซ่า', 'เเอกซ่า', 'axxa']"
41755229,LMG,non_life,"['lmg', 'แอลเอ็มจี']"
41755229,LMG,non_life,"['lmg', 'แอลเอ็มจี']"
41755229,AEON,broker,"['aeon', 'อิออน']"
41755229,AEON,broker,"['aeon', 'อิออน']"
41756155,เมืองไทยประกันชีวิต,life,"['เมืองไทยประกันชีวิต', 'เมืองไทย', 'muangthai', 'mtl', 'ประกันชีวิตสีชมพู']"
41756155,เมืองไทยประกันชีวิต,life,"['เมืองไทยประกันชีวิต', 'เมืองไทย', 'muangthai', 'mtl', 'ประกันชีวิตสีชมพู']"
41756155,ไทยประกันชีวิต,life,"['ไทยประกันชีวิต', 'ไทยประกัน']"
41756155,ไทยประกันชีวิต,life,"['ไทยประกันชีวิต', 'ไทยประกัน']"
41756155,เมืองไทยประกันภัย,non_life,['เมืองไทยประกันภัย']
41756155,เมืองไทยประกันภัย,non_life,['เมืองไทยประกันภัย']
41756155,ไทยประกันภัย,non_life,['ไทยประกันภัย']
41756155,ไทยประกันภัย,non_life,['ไทยประกันภัย']
41758386,TVD Broker,broker,"['tvd', 'ทีวีดี']"
41758386,TVD Broker,broker,"['tvd', 'ทีวีดี']"
41758386,TVD Broker,broker,"['tvd', 'ทีวีดี']"
41758386,เมืองไทยประกันชีวิต,life,"['เมืองไทยประกันชีวิต', 'เมืองไทย', 'muangthai', 'mtl', 'ประกันชีวิตสีชมพู']"
41758386,เมืองไทยประกันชีวิต,life,"['เมืองไทยประกันชีวิต', 'เมืองไทย', 'muangthai', 'mtl', 'ประกันชีวิตสีชมพู']"
41758386,เมืองไทยประกันชีวิต,life,"['เมืองไทยประกันชีวิต', 'เมืองไทย', 'muangthai', 'mtl', 'ประกันชีวิตสีชมพู']"
41758386,ไทยประกันชีวิต,life,"['ไทยประกันชีวิต', 'ไทยประกัน']"
41758386,ไทยประกันชีวิต,life,"['ไทยประกันชีวิต', 'ไทยประกัน']"
41758386,ไทยประกันชีวิต,life,"['ไทยประกันชีวิต', 'ไทยประกัน']"
41758386,เมืองไทยประกันภัย,non_life,['เมืองไทยประกันภัย']
41758386,เมืองไทยประกันภัย,non_life,['เมืองไทยประกันภัย']
41758386,เมืองไทยประกันภัย,non_life,['เมืองไทยประกันภัย']
41758386,ไทยประกันภัย,non_life,['ไทยประกันภัย']
41758386,ไทยประกันภัย,non_life,['ไทยประกันภัย']
41758386,ไทยประกันภัย,non_life,['ไทยประกันภัย']
41759097,Allianz Ayudhya,life,"['allianz', 'อลิอันซ์', 'อลิอันซ์อยุธยา', 'azay', 'อริอันซ์ อยุธยา', 'อลิอันช์', 'alianz ayudhya', 'az y']"
41759797,,,
41761460,Allianz Ayudhya,life,"['allianz', 'อลิอันซ์', 'อลิอันซ์อยุธยา', 'azay', 'อริอันซ์ อยุธยา', 'อลิอันช์', 'alianz ayudhya', 'az y']"
41764933,SOMPO,non_life,"['sompo', 'ซมโปะ']"
41764933,SOMPO,non_life,"['sompo', 'ซมโปะ']"
41764933,ANC,broker,"['anc', 'เอเอ็นซี']"
41764933,ANC,broker,"['anc', 'เอเอ็นซี']"
41764933,AIS,broker,['ais']
41764933,AIS,broker,['ais']
41765587,Generali,non_life,"['generali', 'เจนเนอราลี่']"
41768900,,,
41768907,,,
41769003,,,
41769068,วิริยะประกันภัย,non_life,"['วิริยะ', 'viriyah', 'วรย', 'วิริยา']"
41769068,ธนชาตประกันภัย,non_life,"['ธนชาตประกันภัย', 'ธนชาต', 'ธนชาติ', 'ประกันภัยสีส้ม']"
41774910,กรุงเทพประกันภัย,non_life,"['กรุงเทพประกันภัย', 'bangkok insurance', 'กรุงเทพ', 'bki']"
41774910,กรุงเทพประกันภัย,non_life,"['กรุงเทพประกันภัย', 'bangkok insurance', 'กรุงเทพ', 'bki']"
41774910,TQM,broker,"['tqm', 'ทีคิวเอ็ม']"
41774910,TQM,broker,"['tqm', 'ทีคิวเอ็ม']"
41777909,,,
41778216,AIA,life,"['aia', 'เอไอเอ']"
41779311,,,
41781683,กรุงเทพประกันภัย,non_life,"['กรุงเทพประกันภัย', 'bangkok insurance', 'กรุงเทพ', 'bki']"
41782094,Krungsri First Choice,broker,"['first choice', 'กรุงศรี เฟิร์สช้อยส์', 'กรุงศรีเฟิร์สช้อย', 'เฟิสช้อย', 'เฟริสช้อย']"
41782094,ธนาคารกรุงไทย,broker,['ธนาคารกรุงไทย']
41782881,,,
41797999,,,
41798245,,,
41799249,Allianz Ayudhya,life,"['allianz', 'อลิอันซ์', 'อลิอันซ์อยุธยา', 'azay', 'อริอันซ์ อยุธยา', 'อลิอันช์', 'alianz ayudhya', 'az y']"
41799249,Allianz Ayudhya,life,"['allianz', 'อลิอันซ์', 'อลิอันซ์อยุธยา', 'azay', 'อริอันซ์ อยุธยา', 'อลิอันช์', 'alianz ayudhya', 'az y']"
41799249,AEON,broker,"['aeon', 'อิออน']"
41799249,AEON,broker,"['aeon', 'อิออน']"
41800118,,,
41806329,AIA,life,"['aia', 'เอไอเอ']"
41806329,AIA,life,"['aia', 'เอไอเอ']"
41806329,ไทยประกันชีวิต,life,"['ไทยประกันชีวิต', 'ไทยประกัน']"
41806329,ไทยประกันชีวิต,life,"['ไทยประกันชีวิต', 'ไทยประกัน']"
41806329,Rabbit Finance,broker,"['rabbit', 'แรบบิท']"
41806329,Rabbit Finance,broker,"['rabbit', 'แรบบิท']"
41806391,เมืองไทยประกันชีวิต,life,"['เมืองไทยประกันชีวิต', 'เมืองไทย', 'muangthai', 'mtl', 'ประกันชีวิตสีชมพู']"
41806391,เมืองไทยประกันชีวิต,life,"['เมืองไทยประกันชีวิต', 'เมืองไทย', 'muangthai', 'mtl', 'ประกันชีวิตสีชมพู']"
41806391,เมืองไทยประกันชีวิต,life,"['เมืองไทยประกันชีวิต', 'เมืองไทย', 'muangthai', 'mtl', 'ประกันชีวิตสีชมพู']"
41806391,ไทยประกันชีวิต,life,"['ไทยประกันชีวิต', 'ไทยประกัน']"
41806391,ไทยประกันชีวิต,life,"['ไทยประกันชีวิต', 'ไทยประกัน']"
41806391,ไทยประกันชีวิต,life,"['ไทยประกันชีวิต', 'ไทยประกัน']"
41806391,เมืองไทยประกันภัย,non_life,['เมืองไทยประกันภัย']
41806391,เมืองไทยประกันภัย,non_life,['เมืองไทยประกันภัย']
41806391,เมืองไทยประกันภัย,non_life,['เมืองไทยประกันภัย']
41806391,ไทยประกันภัย,non_life,['ไทยประกันภัย']
41806391,ไทยประกันภัย,non_life,['ไทยประกันภัย']
41806391,ไทยประกันภัย,non_life,['ไทยประกันภัย']
41806391,SCB,broker,"['scb', 'ไทยพาณิชย์', 'ไทยพานิชย์', 'ธนาคารสีม่วง', 'cardx']"
41806391,SCB,broker,"['scb', 'ไทยพาณิชย์', 'ไทยพานิชย์', 'ธนาคารสีม่วง', 'cardx']"
41806391,SCB,broker,"['scb', 'ไทยพาณิชย์', 'ไทยพานิชย์', 'ธนาคารสีม่วง', 'cardx']"
41806391,TVD Broker,broker,"['tvd', 'ทีวีดี']"
41806391,TVD Broker,broker,"['tvd', 'ทีวีดี']"
41806391,TVD Broker,broker,"['tvd', 'ทีวีดี']"
41807784,FWD,life,"['fwd', 'เอฟดับบลิวดี', 'fwd ประกันชีวิต']"
41807784,FWD,life,"['fwd', 'เอฟดับบลิวดี', 'fwd ประกันชีวิต']"
41807784,SCB,broker,"['scb', 'ไทยพาณิชย์', 'ไทยพานิชย์', 'ธนาคารสีม่วง', 'cardx']"
41807784,SCB,broker,"['scb', 'ไทยพาณิชย์', 'ไทยพานิชย์', 'ธนาคารสีม่วง', 'cardx']"
41808685,,,
41808896,Allianz Ayudhya,life,"['allianz', 'อลิอันซ์', 'อลิอันซ์อยุธยา', 'azay', 'อริอันซ์ อยุธยา', 'อลิอันช์', 'alianz ayudhya', 'az y']"
41810286,,,
41814838,Krungthai AXA,non_life,"['กรุงไทยแอกซ่า', 'axa', 'แอกซ่า', 'แอกซา', 'เเอกซ่า', 'แอคซ่า', 'เเอคซา', 'กรุงไทยแอกซา', 'แอ๊คซ่า', 'แอ๊กซ่า', 'เเอกซ่า', 'axxa']"
41816075,,,
41818325,คุ้มภัยโตเกียวมารีน,non_life,"['ประกันคุ้มภัย', 'คุ้มภัย', 'คภ.', 'โตเกียวมารีน', 'tokio marine']"
41818631,Cigna,life,"['cigna', 'ซิกน่า', 'ซิกม่า']"
41819672,วิริยะประกันภัย,non_life,"['วิริยะ', 'viriyah', 'วรย', 'วิริยา']"
41821011,ไทยประกันชีวิต,life,"['ไทยประกันชีวิต', 'ไทยประกัน']"
41822109,กรุงเทพประกันภัย,non_life,"['กรุงเทพประกันภัย', 'bangkok insurance', 'กรุงเทพ', 'bki']"
41822109,กรุงเทพประกันภัย,non_life,"['กรุงเทพประกันภัย', 'bangkok insurance', 'กรุงเทพ', 'bki']"
41822109,ธนาคารกรุงเทพ,broker,"['ธนาคารกรุงเทพ', 'บัวหลวง']"
41822109,ธนาคารกรุงเทพ,broker,"['ธนาคารกรุงเทพ', 'บัวหลวง']"
41823564,ไทยวิวัฒน์,non_life,"['ไทยวิวัฒน์', 'thaivivat', 'ไทยวิวัตน์']"
41825613,เมืองไทยประกันชีวิต,life,"['เมืองไทยประกันชีวิต', 'เมืองไทย', 'muangthai', 'mtl', 'ประกันชีวิตสีชมพู']"
41825613,เมืองไทยประกันชีวิต,life,"['เมืองไทยประกันชีวิต', 'เมืองไทย', 'muangthai', 'mtl', 'ประกันชีวิตสีชมพู']"
41825613,ไทยประกันชีวิต,life,"['ไทยประกันชีวิต', 'ไทยประกัน']"
41825613,ไทยประกันชีวิต,life,"['ไทยประกันชีวิต', 'ไทยประกัน']"
41825613,TVD Broker,broker,"['tvd', 'ทีวีดี']"
41825613,TVD Broker,broker,"['tvd', 'ทีวีดี']"
41827288,สินมั่นคง,non_life,"['สินมั่นคง', 'สินมั่งคง']"
41827288,สินมั่นคง,non_life,"['สินมั่นคง', 'สินมั่งคง']"
41827288,ธ.ก.ส.,broker,"['ธ.ก.ส.', 'ธกส']"
41827288,ธ.ก.ส.,broker,"['ธ.ก.ส.', 'ธกส']"
41827415,,,
41829677,สินมั่นคง,non_life,"['สินมั่นคง', 'สินมั่งคง']"
41833329,,,
41834556,,,
41834792,เงินติดล้อ,broker,['เงินติดล้อ']
41836107,,,
41836700,Chubb,non_life,"['chubb', 'ชับบ์', 'chuub', 'ชับ สามัคคี']"
41836825,AIA,life,"['aia', 'เอไอเอ']"
41836825,AIA,life,"['aia', 'เอไอเอ']"
41836825,เมืองไทยประกันชีวิต,life,"['เมืองไทยประกันชีวิต', 'เมืองไทย', 'muangthai', 'mtl', 'ประกันชีวิตสีชมพู']"
41836825,เมืองไทยประกันชีวิต,life,"['เมืองไทยประกันชีวิต', 'เมืองไทย', 'muangthai', 'mtl', 'ประกันชีวิตสีชมพู']"
41836825,วิริยะประกันภัย,non_life,"['วิริยะ', 'viriyah', 'วรย', 'วิริยา']"
41836825,วิริยะประกันภัย,non_life,"['วิริยะ', 'viriyah', 'วรย', 'วิริยา']"
41836825,ไทยวิวัฒน์,non_life,"['ไทยวิวัฒน์', 'thaivivat', 'ไทยวิวัตน์']"
41836825,ไทยวิวัฒน์,non_life,"['ไทยวิวัฒน์', 'thaivivat', 'ไทยวิวัตน์']"
41838051,ทิพยประกันภัย,non_life,"['ทิพย', 'ทิพยประกันภัย', 'dip', 'dhp', 'tip']"
41840421,ไทยประกันชีวิต,life,"['ไทยประกันชีวิต', 'ไทยประกัน']"
41841360,Cigna,life,"['cigna', 'ซิกน่า', 'ซิกม่า']"
41845874,ทิพยประกันภัย,non_life,"['ทิพย', 'ทิพยประกันภัย', 'dip', 'dhp', 'tip']"
41848065,AIA,life,"['aia', 'เอไอเอ']"
41849784,,,
41852350,TVD Broker,broker,"['tvd', 'ทีวีดี']"
41852350,TVD Broker,broker,"['tvd', 'ทีวีดี']"
41852350,TVD Broker,broker,"['tvd', 'ทีวีดี']"
41852350,เมืองไทยประกันชีวิต,life,"['เมืองไทยประกันชีวิต', 'เมืองไทย', 'muangthai', 'mtl', 'ประกันชีวิตสีชมพู']"
41852350,เมืองไทยประกันชีวิต,life,"['เมืองไทยประกันชีวิต', 'เมืองไทย', 'muangthai', 'mtl', 'ประกันชีวิตสีชมพู']"
41852350,เมืองไทยประกันชีวิต,life,"['เมืองไทยประกันชีวิต', 'เมืองไทย', 'muangthai', 'mtl', 'ประกันชีวิตสีชมพู']"
41852350,ไทยประกันชีวิต,life,"['ไทยประกันชีวิต', 'ไทยประกัน']"
41852350,ไทยประกันชีวิต,life,"['ไทยประกันชีวิต', 'ไทยประกัน']"
41852350,ไทยประกันชีวิต,life,"['ไทยประกันชีวิต', 'ไทยประกัน']"
41852350,เมืองไทยประกันภัย,non_life,['เมืองไทยประกันภัย']
41852350,เมืองไทยประกันภัย,non_life,['เมืองไทยประกันภัย']
41852350,เมืองไทยประกันภัย,non_life,['เมืองไทยประกันภัย']
41852350,ไทยประกันภัย,non_life,['ไทยประกันภัย']
41852350,ไทยประกันภัย,non_life,['ไทยประกันภัย']
41852350,ไทยประกันภัย,non_life,['ไทยประกันภัย']
41852494,เมืองไทยประกันชีวิต,life,"['เมืองไทยประกันชีวิต', 'เมืองไทย', 'muangthai', 'mtl', 'ประกันชีวิตสีชมพู']"
41852494,เมืองไทยประกันชีวิต,life,"['เมืองไทยประกันชีวิต', 'เมืองไทย', 'muangthai', 'mtl', 'ประกันชีวิตสีชมพู']"
41852494,เมืองไทยประกันชีวิต,life,"['เมืองไทยประกันชีวิต', 'เมืองไทย', 'muangthai', 'mtl', 'ประกันชีวิตสีชมพู']"
41852494,ไทยประกันชีวิต,life,"['ไทยประกันชีวิต', 'ไทยประกัน']"
41852494,ไทยประกันชีวิต,life,"['ไทยประกันชีวิต', 'ไทยประกัน']"
41852494,ไทยประกันชีวิต,life,"['ไทยประกันชีวิต', 'ไทยประกัน']"
41852494,เมืองไทยประกันภัย,non_life,['เมืองไทยประกันภัย']
41852494,เมืองไทยประกันภัย,non_life,['เมืองไทยประกันภัย']
41852494,เมืองไทยประกันภัย,non_life,['เมืองไทยประกันภัย']
41852494,ไทยประกันภัย,non_life,['ไทยประกันภัย']
41852494,ไทยประกันภัย,non_life,['ไทยประกันภัย']
41852494,ไทยประกันภัย,non_life,['ไทยประกันภัย']
41852494,TVD Broker,broker,"['tvd', 'ทีวีดี']"
41852494,TVD Broker,broker,"['tvd', 'ทีวีดี']"
41852494,TVD Broker,broker,"['tvd', 'ทีวีดี']"
41852621,,,
41853434,TQM,broker,"['tqm', 'ทีคิวเอ็ม']"
41853979,,,
41854211,AIA,life,"['aia', 'เอไอเอ']"
41854211,AIA,life,"['aia', 'เอไอเอ']"
41854211,AIA,life,"['aia', 'เอไอเอ']"
41854211,Krungthai AXA,non_life,"['กรุงไทยแอกซ่า', 'axa', 'แอกซ่า', 'แอกซา', 'เเอกซ่า', 'แอคซ่า', 'เเอคซา', 'กรุงไทยแอกซา', 'แอ๊คซ่า', 'แอ๊กซ่า', 'เเอกซ่า', 'axxa']"
41854211,Krungthai AXA,non_life,"['กรุงไทยแอกซ่า', 'axa', 'แอกซ่า', 'แอกซา', 'เเอกซ่า', 'แอคซ่า', 'เเอคซา', 'กรุงไทยแอกซา', 'แอ๊คซ่า', 'แอ๊กซ่า', 'เเอกซ่า', 'axxa']"
41854211,Krungthai AXA,non_life,"['กรุงไทยแอกซ่า', 'axa', 'แอกซ่า', 'แอกซา', 'เเอกซ่า', 'แอคซ่า', 'เเอคซา', 'กรุงไทยแอกซา', 'แอ๊คซ่า', 'แอ๊กซ่า', 'เเอกซ่า', 'axxa']"
41854211,KTC,broker,"['บัตรกรุงไทย', 'ktc']"
41854211,KTC,broker,"['บัตรกรุงไทย', 'ktc']"
41854211,KTC,broker,"['บัตรกรุงไทย', 'ktc']"
41854647,ธนชาตประกันภัย,non_life,"['ธนชาตประกันภัย', 'ธนชาต', 'ธนชาติ', 'ประกันภัยสีส้ม']"
41854887,ไทยวิวัฒน์,non_life,"['ไทยวิวัฒน์', 'thaivivat', 'ไทยวิวัตน์']"
41855707,Generali,non_life,"['generali', 'เจนเนอราลี่']"
41856423,Krungthai AXA,non_life,"['กรุงไทยแอกซ่า', 'axa', 'แอกซ่า', 'แอกซา', 'เเอกซ่า', 'แอคซ่า', 'เเอคซา', 'กรุงไทยแอกซา', 'แอ๊คซ่า', 'แอ๊กซ่า', 'เเอกซ่า', 'axxa']"
41857856,Krungthai AXA,non_life,"['กรุงไทยแอกซ่า', 'axa', 'แอกซ่า', 'แอกซา', 'เเอกซ่า', 'แอคซ่า', 'เเอคซา', 'กรุงไทยแอกซา', 'แอ๊คซ่า', 'แอ๊กซ่า', 'เเอกซ่า', 'axxa']"
41863365,,,
41863953,กรุงเทพประกันภัย,non_life,"['กรุงเทพประกันภัย', 'bangkok insurance', 'กรุงเทพ', 'bki']"
41863953,กรุงเทพประกันภัย,non_life,"['กรุงเทพประกันภัย', 'bangkok insurance', 'กรุงเทพ', 'bki']"
41863953,TQM,broker,"['tqm', 'ทีคิวเอ็ม']"
41863953,TQM,broker,"['tqm', 'ทีคิวเอ็ม']"
41864459,,,
41864853,Cigna,life,"['cigna', 'ซิกน่า', 'ซิกม่า']"
41864853,Cigna,life,"['cigna', 'ซิกน่า', 'ซิกม่า']"
41864853,MSIG,non_life,"['msig', 'เอ็มเอสไอจี']"
41864853,MSIG,non_life,"['msig', 'เอ็มเอสไอจี']"
41864853,SOMPO,non_life,"['sompo', 'ซมโปะ']"
41864853,SOMPO,non_life,"['sompo', 'ซมโปะ']"
41865425,,,
41868941,,,
41869358,,,
41871405,Allianz Ayudhya,life,"['allianz', 'อลิอันซ์', 'อลิอันซ์อยุธยา', 'azay', 'อริอันซ์ อยุธยา', 'อลิอันช์', 'alianz ayudhya', 'az y']"
41873330,,,
41874048,เมืองไทยประกันชีวิต,life,"['เมืองไทยประกันชีวิต', 'เมืองไทย', 'muangthai', 'mtl', 'ประกันชีวิตสีชมพู']"
41874048,เมืองไทยประกันชีวิต,life,"['เมืองไทยประกันชีวิต', 'เมืองไทย', 'muangthai', 'mtl', 'ประกันชีวิตสีชมพู']"
41874048,เมืองไทยประกันชีวิต,life,"['เมืองไทยประกันชีวิต', 'เมืองไทย', 'muangthai', 'mtl', 'ประกันชีวิตสีชมพู']"
41874048,ไทยประกันชีวิต,life,"['ไทยประกันชีวิต', 'ไทยประกัน']"
41874048,ไทยประกันชีวิต,life,"['ไทยประกันชีวิต', 'ไทยประกัน']"
41874048,ไทยประกันชีวิต,life,"['ไทยประกันชีวิต', 'ไทยประกัน']"
41874048,เมืองไทยประกันภัย,non_life,['เมืองไทยประกันภัย']
41874048,เมืองไทยประกันภัย,non_life,['เมืองไทยประกันภัย']
41874048,เมืองไทยประกันภัย,non_life,['เมืองไทยประกันภัย']
41874048,ไทยประกันภัย,non_life,['ไทยประกันภัย']
41874048,ไทยประกันภัย,non_life,['ไทยประกันภัย']
41874048,ไทยประกันภัย,non_life,['ไทยประกันภัย']
41874048,TVD Broker,broker,"['tvd', 'ทีวีดี']"
41874048,TVD Broker,broker,"['tvd', 'ทีวีดี']"
41874048,TVD Broker,broker,"['tvd', 'ทีวีดี']"
41875312,สินมั่นคง,non_life,"['สินมั่นคง', 'สินมั่งคง']"
41876123,ไทยวิวัฒน์,non_life,"['ไทยวิวัฒน์', 'thaivivat', 'ไทยวิวัตน์']"
41879699,,,
41881390,Cigna,life,"['cigna', 'ซิกน่า', 'ซิกม่า']"
41881390,Cigna,life,"['cigna', 'ซิกน่า', 'ซิกม่า']"
41881390,ทหารไทยธนชาต,broker,"['ทหารไทยธนชาต', 'ttb', 'tmb', 'ธนาคารทหารไทย', 'ทหารไทย']"
41881390,ทหารไทยธนชาต,broker,"['ทหารไทยธนชาต', 'ttb', 'tmb', 'ธนาคารทหารไทย', 'ทหารไทย']"
41884153,เมืองไทยประกันชีวิต,life,"['เมืองไทยประกันชีวิต', 'เมืองไทย', 'muangthai', 'mtl', 'ประกันชีวิตสีชมพู']"
41884153,ไทยประกันชีวิต,life,"['ไทยประกันชีวิต', 'ไทยประกัน']"
41885927,Allianz Ayudhya,life,"['allianz', 'อลิอันซ์', 'อลิอันซ์อยุธยา', 'azay', 'อริอันซ์ อยุธยา', 'อลิอันช์', 'alianz ayudhya', 'az y']"
41885927,Allianz Ayudhya,life,"['allianz', 'อลิอันซ์', 'อลิอันซ์อยุธยา', 'azay', 'อริอันซ์ อยุธยา', 'อลิอันช์', 'alianz ayudhya', 'az y']"
41885927,AEON,broker,"['aeon', 'อิออน']"
41885927,AEON,broker,"['aeon', 'อิออน']"
41886995,ธนชาตประกันภัย,non_life,"['ธนชาตประกันภัย', 'ธนชาต', 'ธนชาติ', 'ประกันภัยสีส้ม']"
41888683,Allianz Ayudhya,life,"['allianz', 'อลิอันซ์', 'อลิอันซ์อยุธยา', 'azay', 'อริอันซ์ อยุธยา', 'อลิอันช์', 'alianz ayudhya', 'az y']"
41895579,Allianz Ayudhya,life,"['allianz', 'อลิอันซ์', 'อลิอันซ์อยุธยา', 'azay', 'อริอันซ์ อยุธยา', 'อลิอันช์', 'alianz ayudhya', 'az y']"
41899019,Allianz Ayudhya,life,"['allianz', 'อลิอันซ์', 'อลิอันซ์อยุธยา', 'azay', 'อริอันซ์ อยุธยา', 'อลิอันช์', 'alianz ayudhya', 'az y']"
41899260,Allianz Ayudhya,life,"['allianz', 'อลิอันซ์', 'อลิอันซ์อยุธยา', 'azay', 'อริอันซ์ อยุธยา', 'อลิอันช์', 'alianz ayudhya', 'az y']"
41899260,Allianz Ayudhya,life,"['allianz', 'อลิอันซ์', 'อลิอันซ์อยุธยา', 'azay', 'อริอันซ์ อยุธยา', 'อลิอันช์', 'alianz ayudhya', 'az y']"
41899260,วิริยะประกันภัย,non_life,"['วิริยะ', 'viriyah', 'วรย', 'วิริยา']"
41899260,วิริยะประกันภัย,non_life,"['วิริยะ', 'viriyah', 'วรย', 'วิริยา']"
41903246,,,
41903407,AIA,life,"['aia', 'เอไอเอ']"
41903787,AIA,life,"['aia', 'เอไอเอ']"
41903787,AIA,life,"['aia', 'เอไอเอ']"
41903787,เมืองไทยประกันชีวิต,life,"['เมืองไทยประกันชีวิต', 'เมืองไทย', 'muangthai', 'mtl', 'ประกันชีวิตสีชมพู']"
41903787,เมืองไทยประกันชีวิต,life,"['เมืองไทยประกันชีวิต', 'เมืองไทย', 'muangthai', 'mtl', 'ประกันชีวิตสีชมพู']"
41903787,Allianz Ayudhya,life,"['allianz', 'อลิอันซ์', 'อลิอันซ์อยุธยา', 'azay', 'อริอันซ์ อยุธยา', 'อลิอันช์', 'alianz ayudhya', 'az y']"
41903787,Allianz Ayudhya,life,"['allianz', 'อลิอันซ์', 'อลิอันซ์อยุธยา', 'azay', 'อริอันซ์ อยุธยา', 'อลิอันช์', 'alianz ayudhya', 'az y']"
41903787,FWD,life,"['fwd', 'เอฟดับบลิวดี', 'fwd ประกันชีวิต']"
41903787,FWD,life,"['fwd', 'เอฟดับบลิวดี', 'fwd ประกันชีวิต']"
41903787,คุ้มภัยโตเกียวมารีน,non_life,"['ประกันคุ้มภัย', 'คุ้มภัย', 'คภ.', 'โตเกียวมารีน', 'tokio marine']"
41903787,คุ้มภัยโตเกียวมารีน,non_life,"['ประกันคุ้มภัย', 'คุ้มภัย', 'คภ.', 'โตเกียวมารีน', 'tokio marine']"
41903789,,,
41904452,Chubb,non_life,"['chubb', 'ชับบ์', 'chuub', 'ชับ สามัคคี']"
41904809,ธนชาตประกันภัย,non_life,"['ธนชาตประกันภัย', 'ธนชาต', 'ธนชาติ', 'ประกันภัยสีส้ม']"
41905186,กรุงเทพประกันภัย,non_life,"['กรุงเทพประกันภัย', 'bangkok insurance', 'กรุงเทพ', 'bki']"
41907143,Cigna,life,"['cigna', 'ซิกน่า', 'ซิกม่า']"
41907143,Cigna,life,"['cigna', 'ซิกน่า', 'ซิกม่า']"
41907143,KTC,broker,"['บัตรกรุงไทย', 'ktc']"
41907143,KTC,broker,"['บัตรกรุงไทย', 'ktc']"
41909562,ธนชาตประกันภัย,non_life,"['ธนชาตประกันภัย', 'ธนชาต', 'ธนชาติ', 'ประกันภัยสีส้ม']"
41911093,,,
41912792,,,
41915958,TVD Broker,broker,"['tvd', 'ทีวีดี']"
41915958,TVD Broker,broker,"['tvd', 'ทีวีดี']"
41915958,กรุงไทยพานิชประกันภัย,non_life,"['kpi', 'กรุงไทยประกันภัย', 'กรุงไทย ธนวัฏ', 'กรุงไทยพานิช']"
41915958,กรุงไทยพานิชประกันภัย,non_life,"['kpi', 'กรุงไทยประกันภัย', 'กรุงไทย ธนวัฏ', 'กรุงไทยพานิช']"
41916983,,,
41917604,AIA,life,"['aia', 'เอไอเอ']"
41918571,คุ้มภัยโตเกียวมารีน,non_life,"['ประกันคุ้มภัย', 'คุ้มภัย', 'คภ.', 'โตเกียวมารีน', 'tokio marine']"
41921432,,,
41922312,,,
41924346,AIG,non_life,"['aig', 'เอไอจี']"
41924346,AIG,non_life,"['aig', 'เอไอจี']"
41924346,กสิกรไทย,broker,"['กสิกร', 'k bank', 'แบงค์เขียว']"
41924346,กสิกรไทย,broker,"['กสิกร', 'k bank', 'แบงค์เขียว']"
41924618,วิริยะประกันภัย,non_life,"['วิริยะ', 'viriyah', 'วรย', 'วิริยา']"
41926725,Chubb,non_life,"['chubb', 'ชับบ์', 'chuub', 'ชับ สามัคคี']"
41926725,Chubb,non_life,"['chubb', 'ชับบ์', 'chuub', 'ชับ สามัคคี']"
41926725,SCB,broker,"['scb', 'ไทยพาณิชย์', 'ไทยพานิชย์', 'ธนาคารสีม่วง', 'cardx']"
41926725,SCB,broker,"['scb', 'ไทยพาณิชย์', 'ไทยพานิชย์', 'ธนาคารสีม่วง', 'cardx']"
41927101,,,
41929776,เมืองไทยประกันชีวิต,life,"['เมืองไทยประกันชีวิต', 'เมืองไทย', 'muangthai', 'mtl', 'ประกันชีวิตสีชมพู']"
41929776,เมืองไทยประกันชีวิต,life,"['เมืองไทยประกันชีวิต', 'เมืองไทย', 'muangthai', 'mtl', 'ประกันชีวิตสีชมพู']"
41929776,ไทยประกันชีวิต,life,"['ไทยประกันชีวิต', 'ไทยประกัน']"
41929776,ไทยประกันชีวิต,life,"['ไทยประกันชีวิต', 'ไทยประกัน']"
41929776,เมืองไทยประกันภัย,non_life,['เมืองไทยประกันภัย']
41929776,เมืองไทยประกันภัย,non_life,['เมืองไทยประกันภัย']
41929776,ไทยประกันภัย,non_life,['ไทยประกันภัย']
41929776,ไทยประกันภัย,non_life,['ไทยประกันภัย']
41931296,,,
41932440,กสิกรไทย,broker,"['กสิกร', 'k bank', 'แบงค์เขียว']"
41933366,Chubb,non_life,"['chubb', 'ชับบ์', 'chuub', 'ชับ สามัคคี']"
41939355,ไทยวิวัฒน์,non_life,"['ไทยวิวัฒน์', 'thaivivat', 'ไทยวิวัตน์']"
41940221,กรุงเทพประกันภัย,non_life,"['กรุงเทพประกันภัย', 'bangkok insurance', 'กรุงเทพ', 'bki']"
41940221,กรุงเทพประกันภัย,non_life,"['กรุงเทพประกันภัย', 'bangkok insurance', 'กรุงเทพ', 'bki']"
41940221,ธนาคารกรุงเทพ,broker,"['ธนาคารกรุงเทพ', 'บัวหลวง']"
41940221,ธนาคารกรุงเทพ,broker,"['ธนาคารกรุงเทพ', 'บัวหลวง']"
41941432,เมืองไทยประกันชีวิต,life,"['เมืองไทยประกันชีวิต', 'เมืองไทย', 'muangthai', 'mtl', 'ประกันชีวิตสีชมพู']"
41941432,เมืองไทยประกันชีวิต,life,"['เมืองไทยประกันชีวิต', 'เมืองไทย', 'muangthai', 'mtl', 'ประกันชีวิตสีชมพู']"
41941432,คุ้มภัยโตเกียวมารีน,non_life,"['ประกันคุ้มภัย', 'คุ้มภัย', 'คภ.', 'โตเกียวมารีน', 'tokio marine']"
41941432,คุ้มภัยโตเกียวมารีน,non_life,"['ประกันคุ้มภัย', 'คุ้มภัย', 'คภ.', 'โตเกียวมารีน', 'tokio marine']"
41941632,AIA,life,"['aia', 'เอไอเอ']"
41943826,Chubb,non_life,"['chubb', 'ชับบ์', 'chuub', 'ชับ สามัคคี']"
41943826,Chubb,non_life,"['chubb', 'ชับบ์', 'chuub', 'ชับ สามัคคี']"
41943826,SCB,broker,"['scb', 'ไทยพาณิชย์', 'ไทยพานิชย์', 'ธนาคารสีม่วง', 'cardx']"
41943826,SCB,broker,"['scb', 'ไทยพาณิชย์', 'ไทยพานิชย์', 'ธนาคารสีม่วง', 'cardx']"
41944230,Chubb,non_life,"['chubb', 'ชับบ์', 'chuub', 'ชับ สามัคคี']"
41944327,TVD Broker,broker,"['tvd', 'ทีวีดี']"
41944327,TVD Broker,broker,"['tvd', 'ทีวีดี']"
41944327,เมืองไทยประกันชีวิต,life,"['เมืองไทยประกันชีวิต', 'เมืองไทย', 'muangthai', 'mtl', 'ประกันชีวิตสีชมพู']"
41944327,เมืองไทยประกันชีวิต,life,"['เมืองไทยประกันชีวิต', 'เมืองไทย', 'muangthai', 'mtl', 'ประกันชีวิตสีชมพู']"
41944327,กสิกรไทย,broker,"['กสิกร', 'k bank', 'แบงค์เขียว']"
41944327,กสิกรไทย,broker,"['กสิกร', 'k bank', 'แบงค์เขียว']"
41944954,,,
41946796,FWD,life,"['fwd', 'เอฟดับบลิวดี', 'fwd ประกันชีวิต']"
41946796,FWD,life,"['fwd', 'เอฟดับบลิวดี', 'fwd ประกันชีวิต']"
41946796,SCB,broker,"['scb', 'ไทยพาณิชย์', 'ไทยพานิชย์', 'ธนาคารสีม่วง', 'cardx']"
41946796,SCB,broker,"['scb', 'ไทยพาณิชย์', 'ไทยพานิชย์', 'ธนาคารสีม่วง', 'cardx']"
41951431,,,
41951697,เมืองไทยประกันชีวิต,life,"['เมืองไทยประกันชีวิต', 'เมืองไทย', 'muangthai', 'mtl', 'ประกันชีวิตสีชมพู']"
41951697,เมืองไทยประกันชีวิต,life,"['เมืองไทยประกันชีวิต', 'เมืองไทย', 'muangthai', 'mtl', 'ประกันชีวิตสีชมพู']"
41951697,ไทยประกันชีวิต,life,"['ไทยประกันชีวิต', 'ไทยประกัน']"
41951697,ไทยประกันชีวิต,life,"['ไทยประกันชีวิต', 'ไทยประกัน']"
41951697,เมืองไทยประกันภัย,non_life,['เมืองไทยประกันภัย']
41951697,เมืองไทยประกันภัย,non_life,['เมืองไทยประกันภัย']
41951697,ไทยประกันภัย,non_life,['ไทยประกันภัย']
41951697,ไทยประกันภัย,non_life,['ไทยประกันภัย']
41952340,Allianz Ayudhya,life,"['allianz', 'อลิอันซ์', 'อลิอันซ์อยุธยา', 'azay', 'อริอันซ์ อยุธยา', 'อลิอันช์', 'alianz ayudhya', 'az y']"
41952340,Allianz Ayudhya,life,"['allianz', 'อลิอันซ์', 'อลิอันซ์อยุธยา', 'azay', 'อริอันซ์ อยุธยา', 'อลิอันช์', 'alianz ayudhya', 'az y']"
41952340,Krungsri First Choice,broker,"['first choice', 'กรุงศรี เฟิร์สช้อยส์', 'กรุงศรีเฟิร์สช้อย', 'เฟิสช้อย', 'เฟริสช้อย']"
41952340,Krungsri First Choice,broker,"['first choice', 'กรุงศรี เฟิร์สช้อยส์', 'กรุงศรีเฟิร์สช้อย', 'เฟิสช้อย', 'เฟริสช้อย']"
41955181,AIA,life,"['aia', 'เอไอเอ']"
41959876,Allianz Ayudhya,life,"['allianz', 'อลิอันซ์', 'อลิอันซ์อยุธยา', 'azay', 'อริอันซ์ อยุธยา', 'อลิอันช์', 'alianz ayudhya', 'az y']"
41962963,Allianz Ayudhya,life,"['allianz', 'อลิอันซ์', 'อลิอันซ์อยุธยา', 'azay', 'อริอันซ์ อยุธยา', 'อลิอันช์', 'alianz ayudhya', 'az y']"
41966593,Allianz Ayudhya,life,"['allianz', 'อลิอันซ์', 'อลิอันซ์อยุธยา', 'azay', 'อริอันซ์ อยุธยา', 'อลิอันช์', 'alianz ayudhya', 'az y']"
41970454,เงินติดล้อ,broker,['เงินติดล้อ']
41970979,สินมั่นคง,non_life,"['สินมั่นคง', 'สินมั่งคง']"
41972028,Allianz Ayudhya,life,"['allianz', 'อลิอันซ์', 'อลิอันซ์อยุธยา', 'azay', 'อริอันซ์ อยุธยา', 'อลิอันช์', 'alianz ayudhya', 'az y']"
41972028,Allianz Ayudhya,life,"['allianz', 'อลิอันซ์', 'อลิอันซ์อยุธยา', 'azay', 'อริอันซ์ อยุธยา', 'อลิอันช์', 'alianz ayudhya', 'az y']"
41972028,AEON,broker,"['aeon', 'อิออน']"
41972028,AEON,broker,"['aeon', 'อิออน']"
41972082,KTC,broker,"['บัตรกรุงไทย', 'ktc']"
41972139,,,
41972979,วิริยะประกันภัย,non_life,"['วิริยะ', 'viriyah', 'วรย', 'วิริยา']"
41972979,นวกิจประกันภัย,non_life,['นวกิจ']
41976847,,,
41980289,,,
41980468,SOMPO,non_life,"['sompo', 'ซมโปะ']"
41980879,Krungthai AXA,non_life,"['กรุงไทยแอกซ่า', 'axa', 'แอกซ่า', 'แอกซา', 'เเอกซ่า', 'แอคซ่า', 'เเอคซา', 'กรุงไทยแอกซา', 'แอ๊คซ่า', 'แอ๊กซ่า', 'เเอกซ่า', 'axxa']"
41983571,KTC,broker,"['บัตรกรุงไทย', 'ktc']"
41984360,,,
41986430,,,
41987555,AIA,life,"['aia', 'เอไอเอ']"
41987555,AIA,life,"['aia', 'เอไอเอ']"
41987555,Krungthai AXA,non_life,"['กรุงไทยแอกซ่า', 'axa', 'แอกซ่า', 'แอกซา', 'เเอกซ่า', 'แอคซ่า', 'เเอคซา', 'กรุงไทยแอกซา', 'แอ๊คซ่า', 'แอ๊กซ่า', 'เเอกซ่า', 'axxa']"
41987555,Krungthai AXA,non_life,"['กรุงไทยแอกซ่า', 'axa', 'แอกซ่า', 'แอกซา', 'เเอกซ่า', 'แอคซ่า', 'เเอคซา', 'กรุงไทยแอกซา', 'แอ๊คซ่า', 'แอ๊กซ่า', 'เเอกซ่า', 'axxa']"
41988334,Chubb,non_life,"['chubb', 'ชับบ์', 'chuub', 'ชับ สามัคคี']"
41991382,Chubb,non_life,"['chubb', 'ชับบ์', 'chuub', 'ชับ สามัคคี']"
41992288,กรุงเทพประกันภัย,non_life,"['กรุงเทพประกันภัย', 'bangkok insurance', 'กรุงเทพ', 'bki']"
41995688,Chubb,non_life,"['chubb', 'ชับบ์', 'chuub', 'ชับ สามัคคี']"
41995671,,,
41995800,FWD,life,"['fwd', 'เอฟดับบลิวดี', 'fwd ประกันชีวิต']"
41995932,,,
41996183,ไทยวิวัฒน์,non_life,"['ไทยวิวัฒน์', 'thaivivat', 'ไทยวิวัตน์']"
41996411,ธนชาตประกันภัย,non_life,"['ธนชาตประกันภัย', 'ธนชาต', 'ธนชาติ', 'ประกันภัยสีส้ม']"
41997041,Chubb,non_life,"['chubb', 'ชับบ์', 'chuub', 'ชับ สามัคคี']"
41997861,Silkspan,broker,['silkspan']
42001005,KTC,broker,"['บัตรกรุงไทย', 'ktc']"
42001823,,,
42004708,Krungthai AXA,non_life,"['กรุงไทยแอกซ่า', 'axa', 'แอกซ่า', 'แอกซา', 'เเอกซ่า', 'แอคซ่า', 'เเอคซา', 'กรุงไทยแอกซา', 'แอ๊คซ่า', 'แอ๊กซ่า', 'เเอกซ่า', 'axxa']"
42004780,,,
42005117,,,
42005980,,,
42007404,Krungsri First Choice,broker,"['first choice', 'กรุงศรี เฟิร์สช้อยส์', 'กรุงศรีเฟิร์สช้อย', 'เฟิสช้อย', 'เฟริสช้อย']"
42007404,Krungsri First Choice,broker,"['first choice', 'กรุงศรี เฟิร์สช้อยส์', 'กรุงศรีเฟิร์สช้อย', 'เฟิสช้อย', 'เฟริสช้อย']"
42007404,Chubb,non_life,"['chubb', 'ชับบ์', 'chuub', 'ชับ สามัคคี']"
42007404,Chubb,non_life,"['chubb', 'ชับบ์', 'chuub', 'ชับ สามัคคี']"
42009308,FWD,life,"['fwd', 'เอฟดับบลิวดี', 'fwd ประกันชีวิต']"
42014337,สยามสไมล์,broker,['สยามสไมล์']
42016690,Chubb,non_life,"['chubb', 'ชับบ์', 'chuub', 'ชับ สามัคคี']"
42016690,Chubb,non_life,"['chubb', 'ชับบ์', 'chuub', 'ชับ สามัคคี']"
42016690,Krungsri First Choice,broker,"['first choice', 'กรุงศรี เฟิร์สช้อยส์', 'กรุงศรีเฟิร์สช้อย', 'เฟิสช้อย', 'เฟริสช้อย']"
42016690,Krungsri First Choice,broker,"['first choice', 'กรุงศรี เฟิร์สช้อยส์', 'กรุงศรีเฟิร์สช้อย', 'เฟิสช้อย', 'เฟริสช้อย']"
42022083,,,
42023525,Krungthai AXA,non_life,"['กรุงไทยแอกซ่า', 'axa', 'แอกซ่า', 'แอกซา', 'เเอกซ่า', 'แอคซ่า', 'เเอคซา', 'กรุงไทยแอกซา', 'แอ๊คซ่า', 'แอ๊กซ่า', 'เเอกซ่า', 'axxa']"
42023679,กรุงเทพประกันชีวิต,life,"['กรุงเทพประกันชีวิต', 'bangkok life', 'bblife']"
42023679,กรุงเทพประกันชีวิต,life,"['กรุงเทพประกันชีวิต', 'bangkok life', 'bblife']"
42023679,Chubb,non_life,"['chubb', 'ชับบ์', 'chuub', 'ชับ สามัคคี']"
42023679,Chubb,non_life,"['chubb', 'ชับบ์', 'chuub', 'ชับ สามัคคี']"
42024939,,,
42029556,สยามสไมล์,broker,['สยามสไมล์']
42030888,,,
42031974,TQM,broker,"['tqm', 'ทีคิวเอ็ม']"
42036067,Chubb,non_life,"['chubb', 'ชับบ์', 'chuub', 'ชับ สามัคคี']"
42036471,FWD,life,"['fwd', 'เอฟดับบลิวดี', 'fwd ประกันชีวิต']"
42036471,FWD,life,"['fwd', 'เอฟดับบลิวดี', 'fwd ประกันชีวิต']"
42036471,ทิพยประกันภัย,non_life,"['ทิพย', 'ทิพยประกันภัย', 'dip', 'dhp', 'tip']"
42036471,ทิพยประกันภัย,non_life,"['ทิพย', 'ทิพยประกันภัย', 'dip', 'dhp', 'tip']"
42037340,Chubb,non_life,"['chubb', 'ชับบ์', 'chuub', 'ชับ สามัคคี']"
42037340,Chubb,non_life,"['chubb', 'ชับบ์', 'chuub', 'ชับ สามัคคี']"
42037340,SCB,broker,"['scb', 'ไทยพาณิชย์', 'ไทยพานิชย์', 'ธนาคารสีม่วง', 'cardx']"
42037340,SCB,broker,"['scb', 'ไทยพาณิชย์', 'ไทยพานิชย์', 'ธนาคารสีม่วง', 'cardx']"
42037431,ทิพยประกันภัย,non_life,"['ทิพย', 'ทิพยประกันภัย', 'dip', 'dhp', 'tip']"
42040709,Allianz Ayudhya,life,"['allianz', 'อลิอันซ์', 'อลิอันซ์อยุธยา', 'azay', 'อริอันซ์ อยุธยา', 'อลิอันช์', 'alianz ayudhya', 'az y']"
42041039,Krungsri Auto,broker,"['กรุงศรี ออโต้', 'กรุงศรีออโต้']"
42041419,Generali,non_life,"['generali', 'เจนเนอราลี่']"
42044786,,,
42044833,,,
42045097,,,
42050361,Chubb,non_life,"['chubb', 'ชับบ์', 'chuub', 'ชับ สามัคคี']"
42050361,Chubb,non_life,"['chubb', 'ชับบ์', 'chuub', 'ชับ สามัคคี']"
42050361,AEON,broker,"['aeon', 'อิออน']"
42050361,AEON,broker,"['aeon', 'อิออน']"
42052048,วิริยะประกันภัย,non_life,"['วิริยะ', 'viriyah', 'วรย', 'วิริยา']"
42052048,มิตรแท้ประกันภัย,non_life,"['มิตรแท้ประกันภัย', 'มิตรแท้']"
42053356,Chubb,non_life,"['chubb', 'ชับบ์', 'chuub', 'ชับ สามัคคี']"
42054477,วิริยะประกันภัย,non_life,"['วิริยะ', 'viriyah', 'วรย', 'วิริยา']"
42055989,,,
42056749,ไทยวิวัฒน์,non_life,"['ไทยวิวัฒน์', 'thaivivat', 'ไทยวิวัตน์']"
42057775,,,
42059891,FWD,life,"['fwd', 'เอฟดับบลิวดี', 'fwd ประกันชีวิต']"
42061050,SCB,broker,"['scb', 'ไทยพาณิชย์', 'ไทยพานิชย์', 'ธนาคารสีม่วง', 'cardx']"
42062097,FWD,life,"['fwd', 'เอฟดับบลิวดี', 'fwd ประกันชีวิต']"
42064222,รู้ใจประกันภัย,non_life,"['รู้ใจประกันภัย', 'ประกันรู้ใจ', 'ประกันจิงโจ้', 'roo jai', 'roojai']"
42064222,กรุงไทยพานิชประกันภัย,non_life,"['kpi', 'กรุงไทยประกันภัย', 'กรุงไทย ธนวัฏ', 'กรุงไทยพานิช']"
42065168,Chubb,non_life,"['chubb', 'ชับบ์', 'chuub', 'ชับ สามัคคี']"
42066684,ทิพยประกันภัย,non_life,"['ทิพย', 'ทิพยประกันภัย', 'dip', 'dhp', 'tip']"
42066684,วิริยะประกันภัย,non_life,"['วิริยะ', 'viriyah', 'วรย', 'วิริยา']"
42066684,กรุงเทพประกันภัย,non_life,"['กรุงเทพประกันภัย', 'bangkok insurance', 'กรุงเทพ', 'bki']"
42068194,กรุงเทพประกันภัย,non_life,"['กรุงเทพประกันภัย', 'bangkok insurance', 'กรุงเทพ', 'bki']"
42068271,Chubb,non_life,"['chubb', 'ชับบ์', 'chuub', 'ชับ สามัคคี']"
42068433,เมืองไทยประกันชีวิต,life,"['เมืองไทยประกันชีวิต', 'เมืองไทย', 'muangthai', 'mtl', 'ประกันชีวิตสีชมพู']"
42068433,เมืองไทยประกันชีวิต,life,"['เมืองไทยประกันชีวิต', 'เมืองไทย', 'muangthai', 'mtl', 'ประกันชีวิตสีชมพู']"
42068433,เมืองไทยประกันชีวิต,life,"['เมืองไทยประกันชีวิต', 'เมืองไทย', 'muangthai', 'mtl', 'ประกันชีวิตสีชมพู']"
42068433,ไทยประกันชีวิต,life,"['ไทยประกันชีวิต', 'ไทยประกัน']"
42068433,ไทยประกันชีวิต,life,"['ไทยประกันชีวิต', 'ไทยประกัน']"
42068433,ไทยประกันชีวิต,life,"['ไทยประกันชีวิต', 'ไทยประกัน']"
42068433,เมืองไทยประกันภัย,non_life,['เมืองไทยประกันภัย']
42068433,เมืองไทยประกันภัย,non_life,['เมืองไทยประกันภัย']
42068433,เมืองไทยประกันภัย,non_life,['เมืองไทยประกันภัย']
42068433,ไทยประกันภัย,non_life,['ไทยประกันภัย']
42068433,ไทยประกันภัย,non_life,['ไทยประกันภัย']
42068433,ไทยประกันภัย,non_life,['ไทยประกันภัย']
42068433,SCB,broker,"['scb', 'ไทยพาณิชย์', 'ไทยพานิชย์', 'ธนาคารสีม่วง', 'cardx']"
42068433,SCB,broker,"['scb', 'ไทยพาณิชย์', 'ไทยพานิชย์', 'ธนาคารสีม่วง', 'cardx']"
42068433,SCB,broker,"['scb', 'ไทยพาณิชย์', 'ไทยพานิชย์', 'ธนาคารสีม่วง', 'cardx']"
42068433,TVD Broker,broker,"['tvd', 'ทีวีดี']"
42068433,TVD Broker,broker,"['tvd', 'ทีวีดี']"
42068433,TVD Broker,broker,"['tvd', 'ทีวีดี']"
42068433,ANC,broker,"['anc', 'เอเอ็นซี']"
42068433,ANC,broker,"['anc', 'เอเอ็นซี']"
42068433,ANC,broker,"['anc', 'เอเอ็นซี']"
42069385,,,
42070548,,,
42071151,,,
42071375,,,
42072717,วิริยะประกันภัย,non_life,"['วิริยะ', 'viriyah', 'วรย', 'วิริยา']"
42073830,,,
42077906,,,
42078373,,,
42079137,,,
42081457,Krungthai AXA,non_life,"['กรุงไทยแอกซ่า', 'axa', 'แอกซ่า', 'แอกซา', 'เเอกซ่า', 'แอคซ่า', 'เเอคซา', 'กรุงไทยแอกซา', 'แอ๊คซ่า', 'แอ๊กซ่า', 'เเอกซ่า', 'axxa']"
42083133,,,
42084104,,,
42087957,,,
42089515,,,
42090243,,,
42091825,SOMPO,non_life,"['sompo', 'ซมโปะ']"
42091825,SOMPO,non_life,"['sompo', 'ซมโปะ']"
42091825,KTC,broker,"['บัตรกรุงไทย', 'ktc']"
42091825,KTC,broker,"['บัตรกรุงไทย', 'ktc']"
42093338,Krungthai AXA,non_life,"['กรุงไทยแอกซ่า', 'axa', 'แอกซ่า', 'แอกซา', 'เเอกซ่า', 'แอคซ่า', 'เเอคซา', 'กรุงไทยแอกซา', 'แอ๊คซ่า', 'แอ๊กซ่า', 'เเอกซ่า', 'axxa']"
42093338,SOMPO,non_life,"['sompo', 'ซมโปะ']"
42093468,,,
42093679,วิริยะประกันภัย,non_life,"['วิริยะ', 'viriyah', 'วรย', 'วิริยา']"
42095173,,,
42096546,กรุงไทยพานิชประกันภัย,non_life,"['kpi', 'กรุงไทยประกันภัย', 'กรุงไทย ธนวัฏ', 'กรุงไทยพานิช']"
42096546,รู้ใจประกันภัย,non_life,"['รู้ใจประกันภัย', 'ประกันรู้ใจ', 'ประกันจิงโจ้', 'roo jai', 'roojai']"
42097410,AEON,broker,"['aeon', 'อิออน']"
42097523,,,
42099956,,,
42100386,,,
42101471,,,
42102622,Krungthai AXA,non_life,"['กรุงไทยแอกซ่า', 'axa', 'แอกซ่า', 'แอกซา', 'เเอกซ่า', 'แอคซ่า', 'เเอคซา', 'กรุงไทยแอกซา', 'แอ๊คซ่า', 'แอ๊กซ่า', 'เเอกซ่า', 'axxa']"
42102622,ทิพยประกันภัย,non_life,"['ทิพย', 'ทิพยประกันภัย', 'dip', 'dhp', 'tip']"
42109454,,,
42110025,Chubb,non_life,"['chubb', 'ชับบ์', 'chuub', 'ชับ สามัคคี']"
42110025,Chubb,non_life,"['chubb', 'ชับบ์', 'chuub', 'ชับ สามัคคี']"
42110025,Krungsri First Choice,broker,"['first choice', 'กรุงศรี เฟิร์สช้อยส์', 'กรุงศรีเฟิร์สช้อย', 'เฟิสช้อย', 'เฟริสช้อย']"
42110025,Krungsri First Choice,broker,"['first choice', 'กรุงศรี เฟิร์สช้อยส์', 'กรุงศรีเฟิร์สช้อย', 'เฟิสช้อย', 'เฟริสช้อย']"
42110367,,,
42110972,,,
42114718,กรุงไทยพานิชประกันภัย,non_life,"['kpi', 'กรุงไทยประกันภัย', 'กรุงไทย ธนวัฏ', 'กรุงไทยพานิช']"
42117263,,,
42121247,Chubb,non_life,"['chubb', 'ชับบ์', 'chuub', 'ชับ สามัคคี']"
42121247,Chubb,non_life,"['chubb', 'ชับบ์', 'chuub', 'ชับ สามัคคี']"
42121247,Krungsri First Choice,broker,"['first choice', 'กรุงศรี เฟิร์สช้อยส์', 'กรุงศรีเฟิร์สช้อย', 'เฟิสช้อย', 'เฟริสช้อย']"
42121247,Krungsri First Choice,broker,"['first choice', 'กรุงศรี เฟิร์สช้อยส์', 'กรุงศรีเฟิร์สช้อย', 'เฟิสช้อย', 'เฟริสช้อย']"
42121247,ANC,broker,"['anc', 'เอเอ็นซี']"
42121247,ANC,broker,"['anc', 'เอเอ็นซี']"
42123443,Krungsri First Choice,broker,"['first choice', 'กรุงศรี เฟิร์สช้อยส์', 'กรุงศรีเฟิร์สช้อย', 'เฟิสช้อย', 'เฟริสช้อย']"
42123443,TVD Broker,broker,"['tvd', 'ทีวีดี']"
42123478,Chubb,non_life,"['chubb', 'ชับบ์', 'chuub', 'ชับ สามัคคี']"
42124313,Cigna,life,"['cigna', 'ซิกน่า', 'ซิกม่า']"
42125028,TQM,broker,"['tqm', 'ทีคิวเอ็ม']"
42125028,TQM,broker,"['tqm', 'ทีคิวเอ็ม']"
42125028,ทิพยประกันภัย,non_life,"['ทิพย', 'ทิพยประกันภัย', 'dip', 'dhp', 'tip']"
42125028,ทิพยประกันภัย,non_life,"['ทิพย', 'ทิพยประกันภัย', 'dip', 'dhp', 'tip']"
42125711,,,
42135579,Chubb,non_life,"['chubb', 'ชับบ์', 'chuub', 'ชับ สามัคคี']"
42135854,Chubb,non_life,"['chubb', 'ชับบ์', 'chuub', 'ชับ สามัคคี']"
42136513,AIA,life,"['aia', 'เอไอเอ']"
42137374,ไทยประกันชีวิต,life,"['ไทยประกันชีวิต', 'ไทยประกัน']"
42137824,Chubb,non_life,"['chubb', 'ชับบ์', 'chuub', 'ชับ สามัคคี']"
42138857,,,
42139425,,,
42141294,Chubb,non_life,"['chubb', 'ชับบ์', 'chuub', 'ชับ สามัคคี']"
42144766,Allianz Ayudhya,life,"['allianz', 'อลิอันซ์', 'อลิอันซ์อยุธยา', 'azay', 'อริอันซ์ อยุธยา', 'อลิอันช์', 'alianz ayudhya', 'az y']"
42147945,วิริยะประกันภัย,non_life,"['วิริยะ', 'viriyah', 'วรย', 'วิริยา']"
42148722,,,
42149187,,,
42150912,,,
42151649,,,
42157487,ANC,broker,"['anc', 'เอเอ็นซี']"
42158390,,,
42160316,Allianz Ayudhya,life,"['allianz', 'อลิอันซ์', 'อลิอันซ์อยุธยา', 'azay', 'อริอันซ์ อยุธยา', 'อลิอันช์', 'alianz ayudhya', 'az y']"
42160316,Allianz Ayudhya,life,"['allianz', 'อลิอันซ์', 'อลิอันซ์อยุธยา', 'azay', 'อริอันซ์ อยุธยา', 'อลิอันช์', 'alianz ayudhya', 'az y']"
42160316,Cigna,life,"['cigna', 'ซิกน่า', 'ซิกม่า']"
42160316,Cigna,life,"['cigna', 'ซิกน่า', 'ซิกม่า']"
42160316,Chubb,non_life,"['chubb', 'ชับบ์', 'chuub', 'ชับ สามัคคี']"
42160316,Chubb,non_life,"['chubb', 'ชับบ์', 'chuub', 'ชับ สามัคคี']"
42161095,วิริยะประกันภัย,non_life,"['วิริยะ', 'viriyah', 'วรย', 'วิริยา']"
42161095,วิริยะประกันภัย,non_life,"['วิริยะ', 'viriyah', 'วรย', 'วิริยา']"
42161095,Rabbit Finance,broker,"['rabbit', 'แรบบิท']"
42161095,Rabbit Finance,broker,"['rabbit', 'แรบบิท']"
42162601,Chubb,non_life,"['chubb', 'ชับบ์', 'chuub', 'ชับ สามัคคี']"
42164690,,,
42167489,KTC,broker,"['บัตรกรุงไทย', 'ktc']"
42167489,AIS,broker,['ais']
42169732,,,
42169878,,,
42171448,รู้ใจประกันภัย,non_life,"['รู้ใจประกันภัย', 'ประกันรู้ใจ', 'ประกันจิงโจ้', 'roo jai', 'roojai']"
42171448,รู้ใจประกันภัย,non_life,"['รู้ใจประกันภัย', 'ประกันรู้ใจ', 'ประกันจิงโจ้', 'roo jai', 'roojai']"
42171448,SCB Protect,broker,"['scb protect', 'scb ประกัน', 'ไทยพาณิชย์ประกัน']"
42171448,SCB Protect,broker,"['scb protect', 'scb ประกัน', 'ไทยพาณิชย์ประกัน']"
42171448,SCB,broker,"['scb', 'ไทยพาณิชย์', 'ไทยพานิชย์', 'ธนาคารสีม่วง', 'cardx']"
42171448,SCB,broker,"['scb', 'ไทยพาณิชย์', 'ไทยพานิชย์', 'ธนาคารสีม่วง', 'cardx']"
42172172,สินมั่นคง,non_life,"['สินมั่นคง', 'สินมั่งคง']"
42172709,ทิพยประกันภัย,non_life,"['ทิพย', 'ทิพยประกันภัย', 'dip', 'dhp', 'tip']"
42172739,,,
42174194,,,
42174236,,,
42174544,,,
42175694,ANC,broker,"['anc', 'เอเอ็นซี']"
42176570,,,
42176577,SCB,broker,"['scb', 'ไทยพาณิชย์', 'ไทยพานิชย์', 'ธนาคารสีม่วง', 'cardx']"
42178285,,,
42179585,ทิพยประกันภัย,non_life,"['ทิพย', 'ทิพยประกันภัย', 'dip', 'dhp', 'tip']"
42180029,,,
42180129,Chubb,non_life,"['chubb', 'ชับบ์', 'chuub', 'ชับ สามัคคี']"
42181473,,,
42182763,Chubb,non_life,"['chubb', 'ชับบ์', 'chuub', 'ชับ สามัคคี']"
42183444,,,
42184837,อาคเนย์,non_life,"['อาคเนย์', 'aekn']"
42186861,ไทยประกันชีวิต,life,"['ไทยประกันชีวิต', 'ไทยประกัน']"
42190305,Allianz Ayudhya,life,"['allianz', 'อลิอันซ์', 'อลิอันซ์อยุธยา', 'azay', 'อริอันซ์ อยุธยา', 'อลิอันช์', 'alianz ayudhya', 'az y']"
42190305,Allianz Ayudhya,life,"['allianz', 'อลิอันซ์', 'อลิอันซ์อยุธยา', 'azay', 'อริอันซ์ อยุธยา', 'อลิอันช์', 'alianz ayudhya', 'az y']"
42190305,AEON,broker,"['aeon', 'อิออน']"
42190305,AEON,broker,"['aeon', 'อิออน']"
42190660,กรุงเทพประกันภัย,non_life,"['กรุงเทพประกันภัย', 'bangkok insurance', 'กรุงเทพ', 'bki']"
42191904,Chubb,non_life,"['chubb', 'ชับบ์', 'chuub', 'ชับ สามัคคี']"
42191904,Chubb,non_life,"['chubb', 'ชับบ์', 'chuub', 'ชับ สามัคคี']"
42191904,SCB,broker,"['scb', 'ไทยพาณิชย์', 'ไทยพานิชย์', 'ธนาคารสีม่วง', 'cardx']"
42191904,SCB,broker,"['scb', 'ไทยพาณิชย์', 'ไทยพานิชย์', 'ธนาคารสีม่วง', 'cardx']"
42193376,Allianz Ayudhya,life,"['allianz', 'อลิอันซ์', 'อลิอันซ์อยุธยา', 'azay', 'อริอันซ์ อยุธยา', 'อลิอันช์', 'alianz ayudhya', 'az y']"
42194034,,,
42195687,SCB Protect,broker,"['scb protect', 'scb ประกัน', 'ไทยพาณิชย์ประกัน']"
42195687,SCB,broker,"['scb', 'ไทยพาณิชย์', 'ไทยพานิชย์', 'ธนาคารสีม่วง', 'cardx']"
42195828,Chubb,non_life,"['chubb', 'ชับบ์', 'chuub', 'ชับ สามัคคี']"
42197004,Chubb,non_life,"['chubb', 'ชับบ์', 'chuub', 'ชับ สามัคคี']"
42199532,,,
42199550,,,
42203269,Krungthai AXA,non_life,"['กรุงไทยแอกซ่า', 'axa', 'แอกซ่า', 'แอกซา', 'เเอกซ่า', 'แอคซ่า', 'เเอคซา', 'กรุงไทยแอกซา', 'แอ๊คซ่า', 'แอ๊กซ่า', 'เเอกซ่า', 'axxa']"
42206442,,,
42207084,เอเชียประกันภัย,non_life,"['เอเชียประกันภัย', 'เอเชีย', 'asia']"
42207084,เอเชียประกันภัย,non_life,"['เอเชียประกันภัย', 'เอเชีย', 'asia']"
42207084,Direct Asia,broker,"['ไดเรคเอเชีย', 'ไดเร็คเอเชีย', 'ไดเร๊คเอเชีย', 'Direct Asia']"
42207084,Direct Asia,broker,"['ไดเรคเอเชีย', 'ไดเร็คเอเชีย', 'ไดเร๊คเอเชีย', 'Direct Asia']"
42210322,Chubb,non_life,"['chubb', 'ชับบ์', 'chuub', 'ชับ สามัคคี']"
42212869,AIA,life,"['aia', 'เอไอเอ']"
42213122,,,
42216220,AIA,life,"['aia', 'เอไอเอ']"
42217153,,,
42217533,Allianz Ayudhya,life,"['allianz', 'อลิอันซ์', 'อลิอันซ์อยุธยา', 'azay', 'อริอันซ์ อยุธยา', 'อลิอันช์', 'alianz ayudhya', 'az y']"
42217533,Allianz Ayudhya,life,"['allianz', 'อลิอันซ์', 'อลิอันซ์อยุธยา', 'azay', 'อริอันซ์ อยุธยา', 'อลิอันช์', 'alianz ayudhya', 'az y']"
42217533,วิริยะประกันภัย,non_life,"['วิริยะ', 'viriyah', 'วรย', 'วิริยา']"
42217533,วิริยะประกันภัย,non_life,"['วิริยะ', 'viriyah', 'วรย', 'วิริยา']"
42223748,ไทยวิวัฒน์,non_life,"['ไทยวิวัฒน์', 'thaivivat', 'ไทยวิวัตน์']"
42227842,,,
42227869,Krungthai AXA,non_life,"['กรุงไทยแอกซ่า', 'axa', 'แอกซ่า', 'แอกซา', 'เเอกซ่า', 'แอคซ่า', 'เเอคซา', 'กรุงไทยแอกซา', 'แอ๊คซ่า', 'แอ๊กซ่า', 'เเอกซ่า', 'axxa']"
42228640,Chubb,non_life,"['chubb', 'ชับบ์', 'chuub', 'ชับ สามัคคี']"
42229647,AIA,life,"['aia', 'เอไอเอ']"
42233366,Chubb,non_life,"['chubb', 'ชับบ์', 'chuub', 'ชับ สามัคคี']"
42233366,Chubb,non_life,"['chubb', 'ชับบ์', 'chuub', 'ชับ สามัคคี']"
42233366,Cigna,life,"['cigna', 'ซิกน่า', 'ซิกม่า']"
42233366,Cigna,life,"['cigna', 'ซิกน่า', 'ซิกม่า']"
42239175,AIA,life,"['aia', 'เอไอเอ']"
42243277,Chubb,non_life,"['chubb', 'ชับบ์', 'chuub', 'ชับ สามัคคี']"
42243437,ธนชาตประกันภัย,non_life,"['ธนชาตประกันภัย', 'ธนชาต', 'ธนชาติ', 'ประกันภัยสีส้ม']"
42244659,Allianz Ayudhya,life,"['allianz', 'อลิอันซ์', 'อลิอันซ์อยุธยา', 'azay', 'อริอันซ์ อยุธยา', 'อลิอันช์', 'alianz ayudhya', 'az y']"
42249037,วิริยะประกันภัย,non_life,"['วิริยะ', 'viriyah', 'วรย', 'วิริยา']"
42249037,วิริยะประกันภัย,non_life,"['วิริยะ', 'viriyah', 'วรย', 'วิริยา']"
42249037,AIA,life,"['aia', 'เอไอเอ']"
42249037,AIA,life,"['aia', 'เอไอเอ']"
42249906,Chubb,non_life,"['chubb', 'ชับบ์', 'chuub', 'ชับ สามัคคี']"
42250077,ธนาคารออมสิน,broker,"['GSB', 'ออมสิน']"
42253135,Generali,non_life,"['generali', 'เจนเนอราลี่']"
42253585,,,
42253589,,,
42254555,,,
42257755,,,
42260666,Cigna,life,"['cigna', 'ซิกน่า', 'ซิกม่า']"
42261223,เมืองไทยประกันชีวิต,life,"['เมืองไทยประกันชีวิต', 'เมืองไทย', 'muangthai', 'mtl', 'ประกันชีวิตสีชมพู']"
42262731,SCB,broker,"['scb', 'ไทยพาณิชย์', 'ไทยพานิชย์', 'ธนาคารสีม่วง', 'cardx']"
42262731,SCB,broker,"['scb', 'ไทยพาณิชย์', 'ไทยพานิชย์', 'ธนาคารสีม่วง', 'cardx']"
42262731,Chubb,non_life,"['chubb', 'ชับบ์', 'chuub', 'ชับ สามัคคี']"
42262731,Chubb,non_life,"['chubb', 'ชับบ์', 'chuub', 'ชับ สามัคคี']"
42262997,,,
42266919,Chubb,non_life,"['chubb', 'ชับบ์', 'chuub', 'ชับ สามัคคี']"
42267902,วิริยะประกันภัย,non_life,"['วิริยะ', 'viriyah', 'วรย', 'วิริยา']"
42271087,Chubb,non_life,"['chubb', 'ชับบ์', 'chuub', 'ชับ สามัคคี']"
42271126,,,
42271585,Krungthai AXA,non_life,"['กรุงไทยแอกซ่า', 'axa', 'แอกซ่า', 'แอกซา', 'เเอกซ่า', 'แอคซ่า', 'เเอคซา', 'กรุงไทยแอกซา', 'แอ๊คซ่า', 'แอ๊กซ่า', 'เเอกซ่า', 'axxa']"
42271846,,,
42272624,Krungthai AXA,non_life,"['กรุงไทยแอกซ่า', 'axa', 'แอกซ่า', 'แอกซา', 'เเอกซ่า', 'แอคซ่า', 'เเอคซา', 'กรุงไทยแอกซา', 'แอ๊คซ่า', 'แอ๊กซ่า', 'เเอกซ่า', 'axxa']"
42272624,กรุงเทพประกันภัย,non_life,"['กรุงเทพประกันภัย', 'bangkok insurance', 'กรุงเทพ', 'bki']"
42280709,TQM,broker,"['tqm', 'ทีคิวเอ็ม']"
42280839,,,
42280874,,,
42281925,ทิพยประกันภัย,non_life,"['ทิพย', 'ทิพยประกันภัย', 'dip', 'dhp', 'tip']"
42282102,,,
42286924,,,
42290590,กรุงเทพประกันภัย,non_life,"['กรุงเทพประกันภัย', 'bangkok insurance', 'กรุงเทพ', 'bki']"
42290590,กรุงเทพประกันภัย,non_life,"['กรุงเทพประกันภัย', 'bangkok insurance', 'กรุงเทพ', 'bki']"
42290590,TQM,broker,"['tqm', 'ทีคิวเอ็ม']"
42290590,TQM,broker,"['tqm', 'ทีคิวเอ็ม']"
42290696,,,
42291344,,,
42296691,,,
42297235,,,
42297594,FWD,life,"['fwd', 'เอฟดับบลิวดี', 'fwd ประกันชีวิต']"
42299716,,,
42299732,,,
42299929,,,
42301249,,,
42301830,,,
42303502,,,
42304801,เมืองไทยประกันชีวิต,life,"['เมืองไทยประกันชีวิต', 'เมืองไทย', 'muangthai', 'mtl', 'ประกันชีวิตสีชมพู']"
42304801,ไทยประกันชีวิต,life,"['ไทยประกันชีวิต', 'ไทยประกัน']"
42305675,,,
42306390,,,
42310351,Insurverse,broker,"['Insurverse', 'อินชัวร์เวิร์ส']"
42311135,วิริยะประกันภัย,non_life,"['วิริยะ', 'viriyah', 'วรย', 'วิริยา']"
42312453,SCB,broker,"['scb', 'ไทยพาณิชย์', 'ไทยพานิชย์', 'ธนาคารสีม่วง', 'cardx']"
42312453,SCB,broker,"['scb', 'ไทยพาณิชย์', 'ไทยพานิชย์', 'ธนาคารสีม่วง', 'cardx']"
42312453,SCB,broker,"['scb', 'ไทยพาณิชย์', 'ไทยพานิชย์', 'ธนาคารสีม่วง', 'cardx']"
42312453,เมืองไทยประกันชีวิต,life,"['เมืองไทยประกันชีวิต', 'เมืองไทย', 'muangthai', 'mtl', 'ประกันชีวิตสีชมพู']"
42312453,เมืองไทยประกันชีวิต,life,"['เมืองไทยประกันชีวิต', 'เมืองไทย', 'muangthai', 'mtl', 'ประกันชีวิตสีชมพู']"
42312453,เมืองไทยประกันชีวิต,life,"['เมืองไทยประกันชีวิต', 'เมืองไทย', 'muangthai', 'mtl', 'ประกันชีวิตสีชมพู']"
42312453,ไทยประกันชีวิต,life,"['ไทยประกันชีวิต', 'ไทยประกัน']"
42312453,ไทยประกันชีวิต,life,"['ไทยประกันชีวิต', 'ไทยประกัน']"
42312453,ไทยประกันชีวิต,life,"['ไทยประกันชีวิต', 'ไทยประกัน']"
42312453,FWD,life,"['fwd', 'เอฟดับบลิวดี', 'fwd ประกันชีวิต']"
42312453,FWD,life,"['fwd', 'เอฟดับบลิวดี', 'fwd ประกันชีวิต']"
42312453,FWD,life,"['fwd', 'เอฟดับบลิวดี', 'fwd ประกันชีวิต']"
42312453,เมืองไทยประกันภัย,non_life,['เมืองไทยประกันภัย']
42312453,เมืองไทยประกันภัย,non_life,['เมืองไทยประกันภัย']
42312453,เมืองไทยประกันภัย,non_life,['เมืองไทยประกันภัย']
42312453,ทิพยประกันภัย,non_life,"['ทิพย', 'ทิพยประกันภัย', 'dip', 'dhp', 'tip']"
42312453,ทิพยประกันภัย,non_life,"['ทิพย', 'ทิพยประกันภัย', 'dip', 'dhp', 'tip']"
42312453,ทิพยประกันภัย,non_life,"['ทิพย', 'ทิพยประกันภัย', 'dip', 'dhp', 'tip']"
42312453,ไทยประกันภัย,non_life,['ไทยประกันภัย']
42312453,ไทยประกันภัย,non_life,['ไทยประกันภัย']
42312453,ไทยประกันภัย,non_life,['ไทยประกันภัย']
42313529,อินทรประกันภัย,non_life,['อินทร']
42315139,Rabbit Finance,broker,"['rabbit', 'แรบบิท']"
42315139,Rabbit Finance,broker,"['rabbit', 'แรบบิท']"
42315139,วิริยะประกันภัย,non_life,"['วิริยะ', 'viriyah', 'วรย', 'วิริยา']"
42315139,วิริยะประกันภัย,non_life,"['วิริยะ', 'viriyah', 'วรย', 'วิริยา']"
42315831,,,
42319248,,,
42319518,,,
42320208,,,
42320967,Allianz Ayudhya,life,"['allianz', 'อลิอันซ์', 'อลิอันซ์อยุธยา', 'azay', 'อริอันซ์ อยุธยา', 'อลิอันช์', 'alianz ayudhya', 'az y']"
42320967,Allianz Ayudhya,life,"['allianz', 'อลิอันซ์', 'อลิอันซ์อยุธยา', 'azay', 'อริอันซ์ อยุธยา', 'อลิอันช์', 'alianz ayudhya', 'az y']"
42320967,AEON,broker,"['aeon', 'อิออน']"
42320967,AEON,broker,"['aeon', 'อิออน']"
42324833,,,
42326683,ไทยประกันชีวิต,life,"['ไทยประกันชีวิต', 'ไทยประกัน']"
42326683,ไทยประกันชีวิต,life,"['ไทยประกันชีวิต', 'ไทยประกัน']"
42326683,ไทยประกันชีวิต,life,"['ไทยประกันชีวิต', 'ไทยประกัน']"
42326683,กรุงเทพประกันภัย,non_life,"['กรุงเทพประกันภัย', 'bangkok insurance', 'กรุงเทพ', 'bki']"
42326683,กรุงเทพประกันภัย,non_life,"['กรุงเทพประกันภัย', 'bangkok insurance', 'กรุงเทพ', 'bki']"
42326683,กรุงเทพประกันภัย,non_life,"['กรุงเทพประกันภัย', 'bangkok insurance', 'กรุงเทพ', 'bki']"
42326683,Ark Insure,broker,"['ark insure', 'อาร์ค', 'ark']"
42326683,Ark Insure,broker,"['ark insure', 'อาร์ค', 'ark']"
42326683,Ark Insure,broker,"['ark insure', 'อาร์ค', 'ark']"
42327691,วิริยะประกันภัย,non_life,"['วิริยะ', 'viriyah', 'วรย', 'วิริยา']"
42328071,AEON,broker,"['aeon', 'อิออน']"
42330160,Chubb,non_life,"['chubb', 'ชับบ์', 'chuub', 'ชับ สามัคคี']"
42330160,Chubb,non_life,"['chubb', 'ชับบ์', 'chuub', 'ชับ สามัคคี']"
42330160,Krungsri First Choice,broker,"['first choice', 'กรุงศรี เฟิร์สช้อยส์', 'กรุงศรีเฟิร์สช้อย', 'เฟิสช้อย', 'เฟริสช้อย']"
42330160,Krungsri First Choice,broker,"['first choice', 'กรุงศรี เฟิร์สช้อยส์', 'กรุงศรีเฟิร์สช้อย', 'เฟิสช้อย', 'เฟริสช้อย']"
42330476,Generali,non_life,"['generali', 'เจนเนอราลี่']"
42333847,ทิพยประกันภัย,non_life,"['ทิพย', 'ทิพยประกันภัย', 'dip', 'dhp', 'tip']"
42333847,AIOI,non_life,"['aioi', 'ไอโออิ']"
42340782,,,
42341709,,,
42341965,Krungthai AXA,non_life,"['กรุงไทยแอกซ่า', 'axa', 'แอกซ่า', 'แอกซา', 'เเอกซ่า', 'แอคซ่า', 'เเอคซา', 'กรุงไทยแอกซา', 'แอ๊คซ่า', 'แอ๊กซ่า', 'เเอกซ่า', 'axxa']"
42342271,,,
42342888,Chubb,non_life,"['chubb', 'ชับบ์', 'chuub', 'ชับ สามัคคี']"
42346198,,,
42349740,,,
42350101,FWD,life,"['fwd', 'เอฟดับบลิวดี', 'fwd ประกันชีวิต']"
42351317,,,
42352510,Generali,non_life,"['generali', 'เจนเนอราลี่']"
42354562,ธนาคารกรุงไทย,broker,['ธนาคารกรุงไทย']
42355598,FWD,life,"['fwd', 'เอฟดับบลิวดี', 'fwd ประกันชีวิต']"
42355653,,,
42355685,,,
42356119,,,
42360479,,,
42360826,,,
42361362,,,
42363657,,,
42363764,TVD Broker,broker,"['tvd', 'ทีวีดี']"
42365666,AIA,life,"['aia', 'เอไอเอ']"
42367144,,,
42369854,Allianz Ayudhya,life,"['allianz', 'อลิอันซ์', 'อลิอันซ์อยุธยา', 'azay', 'อริอันซ์ อยุธยา', 'อลิอันช์', 'alianz ayudhya', 'az y']"
42369854,Allianz Ayudhya,life,"['allianz', 'อลิอันซ์', 'อลิอันซ์อยุธยา', 'azay', 'อริอันซ์ อยุธยา', 'อลิอันช์', 'alianz ayudhya', 'az y']"
42369854,AEON,broker,"['aeon', 'อิออน']"
42369854,AEON,broker,"['aeon', 'อิออน']"
42370652,ไทยประกันชีวิต,life,"['ไทยประกันชีวิต', 'ไทยประกัน']"
42371039,Chubb,non_life,"['chubb', 'ชับบ์', 'chuub', 'ชับ สามัคคี']"
42371514,กรุงเทพประกันภัย,non_life,"['กรุงเทพประกันภัย', 'bangkok insurance', 'กรุงเทพ', 'bki']"
42371647,เงินติดล้อ,broker,['เงินติดล้อ']
42371647,เงินติดล้อ,broker,['เงินติดล้อ']
42371647,Allianz Ayudhya,life,"['allianz', 'อลิอันซ์', 'อลิอันซ์อยุธยา', 'azay', 'อริอันซ์ อยุธยา', 'อลิอันช์', 'alianz ayudhya', 'az y']"
42371647,Allianz Ayudhya,life,"['allianz', 'อลิอันซ์', 'อลิอันซ์อยุธยา', 'azay', 'อริอันซ์ อยุธยา', 'อลิอันช์', 'alianz ayudhya', 'az y']"
42371857,,,
42372161,เงินติดล้อ,broker,['เงินติดล้อ']
42373772,วิริยะประกันภัย,non_life,"['วิริยะ', 'viriyah', 'วรย', 'วิริยา']"
42373772,วิริยะประกันภัย,non_life,"['วิริยะ', 'viriyah', 'วรย', 'วิริยา']"
42373772,ทิพยประกันภัย,non_life,"['ทิพย', 'ทิพยประกันภัย', 'dip', 'dhp', 'tip']"
42373772,ทิพยประกันภัย,non_life,"['ทิพย', 'ทิพยประกันภัย', 'dip', 'dhp', 'tip']"
42373772,ANC,broker,"['anc', 'เอเอ็นซี']"
42373772,ANC,broker,"['anc', 'เอเอ็นซี']"
42375738,FWD,life,"['fwd', 'เอฟดับบลิวดี', 'fwd ประกันชีวิต']"
42375871,,,
42376161,,,
42376690,SCB,broker,"['scb', 'ไทยพาณิชย์', 'ไทยพานิชย์', 'ธนาคารสีม่วง', 'cardx']"
42377372,Generali,non_life,"['generali', 'เจนเนอราลี่']"
42381417,,,
42383607,กรุงเทพประกันภัย,non_life,"['กรุงเทพประกันภัย', 'bangkok insurance', 'กรุงเทพ', 'bki']"
42383708,FWD,life,"['fwd', 'เอฟดับบลิวดี', 'fwd ประกันชีวิต']"
42383708,FWD,life,"['fwd', 'เอฟดับบลิวดี', 'fwd ประกันชีวิต']"
42383708,SCB Protect,broker,"['scb protect', 'scb ประกัน', 'ไทยพาณิชย์ประกัน']"
42383708,SCB Protect,broker,"['scb protect', 'scb ประกัน', 'ไทยพาณิชย์ประกัน']"
42383708,SCB,broker,"['scb', 'ไทยพาณิชย์', 'ไทยพานิชย์', 'ธนาคารสีม่วง', 'cardx']"
42383708,SCB,broker,"['scb', 'ไทยพาณิชย์', 'ไทยพานิชย์', 'ธนาคารสีม่วง', 'cardx']"
42383936,,,
42385398,AIA,life,"['aia', 'เอไอเอ']"
42386781,Chubb,non_life,"['chubb', 'ชับบ์', 'chuub', 'ชับ สามัคคี']"
42386781,Chubb,non_life,"['chubb', 'ชับบ์', 'chuub', 'ชับ สามัคคี']"
42386781,Krungsri First Choice,broker,"['first choice', 'กรุงศรี เฟิร์สช้อยส์', 'กรุงศรีเฟิร์สช้อย', 'เฟิสช้อย', 'เฟริสช้อย']"
42386781,Krungsri First Choice,broker,"['first choice', 'กรุงศรี เฟิร์สช้อยส์', 'กรุงศรีเฟิร์สช้อย', 'เฟิสช้อย', 'เฟริสช้อย']"
42387566,FWD,life,"['fwd', 'เอฟดับบลิวดี', 'fwd ประกันชีวิต']"
42387566,FWD,life,"['fwd', 'เอฟดับบลิวดี', 'fwd ประกันชีวิต']"
42387566,SCB,broker,"['scb', 'ไทยพาณิชย์', 'ไทยพานิชย์', 'ธนาคารสีม่วง', 'cardx']"
42387566,SCB,broker,"['scb', 'ไทยพาณิชย์', 'ไทยพานิชย์', 'ธนาคารสีม่วง', 'cardx']"
42390463,Generali,non_life,"['generali', 'เจนเนอราลี่']"
42392234,ทิพยประกันภัย,non_life,"['ทิพย', 'ทิพยประกันภัย', 'dip', 'dhp', 'tip']"
42392234,ทิพยประกันภัย,non_life,"['ทิพย', 'ทิพยประกันภัย', 'dip', 'dhp', 'tip']"
42392234,ไทยวิวัฒน์,non_life,"['ไทยวิวัฒน์', 'thaivivat', 'ไทยวิวัตน์']"
42392234,ไทยวิวัฒน์,non_life,"['ไทยวิวัฒน์', 'thaivivat', 'ไทยวิวัตน์']"
42392234,Insurverse,broker,"['Insurverse', 'อินชัวร์เวิร์ส']"
42392234,Insurverse,broker,"['Insurverse', 'อินชัวร์เวิร์ส']"
42392920,TQM,broker,"['tqm', 'ทีคิวเอ็ม']"
42393715,รู้ใจประกันภัย,non_life,"['รู้ใจประกันภัย', 'ประกันรู้ใจ', 'ประกันจิงโจ้', 'roo jai', 'roojai']"
42399782,FWD,life,"['fwd', 'เอฟดับบลิวดี', 'fwd ประกันชีวิต']"
42399782,FWD,life,"['fwd', 'เอฟดับบลิวดี', 'fwd ประกันชีวิต']"
42399782,SCB Protect,broker,"['scb protect', 'scb ประกัน', 'ไทยพาณิชย์ประกัน']"
42399782,SCB Protect,broker,"['scb protect', 'scb ประกัน', 'ไทยพาณิชย์ประกัน']"
42399782,SCB,broker,"['scb', 'ไทยพาณิชย์', 'ไทยพานิชย์', 'ธนาคารสีม่วง', 'cardx']"
42399782,SCB,broker,"['scb', 'ไทยพาณิชย์', 'ไทยพานิชย์', 'ธนาคารสีม่วง', 'cardx']"
42400294,,,
42406426,,,
42410305,Allianz Ayudhya,life,"['allianz', 'อลิอันซ์', 'อลิอันซ์อยุธยา', 'azay', 'อริอันซ์ อยุธยา', 'อลิอันช์', 'alianz ayudhya', 'az y']"
42411499,สินมั่นคง,non_life,"['สินมั่นคง', 'สินมั่งคง']"
42415271,Chubb,non_life,"['chubb', 'ชับบ์', 'chuub', 'ชับ สามัคคี']"
42415271,Chubb,non_life,"['chubb', 'ชับบ์', 'chuub', 'ชับ สามัคคี']"
42415271,ANC,broker,"['anc', 'เอเอ็นซี']"
42415271,ANC,broker,"['anc', 'เอเอ็นซี']"
42417934,,,
42419034,,,
42423713,สินมั่นคง,non_life,"['สินมั่นคง', 'สินมั่งคง']"
42423758,สินมั่นคง,non_life,"['สินมั่นคง', 'สินมั่งคง']"
42424476,คุ้มภัยโตเกียวมารีน,non_life,"['ประกันคุ้มภัย', 'คุ้มภัย', 'คภ.', 'โตเกียวมารีน', 'tokio marine']"
42426853,FWD,life,"['fwd', 'เอฟดับบลิวดี', 'fwd ประกันชีวิต']"
42426997,,,
42428120,กรุงเทพประกันภัย,non_life,"['กรุงเทพประกันภัย', 'bangkok insurance', 'กรุงเทพ', 'bki']"
42428120,ทิพยประกันภัย,non_life,"['ทิพย', 'ทิพยประกันภัย', 'dip', 'dhp', 'tip']"
42428120,คุ้มภัยโตเกียวมารีน,non_life,"['ประกันคุ้มภัย', 'คุ้มภัย', 'คภ.', 'โตเกียวมารีน', 'tokio marine']"
42429184,ธนชาตประกันภัย,non_life,"['ธนชาตประกันภัย', 'ธนชาต', 'ธนชาติ', 'ประกันภัยสีส้ม']"
42429184,กรุงเทพประกันภัย,non_life,"['กรุงเทพประกันภัย', 'bangkok insurance', 'กรุงเทพ', 'bki']"
42432573,AIA,life,"['aia', 'เอไอเอ']"
42432573,Allianz Ayudhya,life,"['allianz', 'อลิอันซ์', 'อลิอันซ์อยุธยา', 'azay', 'อริอันซ์ อยุธยา', 'อลิอันช์', 'alianz ayudhya', 'az y']"
42432586,,,
42434168,Chubb,non_life,"['chubb', 'ชับบ์', 'chuub', 'ชับ สามัคคี']"
42436459,,,
42437662,Allianz Ayudhya,life,"['allianz', 'อลิอันซ์', 'อลิอันซ์อยุธยา', 'azay', 'อริอันซ์ อยุธยา', 'อลิอันช์', 'alianz ayudhya', 'az y']"
42437662,Allianz Ayudhya,life,"['allianz', 'อลิอันซ์', 'อลิอันซ์อยุธยา', 'azay', 'อริอันซ์ อยุธยา', 'อลิอันช์', 'alianz ayudhya', 'az y']"
42437662,Krungsri First Choice,broker,"['first choice', 'กรุงศรี เฟิร์สช้อยส์', 'กรุงศรีเฟิร์สช้อย', 'เฟิสช้อย', 'เฟริสช้อย']"
42437662,Krungsri First Choice,broker,"['first choice', 'กรุงศรี เฟิร์สช้อยส์', 'กรุงศรีเฟิร์สช้อย', 'เฟิสช้อย', 'เฟริสช้อย']"
42437880,ธนาคารออมสิน,broker,"['GSB', 'ออมสิน']"
42438941,,,
42440170,,,
42440695,,,
42440716,AIA,life,"['aia', 'เอไอเอ']"
42440716,AIA,life,"['aia', 'เอไอเอ']"
42440716,เมืองไทยประกันชีวิต,life,"['เมืองไทยประกันชีวิต', 'เมืองไทย', 'muangthai', 'mtl', 'ประกันชีวิตสีชมพู']"
42440716,เมืองไทยประกันชีวิต,life,"['เมืองไทยประกันชีวิต', 'เมืองไทย', 'muangthai', 'mtl', 'ประกันชีวิตสีชมพู']"
42440716,ไทยประกันชีวิต,life,"['ไทยประกันชีวิต', 'ไทยประกัน']"
42440716,ไทยประกันชีวิต,life,"['ไทยประกันชีวิต', 'ไทยประกัน']"
42440716,Allianz Ayudhya,life,"['allianz', 'อลิอันซ์', 'อลิอันซ์อยุธยา', 'azay', 'อริอันซ์ อยุธยา', 'อลิอันช์', 'alianz ayudhya', 'az y']"
42440716,Allianz Ayudhya,life,"['allianz', 'อลิอันซ์', 'อลิอันซ์อยุธยา', 'azay', 'อริอันซ์ อยุธยา', 'อลิอันช์', 'alianz ayudhya', 'az y']"
42440716,FWD,life,"['fwd', 'เอฟดับบลิวดี', 'fwd ประกันชีวิต']"
42440716,FWD,life,"['fwd', 'เอฟดับบลิวดี', 'fwd ประกันชีวิต']"
42440716,วิริยะประกันภัย,non_life,"['วิริยะ', 'viriyah', 'วรย', 'วิริยา']"
42440716,วิริยะประกันภัย,non_life,"['วิริยะ', 'viriyah', 'วรย', 'วิริยา']"
42440716,กรุงเทพประกันภัย,non_life,"['กรุงเทพประกันภัย', 'bangkok insurance', 'กรุงเทพ', 'bki']"
42440716,กรุงเทพประกันภัย,non_life,"['กรุงเทพประกันภัย', 'bangkok insurance', 'กรุงเทพ', 'bki']"
42440716,ทิพยประกันภัย,non_life,"['ทิพย', 'ทิพยประกันภัย', 'dip', 'dhp', 'tip']"
42440716,ทิพยประกันภัย,non_life,"['ทิพย', 'ทิพยประกันภัย', 'dip', 'dhp', 'tip']"
42440716,Krungthai AXA,non_life,"['กรุงไทยแอกซ่า', 'axa', 'แอกซ่า', 'แอกซา', 'เเอกซ่า', 'แอคซ่า', 'เเอคซา', 'กรุงไทยแอกซา', 'แอ๊คซ่า', 'แอ๊กซ่า', 'เเอกซ่า', 'axxa']"
42440716,Krungthai AXA,non_life,"['กรุงไทยแอกซ่า', 'axa', 'แอกซ่า', 'แอกซา', 'เเอกซ่า', 'แอคซ่า', 'เเอคซา', 'กรุงไทยแอกซา', 'แอ๊คซ่า', 'แอ๊กซ่า', 'เเอกซ่า', 'axxa']"
42440716,Generali,non_life,"['generali', 'เจนเนอราลี่']"
42440716,Generali,non_life,"['generali', 'เจนเนอราลี่']"
42440716,อาคเนย์,non_life,"['อาคเนย์', 'aekn']"
42440716,อาคเนย์,non_life,"['อาคเนย์', 'aekn']"
42440881,FWD,life,"['fwd', 'เอฟดับบลิวดี', 'fwd ประกันชีวิต']"
42440881,FWD,life,"['fwd', 'เอฟดับบลิวดี', 'fwd ประกันชีวิต']"
42440881,SCB,broker,"['scb', 'ไทยพาณิชย์', 'ไทยพานิชย์', 'ธนาคารสีม่วง', 'cardx']"
42440881,SCB,broker,"['scb', 'ไทยพาณิชย์', 'ไทยพานิชย์', 'ธนาคารสีม่วง', 'cardx']"
42442397,Chubb,non_life,"['chubb', 'ชับบ์', 'chuub', 'ชับ สามัคคี']"
42449116,SOMPO,non_life,"['sompo', 'ซมโปะ']"
42449611,,,
42451162,,,
42451688,Chubb,non_life,"['chubb', 'ชับบ์', 'chuub', 'ชับ สามัคคี']"
42452116,,,
42452862,,,
42453267,,,
42453649,,,
42460485,Cigna,life,"['cigna', 'ซิกน่า', 'ซิกม่า']"
42460485,Cigna,life,"['cigna', 'ซิกน่า', 'ซิกม่า']"
42460485,Chubb,non_life,"['chubb', 'ชับบ์', 'chuub', 'ชับ สามัคคี']"
42460485,Chubb,non_life,"['chubb', 'ชับบ์', 'chuub', 'ชับ สามัคคี']"
42460485,วิริยะประกันภัย,non_life,"['วิริยะ', 'viriyah', 'วรย', 'วิริยา']"
42460485,วิริยะประกันภัย,non_life,"['วิริยะ', 'viriyah', 'วรย', 'วิริยา']"
42460485,ทิพยประกันภัย,non_life,"['ทิพย', 'ทิพยประกันภัย', 'dip', 'dhp', 'tip']"
42460485,ทิพยประกันภัย,non_life,"['ทิพย', 'ทิพยประกันภัย', 'dip', 'dhp', 'tip']"
42463009,,,
42464034,สินมั่นคง,non_life,"['สินมั่นคง', 'สินมั่งคง']"
42464034,สินมั่นคง,non_life,"['สินมั่นคง', 'สินมั่งคง']"
42464034,สินมั่นคง,non_life,"['สินมั่นคง', 'สินมั่งคง']"
42464034,ไทยประกันชีวิต,life,"['ไทยประกันชีวิต', 'ไทยประกัน']"
42464034,ไทยประกันชีวิต,life,"['ไทยประกันชีวิต', 'ไทยประกัน']"
42464034,ไทยประกันชีวิต,life,"['ไทยประกันชีวิต', 'ไทยประกัน']"
42464034,อาคเนย์,non_life,"['อาคเนย์', 'aekn']"
42464034,อาคเนย์,non_life,"['อาคเนย์', 'aekn']"
42464034,อาคเนย์,non_life,"['อาคเนย์', 'aekn']"
42464034,เอเชียประกันภัย,non_life,"['เอเชียประกันภัย', 'เอเชีย', 'asia']"
42464034,เอเชียประกันภัย,non_life,"['เอเชียประกันภัย', 'เอเชีย', 'asia']"
42464034,เอเชียประกันภัย,non_life,"['เอเชียประกันภัย', 'เอเชีย', 'asia']"
42464034,ไทยประกันภัย,non_life,['ไทยประกันภัย']
42464034,ไทยประกันภัย,non_life,['ไทยประกันภัย']
42464034,ไทยประกันภัย,non_life,['ไทยประกันภัย']
42464034,ANC,broker,"['anc', 'เอเอ็นซี']"
42464034,ANC,broker,"['anc', 'เอเอ็นซี']"
42464034,ANC,broker,"['anc', 'เอเอ็นซี']"
42464893,,,
42468097,ไทยวิวัฒน์,non_life,"['ไทยวิวัฒน์', 'thaivivat', 'ไทยวิวัตน์']"
42471523,,,
42474274,Allianz Ayudhya,life,"['allianz', 'อลิอันซ์', 'อลิอันซ์อยุธยา', 'azay', 'อริอันซ์ อยุธยา', 'อลิอันช์', 'alianz ayudhya', 'az y']"
42474697,Allianz Ayudhya,life,"['allianz', 'อลิอันซ์', 'อลิอันซ์อยุธยา', 'azay', 'อริอันซ์ อยุธยา', 'อลิอันช์', 'alianz ayudhya', 'az y']"
42475413,Krungthai AXA,non_life,"['กรุงไทยแอกซ่า', 'axa', 'แอกซ่า', 'แอกซา', 'เเอกซ่า', 'แอคซ่า', 'เเอคซา', 'กรุงไทยแอกซา', 'แอ๊คซ่า', 'แอ๊กซ่า', 'เเอกซ่า', 'axxa']"
42476416,,,
42478663,,,
42479184,วิริยะประกันภัย,non_life,"['วิริยะ', 'viriyah', 'วรย', 'วิริยา']"
42479184,วิริยะประกันภัย,non_life,"['วิริยะ', 'viriyah', 'วรย', 'วิริยา']"
42479184,AIA,life,"['aia', 'เอไอเอ']"
42479184,AIA,life,"['aia', 'เอไอเอ']"
42479184,Chubb,non_life,"['chubb', 'ชับบ์', 'chuub', 'ชับ สามัคคี']"
42479184,Chubb,non_life,"['chubb', 'ชับบ์', 'chuub', 'ชับ สามัคคี']"
42479831,,,
42481947,เงินติดล้อ,broker,['เงินติดล้อ']
42482284,เงินติดล้อ,broker,['เงินติดล้อ']
42483836,เมืองไทยประกันชีวิต,life,"['เมืองไทยประกันชีวิต', 'เมืองไทย', 'muangthai', 'mtl', 'ประกันชีวิตสีชมพู']"
42483836,ไทยประกันชีวิต,life,"['ไทยประกันชีวิต', 'ไทยประกัน']"
42488672,SCB,broker,"['scb', 'ไทยพาณิชย์', 'ไทยพานิชย์', 'ธนาคารสีม่วง', 'cardx']"
42488672,SCB,broker,"['scb', 'ไทยพาณิชย์', 'ไทยพานิชย์', 'ธนาคารสีม่วง', 'cardx']"
42488672,Chubb,non_life,"['chubb', 'ชับบ์', 'chuub', 'ชับ สามัคคี']"
42488672,Chubb,non_life,"['chubb', 'ชับบ์', 'chuub', 'ชับ สามัคคี']"
42490767,กรุงเทพประกันภัย,non_life,"['กรุงเทพประกันภัย', 'bangkok insurance', 'กรุงเทพ', 'bki']"
42490767,กรุงเทพประกันภัย,non_life,"['กรุงเทพประกันภัย', 'bangkok insurance', 'กรุงเทพ', 'bki']"
42490767,AIA,life,"['aia', 'เอไอเอ']"
42490767,AIA,life,"['aia', 'เอไอเอ']"
42490767,Chubb,non_life,"['chubb', 'ชับบ์', 'chuub', 'ชับ สามัคคี']"
42490767,Chubb,non_life,"['chubb', 'ชับบ์', 'chuub', 'ชับ สามัคคี']"
42491459,วิริยะประกันภัย,non_life,"['วิริยะ', 'viriyah', 'วรย', 'วิริยา']"
42491865,กรุงเทพประกันภัย,non_life,"['กรุงเทพประกันภัย', 'bangkok insurance', 'กรุงเทพ', 'bki']"
42491865,กรุงเทพประกันภัย,non_life,"['กรุงเทพประกันภัย', 'bangkok insurance', 'กรุงเทพ', 'bki']"
42491865,AIA,life,"['aia', 'เอไอเอ']"
42491865,AIA,life,"['aia', 'เอไอเอ']"
42494871,วิริยะประกันภัย,non_life,"['วิริยะ', 'viriyah', 'วรย', 'วิริยา']"
42497289,เทเวศประกันภัย,non_life,['เทเวศ']
42500130,,,
42504921,,,
42506433,AIG,non_life,"['aig', 'เอไอจี']"
42506433,AIG,non_life,"['aig', 'เอไอจี']"
42506433,KTC,broker,"['บัตรกรุงไทย', 'ktc']"
42506433,KTC,broker,"['บัตรกรุงไทย', 'ktc']"
42507531,Chubb,non_life,"['chubb', 'ชับบ์', 'chuub', 'ชับ สามัคคี']"
42507531,Chubb,non_life,"['chubb', 'ชับบ์', 'chuub', 'ชับ สามัคคี']"
42507531,AIA,life,"['aia', 'เอไอเอ']"
42507531,AIA,life,"['aia', 'เอไอเอ']"
42507531,ไทยประกันชีวิต,life,"['ไทยประกันชีวิต', 'ไทยประกัน']"
42507531,ไทยประกันชีวิต,life,"['ไทยประกันชีวิต', 'ไทยประกัน']"
42508087,,,
42508658,Chubb,non_life,"['chubb', 'ชับบ์', 'chuub', 'ชับ สามัคคี']"
42514824,ธ.ก.ส.,broker,"['ธ.ก.ส.', 'ธกส']"
42515484,,,
42516432,AEON,broker,"['aeon', 'อิออน']"
42516957,Chubb,non_life,"['chubb', 'ชับบ์', 'chuub', 'ชับ สามัคคี']"
42517498,,,
42518764,,,
42519842,วิริยะประกันภัย,non_life,"['วิริยะ', 'viriyah', 'วรย', 'วิริยา']"
42520754,Chubb,non_life,"['chubb', 'ชับบ์', 'chuub', 'ชับ สามัคคี']"
42524371,AEON,broker,"['aeon', 'อิออน']"
42527236,คุ้มภัยโตเกียวมารีน,non_life,"['ประกันคุ้มภัย', 'คุ้มภัย', 'คภ.', 'โตเกียวมารีน', 'tokio marine']"
42527605,,,
42530329,Chubb,non_life,"['chubb', 'ชับบ์', 'chuub', 'ชับ สามัคคี']"
42531681,,,
42532298,,,
42534289,Chubb,non_life,"['chubb', 'ชับบ์', 'chuub', 'ชับ สามัคคี']"
42534289,Chubb,non_life,"['chubb', 'ชับบ์', 'chuub', 'ชับ สามัคคี']"
42534289,SCB,broker,"['scb', 'ไทยพาณิชย์', 'ไทยพานิชย์', 'ธนาคารสีม่วง', 'cardx']"
42534289,SCB,broker,"['scb', 'ไทยพาณิชย์', 'ไทยพานิชย์', 'ธนาคารสีม่วง', 'cardx']"
42534457,Insurverse,broker,"['Insurverse', 'อินชัวร์เวิร์ส']"
42534457,Insurverse,broker,"['Insurverse', 'อินชัวร์เวิร์ส']"
42534457,ทิพยประกันภัย,non_life,"['ทิพย', 'ทิพยประกันภัย', 'dip', 'dhp', 'tip']"
42534457,ทิพยประกันภัย,non_life,"['ทิพย', 'ทิพยประกันภัย', 'dip', 'dhp', 'tip']"
42536943,Allianz Ayudhya,life,"['allianz', 'อลิอันซ์', 'อลิอันซ์อยุธยา', 'azay', 'อริอันซ์ อยุธยา', 'อลิอันช์', 'alianz ayudhya', 'az y']"
42536943,Allianz Ayudhya,life,"['allianz', 'อลิอันซ์', 'อลิอันซ์อยุธยา', 'azay', 'อริอันซ์ อยุธยา', 'อลิอันช์', 'alianz ayudhya', 'az y']"
42536943,Allianz Ayudhya,life,"['allianz', 'อลิอันซ์', 'อลิอันซ์อยุธยา', 'azay', 'อริอันซ์ อยุธยา', 'อลิอันช์', 'alianz ayudhya', 'az y']"
42536943,Chubb,non_life,"['chubb', 'ชับบ์', 'chuub', 'ชับ สามัคคี']"
42536943,Chubb,non_life,"['chubb', 'ชับบ์', 'chuub', 'ชับ สามัคคี']"
42536943,Chubb,non_life,"['chubb', 'ชับบ์', 'chuub', 'ชับ สามัคคี']"
42536943,Krungsri First Choice,broker,"['first choice', 'กรุงศรี เฟิร์สช้อยส์', 'กรุงศรีเฟิร์สช้อย', 'เฟิสช้อย', 'เฟริสช้อย']"
42536943,Krungsri First Choice,broker,"['first choice', 'กรุงศรี เฟิร์สช้อยส์', 'กรุงศรีเฟิร์สช้อย', 'เฟิสช้อย', 'เฟริสช้อย']"
42536943,Krungsri First Choice,broker,"['first choice', 'กรุงศรี เฟิร์สช้อยส์', 'กรุงศรีเฟิร์สช้อย', 'เฟิสช้อย', 'เฟริสช้อย']"
42539173,,,
42543120,Krungthai AXA,non_life,"['กรุงไทยแอกซ่า', 'axa', 'แอกซ่า', 'แอกซา', 'เเอกซ่า', 'แอคซ่า', 'เเอคซา', 'กรุงไทยแอกซา', 'แอ๊คซ่า', 'แอ๊กซ่า', 'เเอกซ่า', 'axxa']"
42543628,,,
42545273,กรุงเทพประกันภัย,non_life,"['กรุงเทพประกันภัย', 'bangkok insurance', 'กรุงเทพ', 'bki']"
42545276,,,
42546160,,,
42548769,Chubb,non_life,"['chubb', 'ชับบ์', 'chuub', 'ชับ สามัคคี']"
42548769,Chubb,non_life,"['chubb', 'ชับบ์', 'chuub', 'ชับ สามัคคี']"
42548769,Krungsri First Choice,broker,"['first choice', 'กรุงศรี เฟิร์สช้อยส์', 'กรุงศรีเฟิร์สช้อย', 'เฟิสช้อย', 'เฟริสช้อย']"
42548769,Krungsri First Choice,broker,"['first choice', 'กรุงศรี เฟิร์สช้อยส์', 'กรุงศรีเฟิร์สช้อย', 'เฟิสช้อย', 'เฟริสช้อย']"
42549006,Allianz Ayudhya,life,"['allianz', 'อลิอันซ์', 'อลิอันซ์อยุธยา', 'azay', 'อริอันซ์ อยุธยา', 'อลิอันช์', 'alianz ayudhya', 'az y']"
42550188,ธนชาตประกันภัย,non_life,"['ธนชาตประกันภัย', 'ธนชาต', 'ธนชาติ', 'ประกันภัยสีส้ม']"
42557592,Krungthai AXA,non_life,"['กรุงไทยแอกซ่า', 'axa', 'แอกซ่า', 'แอกซา', 'เเอกซ่า', 'แอคซ่า', 'เเอคซา', 'กรุงไทยแอกซา', 'แอ๊คซ่า', 'แอ๊กซ่า', 'เเอกซ่า', 'axxa']"
42559110,,,
42559552,,,
42563841,,,
42564728,AIA,life,"['aia', 'เอไอเอ']"
42564993,,,
42565215,,,
42565358,,,
42569235,Krungthai AXA,non_life,"['กรุงไทยแอกซ่า', 'axa', 'แอกซ่า', 'แอกซา', 'เเอกซ่า', 'แอคซ่า', 'เเอคซา', 'กรุงไทยแอกซา', 'แอ๊คซ่า', 'แอ๊กซ่า', 'เเอกซ่า', 'axxa']"
42572138,,,
42573561,สินมั่นคง,non_life,"['สินมั่นคง', 'สินมั่งคง']"
42574190,,,
42574411,Chubb,non_life,"['chubb', 'ชับบ์', 'chuub', 'ชับ สามัคคี']"
42575184,Allianz Ayudhya,life,"['allianz', 'อลิอันซ์', 'อลิอันซ์อยุธยา', 'azay', 'อริอันซ์ อยุธยา', 'อลิอันช์', 'alianz ayudhya', 'az y']"
42575184,Allianz Ayudhya,life,"['allianz', 'อลิอันซ์', 'อลิอันซ์อยุธยา', 'azay', 'อริอันซ์ อยุธยา', 'อลิอันช์', 'alianz ayudhya', 'az y']"
42575184,AEON,broker,"['aeon', 'อิออน']"
42575184,AEON,broker,"['aeon', 'อิออน']"
42576704,วิริยะประกันภัย,non_life,"['วิริยะ', 'viriyah', 'วรย', 'วิริยา']"
42577224,,,
42586323,,,
42587684,Chubb,non_life,"['chubb', 'ชับบ์', 'chuub', 'ชับ สามัคคี']"
42589691,,,
42597265,Chubb,non_life,"['chubb', 'ชับบ์', 'chuub', 'ชับ สามัคคี']"
42597318,Allianz Ayudhya,life,"['allianz', 'อลิอันซ์', 'อลิอันซ์อยุธยา', 'azay', 'อริอันซ์ อยุธยา', 'อลิอันช์', 'alianz ayudhya', 'az y']"
42597318,Allianz Ayudhya,life,"['allianz', 'อลิอันซ์', 'อลิอันซ์อยุธยา', 'azay', 'อริอันซ์ อยุธยา', 'อลิอันช์', 'alianz ayudhya', 'az y']"
42597318,ANC,broker,"['anc', 'เอเอ็นซี']"
42597318,ANC,broker,"['anc', 'เอเอ็นซี']"
42597451,,,
42599560,Generali,non_life,"['generali', 'เจนเนอราลี่']"
42601082,Chubb,non_life,"['chubb', 'ชับบ์', 'chuub', 'ชับ สามัคคี']"
42603216,Generali,non_life,"['generali', 'เจนเนอราลี่']"
42603216,Generali,non_life,"['generali', 'เจนเนอราลี่']"
42603216,AIA,life,"['aia', 'เอไอเอ']"
42603216,AIA,life,"['aia', 'เอไอเอ']"
42603216,Allianz Ayudhya,life,"['allianz', 'อลิอันซ์', 'อลิอันซ์อยุธยา', 'azay', 'อริอันซ์ อยุธยา', 'อลิอันช์', 'alianz ayudhya', 'az y']"
42603216,Allianz Ayudhya,life,"['allianz', 'อลิอันซ์', 'อลิอันซ์อยุธยา', 'azay', 'อริอันซ์ อยุธยา', 'อลิอันช์', 'alianz ayudhya', 'az y']"
42603752,Chubb,non_life,"['chubb', 'ชับบ์', 'chuub', 'ชับ สามัคคี']"
42603752,Chubb,non_life,"['chubb', 'ชับบ์', 'chuub', 'ชับ สามัคคี']"
42603752,ANC,broker,"['anc', 'เอเอ็นซี']"
42603752,ANC,broker,"['anc', 'เอเอ็นซี']"
42603752,SCB,broker,"['scb', 'ไทยพาณิชย์', 'ไทยพานิชย์', 'ธนาคารสีม่วง', 'cardx']"
42603752,SCB,broker,"['scb', 'ไทยพาณิชย์', 'ไทยพานิชย์', 'ธนาคารสีม่วง', 'cardx']"
42606879,เมืองไทยประกันชีวิต,life,"['เมืองไทยประกันชีวิต', 'เมืองไทย', 'muangthai', 'mtl', 'ประกันชีวิตสีชมพู']"
42606879,ไทยประกันชีวิต,life,"['ไทยประกันชีวิต', 'ไทยประกัน']"
42609980,,,
42616637,,,
42617898,,,
42618466,TQM,broker,"['tqm', 'ทีคิวเอ็ม']"
42619263,,,
42626812,ทิพยประกันภัย,non_life,"['ทิพย', 'ทิพยประกันภัย', 'dip', 'dhp', 'tip']"
42627853,ทิพยประกันภัย,non_life,"['ทิพย', 'ทิพยประกันภัย', 'dip', 'dhp', 'tip']"
42634067,,,
42634201,สินมั่นคง,non_life,"['สินมั่นคง', 'สินมั่งคง']"
42638362,,,
42639475,,,
42639490,ANC,broker,"['anc', 'เอเอ็นซี']"
42639490,ANC,broker,"['anc', 'เอเอ็นซี']"
42639490,True Money,broker,['truemoney']
42639490,True Money,broker,['truemoney']
42639490,วิริยะประกันภัย,non_life,"['วิริยะ', 'viriyah', 'วรย', 'วิริยา']"
42639490,วิริยะประกันภัย,non_life,"['วิริยะ', 'viriyah', 'วรย', 'วิริยา']"
42639836,Allianz Ayudhya,life,"['allianz', 'อลิอันซ์', 'อลิอันซ์อยุธยา', 'azay', 'อริอันซ์ อยุธยา', 'อลิอันช์', 'alianz ayudhya', 'az y']"
42643584,กรุงเทพประกันภัย,non_life,"['กรุงเทพประกันภัย', 'bangkok insurance', 'กรุงเทพ', 'bki']"
42643584,AIOI,non_life,"['aioi', 'ไอโออิ']"
42645941,,,
42652395,ทิพยประกันภัย,non_life,"['ทิพย', 'ทิพยประกันภัย', 'dip', 'dhp', 'tip']"
42660160,,,
42665678,สยามสไมล์,broker,['สยามสไมล์']
42670569,Chubb,non_life,"['chubb', 'ชับบ์', 'chuub', 'ชับ สามัคคี']"
42670569,Chubb,non_life,"['chubb', 'ชับบ์', 'chuub', 'ชับ สามัคคี']"
42670569,SCB,broker,"['scb', 'ไทยพาณิชย์', 'ไทยพานิชย์', 'ธนาคารสีม่วง', 'cardx']"
42670569,SCB,broker,"['scb', 'ไทยพาณิชย์', 'ไทยพานิชย์', 'ธนาคารสีม่วง', 'cardx']"
42671613,FWD,life,"['fwd', 'เอฟดับบลิวดี', 'fwd ประกันชีวิต']"
42671613,FWD,life,"['fwd', 'เอฟดับบลิวดี', 'fwd ประกันชีวิต']"
42671613,Krungthai AXA,non_life,"['กรุงไทยแอกซ่า', 'axa', 'แอกซ่า', 'แอกซา', 'เเอกซ่า', 'แอคซ่า', 'เเอคซา', 'กรุงไทยแอกซา', 'แอ๊คซ่า', 'แอ๊กซ่า', 'เเอกซ่า', 'axxa']"
42671613,Krungthai AXA,non_life,"['กรุงไทยแอกซ่า', 'axa', 'แอกซ่า', 'แอกซา', 'เเอกซ่า', 'แอคซ่า', 'เเอคซา', 'กรุงไทยแอกซา', 'แอ๊คซ่า', 'แอ๊กซ่า', 'เเอกซ่า', 'axxa']"
42673675,SCB,broker,"['scb', 'ไทยพาณิชย์', 'ไทยพานิชย์', 'ธนาคารสีม่วง', 'cardx']"
42677602,Chubb,non_life,"['chubb', 'ชับบ์', 'chuub', 'ชับ สามัคคี']"
42677602,Chubb,non_life,"['chubb', 'ชับบ์', 'chuub', 'ชับ สามัคคี']"
42677602,KTC,broker,"['บัตรกรุงไทย', 'ktc']"
42677602,KTC,broker,"['บัตรกรุงไทย', 'ktc']"
42679710,วิริยะประกันภัย,non_life,"['วิริยะ', 'viriyah', 'วรย', 'วิริยา']"
42682937,ทิพยประกันภัย,non_life,"['ทิพย', 'ทิพยประกันภัย', 'dip', 'dhp', 'tip']"
42684045,Generali,non_life,"['generali', 'เจนเนอราลี่']"
42684081,,,
42685046,AEON,broker,"['aeon', 'อิออน']"
42685046,AEON,broker,"['aeon', 'อิออน']"
42685046,Allianz Ayudhya,life,"['allianz', 'อลิอันซ์', 'อลิอันซ์อยุธยา', 'azay', 'อริอันซ์ อยุธยา', 'อลิอันช์', 'alianz ayudhya', 'az y']"
42685046,Allianz Ayudhya,life,"['allianz', 'อลิอันซ์', 'อลิอันซ์อยุธยา', 'azay', 'อริอันซ์ อยุธยา', 'อลิอันช์', 'alianz ayudhya', 'az y']"
42685189,,,
42685351,AIA,life,"['aia', 'เอไอเอ']"
42685753,ANC,broker,"['anc', 'เอเอ็นซี']"
42689899,วิริยะประกันภัย,non_life,"['วิริยะ', 'viriyah', 'วรย', 'วิริยา']"
42691241,AIA,life,"['aia', 'เอไอเอ']"
42691241,AIA,life,"['aia', 'เอไอเอ']"
42691241,ทิพยประกันภัย,non_life,"['ทิพย', 'ทิพยประกันภัย', 'dip', 'dhp', 'tip']"
42691241,ทิพยประกันภัย,non_life,"['ทิพย', 'ทิพยประกันภัย', 'dip', 'dhp', 'tip']"
42692008,,,
42692547,ไทยประกันชีวิต,life,"['ไทยประกันชีวิต', 'ไทยประกัน']"
42693275,,,
42695803,,,
42697307,Chubb,non_life,"['chubb', 'ชับบ์', 'chuub', 'ชับ สามัคคี']"
42698797,AIA,life,"['aia', 'เอไอเอ']"
42701580,,,
42702155,เมืองไทยประกันชีวิต,life,"['เมืองไทยประกันชีวิต', 'เมืองไทย', 'muangthai', 'mtl', 'ประกันชีวิตสีชมพู']"
42702155,ไทยประกันชีวิต,life,"['ไทยประกันชีวิต', 'ไทยประกัน']"
42708519,Chubb,non_life,"['chubb', 'ชับบ์', 'chuub', 'ชับ สามัคคี']"
42710228,เมืองไทยประกันชีวิต,life,"['เมืองไทยประกันชีวิต', 'เมืองไทย', 'muangthai', 'mtl', 'ประกันชีวิตสีชมพู']"
42710228,เมืองไทยประกันชีวิต,life,"['เมืองไทยประกันชีวิต', 'เมืองไทย', 'muangthai', 'mtl', 'ประกันชีวิตสีชมพู']"
42710228,ไทยประกันชีวิต,life,"['ไทยประกันชีวิต', 'ไทยประกัน']"
42710228,ไทยประกันชีวิต,life,"['ไทยประกันชีวิต', 'ไทยประกัน']"
42710228,เมืองไทยประกันภัย,non_life,['เมืองไทยประกันภัย']
42710228,เมืองไทยประกันภัย,non_life,['เมืองไทยประกันภัย']
42710228,ไทยประกันภัย,non_life,['ไทยประกันภัย']
42710228,ไทยประกันภัย,non_life,['ไทยประกันภัย']
42710662,Allianz Ayudhya,life,"['allianz', 'อลิอันซ์', 'อลิอันซ์อยุธยา', 'azay', 'อริอันซ์ อยุธยา', 'อลิอันช์', 'alianz ayudhya', 'az y']"
42711901,Generali,non_life,"['generali', 'เจนเนอราลี่']"
42712100,AIA,life,"['aia', 'เอไอเอ']"
42712100,ไทยประกันชีวิต,life,"['ไทยประกันชีวิต', 'ไทยประกัน']"
42712100,FWD,life,"['fwd', 'เอฟดับบลิวดี', 'fwd ประกันชีวิต']"
42712100,Allianz Ayudhya,life,"['allianz', 'อลิอันซ์', 'อลิอันซ์อยุธยา', 'azay', 'อริอันซ์ อยุธยา', 'อลิอันช์', 'alianz ayudhya', 'az y']"
42712545,รู้ใจประกันภัย,non_life,"['รู้ใจประกันภัย', 'ประกันรู้ใจ', 'ประกันจิงโจ้', 'roo jai', 'roojai']"
42712950,,,
42712963,วิริยะประกันภัย,non_life,"['วิริยะ', 'viriyah', 'วรย', 'วิริยา']"
42713194,,,
42717891,เมืองไทยประกันชีวิต,life,"['เมืองไทยประกันชีวิต', 'เมืองไทย', 'muangthai', 'mtl', 'ประกันชีวิตสีชมพู']"
42717891,เมืองไทยประกันชีวิต,life,"['เมืองไทยประกันชีวิต', 'เมืองไทย', 'muangthai', 'mtl', 'ประกันชีวิตสีชมพู']"
42717891,ไทยประกันชีวิต,life,"['ไทยประกันชีวิต', 'ไทยประกัน']"
42717891,ไทยประกันชีวิต,life,"['ไทยประกันชีวิต', 'ไทยประกัน']"
42717891,กรุงเทพประกันภัย,non_life,"['กรุงเทพประกันภัย', 'bangkok insurance', 'กรุงเทพ', 'bki']"
42717891,กรุงเทพประกันภัย,non_life,"['กรุงเทพประกันภัย', 'bangkok insurance', 'กรุงเทพ', 'bki']"
42717891,เมืองไทยประกันภัย,non_life,['เมืองไทยประกันภัย']
42717891,เมืองไทยประกันภัย,non_life,['เมืองไทยประกันภัย']
42717891,ทิพยประกันภัย,non_life,"['ทิพย', 'ทิพยประกันภัย', 'dip', 'dhp', 'tip']"
42717891,ทิพยประกันภัย,non_life,"['ทิพย', 'ทิพยประกันภัย', 'dip', 'dhp', 'tip']"
42717891,ไทยประกันภัย,non_life,['ไทยประกันภัย']
42717891,ไทยประกันภัย,non_life,['ไทยประกันภัย']
42722231,Chubb,non_life,"['chubb', 'ชับบ์', 'chuub', 'ชับ สามัคคี']"
42722231,Chubb,non_life,"['chubb', 'ชับบ์', 'chuub', 'ชับ สามัคคี']"
42722231,ธนาคารกรุงไทย,broker,['ธนาคารกรุงไทย']
42722231,ธนาคารกรุงไทย,broker,['ธนาคารกรุงไทย']
42722392,Chubb,non_life,"['chubb', 'ชับบ์', 'chuub', 'ชับ สามัคคี']"
42724115,,,
42725575,Chubb,non_life,"['chubb', 'ชับบ์', 'chuub', 'ชับ สามัคคี']"
42725704,,,
42727708,,,
42728648,,,
42730527,ไทยวิวัฒน์,non_life,"['ไทยวิวัฒน์', 'thaivivat', 'ไทยวิวัตน์']"
42732349,Cigna,life,"['cigna', 'ซิกน่า', 'ซิกม่า']"
42732349,Cigna,life,"['cigna', 'ซิกน่า', 'ซิกม่า']"
42732349,Cigna,life,"['cigna', 'ซิกน่า', 'ซิกม่า']"
42732349,Chubb,non_life,"['chubb', 'ชับบ์', 'chuub', 'ชับ สามัคคี']"
42732349,Chubb,non_life,"['chubb', 'ชับบ์', 'chuub', 'ชับ สามัคคี']"
42732349,Chubb,non_life,"['chubb', 'ชับบ์', 'chuub', 'ชับ สามัคคี']"
42732349,ทหารไทยธนชาต,broker,"['ทหารไทยธนชาต', 'ttb', 'tmb', 'ธนาคารทหารไทย', 'ทหารไทย']"
42732349,ทหารไทยธนชาต,broker,"['ทหารไทยธนชาต', 'ttb', 'tmb', 'ธนาคารทหารไทย', 'ทหารไทย']"
42732349,ทหารไทยธนชาต,broker,"['ทหารไทยธนชาต', 'ttb', 'tmb', 'ธนาคารทหารไทย', 'ทหารไทย']"
42732976,Chubb,non_life,"['chubb', 'ชับบ์', 'chuub', 'ชับ สามัคคี']"
42732976,Chubb,non_life,"['chubb', 'ชับบ์', 'chuub', 'ชับ สามัคคี']"
42732976,SCB,broker,"['scb', 'ไทยพาณิชย์', 'ไทยพานิชย์', 'ธนาคารสีม่วง', 'cardx']"
42732976,SCB,broker,"['scb', 'ไทยพาณิชย์', 'ไทยพานิชย์', 'ธนาคารสีม่วง', 'cardx']"
42734190,,,
42737431,Chubb,non_life,"['chubb', 'ชับบ์', 'chuub', 'ชับ สามัคคี']"
42740719,,,
42741616,Chubb,non_life,"['chubb', 'ชับบ์', 'chuub', 'ชับ สามัคคี']"
42741616,Chubb,non_life,"['chubb', 'ชับบ์', 'chuub', 'ชับ สามัคคี']"
42741616,SCB,broker,"['scb', 'ไทยพาณิชย์', 'ไทยพานิชย์', 'ธนาคารสีม่วง', 'cardx']"
42741616,SCB,broker,"['scb', 'ไทยพาณิชย์', 'ไทยพานิชย์', 'ธนาคารสีม่วง', 'cardx']"
42741946,Chubb,non_life,"['chubb', 'ชับบ์', 'chuub', 'ชับ สามัคคี']"
42746481,KTC,broker,"['บัตรกรุงไทย', 'ktc']"
42753081,Krungthai AXA,non_life,"['กรุงไทยแอกซ่า', 'axa', 'แอกซ่า', 'แอกซา', 'เเอกซ่า', 'แอคซ่า', 'เเอคซา', 'กรุงไทยแอกซา', 'แอ๊คซ่า', 'แอ๊กซ่า', 'เเอกซ่า', 'axxa']"
42753081,Krungthai AXA,non_life,"['กรุงไทยแอกซ่า', 'axa', 'แอกซ่า', 'แอกซา', 'เเอกซ่า', 'แอคซ่า', 'เเอคซา', 'กรุงไทยแอกซา', 'แอ๊คซ่า', 'แอ๊กซ่า', 'เเอกซ่า', 'axxa']"
42753081,เมืองไทยประกันชีวิต,life,"['เมืองไทยประกันชีวิต', 'เมืองไทย', 'muangthai', 'mtl', 'ประกันชีวิตสีชมพู']"
42753081,เมืองไทยประกันชีวิต,life,"['เมืองไทยประกันชีวิต', 'เมืองไทย', 'muangthai', 'mtl', 'ประกันชีวิตสีชมพู']"
42756698,Allianz Ayudhya,life,"['allianz', 'อลิอันซ์', 'อลิอันซ์อยุธยา', 'azay', 'อริอันซ์ อยุธยา', 'อลิอันช์', 'alianz ayudhya', 'az y']"
42756698,Allianz Ayudhya,life,"['allianz', 'อลิอันซ์', 'อลิอันซ์อยุธยา', 'azay', 'อริอันซ์ อยุธยา', 'อลิอันช์', 'alianz ayudhya', 'az y']"
42756698,AEON,broker,"['aeon', 'อิออน']"
42756698,AEON,broker,"['aeon', 'อิออน']"
42758720,Chubb,non_life,"['chubb', 'ชับบ์', 'chuub', 'ชับ สามัคคี']"
42764888,Allianz Ayudhya,life,"['allianz', 'อลิอันซ์', 'อลิอันซ์อยุธยา', 'azay', 'อริอันซ์ อยุธยา', 'อลิอันช์', 'alianz ayudhya', 'az y']"
42770205,ทิพยประกันภัย,non_life,"['ทิพย', 'ทิพยประกันภัย', 'dip', 'dhp', 'tip']"
42770205,ทิพยประกันภัย,non_life,"['ทิพย', 'ทิพยประกันภัย', 'dip', 'dhp', 'tip']"
42770205,ธนาคารกรุงไทย,broker,['ธนาคารกรุงไทย']
42770205,ธนาคารกรุงไทย,broker,['ธนาคารกรุงไทย']
42770967,,,
42771369,สินมั่นคง,non_life,"['สินมั่นคง', 'สินมั่งคง']"
42771369,วิริยะประกันภัย,non_life,"['วิริยะ', 'viriyah', 'วรย', 'วิริยา']"
42773408,Chubb,non_life,"['chubb', 'ชับบ์', 'chuub', 'ชับ สามัคคี']"
42773408,Chubb,non_life,"['chubb', 'ชับบ์', 'chuub', 'ชับ สามัคคี']"
42773408,Krungsri First Choice,broker,"['first choice', 'กรุงศรี เฟิร์สช้อยส์', 'กรุงศรีเฟิร์สช้อย', 'เฟิสช้อย', 'เฟริสช้อย']"
42773408,Krungsri First Choice,broker,"['first choice', 'กรุงศรี เฟิร์สช้อยส์', 'กรุงศรีเฟิร์สช้อย', 'เฟิสช้อย', 'เฟริสช้อย']"
42776083,รู้ใจประกันภัย,non_life,"['รู้ใจประกันภัย', 'ประกันรู้ใจ', 'ประกันจิงโจ้', 'roo jai', 'roojai']"
42776679,,,
42780357,ธนชาตประกันภัย,non_life,"['ธนชาตประกันภัย', 'ธนชาต', 'ธนชาติ', 'ประกันภัยสีส้ม']"
42783453,Allianz Ayudhya,life,"['allianz', 'อลิอันซ์', 'อลิอันซ์อยุธยา', 'azay', 'อริอันซ์ อยุธยา', 'อลิอันช์', 'alianz ayudhya', 'az y']"
42788674,,,
42791041,Luma Care,broker,['Luma']
42793487,,,
42797188,Chubb,non_life,"['chubb', 'ชับบ์', 'chuub', 'ชับ สามัคคี']"
42798710,FWD,life,"['fwd', 'เอฟดับบลิวดี', 'fwd ประกันชีวิต']"
42798710,FWD,life,"['fwd', 'เอฟดับบลิวดี', 'fwd ประกันชีวิต']"
42798710,ทิพยประกันภัย,non_life,"['ทิพย', 'ทิพยประกันภัย', 'dip', 'dhp', 'tip']"
42798710,ทิพยประกันภัย,non_life,"['ทิพย', 'ทิพยประกันภัย', 'dip', 'dhp', 'tip']"
42801158,KTC,broker,"['บัตรกรุงไทย', 'ktc']"
42801158,KTC,broker,"['บัตรกรุงไทย', 'ktc']"
42801158,ANC,broker,"['anc', 'เอเอ็นซี']"
42801158,ANC,broker,"['anc', 'เอเอ็นซี']"
42801158,ไทยประกันชีวิต,life,"['ไทยประกันชีวิต', 'ไทยประกัน']"
42801158,ไทยประกันชีวิต,life,"['ไทยประกันชีวิต', 'ไทยประกัน']"
42801543,Cigna,life,"['cigna', 'ซิกน่า', 'ซิกม่า']"
42803077,Allianz Ayudhya,life,"['allianz', 'อลิอันซ์', 'อลิอันซ์อยุธยา', 'azay', 'อริอันซ์ อยุธยา', 'อลิอันช์', 'alianz ayudhya', 'az y']"
42803077,Allianz Ayudhya,life,"['allianz', 'อลิอันซ์', 'อลิอันซ์อยุธยา', 'azay', 'อริอันซ์ อยุธยา', 'อลิอันช์', 'alianz ayudhya', 'az y']"
42803077,Krungsri First Choice,broker,"['first choice', 'กรุงศรี เฟิร์สช้อยส์', 'กรุงศรีเฟิร์สช้อย', 'เฟิสช้อย', 'เฟริสช้อย']"
42803077,Krungsri First Choice,broker,"['first choice', 'กรุงศรี เฟิร์สช้อยส์', 'กรุงศรีเฟิร์สช้อย', 'เฟิสช้อย', 'เฟริสช้อย']"
42803832,คุ้มภัยโตเกียวมารีน,non_life,"['ประกันคุ้มภัย', 'คุ้มภัย', 'คภ.', 'โตเกียวมารีน', 'tokio marine']"
42809643,,,
42809662,Allianz Ayudhya,life,"['allianz', 'อลิอันซ์', 'อลิอันซ์อยุธยา', 'azay', 'อริอันซ์ อยุธยา', 'อลิอันช์', 'alianz ayudhya', 'az y']"
42811716,SCB,broker,"['scb', 'ไทยพาณิชย์', 'ไทยพานิชย์', 'ธนาคารสีม่วง', 'cardx']"
42811716,Ark Insure,broker,"['ark insure', 'อาร์ค', 'ark']"
42812214,วิริยะประกันภัย,non_life,"['วิริยะ', 'viriyah', 'วรย', 'วิริยา']"
42813787,,,
42815155,Chubb,non_life,"['chubb', 'ชับบ์', 'chuub', 'ชับ สามัคคี']"
42817118,คุ้มภัยโตเกียวมารีน,non_life,"['ประกันคุ้มภัย', 'คุ้มภัย', 'คภ.', 'โตเกียวมารีน', 'tokio marine']"
42819116,Cigna,life,"['cigna', 'ซิกน่า', 'ซิกม่า']"
42819116,Cigna,life,"['cigna', 'ซิกน่า', 'ซิกม่า']"
42819116,Chubb,non_life,"['chubb', 'ชับบ์', 'chuub', 'ชับ สามัคคี']"
42819116,Chubb,non_life,"['chubb', 'ชับบ์', 'chuub', 'ชับ สามัคคี']"
42820859,,,
42823638,ไทยวิวัฒน์,non_life,"['ไทยวิวัฒน์', 'thaivivat', 'ไทยวิวัตน์']"
42824196,,,
42824552,,,
42826319,,,
42831011,วิริยะประกันภัย,non_life,"['วิริยะ', 'viriyah', 'วรย', 'วิริยา']"
42831099,ANC,broker,"['anc', 'เอเอ็นซี']"
42831977,Chubb,non_life,"['chubb', 'ชับบ์', 'chuub', 'ชับ สามัคคี']"
42834653,Chubb,non_life,"['chubb', 'ชับบ์', 'chuub', 'ชับ สามัคคี']"
42834653,Chubb,non_life,"['chubb', 'ชับบ์', 'chuub', 'ชับ สามัคคี']"
42834653,ธนาคารกรุงไทย,broker,['ธนาคารกรุงไทย']
42834653,ธนาคารกรุงไทย,broker,['ธนาคารกรุงไทย']
42839016,เมืองไทยประกันชีวิต,life,"['เมืองไทยประกันชีวิต', 'เมืองไทย', 'muangthai', 'mtl', 'ประกันชีวิตสีชมพู']"
42839060,สินมั่นคง,non_life,"['สินมั่นคง', 'สินมั่งคง']"
42839060,สินมั่นคง,non_life,"['สินมั่นคง', 'สินมั่งคง']"
42839060,ไทยประกันชีวิต,life,"['ไทยประกันชีวิต', 'ไทยประกัน']"
42839060,ไทยประกันชีวิต,life,"['ไทยประกันชีวิต', 'ไทยประกัน']"
42839060,อาคเนย์,non_life,"['อาคเนย์', 'aekn']"
42839060,อาคเนย์,non_life,"['อาคเนย์', 'aekn']"
42839060,เอเชียประกันภัย,non_life,"['เอเชียประกันภัย', 'เอเชีย', 'asia']"
42839060,เอเชียประกันภัย,non_life,"['เอเชียประกันภัย', 'เอเชีย', 'asia']"
42839060,ไทยประกันภัย,non_life,['ไทยประกันภัย']
42839060,ไทยประกันภัย,non_life,['ไทยประกันภัย']
42839060,เจ้าพระยาประกันภัย,non_life,"['เจ้าพระยาประกันภัย', 'เจ้าพระยา']"
42839060,เจ้าพระยาประกันภัย,non_life,"['เจ้าพระยาประกันภัย', 'เจ้าพระยา']"
42839969,,,
42840605,Allianz Ayudhya,life,"['allianz', 'อลิอันซ์', 'อลิอันซ์อยุธยา', 'azay', 'อริอันซ์ อยุธยา', 'อลิอันช์', 'alianz ayudhya', 'az y']"
42840987,,,
42843301,,,
42843582,MSIG,non_life,"['msig', 'เอ็มเอสไอจี']"
42843582,MSIG,non_life,"['msig', 'เอ็มเอสไอจี']"
42843582,Chubb,non_life,"['chubb', 'ชับบ์', 'chuub', 'ชับ สามัคคี']"
42843582,Chubb,non_life,"['chubb', 'ชับบ์', 'chuub', 'ชับ สามัคคี']"
42843582,AIS,broker,['ais']
42843582,AIS,broker,['ais']
42844078,ไทยประกันชีวิต,life,"['ไทยประกันชีวิต', 'ไทยประกัน']"
42846169,,,
42849253,FWD,life,"['fwd', 'เอฟดับบลิวดี', 'fwd ประกันชีวิต']"
42849633,วิริยะประกันภัย,non_life,"['วิริยะ', 'viriyah', 'วรย', 'วิริยา']"
42849803,ธนาคารกรุงไทย,broker,['ธนาคารกรุงไทย']
42851573,Allianz Ayudhya,life,"['allianz', 'อลิอันซ์', 'อลิอันซ์อยุธยา', 'azay', 'อริอันซ์ อยุธยา', 'อลิอันช์', 'alianz ayudhya', 'az y']"
42851580,Allianz Ayudhya,life,"['allianz', 'อลิอันซ์', 'อลิอันซ์อยุธยา', 'azay', 'อริอันซ์ อยุธยา', 'อลิอันช์', 'alianz ayudhya', 'az y']"
42851580,Allianz Ayudhya,life,"['allianz', 'อลิอันซ์', 'อลิอันซ์อยุธยา', 'azay', 'อริอันซ์ อยุธยา', 'อลิอันช์', 'alianz ayudhya', 'az y']"
42851580,Krungthai AXA,non_life,"['กรุงไทยแอกซ่า', 'axa', 'แอกซ่า', 'แอกซา', 'เเอกซ่า', 'แอคซ่า', 'เเอคซา', 'กรุงไทยแอกซา', 'แอ๊คซ่า', 'แอ๊กซ่า', 'เเอกซ่า', 'axxa']"
42851580,Krungthai AXA,non_life,"['กรุงไทยแอกซ่า', 'axa', 'แอกซ่า', 'แอกซา', 'เเอกซ่า', 'แอคซ่า', 'เเอคซา', 'กรุงไทยแอกซา', 'แอ๊คซ่า', 'แอ๊กซ่า', 'เเอกซ่า', 'axxa']"
42853885,AIA,life,"['aia', 'เอไอเอ']"
42854741,วิริยะประกันภัย,non_life,"['วิริยะ', 'viriyah', 'วรย', 'วิริยา']"
42858677,Krungthai AXA,non_life,"['กรุงไทยแอกซ่า', 'axa', 'แอกซ่า', 'แอกซา', 'เเอกซ่า', 'แอคซ่า', 'เเอคซา', 'กรุงไทยแอกซา', 'แอ๊คซ่า', 'แอ๊กซ่า', 'เเอกซ่า', 'axxa']"
42858677,วิริยะประกันภัย,non_life,"['วิริยะ', 'viriyah', 'วรย', 'วิริยา']"
42858761,ไทยวิวัฒน์,non_life,"['ไทยวิวัฒน์', 'thaivivat', 'ไทยวิวัตน์']"
42860581,Krungthai AXA,non_life,"['กรุงไทยแอกซ่า', 'axa', 'แอกซ่า', 'แอกซา', 'เเอกซ่า', 'แอคซ่า', 'เเอคซา', 'กรุงไทยแอกซา', 'แอ๊คซ่า', 'แอ๊กซ่า', 'เเอกซ่า', 'axxa']"
42860581,วิริยะประกันภัย,non_life,"['วิริยะ', 'viriyah', 'วรย', 'วิริยา']"
42862854,Cigna,life,"['cigna', 'ซิกน่า', 'ซิกม่า']"
42862854,Cigna,life,"['cigna', 'ซิกน่า', 'ซิกม่า']"
42862854,ทิพยประกันภัย,non_life,"['ทิพย', 'ทิพยประกันภัย', 'dip', 'dhp', 'tip']"
42862854,ทิพยประกันภัย,non_life,"['ทิพย', 'ทิพยประกันภัย', 'dip', 'dhp', 'tip']"
42863404,คุ้มภัยโตเกียวมารีน,non_life,"['ประกันคุ้มภัย', 'คุ้มภัย', 'คภ.', 'โตเกียวมารีน', 'tokio marine']"
42863708,SCB,broker,"['scb', 'ไทยพาณิชย์', 'ไทยพานิชย์', 'ธนาคารสีม่วง', 'cardx']"
42867094,Allianz Ayudhya,life,"['allianz', 'อลิอันซ์', 'อลิอันซ์อยุธยา', 'azay', 'อริอันซ์ อยุธยา', 'อลิอันช์', 'alianz ayudhya', 'az y']"
42867100,เมืองไทยประกันชีวิต,life,"['เมืองไทยประกันชีวิต', 'เมืองไทย', 'muangthai', 'mtl', 'ประกันชีวิตสีชมพู']"
42867100,เมืองไทยประกันชีวิต,life,"['เมืองไทยประกันชีวิต', 'เมืองไทย', 'muangthai', 'mtl', 'ประกันชีวิตสีชมพู']"
42867100,ไทยประกันชีวิต,life,"['ไทยประกันชีวิต', 'ไทยประกัน']"
42867100,ไทยประกันชีวิต,life,"['ไทยประกันชีวิต', 'ไทยประกัน']"
42867100,ทิพยประกันภัย,non_life,"['ทิพย', 'ทิพยประกันภัย', 'dip', 'dhp', 'tip']"
42867100,ทิพยประกันภัย,non_life,"['ทิพย', 'ทิพยประกันภัย', 'dip', 'dhp', 'tip']"
42872953,ไทยประกันชีวิต,life,"['ไทยประกันชีวิต', 'ไทยประกัน']"
42875593,,,
42876465,TLG,broker,"['TLG', 'ทีแอลจี']"
42876465,KTC,broker,"['บัตรกรุงไทย', 'ktc']"
42877765,ไทยวิวัฒน์,non_life,"['ไทยวิวัฒน์', 'thaivivat', 'ไทยวิวัตน์']"
42878864,,,
42879603,Chubb,non_life,"['chubb', 'ชับบ์', 'chuub', 'ชับ สามัคคี']"
42882748,,,
42885573,สยามสไมล์,broker,['สยามสไมล์']
42888845,,,
42889372,,,
42890377,,,
42894496,,,
42895203,,,
42895398,กรุงเทพประกันภัย,non_life,"['กรุงเทพประกันภัย', 'bangkok insurance', 'กรุงเทพ', 'bki']"
42895398,ทิพยประกันภัย,non_life,"['ทิพย', 'ทิพยประกันภัย', 'dip', 'dhp', 'tip']"
42895398,เทเวศประกันภัย,non_life,['เทเวศ']
42895401,Chubb,non_life,"['chubb', 'ชับบ์', 'chuub', 'ชับ สามัคคี']"
42899519,,,
42900932,กรุงเทพประกันภัย,non_life,"['กรุงเทพประกันภัย', 'bangkok insurance', 'กรุงเทพ', 'bki']"
42903158,ทิพยประกันภัย,non_life,"['ทิพย', 'ทิพยประกันภัย', 'dip', 'dhp', 'tip']"
42903158,ทิพยประกันภัย,non_life,"['ทิพย', 'ทิพยประกันภัย', 'dip', 'dhp', 'tip']"
42903158,ธนาคารออมสิน,broker,"['GSB', 'ออมสิน']"
42903158,ธนาคารออมสิน,broker,"['GSB', 'ออมสิน']"
42904168,วิริยะประกันภัย,non_life,"['วิริยะ', 'viriyah', 'วรย', 'วิริยา']"
42904168,วิริยะประกันภัย,non_life,"['วิริยะ', 'viriyah', 'วรย', 'วิริยา']"
42904168,กรุงเทพประกันภัย,non_life,"['กรุงเทพประกันภัย', 'bangkok insurance', 'กรุงเทพ', 'bki']"
42904168,กรุงเทพประกันภัย,non_life,"['กรุงเทพประกันภัย', 'bangkok insurance', 'กรุงเทพ', 'bki']"
42904168,ธนชาตประกันภัย,non_life,"['ธนชาตประกันภัย', 'ธนชาต', 'ธนชาติ', 'ประกันภัยสีส้ม']"
42904168,ธนชาตประกันภัย,non_life,"['ธนชาตประกันภัย', 'ธนชาต', 'ธนชาติ', 'ประกันภัยสีส้ม']"
42904168,ทหารไทยธนชาต,broker,"['ทหารไทยธนชาต', 'ttb', 'tmb', 'ธนาคารทหารไทย', 'ทหารไทย']"
42904168,ทหารไทยธนชาต,broker,"['ทหารไทยธนชาต', 'ttb', 'tmb', 'ธนาคารทหารไทย', 'ทหารไทย']"
42904827,Chubb,non_life,"['chubb', 'ชับบ์', 'chuub', 'ชับ สามัคคี']"
42904827,Chubb,non_life,"['chubb', 'ชับบ์', 'chuub', 'ชับ สามัคคี']"
42904827,Krungsri First Choice,broker,"['first choice', 'กรุงศรี เฟิร์สช้อยส์', 'กรุงศรีเฟิร์สช้อย', 'เฟิสช้อย', 'เฟริสช้อย']"
42904827,Krungsri First Choice,broker,"['first choice', 'กรุงศรี เฟิร์สช้อยส์', 'กรุงศรีเฟิร์สช้อย', 'เฟิสช้อย', 'เฟริสช้อย']"
42904945,ทิพยประกันภัย,non_life,"['ทิพย', 'ทิพยประกันภัย', 'dip', 'dhp', 'tip']"
42904945,ทิพยประกันภัย,non_life,"['ทิพย', 'ทิพยประกันภัย', 'dip', 'dhp', 'tip']"
42904945,ทิพยประกันภัย,non_life,"['ทิพย', 'ทิพยประกันภัย', 'dip', 'dhp', 'tip']"
42904945,ไทยประกันชีวิต,life,"['ไทยประกันชีวิต', 'ไทยประกัน']"
42904945,ไทยประกันชีวิต,life,"['ไทยประกันชีวิต', 'ไทยประกัน']"
42904945,ไทยประกันชีวิต,life,"['ไทยประกันชีวิต', 'ไทยประกัน']"
42904945,ธนาคารกรุงไทย,broker,['ธนาคารกรุงไทย']
42904945,ธนาคารกรุงไทย,broker,['ธนาคารกรุงไทย']
42904945,ธนาคารกรุงไทย,broker,['ธนาคารกรุงไทย']
42905179,,,
42905745,,,
42906675,ทิพยประกันภัย,non_life,"['ทิพย', 'ทิพยประกันภัย', 'dip', 'dhp', 'tip']"
42906675,Krungthai AXA,non_life,"['กรุงไทยแอกซ่า', 'axa', 'แอกซ่า', 'แอกซา', 'เเอกซ่า', 'แอคซ่า', 'เเอคซา', 'กรุงไทยแอกซา', 'แอ๊คซ่า', 'แอ๊กซ่า', 'เเอกซ่า', 'axxa']"
42911299,วิริยะประกันภัย,non_life,"['วิริยะ', 'viriyah', 'วรย', 'วิริยา']"
42914838,ทิพยประกันภัย,non_life,"['ทิพย', 'ทิพยประกันภัย', 'dip', 'dhp', 'tip']"
42914838,ทิพยประกันภัย,non_life,"['ทิพย', 'ทิพยประกันภัย', 'dip', 'dhp', 'tip']"
42914838,ทิพยประกันภัย,non_life,"['ทิพย', 'ทิพยประกันภัย', 'dip', 'dhp', 'tip']"
42914838,ไทยประกันชีวิต,life,"['ไทยประกันชีวิต', 'ไทยประกัน']"
42914838,ไทยประกันชีวิต,life,"['ไทยประกันชีวิต', 'ไทยประกัน']"
42914838,ไทยประกันชีวิต,life,"['ไทยประกันชีวิต', 'ไทยประกัน']"
42914838,ธนาคารกรุงไทย,broker,['ธนาคารกรุงไทย']
42914838,ธนาคารกรุงไทย,broker,['ธนาคารกรุงไทย']
42914838,ธนาคารกรุงไทย,broker,['ธนาคารกรุงไทย']
42915042,,,
42916460,,,
42918233,วิริยะประกันภัย,non_life,"['วิริยะ', 'viriyah', 'วรย', 'วิริยา']"
42918233,วิริยะประกันภัย,non_life,"['วิริยะ', 'viriyah', 'วรย', 'วิริยา']"
42918233,เงินติดล้อ,broker,['เงินติดล้อ']
42918233,เงินติดล้อ,broker,['เงินติดล้อ']
42918574,วิริยะประกันภัย,non_life,"['วิริยะ', 'viriyah', 'วรย', 'วิริยา']"
42918574,Krungthai AXA,non_life,"['กรุงไทยแอกซ่า', 'axa', 'แอกซ่า', 'แอกซา', 'เเอกซ่า', 'แอคซ่า', 'เเอคซา', 'กรุงไทยแอกซา', 'แอ๊คซ่า', 'แอ๊กซ่า', 'เเอกซ่า', 'axxa']"
42918682,Krungthai AXA,non_life,"['กรุงไทยแอกซ่า', 'axa', 'แอกซ่า', 'แอกซา', 'เเอกซ่า', 'แอคซ่า', 'เเอคซา', 'กรุงไทยแอกซา', 'แอ๊คซ่า', 'แอ๊กซ่า', 'เเอกซ่า', 'axxa']"
42918966,ทิพยประกันภัย,non_life,"['ทิพย', 'ทิพยประกันภัย', 'dip', 'dhp', 'tip']"
42918966,ทิพยประกันภัย,non_life,"['ทิพย', 'ทิพยประกันภัย', 'dip', 'dhp', 'tip']"
42918966,ธนาคารกรุงไทย,broker,['ธนาคารกรุงไทย']
42918966,ธนาคารกรุงไทย,broker,['ธนาคารกรุงไทย']
42919337,กรุงเทพประกันภัย,non_life,"['กรุงเทพประกันภัย', 'bangkok insurance', 'กรุงเทพ', 'bki']"
42920420,Krungthai AXA,non_life,"['กรุงไทยแอกซ่า', 'axa', 'แอกซ่า', 'แอกซา', 'เเอกซ่า', 'แอคซ่า', 'เเอคซา', 'กรุงไทยแอกซา', 'แอ๊คซ่า', 'แอ๊กซ่า', 'เเอกซ่า', 'axxa']"
42920420,Krungthai AXA,non_life,"['กรุงไทยแอกซ่า', 'axa', 'แอกซ่า', 'แอกซา', 'เเอกซ่า', 'แอคซ่า', 'เเอคซา', 'กรุงไทยแอกซา', 'แอ๊คซ่า', 'แอ๊กซ่า', 'เเอกซ่า', 'axxa']"
42920420,ธนาคารกรุงไทย,broker,['ธนาคารกรุงไทย']
42920420,ธนาคารกรุงไทย,broker,['ธนาคารกรุงไทย']
42920874,Chubb,non_life,"['chubb', 'ชับบ์', 'chuub', 'ชับ สามัคคี']"
42920877,,,
42921893,,,
42924534,,,
42924892,Chubb,non_life,"['chubb', 'ชับบ์', 'chuub', 'ชับ สามัคคี']"
42924929,ทิพยประกันภัย,non_life,"['ทิพย', 'ทิพยประกันภัย', 'dip', 'dhp', 'tip']"
42925931,Chubb,non_life,"['chubb', 'ชับบ์', 'chuub', 'ชับ สามัคคี']"
42926202,ไทยประกันชีวิต,life,"['ไทยประกันชีวิต', 'ไทยประกัน']"
42926294,Chubb,non_life,"['chubb', 'ชับบ์', 'chuub', 'ชับ สามัคคี']"
42926314,รู้ใจประกันภัย,non_life,"['รู้ใจประกันภัย', 'ประกันรู้ใจ', 'ประกันจิงโจ้', 'roo jai', 'roojai']"
42926343,FWD,life,"['fwd', 'เอฟดับบลิวดี', 'fwd ประกันชีวิต']"
42928564,AIA,life,"['aia', 'เอไอเอ']"
42928564,AIA,life,"['aia', 'เอไอเอ']"
42928564,Krungthai AXA,non_life,"['กรุงไทยแอกซ่า', 'axa', 'แอกซ่า', 'แอกซา', 'เเอกซ่า', 'แอคซ่า', 'เเอคซา', 'กรุงไทยแอกซา', 'แอ๊คซ่า', 'แอ๊กซ่า', 'เเอกซ่า', 'axxa']"
42928564,Krungthai AXA,non_life,"['กรุงไทยแอกซ่า', 'axa', 'แอกซ่า', 'แอกซา', 'เเอกซ่า', 'แอคซ่า', 'เเอคซา', 'กรุงไทยแอกซา', 'แอ๊คซ่า', 'แอ๊กซ่า', 'เเอกซ่า', 'axxa']"
42928949,Chubb,non_life,"['chubb', 'ชับบ์', 'chuub', 'ชับ สามัคคี']"
42928949,Chubb,non_life,"['chubb', 'ชับบ์', 'chuub', 'ชับ สามัคคี']"
42928949,Krungsri First Choice,broker,"['first choice', 'กรุงศรี เฟิร์สช้อยส์', 'กรุงศรีเฟิร์สช้อย', 'เฟิสช้อย', 'เฟริสช้อย']"
42928949,Krungsri First Choice,broker,"['first choice', 'กรุงศรี เฟิร์สช้อยส์', 'กรุงศรีเฟิร์สช้อย', 'เฟิสช้อย', 'เฟริสช้อย']"
42929222,,,
42929531,ANC,broker,"['anc', 'เอเอ็นซี']"
42929531,AIS,broker,['ais']
42930302,Krungthai AXA,non_life,"['กรุงไทยแอกซ่า', 'axa', 'แอกซ่า', 'แอกซา', 'เเอกซ่า', 'แอคซ่า', 'เเอคซา', 'กรุงไทยแอกซา', 'แอ๊คซ่า', 'แอ๊กซ่า', 'เเอกซ่า', 'axxa']"
42934151,FWD,life,"['fwd', 'เอฟดับบลิวดี', 'fwd ประกันชีวิต']"
42937731,AEON,broker,"['aeon', 'อิออน']"
42940861,,,
42941482,ไทยวิวัฒน์,non_life,"['ไทยวิวัฒน์', 'thaivivat', 'ไทยวิวัตน์']"
42941581,ทิพยประกันภัย,non_life,"['ทิพย', 'ทิพยประกันภัย', 'dip', 'dhp', 'tip']"
42943237,,,
42943261,กรุงเทพประกันภัย,non_life,"['กรุงเทพประกันภัย', 'bangkok insurance', 'กรุงเทพ', 'bki']"
42943261,ธนชาตประกันภัย,non_life,"['ธนชาตประกันภัย', 'ธนชาต', 'ธนชาติ', 'ประกันภัยสีส้ม']"
42944039,Chubb,non_life,"['chubb', 'ชับบ์', 'chuub', 'ชับ สามัคคี']"
42944039,Chubb,non_life,"['chubb', 'ชับบ์', 'chuub', 'ชับ สามัคคี']"
42944039,ANC,broker,"['anc', 'เอเอ็นซี']"
42944039,ANC,broker,"['anc', 'เอเอ็นซี']"
42945055,Chubb,non_life,"['chubb', 'ชับบ์', 'chuub', 'ชับ สามัคคี']"
42946217,Chubb,non_life,"['chubb', 'ชับบ์', 'chuub', 'ชับ สามัคคี']"
42947170,สินมั่นคง,non_life,"['สินมั่นคง', 'สินมั่งคง']"
42947170,สินมั่นคง,non_life,"['สินมั่นคง', 'สินมั่งคง']"
42947170,ไทยประกันชีวิต,life,"['ไทยประกันชีวิต', 'ไทยประกัน']"
42947170,ไทยประกันชีวิต,life,"['ไทยประกันชีวิต', 'ไทยประกัน']"
42947170,กรุงเทพประกันภัย,non_life,"['กรุงเทพประกันภัย', 'bangkok insurance', 'กรุงเทพ', 'bki']"
42947170,กรุงเทพประกันภัย,non_life,"['กรุงเทพประกันภัย', 'bangkok insurance', 'กรุงเทพ', 'bki']"
42947170,อาคเนย์,non_life,"['อาคเนย์', 'aekn']"
42947170,อาคเนย์,non_life,"['อาคเนย์', 'aekn']"
42947170,เอเชียประกันภัย,non_life,"['เอเชียประกันภัย', 'เอเชีย', 'asia']"
42947170,เอเชียประกันภัย,non_life,"['เอเชียประกันภัย', 'เอเชีย', 'asia']"
42947170,ไทยประกันภัย,non_life,['ไทยประกันภัย']
42947170,ไทยประกันภัย,non_life,['ไทยประกันภัย']
42947170,เจ้าพระยาประกันภัย,non_life,"['เจ้าพระยาประกันภัย', 'เจ้าพระยา']"
42947170,เจ้าพระยาประกันภัย,non_life,"['เจ้าพระยาประกันภัย', 'เจ้าพระยา']"
42949921,,,
42955224,ธนชาตประกันภัย,non_life,"['ธนชาตประกันภัย', 'ธนชาต', 'ธนชาติ', 'ประกันภัยสีส้ม']"
42955224,AIOI,non_life,"['aioi', 'ไอโออิ']"
42955575,,,
42955947,,,
42957340,เมืองไทยประกันชีวิต,life,"['เมืองไทยประกันชีวิต', 'เมืองไทย', 'muangthai', 'mtl', 'ประกันชีวิตสีชมพู']"
42957340,เมืองไทยประกันชีวิต,life,"['เมืองไทยประกันชีวิต', 'เมืองไทย', 'muangthai', 'mtl', 'ประกันชีวิตสีชมพู']"
42957340,ไทยประกันชีวิต,life,"['ไทยประกันชีวิต', 'ไทยประกัน']"
42957340,ไทยประกันชีวิต,life,"['ไทยประกันชีวิต', 'ไทยประกัน']"
42957340,กสิกรไทย,broker,"['กสิกร', 'k bank', 'แบงค์เขียว']"
42957340,กสิกรไทย,broker,"['กสิกร', 'k bank', 'แบงค์เขียว']"
42959510,SCB,broker,"['scb', 'ไทยพาณิชย์', 'ไทยพานิชย์', 'ธนาคารสีม่วง', 'cardx']"
42959634,Chubb,non_life,"['chubb', 'ชับบ์', 'chuub', 'ชับ สามัคคี']"
42959858,,,
42960431,,,
42960985,Chubb,non_life,"['chubb', 'ชับบ์', 'chuub', 'ชับ สามัคคี']"
42960985,Chubb,non_life,"['chubb', 'ชับบ์', 'chuub', 'ชับ สามัคคี']"
42960985,Krungsri First Choice,broker,"['first choice', 'กรุงศรี เฟิร์สช้อยส์', 'กรุงศรีเฟิร์สช้อย', 'เฟิสช้อย', 'เฟริสช้อย']"
42960985,Krungsri First Choice,broker,"['first choice', 'กรุงศรี เฟิร์สช้อยส์', 'กรุงศรีเฟิร์สช้อย', 'เฟิสช้อย', 'เฟริสช้อย']"
42960990,,,
42962510,,,
42963679,AIA,life,"['aia', 'เอไอเอ']"
42963679,Allianz Ayudhya,life,"['allianz', 'อลิอันซ์', 'อลิอันซ์อยุธยา', 'azay', 'อริอันซ์ อยุธยา', 'อลิอันช์', 'alianz ayudhya', 'az y']"
42966662,Krungthai AXA,non_life,"['กรุงไทยแอกซ่า', 'axa', 'แอกซ่า', 'แอกซา', 'เเอกซ่า', 'แอคซ่า', 'เเอคซา', 'กรุงไทยแอกซา', 'แอ๊คซ่า', 'แอ๊กซ่า', 'เเอกซ่า', 'axxa']"
42967323,AIA,life,"['aia', 'เอไอเอ']"
42969073,Chubb,non_life,"['chubb', 'ชับบ์', 'chuub', 'ชับ สามัคคี']"
42971334,,,
42973160,Allianz Ayudhya,life,"['allianz', 'อลิอันซ์', 'อลิอันซ์อยุธยา', 'azay', 'อริอันซ์ อยุธยา', 'อลิอันช์', 'alianz ayudhya', 'az y']"
42974922,,,
42975087,,,
42978215,FWD,life,"['fwd', 'เอฟดับบลิวดี', 'fwd ประกันชีวิต']"
42978215,FWD,life,"['fwd', 'เอฟดับบลิวดี', 'fwd ประกันชีวิต']"
42978215,SCB Protect,broker,"['scb protect', 'scb ประกัน', 'ไทยพาณิชย์ประกัน']"
42978215,SCB Protect,broker,"['scb protect', 'scb ประกัน', 'ไทยพาณิชย์ประกัน']"
42978215,SCB,broker,"['scb', 'ไทยพาณิชย์', 'ไทยพานิชย์', 'ธนาคารสีม่วง', 'cardx']"
42978215,SCB,broker,"['scb', 'ไทยพาณิชย์', 'ไทยพานิชย์', 'ธนาคารสีม่วง', 'cardx']"
42983528,,,
42984183,เอเชียประกันภัย,non_life,"['เอเชียประกันภัย', 'เอเชีย', 'asia']"
42984183,เอเชียประกันภัย,non_life,"['เอเชียประกันภัย', 'เอเชีย', 'asia']"
42984183,ANC,broker,"['anc', 'เอเอ็นซี']"
42984183,ANC,broker,"['anc', 'เอเอ็นซี']"
42986768,Chubb,non_life,"['chubb', 'ชับบ์', 'chuub', 'ชับ สามัคคี']"
42988284,ANC,broker,"['anc', 'เอเอ็นซี']"
42988342,Chubb,non_life,"['chubb', 'ชับบ์', 'chuub', 'ชับ สามัคคี']"
42989467,Chubb,non_life,"['chubb', 'ชับบ์', 'chuub', 'ชับ สามัคคี']"
42990065,Chubb,non_life,"['chubb', 'ชับบ์', 'chuub', 'ชับ สามัคคี']"
42993920,Chubb,non_life,"['chubb', 'ชับบ์', 'chuub', 'ชับ สามัคคี']"
42994338,Allianz Ayudhya,life,"['allianz', 'อลิอันซ์', 'อลิอันซ์อยุธยา', 'azay', 'อริอันซ์ อยุธยา', 'อลิอันช์', 'alianz ayudhya', 'az y']"
42994525,AIA,life,"['aia', 'เอไอเอ']"
42994525,AIA,life,"['aia', 'เอไอเอ']"
42994525,ANC,broker,"['anc', 'เอเอ็นซี']"
42994525,ANC,broker,"['anc', 'เอเอ็นซี']"
42999957,,,
43001411,AEON,broker,"['aeon', 'อิออน']"
43003836,ธนาคารกรุงไทย,broker,['ธนาคารกรุงไทย']
43004602,รู้ใจประกันภัย,non_life,"['รู้ใจประกันภัย', 'ประกันรู้ใจ', 'ประกันจิงโจ้', 'roo jai', 'roojai']"
43004602,อินทรประกันภัย,non_life,['อินทร']
43013670,,,
43013755,Chubb,non_life,"['chubb', 'ชับบ์', 'chuub', 'ชับ สามัคคี']"
43016858,ไทยไพบูลย์,non_life,"['ไทยไพบูลย์', 'ไทยไพบูร']"
43016858,ไทยไพบูลย์,non_life,"['ไทยไพบูลย์', 'ไทยไพบูร']"
43016858,ธนชาตประกันภัย,non_life,"['ธนชาตประกันภัย', 'ธนชาต', 'ธนชาติ', 'ประกันภัยสีส้ม']"
43016858,ธนชาตประกันภัย,non_life,"['ธนชาตประกันภัย', 'ธนชาต', 'ธนชาติ', 'ประกันภัยสีส้ม']"
43016858,กสิกรไทย,broker,"['กสิกร', 'k bank', 'แบงค์เขียว']"
43016858,กสิกรไทย,broker,"['กสิกร', 'k bank', 'แบงค์เขียว']"
43020381,AIG,non_life,"['aig', 'เอไอจี']"
43023841,,,
43024381,AIA,life,"['aia', 'เอไอเอ']"
43025268,,,
43028827,ธนาคารกรุงไทย,broker,['ธนาคารกรุงไทย']
43031542,SCB Protect,broker,"['scb protect', 'scb ประกัน', 'ไทยพาณิชย์ประกัน']"
43031542,SCB,broker,"['scb', 'ไทยพาณิชย์', 'ไทยพานิชย์', 'ธนาคารสีม่วง', 'cardx']"
43032583,AIA,life,"['aia', 'เอไอเอ']"
43034751,,,
43034889,FWD,life,"['fwd', 'เอฟดับบลิวดี', 'fwd ประกันชีวิต']"
43034889,FWD,life,"['fwd', 'เอฟดับบลิวดี', 'fwd ประกันชีวิต']"
43034889,SCB Protect,broker,"['scb protect', 'scb ประกัน', 'ไทยพาณิชย์ประกัน']"
43034889,SCB Protect,broker,"['scb protect', 'scb ประกัน', 'ไทยพาณิชย์ประกัน']"
43034889,SCB,broker,"['scb', 'ไทยพาณิชย์', 'ไทยพานิชย์', 'ธนาคารสีม่วง', 'cardx']"
43034889,SCB,broker,"['scb', 'ไทยพาณิชย์', 'ไทยพานิชย์', 'ธนาคารสีม่วง', 'cardx']"
43036153,,,
43037233,FWD,life,"['fwd', 'เอฟดับบลิวดี', 'fwd ประกันชีวิต']"
43037233,FWD,life,"['fwd', 'เอฟดับบลิวดี', 'fwd ประกันชีวิต']"
43037233,SCB Protect,broker,"['scb protect', 'scb ประกัน', 'ไทยพาณิชย์ประกัน']"
43037233,SCB Protect,broker,"['scb protect', 'scb ประกัน', 'ไทยพาณิชย์ประกัน']"
43037233,SCB,broker,"['scb', 'ไทยพาณิชย์', 'ไทยพานิชย์', 'ธนาคารสีม่วง', 'cardx']"
43037233,SCB,broker,"['scb', 'ไทยพาณิชย์', 'ไทยพานิชย์', 'ธนาคารสีม่วง', 'cardx']"
43039081,FWD,life,"['fwd', 'เอฟดับบลิวดี', 'fwd ประกันชีวิต']"
43039081,FWD,life,"['fwd', 'เอฟดับบลิวดี', 'fwd ประกันชีวิต']"
43039081,SCB,broker,"['scb', 'ไทยพาณิชย์', 'ไทยพานิชย์', 'ธนาคารสีม่วง', 'cardx']"
43039081,SCB,broker,"['scb', 'ไทยพาณิชย์', 'ไทยพานิชย์', 'ธนาคารสีม่วง', 'cardx']"
43040655,,,
43043499,ไทยวิวัฒน์,non_life,"['ไทยวิวัฒน์', 'thaivivat', 'ไทยวิวัตน์']"
43044586,KTC,broker,"['บัตรกรุงไทย', 'ktc']"
43045381,,,
43045575,,,
43045900,,,
43047029,Krungthai AXA,non_life,"['กรุงไทยแอกซ่า', 'axa', 'แอกซ่า', 'แอกซา', 'เเอกซ่า', 'แอคซ่า', 'เเอคซา', 'กรุงไทยแอกซา', 'แอ๊คซ่า', 'แอ๊กซ่า', 'เเอกซ่า', 'axxa']"
43047694,,,
43049754,Chubb,non_life,"['chubb', 'ชับบ์', 'chuub', 'ชับ สามัคคี']"
43050278,,,
43051074,วิริยะประกันภัย,non_life,"['วิริยะ', 'viriyah', 'วรย', 'วิริยา']"
43051493,FWD,life,"['fwd', 'เอฟดับบลิวดี', 'fwd ประกันชีวิต']"
43051499,ไทยวิวัฒน์,non_life,"['ไทยวิวัฒน์', 'thaivivat', 'ไทยวิวัตน์']"
43051527,FWD,life,"['fwd', 'เอฟดับบลิวดี', 'fwd ประกันชีวิต']"
43051906,เงินติดล้อ,broker,['เงินติดล้อ']
43052280,Chubb,non_life,"['chubb', 'ชับบ์', 'chuub', 'ชับ สามัคคี']"
43053042,,,
43053154,Krungthai AXA,non_life,"['กรุงไทยแอกซ่า', 'axa', 'แอกซ่า', 'แอกซา', 'เเอกซ่า', 'แอคซ่า', 'เเอคซา', 'กรุงไทยแอกซา', 'แอ๊คซ่า', 'แอ๊กซ่า', 'เเอกซ่า', 'axxa']"
43053197,,,
43053975,เมืองไทยประกันชีวิต,life,"['เมืองไทยประกันชีวิต', 'เมืองไทย', 'muangthai', 'mtl', 'ประกันชีวิตสีชมพู']"
43053975,ไทยประกันชีวิต,life,"['ไทยประกันชีวิต', 'ไทยประกัน']"
43054648,,,
43055281,,,
43057277,,,
43057496,TQM,broker,"['tqm', 'ทีคิวเอ็ม']"
43058269,ทิพยประกันภัย,non_life,"['ทิพย', 'ทิพยประกันภัย', 'dip', 'dhp', 'tip']"
43059559,,,
43059710,Chubb,non_life,"['chubb', 'ชับบ์', 'chuub', 'ชับ สามัคคี']"
43059710,Chubb,non_life,"['chubb', 'ชับบ์', 'chuub', 'ชับ สามัคคี']"
43059710,Krungsri First Choice,broker,"['first choice', 'กรุงศรี เฟิร์สช้อยส์', 'กรุงศรีเฟิร์สช้อย', 'เฟิสช้อย', 'เฟริสช้อย']"
43059710,Krungsri First Choice,broker,"['first choice', 'กรุงศรี เฟิร์สช้อยส์', 'กรุงศรีเฟิร์สช้อย', 'เฟิสช้อย', 'เฟริสช้อย']"
43060927,กรุงเทพประกันภัย,non_life,"['กรุงเทพประกันภัย', 'bangkok insurance', 'กรุงเทพ', 'bki']"
43060927,กรุงเทพประกันภัย,non_life,"['กรุงเทพประกันภัย', 'bangkok insurance', 'กรุงเทพ', 'bki']"
43060927,TQM,broker,"['tqm', 'ทีคิวเอ็ม']"
43060927,TQM,broker,"['tqm', 'ทีคิวเอ็ม']"
43061113,TQM,broker,"['tqm', 'ทีคิวเอ็ม']"
43061113,TQM,broker,"['tqm', 'ทีคิวเอ็ม']"
43061113,กรุงเทพประกันภัย,non_life,"['กรุงเทพประกันภัย', 'bangkok insurance', 'กรุงเทพ', 'bki']"
43061113,กรุงเทพประกันภัย,non_life,"['กรุงเทพประกันภัย', 'bangkok insurance', 'กรุงเทพ', 'bki']"
43061622,ทิพยประกันภัย,non_life,"['ทิพย', 'ทิพยประกันภัย', 'dip', 'dhp', 'tip']"
43061742,Krungthai AXA,non_life,"['กรุงไทยแอกซ่า', 'axa', 'แอกซ่า', 'แอกซา', 'เเอกซ่า', 'แอคซ่า', 'เเอคซา', 'กรุงไทยแอกซา', 'แอ๊คซ่า', 'แอ๊กซ่า', 'เเอกซ่า', 'axxa']"
43064431,,,
43066456,,,
43066520,Chubb,non_life,"['chubb', 'ชับบ์', 'chuub', 'ชับ สามัคคี']"
43066774,Chubb,non_life,"['chubb', 'ชับบ์', 'chuub', 'ชับ สามัคคี']"
43068226,,,
43069223,AEON,broker,"['aeon', 'อิออน']"
43069223,AEON,broker,"['aeon', 'อิออน']"
43069223,Allianz Ayudhya,life,"['allianz', 'อลิอันซ์', 'อลิอันซ์อยุธยา', 'azay', 'อริอันซ์ อยุธยา', 'อลิอันช์', 'alianz ayudhya', 'az y']"
43069223,Allianz Ayudhya,life,"['allianz', 'อลิอันซ์', 'อลิอันซ์อยุธยา', 'azay', 'อริอันซ์ อยุธยา', 'อลิอันช์', 'alianz ayudhya', 'az y']"
43072029,,,
43072737,Chubb,non_life,"['chubb', 'ชับบ์', 'chuub', 'ชับ สามัคคี']"
43072913,Krungsri First Choice,broker,"['first choice', 'กรุงศรี เฟิร์สช้อยส์', 'กรุงศรีเฟิร์สช้อย', 'เฟิสช้อย', 'เฟริสช้อย']"
43075527,,,
43075945,สินมั่นคง,non_life,"['สินมั่นคง', 'สินมั่งคง']"
43075945,Krungthai AXA,non_life,"['กรุงไทยแอกซ่า', 'axa', 'แอกซ่า', 'แอกซา', 'เเอกซ่า', 'แอคซ่า', 'เเอคซา', 'กรุงไทยแอกซา', 'แอ๊คซ่า', 'แอ๊กซ่า', 'เเอกซ่า', 'axxa']"
43075945,วิริยะประกันภัย,non_life,"['วิริยะ', 'viriyah', 'วรย', 'วิริยา']"
43078711,FWD,life,"['fwd', 'เอฟดับบลิวดี', 'fwd ประกันชีวิต']"
43078896,ธนชาตประกันภัย,non_life,"['ธนชาตประกันภัย', 'ธนชาต', 'ธนชาติ', 'ประกันภัยสีส้ม']"
43078896,กรุงเทพประกันภัย,non_life,"['กรุงเทพประกันภัย', 'bangkok insurance', 'กรุงเทพ', 'bki']"
43079556,,,
43079779,,,
43080586,Chubb,non_life,"['chubb', 'ชับบ์', 'chuub', 'ชับ สามัคคี']"
43081256,คุ้มภัยโตเกียวมารีน,non_life,"['ประกันคุ้มภัย', 'คุ้มภัย', 'คภ.', 'โตเกียวมารีน', 'tokio marine']"
43083838,,,
43084659,,,
43085661,ANC,broker,"['anc', 'เอเอ็นซี']"
43085661,ANC,broker,"['anc', 'เอเอ็นซี']"
43085661,ANC,broker,"['anc', 'เอเอ็นซี']"
43085661,พรูเด็นเชียล,life,"['prudential', 'พรูเด็นเชียล', 'พรูเดนเชียล']"
43085661,พรูเด็นเชียล,life,"['prudential', 'พรูเด็นเชียล', 'พรูเดนเชียล']"
43085661,พรูเด็นเชียล,life,"['prudential', 'พรูเด็นเชียล', 'พรูเดนเชียล']"
43085661,สินทรัพย์ประกันภัย,non_life,['สินทรัพย์']
43085661,สินทรัพย์ประกันภัย,non_life,['สินทรัพย์']
43085661,สินทรัพย์ประกันภัย,non_life,['สินทรัพย์']
43087128,,,
43089458,,,
43092878,Allianz Ayudhya,life,"['allianz', 'อลิอันซ์', 'อลิอันซ์อยุธยา', 'azay', 'อริอันซ์ อยุธยา', 'อลิอันช์', 'alianz ayudhya', 'az y']"
43093136,Chubb,non_life,"['chubb', 'ชับบ์', 'chuub', 'ชับ สามัคคี']"
43093170,LMG,non_life,"['lmg', 'แอลเอ็มจี']"
43095923,Krungthai AXA,non_life,"['กรุงไทยแอกซ่า', 'axa', 'แอกซ่า', 'แอกซา', 'เเอกซ่า', 'แอคซ่า', 'เเอคซา', 'กรุงไทยแอกซา', 'แอ๊คซ่า', 'แอ๊กซ่า', 'เเอกซ่า', 'axxa']"
43097160,อินทรประกันภัย,non_life,['อินทร']
43097681,Krungthai AXA,non_life,"['กรุงไทยแอกซ่า', 'axa', 'แอกซ่า', 'แอกซา', 'เเอกซ่า', 'แอคซ่า', 'เเอคซา', 'กรุงไทยแอกซา', 'แอ๊คซ่า', 'แอ๊กซ่า', 'เเอกซ่า', 'axxa']"
43099334,SCB Protect,broker,"['scb protect', 'scb ประกัน', 'ไทยพาณิชย์ประกัน']"
43099334,SCB Protect,broker,"['scb protect', 'scb ประกัน', 'ไทยพาณิชย์ประกัน']"
43099334,SCB,broker,"['scb', 'ไทยพาณิชย์', 'ไทยพานิชย์', 'ธนาคารสีม่วง', 'cardx']"
43099334,SCB,broker,"['scb', 'ไทยพาณิชย์', 'ไทยพานิชย์', 'ธนาคารสีม่วง', 'cardx']"
43099334,FWD,life,"['fwd', 'เอฟดับบลิวดี', 'fwd ประกันชีวิต']"
43099334,FWD,life,"['fwd', 'เอฟดับบลิวดี', 'fwd ประกันชีวิต']"
43104638,,,
43105377,,,
43105793,Chubb,non_life,"['chubb', 'ชับบ์', 'chuub', 'ชับ สามัคคี']"
43108355,,,
43108513,AIA,life,"['aia', 'เอไอเอ']"
43109049,AEON,broker,"['aeon', 'อิออน']"
43113054,FWD,life,"['fwd', 'เอฟดับบลิวดี', 'fwd ประกันชีวิต']"
43117911,Chubb,non_life,"['chubb', 'ชับบ์', 'chuub', 'ชับ สามัคคี']"
43117911,Chubb,non_life,"['chubb', 'ชับบ์', 'chuub', 'ชับ สามัคคี']"
43117911,กสิกรไทย,broker,"['กสิกร', 'k bank', 'แบงค์เขียว']"
43117911,กสิกรไทย,broker,"['กสิกร', 'k bank', 'แบงค์เขียว']"
43118337,AIA,life,"['aia', 'เอไอเอ']"
43120154,รู้ใจประกันภัย,non_life,"['รู้ใจประกันภัย', 'ประกันรู้ใจ', 'ประกันจิงโจ้', 'roo jai', 'roojai']"
43121553,Krungthai AXA,non_life,"['กรุงไทยแอกซ่า', 'axa', 'แอกซ่า', 'แอกซา', 'เเอกซ่า', 'แอคซ่า', 'เเอคซา', 'กรุงไทยแอกซา', 'แอ๊คซ่า', 'แอ๊กซ่า', 'เเอกซ่า', 'axxa']"
43124940,,,
43126294,เมืองไทยประกันชีวิต,life,"['เมืองไทยประกันชีวิต', 'เมืองไทย', 'muangthai', 'mtl', 'ประกันชีวิตสีชมพู']"
43126294,ไทยประกันชีวิต,life,"['ไทยประกันชีวิต', 'ไทยประกัน']"
43126375,,,
43128086,,,
43128150,Manulife,life,"['manulife', 'เมนูไลฟ์']"
43129747,สินมั่นคง,non_life,"['สินมั่นคง', 'สินมั่งคง']"
43129747,สินมั่นคง,non_life,"['สินมั่นคง', 'สินมั่งคง']"
43129747,ธ.ก.ส.,broker,"['ธ.ก.ส.', 'ธกส']"
43129747,ธ.ก.ส.,broker,"['ธ.ก.ส.', 'ธกส']"
43131032,วิริยะประกันภัย,non_life,"['วิริยะ', 'viriyah', 'วรย', 'วิริยา']"
43131032,กรุงเทพประกันภัย,non_life,"['กรุงเทพประกันภัย', 'bangkok insurance', 'กรุงเทพ', 'bki']"
43131032,ทิพยประกันภัย,non_life,"['ทิพย', 'ทิพยประกันภัย', 'dip', 'dhp', 'tip']"
43131263,,,
43132014,ไทยประกันชีวิต,life,"['ไทยประกันชีวิต', 'ไทยประกัน']"
43135463,Krungthai AXA,non_life,"['กรุงไทยแอกซ่า', 'axa', 'แอกซ่า', 'แอกซา', 'เเอกซ่า', 'แอคซ่า', 'เเอคซา', 'กรุงไทยแอกซา', 'แอ๊คซ่า', 'แอ๊กซ่า', 'เเอกซ่า', 'axxa']"
43136603,ทิพยประกันภัย,non_life,"['ทิพย', 'ทิพยประกันภัย', 'dip', 'dhp', 'tip']"
43137634,ทหารไทยธนชาต,broker,"['ทหารไทยธนชาต', 'ttb', 'tmb', 'ธนาคารทหารไทย', 'ทหารไทย']"
43138796,เมืองไทยประกันชีวิต,life,"['เมืองไทยประกันชีวิต', 'เมืองไทย', 'muangthai', 'mtl', 'ประกันชีวิตสีชมพู']"
43138796,เมืองไทยประกันชีวิต,life,"['เมืองไทยประกันชีวิต', 'เมืองไทย', 'muangthai', 'mtl', 'ประกันชีวิตสีชมพู']"
43138796,เมืองไทยประกันชีวิต,life,"['เมืองไทยประกันชีวิต', 'เมืองไทย', 'muangthai', 'mtl', 'ประกันชีวิตสีชมพู']"
43138796,ไทยประกันชีวิต,life,"['ไทยประกันชีวิต', 'ไทยประกัน']"
43138796,ไทยประกันชีวิต,life,"['ไทยประกันชีวิต', 'ไทยประกัน']"
43138796,ไทยประกันชีวิต,life,"['ไทยประกันชีวิต', 'ไทยประกัน']"
43138796,เมืองไทยประกันภัย,non_life,['เมืองไทยประกันภัย']
43138796,เมืองไทยประกันภัย,non_life,['เมืองไทยประกันภัย']
43138796,เมืองไทยประกันภัย,non_life,['เมืองไทยประกันภัย']
43138796,ไทยประกันภัย,non_life,['ไทยประกันภัย']
43138796,ไทยประกันภัย,non_life,['ไทยประกันภัย']
43138796,ไทยประกันภัย,non_life,['ไทยประกันภัย']
43138796,กสิกรไทย,broker,"['กสิกร', 'k bank', 'แบงค์เขียว']"
43138796,กสิกรไทย,broker,"['กสิกร', 'k bank', 'แบงค์เขียว']"
43138796,กสิกรไทย,broker,"['กสิกร', 'k bank', 'แบงค์เขียว']"
43138796,ธนาคารออมสิน,broker,"['GSB', 'ออมสิน']"
43138796,ธนาคารออมสิน,broker,"['GSB', 'ออมสิน']"
43138796,ธนาคารออมสิน,broker,"['GSB', 'ออมสิน']"
43139633,,,
43141372,,,
43144366,,,
43147079,,,
43148209,ทิพยประกันภัย,non_life,"['ทิพย', 'ทิพยประกันภัย', 'dip', 'dhp', 'tip']"
43148850,Chubb,non_life,"['chubb', 'ชับบ์', 'chuub', 'ชับ สามัคคี']"
43149646,AIA,life,"['aia', 'เอไอเอ']"
43149646,AIA,life,"['aia', 'เอไอเอ']"
43149646,AIA,life,"['aia', 'เอไอเอ']"
43149646,เมืองไทยประกันชีวิต,life,"['เมืองไทยประกันชีวิต', 'เมืองไทย', 'muangthai', 'mtl', 'ประกันชีวิตสีชมพู']"
43149646,เมืองไทยประกันชีวิต,life,"['เมืองไทยประกันชีวิต', 'เมืองไทย', 'muangthai', 'mtl', 'ประกันชีวิตสีชมพู']"
43149646,เมืองไทยประกันชีวิต,life,"['เมืองไทยประกันชีวิต', 'เมืองไทย', 'muangthai', 'mtl', 'ประกันชีวิตสีชมพู']"
43149646,ไทยประกันชีวิต,life,"['ไทยประกันชีวิต', 'ไทยประกัน']"
43149646,ไทยประกันชีวิต,life,"['ไทยประกันชีวิต', 'ไทยประกัน']"
43149646,ไทยประกันชีวิต,life,"['ไทยประกันชีวิต', 'ไทยประกัน']"
43149646,กรุงเทพประกันชีวิต,life,"['กรุงเทพประกันชีวิต', 'bangkok life', 'bblife']"
43149646,กรุงเทพประกันชีวิต,life,"['กรุงเทพประกันชีวิต', 'bangkok life', 'bblife']"
43149646,กรุงเทพประกันชีวิต,life,"['กรุงเทพประกันชีวิต', 'bangkok life', 'bblife']"
43149646,Cigna,life,"['cigna', 'ซิกน่า', 'ซิกม่า']"
43149646,Cigna,life,"['cigna', 'ซิกน่า', 'ซิกม่า']"
43149646,Cigna,life,"['cigna', 'ซิกน่า', 'ซิกม่า']"
43149646,กรุงเทพประกันภัย,non_life,"['กรุงเทพประกันภัย', 'bangkok insurance', 'กรุงเทพ', 'bki']"
43149646,กรุงเทพประกันภัย,non_life,"['กรุงเทพประกันภัย', 'bangkok insurance', 'กรุงเทพ', 'bki']"
43149646,กรุงเทพประกันภัย,non_life,"['กรุงเทพประกันภัย', 'bangkok insurance', 'กรุงเทพ', 'bki']"
43149646,ANC,broker,"['anc', 'เอเอ็นซี']"
43149646,ANC,broker,"['anc', 'เอเอ็นซี']"
43149646,ANC,broker,"['anc', 'เอเอ็นซี']"
43150224,AEON,broker,"['aeon', 'อิออน']"
43151283,,,
43151534,,,
43153691,FWD,life,"['fwd', 'เอฟดับบลิวดี', 'fwd ประกันชีวิต']"
43153691,FWD,life,"['fwd', 'เอฟดับบลิวดี', 'fwd ประกันชีวิต']"
43153691,SCB,broker,"['scb', 'ไทยพาณิชย์', 'ไทยพานิชย์', 'ธนาคารสีม่วง', 'cardx']"
43153691,SCB,broker,"['scb', 'ไทยพาณิชย์', 'ไทยพานิชย์', 'ธนาคารสีม่วง', 'cardx']"
43156837,FWD,life,"['fwd', 'เอฟดับบลิวดี', 'fwd ประกันชีวิต']"
43156837,FWD,life,"['fwd', 'เอฟดับบลิวดี', 'fwd ประกันชีวิต']"
43156837,SCB,broker,"['scb', 'ไทยพาณิชย์', 'ไทยพานิชย์', 'ธนาคารสีม่วง', 'cardx']"
43156837,SCB,broker,"['scb', 'ไทยพาณิชย์', 'ไทยพานิชย์', 'ธนาคารสีม่วง', 'cardx']"
43157572,,,
43160461,กรุงเทพประกันภัย,non_life,"['กรุงเทพประกันภัย', 'bangkok insurance', 'กรุงเทพ', 'bki']"
43161155,Chubb,non_life,"['chubb', 'ชับบ์', 'chuub', 'ชับ สามัคคี']"
43161155,Chubb,non_life,"['chubb', 'ชับบ์', 'chuub', 'ชับ สามัคคี']"
43161155,Krungsri First Choice,broker,"['first choice', 'กรุงศรี เฟิร์สช้อยส์', 'กรุงศรีเฟิร์สช้อย', 'เฟิสช้อย', 'เฟริสช้อย']"
43161155,Krungsri First Choice,broker,"['first choice', 'กรุงศรี เฟิร์สช้อยส์', 'กรุงศรีเฟิร์สช้อย', 'เฟิสช้อย', 'เฟริสช้อย']"
43161596,วิริยะประกันภัย,non_life,"['วิริยะ', 'viriyah', 'วรย', 'วิริยา']"
43161596,วิริยะประกันภัย,non_life,"['วิริยะ', 'viriyah', 'วรย', 'วิริยา']"
43161596,กรุงเทพประกันภัย,non_life,"['กรุงเทพประกันภัย', 'bangkok insurance', 'กรุงเทพ', 'bki']"
43161596,กรุงเทพประกันภัย,non_life,"['กรุงเทพประกันภัย', 'bangkok insurance', 'กรุงเทพ', 'bki']"
43161596,ทิพยประกันภัย,non_life,"['ทิพย', 'ทิพยประกันภัย', 'dip', 'dhp', 'tip']"
43161596,ทิพยประกันภัย,non_life,"['ทิพย', 'ทิพยประกันภัย', 'dip', 'dhp', 'tip']"
43161596,MSIG,non_life,"['msig', 'เอ็มเอสไอจี']"
43161596,MSIG,non_life,"['msig', 'เอ็มเอสไอจี']"
43161596,เงินติดล้อ,broker,['เงินติดล้อ']
43161596,เงินติดล้อ,broker,['เงินติดล้อ']
43161653,วิริยะประกันภัย,non_life,"['วิริยะ', 'viriyah', 'วรย', 'วิริยา']"
43161653,กรุงเทพประกันภัย,non_life,"['กรุงเทพประกันภัย', 'bangkok insurance', 'กรุงเทพ', 'bki']"
43162805,Chubb,non_life,"['chubb', 'ชับบ์', 'chuub', 'ชับ สามัคคี']"
43162805,Chubb,non_life,"['chubb', 'ชับบ์', 'chuub', 'ชับ สามัคคี']"
43162805,ธนาคารกรุงไทย,broker,['ธนาคารกรุงไทย']
43162805,ธนาคารกรุงไทย,broker,['ธนาคารกรุงไทย']
43164506,,,
43164943,,,
43165004,,,
43168169,Allianz Ayudhya,life,"['allianz', 'อลิอันซ์', 'อลิอันซ์อยุธยา', 'azay', 'อริอันซ์ อยุธยา', 'อลิอันช์', 'alianz ayudhya', 'az y']"
43169875,AIA,life,"['aia', 'เอไอเอ']"
43172944,AIA,life,"['aia', 'เอไอเอ']"
43176944,กสิกรไทย,broker,"['กสิกร', 'k bank', 'แบงค์เขียว']"
43178432,,,
43179366,รู้ใจประกันภัย,non_life,"['รู้ใจประกันภัย', 'ประกันรู้ใจ', 'ประกันจิงโจ้', 'roo jai', 'roojai']"
43184971,,,
43186019,SCB,broker,"['scb', 'ไทยพาณิชย์', 'ไทยพานิชย์', 'ธนาคารสีม่วง', 'cardx']"
43186516,SCB Protect,broker,"['scb protect', 'scb ประกัน', 'ไทยพาณิชย์ประกัน']"
43186516,SCB Protect,broker,"['scb protect', 'scb ประกัน', 'ไทยพาณิชย์ประกัน']"
43186516,SCB,broker,"['scb', 'ไทยพาณิชย์', 'ไทยพานิชย์', 'ธนาคารสีม่วง', 'cardx']"
43186516,SCB,broker,"['scb', 'ไทยพาณิชย์', 'ไทยพานิชย์', 'ธนาคารสีม่วง', 'cardx']"
43186516,FWD,life,"['fwd', 'เอฟดับบลิวดี', 'fwd ประกันชีวิต']"
43186516,FWD,life,"['fwd', 'เอฟดับบลิวดี', 'fwd ประกันชีวิต']"
43186914,FWD,life,"['fwd', 'เอฟดับบลิวดี', 'fwd ประกันชีวิต']"
43187058,,,
43187532,อินทรประกันภัย,non_life,['อินทร']
43193579,FWD,life,"['fwd', 'เอฟดับบลิวดี', 'fwd ประกันชีวิต']"
43193579,FWD,life,"['fwd', 'เอฟดับบลิวดี', 'fwd ประกันชีวิต']"
43193579,SCB,broker,"['scb', 'ไทยพาณิชย์', 'ไทยพานิชย์', 'ธนาคารสีม่วง', 'cardx']"
43193579,SCB,broker,"['scb', 'ไทยพาณิชย์', 'ไทยพานิชย์', 'ธนาคารสีม่วง', 'cardx']"
43194977,,,
43199030,,,
43199183,Chubb,non_life,"['chubb', 'ชับบ์', 'chuub', 'ชับ สามัคคี']"
43202743,Krungsri Auto,broker,"['กรุงศรี ออโต้', 'กรุงศรีออโต้']"
43202759,,,
43204289,,,
43205360,,,
43208413,วิริยะประกันภัย,non_life,"['วิริยะ', 'viriyah', 'วรย', 'วิริยา']"
43208413,ทิพยประกันภัย,non_life,"['ทิพย', 'ทิพยประกันภัย', 'dip', 'dhp', 'tip']"
43214627,AIG,non_life,"['aig', 'เอไอจี']"
43214627,ไทยวิวัฒน์,non_life,"['ไทยวิวัฒน์', 'thaivivat', 'ไทยวิวัตน์']"
43215909,FWD,life,"['fwd', 'เอฟดับบลิวดี', 'fwd ประกันชีวิต']"
43222763,,,
43225193,,,
43225329,ทหารไทยธนชาต,broker,"['ทหารไทยธนชาต', 'ttb', 'tmb', 'ธนาคารทหารไทย', 'ทหารไทย']"
43225638,รู้ใจประกันภัย,non_life,"['รู้ใจประกันภัย', 'ประกันรู้ใจ', 'ประกันจิงโจ้', 'roo jai', 'roojai']"
43227722,,,
43229615,,,
43238644,,,
43238948,,,
43238998,Allianz Ayudhya,life,"['allianz', 'อลิอันซ์', 'อลิอันซ์อยุธยา', 'azay', 'อริอันซ์ อยุธยา', 'อลิอันช์', 'alianz ayudhya', 'az y']"
43239182,,,
43239589,,,
43240646,,,
43244260,Chubb,non_life,"['chubb', 'ชับบ์', 'chuub', 'ชับ สามัคคี']"
43244260,Chubb,non_life,"['chubb', 'ชับบ์', 'chuub', 'ชับ สามัคคี']"
43244260,Krungsri First Choice,broker,"['first choice', 'กรุงศรี เฟิร์สช้อยส์', 'กรุงศรีเฟิร์สช้อย', 'เฟิสช้อย', 'เฟริสช้อย']"
43244260,Krungsri First Choice,broker,"['first choice', 'กรุงศรี เฟิร์สช้อยส์', 'กรุงศรีเฟิร์สช้อย', 'เฟิสช้อย', 'เฟริสช้อย']"
43244287,,,
43248193,Allianz Ayudhya,life,"['allianz', 'อลิอันซ์', 'อลิอันซ์อยุธยา', 'azay', 'อริอันซ์ อยุธยา', 'อลิอันช์', 'alianz ayudhya', 'az y']"
43248193,Allianz Ayudhya,life,"['allianz', 'อลิอันซ์', 'อลิอันซ์อยุธยา', 'azay', 'อริอันซ์ อยุธยา', 'อลิอันช์', 'alianz ayudhya', 'az y']"
43248193,AEON,broker,"['aeon', 'อิออน']"
43248193,AEON,broker,"['aeon', 'อิออน']"
43250816,วิริยะประกันภัย,non_life,"['วิริยะ', 'viriyah', 'วรย', 'วิริยา']"
43250816,วิริยะประกันภัย,non_life,"['วิริยะ', 'viriyah', 'วรย', 'วิริยา']"
43250816,Rabbit Finance,broker,"['rabbit', 'แรบบิท']"
43250816,Rabbit Finance,broker,"['rabbit', 'แรบบิท']"
43250880,Allianz Ayudhya,life,"['allianz', 'อลิอันซ์', 'อลิอันซ์อยุธยา', 'azay', 'อริอันซ์ อยุธยา', 'อลิอันช์', 'alianz ayudhya', 'az y']"
43252167,ไทยสมุทรประกันชีวิต,life,"['ไทยสมุทร', 'ocean life', 'ไทยสมุทรประกันชีวิต']"
43254571,เมืองไทยประกันชีวิต,life,"['เมืองไทยประกันชีวิต', 'เมืองไทย', 'muangthai', 'mtl', 'ประกันชีวิตสีชมพู']"
43254571,ไทยประกันชีวิต,life,"['ไทยประกันชีวิต', 'ไทยประกัน']"
43255445,Chubb,non_life,"['chubb', 'ชับบ์', 'chuub', 'ชับ สามัคคี']"
43257090,Chubb,non_life,"['chubb', 'ชับบ์', 'chuub', 'ชับ สามัคคี']"
43257295,,,
43259958,ธนชาตประกันภัย,non_life,"['ธนชาตประกันภัย', 'ธนชาต', 'ธนชาติ', 'ประกันภัยสีส้ม']"
43262796,AIA,life,"['aia', 'เอไอเอ']"
43264849,FWD,life,"['fwd', 'เอฟดับบลิวดี', 'fwd ประกันชีวิต']"
43267970,Chubb,non_life,"['chubb', 'ชับบ์', 'chuub', 'ชับ สามัคคี']"
43267970,Chubb,non_life,"['chubb', 'ชับบ์', 'chuub', 'ชับ สามัคคี']"
43267970,Cigna,life,"['cigna', 'ซิกน่า', 'ซิกม่า']"
43267970,Cigna,life,"['cigna', 'ซิกน่า', 'ซิกม่า']"
43271179,,,
43271392,ทิพยประกันภัย,non_life,"['ทิพย', 'ทิพยประกันภัย', 'dip', 'dhp', 'tip']"
43272202,,,
43275921,AIG,non_life,"['aig', 'เอไอจี']"
43275921,ทิพยประกันภัย,non_life,"['ทิพย', 'ทิพยประกันภัย', 'dip', 'dhp', 'tip']"
43277231,,,
43278587,,,
43278665,,,
43279116,,,
43279836,Chubb,non_life,"['chubb', 'ชับบ์', 'chuub', 'ชับ สามัคคี']"
43279836,Chubb,non_life,"['chubb', 'ชับบ์', 'chuub', 'ชับ สามัคคี']"
43279836,SCB,broker,"['scb', 'ไทยพาณิชย์', 'ไทยพานิชย์', 'ธนาคารสีม่วง', 'cardx']"
43279836,SCB,broker,"['scb', 'ไทยพาณิชย์', 'ไทยพานิชย์', 'ธนาคารสีม่วง', 'cardx']"
43281926,Generali,non_life,"['generali', 'เจนเนอราลี่']"
43281932,วิริยะประกันภัย,non_life,"['วิริยะ', 'viriyah', 'วรย', 'วิริยา']"
43282181,Chubb,non_life,"['chubb', 'ชับบ์', 'chuub', 'ชับ สามัคคี']"
43287357,Chubb,non_life,"['chubb', 'ชับบ์', 'chuub', 'ชับ สามัคคี']"
43287634,ธนชาตประกันภัย,non_life,"['ธนชาตประกันภัย', 'ธนชาต', 'ธนชาติ', 'ประกันภัยสีส้ม']"
43291182,,,
43291307,,,
43293863,Chubb,non_life,"['chubb', 'ชับบ์', 'chuub', 'ชับ สามัคคี']"
43294053,คุ้มภัยโตเกียวมารีน,non_life,"['ประกันคุ้มภัย', 'คุ้มภัย', 'คภ.', 'โตเกียวมารีน', 'tokio marine']"
43297950,Chubb,non_life,"['chubb', 'ชับบ์', 'chuub', 'ชับ สามัคคี']"
43299505,,,
43299647,AIA,life,"['aia', 'เอไอเอ']"
43306251,Krungthai AXA,non_life,"['กรุงไทยแอกซ่า', 'axa', 'แอกซ่า', 'แอกซา', 'เเอกซ่า', 'แอคซ่า', 'เเอคซา', 'กรุงไทยแอกซา', 'แอ๊คซ่า', 'แอ๊กซ่า', 'เเอกซ่า', 'axxa']"
43308617,AIA,life,"['aia', 'เอไอเอ']"
43309460,,,
43311835,วิริยะประกันภัย,non_life,"['วิริยะ', 'viriyah', 'วรย', 'วิริยา']"
43316704,เงินติดล้อ,broker,['เงินติดล้อ']
43320463,,,
43323040,ธนชาตประกันภัย,non_life,"['ธนชาตประกันภัย', 'ธนชาต', 'ธนชาติ', 'ประกันภัยสีส้ม']"
43323294,ไทยประกันชีวิต,life,"['ไทยประกันชีวิต', 'ไทยประกัน']"
43323294,ไทยประกันชีวิต,life,"['ไทยประกันชีวิต', 'ไทยประกัน']"
43323294,AEON,broker,"['aeon', 'อิออน']"
43323294,AEON,broker,"['aeon', 'อิออน']"
43330577,AIA,life,"['aia', 'เอไอเอ']"
43341437,,,
43341689,,,
43346645,Allianz Ayudhya,life,"['allianz', 'อลิอันซ์', 'อลิอันซ์อยุธยา', 'azay', 'อริอันซ์ อยุธยา', 'อลิอันช์', 'alianz ayudhya', 'az y']"
43352694,,,
43354897,,,
43356379,Generali,non_life,"['generali', 'เจนเนอราลี่']"
43363994,Chubb,non_life,"['chubb', 'ชับบ์', 'chuub', 'ชับ สามัคคี']"
43364121,Allianz Ayudhya,life,"['allianz', 'อลิอันซ์', 'อลิอันซ์อยุธยา', 'azay', 'อริอันซ์ อยุธยา', 'อลิอันช์', 'alianz ayudhya', 'az y']"
43366069,Krungthai AXA,non_life,"['กรุงไทยแอกซ่า', 'axa', 'แอกซ่า', 'แอกซา', 'เเอกซ่า', 'แอคซ่า', 'เเอคซา', 'กรุงไทยแอกซา', 'แอ๊คซ่า', 'แอ๊กซ่า', 'เเอกซ่า', 'axxa']"
43366069,MSIG,non_life,"['msig', 'เอ็มเอสไอจี']"
43366069,SOMPO,non_life,"['sompo', 'ซมโปะ']"
43378053,,,
43380270,TQM,broker,"['tqm', 'ทีคิวเอ็ม']"
43382629,กรุงเทพประกันภัย,non_life,"['กรุงเทพประกันภัย', 'bangkok insurance', 'กรุงเทพ', 'bki']"
43382629,Chubb,non_life,"['chubb', 'ชับบ์', 'chuub', 'ชับ สามัคคี']"
43385780,วิริยะประกันภัย,non_life,"['วิริยะ', 'viriyah', 'วรย', 'วิริยา']"
43385780,วิริยะประกันภัย,non_life,"['วิริยะ', 'viriyah', 'วรย', 'วิริยา']"
43385780,เมืองไทยประกันชีวิต,life,"['เมืองไทยประกันชีวิต', 'เมืองไทย', 'muangthai', 'mtl', 'ประกันชีวิตสีชมพู']"
43385780,เมืองไทยประกันชีวิต,life,"['เมืองไทยประกันชีวิต', 'เมืองไทย', 'muangthai', 'mtl', 'ประกันชีวิตสีชมพู']"
43385780,ไทยประกันชีวิต,life,"['ไทยประกันชีวิต', 'ไทยประกัน']"
43385780,ไทยประกันชีวิต,life,"['ไทยประกันชีวิต', 'ไทยประกัน']"
43385780,กรุงเทพประกันภัย,non_life,"['กรุงเทพประกันภัย', 'bangkok insurance', 'กรุงเทพ', 'bki']"
43385780,กรุงเทพประกันภัย,non_life,"['กรุงเทพประกันภัย', 'bangkok insurance', 'กรุงเทพ', 'bki']"
43385780,เมืองไทยประกันภัย,non_life,['เมืองไทยประกันภัย']
43385780,เมืองไทยประกันภัย,non_life,['เมืองไทยประกันภัย']
43385780,Krungthai AXA,non_life,"['กรุงไทยแอกซ่า', 'axa', 'แอกซ่า', 'แอกซา', 'เเอกซ่า', 'แอคซ่า', 'เเอคซา', 'กรุงไทยแอกซา', 'แอ๊คซ่า', 'แอ๊กซ่า', 'เเอกซ่า', 'axxa']"
43385780,Krungthai AXA,non_life,"['กรุงไทยแอกซ่า', 'axa', 'แอกซ่า', 'แอกซา', 'เเอกซ่า', 'แอคซ่า', 'เเอคซา', 'กรุงไทยแอกซา', 'แอ๊คซ่า', 'แอ๊กซ่า', 'เเอกซ่า', 'axxa']"
43385780,ไทยประกันภัย,non_life,['ไทยประกันภัย']
43385780,ไทยประกันภัย,non_life,['ไทยประกันภัย']
43386620,กรุงเทพประกันชีวิต,life,"['กรุงเทพประกันชีวิต', 'bangkok life', 'bblife']"
43386620,กรุงเทพประกันชีวิต,life,"['กรุงเทพประกันชีวิต', 'bangkok life', 'bblife']"
43386620,กรุงเทพประกันภัย,non_life,"['กรุงเทพประกันภัย', 'bangkok insurance', 'กรุงเทพ', 'bki']"
43386620,กรุงเทพประกันภัย,non_life,"['กรุงเทพประกันภัย', 'bangkok insurance', 'กรุงเทพ', 'bki']"
43397129,FWD,life,"['fwd', 'เอฟดับบลิวดี', 'fwd ประกันชีวิต']"
43397129,FWD,life,"['fwd', 'เอฟดับบลิวดี', 'fwd ประกันชีวิต']"
43397129,SCB,broker,"['scb', 'ไทยพาณิชย์', 'ไทยพานิชย์', 'ธนาคารสีม่วง', 'cardx']"
43397129,SCB,broker,"['scb', 'ไทยพาณิชย์', 'ไทยพานิชย์', 'ธนาคารสีม่วง', 'cardx']"
43397472,Chubb,non_life,"['chubb', 'ชับบ์', 'chuub', 'ชับ สามัคคี']"
43397472,Chubb,non_life,"['chubb', 'ชับบ์', 'chuub', 'ชับ สามัคคี']"
43397472,SCB,broker,"['scb', 'ไทยพาณิชย์', 'ไทยพานิชย์', 'ธนาคารสีม่วง', 'cardx']"
43397472,SCB,broker,"['scb', 'ไทยพาณิชย์', 'ไทยพานิชย์', 'ธนาคารสีม่วง', 'cardx']"
43399207,Krungthai AXA,non_life,"['กรุงไทยแอกซ่า', 'axa', 'แอกซ่า', 'แอกซา', 'เเอกซ่า', 'แอคซ่า', 'เเอคซา', 'กรุงไทยแอกซา', 'แอ๊คซ่า', 'แอ๊กซ่า', 'เเอกซ่า', 'axxa']"
43404078,,,
43406541,,,
43408192,Chubb,non_life,"['chubb', 'ชับบ์', 'chuub', 'ชับ สามัคคี']"
43410347,FWD,life,"['fwd', 'เอฟดับบลิวดี', 'fwd ประกันชีวิต']"
43410991,Allianz Ayudhya,life,"['allianz', 'อลิอันซ์', 'อลิอันซ์อยุธยา', 'azay', 'อริอันซ์ อยุธยา', 'อลิอันช์', 'alianz ayudhya', 'az y']"
43412917,,,
43412994,กสิกรไทย,broker,"['กสิกร', 'k bank', 'แบงค์เขียว']"
43415086,,,
43417809,,,
43418049,Allianz Ayudhya,life,"['allianz', 'อลิอันซ์', 'อลิอันซ์อยุธยา', 'azay', 'อริอันซ์ อยุธยา', 'อลิอันช์', 'alianz ayudhya', 'az y']"
43418519,Cigna,life,"['cigna', 'ซิกน่า', 'ซิกม่า']"
43425497,SCB,broker,"['scb', 'ไทยพาณิชย์', 'ไทยพานิชย์', 'ธนาคารสีม่วง', 'cardx']"
43429585,,,
43434663,MSIG,non_life,"['msig', 'เอ็มเอสไอจี']"
43438037,AIA,life,"['aia', 'เอไอเอ']"
43444878,FWD,life,"['fwd', 'เอฟดับบลิวดี', 'fwd ประกันชีวิต']"
43444878,FWD,life,"['fwd', 'เอฟดับบลิวดี', 'fwd ประกันชีวิต']"
43444878,SCB,broker,"['scb', 'ไทยพาณิชย์', 'ไทยพานิชย์', 'ธนาคารสีม่วง', 'cardx']"
43444878,SCB,broker,"['scb', 'ไทยพาณิชย์', 'ไทยพานิชย์', 'ธนาคารสีม่วง', 'cardx']"
43447055,Allianz Ayudhya,life,"['allianz', 'อลิอันซ์', 'อลิอันซ์อยุธยา', 'azay', 'อริอันซ์ อยุธยา', 'อลิอันช์', 'alianz ayudhya', 'az y']"
43447662,,,
43448523,Chubb,non_life,"['chubb', 'ชับบ์', 'chuub', 'ชับ สามัคคี']"
43448869,Chubb,non_life,"['chubb', 'ชับบ์', 'chuub', 'ชับ สามัคคี']"
43450528,,,
43450952,กรุงเทพประกันภัย,non_life,"['กรุงเทพประกันภัย', 'bangkok insurance', 'กรุงเทพ', 'bki']"
43450952,กรุงเทพประกันภัย,non_life,"['กรุงเทพประกันภัย', 'bangkok insurance', 'กรุงเทพ', 'bki']"
43450952,ธนาคารกรุงเทพ,broker,"['ธนาคารกรุงเทพ', 'บัวหลวง']"
43450952,ธนาคารกรุงเทพ,broker,"['ธนาคารกรุงเทพ', 'บัวหลวง']"
43455344,Chubb,non_life,"['chubb', 'ชับบ์', 'chuub', 'ชับ สามัคคี']"
43455344,Chubb,non_life,"['chubb', 'ชับบ์', 'chuub', 'ชับ สามัคคี']"
43455344,SCB,broker,"['scb', 'ไทยพาณิชย์', 'ไทยพานิชย์', 'ธนาคารสีม่วง', 'cardx']"
43455344,SCB,broker,"['scb', 'ไทยพาณิชย์', 'ไทยพานิชย์', 'ธนาคารสีม่วง', 'cardx']"
43460735,วิริยะประกันภัย,non_life,"['วิริยะ', 'viriyah', 'วรย', 'วิริยา']"
43460735,กรุงเทพประกันภัย,non_life,"['กรุงเทพประกันภัย', 'bangkok insurance', 'กรุงเทพ', 'bki']"
43460735,ทิพยประกันภัย,non_life,"['ทิพย', 'ทิพยประกันภัย', 'dip', 'dhp', 'tip']"
43466229,,,
43467624,กรุงเทพประกันภัย,non_life,"['กรุงเทพประกันภัย', 'bangkok insurance', 'กรุงเทพ', 'bki']"
43472340,FWD,life,"['fwd', 'เอฟดับบลิวดี', 'fwd ประกันชีวิต']"
43472340,FWD,life,"['fwd', 'เอฟดับบลิวดี', 'fwd ประกันชีวิต']"
43472340,SCB,broker,"['scb', 'ไทยพาณิชย์', 'ไทยพานิชย์', 'ธนาคารสีม่วง', 'cardx']"
43472340,SCB,broker,"['scb', 'ไทยพาณิชย์', 'ไทยพานิชย์', 'ธนาคารสีม่วง', 'cardx']"
43473477,Allianz Ayudhya,life,"['allianz', 'อลิอันซ์', 'อลิอันซ์อยุธยา', 'azay', 'อริอันซ์ อยุธยา', 'อลิอันช์', 'alianz ayudhya', 'az y']"
43474256,Allianz Ayudhya,life,"['allianz', 'อลิอันซ์', 'อลิอันซ์อยุธยา', 'azay', 'อริอันซ์ อยุธยา', 'อลิอันช์', 'alianz ayudhya', 'az y']"
43480273,,,
43480893,ทิพยประกันภัย,non_life,"['ทิพย', 'ทิพยประกันภัย', 'dip', 'dhp', 'tip']"
43485337,,,
43488551,,,
43492572,ไทยวิวัฒน์,non_life,"['ไทยวิวัฒน์', 'thaivivat', 'ไทยวิวัตน์']"
43493141,Chubb,non_life,"['chubb', 'ชับบ์', 'chuub', 'ชับ สามัคคี']"
43496799,กรุงเทพประกันภัย,non_life,"['กรุงเทพประกันภัย', 'bangkok insurance', 'กรุงเทพ', 'bki']"
43496882,Chubb,non_life,"['chubb', 'ชับบ์', 'chuub', 'ชับ สามัคคี']"
43497472,,,
43497619,,,
43498767,Chubb,non_life,"['chubb', 'ชับบ์', 'chuub', 'ชับ สามัคคี']"
43499684,กรุงไทยพานิชประกันภัย,non_life,"['kpi', 'กรุงไทยประกันภัย', 'กรุงไทย ธนวัฏ', 'กรุงไทยพานิช']"
43503584,Krungthai AXA,non_life,"['กรุงไทยแอกซ่า', 'axa', 'แอกซ่า', 'แอกซา', 'เเอกซ่า', 'แอคซ่า', 'เเอคซา', 'กรุงไทยแอกซา', 'แอ๊คซ่า', 'แอ๊กซ่า', 'เเอกซ่า', 'axxa']"
43511478,,,
43511585,Chubb,non_life,"['chubb', 'ชับบ์', 'chuub', 'ชับ สามัคคี']"
43511653,ไทยวิวัฒน์,non_life,"['ไทยวิวัฒน์', 'thaivivat', 'ไทยวิวัตน์']"
43515739,,,
43516196,ธนาคารอาคารสงเคราะห์,broker,"['ธ.อ.ส.', 'ธอส']"
43517850,Rabbit Finance,broker,"['rabbit', 'แรบบิท']"
43517850,Rabbit Finance,broker,"['rabbit', 'แรบบิท']"
43517850,ทิพยประกันภัย,non_life,"['ทิพย', 'ทิพยประกันภัย', 'dip', 'dhp', 'tip']"
43517850,ทิพยประกันภัย,non_life,"['ทิพย', 'ทิพยประกันภัย', 'dip', 'dhp', 'tip']"
43526988,รู้ใจประกันภัย,non_life,"['รู้ใจประกันภัย', 'ประกันรู้ใจ', 'ประกันจิงโจ้', 'roo jai', 'roojai']"
43527917,Krungthai AXA,non_life,"['กรุงไทยแอกซ่า', 'axa', 'แอกซ่า', 'แอกซา', 'เเอกซ่า', 'แอคซ่า', 'เเอคซา', 'กรุงไทยแอกซา', 'แอ๊คซ่า', 'แอ๊กซ่า', 'เเอกซ่า', 'axxa']"
43532646,,,
43535241,Chubb,non_life,"['chubb', 'ชับบ์', 'chuub', 'ชับ สามัคคี']"
43536635,,,
43539880,ไทยไพบูลย์,non_life,"['ไทยไพบูลย์', 'ไทยไพบูร']"
43541300,กรุงเทพประกันชีวิต,life,"['กรุงเทพประกันชีวิต', 'bangkok life', 'bblife']"
43541300,กรุงเทพประกันชีวิต,life,"['กรุงเทพประกันชีวิต', 'bangkok life', 'bblife']"
43541300,กรุงเทพประกันภัย,non_life,"['กรุงเทพประกันภัย', 'bangkok insurance', 'กรุงเทพ', 'bki']"
43541300,กรุงเทพประกันภัย,non_life,"['กรุงเทพประกันภัย', 'bangkok insurance', 'กรุงเทพ', 'bki']"
43543520,FWD,life,"['fwd', 'เอฟดับบลิวดี', 'fwd ประกันชีวิต']"
43544071,TLG,broker,"['TLG', 'ทีแอลจี']"
43545783,Generali,non_life,"['generali', 'เจนเนอราลี่']"
43547615,,,
43548499,Allianz Ayudhya,life,"['allianz', 'อลิอันซ์', 'อลิอันซ์อยุธยา', 'azay', 'อริอันซ์ อยุธยา', 'อลิอันช์', 'alianz ayudhya', 'az y']"
43549439,Krungthai AXA,non_life,"['กรุงไทยแอกซ่า', 'axa', 'แอกซ่า', 'แอกซา', 'เเอกซ่า', 'แอคซ่า', 'เเอคซา', 'กรุงไทยแอกซา', 'แอ๊คซ่า', 'แอ๊กซ่า', 'เเอกซ่า', 'axxa']"
43550264,ธนชาตประกันภัย,non_life,"['ธนชาตประกันภัย', 'ธนชาต', 'ธนชาติ', 'ประกันภัยสีส้ม']"
43550264,ธนชาตประกันภัย,non_life,"['ธนชาตประกันภัย', 'ธนชาต', 'ธนชาติ', 'ประกันภัยสีส้ม']"
43550264,ทหารไทยธนชาต,broker,"['ทหารไทยธนชาต', 'ttb', 'tmb', 'ธนาคารทหารไทย', 'ทหารไทย']"
43550264,ทหารไทยธนชาต,broker,"['ทหารไทยธนชาต', 'ttb', 'tmb', 'ธนาคารทหารไทย', 'ทหารไทย']"
43550377,ทิพยประกันภัย,non_life,"['ทิพย', 'ทิพยประกันภัย', 'dip', 'dhp', 'tip']"
43551214,,,
43552364,ทิพยประกันภัย,non_life,"['ทิพย', 'ทิพยประกันภัย', 'dip', 'dhp', 'tip']"
43552957,,,
43554730,ทิพยประกันภัย,non_life,"['ทิพย', 'ทิพยประกันภัย', 'dip', 'dhp', 'tip']"
43554912,,,
43555630,วิริยะประกันภัย,non_life,"['วิริยะ', 'viriyah', 'วรย', 'วิริยา']"
43557730,Chubb,non_life,"['chubb', 'ชับบ์', 'chuub', 'ชับ สามัคคี']"
43557730,Chubb,non_life,"['chubb', 'ชับบ์', 'chuub', 'ชับ สามัคคี']"
43557730,SCB,broker,"['scb', 'ไทยพาณิชย์', 'ไทยพานิชย์', 'ธนาคารสีม่วง', 'cardx']"
43557730,SCB,broker,"['scb', 'ไทยพาณิชย์', 'ไทยพานิชย์', 'ธนาคารสีม่วง', 'cardx']"
43559299,ANC,broker,"['anc', 'เอเอ็นซี']"
43560286,,,
43560334,ไทยไพบูลย์,non_life,"['ไทยไพบูลย์', 'ไทยไพบูร']"
43561108,FWD,life,"['fwd', 'เอฟดับบลิวดี', 'fwd ประกันชีวิต']"
43561108,FWD,life,"['fwd', 'เอฟดับบลิวดี', 'fwd ประกันชีวิต']"
43561108,อินทรประกันภัย,non_life,['อินทร']
43561108,อินทรประกันภัย,non_life,['อินทร']
43562088,,,
43562964,Chubb,non_life,"['chubb', 'ชับบ์', 'chuub', 'ชับ สามัคคี']"
43563758,ไทยวิวัฒน์,non_life,"['ไทยวิวัฒน์', 'thaivivat', 'ไทยวิวัตน์']"
43564917,ทิพยประกันภัย,non_life,"['ทิพย', 'ทิพยประกันภัย', 'dip', 'dhp', 'tip']"
43565167,ไทยประกันชีวิต,life,"['ไทยประกันชีวิต', 'ไทยประกัน']"
43566597,Krungthai AXA,non_life,"['กรุงไทยแอกซ่า', 'axa', 'แอกซ่า', 'แอกซา', 'เเอกซ่า', 'แอคซ่า', 'เเอคซา', 'กรุงไทยแอกซา', 'แอ๊คซ่า', 'แอ๊กซ่า', 'เเอกซ่า', 'axxa']"
43566776,Chubb,non_life,"['chubb', 'ชับบ์', 'chuub', 'ชับ สามัคคี']"
43568247,ทิพยประกันภัย,non_life,"['ทิพย', 'ทิพยประกันภัย', 'dip', 'dhp', 'tip']"
43570094,ไทยวิวัฒน์,non_life,"['ไทยวิวัฒน์', 'thaivivat', 'ไทยวิวัตน์']"
43570094,ไทยวิวัฒน์,non_life,"['ไทยวิวัฒน์', 'thaivivat', 'ไทยวิวัตน์']"
43570094,TQM,broker,"['tqm', 'ทีคิวเอ็ม']"
43570094,TQM,broker,"['tqm', 'ทีคิวเอ็ม']"
43570201,AIA,life,"['aia', 'เอไอเอ']"
43570661,Chubb,non_life,"['chubb', 'ชับบ์', 'chuub', 'ชับ สามัคคี']"
43572292,เทเวศประกันภัย,non_life,['เทเวศ']
43572723,ทิพยประกันภัย,non_life,"['ทิพย', 'ทิพยประกันภัย', 'dip', 'dhp', 'tip']"
43573866,Chubb,non_life,"['chubb', 'ชับบ์', 'chuub', 'ชับ สามัคคี']"
43574951,กรุงเทพประกันภัย,non_life,"['กรุงเทพประกันภัย', 'bangkok insurance', 'กรุงเทพ', 'bki']"
43574951,กรุงเทพประกันภัย,non_life,"['กรุงเทพประกันภัย', 'bangkok insurance', 'กรุงเทพ', 'bki']"
43574951,Rabbit Finance,broker,"['rabbit', 'แรบบิท']"
43574951,Rabbit Finance,broker,"['rabbit', 'แรบบิท']"
43575449,,,
43578117,FWD,life,"['fwd', 'เอฟดับบลิวดี', 'fwd ประกันชีวิต']"
43580523,ทิพยประกันภัย,non_life,"['ทิพย', 'ทิพยประกันภัย', 'dip', 'dhp', 'tip']"
43581105,FWD,life,"['fwd', 'เอฟดับบลิวดี', 'fwd ประกันชีวิต']"
43581105,FWD,life,"['fwd', 'เอฟดับบลิวดี', 'fwd ประกันชีวิต']"
43581105,FWD,life,"['fwd', 'เอฟดับบลิวดี', 'fwd ประกันชีวิต']"
43581105,วิริยะประกันภัย,non_life,"['วิริยะ', 'viriyah', 'วรย', 'วิริยา']"
43581105,วิริยะประกันภัย,non_life,"['วิริยะ', 'viriyah', 'วรย', 'วิริยา']"
43581105,วิริยะประกันภัย,non_life,"['วิริยะ', 'viriyah', 'วรย', 'วิริยา']"
43581105,ทิพยประกันภัย,non_life,"['ทิพย', 'ทิพยประกันภัย', 'dip', 'dhp', 'tip']"
43581105,ทิพยประกันภัย,non_life,"['ทิพย', 'ทิพยประกันภัย', 'dip', 'dhp', 'tip']"
43581105,ทิพยประกันภัย,non_life,"['ทิพย', 'ทิพยประกันภัย', 'dip', 'dhp', 'tip']"
43581105,SCB,broker,"['scb', 'ไทยพาณิชย์', 'ไทยพานิชย์', 'ธนาคารสีม่วง', 'cardx']"
43581105,SCB,broker,"['scb', 'ไทยพาณิชย์', 'ไทยพานิชย์', 'ธนาคารสีม่วง', 'cardx']"
43581105,SCB,broker,"['scb', 'ไทยพาณิชย์', 'ไทยพานิชย์', 'ธนาคารสีม่วง', 'cardx']"
43581587,,,
43581714,Chubb,non_life,"['chubb', 'ชับบ์', 'chuub', 'ชับ สามัคคี']"
43581714,Chubb,non_life,"['chubb', 'ชับบ์', 'chuub', 'ชับ สามัคคี']"
43581714,SCB,broker,"['scb', 'ไทยพาณิชย์', 'ไทยพานิชย์', 'ธนาคารสีม่วง', 'cardx']"
43581714,SCB,broker,"['scb', 'ไทยพาณิชย์', 'ไทยพานิชย์', 'ธนาคารสีม่วง', 'cardx']"
43581714,ANC,broker,"['anc', 'เอเอ็นซี']"
43581714,ANC,broker,"['anc', 'เอเอ็นซี']"
43582204,Chubb,non_life,"['chubb', 'ชับบ์', 'chuub', 'ชับ สามัคคี']"
43582228,,,
43582237,Chubb,non_life,"['chubb', 'ชับบ์', 'chuub', 'ชับ สามัคคี']"
43582237,Chubb,non_life,"['chubb', 'ชับบ์', 'chuub', 'ชับ สามัคคี']"
43582237,SCB,broker,"['scb', 'ไทยพาณิชย์', 'ไทยพานิชย์', 'ธนาคารสีม่วง', 'cardx']"
43582237,SCB,broker,"['scb', 'ไทยพาณิชย์', 'ไทยพานิชย์', 'ธนาคารสีม่วง', 'cardx']"
43582769,,,
43583134,,,
43583191,ทิพยประกันภัย,non_life,"['ทิพย', 'ทิพยประกันภัย', 'dip', 'dhp', 'tip']"
43583481,ไทยประกันชีวิต,life,"['ไทยประกันชีวิต', 'ไทยประกัน']"
43583600,FWD,life,"['fwd', 'เอฟดับบลิวดี', 'fwd ประกันชีวิต']"
43583818,SOMPO,non_life,"['sompo', 'ซมโปะ']"
43584619,AIA,life,"['aia', 'เอไอเอ']"
43585779,Chubb,non_life,"['chubb', 'ชับบ์', 'chuub', 'ชับ สามัคคี']"
43586185,,,
43588334,ทิพยประกันภัย,non_life,"['ทิพย', 'ทิพยประกันภัย', 'dip', 'dhp', 'tip']"
43588334,ทิพยประกันภัย,non_life,"['ทิพย', 'ทิพยประกันภัย', 'dip', 'dhp', 'tip']"
43588334,TQM,broker,"['tqm', 'ทีคิวเอ็ม']"
43588334,TQM,broker,"['tqm', 'ทีคิวเอ็ม']"
43588334,ธนาคารอาคารสงเคราะห์,broker,"['ธ.อ.ส.', 'ธอส']"
43588334,ธนาคารอาคารสงเคราะห์,broker,"['ธ.อ.ส.', 'ธอส']"
43588414,Chubb,non_life,"['chubb', 'ชับบ์', 'chuub', 'ชับ สามัคคี']"
43588414,Chubb,non_life,"['chubb', 'ชับบ์', 'chuub', 'ชับ สามัคคี']"
43588414,ทหารไทยธนชาต,broker,"['ทหารไทยธนชาต', 'ttb', 'tmb', 'ธนาคารทหารไทย', 'ทหารไทย']"
43588414,ทหารไทยธนชาต,broker,"['ทหารไทยธนชาต', 'ttb', 'tmb', 'ธนาคารทหารไทย', 'ทหารไทย']"
43590570,กรุงไทยพานิชประกันภัย,non_life,"['kpi', 'กรุงไทยประกันภัย', 'กรุงไทย ธนวัฏ', 'กรุงไทยพานิช']"
43592013,,,
43593359,ไทยไพบูลย์,non_life,"['ไทยไพบูลย์', 'ไทยไพบูร']"
43593359,ไทยไพบูลย์,non_life,"['ไทยไพบูลย์', 'ไทยไพบูร']"
43593359,AEON,broker,"['aeon', 'อิออน']"
43593359,AEON,broker,"['aeon', 'อิออน']"
43593891,,,
43594889,,,
43595337,วิริยะประกันภัย,non_life,"['วิริยะ', 'viriyah', 'วรย', 'วิริยา']"
43595337,ไทยวิวัฒน์,non_life,"['ไทยวิวัฒน์', 'thaivivat', 'ไทยวิวัตน์']"
43597857,ทิพยประกันภัย,non_life,"['ทิพย', 'ทิพยประกันภัย', 'dip', 'dhp', 'tip']"
43599086,,,
43599891,,,
43602042,Krungthai AXA,non_life,"['กรุงไทยแอกซ่า', 'axa', 'แอกซ่า', 'แอกซา', 'เเอกซ่า', 'แอคซ่า', 'เเอคซา', 'กรุงไทยแอกซา', 'แอ๊คซ่า', 'แอ๊กซ่า', 'เเอกซ่า', 'axxa']"
43604578,AIA,life,"['aia', 'เอไอเอ']"
43609143,ทิพยประกันภัย,non_life,"['ทิพย', 'ทิพยประกันภัย', 'dip', 'dhp', 'tip']"
43609439,,,
43609630,ทิพยประกันภัย,non_life,"['ทิพย', 'ทิพยประกันภัย', 'dip', 'dhp', 'tip']"
43609630,ธนชาตประกันภัย,non_life,"['ธนชาตประกันภัย', 'ธนชาต', 'ธนชาติ', 'ประกันภัยสีส้ม']"
43609747,AIA,life,"['aia', 'เอไอเอ']"
43609747,AIA,life,"['aia', 'เอไอเอ']"
43609747,Allianz Ayudhya,life,"['allianz', 'อลิอันซ์', 'อลิอันซ์อยุธยา', 'azay', 'อริอันซ์ อยุธยา', 'อลิอันช์', 'alianz ayudhya', 'az y']"
43609747,Allianz Ayudhya,life,"['allianz', 'อลิอันซ์', 'อลิอันซ์อยุธยา', 'azay', 'อริอันซ์ อยุธยา', 'อลิอันช์', 'alianz ayudhya', 'az y']"
43609747,Chubb,non_life,"['chubb', 'ชับบ์', 'chuub', 'ชับ สามัคคี']"
43609747,Chubb,non_life,"['chubb', 'ชับบ์', 'chuub', 'ชับ สามัคคี']"
43614844,คุ้มภัยโตเกียวมารีน,non_life,"['ประกันคุ้มภัย', 'คุ้มภัย', 'คภ.', 'โตเกียวมารีน', 'tokio marine']"
43616503,Chubb,non_life,"['chubb', 'ชับบ์', 'chuub', 'ชับ สามัคคี']"
43616873,,,
43618373,,,
43618615,Chubb,non_life,"['chubb', 'ชับบ์', 'chuub', 'ชับ สามัคคี']"
43618773,,,
43618950,Allianz Ayudhya,life,"['allianz', 'อลิอันซ์', 'อลิอันซ์อยุธยา', 'azay', 'อริอันซ์ อยุธยา', 'อลิอันช์', 'alianz ayudhya', 'az y']"
43618950,Allianz Ayudhya,life,"['allianz', 'อลิอันซ์', 'อลิอันซ์อยุธยา', 'azay', 'อริอันซ์ อยุธยา', 'อลิอันช์', 'alianz ayudhya', 'az y']"
43618950,ทหารไทยธนชาต,broker,"['ทหารไทยธนชาต', 'ttb', 'tmb', 'ธนาคารทหารไทย', 'ทหารไทย']"
43618950,ทหารไทยธนชาต,broker,"['ทหารไทยธนชาต', 'ttb', 'tmb', 'ธนาคารทหารไทย', 'ทหารไทย']"
43625454,,,
43625513,ไทยวิวัฒน์,non_life,"['ไทยวิวัฒน์', 'thaivivat', 'ไทยวิวัตน์']"
43626907,,,
43627009,ทิพยประกันภัย,non_life,"['ทิพย', 'ทิพยประกันภัย', 'dip', 'dhp', 'tip']"
43628652,ทิพยประกันภัย,non_life,"['ทิพย', 'ทิพยประกันภัย', 'dip', 'dhp', 'tip']"
43630218,,,
43632531,วิริยะประกันภัย,non_life,"['วิริยะ', 'viriyah', 'วรย', 'วิริยา']"
43632531,กรุงเทพประกันภัย,non_life,"['กรุงเทพประกันภัย', 'bangkok insurance', 'กรุงเทพ', 'bki']"
43632531,ธนชาตประกันภัย,non_life,"['ธนชาตประกันภัย', 'ธนชาต', 'ธนชาติ', 'ประกันภัยสีส้ม']"
43634018,ไทยประกันชีวิต,life,"['ไทยประกันชีวิต', 'ไทยประกัน']"
43634466,Chubb,non_life,"['chubb', 'ชับบ์', 'chuub', 'ชับ สามัคคี']"
43634811,Chubb,non_life,"['chubb', 'ชับบ์', 'chuub', 'ชับ สามัคคี']"
43634811,Chubb,non_life,"['chubb', 'ชับบ์', 'chuub', 'ชับ สามัคคี']"
43634811,SCB Protect,broker,"['scb protect', 'scb ประกัน', 'ไทยพาณิชย์ประกัน']"
43634811,SCB Protect,broker,"['scb protect', 'scb ประกัน', 'ไทยพาณิชย์ประกัน']"
43634811,SCB,broker,"['scb', 'ไทยพาณิชย์', 'ไทยพานิชย์', 'ธนาคารสีม่วง', 'cardx']"
43634811,SCB,broker,"['scb', 'ไทยพาณิชย์', 'ไทยพานิชย์', 'ธนาคารสีม่วง', 'cardx']"
43635186,Chubb,non_life,"['chubb', 'ชับบ์', 'chuub', 'ชับ สามัคคี']"
43635186,ทิพยประกันภัย,non_life,"['ทิพย', 'ทิพยประกันภัย', 'dip', 'dhp', 'tip']"
43635925,กรุงเทพประกันภัย,non_life,"['กรุงเทพประกันภัย', 'bangkok insurance', 'กรุงเทพ', 'bki']"
43636031,,,
43640167,ทิพยประกันภัย,non_life,"['ทิพย', 'ทิพยประกันภัย', 'dip', 'dhp', 'tip']"
43643127,Chubb,non_life,"['chubb', 'ชับบ์', 'chuub', 'ชับ สามัคคี']"
43643693,Krungthai AXA,non_life,"['กรุงไทยแอกซ่า', 'axa', 'แอกซ่า', 'แอกซา', 'เเอกซ่า', 'แอคซ่า', 'เเอคซา', 'กรุงไทยแอกซา', 'แอ๊คซ่า', 'แอ๊กซ่า', 'เเอกซ่า', 'axxa']"
43643739,,,
43643909,Krungthai AXA,non_life,"['กรุงไทยแอกซ่า', 'axa', 'แอกซ่า', 'แอกซา', 'เเอกซ่า', 'แอคซ่า', 'เเอคซา', 'กรุงไทยแอกซา', 'แอ๊คซ่า', 'แอ๊กซ่า', 'เเอกซ่า', 'axxa']"
43643909,Krungthai AXA,non_life,"['กรุงไทยแอกซ่า', 'axa', 'แอกซ่า', 'แอกซา', 'เเอกซ่า', 'แอคซ่า', 'เเอคซา', 'กรุงไทยแอกซา', 'แอ๊คซ่า', 'แอ๊กซ่า', 'เเอกซ่า', 'axxa']"
43643909,AIA,life,"['aia', 'เอไอเอ']"
43643909,AIA,life,"['aia', 'เอไอเอ']"
43643973,,,
43644673,Chubb,non_life,"['chubb', 'ชับบ์', 'chuub', 'ชับ สามัคคี']"
43646425,,,
43648245,รู้ใจประกันภัย,non_life,"['รู้ใจประกันภัย', 'ประกันรู้ใจ', 'ประกันจิงโจ้', 'roo jai', 'roojai']"
43648245,ทิพยประกันภัย,non_life,"['ทิพย', 'ทิพยประกันภัย', 'dip', 'dhp', 'tip']"
43648245,สินมั่นคง,non_life,"['สินมั่นคง', 'สินมั่งคง']"
43648686,Allianz Ayudhya,life,"['allianz', 'อลิอันซ์', 'อลิอันซ์อยุธยา', 'azay', 'อริอันซ์ อยุธยา', 'อลิอันช์', 'alianz ayudhya', 'az y']"
43648710,Krungthai AXA,non_life,"['กรุงไทยแอกซ่า', 'axa', 'แอกซ่า', 'แอกซา', 'เเอกซ่า', 'แอคซ่า', 'เเอคซา', 'กรุงไทยแอกซา', 'แอ๊คซ่า', 'แอ๊กซ่า', 'เเอกซ่า', 'axxa']"
43649966,ANC,broker,"['anc', 'เอเอ็นซี']"
43651251,Chubb,non_life,"['chubb', 'ชับบ์', 'chuub', 'ชับ สามัคคี']"
43651747,Chubb,non_life,"['chubb', 'ชับบ์', 'chuub', 'ชับ สามัคคี']"
43651918,ทิพยประกันภัย,non_life,"['ทิพย', 'ทิพยประกันภัย', 'dip', 'dhp', 'tip']"
43652575,Chubb,non_life,"['chubb', 'ชับบ์', 'chuub', 'ชับ สามัคคี']"
43659461,Krungthai AXA,non_life,"['กรุงไทยแอกซ่า', 'axa', 'แอกซ่า', 'แอกซา', 'เเอกซ่า', 'แอคซ่า', 'เเอคซา', 'กรุงไทยแอกซา', 'แอ๊คซ่า', 'แอ๊กซ่า', 'เเอกซ่า', 'axxa']"
43663355,,,
43663656,ทิพยประกันภัย,non_life,"['ทิพย', 'ทิพยประกันภัย', 'dip', 'dhp', 'tip']"
43663656,สินมั่นคง,non_life,"['สินมั่นคง', 'สินมั่งคง']"
43663656,รู้ใจประกันภัย,non_life,"['รู้ใจประกันภัย', 'ประกันรู้ใจ', 'ประกันจิงโจ้', 'roo jai', 'roojai']"
43665682,ธนชาตประกันภัย,non_life,"['ธนชาตประกันภัย', 'ธนชาต', 'ธนชาติ', 'ประกันภัยสีส้ม']"
43666205,,,
43666226,FWD,life,"['fwd', 'เอฟดับบลิวดี', 'fwd ประกันชีวิต']"
43666226,FWD,life,"['fwd', 'เอฟดับบลิวดี', 'fwd ประกันชีวิต']"
43666226,SCB,broker,"['scb', 'ไทยพาณิชย์', 'ไทยพานิชย์', 'ธนาคารสีม่วง', 'cardx']"
43666226,SCB,broker,"['scb', 'ไทยพาณิชย์', 'ไทยพานิชย์', 'ธนาคารสีม่วง', 'cardx']"
43666983,ทิพยประกันภัย,non_life,"['ทิพย', 'ทิพยประกันภัย', 'dip', 'dhp', 'tip']"
43668832,,,
43670007,ทิพยประกันภัย,non_life,"['ทิพย', 'ทิพยประกันภัย', 'dip', 'dhp', 'tip']"
43671253,,,
43671424,Chubb,non_life,"['chubb', 'ชับบ์', 'chuub', 'ชับ สามัคคี']"
43671424,Chubb,non_life,"['chubb', 'ชับบ์', 'chuub', 'ชับ สามัคคี']"
43671424,ธนาคารกรุงไทย,broker,['ธนาคารกรุงไทย']
43671424,ธนาคารกรุงไทย,broker,['ธนาคารกรุงไทย']
43672582,ไทยวิวัฒน์,non_life,"['ไทยวิวัฒน์', 'thaivivat', 'ไทยวิวัตน์']"
43673090,,,
43673093,Chubb,non_life,"['chubb', 'ชับบ์', 'chuub', 'ชับ สามัคคี']"
43673122,Chubb,non_life,"['chubb', 'ชับบ์', 'chuub', 'ชับ สามัคคี']"
43673491,กรุงเทพประกันภัย,non_life,"['กรุงเทพประกันภัย', 'bangkok insurance', 'กรุงเทพ', 'bki']"
43673992,,,
43675596,,,
43677528,,,
43679795,ทิพยประกันภัย,non_life,"['ทิพย', 'ทิพยประกันภัย', 'dip', 'dhp', 'tip']"
43682338,AIA,life,"['aia', 'เอไอเอ']"
43682338,AIA,life,"['aia', 'เอไอเอ']"
43682338,กสิกรไทย,broker,"['กสิกร', 'k bank', 'แบงค์เขียว']"
43682338,กสิกรไทย,broker,"['กสิกร', 'k bank', 'แบงค์เขียว']"
43685408,Chubb,non_life,"['chubb', 'ชับบ์', 'chuub', 'ชับ สามัคคี']"
43687059,Allianz Ayudhya,life,"['allianz', 'อลิอันซ์', 'อลิอันซ์อยุธยา', 'azay', 'อริอันซ์ อยุธยา', 'อลิอันช์', 'alianz ayudhya', 'az y']"
43690175,วิริยะประกันภัย,non_life,"['วิริยะ', 'viriyah', 'วรย', 'วิริยา']"
43690388,FWD,life,"['fwd', 'เอฟดับบลิวดี', 'fwd ประกันชีวิต']"
43691323,Allianz Ayudhya,life,"['allianz', 'อลิอันซ์', 'อลิอันซ์อยุธยา', 'azay', 'อริอันซ์ อยุธยา', 'อลิอันช์', 'alianz ayudhya', 'az y']"
43691434,,,
43691938,ทิพยประกันภัย,non_life,"['ทิพย', 'ทิพยประกันภัย', 'dip', 'dhp', 'tip']"
43691938,ทิพยประกันภัย,non_life,"['ทิพย', 'ทิพยประกันภัย', 'dip', 'dhp', 'tip']"
43691938,ธนาคารออมสิน,broker,"['GSB', 'ออมสิน']"
43691938,ธนาคารออมสิน,broker,"['GSB', 'ออมสิน']"
43693388,,,
43693508,,,
43694338,วิริยะประกันภัย,non_life,"['วิริยะ', 'viriyah', 'วรย', 'วิริยา']"
43696280,วิริยะประกันภัย,non_life,"['วิริยะ', 'viriyah', 'วรย', 'วิริยา']"
43698223,,,
43699157,ทิพยประกันภัย,non_life,"['ทิพย', 'ทิพยประกันภัย', 'dip', 'dhp', 'tip']"
43699658,AIOI,non_life,"['aioi', 'ไอโออิ']"
43705867,Chubb,non_life,"['chubb', 'ชับบ์', 'chuub', 'ชับ สามัคคี']"
43706270,Chubb,non_life,"['chubb', 'ชับบ์', 'chuub', 'ชับ สามัคคี']"
43706270,Chubb,non_life,"['chubb', 'ชับบ์', 'chuub', 'ชับ สามัคคี']"
43706270,SCB Protect,broker,"['scb protect', 'scb ประกัน', 'ไทยพาณิชย์ประกัน']"
43706270,SCB Protect,broker,"['scb protect', 'scb ประกัน', 'ไทยพาณิชย์ประกัน']"
43706270,SCB,broker,"['scb', 'ไทยพาณิชย์', 'ไทยพานิชย์', 'ธนาคารสีม่วง', 'cardx']"
43706270,SCB,broker,"['scb', 'ไทยพาณิชย์', 'ไทยพานิชย์', 'ธนาคารสีม่วง', 'cardx']"
43708929,Chubb,non_life,"['chubb', 'ชับบ์', 'chuub', 'ชับ สามัคคี']"
43711619,,,
